Jammer_X,Jammer_Y,Initial_X1,Initial_Y1,Initial_X2,Initial_Y2,Initial_X3,Initial_Y3,Initial_X4,Initial_Y4,Predicted_Final_X1,Predicted_Final_Y1,Predicted_Final_X2,Predicted_Final_Y2,Predicted_Final_X3,Predicted_Final_Y3,Predicted_Final_X4,Predicted_Final_Y4,Real_Final_X1,Real_Final_Y1,Real_Final_X2,Real_Final_Y2,Real_Final_X3,Real_Final_Y3,Real_Final_X4,Real_Final_Y4
0.0,500.0,12.185706071055533,9.871360616351224,38.18921908201288,21.308982164732328,58.72518985345108,37.79540027620673,2.5780299027295883,43.858517242007046,60.0,40.0,60.0,40.0,60.0,40.0,60.0,40.0,100.24204163336344,12.883779751853924,102.68070767645916,15.273542670186917,91.8637447619438,11.667142782466875,96.52241512872595,11.758120057581657
0.0,500.0,35.82627493799728,53.58846969708266,43.20819699126219,7.507231169927746,11.735130422584266,27.941518173983763,12.730123982247626,51.94818559507895,100.0,20.0,100.0,20.0,100.0,20.0,100.0,20.0,65.76521557456098,13.459161793974316,61.92296141443819,44.73652981299354,78.08102103401674,31.198792831640915,79.01716843575264,15.309514615595925
0.0,500.0,54.54792674276843,52.36671813014358,26.083593019704068,55.73514920181355,7.387638858235346,41.06335839119891,53.37758006349498,9.829793063811872,60.00000000000001,40.0,60.00000000000001,40.0,60.00000000000001,40.0,60.00000000000001,40.0,67.73523445648995,26.939639020644385,77.55629851299992,26.09227071846133,78.98736291884289,29.787916224769177,94.58431354790685,40.82648517346861
0.0,500.0,56.55109035401546,42.16580384118928,1.3107137636651212,1.4520721328146746,28.47421354476287,46.709608125055446,25.28609564503224,25.513188285786125,60.0,0.0,100.0,60.0,120.0,0.0,100.0,40.0,78.35291665588804,27.261846690458352,95.32043520388704,37.48053826092546,84.33622331151977,24.88430521213938,86.68535315917919,30.136405221113304
0.0,500.0,26.29761949961138,10.622057669513667,8.159263100887744,35.044372623225776,56.50747002159251,44.56407627355854,51.436652017042434,17.332232140959412,120.0,60.0,120.0,40.0,80.0,40.0,80.0,60.0,79.83320986796934,27.76269725906485,81.96805295184417,21.915426661067755,69.3112710617222,19.194685971002244,81.5688321469406,27.62339570563156
0.0,500.0,25.588670881418164,38.09203944321389,3.4764116466160577,46.7646209904263,51.89543429029944,57.23531273787504,19.04502096122945,3.7262675310507687,60.0,0.0,60.0,0.0,60.0,0.0,60.0,0.0,70.70978986566735,51.45197115100714,81.85547395604138,48.41476788171872,83.4392949539369,48.34476345084347,85.8862960237453,59.70855504101596
0.0,500.0,1.2944118027610885,40.88481364879613,50.35445727302164,6.084072657683919,37.37126712945376,39.609436053519474,26.24652777410228,16.961404311282003,100.0,20.0,100.0,20.0,100.0,20.0,100.0,20.0,113.63461532328192,1.363552031338962,64.64078053617817,59.467958902816456,65.45423232686485,11.66894528124476,82.8718909035813,45.569239163054505
0.0,500.0,4.986313481924669,28.443465478277947,39.262306054545846,45.08312330904238,32.20875713361245,6.580401820989456,58.59750221033434,55.27925142276624,100.0,40.0,100.0,40.0,100.0,40.0,100.0,40.0,110.26913979615136,28.294543479318264,105.346484335296,22.609388976254053,107.23438602030932,45.64083479284786,86.90107871846561,13.748499003471288
0.0,500.0,5.211348800272397,8.376148412347781,57.369293262625085,17.95851595357707,9.102339826940264,33.941225583291185,36.03274430982172,41.498665211570525,99.99999999999999,40.0,99.99999999999999,40.0,99.99999999999999,40.0,99.99999999999999,40.0,109.86580489732074,35.02614594283381,70.00931552798373,28.34073581247865,109.36019341461858,20.89088697378736,89.50937373231574,15.218762872532274
0.0,500.0,44.34573782095048,36.33570249394532,0.3037399981834165,56.947888135775045,20.561475412279616,42.77581139119352,59.54855169804455,1.5227202548656282,120.0,20.0,120.0,20.0,120.0,20.0,120.0,20.0,77.62314141813347,26.9195162854492,85.08133192638768,22.854279834399385,68.87667930011362,22.50930063042644,69.57077116556545,36.57792602971938
13.333333333333334,500.0,12.185706071055533,9.871360616351224,38.18921908201288,21.308982164732328,58.72518985345108,37.79540027620673,2.5780299027295883,43.858517242007046,119.99999999999999,59.99999999999999,119.99999999999999,59.99999999999999,119.99999999999999,59.99999999999999,119.99999999999999,59.99999999999999,70.0835580683746,28.783339304466736,70.03488925790481,24.04913259292886,65.13280379456624,20.0205526926911,78.27324534630644,22.56711508237904
13.333333333333334,500.0,35.82627493799728,53.58846969708266,43.20819699126219,7.507231169927746,11.735130422584266,27.941518173983763,12.730123982247626,51.94818559507895,100.0,20.0,100.0,20.0,100.0,20.0,100.0,20.0,64.18964962030677,4.469002242860107,68.45700624050059,36.00318995062081,66.90659118947411,21.11090533663895,68.82343580874027,5.11565543679324
13.333333333333334,500.0,54.54792674276843,52.36671813014358,26.083593019704068,55.73514920181355,7.387638858235346,41.06335839119891,53.37758006349498,9.829793063811872,60.0,0.0,60.0,0.0,100.0,20.0,60.0,40.0,70.67126541962848,16.742734327051224,88.77107237006575,14.126071114889667,112.66663818101236,27.26525740010685,73.41614460592328,45.78422046044192
13.333333333333334,500.0,56.55109035401546,42.16580384118928,1.3107137636651212,1.4520721328146746,28.47421354476287,46.709608125055446,25.28609564503224,25.513188285786125,120.0,0.0,120.0,0.0,120.0,0.0,120.0,0.0,85.6843813263552,17.504137704321828,102.79823672232337,28.290709637333624,93.85335428836106,17.49230612747535,94.79302317596203,21.52813375183506
13.333333333333334,500.0,26.29761949961138,10.622057669513667,8.159263100887744,35.044372623225776,56.50747002159251,44.56407627355854,51.436652017042434,17.332232140959412,100.0,20.0,100.0,20.0,100.0,20.0,100.0,20.0,116.76343861904192,35.468319443238535,107.38281539368222,33.333597568131985,107.89266851158948,34.91703961131946,117.98529949842182,36.04979819564862
13.333333333333334,500.0,25.588670881418164,38.09203944321389,3.4764116466160577,46.7646209904263,51.89543429029944,57.23531273787504,19.04502096122945,3.7262675310507687,80.0,40.0,80.0,40.0,80.0,40.0,80.0,40.0,88.91545330910414,12.649638167897525,115.84701295787156,19.0064939595448,116.2693034162362,18.969196205235995,114.52534932191064,18.20621283093733
13.333333333333334,500.0,1.2944118027610885,40.88481364879613,50.35445727302164,6.084072657683919,37.37126712945376,39.609436053519474,26.24652777410228,16.961404311282003,60.00000000000001,20.0,60.00000000000001,20.0,60.00000000000001,20.0,60.00000000000001,20.0,114.6972180493809,29.748867517319283,87.25299205085213,54.67230373982317,93.06668899935671,30.73822978990032,105.91195592509423,47.74622442115484
13.333333333333334,500.0,4.986313481924669,28.443465478277947,39.262306054545846,45.08312330904238,32.20875713361245,6.580401820989456,58.59750221033434,55.27925142276624,60.00000000000001,20.0,60.00000000000001,20.0,60.00000000000001,20.0,60.00000000000001,20.0,81.72279185738394,43.30476654317194,101.11246145518886,49.81864108485769,103.07438527355797,50.55239925771736,102.31054678068934,46.86019507500272
13.333333333333334,500.0,5.211348800272397,8.376148412347781,57.369293262625085,17.95851595357707,9.102339826940264,33.941225583291185,36.03274430982172,41.498665211570525,80.0,20.0,80.0,20.0,80.0,20.0,80.0,20.0,95.63880600493394,29.740304362155555,90.41074530270564,32.511481213026805,105.63552303406976,25.72033585440964,85.59026522703877,20.8537749607496
13.333333333333334,500.0,44.34573782095048,36.33570249394532,0.3037399981834165,56.947888135775045,20.561475412279616,42.77581139119352,59.54855169804455,1.5227202548656282,100.0,0.0,100.0,0.0,100.0,0.0,100.0,0.0,81.5218258186682,13.301494144133288,82.40183361779812,12.452322310526007,80.28258399877885,12.55115513255057,81.30206046761435,12.26703924583856
26.666666666666668,500.0,12.185706071055533,9.871360616351224,38.18921908201288,21.308982164732328,58.72518985345108,37.79540027620673,2.5780299027295883,43.858517242007046,119.99999999999999,59.99999999999999,119.99999999999999,59.99999999999999,119.99999999999999,59.99999999999999,119.99999999999999,59.99999999999999,92.662925764478,48.45666849581628,85.30023901296414,40.149477139546775,71.22856879443151,32.45370784524798,110.59497823230916,24.947741180451683
26.666666666666668,500.0,35.82627493799728,53.58846969708266,43.20819699126219,7.507231169927746,11.735130422584266,27.941518173983763,12.730123982247626,51.94818559507895,100.0,20.0,100.0,20.0,100.0,20.0,100.0,20.0,78.33402214728005,28.201387573716254,74.07293077912638,34.50177769091807,92.91002088036694,33.34226394473414,95.0528953259196,33.38844043218249
26.666666666666668,500.0,54.54792674276843,52.36671813014358,26.083593019704068,55.73514920181355,7.387638858235346,41.06335839119891,53.37758006349498,9.829793063811872,60.0,0.0,60.0,0.0,100.0,20.0,60.0,40.0,68.60447994275258,25.956426396561685,94.78162375871646,21.0772511417314,98.3353796338942,27.88836892088224,70.66609716584402,54.41730358405082
26.666666666666668,500.0,56.55109035401546,42.16580384118928,1.3107137636651212,1.4520721328146746,28.47421354476287,46.709608125055446,25.28609564503224,25.513188285786125,120.0,0.0,120.0,0.0,120.0,0.0,120.0,0.0,71.76167172899726,34.51388996270535,77.88250100787997,42.65844382237853,74.20145540887157,30.8262954689742,74.19964548613146,36.14849638316009
26.666666666666668,500.0,26.29761949961138,10.622057669513667,8.159263100887744,35.044372623225776,56.50747002159251,44.56407627355854,51.436652017042434,17.332232140959412,100.0,20.0,100.0,20.0,100.0,20.0,100.0,20.0,104.21402326229892,33.984588615337074,110.4042792097782,18.83122951810408,70.68819996076809,10.485212862267758,89.21909161682768,29.488095373441148
26.666666666666668,500.0,25.588670881418164,38.09203944321389,3.4764116466160577,46.7646209904263,51.89543429029944,57.23531273787504,19.04502096122945,3.7262675310507687,80.0,40.0,80.0,40.0,80.0,40.0,80.0,40.0,75.19187490810782,40.29567913405996,85.94718933145985,38.25923262696641,70.3538738898623,35.3202925668695,76.24976024030944,48.82404825304397
26.666666666666668,500.0,1.2944118027610885,40.88481364879613,50.35445727302164,6.084072657683919,37.37126712945376,39.609436053519474,26.24652777410228,16.961404311282003,60.00000000000001,20.0,60.00000000000001,20.0,60.00000000000001,20.0,60.00000000000001,20.0,110.18863449126432,37.309119301107245,74.2246542243117,56.493993300905416,81.438665470139,34.85372148092544,86.05798040693425,49.42683211905095
26.666666666666668,500.0,4.986313481924669,28.443465478277947,39.262306054545846,45.08312330904238,32.20875713361245,6.580401820989456,58.59750221033434,55.27925142276624,60.00000000000001,20.0,60.00000000000001,20.0,60.00000000000001,20.0,60.00000000000001,20.0,117.31304541891907,40.482751082187335,101.15057429368228,29.250827016078865,103.7883914184148,57.05384217595437,85.33488214504845,24.07822945005806
26.666666666666668,500.0,5.211348800272397,8.376148412347781,57.369293262625085,17.95851595357707,9.102339826940264,33.941225583291185,36.03274430982172,41.498665211570525,80.0,20.0,80.0,20.0,80.0,20.0,80.0,20.0,87.5215628039085,38.95838199795072,60.44531108536361,36.28917180794158,77.08259027481569,23.15454705732203,65.22135118891589,19.869964460435565
26.666666666666668,500.0,44.34573782095048,36.33570249394532,0.3037399981834165,56.947888135775045,20.561475412279616,42.77581139119352,59.54855169804455,1.5227202548656282,100.00000000000001,0.0,100.00000000000001,0.0,100.00000000000001,0.0,100.00000000000001,0.0,74.99043030965804,17.07569419104159,92.35616610003524,12.682464630992136,93.99960323636506,16.74585906597581,70.27872655158652,24.49011620870829
40.0,500.0,12.185706071055533,9.871360616351224,38.18921908201288,21.308982164732328,58.72518985345108,37.79540027620673,2.5780299027295883,43.858517242007046,100.0,20.0,100.0,20.0,100.0,20.0,100.0,20.0,107.61452802831204,44.28343155422677,91.1653124980279,32.93266156785461,73.58509956621093,25.38137520472302,106.14672737547204,18.84924005446331
40.0,500.0,35.82627493799728,53.58846969708266,43.20819699126219,7.507231169927746,11.735130422584266,27.941518173983763,12.730123982247626,51.94818559507895,60.0,0.0,60.0,0.0,60.0,0.0,60.0,0.0,73.69735258443183,21.29433781526676,82.34846283664544,30.882429026693487,80.5331165648328,24.29500304366644,77.82075685951091,17.635490955125462
40.0,500.0,54.54792674276843,52.36671813014358,26.083593019704068,55.73514920181355,7.387638858235346,41.06335839119891,53.37758006349498,9.829793063811872,100.0,40.0,100.0,40.0,100.0,40.0,100.0,40.0,91.32318441282588,28.83542493251092,104.81934087763813,24.569333820298404,92.3083239407634,28.913360399144096,104.5087718597736,37.50875858667751
40.0,500.0,56.55109035401546,42.16580384118928,1.3107137636651212,1.4520721328146746,28.47421354476287,46.709608125055446,25.28609564503224,25.513188285786125,80.0,60.0,80.0,60.0,80.0,60.0,80.0,60.0,89.99579718264499,9.541891725748393,116.45621138137308,36.65019030362183,112.02980347003756,7.046694463151091,116.03015868213905,22.89897388872131
40.0,500.0,26.29761949961138,10.622057669513667,8.159263100887744,35.044372623225776,56.50747002159251,44.56407627355854,51.436652017042434,17.332232140959412,120.0,20.0,120.0,20.0,120.0,20.0,120.0,20.0,99.12560688577796,38.16511468619647,109.6224675743691,21.229188988422973,79.61742801725457,15.73302033542144,87.7383326067002,32.72526922662255
40.0,500.0,25.588670881418164,38.09203944321389,3.4764116466160577,46.7646209904263,51.89543429029944,57.23531273787504,19.04502096122945,3.7262675310507687,100.0,20.0,100.0,20.0,100.0,20.0,100.0,20.0,75.69640026752309,33.82907217990584,101.92964475460715,28.36850132861347,70.76642631376598,21.538761854654645,81.92192644851951,59.45776728872157
40.0,500.0,1.2944118027610885,40.88481364879613,50.35445727302164,6.084072657683919,37.37126712945376,39.609436053519474,26.24652777410228,16.961404311282003,100.0,0.0,100.0,0.0,100.0,0.0,100.0,0.0,101.79235902794332,17.8035338560487,67.26945238806073,41.06811437954202,76.31538432963086,16.479050496941973,93.19393214701378,31.06417074547895
40.0,500.0,4.986313481924669,28.443465478277947,39.262306054545846,45.08312330904238,32.20875713361245,6.580401820989456,58.59750221033434,55.27925142276624,119.99999999999999,0.0,119.99999999999999,0.0,119.99999999999999,0.0,119.99999999999999,0.0,106.26452228489684,23.891302434887173,101.62492889873556,19.61443520335441,94.31036648286752,28.88029542745881,88.29860443067778,16.19048716120063
40.0,500.0,5.211348800272397,8.376148412347781,57.369293262625085,17.95851595357707,9.102339826940264,33.941225583291185,36.03274430982172,41.498665211570525,99.99999999999999,40.0,99.99999999999999,40.0,99.99999999999999,40.0,99.99999999999999,40.0,88.85758232641498,37.12893382197883,74.57944916410268,34.67843512599961,80.64504000848734,31.249412013481862,76.45297625298033,28.72918060373078
40.0,500.0,44.34573782095048,36.33570249394532,0.3037399981834165,56.947888135775045,20.561475412279616,42.77581139119352,59.54855169804455,1.5227202548656282,80.0,0.0,80.0,0.0,80.0,0.0,80.0,0.0,69.11963921223614,33.64247165077315,102.03969201890088,19.080958491191865,96.31183675821572,30.212759375007245,63.14295173940306,54.88186074992868
53.333333333333336,500.0,12.185706071055533,9.871360616351224,38.18921908201288,21.308982164732328,58.72518985345108,37.79540027620673,2.5780299027295883,43.858517242007046,100.0,40.0,100.0,40.0,100.0,40.0,100.0,40.0,105.4870983701237,42.7701507102508,95.23031178545357,37.39866491508085,87.49288860945316,32.99753032207517,102.74152660557768,33.8371447380889
53.333333333333336,500.0,35.82627493799728,53.58846969708266,43.20819699126219,7.507231169927746,11.735130422584266,27.941518173983763,12.730123982247626,51.94818559507895,100.0,20.0,100.0,59.99999999999999,80.0,40.0,80.0,20.0,86.09928968605267,36.150377586349,66.61115287764943,44.61826540730698,72.8406860774926,39.574244367316105,74.58367744625272,34.06414814478519
53.333333333333336,500.0,54.54792674276843,52.36671813014358,26.083593019704068,55.73514920181355,7.387638858235346,41.06335839119891,53.37758006349498,9.829793063811872,100.0,20.0,100.0,20.0,100.0,20.0,100.0,20.0,83.99104618798395,41.91052422246855,96.56492530248026,40.5225947600586,106.5714066502074,49.154793236272006,97.673413671521,57.75178413485629
53.333333333333336,500.0,56.55109035401546,42.16580384118928,1.3107137636651212,1.4520721328146746,28.47421354476287,46.709608125055446,25.28609564503224,25.513188285786125,120.0,0.0,120.0,0.0,120.0,0.0,120.0,0.0,94.08874092994914,28.581597398940552,107.20493019800348,38.85477378244288,96.86072164232884,28.825627835794823,84.94734186417827,33.27070277746749
53.333333333333336,500.0,26.29761949961138,10.622057669513667,8.159263100887744,35.044372623225776,56.50747002159251,44.56407627355854,51.436652017042434,17.332232140959412,100.0,60.0,120.0,40.0,80.0,40.0,100.0,60.0,73.45161389953289,41.67529388823693,78.0704323488572,35.80535494562437,72.90451757787163,31.55501120296068,63.83478743166416,39.11666349932587
53.333333333333336,500.0,25.588670881418164,38.09203944321389,3.4764116466160577,46.7646209904263,51.89543429029944,57.23531273787504,19.04502096122945,3.7262675310507687,80.0,40.0,80.0,40.0,80.0,40.0,80.0,40.0,90.41466675243136,13.341099117566372,87.53800935086431,13.113639533290446,79.29783484847799,7.815829851720004,80.6309663203516,20.29679464192339
53.333333333333336,500.0,1.2944118027610885,40.88481364879613,50.35445727302164,6.084072657683919,37.37126712945376,39.609436053519474,26.24652777410228,16.961404311282003,120.00000000000001,40.0,120.00000000000001,40.0,120.00000000000001,40.0,120.00000000000001,40.0,111.12993019049205,23.32956945307556,72.14006628189162,48.95769041382327,98.64666847973557,25.25677499023657,103.22174584938377,39.62284982715425
53.333333333333336,500.0,4.986313481924669,28.443465478277947,39.262306054545846,45.08312330904238,32.20875713361245,6.580401820989456,58.59750221033434,55.27925142276624,60.00000000000001,60.00000000000001,60.00000000000001,60.00000000000001,60.00000000000001,60.00000000000001,60.00000000000001,60.00000000000001,81.87719158099708,23.573307852940868,69.63017739091539,13.501221049532212,65.5451619919458,38.337873453544525,62.54227887006583,6.777472552607996
53.333333333333336,500.0,5.211348800272397,8.376148412347781,57.369293262625085,17.95851595357707,9.102339826940264,33.941225583291185,36.03274430982172,41.498665211570525,60.0,40.0,60.0,40.0,60.0,40.0,60.0,40.0,114.93904829005407,45.91967085147749,88.19506123402431,41.84763240684509,119.30210477552352,30.993835043636967,104.2647662915958,22.351678543391024
53.333333333333336,500.0,44.34573782095048,36.33570249394532,0.3037399981834165,56.947888135775045,20.561475412279616,42.77581139119352,59.54855169804455,1.5227202548656282,80.0,0.0,80.0,0.0,80.0,0.0,80.0,0.0,77.82943981020371,24.13176732043916,89.6163329385277,19.066049404619,106.44358332396187,31.71202721085276,71.4328776710401,46.217956423842175
66.66666666666667,500.0,12.185706071055533,9.871360616351224,38.18921908201288,21.308982164732328,58.72518985345108,37.79540027620673,2.5780299027295883,43.858517242007046,100.0,40.0,100.0,40.0,100.0,40.0,100.0,40.0,93.70962249010245,29.085497573766013,96.6714916022122,27.687846913098547,82.5968698201723,22.17426717982496,98.52704683744298,22.85606193308708
66.66666666666667,500.0,35.82627493799728,53.58846969708266,43.20819699126219,7.507231169927746,11.735130422584266,27.941518173983763,12.730123982247626,51.94818559507895,100.0,20.0,100.0,59.99999999999999,80.0,40.0,80.0,20.0,65.65392133442741,3.7552207547035854,72.97947705632635,16.064811312876603,87.97769073656289,12.192636324345203,64.65249736207464,3.719223154676492
66.66666666666667,500.0,54.54792674276843,52.36671813014358,26.083593019704068,55.73514920181355,7.387638858235346,41.06335839119891,53.37758006349498,9.829793063811872,100.0,20.0,100.0,20.0,100.0,20.0,100.0,20.0,100.10306473090252,28.97867963019152,104.36746132170876,29.102583476520945,111.99527950070654,32.30047397628949,99.69251171650887,39.57479376451944
66.66666666666667,500.0,56.55109035401546,42.16580384118928,1.3107137636651212,1.4520721328146746,28.47421354476287,46.709608125055446,25.28609564503224,25.513188285786125,120.0,0.0,120.0,0.0,120.0,0.0,120.0,0.0,65.9046599373108,12.327400000568783,99.07928707137556,39.48508426288272,81.13946034815518,7.911486157592812,77.41407424721413,24.860717541509576
66.66666666666667,500.0,26.29761949961138,10.622057669513667,8.159263100887744,35.044372623225776,56.50747002159251,44.56407627355854,51.436652017042434,17.332232140959412,100.0,60.0,120.0,40.0,80.0,40.0,100.0,60.0,65.59488838664643,40.97484990422216,77.06727364783593,32.04228584144776,60.08708604882904,28.564690019596565,63.52956113991454,40.40085548573066
66.66666666666667,500.0,25.588670881418164,38.09203944321389,3.4764116466160577,46.7646209904263,51.89543429029944,57.23531273787504,19.04502096122945,3.7262675310507687,80.0,40.0,80.0,40.0,80.0,40.0,80.0,40.0,97.21137667075152,32.35443818813351,105.9133373523189,30.81240088966888,91.16220546096876,25.759106750127525,112.05834449825905,38.63203088316385
66.66666666666667,500.0,1.2944118027610885,40.88481364879613,50.35445727302164,6.084072657683919,37.37126712945376,39.609436053519474,26.24652777410228,16.961404311282003,120.00000000000001,40.0,120.00000000000001,40.0,120.00000000000001,40.0,120.00000000000001,40.0,96.60153586899872,16.091266365106637,64.64750820200612,39.28883522546498,61.5519618810345,16.297581448820203,77.92033691497427,32.42656163489414
66.66666666666667,500.0,4.986313481924669,28.443465478277947,39.262306054545846,45.08312330904238,32.20875713361245,6.580401820989456,58.59750221033434,55.27925142276624,60.00000000000001,60.00000000000001,60.00000000000001,60.00000000000001,60.00000000000001,60.00000000000001,60.00000000000001,60.00000000000001,114.42185196578195,32.94055406436199,74.39071005769975,22.787305385774484,82.25379776609147,42.55483890785842,70.86413134965663,20.09946325534581
66.66666666666667,500.0,5.211348800272397,8.376148412347781,57.369293262625085,17.95851595357707,9.102339826940264,33.941225583291185,36.03274430982172,41.498665211570525,59.99999999999999,40.0,59.99999999999999,40.0,59.99999999999999,40.0,59.99999999999999,40.0,97.34315525666172,42.38212012559321,77.70082075792857,38.19276760612269,88.77005716432548,34.40021282657093,81.8734446116561,35.470261263964616
66.66666666666667,500.0,44.34573782095048,36.33570249394532,0.3037399981834165,56.947888135775045,20.561475412279616,42.77581139119352,59.54855169804455,1.5227202548656282,80.0,0.0,80.0,0.0,80.0,0.0,80.0,0.0,118.35695843899455,29.247050235139103,104.51845196040856,25.18119984705781,118.09362754457626,29.20214462792165,106.96555993356031,30.673242463707503
80.0,500.0,12.185706071055533,9.871360616351224,38.18921908201288,21.308982164732328,58.72518985345108,37.79540027620673,2.5780299027295883,43.858517242007046,100.0,0.0,100.0,0.0,100.0,0.0,100.0,0.0,111.79108167234656,22.044317840038737,103.97445980225528,18.520653369106675,97.14421242023012,14.554568529498315,118.31842173564,14.582129163381136
80.0,500.0,35.82627493799728,53.58846969708266,43.20819699126219,7.507231169927746,11.735130422584266,27.941518173983763,12.730123982247626,51.94818559507895,100.0,0.0,100.0,40.0,120.0,20.0,100.0,0.0,60.042018883148295,25.07023968216216,65.79169312057134,56.62938820587979,75.16263361854998,42.44891524179136,73.74983264240439,25.75216943105373
80.0,500.0,54.54792674276843,52.36671813014358,26.083593019704068,55.73514920181355,7.387638858235346,41.06335839119891,53.37758006349498,9.829793063811872,120.00000000000001,60.00000000000001,120.00000000000001,60.00000000000001,120.00000000000001,60.00000000000001,120.00000000000001,60.00000000000001,70.88560602949669,5.219950363425923,116.06030640862662,0.517087035907501,115.69266178271944,19.03814274961689,65.20010724441876,59.01319566451605
80.0,500.0,56.55109035401546,42.16580384118928,1.3107137636651212,1.4520721328146746,28.47421354476287,46.709608125055446,25.28609564503224,25.513188285786125,120.0,40.0,120.0,40.0,120.0,40.0,120.0,40.0,66.46090181839578,41.40023351066577,101.82952872691575,54.44321443520205,77.29614267707777,44.82721964598232,74.57235313834651,45.5246485600337
80.0,500.0,26.29761949961138,10.622057669513667,8.159263100887744,35.044372623225776,56.50747002159251,44.56407627355854,51.436652017042434,17.332232140959412,80.0,20.0,100.0,20.0,100.0,20.0,100.0,20.0,88.62301931724683,53.09246662137287,117.1935530229258,32.119638187131535,88.91378798746015,30.701921183012463,91.81241591789748,48.90971926305554
80.0,500.0,25.588670881418164,38.09203944321389,3.4764116466160577,46.7646209904263,51.89543429029944,57.23531273787504,19.04502096122945,3.7262675310507687,80.0,0.0,60.0,0.0,60.0,0.0,60.0,0.0,95.14052647329687,21.166649175393808,108.41684106817208,15.385430458062594,73.30174585479365,8.760053056072387,89.44827033616082,46.71968850677068
80.0,500.0,1.2944118027610885,40.88481364879613,50.35445727302164,6.084072657683919,37.37126712945376,39.609436053519474,26.24652777410228,16.961404311282003,120.0,0.0,60.0,60.0,60.0,0.0,80.0,40.0,91.59002717285584,18.11657027898888,69.98568844964984,44.29201878632901,63.16559277215784,22.90481400489114,73.70919312409794,33.73819011032319
80.0,500.0,4.986313481924669,28.443465478277947,39.262306054545846,45.08312330904238,32.20875713361245,6.580401820989456,58.59750221033434,55.27925142276624,59.99999999999999,40.0,59.99999999999999,40.0,59.99999999999999,40.0,59.99999999999999,40.0,94.25165088168168,44.72796461380117,95.73741484518636,38.66556519380488,96.67869098637968,54.07815584058012,80.75553003918527,31.71348900550097
80.0,500.0,5.211348800272397,8.376148412347781,57.369293262625085,17.95851595357707,9.102339826940264,33.941225583291185,36.03274430982172,41.498665211570525,80.0,0.0,80.0,0.0,80.0,0.0,80.0,0.0,119.04787003075197,36.99038085691413,86.87953402405977,30.95204940693258,113.47943140441386,22.510505732491023,97.6165486906048,14.962248687477556
80.0,500.0,44.34573782095048,36.33570249394532,0.3037399981834165,56.947888135775045,20.561475412279616,42.77581139119352,59.54855169804455,1.5227202548656282,100.00000000000001,20.0,100.00000000000001,20.0,100.00000000000001,20.0,100.00000000000001,20.0,108.34974572112829,25.465324909453336,115.93377477692124,20.013778413655736,115.89188311551511,21.06283215700661,107.46664979995369,34.43959534846045
93.33333333333334,500.0,12.185706071055533,9.871360616351224,38.18921908201288,21.308982164732328,58.72518985345108,37.79540027620673,2.5780299027295883,43.858517242007046,100.00000000000001,20.0,100.00000000000001,20.0,100.00000000000001,20.0,100.00000000000001,20.0,107.29243862989172,45.9446770831328,88.98196006632072,38.84274048060835,72.06256522766398,27.65443228982737,101.14498071223542,25.626640474910563
93.33333333333334,500.0,35.82627493799728,53.58846969708266,43.20819699126219,7.507231169927746,11.735130422584266,27.941518173983763,12.730123982247626,51.94818559507895,59.99999999999999,20.0,59.99999999999999,20.0,59.99999999999999,20.0,59.99999999999999,20.0,77.81100416342451,45.026864291746,69.24384891927443,55.78043574692016,81.49912762955167,51.581169292387294,82.25733781523931,45.68746631188482
93.33333333333334,500.0,54.54792674276843,52.36671813014358,26.083593019704068,55.73514920181355,7.387638858235346,41.06335839119891,53.37758006349498,9.829793063811872,100.0,20.0,100.0,20.0,100.0,20.0,100.0,20.0,77.40110244858104,21.19200080930496,102.12627813634452,17.26392458478167,112.04425066430824,28.16456540383136,84.63855293868018,50.46891480656348
93.33333333333334,500.0,56.55109035401546,42.16580384118928,1.3107137636651212,1.4520721328146746,28.47421354476287,46.709608125055446,25.28609564503224,25.513188285786125,99.99999999999999,60.0,99.99999999999999,60.0,99.99999999999999,60.0,99.99999999999999,60.0,63.69182350830391,15.817240446071684,69.55031114187594,27.047713137775418,75.39451507371425,17.270390491477016,60.228921414734685,22.583463334303747
93.33333333333334,500.0,26.29761949961138,10.622057669513667,8.159263100887744,35.044372623225776,56.50747002159251,44.56407627355854,51.436652017042434,17.332232140959412,100.0,60.0,100.0,60.0,100.0,60.0,100.0,60.0,89.62709753347669,44.48335921430103,93.1108067587756,42.84730593843728,76.4637146271717,38.83117536398511,85.76966739859208,43.1856925265616
93.33333333333334,500.0,25.588670881418164,38.09203944321389,3.4764116466160577,46.7646209904263,51.89543429029944,57.23531273787504,19.04502096122945,3.7262675310507687,120.0,40.0,120.0,40.0,120.0,40.0,120.0,40.0,76.7930166321583,23.172105547738283,92.28007674347737,17.548013293209106,67.3584418222445,11.70681201760231,104.13627437349275,37.92747395458059
93.33333333333334,500.0,1.2944118027610885,40.88481364879613,50.35445727302164,6.084072657683919,37.37126712945376,39.609436053519474,26.24652777410228,16.961404311282003,120.00000000000001,0.0,120.00000000000001,0.0,120.00000000000001,0.0,120.00000000000001,0.0,87.26331193771969,26.681428697825822,99.6200637530711,36.3556278274193,99.18580279083672,28.554237411252863,87.77059480406609,32.737264786832625
93.33333333333334,500.0,4.986313481924669,28.443465478277947,39.262306054545846,45.08312330904238,32.20875713361245,6.580401820989456,58.59750221033434,55.27925142276624,120.00000000000001,40.0,120.00000000000001,40.0,120.00000000000001,40.0,120.00000000000001,40.0,111.1894307016058,29.56608040001417,108.81680686259746,25.088270978818905,105.30062636166564,36.28293177410799,104.58128004615364,23.05062993084436
93.33333333333334,500.0,5.211348800272397,8.376148412347781,57.369293262625085,17.95851595357707,9.102339826940264,33.941225583291185,36.03274430982172,41.498665211570525,100.0,40.0,100.0,40.0,100.0,40.0,100.0,40.0,70.41264413623963,39.08816261544118,61.12642185781522,37.80912390501941,83.89708654684065,33.662012189982974,71.36059369738982,28.55367388501349
93.33333333333334,500.0,44.34573782095048,36.33570249394532,0.3037399981834165,56.947888135775045,20.561475412279616,42.77581139119352,59.54855169804455,1.5227202548656282,100.0,60.0,120.0,60.0,120.0,60.0,120.0,60.0,91.19331169150718,18.115413879553905,90.45347415407797,18.13509562101754,83.77073461292116,17.421162774439214,88.17237222269749,18.749474257796187
106.66666666666669,500.0,12.185706071055533,9.871360616351224,38.18921908201288,21.308982164732328,58.72518985345108,37.79540027620673,2.5780299027295883,43.858517242007046,100.0,20.0,100.0,20.0,100.0,20.0,100.0,20.0,102.20917699454895,36.71984924175907,85.36298090783269,28.950678436008623,70.61205151538219,12.804519429483436,99.21794831070906,12.383244278265956
106.66666666666669,500.0,35.82627493799728,53.58846969708266,43.20819699126219,7.507231169927746,11.735130422584266,27.941518173983763,12.730123982247626,51.94818559507895,59.99999999999999,20.0,59.99999999999999,20.0,59.99999999999999,20.0,59.99999999999999,20.0,98.58843838614708,42.11106454491911,96.3060898710427,52.83479709730733,108.98994350471986,47.491041142795055,106.27241931994833,40.87631261550188
106.66666666666669,500.0,54.54792674276843,52.36671813014358,26.083593019704068,55.73514920181355,7.387638858235346,41.06335839119891,53.37758006349498,9.829793063811872,100.0,20.0,100.0,20.0,100.0,20.0,100.0,20.0,113.34789453612645,32.26966552521804,113.96028454667628,31.326473358581545,116.41191195802196,35.986945709906486,119.08717868634425,43.16956111254994
106.66666666666669,500.0,56.55109035401546,42.16580384118928,1.3107137636651212,1.4520721328146746,28.47421354476287,46.709608125055446,25.28609564503224,25.513188285786125,100.0,60.0,100.0,60.0,100.0,60.0,100.0,60.0,92.09120308307516,25.6334013426217,110.7073161301728,35.16400418138109,110.69564518668696,22.630878302880856,79.32572713332871,27.41855169272052
106.66666666666669,500.0,26.29761949961138,10.622057669513667,8.159263100887744,35.044372623225776,56.50747002159251,44.56407627355854,51.436652017042434,17.332232140959412,100.0,60.0,100.0,60.0,100.0,60.0,100.0,60.0,104.9416231143233,24.563219382514887,108.71398906018192,9.581995573529092,84.48617872644569,4.077831816574282,89.16525738651299,19.99778547631225
106.66666666666669,500.0,25.588670881418164,38.09203944321389,3.4764116466160577,46.7646209904263,51.89543429029944,57.23531273787504,19.04502096122945,3.7262675310507687,120.0,40.0,120.0,40.0,120.0,40.0,120.0,40.0,87.1398728228413,24.66140830566572,106.7982110007951,16.04806146499024,66.38352211689822,8.768718307482423,87.75911265586602,44.51376889919511
106.66666666666669,500.0,1.2944118027610885,40.88481364879613,50.35445727302164,6.084072657683919,37.37126712945376,39.609436053519474,26.24652777410228,16.961404311282003,120.0,0.0,120.0,0.0,120.0,0.0,120.0,0.0,92.1163264518992,27.871445830492284,63.91683907666748,51.648524699340086,74.94855567883366,28.017148688128003,65.86124280735694,43.57406014533463
106.66666666666669,500.0,4.986313481924669,28.443465478277947,39.262306054545846,45.08312330904238,32.20875713361245,6.580401820989456,58.59750221033434,55.27925142276624,120.0,40.0,120.0,40.0,120.0,40.0,120.0,40.0,98.7528995831776,50.037058665016914,114.45903171452818,52.23592316542708,114.27016356339294,52.26911408626292,111.7833336145785,50.93772151258305
106.66666666666669,500.0,5.211348800272397,8.376148412347781,57.369293262625085,17.95851595357707,9.102339826940264,33.941225583291185,36.03274430982172,41.498665211570525,100.0,40.0,100.0,40.0,100.0,40.0,100.0,40.0,79.98550320797005,45.12487200166337,60.4919474733842,35.321117126031154,89.47747154809906,32.15441882646263,75.7192117235149,25.4406179899938
106.66666666666669,500.0,44.34573782095048,36.33570249394532,0.3037399981834165,56.947888135775045,20.561475412279616,42.77581139119352,59.54855169804455,1.5227202548656282,100.0,60.0,120.0,60.0,120.0,60.0,120.0,60.0,86.51019526512373,3.015130258502303,79.05743638526316,1.4646248325920226,109.64116401204453,11.358415878934125,78.51781351746081,25.38815890333512
120.0,500.0,12.185706071055533,9.871360616351224,38.18921908201288,21.308982164732328,58.72518985345108,37.79540027620673,2.5780299027295883,43.858517242007046,120.0,40.0,100.0,40.0,100.0,40.0,100.0,40.0,94.51078453166468,23.288136641162293,65.76310183698187,17.198139793531237,62.75555541920093,4.923402657039311,97.35947143243396,2.151113002431167
120.0,500.0,35.82627493799728,53.58846969708266,43.20819699126219,7.507231169927746,11.735130422584266,27.941518173983763,12.730123982247626,51.94818559507895,120.0,20.0,120.0,20.0,120.0,20.0,120.0,20.0,108.59891597317704,24.872631755945097,100.4176764048807,54.674461545424805,119.88936092056984,43.881364748611205,115.84184594980766,27.825949818990324
120.0,500.0,54.54792674276843,52.36671813014358,26.083593019704068,55.73514920181355,7.387638858235346,41.06335839119891,53.37758006349498,9.829793063811872,120.00000000000001,20.0,120.00000000000001,20.0,120.00000000000001,20.0,120.00000000000001,20.0,80.17067178293937,2.81076673343172,95.50541093896284,0.852498571124535,108.49380354281352,10.752083627632588,82.0998500121985,30.89666151709013
120.0,500.0,56.55109035401546,42.16580384118928,1.3107137636651212,1.4520721328146746,28.47421354476287,46.709608125055446,25.28609564503224,25.513188285786125,80.0,40.0,80.0,40.0,80.0,40.0,80.0,40.0,111.37721674171638,25.2585789834377,102.1496024836806,26.879904609940507,103.46484025683056,26.584982418575272,109.64471258399384,25.498210667416625
120.0,500.0,26.29761949961138,10.622057669513667,8.159263100887744,35.044372623225776,56.50747002159251,44.56407627355854,51.436652017042434,17.332232140959412,100.0,20.0,100.0,20.0,100.0,20.0,100.0,20.0,79.4122098028665,50.10146786051156,80.00720025675116,54.00979068179872,70.19567056752982,51.3836229286938,90.77528018990785,51.31274135738465
120.0,500.0,25.588670881418164,38.09203944321389,3.4764116466160577,46.7646209904263,51.89543429029944,57.23531273787504,19.04502096122945,3.7262675310507687,80.0,20.0,80.0,20.0,80.0,20.0,100.0,20.0,93.33550313830628,14.478580835262257,103.99393394302577,11.345855969411788,93.97585859960574,9.597018772331625,101.09156044003169,22.51429765184643
120.0,500.0,1.2944118027610885,40.88481364879613,50.35445727302164,6.084072657683919,37.37126712945376,39.609436053519474,26.24652777410228,16.961404311282003,100.0,20.0,100.0,20.0,100.0,20.0,100.0,20.0,102.73556233282342,22.37328653277281,78.320071465408,44.79074151104044,95.56821088776474,22.34794568124436,98.48807986142064,36.670089901381886
120.0,500.0,4.986313481924669,28.443465478277947,39.262306054545846,45.08312330904238,32.20875713361245,6.580401820989456,58.59750221033434,55.27925142276624,119.99999999999999,20.0,119.99999999999999,20.0,119.99999999999999,20.0,119.99999999999999,20.0,114.22459201719757,45.439697286162605,85.91541123231603,35.087856484914965,97.53088316708984,59.55620406387344,62.55272924964074,32.72975151284861
120.0,500.0,5.211348800272397,8.376148412347781,57.369293262625085,17.95851595357707,9.102339826940264,33.941225583291185,36.03274430982172,41.498665211570525,120.0,0.0,120.0,0.0,120.0,0.0,60.0,20.0,79.36314907149384,25.4944720260559,65.75389361937474,20.32634235224988,85.10897265298055,16.44373449108215,71.984409408839,14.12699570710176
120.0,500.0,44.34573782095048,36.33570249394532,0.3037399981834165,56.947888135775045,20.561475412279616,42.77581139119352,59.54855169804455,1.5227202548656282,80.0,60.0,80.0,60.0,80.0,60.0,80.0,60.0,99.31958138916532,25.80815568941728,100.86584716454276,25.65262279576093,108.53147464836871,29.52509422397264,88.15507698693936,36.78870171016068
0.0,500.0,12.185706071055533,9.871360616351224,38.18921908201288,21.308982164732328,2.5780299027295883,43.858517242007046,58.72518985345108,37.79540027620673,60.0,40.0,60.0,40.0,60.0,40.0,60.0,40.0,100.24204163336344,12.883779751853924,102.68070767645916,15.273542670186917,96.52241512872595,11.758120057581657,91.8637447619438,11.667142782466875
0.0,500.0,12.185706071055533,9.871360616351224,58.72518985345108,37.79540027620673,38.18921908201288,21.308982164732328,2.5780299027295883,43.858517242007046,60.0,40.0,60.0,40.0,60.0,40.0,60.0,40.0,100.24204163336344,12.883779751853924,91.8637447619438,11.667142782466875,102.68070767645916,15.273542670186917,96.52241512872595,11.758120057581657
0.0,500.0,12.185706071055533,9.871360616351224,58.72518985345108,37.79540027620673,2.5780299027295883,43.858517242007046,38.18921908201288,21.308982164732328,60.0,40.0,60.0,40.0,60.0,40.0,60.0,40.0,100.24204163336344,12.883779751853924,91.8637447619438,11.667142782466875,96.52241512872595,11.758120057581657,102.68070767645916,15.273542670186917
0.0,500.0,12.185706071055533,9.871360616351224,2.5780299027295883,43.858517242007046,38.18921908201288,21.308982164732328,58.72518985345108,37.79540027620673,60.0,40.0,60.0,40.0,60.0,40.0,60.0,40.0,100.24204163336344,12.883779751853924,96.52241512872595,11.758120057581657,102.68070767645916,15.273542670186917,91.8637447619438,11.667142782466875
0.0,500.0,12.185706071055533,9.871360616351224,2.5780299027295883,43.858517242007046,58.72518985345108,37.79540027620673,38.18921908201288,21.308982164732328,60.0,40.0,60.0,40.0,60.0,40.0,60.0,40.0,100.24204163336344,12.883779751853924,96.52241512872595,11.758120057581657,91.8637447619438,11.667142782466875,102.68070767645916,15.273542670186917
0.0,500.0,38.18921908201288,21.308982164732328,12.185706071055533,9.871360616351224,58.72518985345108,37.79540027620673,2.5780299027295883,43.858517242007046,60.0,40.0,60.0,40.0,60.0,40.0,60.0,40.0,102.68070767645916,15.273542670186917,100.24204163336344,12.883779751853924,91.8637447619438,11.667142782466875,96.52241512872595,11.758120057581657
0.0,500.0,38.18921908201288,21.308982164732328,12.185706071055533,9.871360616351224,2.5780299027295883,43.858517242007046,58.72518985345108,37.79540027620673,60.0,40.0,60.0,40.0,60.0,40.0,60.0,40.0,102.68070767645916,15.273542670186917,100.24204163336344,12.883779751853924,96.52241512872595,11.758120057581657,91.8637447619438,11.667142782466875
0.0,500.0,38.18921908201288,21.308982164732328,58.72518985345108,37.79540027620673,12.185706071055533,9.871360616351224,2.5780299027295883,43.858517242007046,60.0,40.0,60.0,40.0,60.0,40.0,60.0,40.0,102.68070767645916,15.273542670186917,91.8637447619438,11.667142782466875,100.24204163336344,12.883779751853924,96.52241512872595,11.758120057581657
0.0,500.0,38.18921908201288,21.308982164732328,58.72518985345108,37.79540027620673,2.5780299027295883,43.858517242007046,12.185706071055533,9.871360616351224,60.0,40.0,60.0,40.0,60.0,40.0,60.0,40.0,102.68070767645916,15.273542670186917,91.8637447619438,11.667142782466875,96.52241512872595,11.758120057581657,100.24204163336344,12.883779751853924
0.0,500.0,38.18921908201288,21.308982164732328,2.5780299027295883,43.858517242007046,12.185706071055533,9.871360616351224,58.72518985345108,37.79540027620673,60.0,40.0,60.0,40.0,60.0,40.0,60.0,40.0,102.68070767645916,15.273542670186917,96.52241512872595,11.758120057581657,100.24204163336344,12.883779751853924,91.8637447619438,11.667142782466875
0.0,500.0,38.18921908201288,21.308982164732328,2.5780299027295883,43.858517242007046,58.72518985345108,37.79540027620673,12.185706071055533,9.871360616351224,60.0,40.0,60.0,40.0,60.0,40.0,60.0,40.0,102.68070767645916,15.273542670186917,96.52241512872595,11.758120057581657,91.8637447619438,11.667142782466875,100.24204163336344,12.883779751853924
0.0,500.0,58.72518985345108,37.79540027620673,12.185706071055533,9.871360616351224,38.18921908201288,21.308982164732328,2.5780299027295883,43.858517242007046,60.0,40.0,60.0,40.0,60.0,40.0,60.0,40.0,91.8637447619438,11.667142782466875,100.24204163336344,12.883779751853924,102.68070767645916,15.273542670186917,96.52241512872595,11.758120057581657
0.0,500.0,58.72518985345108,37.79540027620673,12.185706071055533,9.871360616351224,2.5780299027295883,43.858517242007046,38.18921908201288,21.308982164732328,60.0,40.0,60.0,40.0,60.0,40.0,60.0,40.0,91.8637447619438,11.667142782466875,100.24204163336344,12.883779751853924,96.52241512872595,11.758120057581657,102.68070767645916,15.273542670186917
0.0,500.0,58.72518985345108,37.79540027620673,38.18921908201288,21.308982164732328,12.185706071055533,9.871360616351224,2.5780299027295883,43.858517242007046,60.0,40.0,60.0,40.0,60.0,40.0,60.0,40.0,91.8637447619438,11.667142782466875,102.68070767645916,15.273542670186917,100.24204163336344,12.883779751853924,96.52241512872595,11.758120057581657
0.0,500.0,58.72518985345108,37.79540027620673,38.18921908201288,21.308982164732328,2.5780299027295883,43.858517242007046,12.185706071055533,9.871360616351224,60.0,40.0,60.0,40.0,60.0,40.0,60.0,40.0,91.8637447619438,11.667142782466875,102.68070767645916,15.273542670186917,96.52241512872595,11.758120057581657,100.24204163336344,12.883779751853924
0.0,500.0,58.72518985345108,37.79540027620673,2.5780299027295883,43.858517242007046,12.185706071055533,9.871360616351224,38.18921908201288,21.308982164732328,60.0,40.0,60.0,40.0,60.0,40.0,60.0,40.0,91.8637447619438,11.667142782466875,96.52241512872595,11.758120057581657,100.24204163336344,12.883779751853924,102.68070767645916,15.273542670186917
0.0,500.0,58.72518985345108,37.79540027620673,2.5780299027295883,43.858517242007046,38.18921908201288,21.308982164732328,12.185706071055533,9.871360616351224,60.0,40.0,60.0,40.0,60.0,40.0,60.0,40.0,91.8637447619438,11.667142782466875,96.52241512872595,11.758120057581657,102.68070767645916,15.273542670186917,100.24204163336344,12.883779751853924
0.0,500.0,2.5780299027295883,43.858517242007046,12.185706071055533,9.871360616351224,38.18921908201288,21.308982164732328,58.72518985345108,37.79540027620673,60.0,40.0,60.0,40.0,60.0,40.0,60.0,40.0,96.52241512872595,11.758120057581657,100.24204163336344,12.883779751853924,102.68070767645916,15.273542670186917,91.8637447619438,11.667142782466875
0.0,500.0,2.5780299027295883,43.858517242007046,12.185706071055533,9.871360616351224,58.72518985345108,37.79540027620673,38.18921908201288,21.308982164732328,60.0,40.0,60.0,40.0,60.0,40.0,60.0,40.0,96.52241512872595,11.758120057581657,100.24204163336344,12.883779751853924,91.8637447619438,11.667142782466875,102.68070767645916,15.273542670186917
0.0,500.0,2.5780299027295883,43.858517242007046,38.18921908201288,21.308982164732328,12.185706071055533,9.871360616351224,58.72518985345108,37.79540027620673,60.0,40.0,60.0,40.0,60.0,40.0,60.0,40.0,96.52241512872595,11.758120057581657,102.68070767645916,15.273542670186917,100.24204163336344,12.883779751853924,91.8637447619438,11.667142782466875
0.0,500.0,2.5780299027295883,43.858517242007046,38.18921908201288,21.308982164732328,58.72518985345108,37.79540027620673,12.185706071055533,9.871360616351224,60.0,40.0,60.0,40.0,60.0,40.0,60.0,40.0,96.52241512872595,11.758120057581657,102.68070767645916,15.273542670186917,91.8637447619438,11.667142782466875,100.24204163336344,12.883779751853924
0.0,500.0,2.5780299027295883,43.858517242007046,58.72518985345108,37.79540027620673,12.185706071055533,9.871360616351224,38.18921908201288,21.308982164732328,60.0,40.0,60.0,40.0,60.0,40.0,60.0,40.0,96.52241512872595,11.758120057581657,91.8637447619438,11.667142782466875,100.24204163336344,12.883779751853924,102.68070767645916,15.273542670186917
0.0,500.0,2.5780299027295883,43.858517242007046,58.72518985345108,37.79540027620673,38.18921908201288,21.308982164732328,12.185706071055533,9.871360616351224,60.0,40.0,60.0,40.0,60.0,40.0,60.0,40.0,96.52241512872595,11.758120057581657,91.8637447619438,11.667142782466875,102.68070767645916,15.273542670186917,100.24204163336344,12.883779751853924
0.0,500.0,35.82627493799728,53.58846969708266,43.20819699126219,7.507231169927746,12.730123982247626,51.94818559507895,11.735130422584266,27.941518173983763,100.0,20.0,100.0,20.0,100.0,20.0,100.0,20.0,65.76521557456098,13.459161793974316,61.92296141443819,44.73652981299354,79.01716843575264,15.309514615595925,78.08102103401674,31.198792831640915
0.0,500.0,35.82627493799728,53.58846969708266,11.735130422584266,27.941518173983763,43.20819699126219,7.507231169927746,12.730123982247626,51.94818559507895,100.0,20.0,100.0,20.0,100.0,20.0,100.0,20.0,65.76521557456098,13.459161793974316,78.08102103401674,31.198792831640915,61.92296141443819,44.73652981299354,79.01716843575264,15.309514615595925
0.0,500.0,35.82627493799728,53.58846969708266,11.735130422584266,27.941518173983763,12.730123982247626,51.94818559507895,43.20819699126219,7.507231169927746,100.0,20.0,100.0,20.0,100.0,20.0,100.0,20.0,65.76521557456098,13.459161793974316,78.08102103401674,31.198792831640915,79.01716843575264,15.309514615595925,61.92296141443819,44.73652981299354
0.0,500.0,35.82627493799728,53.58846969708266,12.730123982247626,51.94818559507895,43.20819699126219,7.507231169927746,11.735130422584266,27.941518173983763,100.0,20.0,100.0,20.0,100.0,20.0,100.0,20.0,65.76521557456098,13.459161793974316,79.01716843575264,15.309514615595925,61.92296141443819,44.73652981299354,78.08102103401674,31.198792831640915
0.0,500.0,35.82627493799728,53.58846969708266,12.730123982247626,51.94818559507895,11.735130422584266,27.941518173983763,43.20819699126219,7.507231169927746,100.0,20.0,100.0,20.0,100.0,20.0,100.0,20.0,65.76521557456098,13.459161793974316,79.01716843575264,15.309514615595925,78.08102103401674,31.198792831640915,61.92296141443819,44.73652981299354
0.0,500.0,43.20819699126219,7.507231169927746,35.82627493799728,53.58846969708266,11.735130422584266,27.941518173983763,12.730123982247626,51.94818559507895,100.0,20.0,100.0,20.0,100.0,20.0,100.0,20.0,61.92296141443819,44.73652981299354,65.76521557456098,13.459161793974316,78.08102103401674,31.198792831640915,79.01716843575264,15.309514615595925
0.0,500.0,43.20819699126219,7.507231169927746,35.82627493799728,53.58846969708266,12.730123982247626,51.94818559507895,11.735130422584266,27.941518173983763,100.0,20.0,100.0,20.0,100.0,20.0,100.0,20.0,61.92296141443819,44.73652981299354,65.76521557456098,13.459161793974316,79.01716843575264,15.309514615595925,78.08102103401674,31.198792831640915
0.0,500.0,43.20819699126219,7.507231169927746,11.735130422584266,27.941518173983763,35.82627493799728,53.58846969708266,12.730123982247626,51.94818559507895,100.0,20.0,100.0,20.0,100.0,20.0,100.0,20.0,61.92296141443819,44.73652981299354,78.08102103401674,31.198792831640915,65.76521557456098,13.459161793974316,79.01716843575264,15.309514615595925
0.0,500.0,43.20819699126219,7.507231169927746,11.735130422584266,27.941518173983763,12.730123982247626,51.94818559507895,35.82627493799728,53.58846969708266,100.0,20.0,100.0,20.0,100.0,20.0,100.0,20.0,61.92296141443819,44.73652981299354,78.08102103401674,31.198792831640915,79.01716843575264,15.309514615595925,65.76521557456098,13.459161793974316
0.0,500.0,43.20819699126219,7.507231169927746,12.730123982247626,51.94818559507895,35.82627493799728,53.58846969708266,11.735130422584266,27.941518173983763,100.0,20.0,100.0,20.0,100.0,20.0,100.0,20.0,61.92296141443819,44.73652981299354,79.01716843575264,15.309514615595925,65.76521557456098,13.459161793974316,78.08102103401674,31.198792831640915
0.0,500.0,43.20819699126219,7.507231169927746,12.730123982247626,51.94818559507895,11.735130422584266,27.941518173983763,35.82627493799728,53.58846969708266,100.0,20.0,100.0,20.0,100.0,20.0,100.0,20.0,61.92296141443819,44.73652981299354,79.01716843575264,15.309514615595925,78.08102103401674,31.198792831640915,65.76521557456098,13.459161793974316
0.0,500.0,11.735130422584266,27.941518173983763,35.82627493799728,53.58846969708266,43.20819699126219,7.507231169927746,12.730123982247626,51.94818559507895,100.0,20.0,100.0,20.0,100.0,20.0,100.0,20.0,78.08102103401674,31.198792831640915,65.76521557456098,13.459161793974316,61.92296141443819,44.73652981299354,79.01716843575264,15.309514615595925
0.0,500.0,11.735130422584266,27.941518173983763,35.82627493799728,53.58846969708266,12.730123982247626,51.94818559507895,43.20819699126219,7.507231169927746,100.0,20.0,100.0,20.0,100.0,20.0,100.0,20.0,78.08102103401674,31.198792831640915,65.76521557456098,13.459161793974316,79.01716843575264,15.309514615595925,61.92296141443819,44.73652981299354
0.0,500.0,11.735130422584266,27.941518173983763,43.20819699126219,7.507231169927746,35.82627493799728,53.58846969708266,12.730123982247626,51.94818559507895,100.0,20.0,100.0,20.0,100.0,20.0,100.0,20.0,78.08102103401674,31.198792831640915,61.92296141443819,44.73652981299354,65.76521557456098,13.459161793974316,79.01716843575264,15.309514615595925
0.0,500.0,11.735130422584266,27.941518173983763,43.20819699126219,7.507231169927746,12.730123982247626,51.94818559507895,35.82627493799728,53.58846969708266,100.0,20.0,100.0,20.0,100.0,20.0,100.0,20.0,78.08102103401674,31.198792831640915,61.92296141443819,44.73652981299354,79.01716843575264,15.309514615595925,65.76521557456098,13.459161793974316
0.0,500.0,11.735130422584266,27.941518173983763,12.730123982247626,51.94818559507895,35.82627493799728,53.58846969708266,43.20819699126219,7.507231169927746,100.0,20.0,100.0,20.0,100.0,20.0,100.0,20.0,78.08102103401674,31.198792831640915,79.01716843575264,15.309514615595925,65.76521557456098,13.459161793974316,61.92296141443819,44.73652981299354
0.0,500.0,11.735130422584266,27.941518173983763,12.730123982247626,51.94818559507895,43.20819699126219,7.507231169927746,35.82627493799728,53.58846969708266,100.0,20.0,100.0,20.0,100.0,20.0,100.0,20.0,78.08102103401674,31.198792831640915,79.01716843575264,15.309514615595925,61.92296141443819,44.73652981299354,65.76521557456098,13.459161793974316
0.0,500.0,12.730123982247626,51.94818559507895,35.82627493799728,53.58846969708266,43.20819699126219,7.507231169927746,11.735130422584266,27.941518173983763,100.0,20.0,100.0,20.0,100.0,20.0,100.0,20.0,79.01716843575264,15.309514615595925,65.76521557456098,13.459161793974316,61.92296141443819,44.73652981299354,78.08102103401674,31.198792831640915
0.0,500.0,12.730123982247626,51.94818559507895,35.82627493799728,53.58846969708266,11.735130422584266,27.941518173983763,43.20819699126219,7.507231169927746,100.0,20.0,100.0,20.0,100.0,20.0,100.0,20.0,79.01716843575264,15.309514615595925,65.76521557456098,13.459161793974316,78.08102103401674,31.198792831640915,61.92296141443819,44.73652981299354
0.0,500.0,12.730123982247626,51.94818559507895,43.20819699126219,7.507231169927746,35.82627493799728,53.58846969708266,11.735130422584266,27.941518173983763,100.0,20.0,100.0,20.0,100.0,20.0,100.0,20.0,79.01716843575264,15.309514615595925,61.92296141443819,44.73652981299354,65.76521557456098,13.459161793974316,78.08102103401674,31.198792831640915
0.0,500.0,12.730123982247626,51.94818559507895,43.20819699126219,7.507231169927746,11.735130422584266,27.941518173983763,35.82627493799728,53.58846969708266,100.0,20.0,100.0,20.0,100.0,20.0,100.0,20.0,79.01716843575264,15.309514615595925,61.92296141443819,44.73652981299354,78.08102103401674,31.198792831640915,65.76521557456098,13.459161793974316
0.0,500.0,12.730123982247626,51.94818559507895,11.735130422584266,27.941518173983763,35.82627493799728,53.58846969708266,43.20819699126219,7.507231169927746,100.0,20.0,100.0,20.0,100.0,20.0,100.0,20.0,79.01716843575264,15.309514615595925,78.08102103401674,31.198792831640915,65.76521557456098,13.459161793974316,61.92296141443819,44.73652981299354
0.0,500.0,12.730123982247626,51.94818559507895,11.735130422584266,27.941518173983763,43.20819699126219,7.507231169927746,35.82627493799728,53.58846969708266,100.0,20.0,100.0,20.0,100.0,20.0,100.0,20.0,79.01716843575264,15.309514615595925,78.08102103401674,31.198792831640915,61.92296141443819,44.73652981299354,65.76521557456098,13.459161793974316
0.0,500.0,54.54792674276843,52.36671813014358,26.083593019704068,55.73514920181355,53.37758006349498,9.829793063811872,7.387638858235346,41.06335839119891,60.00000000000001,40.0,60.00000000000001,40.0,60.00000000000001,40.0,60.00000000000001,40.0,67.73523445648995,26.939639020644385,77.55629851299992,26.09227071846133,94.58431354790685,40.82648517346861,78.98736291884289,29.787916224769177
0.0,500.0,54.54792674276843,52.36671813014358,7.387638858235346,41.06335839119891,26.083593019704068,55.73514920181355,53.37758006349498,9.829793063811872,60.00000000000001,40.0,60.00000000000001,40.0,60.00000000000001,40.0,60.00000000000001,40.0,67.73523445648995,26.939639020644385,78.98736291884289,29.787916224769177,77.55629851299992,26.09227071846133,94.58431354790685,40.82648517346861
0.0,500.0,54.54792674276843,52.36671813014358,7.387638858235346,41.06335839119891,53.37758006349498,9.829793063811872,26.083593019704068,55.73514920181355,60.00000000000001,40.0,60.00000000000001,40.0,60.00000000000001,40.0,60.00000000000001,40.0,67.73523445648995,26.939639020644385,78.98736291884289,29.787916224769177,94.58431354790685,40.82648517346861,77.55629851299992,26.09227071846133
0.0,500.0,54.54792674276843,52.36671813014358,53.37758006349498,9.829793063811872,26.083593019704068,55.73514920181355,7.387638858235346,41.06335839119891,60.00000000000001,40.0,60.00000000000001,40.0,60.00000000000001,40.0,60.00000000000001,40.0,67.73523445648995,26.939639020644385,94.58431354790685,40.82648517346861,77.55629851299992,26.09227071846133,78.98736291884289,29.787916224769177
0.0,500.0,54.54792674276843,52.36671813014358,53.37758006349498,9.829793063811872,7.387638858235346,41.06335839119891,26.083593019704068,55.73514920181355,60.00000000000001,40.0,60.00000000000001,40.0,60.00000000000001,40.0,60.00000000000001,40.0,67.73523445648995,26.939639020644385,94.58431354790685,40.82648517346861,78.98736291884289,29.787916224769177,77.55629851299992,26.09227071846133
0.0,500.0,26.083593019704068,55.73514920181355,54.54792674276843,52.36671813014358,7.387638858235346,41.06335839119891,53.37758006349498,9.829793063811872,60.00000000000001,40.0,60.00000000000001,40.0,60.00000000000001,40.0,60.00000000000001,40.0,77.55629851299992,26.09227071846133,67.73523445648995,26.939639020644385,78.98736291884289,29.787916224769177,94.58431354790685,40.82648517346861
0.0,500.0,26.083593019704068,55.73514920181355,54.54792674276843,52.36671813014358,53.37758006349498,9.829793063811872,7.387638858235346,41.06335839119891,60.00000000000001,40.0,60.00000000000001,40.0,60.00000000000001,40.0,60.00000000000001,40.0,77.55629851299992,26.09227071846133,67.73523445648995,26.939639020644385,94.58431354790685,40.82648517346861,78.98736291884289,29.787916224769177
0.0,500.0,26.083593019704068,55.73514920181355,7.387638858235346,41.06335839119891,54.54792674276843,52.36671813014358,53.37758006349498,9.829793063811872,60.00000000000001,40.0,60.00000000000001,40.0,60.00000000000001,40.0,60.00000000000001,40.0,77.55629851299992,26.09227071846133,78.98736291884289,29.787916224769177,67.73523445648995,26.939639020644385,94.58431354790685,40.82648517346861
0.0,500.0,26.083593019704068,55.73514920181355,7.387638858235346,41.06335839119891,53.37758006349498,9.829793063811872,54.54792674276843,52.36671813014358,60.00000000000001,40.0,60.00000000000001,40.0,60.00000000000001,40.0,60.00000000000001,40.0,77.55629851299992,26.09227071846133,78.98736291884289,29.787916224769177,94.58431354790685,40.82648517346861,67.73523445648995,26.939639020644385
0.0,500.0,26.083593019704068,55.73514920181355,53.37758006349498,9.829793063811872,54.54792674276843,52.36671813014358,7.387638858235346,41.06335839119891,60.00000000000001,40.0,60.00000000000001,40.0,60.00000000000001,40.0,60.00000000000001,40.0,77.55629851299992,26.09227071846133,94.58431354790685,40.82648517346861,67.73523445648995,26.939639020644385,78.98736291884289,29.787916224769177
0.0,500.0,26.083593019704068,55.73514920181355,53.37758006349498,9.829793063811872,7.387638858235346,41.06335839119891,54.54792674276843,52.36671813014358,60.00000000000001,40.0,60.00000000000001,40.0,60.00000000000001,40.0,60.00000000000001,40.0,77.55629851299992,26.09227071846133,94.58431354790685,40.82648517346861,78.98736291884289,29.787916224769177,67.73523445648995,26.939639020644385
0.0,500.0,7.387638858235346,41.06335839119891,54.54792674276843,52.36671813014358,26.083593019704068,55.73514920181355,53.37758006349498,9.829793063811872,60.00000000000001,40.0,60.00000000000001,40.0,60.00000000000001,40.0,60.00000000000001,40.0,78.98736291884289,29.787916224769177,67.73523445648995,26.939639020644385,77.55629851299992,26.09227071846133,94.58431354790685,40.82648517346861
0.0,500.0,7.387638858235346,41.06335839119891,54.54792674276843,52.36671813014358,53.37758006349498,9.829793063811872,26.083593019704068,55.73514920181355,60.00000000000001,40.0,60.00000000000001,40.0,60.00000000000001,40.0,60.00000000000001,40.0,78.98736291884289,29.787916224769177,67.73523445648995,26.939639020644385,94.58431354790685,40.82648517346861,77.55629851299992,26.09227071846133
0.0,500.0,7.387638858235346,41.06335839119891,26.083593019704068,55.73514920181355,54.54792674276843,52.36671813014358,53.37758006349498,9.829793063811872,60.00000000000001,40.0,60.00000000000001,40.0,60.00000000000001,40.0,60.00000000000001,40.0,78.98736291884289,29.787916224769177,77.55629851299992,26.09227071846133,67.73523445648995,26.939639020644385,94.58431354790685,40.82648517346861
0.0,500.0,7.387638858235346,41.06335839119891,26.083593019704068,55.73514920181355,53.37758006349498,9.829793063811872,54.54792674276843,52.36671813014358,60.00000000000001,40.0,60.00000000000001,40.0,60.00000000000001,40.0,60.00000000000001,40.0,78.98736291884289,29.787916224769177,77.55629851299992,26.09227071846133,94.58431354790685,40.82648517346861,67.73523445648995,26.939639020644385
0.0,500.0,7.387638858235346,41.06335839119891,53.37758006349498,9.829793063811872,54.54792674276843,52.36671813014358,26.083593019704068,55.73514920181355,60.00000000000001,40.0,60.00000000000001,40.0,60.00000000000001,40.0,60.00000000000001,40.0,78.98736291884289,29.787916224769177,94.58431354790685,40.82648517346861,67.73523445648995,26.939639020644385,77.55629851299992,26.09227071846133
0.0,500.0,7.387638858235346,41.06335839119891,53.37758006349498,9.829793063811872,26.083593019704068,55.73514920181355,54.54792674276843,52.36671813014358,60.00000000000001,40.0,60.00000000000001,40.0,60.00000000000001,40.0,60.00000000000001,40.0,78.98736291884289,29.787916224769177,94.58431354790685,40.82648517346861,77.55629851299992,26.09227071846133,67.73523445648995,26.939639020644385
0.0,500.0,53.37758006349498,9.829793063811872,54.54792674276843,52.36671813014358,26.083593019704068,55.73514920181355,7.387638858235346,41.06335839119891,60.00000000000001,40.0,60.00000000000001,40.0,60.00000000000001,40.0,60.00000000000001,40.0,94.58431354790685,40.82648517346861,67.73523445648995,26.939639020644385,77.55629851299992,26.09227071846133,78.98736291884289,29.787916224769177
0.0,500.0,53.37758006349498,9.829793063811872,54.54792674276843,52.36671813014358,7.387638858235346,41.06335839119891,26.083593019704068,55.73514920181355,60.00000000000001,40.0,60.00000000000001,40.0,60.00000000000001,40.0,60.00000000000001,40.0,94.58431354790685,40.82648517346861,67.73523445648995,26.939639020644385,78.98736291884289,29.787916224769177,77.55629851299992,26.09227071846133
0.0,500.0,53.37758006349498,9.829793063811872,26.083593019704068,55.73514920181355,54.54792674276843,52.36671813014358,7.387638858235346,41.06335839119891,60.00000000000001,40.0,60.00000000000001,40.0,60.00000000000001,40.0,60.00000000000001,40.0,94.58431354790685,40.82648517346861,77.55629851299992,26.09227071846133,67.73523445648995,26.939639020644385,78.98736291884289,29.787916224769177
0.0,500.0,53.37758006349498,9.829793063811872,26.083593019704068,55.73514920181355,7.387638858235346,41.06335839119891,54.54792674276843,52.36671813014358,60.00000000000001,40.0,60.00000000000001,40.0,60.00000000000001,40.0,60.00000000000001,40.0,94.58431354790685,40.82648517346861,77.55629851299992,26.09227071846133,78.98736291884289,29.787916224769177,67.73523445648995,26.939639020644385
0.0,500.0,53.37758006349498,9.829793063811872,7.387638858235346,41.06335839119891,54.54792674276843,52.36671813014358,26.083593019704068,55.73514920181355,60.00000000000001,40.0,60.00000000000001,40.0,60.00000000000001,40.0,60.00000000000001,40.0,94.58431354790685,40.82648517346861,78.98736291884289,29.787916224769177,67.73523445648995,26.939639020644385,77.55629851299992,26.09227071846133
0.0,500.0,53.37758006349498,9.829793063811872,7.387638858235346,41.06335839119891,26.083593019704068,55.73514920181355,54.54792674276843,52.36671813014358,60.00000000000001,40.0,60.00000000000001,40.0,60.00000000000001,40.0,60.00000000000001,40.0,94.58431354790685,40.82648517346861,78.98736291884289,29.787916224769177,77.55629851299992,26.09227071846133,67.73523445648995,26.939639020644385
0.0,500.0,56.55109035401546,42.16580384118928,1.3107137636651212,1.4520721328146746,25.28609564503224,25.513188285786125,28.47421354476287,46.709608125055446,60.0,0.0,100.0,60.0,100.0,40.0,120.0,0.0,78.35291665588804,27.261846690458352,95.32043520388704,37.48053826092546,86.68535315917919,30.136405221113304,84.33622331151977,24.88430521213938
0.0,500.0,56.55109035401546,42.16580384118928,28.47421354476287,46.709608125055446,1.3107137636651212,1.4520721328146746,25.28609564503224,25.513188285786125,60.0,0.0,120.0,0.0,100.0,60.0,100.0,40.0,78.35291665588804,27.261846690458352,84.33622331151977,24.88430521213938,95.32043520388704,37.48053826092546,86.68535315917919,30.136405221113304
0.0,500.0,56.55109035401546,42.16580384118928,28.47421354476287,46.709608125055446,25.28609564503224,25.513188285786125,1.3107137636651212,1.4520721328146746,60.0,0.0,120.0,0.0,100.0,40.0,100.0,60.0,78.35291665588804,27.261846690458352,84.33622331151977,24.88430521213938,86.68535315917919,30.136405221113304,95.32043520388704,37.48053826092546
0.0,500.0,56.55109035401546,42.16580384118928,25.28609564503224,25.513188285786125,1.3107137636651212,1.4520721328146746,28.47421354476287,46.709608125055446,60.0,0.0,100.0,40.0,100.0,60.0,120.0,0.0,78.35291665588804,27.261846690458352,86.68535315917919,30.136405221113304,95.32043520388704,37.48053826092546,84.33622331151977,24.88430521213938
0.0,500.0,56.55109035401546,42.16580384118928,25.28609564503224,25.513188285786125,28.47421354476287,46.709608125055446,1.3107137636651212,1.4520721328146746,60.0,0.0,100.0,40.0,120.0,0.0,100.0,60.0,78.35291665588804,27.261846690458352,86.68535315917919,30.136405221113304,84.33622331151977,24.88430521213938,95.32043520388704,37.48053826092546
0.0,500.0,1.3107137636651212,1.4520721328146746,56.55109035401546,42.16580384118928,28.47421354476287,46.709608125055446,25.28609564503224,25.513188285786125,100.0,60.0,60.0,0.0,120.0,0.0,100.0,40.0,95.32043520388704,37.48053826092546,78.35291665588804,27.261846690458352,84.33622331151977,24.88430521213938,86.68535315917919,30.136405221113304
0.0,500.0,1.3107137636651212,1.4520721328146746,56.55109035401546,42.16580384118928,25.28609564503224,25.513188285786125,28.47421354476287,46.709608125055446,100.0,60.0,60.0,0.0,100.0,40.0,120.0,0.0,95.32043520388704,37.48053826092546,78.35291665588804,27.261846690458352,86.68535315917919,30.136405221113304,84.33622331151977,24.88430521213938
0.0,500.0,1.3107137636651212,1.4520721328146746,28.47421354476287,46.709608125055446,56.55109035401546,42.16580384118928,25.28609564503224,25.513188285786125,100.0,60.0,120.0,0.0,60.0,0.0,100.0,40.0,95.32043520388704,37.48053826092546,84.33622331151977,24.88430521213938,78.35291665588804,27.261846690458352,86.68535315917919,30.136405221113304
0.0,500.0,1.3107137636651212,1.4520721328146746,28.47421354476287,46.709608125055446,25.28609564503224,25.513188285786125,56.55109035401546,42.16580384118928,100.0,60.0,120.0,0.0,100.0,40.0,60.0,0.0,95.32043520388704,37.48053826092546,84.33622331151977,24.88430521213938,86.68535315917919,30.136405221113304,78.35291665588804,27.261846690458352
0.0,500.0,1.3107137636651212,1.4520721328146746,25.28609564503224,25.513188285786125,56.55109035401546,42.16580384118928,28.47421354476287,46.709608125055446,100.0,60.0,100.0,40.0,60.0,0.0,120.0,0.0,95.32043520388704,37.48053826092546,86.68535315917919,30.136405221113304,78.35291665588804,27.261846690458352,84.33622331151977,24.88430521213938
0.0,500.0,1.3107137636651212,1.4520721328146746,25.28609564503224,25.513188285786125,28.47421354476287,46.709608125055446,56.55109035401546,42.16580384118928,100.0,60.0,100.0,40.0,120.0,0.0,60.0,0.0,95.32043520388704,37.48053826092546,86.68535315917919,30.136405221113304,84.33622331151977,24.88430521213938,78.35291665588804,27.261846690458352
0.0,500.0,28.47421354476287,46.709608125055446,56.55109035401546,42.16580384118928,1.3107137636651212,1.4520721328146746,25.28609564503224,25.513188285786125,120.0,0.0,60.0,0.0,100.0,60.0,100.0,40.0,84.33622331151977,24.88430521213938,78.35291665588804,27.261846690458352,95.32043520388704,37.48053826092546,86.68535315917919,30.136405221113304
0.0,500.0,28.47421354476287,46.709608125055446,56.55109035401546,42.16580384118928,25.28609564503224,25.513188285786125,1.3107137636651212,1.4520721328146746,120.0,0.0,60.0,0.0,100.0,40.0,100.0,60.0,84.33622331151977,24.88430521213938,78.35291665588804,27.261846690458352,86.68535315917919,30.136405221113304,95.32043520388704,37.48053826092546
0.0,500.0,28.47421354476287,46.709608125055446,1.3107137636651212,1.4520721328146746,56.55109035401546,42.16580384118928,25.28609564503224,25.513188285786125,120.0,0.0,100.0,60.0,60.0,0.0,100.0,40.0,84.33622331151977,24.88430521213938,95.32043520388704,37.48053826092546,78.35291665588804,27.261846690458352,86.68535315917919,30.136405221113304
0.0,500.0,28.47421354476287,46.709608125055446,1.3107137636651212,1.4520721328146746,25.28609564503224,25.513188285786125,56.55109035401546,42.16580384118928,120.0,0.0,100.0,60.0,100.0,40.0,60.0,0.0,84.33622331151977,24.88430521213938,95.32043520388704,37.48053826092546,86.68535315917919,30.136405221113304,78.35291665588804,27.261846690458352
0.0,500.0,28.47421354476287,46.709608125055446,25.28609564503224,25.513188285786125,56.55109035401546,42.16580384118928,1.3107137636651212,1.4520721328146746,120.0,0.0,100.0,40.0,60.0,0.0,100.0,60.0,84.33622331151977,24.88430521213938,86.68535315917919,30.136405221113304,78.35291665588804,27.261846690458352,95.32043520388704,37.48053826092546
0.0,500.0,28.47421354476287,46.709608125055446,25.28609564503224,25.513188285786125,1.3107137636651212,1.4520721328146746,56.55109035401546,42.16580384118928,120.0,0.0,100.0,40.0,100.0,60.0,60.0,0.0,84.33622331151977,24.88430521213938,86.68535315917919,30.136405221113304,95.32043520388704,37.48053826092546,78.35291665588804,27.261846690458352
0.0,500.0,25.28609564503224,25.513188285786125,56.55109035401546,42.16580384118928,1.3107137636651212,1.4520721328146746,28.47421354476287,46.709608125055446,100.0,40.0,60.0,0.0,100.0,60.0,120.0,0.0,86.68535315917919,30.136405221113304,78.35291665588804,27.261846690458352,95.32043520388704,37.48053826092546,84.33622331151977,24.88430521213938
0.0,500.0,25.28609564503224,25.513188285786125,56.55109035401546,42.16580384118928,28.47421354476287,46.709608125055446,1.3107137636651212,1.4520721328146746,100.0,40.0,60.0,0.0,120.0,0.0,100.0,60.0,86.68535315917919,30.136405221113304,78.35291665588804,27.261846690458352,84.33622331151977,24.88430521213938,95.32043520388704,37.48053826092546
0.0,500.0,25.28609564503224,25.513188285786125,1.3107137636651212,1.4520721328146746,56.55109035401546,42.16580384118928,28.47421354476287,46.709608125055446,100.0,40.0,100.0,60.0,60.0,0.0,120.0,0.0,86.68535315917919,30.136405221113304,95.32043520388704,37.48053826092546,78.35291665588804,27.261846690458352,84.33622331151977,24.88430521213938
0.0,500.0,25.28609564503224,25.513188285786125,1.3107137636651212,1.4520721328146746,28.47421354476287,46.709608125055446,56.55109035401546,42.16580384118928,100.0,40.0,100.0,60.0,120.0,0.0,60.0,0.0,86.68535315917919,30.136405221113304,95.32043520388704,37.48053826092546,84.33622331151977,24.88430521213938,78.35291665588804,27.261846690458352
0.0,500.0,25.28609564503224,25.513188285786125,28.47421354476287,46.709608125055446,56.55109035401546,42.16580384118928,1.3107137636651212,1.4520721328146746,100.0,40.0,120.0,0.0,60.0,0.0,100.0,60.0,86.68535315917919,30.136405221113304,84.33622331151977,24.88430521213938,78.35291665588804,27.261846690458352,95.32043520388704,37.48053826092546
0.0,500.0,25.28609564503224,25.513188285786125,28.47421354476287,46.709608125055446,1.3107137636651212,1.4520721328146746,56.55109035401546,42.16580384118928,100.0,40.0,120.0,0.0,100.0,60.0,60.0,0.0,86.68535315917919,30.136405221113304,84.33622331151977,24.88430521213938,95.32043520388704,37.48053826092546,78.35291665588804,27.261846690458352
0.0,500.0,26.29761949961138,10.622057669513667,8.159263100887744,35.044372623225776,51.436652017042434,17.332232140959412,56.50747002159251,44.56407627355854,120.0,60.0,120.0,40.0,80.0,60.0,80.0,40.0,79.83320986796934,27.76269725906485,81.96805295184417,21.915426661067755,81.5688321469406,27.62339570563156,69.3112710617222,19.194685971002244
0.0,500.0,26.29761949961138,10.622057669513667,56.50747002159251,44.56407627355854,8.159263100887744,35.044372623225776,51.436652017042434,17.332232140959412,120.0,60.0,80.0,40.0,120.0,40.0,80.0,60.0,79.83320986796934,27.76269725906485,69.3112710617222,19.194685971002244,81.96805295184417,21.915426661067755,81.5688321469406,27.62339570563156
0.0,500.0,26.29761949961138,10.622057669513667,56.50747002159251,44.56407627355854,51.436652017042434,17.332232140959412,8.159263100887744,35.044372623225776,120.0,60.0,80.0,40.0,80.0,60.0,120.0,40.0,79.83320986796934,27.76269725906485,69.3112710617222,19.194685971002244,81.5688321469406,27.62339570563156,81.96805295184417,21.915426661067755
0.0,500.0,26.29761949961138,10.622057669513667,51.436652017042434,17.332232140959412,8.159263100887744,35.044372623225776,56.50747002159251,44.56407627355854,120.0,60.0,80.0,60.0,120.0,40.0,80.0,40.0,79.83320986796934,27.76269725906485,81.5688321469406,27.62339570563156,81.96805295184417,21.915426661067755,69.3112710617222,19.194685971002244
0.0,500.0,26.29761949961138,10.622057669513667,51.436652017042434,17.332232140959412,56.50747002159251,44.56407627355854,8.159263100887744,35.044372623225776,120.0,60.0,80.0,60.0,80.0,40.0,120.0,40.0,79.83320986796934,27.76269725906485,81.5688321469406,27.62339570563156,69.3112710617222,19.194685971002244,81.96805295184417,21.915426661067755
0.0,500.0,8.159263100887744,35.044372623225776,26.29761949961138,10.622057669513667,56.50747002159251,44.56407627355854,51.436652017042434,17.332232140959412,120.0,40.0,120.0,60.0,80.0,40.0,80.0,60.0,81.96805295184417,21.915426661067755,79.83320986796934,27.76269725906485,69.3112710617222,19.194685971002244,81.5688321469406,27.62339570563156
0.0,500.0,8.159263100887744,35.044372623225776,26.29761949961138,10.622057669513667,51.436652017042434,17.332232140959412,56.50747002159251,44.56407627355854,120.0,40.0,120.0,60.0,80.0,60.0,80.0,40.0,81.96805295184417,21.915426661067755,79.83320986796934,27.76269725906485,81.5688321469406,27.62339570563156,69.3112710617222,19.194685971002244
0.0,500.0,8.159263100887744,35.044372623225776,56.50747002159251,44.56407627355854,26.29761949961138,10.622057669513667,51.436652017042434,17.332232140959412,120.0,40.0,80.0,40.0,120.0,60.0,80.0,60.0,81.96805295184417,21.915426661067755,69.3112710617222,19.194685971002244,79.83320986796934,27.76269725906485,81.5688321469406,27.62339570563156
0.0,500.0,8.159263100887744,35.044372623225776,56.50747002159251,44.56407627355854,51.436652017042434,17.332232140959412,26.29761949961138,10.622057669513667,120.0,40.0,80.0,40.0,80.0,60.0,120.0,60.0,81.96805295184417,21.915426661067755,69.3112710617222,19.194685971002244,81.5688321469406,27.62339570563156,79.83320986796934,27.76269725906485
0.0,500.0,8.159263100887744,35.044372623225776,51.436652017042434,17.332232140959412,26.29761949961138,10.622057669513667,56.50747002159251,44.56407627355854,120.0,40.0,80.0,60.0,120.0,60.0,80.0,40.0,81.96805295184417,21.915426661067755,81.5688321469406,27.62339570563156,79.83320986796934,27.76269725906485,69.3112710617222,19.194685971002244
0.0,500.0,8.159263100887744,35.044372623225776,51.436652017042434,17.332232140959412,56.50747002159251,44.56407627355854,26.29761949961138,10.622057669513667,120.0,40.0,80.0,60.0,80.0,40.0,120.0,60.0,81.96805295184417,21.915426661067755,81.5688321469406,27.62339570563156,69.3112710617222,19.194685971002244,79.83320986796934,27.76269725906485
0.0,500.0,56.50747002159251,44.56407627355854,26.29761949961138,10.622057669513667,8.159263100887744,35.044372623225776,51.436652017042434,17.332232140959412,80.0,40.0,120.0,60.0,120.0,40.0,80.0,60.0,69.3112710617222,19.194685971002244,79.83320986796934,27.76269725906485,81.96805295184417,21.915426661067755,81.5688321469406,27.62339570563156
0.0,500.0,56.50747002159251,44.56407627355854,26.29761949961138,10.622057669513667,51.436652017042434,17.332232140959412,8.159263100887744,35.044372623225776,80.0,40.0,120.0,60.0,80.0,60.0,120.0,40.0,69.3112710617222,19.194685971002244,79.83320986796934,27.76269725906485,81.5688321469406,27.62339570563156,81.96805295184417,21.915426661067755
0.0,500.0,56.50747002159251,44.56407627355854,8.159263100887744,35.044372623225776,26.29761949961138,10.622057669513667,51.436652017042434,17.332232140959412,80.0,40.0,120.0,40.0,120.0,60.0,80.0,60.0,69.3112710617222,19.194685971002244,81.96805295184417,21.915426661067755,79.83320986796934,27.76269725906485,81.5688321469406,27.62339570563156
0.0,500.0,56.50747002159251,44.56407627355854,8.159263100887744,35.044372623225776,51.436652017042434,17.332232140959412,26.29761949961138,10.622057669513667,80.0,40.0,120.0,40.0,80.0,60.0,120.0,60.0,69.3112710617222,19.194685971002244,81.96805295184417,21.915426661067755,81.5688321469406,27.62339570563156,79.83320986796934,27.76269725906485
0.0,500.0,56.50747002159251,44.56407627355854,51.436652017042434,17.332232140959412,26.29761949961138,10.622057669513667,8.159263100887744,35.044372623225776,80.0,40.0,80.0,60.0,120.0,60.0,120.0,40.0,69.3112710617222,19.194685971002244,81.5688321469406,27.62339570563156,79.83320986796934,27.76269725906485,81.96805295184417,21.915426661067755
0.0,500.0,56.50747002159251,44.56407627355854,51.436652017042434,17.332232140959412,8.159263100887744,35.044372623225776,26.29761949961138,10.622057669513667,80.0,40.0,80.0,60.0,120.0,40.0,120.0,60.0,69.3112710617222,19.194685971002244,81.5688321469406,27.62339570563156,81.96805295184417,21.915426661067755,79.83320986796934,27.76269725906485
0.0,500.0,51.436652017042434,17.332232140959412,26.29761949961138,10.622057669513667,8.159263100887744,35.044372623225776,56.50747002159251,44.56407627355854,80.0,60.0,120.0,60.0,120.0,40.0,80.0,40.0,81.5688321469406,27.62339570563156,79.83320986796934,27.76269725906485,81.96805295184417,21.915426661067755,69.3112710617222,19.194685971002244
0.0,500.0,51.436652017042434,17.332232140959412,26.29761949961138,10.622057669513667,56.50747002159251,44.56407627355854,8.159263100887744,35.044372623225776,80.0,60.0,120.0,60.0,80.0,40.0,120.0,40.0,81.5688321469406,27.62339570563156,79.83320986796934,27.76269725906485,69.3112710617222,19.194685971002244,81.96805295184417,21.915426661067755
0.0,500.0,51.436652017042434,17.332232140959412,8.159263100887744,35.044372623225776,26.29761949961138,10.622057669513667,56.50747002159251,44.56407627355854,80.0,60.0,120.0,40.0,120.0,60.0,80.0,40.0,81.5688321469406,27.62339570563156,81.96805295184417,21.915426661067755,79.83320986796934,27.76269725906485,69.3112710617222,19.194685971002244
0.0,500.0,51.436652017042434,17.332232140959412,8.159263100887744,35.044372623225776,56.50747002159251,44.56407627355854,26.29761949961138,10.622057669513667,80.0,60.0,120.0,40.0,80.0,40.0,120.0,60.0,81.5688321469406,27.62339570563156,81.96805295184417,21.915426661067755,69.3112710617222,19.194685971002244,79.83320986796934,27.76269725906485
0.0,500.0,51.436652017042434,17.332232140959412,56.50747002159251,44.56407627355854,26.29761949961138,10.622057669513667,8.159263100887744,35.044372623225776,80.0,60.0,80.0,40.0,120.0,60.0,120.0,40.0,81.5688321469406,27.62339570563156,69.3112710617222,19.194685971002244,79.83320986796934,27.76269725906485,81.96805295184417,21.915426661067755
0.0,500.0,51.436652017042434,17.332232140959412,56.50747002159251,44.56407627355854,8.159263100887744,35.044372623225776,26.29761949961138,10.622057669513667,80.0,60.0,80.0,40.0,120.0,40.0,120.0,60.0,81.5688321469406,27.62339570563156,69.3112710617222,19.194685971002244,81.96805295184417,21.915426661067755,79.83320986796934,27.76269725906485
0.0,500.0,25.588670881418164,38.09203944321389,3.4764116466160577,46.7646209904263,19.04502096122945,3.7262675310507687,51.89543429029944,57.23531273787504,60.0,0.0,60.0,0.0,60.0,0.0,60.0,0.0,70.70978986566735,51.45197115100714,81.85547395604138,48.41476788171872,85.8862960237453,59.70855504101596,83.4392949539369,48.34476345084347
0.0,500.0,25.588670881418164,38.09203944321389,51.89543429029944,57.23531273787504,3.4764116466160577,46.7646209904263,19.04502096122945,3.7262675310507687,60.0,0.0,60.0,0.0,60.0,0.0,60.0,0.0,70.70978986566735,51.45197115100714,83.4392949539369,48.34476345084347,81.85547395604138,48.41476788171872,85.8862960237453,59.70855504101596
0.0,500.0,25.588670881418164,38.09203944321389,51.89543429029944,57.23531273787504,19.04502096122945,3.7262675310507687,3.4764116466160577,46.7646209904263,60.0,0.0,60.0,0.0,60.0,0.0,60.0,0.0,70.70978986566735,51.45197115100714,83.4392949539369,48.34476345084347,85.8862960237453,59.70855504101596,81.85547395604138,48.41476788171872
0.0,500.0,25.588670881418164,38.09203944321389,19.04502096122945,3.7262675310507687,3.4764116466160577,46.7646209904263,51.89543429029944,57.23531273787504,60.0,0.0,60.0,0.0,60.0,0.0,60.0,0.0,70.70978986566735,51.45197115100714,85.8862960237453,59.70855504101596,81.85547395604138,48.41476788171872,83.4392949539369,48.34476345084347
0.0,500.0,25.588670881418164,38.09203944321389,19.04502096122945,3.7262675310507687,51.89543429029944,57.23531273787504,3.4764116466160577,46.7646209904263,60.0,0.0,60.0,0.0,60.0,0.0,60.0,0.0,70.70978986566735,51.45197115100714,85.8862960237453,59.70855504101596,83.4392949539369,48.34476345084347,81.85547395604138,48.41476788171872
0.0,500.0,3.4764116466160577,46.7646209904263,25.588670881418164,38.09203944321389,51.89543429029944,57.23531273787504,19.04502096122945,3.7262675310507687,60.0,0.0,60.0,0.0,60.0,0.0,60.0,0.0,81.85547395604138,48.41476788171872,70.70978986566735,51.45197115100714,83.4392949539369,48.34476345084347,85.8862960237453,59.70855504101596
0.0,500.0,3.4764116466160577,46.7646209904263,25.588670881418164,38.09203944321389,19.04502096122945,3.7262675310507687,51.89543429029944,57.23531273787504,60.0,0.0,60.0,0.0,60.0,0.0,60.0,0.0,81.85547395604138,48.41476788171872,70.70978986566735,51.45197115100714,85.8862960237453,59.70855504101596,83.4392949539369,48.34476345084347
0.0,500.0,3.4764116466160577,46.7646209904263,51.89543429029944,57.23531273787504,25.588670881418164,38.09203944321389,19.04502096122945,3.7262675310507687,60.0,0.0,60.0,0.0,60.0,0.0,60.0,0.0,81.85547395604138,48.41476788171872,83.4392949539369,48.34476345084347,70.70978986566735,51.45197115100714,85.8862960237453,59.70855504101596
0.0,500.0,3.4764116466160577,46.7646209904263,51.89543429029944,57.23531273787504,19.04502096122945,3.7262675310507687,25.588670881418164,38.09203944321389,60.0,0.0,60.0,0.0,60.0,0.0,60.0,0.0,81.85547395604138,48.41476788171872,83.4392949539369,48.34476345084347,85.8862960237453,59.70855504101596,70.70978986566735,51.45197115100714
0.0,500.0,3.4764116466160577,46.7646209904263,19.04502096122945,3.7262675310507687,25.588670881418164,38.09203944321389,51.89543429029944,57.23531273787504,60.0,0.0,60.0,0.0,60.0,0.0,60.0,0.0,81.85547395604138,48.41476788171872,85.8862960237453,59.70855504101596,70.70978986566735,51.45197115100714,83.4392949539369,48.34476345084347
0.0,500.0,3.4764116466160577,46.7646209904263,19.04502096122945,3.7262675310507687,51.89543429029944,57.23531273787504,25.588670881418164,38.09203944321389,60.0,0.0,60.0,0.0,60.0,0.0,60.0,0.0,81.85547395604138,48.41476788171872,85.8862960237453,59.70855504101596,83.4392949539369,48.34476345084347,70.70978986566735,51.45197115100714
0.0,500.0,51.89543429029944,57.23531273787504,25.588670881418164,38.09203944321389,3.4764116466160577,46.7646209904263,19.04502096122945,3.7262675310507687,60.0,0.0,60.0,0.0,60.0,0.0,60.0,0.0,83.4392949539369,48.34476345084347,70.70978986566735,51.45197115100714,81.85547395604138,48.41476788171872,85.8862960237453,59.70855504101596
0.0,500.0,51.89543429029944,57.23531273787504,25.588670881418164,38.09203944321389,19.04502096122945,3.7262675310507687,3.4764116466160577,46.7646209904263,60.0,0.0,60.0,0.0,60.0,0.0,60.0,0.0,83.4392949539369,48.34476345084347,70.70978986566735,51.45197115100714,85.8862960237453,59.70855504101596,81.85547395604138,48.41476788171872
0.0,500.0,51.89543429029944,57.23531273787504,3.4764116466160577,46.7646209904263,25.588670881418164,38.09203944321389,19.04502096122945,3.7262675310507687,60.0,0.0,60.0,0.0,60.0,0.0,60.0,0.0,83.4392949539369,48.34476345084347,81.85547395604138,48.41476788171872,70.70978986566735,51.45197115100714,85.8862960237453,59.70855504101596
0.0,500.0,51.89543429029944,57.23531273787504,3.4764116466160577,46.7646209904263,19.04502096122945,3.7262675310507687,25.588670881418164,38.09203944321389,60.0,0.0,60.0,0.0,60.0,0.0,60.0,0.0,83.4392949539369,48.34476345084347,81.85547395604138,48.41476788171872,85.8862960237453,59.70855504101596,70.70978986566735,51.45197115100714
0.0,500.0,51.89543429029944,57.23531273787504,19.04502096122945,3.7262675310507687,25.588670881418164,38.09203944321389,3.4764116466160577,46.7646209904263,60.0,0.0,60.0,0.0,60.0,0.0,60.0,0.0,83.4392949539369,48.34476345084347,85.8862960237453,59.70855504101596,70.70978986566735,51.45197115100714,81.85547395604138,48.41476788171872
0.0,500.0,51.89543429029944,57.23531273787504,19.04502096122945,3.7262675310507687,3.4764116466160577,46.7646209904263,25.588670881418164,38.09203944321389,60.0,0.0,60.0,0.0,60.0,0.0,60.0,0.0,83.4392949539369,48.34476345084347,85.8862960237453,59.70855504101596,81.85547395604138,48.41476788171872,70.70978986566735,51.45197115100714
0.0,500.0,19.04502096122945,3.7262675310507687,25.588670881418164,38.09203944321389,3.4764116466160577,46.7646209904263,51.89543429029944,57.23531273787504,60.0,0.0,60.0,0.0,60.0,0.0,60.0,0.0,85.8862960237453,59.70855504101596,70.70978986566735,51.45197115100714,81.85547395604138,48.41476788171872,83.4392949539369,48.34476345084347
0.0,500.0,19.04502096122945,3.7262675310507687,25.588670881418164,38.09203944321389,51.89543429029944,57.23531273787504,3.4764116466160577,46.7646209904263,60.0,0.0,60.0,0.0,60.0,0.0,60.0,0.0,85.8862960237453,59.70855504101596,70.70978986566735,51.45197115100714,83.4392949539369,48.34476345084347,81.85547395604138,48.41476788171872
0.0,500.0,19.04502096122945,3.7262675310507687,3.4764116466160577,46.7646209904263,25.588670881418164,38.09203944321389,51.89543429029944,57.23531273787504,60.0,0.0,60.0,0.0,60.0,0.0,60.0,0.0,85.8862960237453,59.70855504101596,81.85547395604138,48.41476788171872,70.70978986566735,51.45197115100714,83.4392949539369,48.34476345084347
0.0,500.0,19.04502096122945,3.7262675310507687,3.4764116466160577,46.7646209904263,51.89543429029944,57.23531273787504,25.588670881418164,38.09203944321389,60.0,0.0,60.0,0.0,60.0,0.0,60.0,0.0,85.8862960237453,59.70855504101596,81.85547395604138,48.41476788171872,83.4392949539369,48.34476345084347,70.70978986566735,51.45197115100714
0.0,500.0,19.04502096122945,3.7262675310507687,51.89543429029944,57.23531273787504,25.588670881418164,38.09203944321389,3.4764116466160577,46.7646209904263,60.0,0.0,60.0,0.0,60.0,0.0,60.0,0.0,85.8862960237453,59.70855504101596,83.4392949539369,48.34476345084347,70.70978986566735,51.45197115100714,81.85547395604138,48.41476788171872
0.0,500.0,19.04502096122945,3.7262675310507687,51.89543429029944,57.23531273787504,3.4764116466160577,46.7646209904263,25.588670881418164,38.09203944321389,60.0,0.0,60.0,0.0,60.0,0.0,60.0,0.0,85.8862960237453,59.70855504101596,83.4392949539369,48.34476345084347,81.85547395604138,48.41476788171872,70.70978986566735,51.45197115100714
0.0,500.0,1.2944118027610885,40.88481364879613,50.35445727302164,6.084072657683919,26.24652777410228,16.961404311282003,37.37126712945376,39.609436053519474,100.0,20.0,100.0,20.0,100.0,20.0,100.0,20.0,113.63461532328192,1.363552031338962,64.64078053617817,59.467958902816456,82.8718909035813,45.569239163054505,65.45423232686485,11.66894528124476
0.0,500.0,1.2944118027610885,40.88481364879613,37.37126712945376,39.609436053519474,50.35445727302164,6.084072657683919,26.24652777410228,16.961404311282003,100.0,20.0,100.0,20.0,100.0,20.0,100.0,20.0,113.63461532328192,1.363552031338962,65.45423232686485,11.66894528124476,64.64078053617817,59.467958902816456,82.8718909035813,45.569239163054505
0.0,500.0,1.2944118027610885,40.88481364879613,37.37126712945376,39.609436053519474,26.24652777410228,16.961404311282003,50.35445727302164,6.084072657683919,100.0,20.0,100.0,20.0,100.0,20.0,100.0,20.0,113.63461532328192,1.363552031338962,65.45423232686485,11.66894528124476,82.8718909035813,45.569239163054505,64.64078053617817,59.467958902816456
0.0,500.0,1.2944118027610885,40.88481364879613,26.24652777410228,16.961404311282003,50.35445727302164,6.084072657683919,37.37126712945376,39.609436053519474,100.0,20.0,100.0,20.0,100.0,20.0,100.0,20.0,113.63461532328192,1.363552031338962,82.8718909035813,45.569239163054505,64.64078053617817,59.467958902816456,65.45423232686485,11.66894528124476
0.0,500.0,1.2944118027610885,40.88481364879613,26.24652777410228,16.961404311282003,37.37126712945376,39.609436053519474,50.35445727302164,6.084072657683919,100.0,20.0,100.0,20.0,100.0,20.0,100.0,20.0,113.63461532328192,1.363552031338962,82.8718909035813,45.569239163054505,65.45423232686485,11.66894528124476,64.64078053617817,59.467958902816456
0.0,500.0,50.35445727302164,6.084072657683919,1.2944118027610885,40.88481364879613,37.37126712945376,39.609436053519474,26.24652777410228,16.961404311282003,100.0,20.0,100.0,20.0,100.0,20.0,100.0,20.0,64.64078053617817,59.467958902816456,113.63461532328192,1.363552031338962,65.45423232686485,11.66894528124476,82.8718909035813,45.569239163054505
0.0,500.0,50.35445727302164,6.084072657683919,1.2944118027610885,40.88481364879613,26.24652777410228,16.961404311282003,37.37126712945376,39.609436053519474,100.0,20.0,100.0,20.0,100.0,20.0,100.0,20.0,64.64078053617817,59.467958902816456,113.63461532328192,1.363552031338962,82.8718909035813,45.569239163054505,65.45423232686485,11.66894528124476
0.0,500.0,50.35445727302164,6.084072657683919,37.37126712945376,39.609436053519474,1.2944118027610885,40.88481364879613,26.24652777410228,16.961404311282003,100.0,20.0,100.0,20.0,100.0,20.0,100.0,20.0,64.64078053617817,59.467958902816456,65.45423232686485,11.66894528124476,113.63461532328192,1.363552031338962,82.8718909035813,45.569239163054505
0.0,500.0,50.35445727302164,6.084072657683919,37.37126712945376,39.609436053519474,26.24652777410228,16.961404311282003,1.2944118027610885,40.88481364879613,100.0,20.0,100.0,20.0,100.0,20.0,100.0,20.0,64.64078053617817,59.467958902816456,65.45423232686485,11.66894528124476,82.8718909035813,45.569239163054505,113.63461532328192,1.363552031338962
0.0,500.0,50.35445727302164,6.084072657683919,26.24652777410228,16.961404311282003,1.2944118027610885,40.88481364879613,37.37126712945376,39.609436053519474,100.0,20.0,100.0,20.0,100.0,20.0,100.0,20.0,64.64078053617817,59.467958902816456,82.8718909035813,45.569239163054505,113.63461532328192,1.363552031338962,65.45423232686485,11.66894528124476
0.0,500.0,50.35445727302164,6.084072657683919,26.24652777410228,16.961404311282003,37.37126712945376,39.609436053519474,1.2944118027610885,40.88481364879613,100.0,20.0,100.0,20.0,100.0,20.0,100.0,20.0,64.64078053617817,59.467958902816456,82.8718909035813,45.569239163054505,65.45423232686485,11.66894528124476,113.63461532328192,1.363552031338962
0.0,500.0,37.37126712945376,39.609436053519474,1.2944118027610885,40.88481364879613,50.35445727302164,6.084072657683919,26.24652777410228,16.961404311282003,100.0,20.0,100.0,20.0,100.0,20.0,100.0,20.0,65.45423232686485,11.66894528124476,113.63461532328192,1.363552031338962,64.64078053617817,59.467958902816456,82.8718909035813,45.569239163054505
0.0,500.0,37.37126712945376,39.609436053519474,1.2944118027610885,40.88481364879613,26.24652777410228,16.961404311282003,50.35445727302164,6.084072657683919,100.0,20.0,100.0,20.0,100.0,20.0,100.0,20.0,65.45423232686485,11.66894528124476,113.63461532328192,1.363552031338962,82.8718909035813,45.569239163054505,64.64078053617817,59.467958902816456
0.0,500.0,37.37126712945376,39.609436053519474,50.35445727302164,6.084072657683919,1.2944118027610885,40.88481364879613,26.24652777410228,16.961404311282003,100.0,20.0,100.0,20.0,100.0,20.0,100.0,20.0,65.45423232686485,11.66894528124476,64.64078053617817,59.467958902816456,113.63461532328192,1.363552031338962,82.8718909035813,45.569239163054505
0.0,500.0,37.37126712945376,39.609436053519474,50.35445727302164,6.084072657683919,26.24652777410228,16.961404311282003,1.2944118027610885,40.88481364879613,100.0,20.0,100.0,20.0,100.0,20.0,100.0,20.0,65.45423232686485,11.66894528124476,64.64078053617817,59.467958902816456,82.8718909035813,45.569239163054505,113.63461532328192,1.363552031338962
0.0,500.0,37.37126712945376,39.609436053519474,26.24652777410228,16.961404311282003,1.2944118027610885,40.88481364879613,50.35445727302164,6.084072657683919,100.0,20.0,100.0,20.0,100.0,20.0,100.0,20.0,65.45423232686485,11.66894528124476,82.8718909035813,45.569239163054505,113.63461532328192,1.363552031338962,64.64078053617817,59.467958902816456
0.0,500.0,37.37126712945376,39.609436053519474,26.24652777410228,16.961404311282003,50.35445727302164,6.084072657683919,1.2944118027610885,40.88481364879613,100.0,20.0,100.0,20.0,100.0,20.0,100.0,20.0,65.45423232686485,11.66894528124476,82.8718909035813,45.569239163054505,64.64078053617817,59.467958902816456,113.63461532328192,1.363552031338962
0.0,500.0,26.24652777410228,16.961404311282003,1.2944118027610885,40.88481364879613,50.35445727302164,6.084072657683919,37.37126712945376,39.609436053519474,100.0,20.0,100.0,20.0,100.0,20.0,100.0,20.0,82.8718909035813,45.569239163054505,113.63461532328192,1.363552031338962,64.64078053617817,59.467958902816456,65.45423232686485,11.66894528124476
0.0,500.0,26.24652777410228,16.961404311282003,1.2944118027610885,40.88481364879613,37.37126712945376,39.609436053519474,50.35445727302164,6.084072657683919,100.0,20.0,100.0,20.0,100.0,20.0,100.0,20.0,82.8718909035813,45.569239163054505,113.63461532328192,1.363552031338962,65.45423232686485,11.66894528124476,64.64078053617817,59.467958902816456
0.0,500.0,26.24652777410228,16.961404311282003,50.35445727302164,6.084072657683919,1.2944118027610885,40.88481364879613,37.37126712945376,39.609436053519474,100.0,20.0,100.0,20.0,100.0,20.0,100.0,20.0,82.8718909035813,45.569239163054505,64.64078053617817,59.467958902816456,113.63461532328192,1.363552031338962,65.45423232686485,11.66894528124476
0.0,500.0,26.24652777410228,16.961404311282003,50.35445727302164,6.084072657683919,37.37126712945376,39.609436053519474,1.2944118027610885,40.88481364879613,100.0,20.0,100.0,20.0,100.0,20.0,100.0,20.0,82.8718909035813,45.569239163054505,64.64078053617817,59.467958902816456,65.45423232686485,11.66894528124476,113.63461532328192,1.363552031338962
0.0,500.0,26.24652777410228,16.961404311282003,37.37126712945376,39.609436053519474,1.2944118027610885,40.88481364879613,50.35445727302164,6.084072657683919,100.0,20.0,100.0,20.0,100.0,20.0,100.0,20.0,82.8718909035813,45.569239163054505,65.45423232686485,11.66894528124476,113.63461532328192,1.363552031338962,64.64078053617817,59.467958902816456
0.0,500.0,26.24652777410228,16.961404311282003,37.37126712945376,39.609436053519474,50.35445727302164,6.084072657683919,1.2944118027610885,40.88481364879613,100.0,20.0,100.0,20.0,100.0,20.0,100.0,20.0,82.8718909035813,45.569239163054505,65.45423232686485,11.66894528124476,64.64078053617817,59.467958902816456,113.63461532328192,1.363552031338962
0.0,500.0,4.986313481924669,28.443465478277947,39.262306054545846,45.08312330904238,58.59750221033434,55.27925142276624,32.20875713361245,6.580401820989456,100.0,40.0,100.0,40.0,100.0,40.0,100.0,40.0,110.26913979615136,28.294543479318264,105.346484335296,22.609388976254053,86.90107871846561,13.748499003471288,107.23438602030932,45.64083479284786
0.0,500.0,4.986313481924669,28.443465478277947,32.20875713361245,6.580401820989456,39.262306054545846,45.08312330904238,58.59750221033434,55.27925142276624,100.0,40.0,100.0,40.0,100.0,40.0,100.0,40.0,110.26913979615136,28.294543479318264,107.23438602030932,45.64083479284786,105.346484335296,22.609388976254053,86.90107871846561,13.748499003471288
0.0,500.0,4.986313481924669,28.443465478277947,32.20875713361245,6.580401820989456,58.59750221033434,55.27925142276624,39.262306054545846,45.08312330904238,100.0,40.0,100.0,40.0,100.0,40.0,100.0,40.0,110.26913979615136,28.294543479318264,107.23438602030932,45.64083479284786,86.90107871846561,13.748499003471288,105.346484335296,22.609388976254053
0.0,500.0,4.986313481924669,28.443465478277947,58.59750221033434,55.27925142276624,39.262306054545846,45.08312330904238,32.20875713361245,6.580401820989456,100.0,40.0,100.0,40.0,100.0,40.0,100.0,40.0,110.26913979615136,28.294543479318264,86.90107871846561,13.748499003471288,105.346484335296,22.609388976254053,107.23438602030932,45.64083479284786
0.0,500.0,4.986313481924669,28.443465478277947,58.59750221033434,55.27925142276624,32.20875713361245,6.580401820989456,39.262306054545846,45.08312330904238,100.0,40.0,100.0,40.0,100.0,40.0,100.0,40.0,110.26913979615136,28.294543479318264,86.90107871846561,13.748499003471288,107.23438602030932,45.64083479284786,105.346484335296,22.609388976254053
0.0,500.0,39.262306054545846,45.08312330904238,4.986313481924669,28.443465478277947,32.20875713361245,6.580401820989456,58.59750221033434,55.27925142276624,100.0,40.0,100.0,40.0,100.0,40.0,100.0,40.0,105.346484335296,22.609388976254053,110.26913979615136,28.294543479318264,107.23438602030932,45.64083479284786,86.90107871846561,13.748499003471288
0.0,500.0,39.262306054545846,45.08312330904238,4.986313481924669,28.443465478277947,58.59750221033434,55.27925142276624,32.20875713361245,6.580401820989456,100.0,40.0,100.0,40.0,100.0,40.0,100.0,40.0,105.346484335296,22.609388976254053,110.26913979615136,28.294543479318264,86.90107871846561,13.748499003471288,107.23438602030932,45.64083479284786
0.0,500.0,39.262306054545846,45.08312330904238,32.20875713361245,6.580401820989456,4.986313481924669,28.443465478277947,58.59750221033434,55.27925142276624,100.0,40.0,100.0,40.0,100.0,40.0,100.0,40.0,105.346484335296,22.609388976254053,107.23438602030932,45.64083479284786,110.26913979615136,28.294543479318264,86.90107871846561,13.748499003471288
0.0,500.0,39.262306054545846,45.08312330904238,32.20875713361245,6.580401820989456,58.59750221033434,55.27925142276624,4.986313481924669,28.443465478277947,100.0,40.0,100.0,40.0,100.0,40.0,100.0,40.0,105.346484335296,22.609388976254053,107.23438602030932,45.64083479284786,86.90107871846561,13.748499003471288,110.26913979615136,28.294543479318264
0.0,500.0,39.262306054545846,45.08312330904238,58.59750221033434,55.27925142276624,4.986313481924669,28.443465478277947,32.20875713361245,6.580401820989456,100.0,40.0,100.0,40.0,100.0,40.0,100.0,40.0,105.346484335296,22.609388976254053,86.90107871846561,13.748499003471288,110.26913979615136,28.294543479318264,107.23438602030932,45.64083479284786
0.0,500.0,39.262306054545846,45.08312330904238,58.59750221033434,55.27925142276624,32.20875713361245,6.580401820989456,4.986313481924669,28.443465478277947,100.0,40.0,100.0,40.0,100.0,40.0,100.0,40.0,105.346484335296,22.609388976254053,86.90107871846561,13.748499003471288,107.23438602030932,45.64083479284786,110.26913979615136,28.294543479318264
0.0,500.0,32.20875713361245,6.580401820989456,4.986313481924669,28.443465478277947,39.262306054545846,45.08312330904238,58.59750221033434,55.27925142276624,100.0,40.0,100.0,40.0,100.0,40.0,100.0,40.0,107.23438602030932,45.64083479284786,110.26913979615136,28.294543479318264,105.346484335296,22.609388976254053,86.90107871846561,13.748499003471288
0.0,500.0,32.20875713361245,6.580401820989456,4.986313481924669,28.443465478277947,58.59750221033434,55.27925142276624,39.262306054545846,45.08312330904238,100.0,40.0,100.0,40.0,100.0,40.0,100.0,40.0,107.23438602030932,45.64083479284786,110.26913979615136,28.294543479318264,86.90107871846561,13.748499003471288,105.346484335296,22.609388976254053
0.0,500.0,32.20875713361245,6.580401820989456,39.262306054545846,45.08312330904238,4.986313481924669,28.443465478277947,58.59750221033434,55.27925142276624,100.0,40.0,100.0,40.0,100.0,40.0,100.0,40.0,107.23438602030932,45.64083479284786,105.346484335296,22.609388976254053,110.26913979615136,28.294543479318264,86.90107871846561,13.748499003471288
0.0,500.0,32.20875713361245,6.580401820989456,39.262306054545846,45.08312330904238,58.59750221033434,55.27925142276624,4.986313481924669,28.443465478277947,100.0,40.0,100.0,40.0,100.0,40.0,100.0,40.0,107.23438602030932,45.64083479284786,105.346484335296,22.609388976254053,86.90107871846561,13.748499003471288,110.26913979615136,28.294543479318264
0.0,500.0,32.20875713361245,6.580401820989456,58.59750221033434,55.27925142276624,4.986313481924669,28.443465478277947,39.262306054545846,45.08312330904238,100.0,40.0,100.0,40.0,100.0,40.0,100.0,40.0,107.23438602030932,45.64083479284786,86.90107871846561,13.748499003471288,110.26913979615136,28.294543479318264,105.346484335296,22.609388976254053
0.0,500.0,32.20875713361245,6.580401820989456,58.59750221033434,55.27925142276624,39.262306054545846,45.08312330904238,4.986313481924669,28.443465478277947,100.0,40.0,100.0,40.0,100.0,40.0,100.0,40.0,107.23438602030932,45.64083479284786,86.90107871846561,13.748499003471288,105.346484335296,22.609388976254053,110.26913979615136,28.294543479318264
0.0,500.0,58.59750221033434,55.27925142276624,4.986313481924669,28.443465478277947,39.262306054545846,45.08312330904238,32.20875713361245,6.580401820989456,100.0,40.0,100.0,40.0,100.0,40.0,100.0,40.0,86.90107871846561,13.748499003471288,110.26913979615136,28.294543479318264,105.346484335296,22.609388976254053,107.23438602030932,45.64083479284786
0.0,500.0,58.59750221033434,55.27925142276624,4.986313481924669,28.443465478277947,32.20875713361245,6.580401820989456,39.262306054545846,45.08312330904238,100.0,40.0,100.0,40.0,100.0,40.0,100.0,40.0,86.90107871846561,13.748499003471288,110.26913979615136,28.294543479318264,107.23438602030932,45.64083479284786,105.346484335296,22.609388976254053
0.0,500.0,58.59750221033434,55.27925142276624,39.262306054545846,45.08312330904238,4.986313481924669,28.443465478277947,32.20875713361245,6.580401820989456,100.0,40.0,100.0,40.0,100.0,40.0,100.0,40.0,86.90107871846561,13.748499003471288,105.346484335296,22.609388976254053,110.26913979615136,28.294543479318264,107.23438602030932,45.64083479284786
0.0,500.0,58.59750221033434,55.27925142276624,39.262306054545846,45.08312330904238,32.20875713361245,6.580401820989456,4.986313481924669,28.443465478277947,100.0,40.0,100.0,40.0,100.0,40.0,100.0,40.0,86.90107871846561,13.748499003471288,105.346484335296,22.609388976254053,107.23438602030932,45.64083479284786,110.26913979615136,28.294543479318264
0.0,500.0,58.59750221033434,55.27925142276624,32.20875713361245,6.580401820989456,4.986313481924669,28.443465478277947,39.262306054545846,45.08312330904238,100.0,40.0,100.0,40.0,100.0,40.0,100.0,40.0,86.90107871846561,13.748499003471288,107.23438602030932,45.64083479284786,110.26913979615136,28.294543479318264,105.346484335296,22.609388976254053
0.0,500.0,58.59750221033434,55.27925142276624,32.20875713361245,6.580401820989456,39.262306054545846,45.08312330904238,4.986313481924669,28.443465478277947,100.0,40.0,100.0,40.0,100.0,40.0,100.0,40.0,86.90107871846561,13.748499003471288,107.23438602030932,45.64083479284786,105.346484335296,22.609388976254053,110.26913979615136,28.294543479318264
0.0,500.0,5.211348800272397,8.376148412347781,57.369293262625085,17.95851595357707,36.03274430982172,41.498665211570525,9.102339826940264,33.941225583291185,100.0,40.0,100.0,40.0,100.0,40.0,100.0,40.0,109.86580489732074,35.02614594283381,70.00931552798373,28.34073581247865,89.50937373231574,15.218762872532274,109.36019341461858,20.89088697378736
0.0,500.0,5.211348800272397,8.376148412347781,9.102339826940264,33.941225583291185,57.369293262625085,17.95851595357707,36.03274430982172,41.498665211570525,99.99999999999999,40.0,99.99999999999999,40.0,99.99999999999999,40.0,99.99999999999999,40.0,109.86580489732074,35.02614594283381,109.36019341461858,20.89088697378736,70.00931552798373,28.34073581247865,89.50937373231574,15.218762872532274
0.0,500.0,5.211348800272397,8.376148412347781,9.102339826940264,33.941225583291185,36.03274430982172,41.498665211570525,57.369293262625085,17.95851595357707,99.99999999999999,40.0,99.99999999999999,40.0,99.99999999999999,40.0,99.99999999999999,40.0,109.86580489732074,35.02614594283381,109.36019341461858,20.89088697378736,89.50937373231574,15.218762872532274,70.00931552798373,28.34073581247865
0.0,500.0,5.211348800272397,8.376148412347781,36.03274430982172,41.498665211570525,57.369293262625085,17.95851595357707,9.102339826940264,33.941225583291185,100.0,40.0,100.0,40.0,100.0,40.0,100.0,40.0,109.86580489732074,35.02614594283381,89.50937373231574,15.218762872532274,70.00931552798373,28.34073581247865,109.36019341461858,20.89088697378736
0.0,500.0,5.211348800272397,8.376148412347781,36.03274430982172,41.498665211570525,9.102339826940264,33.941225583291185,57.369293262625085,17.95851595357707,99.99999999999999,40.0,99.99999999999999,40.0,99.99999999999999,40.0,99.99999999999999,40.0,109.86580489732074,35.02614594283381,89.50937373231574,15.218762872532274,109.36019341461858,20.89088697378736,70.00931552798373,28.34073581247865
0.0,500.0,57.369293262625085,17.95851595357707,5.211348800272397,8.376148412347781,9.102339826940264,33.941225583291185,36.03274430982172,41.498665211570525,99.99999999999999,40.0,99.99999999999999,40.0,99.99999999999999,40.0,99.99999999999999,40.0,70.00931552798373,28.34073581247865,109.86580489732074,35.02614594283381,109.36019341461858,20.89088697378736,89.50937373231574,15.218762872532274
0.0,500.0,57.369293262625085,17.95851595357707,5.211348800272397,8.376148412347781,36.03274430982172,41.498665211570525,9.102339826940264,33.941225583291185,100.0,40.0,100.0,40.0,100.0,40.0,100.0,40.0,70.00931552798373,28.34073581247865,109.86580489732074,35.02614594283381,89.50937373231574,15.218762872532274,109.36019341461858,20.89088697378736
0.0,500.0,57.369293262625085,17.95851595357707,9.102339826940264,33.941225583291185,5.211348800272397,8.376148412347781,36.03274430982172,41.498665211570525,99.99999999999999,40.0,99.99999999999999,40.0,99.99999999999999,40.0,99.99999999999999,40.0,70.00931552798373,28.34073581247865,109.36019341461858,20.89088697378736,109.86580489732074,35.02614594283381,89.50937373231574,15.218762872532274
0.0,500.0,57.369293262625085,17.95851595357707,9.102339826940264,33.941225583291185,36.03274430982172,41.498665211570525,5.211348800272397,8.376148412347781,100.0,40.0,100.0,40.0,100.0,40.0,100.0,40.0,70.00931552798373,28.34073581247865,109.36019341461858,20.89088697378736,89.50937373231574,15.218762872532274,109.86580489732074,35.02614594283381
0.0,500.0,57.369293262625085,17.95851595357707,36.03274430982172,41.498665211570525,5.211348800272397,8.376148412347781,9.102339826940264,33.941225583291185,100.0,40.0,100.0,40.0,100.0,40.0,100.0,40.0,70.00931552798373,28.34073581247865,89.50937373231574,15.218762872532274,109.86580489732074,35.02614594283381,109.36019341461858,20.89088697378736
0.0,500.0,57.369293262625085,17.95851595357707,36.03274430982172,41.498665211570525,9.102339826940264,33.941225583291185,5.211348800272397,8.376148412347781,99.99999999999999,40.0,99.99999999999999,40.0,99.99999999999999,40.0,99.99999999999999,40.0,70.00931552798373,28.34073581247865,89.50937373231574,15.218762872532274,109.36019341461858,20.89088697378736,109.86580489732074,35.02614594283381
0.0,500.0,9.102339826940264,33.941225583291185,5.211348800272397,8.376148412347781,57.369293262625085,17.95851595357707,36.03274430982172,41.498665211570525,99.99999999999999,40.0,99.99999999999999,40.0,99.99999999999999,40.0,99.99999999999999,40.0,109.36019341461858,20.89088697378736,109.86580489732074,35.02614594283381,70.00931552798373,28.34073581247865,89.50937373231574,15.218762872532274
0.0,500.0,9.102339826940264,33.941225583291185,5.211348800272397,8.376148412347781,36.03274430982172,41.498665211570525,57.369293262625085,17.95851595357707,99.99999999999999,40.0,99.99999999999999,40.0,99.99999999999999,40.0,99.99999999999999,40.0,109.36019341461858,20.89088697378736,109.86580489732074,35.02614594283381,89.50937373231574,15.218762872532274,70.00931552798373,28.34073581247865
0.0,500.0,9.102339826940264,33.941225583291185,57.369293262625085,17.95851595357707,5.211348800272397,8.376148412347781,36.03274430982172,41.498665211570525,99.99999999999999,40.0,99.99999999999999,40.0,99.99999999999999,40.0,99.99999999999999,40.0,109.36019341461858,20.89088697378736,70.00931552798373,28.34073581247865,109.86580489732074,35.02614594283381,89.50937373231574,15.218762872532274
0.0,500.0,9.102339826940264,33.941225583291185,57.369293262625085,17.95851595357707,36.03274430982172,41.498665211570525,5.211348800272397,8.376148412347781,99.99999999999999,40.0,99.99999999999999,40.0,99.99999999999999,40.0,99.99999999999999,40.0,109.36019341461858,20.89088697378736,70.00931552798373,28.34073581247865,89.50937373231574,15.218762872532274,109.86580489732074,35.02614594283381
0.0,500.0,9.102339826940264,33.941225583291185,36.03274430982172,41.498665211570525,5.211348800272397,8.376148412347781,57.369293262625085,17.95851595357707,99.99999999999999,40.0,99.99999999999999,40.0,99.99999999999999,40.0,99.99999999999999,40.0,109.36019341461858,20.89088697378736,89.50937373231574,15.218762872532274,109.86580489732074,35.02614594283381,70.00931552798373,28.34073581247865
0.0,500.0,9.102339826940264,33.941225583291185,36.03274430982172,41.498665211570525,57.369293262625085,17.95851595357707,5.211348800272397,8.376148412347781,99.99999999999999,40.0,99.99999999999999,40.0,99.99999999999999,40.0,99.99999999999999,40.0,109.36019341461858,20.89088697378736,89.50937373231574,15.218762872532274,70.00931552798373,28.34073581247865,109.86580489732074,35.02614594283381
0.0,500.0,36.03274430982172,41.498665211570525,5.211348800272397,8.376148412347781,57.369293262625085,17.95851595357707,9.102339826940264,33.941225583291185,100.0,40.0,100.0,40.0,100.0,40.0,100.0,40.0,89.50937373231574,15.218762872532274,109.86580489732074,35.02614594283381,70.00931552798373,28.34073581247865,109.36019341461858,20.89088697378736
0.0,500.0,36.03274430982172,41.498665211570525,5.211348800272397,8.376148412347781,9.102339826940264,33.941225583291185,57.369293262625085,17.95851595357707,99.99999999999999,40.0,99.99999999999999,40.0,99.99999999999999,40.0,99.99999999999999,40.0,89.50937373231574,15.218762872532274,109.86580489732074,35.02614594283381,109.36019341461858,20.89088697378736,70.00931552798373,28.34073581247865
0.0,500.0,36.03274430982172,41.498665211570525,57.369293262625085,17.95851595357707,5.211348800272397,8.376148412347781,9.102339826940264,33.941225583291185,100.0,40.0,100.0,40.0,100.0,40.0,100.0,40.0,89.50937373231574,15.218762872532274,70.00931552798373,28.34073581247865,109.86580489732074,35.02614594283381,109.36019341461858,20.89088697378736
0.0,500.0,36.03274430982172,41.498665211570525,57.369293262625085,17.95851595357707,9.102339826940264,33.941225583291185,5.211348800272397,8.376148412347781,100.0,40.0,100.0,40.0,100.0,40.0,100.0,40.0,89.50937373231574,15.218762872532274,70.00931552798373,28.34073581247865,109.36019341461858,20.89088697378736,109.86580489732074,35.02614594283381
0.0,500.0,36.03274430982172,41.498665211570525,9.102339826940264,33.941225583291185,5.211348800272397,8.376148412347781,57.369293262625085,17.95851595357707,99.99999999999999,40.0,99.99999999999999,40.0,99.99999999999999,40.0,99.99999999999999,40.0,89.50937373231574,15.218762872532274,109.36019341461858,20.89088697378736,109.86580489732074,35.02614594283381,70.00931552798373,28.34073581247865
0.0,500.0,36.03274430982172,41.498665211570525,9.102339826940264,33.941225583291185,57.369293262625085,17.95851595357707,5.211348800272397,8.376148412347781,99.99999999999999,40.0,99.99999999999999,40.0,99.99999999999999,40.0,99.99999999999999,40.0,89.50937373231574,15.218762872532274,109.36019341461858,20.89088697378736,70.00931552798373,28.34073581247865,109.86580489732074,35.02614594283381
0.0,500.0,44.34573782095048,36.33570249394532,0.3037399981834165,56.947888135775045,59.54855169804455,1.5227202548656282,20.561475412279616,42.77581139119352,120.0,20.0,120.0,20.0,120.0,20.0,120.0,20.0,77.62314141813347,26.9195162854492,85.08133192638768,22.854279834399385,69.57077116556545,36.57792602971938,68.87667930011362,22.50930063042644
0.0,500.0,44.34573782095048,36.33570249394532,20.561475412279616,42.77581139119352,0.3037399981834165,56.947888135775045,59.54855169804455,1.5227202548656282,120.0,20.0,120.0,20.0,120.0,20.0,120.0,20.0,77.62314141813347,26.9195162854492,68.87667930011362,22.50930063042644,85.08133192638768,22.854279834399385,69.57077116556545,36.57792602971938
0.0,500.0,44.34573782095048,36.33570249394532,20.561475412279616,42.77581139119352,59.54855169804455,1.5227202548656282,0.3037399981834165,56.947888135775045,120.0,20.0,120.0,20.0,120.0,20.0,120.0,20.0,77.62314141813347,26.9195162854492,68.87667930011362,22.50930063042644,69.57077116556545,36.57792602971938,85.08133192638768,22.854279834399385
0.0,500.0,44.34573782095048,36.33570249394532,59.54855169804455,1.5227202548656282,0.3037399981834165,56.947888135775045,20.561475412279616,42.77581139119352,120.0,20.0,120.0,20.0,120.0,20.0,120.0,20.0,77.62314141813347,26.9195162854492,69.57077116556545,36.57792602971938,85.08133192638768,22.854279834399385,68.87667930011362,22.50930063042644
0.0,500.0,44.34573782095048,36.33570249394532,59.54855169804455,1.5227202548656282,20.561475412279616,42.77581139119352,0.3037399981834165,56.947888135775045,120.0,20.0,120.0,20.0,120.0,20.0,120.0,20.0,77.62314141813347,26.9195162854492,69.57077116556545,36.57792602971938,68.87667930011362,22.50930063042644,85.08133192638768,22.854279834399385
0.0,500.0,0.3037399981834165,56.947888135775045,44.34573782095048,36.33570249394532,20.561475412279616,42.77581139119352,59.54855169804455,1.5227202548656282,120.0,20.0,120.0,20.0,120.0,20.0,120.0,20.0,85.08133192638768,22.854279834399385,77.62314141813347,26.9195162854492,68.87667930011362,22.50930063042644,69.57077116556545,36.57792602971938
0.0,500.0,0.3037399981834165,56.947888135775045,44.34573782095048,36.33570249394532,59.54855169804455,1.5227202548656282,20.561475412279616,42.77581139119352,120.0,20.0,120.0,20.0,120.0,20.0,120.0,20.0,85.08133192638768,22.854279834399385,77.62314141813347,26.9195162854492,69.57077116556545,36.57792602971938,68.87667930011362,22.50930063042644
0.0,500.0,0.3037399981834165,56.947888135775045,20.561475412279616,42.77581139119352,44.34573782095048,36.33570249394532,59.54855169804455,1.5227202548656282,120.0,20.0,120.0,20.0,120.0,20.0,120.0,20.0,85.08133192638768,22.854279834399385,68.87667930011362,22.50930063042644,77.62314141813347,26.9195162854492,69.57077116556545,36.57792602971938
0.0,500.0,0.3037399981834165,56.947888135775045,20.561475412279616,42.77581139119352,59.54855169804455,1.5227202548656282,44.34573782095048,36.33570249394532,120.0,20.0,120.0,20.0,120.0,20.0,120.0,20.0,85.08133192638768,22.854279834399385,68.87667930011362,22.50930063042644,69.57077116556545,36.57792602971938,77.62314141813347,26.9195162854492
0.0,500.0,0.3037399981834165,56.947888135775045,59.54855169804455,1.5227202548656282,44.34573782095048,36.33570249394532,20.561475412279616,42.77581139119352,120.0,20.0,120.0,20.0,120.0,20.0,120.0,20.0,85.08133192638768,22.854279834399385,69.57077116556545,36.57792602971938,77.62314141813347,26.9195162854492,68.87667930011362,22.50930063042644
0.0,500.0,0.3037399981834165,56.947888135775045,59.54855169804455,1.5227202548656282,20.561475412279616,42.77581139119352,44.34573782095048,36.33570249394532,120.0,20.0,120.0,20.0,120.0,20.0,120.0,20.0,85.08133192638768,22.854279834399385,69.57077116556545,36.57792602971938,68.87667930011362,22.50930063042644,77.62314141813347,26.9195162854492
0.0,500.0,20.561475412279616,42.77581139119352,44.34573782095048,36.33570249394532,0.3037399981834165,56.947888135775045,59.54855169804455,1.5227202548656282,120.0,20.0,120.0,20.0,120.0,20.0,120.0,20.0,68.87667930011362,22.50930063042644,77.62314141813347,26.9195162854492,85.08133192638768,22.854279834399385,69.57077116556545,36.57792602971938
0.0,500.0,20.561475412279616,42.77581139119352,44.34573782095048,36.33570249394532,59.54855169804455,1.5227202548656282,0.3037399981834165,56.947888135775045,120.0,20.0,120.0,20.0,120.0,20.0,120.0,20.0,68.87667930011362,22.50930063042644,77.62314141813347,26.9195162854492,69.57077116556545,36.57792602971938,85.08133192638768,22.854279834399385
0.0,500.0,20.561475412279616,42.77581139119352,0.3037399981834165,56.947888135775045,44.34573782095048,36.33570249394532,59.54855169804455,1.5227202548656282,120.0,20.0,120.0,20.0,120.0,20.0,120.0,20.0,68.87667930011362,22.50930063042644,85.08133192638768,22.854279834399385,77.62314141813347,26.9195162854492,69.57077116556545,36.57792602971938
0.0,500.0,20.561475412279616,42.77581139119352,0.3037399981834165,56.947888135775045,59.54855169804455,1.5227202548656282,44.34573782095048,36.33570249394532,120.0,20.0,120.0,20.0,120.0,20.0,120.0,20.0,68.87667930011362,22.50930063042644,85.08133192638768,22.854279834399385,69.57077116556545,36.57792602971938,77.62314141813347,26.9195162854492
0.0,500.0,20.561475412279616,42.77581139119352,59.54855169804455,1.5227202548656282,44.34573782095048,36.33570249394532,0.3037399981834165,56.947888135775045,120.0,20.0,120.0,20.0,120.0,20.0,120.0,20.0,68.87667930011362,22.50930063042644,69.57077116556545,36.57792602971938,77.62314141813347,26.9195162854492,85.08133192638768,22.854279834399385
0.0,500.0,20.561475412279616,42.77581139119352,59.54855169804455,1.5227202548656282,0.3037399981834165,56.947888135775045,44.34573782095048,36.33570249394532,120.0,20.0,120.0,20.0,120.0,20.0,120.0,20.0,68.87667930011362,22.50930063042644,69.57077116556545,36.57792602971938,85.08133192638768,22.854279834399385,77.62314141813347,26.9195162854492
0.0,500.0,59.54855169804455,1.5227202548656282,44.34573782095048,36.33570249394532,0.3037399981834165,56.947888135775045,20.561475412279616,42.77581139119352,120.0,20.0,120.0,20.0,120.0,20.0,120.0,20.0,69.57077116556545,36.57792602971938,77.62314141813347,26.9195162854492,85.08133192638768,22.854279834399385,68.87667930011362,22.50930063042644
0.0,500.0,59.54855169804455,1.5227202548656282,44.34573782095048,36.33570249394532,20.561475412279616,42.77581139119352,0.3037399981834165,56.947888135775045,120.0,20.0,120.0,20.0,120.0,20.0,120.0,20.0,69.57077116556545,36.57792602971938,77.62314141813347,26.9195162854492,68.87667930011362,22.50930063042644,85.08133192638768,22.854279834399385
0.0,500.0,59.54855169804455,1.5227202548656282,0.3037399981834165,56.947888135775045,44.34573782095048,36.33570249394532,20.561475412279616,42.77581139119352,120.0,20.0,120.0,20.0,120.0,20.0,120.0,20.0,69.57077116556545,36.57792602971938,85.08133192638768,22.854279834399385,77.62314141813347,26.9195162854492,68.87667930011362,22.50930063042644
0.0,500.0,59.54855169804455,1.5227202548656282,0.3037399981834165,56.947888135775045,20.561475412279616,42.77581139119352,44.34573782095048,36.33570249394532,120.0,20.0,120.0,20.0,120.0,20.0,120.0,20.0,69.57077116556545,36.57792602971938,85.08133192638768,22.854279834399385,68.87667930011362,22.50930063042644,77.62314141813347,26.9195162854492
0.0,500.0,59.54855169804455,1.5227202548656282,20.561475412279616,42.77581139119352,44.34573782095048,36.33570249394532,0.3037399981834165,56.947888135775045,120.0,20.0,120.0,20.0,120.0,20.0,120.0,20.0,69.57077116556545,36.57792602971938,68.87667930011362,22.50930063042644,77.62314141813347,26.9195162854492,85.08133192638768,22.854279834399385
0.0,500.0,59.54855169804455,1.5227202548656282,20.561475412279616,42.77581139119352,0.3037399981834165,56.947888135775045,44.34573782095048,36.33570249394532,120.0,20.0,120.0,20.0,120.0,20.0,120.0,20.0,69.57077116556545,36.57792602971938,68.87667930011362,22.50930063042644,85.08133192638768,22.854279834399385,77.62314141813347,26.9195162854492
13.333333333333334,500.0,12.185706071055533,9.871360616351224,38.18921908201288,21.308982164732328,2.5780299027295883,43.858517242007046,58.72518985345108,37.79540027620673,119.99999999999999,59.99999999999999,119.99999999999999,59.99999999999999,119.99999999999999,59.99999999999999,119.99999999999999,59.99999999999999,70.0835580683746,28.783339304466736,70.03488925790481,24.04913259292886,78.27324534630644,22.56711508237904,65.13280379456624,20.0205526926911
13.333333333333334,500.0,12.185706071055533,9.871360616351224,58.72518985345108,37.79540027620673,38.18921908201288,21.308982164732328,2.5780299027295883,43.858517242007046,119.99999999999999,59.99999999999999,119.99999999999999,59.99999999999999,119.99999999999999,59.99999999999999,119.99999999999999,59.99999999999999,70.0835580683746,28.783339304466736,65.13280379456624,20.0205526926911,70.03488925790481,24.04913259292886,78.27324534630644,22.56711508237904
13.333333333333334,500.0,12.185706071055533,9.871360616351224,58.72518985345108,37.79540027620673,2.5780299027295883,43.858517242007046,38.18921908201288,21.308982164732328,119.99999999999999,59.99999999999999,119.99999999999999,59.99999999999999,119.99999999999999,59.99999999999999,119.99999999999999,59.99999999999999,70.0835580683746,28.783339304466736,65.13280379456624,20.0205526926911,78.27324534630644,22.56711508237904,70.03488925790481,24.04913259292886
13.333333333333334,500.0,12.185706071055533,9.871360616351224,2.5780299027295883,43.858517242007046,38.18921908201288,21.308982164732328,58.72518985345108,37.79540027620673,119.99999999999999,59.99999999999999,119.99999999999999,59.99999999999999,119.99999999999999,59.99999999999999,119.99999999999999,59.99999999999999,70.0835580683746,28.783339304466736,78.27324534630644,22.56711508237904,70.03488925790481,24.04913259292886,65.13280379456624,20.0205526926911
13.333333333333334,500.0,12.185706071055533,9.871360616351224,2.5780299027295883,43.858517242007046,58.72518985345108,37.79540027620673,38.18921908201288,21.308982164732328,119.99999999999999,59.99999999999999,119.99999999999999,59.99999999999999,119.99999999999999,59.99999999999999,119.99999999999999,59.99999999999999,70.0835580683746,28.783339304466736,78.27324534630644,22.56711508237904,65.13280379456624,20.0205526926911,70.03488925790481,24.04913259292886
13.333333333333334,500.0,38.18921908201288,21.308982164732328,12.185706071055533,9.871360616351224,58.72518985345108,37.79540027620673,2.5780299027295883,43.858517242007046,119.99999999999999,59.99999999999999,119.99999999999999,59.99999999999999,119.99999999999999,59.99999999999999,119.99999999999999,59.99999999999999,70.03488925790481,24.04913259292886,70.0835580683746,28.783339304466736,65.13280379456624,20.0205526926911,78.27324534630644,22.56711508237904
13.333333333333334,500.0,38.18921908201288,21.308982164732328,12.185706071055533,9.871360616351224,2.5780299027295883,43.858517242007046,58.72518985345108,37.79540027620673,119.99999999999999,59.99999999999999,119.99999999999999,59.99999999999999,119.99999999999999,59.99999999999999,119.99999999999999,59.99999999999999,70.03488925790481,24.04913259292886,70.0835580683746,28.783339304466736,78.27324534630644,22.56711508237904,65.13280379456624,20.0205526926911
13.333333333333334,500.0,38.18921908201288,21.308982164732328,58.72518985345108,37.79540027620673,12.185706071055533,9.871360616351224,2.5780299027295883,43.858517242007046,119.99999999999999,59.99999999999999,119.99999999999999,59.99999999999999,119.99999999999999,59.99999999999999,119.99999999999999,59.99999999999999,70.03488925790481,24.04913259292886,65.13280379456624,20.0205526926911,70.0835580683746,28.783339304466736,78.27324534630644,22.56711508237904
13.333333333333334,500.0,38.18921908201288,21.308982164732328,58.72518985345108,37.79540027620673,2.5780299027295883,43.858517242007046,12.185706071055533,9.871360616351224,119.99999999999999,59.99999999999999,119.99999999999999,59.99999999999999,119.99999999999999,59.99999999999999,119.99999999999999,59.99999999999999,70.03488925790481,24.04913259292886,65.13280379456624,20.0205526926911,78.27324534630644,22.56711508237904,70.0835580683746,28.783339304466736
13.333333333333334,500.0,38.18921908201288,21.308982164732328,2.5780299027295883,43.858517242007046,12.185706071055533,9.871360616351224,58.72518985345108,37.79540027620673,119.99999999999999,59.99999999999999,119.99999999999999,59.99999999999999,119.99999999999999,59.99999999999999,119.99999999999999,59.99999999999999,70.03488925790481,24.04913259292886,78.27324534630644,22.56711508237904,70.0835580683746,28.783339304466736,65.13280379456624,20.0205526926911
13.333333333333334,500.0,38.18921908201288,21.308982164732328,2.5780299027295883,43.858517242007046,58.72518985345108,37.79540027620673,12.185706071055533,9.871360616351224,119.99999999999999,59.99999999999999,119.99999999999999,59.99999999999999,119.99999999999999,59.99999999999999,119.99999999999999,59.99999999999999,70.03488925790481,24.04913259292886,78.27324534630644,22.56711508237904,65.13280379456624,20.0205526926911,70.0835580683746,28.783339304466736
13.333333333333334,500.0,58.72518985345108,37.79540027620673,12.185706071055533,9.871360616351224,38.18921908201288,21.308982164732328,2.5780299027295883,43.858517242007046,119.99999999999999,59.99999999999999,119.99999999999999,59.99999999999999,119.99999999999999,59.99999999999999,119.99999999999999,59.99999999999999,65.13280379456624,20.0205526926911,70.0835580683746,28.783339304466736,70.03488925790481,24.04913259292886,78.27324534630644,22.56711508237904
13.333333333333334,500.0,58.72518985345108,37.79540027620673,12.185706071055533,9.871360616351224,2.5780299027295883,43.858517242007046,38.18921908201288,21.308982164732328,119.99999999999999,59.99999999999999,119.99999999999999,59.99999999999999,119.99999999999999,59.99999999999999,119.99999999999999,59.99999999999999,65.13280379456624,20.0205526926911,70.0835580683746,28.783339304466736,78.27324534630644,22.56711508237904,70.03488925790481,24.04913259292886
13.333333333333334,500.0,58.72518985345108,37.79540027620673,38.18921908201288,21.308982164732328,12.185706071055533,9.871360616351224,2.5780299027295883,43.858517242007046,119.99999999999999,59.99999999999999,119.99999999999999,59.99999999999999,119.99999999999999,59.99999999999999,119.99999999999999,59.99999999999999,65.13280379456624,20.0205526926911,70.03488925790481,24.04913259292886,70.0835580683746,28.783339304466736,78.27324534630644,22.56711508237904
13.333333333333334,500.0,58.72518985345108,37.79540027620673,38.18921908201288,21.308982164732328,2.5780299027295883,43.858517242007046,12.185706071055533,9.871360616351224,119.99999999999999,59.99999999999999,119.99999999999999,59.99999999999999,119.99999999999999,59.99999999999999,119.99999999999999,59.99999999999999,65.13280379456624,20.0205526926911,70.03488925790481,24.04913259292886,78.27324534630644,22.56711508237904,70.0835580683746,28.783339304466736
13.333333333333334,500.0,58.72518985345108,37.79540027620673,2.5780299027295883,43.858517242007046,12.185706071055533,9.871360616351224,38.18921908201288,21.308982164732328,119.99999999999999,59.99999999999999,119.99999999999999,59.99999999999999,119.99999999999999,59.99999999999999,119.99999999999999,59.99999999999999,65.13280379456624,20.0205526926911,78.27324534630644,22.56711508237904,70.0835580683746,28.783339304466736,70.03488925790481,24.04913259292886
13.333333333333334,500.0,58.72518985345108,37.79540027620673,2.5780299027295883,43.858517242007046,38.18921908201288,21.308982164732328,12.185706071055533,9.871360616351224,119.99999999999999,59.99999999999999,119.99999999999999,59.99999999999999,119.99999999999999,59.99999999999999,119.99999999999999,59.99999999999999,65.13280379456624,20.0205526926911,78.27324534630644,22.56711508237904,70.03488925790481,24.04913259292886,70.0835580683746,28.783339304466736
13.333333333333334,500.0,2.5780299027295883,43.858517242007046,12.185706071055533,9.871360616351224,38.18921908201288,21.308982164732328,58.72518985345108,37.79540027620673,119.99999999999999,59.99999999999999,119.99999999999999,59.99999999999999,119.99999999999999,59.99999999999999,119.99999999999999,59.99999999999999,78.27324534630644,22.56711508237904,70.0835580683746,28.783339304466736,70.03488925790481,24.04913259292886,65.13280379456624,20.0205526926911
13.333333333333334,500.0,2.5780299027295883,43.858517242007046,12.185706071055533,9.871360616351224,58.72518985345108,37.79540027620673,38.18921908201288,21.308982164732328,119.99999999999999,59.99999999999999,119.99999999999999,59.99999999999999,119.99999999999999,59.99999999999999,119.99999999999999,59.99999999999999,78.27324534630644,22.56711508237904,70.0835580683746,28.783339304466736,65.13280379456624,20.0205526926911,70.03488925790481,24.04913259292886
13.333333333333334,500.0,2.5780299027295883,43.858517242007046,38.18921908201288,21.308982164732328,12.185706071055533,9.871360616351224,58.72518985345108,37.79540027620673,119.99999999999999,59.99999999999999,119.99999999999999,59.99999999999999,119.99999999999999,59.99999999999999,119.99999999999999,59.99999999999999,78.27324534630644,22.56711508237904,70.03488925790481,24.04913259292886,70.0835580683746,28.783339304466736,65.13280379456624,20.0205526926911
13.333333333333334,500.0,2.5780299027295883,43.858517242007046,38.18921908201288,21.308982164732328,58.72518985345108,37.79540027620673,12.185706071055533,9.871360616351224,119.99999999999999,59.99999999999999,119.99999999999999,59.99999999999999,119.99999999999999,59.99999999999999,119.99999999999999,59.99999999999999,78.27324534630644,22.56711508237904,70.03488925790481,24.04913259292886,65.13280379456624,20.0205526926911,70.0835580683746,28.783339304466736
13.333333333333334,500.0,2.5780299027295883,43.858517242007046,58.72518985345108,37.79540027620673,12.185706071055533,9.871360616351224,38.18921908201288,21.308982164732328,119.99999999999999,59.99999999999999,119.99999999999999,59.99999999999999,119.99999999999999,59.99999999999999,119.99999999999999,59.99999999999999,78.27324534630644,22.56711508237904,65.13280379456624,20.0205526926911,70.0835580683746,28.783339304466736,70.03488925790481,24.04913259292886
13.333333333333334,500.0,2.5780299027295883,43.858517242007046,58.72518985345108,37.79540027620673,38.18921908201288,21.308982164732328,12.185706071055533,9.871360616351224,119.99999999999999,59.99999999999999,119.99999999999999,59.99999999999999,119.99999999999999,59.99999999999999,119.99999999999999,59.99999999999999,78.27324534630644,22.56711508237904,65.13280379456624,20.0205526926911,70.03488925790481,24.04913259292886,70.0835580683746,28.783339304466736
13.333333333333334,500.0,35.82627493799728,53.58846969708266,43.20819699126219,7.507231169927746,12.730123982247626,51.94818559507895,11.735130422584266,27.941518173983763,100.0,20.0,100.0,20.0,100.0,20.0,100.0,20.0,64.18964962030677,4.469002242860107,68.45700624050059,36.00318995062081,68.82343580874027,5.11565543679324,66.90659118947411,21.11090533663895
13.333333333333334,500.0,35.82627493799728,53.58846969708266,11.735130422584266,27.941518173983763,43.20819699126219,7.507231169927746,12.730123982247626,51.94818559507895,100.0,20.0,100.0,20.0,100.0,20.0,100.0,20.0,64.18964962030677,4.469002242860107,66.90659118947411,21.11090533663895,68.45700624050059,36.00318995062081,68.82343580874027,5.11565543679324
13.333333333333334,500.0,35.82627493799728,53.58846969708266,11.735130422584266,27.941518173983763,12.730123982247626,51.94818559507895,43.20819699126219,7.507231169927746,100.0,20.0,100.0,20.0,100.0,20.0,100.0,20.0,64.18964962030677,4.469002242860107,66.90659118947411,21.11090533663895,68.82343580874027,5.11565543679324,68.45700624050059,36.00318995062081
13.333333333333334,500.0,35.82627493799728,53.58846969708266,12.730123982247626,51.94818559507895,43.20819699126219,7.507231169927746,11.735130422584266,27.941518173983763,100.0,20.0,100.0,20.0,100.0,20.0,100.0,20.0,64.18964962030677,4.469002242860107,68.82343580874027,5.11565543679324,68.45700624050059,36.00318995062081,66.90659118947411,21.11090533663895
13.333333333333334,500.0,35.82627493799728,53.58846969708266,12.730123982247626,51.94818559507895,11.735130422584266,27.941518173983763,43.20819699126219,7.507231169927746,100.0,20.0,100.0,20.0,100.0,20.0,100.0,20.0,64.18964962030677,4.469002242860107,68.82343580874027,5.11565543679324,66.90659118947411,21.11090533663895,68.45700624050059,36.00318995062081
13.333333333333334,500.0,43.20819699126219,7.507231169927746,35.82627493799728,53.58846969708266,11.735130422584266,27.941518173983763,12.730123982247626,51.94818559507895,100.0,20.0,100.0,20.0,100.0,20.0,100.0,20.0,68.45700624050059,36.00318995062081,64.18964962030677,4.469002242860107,66.90659118947411,21.11090533663895,68.82343580874027,5.11565543679324
13.333333333333334,500.0,43.20819699126219,7.507231169927746,35.82627493799728,53.58846969708266,12.730123982247626,51.94818559507895,11.735130422584266,27.941518173983763,100.0,20.0,100.0,20.0,100.0,20.0,100.0,20.0,68.45700624050059,36.00318995062081,64.18964962030677,4.469002242860107,68.82343580874027,5.11565543679324,66.90659118947411,21.11090533663895
13.333333333333334,500.0,43.20819699126219,7.507231169927746,11.735130422584266,27.941518173983763,35.82627493799728,53.58846969708266,12.730123982247626,51.94818559507895,100.0,20.0,100.0,20.0,100.0,20.0,100.0,20.0,68.45700624050059,36.00318995062081,66.90659118947411,21.11090533663895,64.18964962030677,4.469002242860107,68.82343580874027,5.11565543679324
13.333333333333334,500.0,43.20819699126219,7.507231169927746,11.735130422584266,27.941518173983763,12.730123982247626,51.94818559507895,35.82627493799728,53.58846969708266,100.0,20.0,100.0,20.0,100.0,20.0,100.0,20.0,68.45700624050059,36.00318995062081,66.90659118947411,21.11090533663895,68.82343580874027,5.11565543679324,64.18964962030677,4.469002242860107
13.333333333333334,500.0,43.20819699126219,7.507231169927746,12.730123982247626,51.94818559507895,35.82627493799728,53.58846969708266,11.735130422584266,27.941518173983763,100.0,20.0,100.0,20.0,100.0,20.0,100.0,20.0,68.45700624050059,36.00318995062081,68.82343580874027,5.11565543679324,64.18964962030677,4.469002242860107,66.90659118947411,21.11090533663895
13.333333333333334,500.0,43.20819699126219,7.507231169927746,12.730123982247626,51.94818559507895,11.735130422584266,27.941518173983763,35.82627493799728,53.58846969708266,100.0,20.0,100.0,20.0,100.0,20.0,100.0,20.0,68.45700624050059,36.00318995062081,68.82343580874027,5.11565543679324,66.90659118947411,21.11090533663895,64.18964962030677,4.469002242860107
13.333333333333334,500.0,11.735130422584266,27.941518173983763,35.82627493799728,53.58846969708266,43.20819699126219,7.507231169927746,12.730123982247626,51.94818559507895,100.0,20.0,100.0,20.0,100.0,20.0,100.0,20.0,66.90659118947411,21.11090533663895,64.18964962030677,4.469002242860107,68.45700624050059,36.00318995062081,68.82343580874027,5.11565543679324
13.333333333333334,500.0,11.735130422584266,27.941518173983763,35.82627493799728,53.58846969708266,12.730123982247626,51.94818559507895,43.20819699126219,7.507231169927746,100.0,20.0,100.0,20.0,100.0,20.0,100.0,20.0,66.90659118947411,21.11090533663895,64.18964962030677,4.469002242860107,68.82343580874027,5.11565543679324,68.45700624050059,36.00318995062081
13.333333333333334,500.0,11.735130422584266,27.941518173983763,43.20819699126219,7.507231169927746,35.82627493799728,53.58846969708266,12.730123982247626,51.94818559507895,100.0,20.0,100.0,20.0,100.0,20.0,100.0,20.0,66.90659118947411,21.11090533663895,68.45700624050059,36.00318995062081,64.18964962030677,4.469002242860107,68.82343580874027,5.11565543679324
13.333333333333334,500.0,11.735130422584266,27.941518173983763,43.20819699126219,7.507231169927746,12.730123982247626,51.94818559507895,35.82627493799728,53.58846969708266,100.0,20.0,100.0,20.0,100.0,20.0,100.0,20.0,66.90659118947411,21.11090533663895,68.45700624050059,36.00318995062081,68.82343580874027,5.11565543679324,64.18964962030677,4.469002242860107
13.333333333333334,500.0,11.735130422584266,27.941518173983763,12.730123982247626,51.94818559507895,35.82627493799728,53.58846969708266,43.20819699126219,7.507231169927746,100.0,20.0,100.0,20.0,100.0,20.0,100.0,20.0,66.90659118947411,21.11090533663895,68.82343580874027,5.11565543679324,64.18964962030677,4.469002242860107,68.45700624050059,36.00318995062081
13.333333333333334,500.0,11.735130422584266,27.941518173983763,12.730123982247626,51.94818559507895,43.20819699126219,7.507231169927746,35.82627493799728,53.58846969708266,100.0,20.0,100.0,20.0,100.0,20.0,100.0,20.0,66.90659118947411,21.11090533663895,68.82343580874027,5.11565543679324,68.45700624050059,36.00318995062081,64.18964962030677,4.469002242860107
13.333333333333334,500.0,12.730123982247626,51.94818559507895,35.82627493799728,53.58846969708266,43.20819699126219,7.507231169927746,11.735130422584266,27.941518173983763,100.0,20.0,100.0,20.0,100.0,20.0,100.0,20.0,68.82343580874027,5.11565543679324,64.18964962030677,4.469002242860107,68.45700624050059,36.00318995062081,66.90659118947411,21.11090533663895
13.333333333333334,500.0,12.730123982247626,51.94818559507895,35.82627493799728,53.58846969708266,11.735130422584266,27.941518173983763,43.20819699126219,7.507231169927746,100.0,20.0,100.0,20.0,100.0,20.0,100.0,20.0,68.82343580874027,5.11565543679324,64.18964962030677,4.469002242860107,66.90659118947411,21.11090533663895,68.45700624050059,36.00318995062081
13.333333333333334,500.0,12.730123982247626,51.94818559507895,43.20819699126219,7.507231169927746,35.82627493799728,53.58846969708266,11.735130422584266,27.941518173983763,100.0,20.0,100.0,20.0,100.0,20.0,100.0,20.0,68.82343580874027,5.11565543679324,68.45700624050059,36.00318995062081,64.18964962030677,4.469002242860107,66.90659118947411,21.11090533663895
13.333333333333334,500.0,12.730123982247626,51.94818559507895,43.20819699126219,7.507231169927746,11.735130422584266,27.941518173983763,35.82627493799728,53.58846969708266,100.0,20.0,100.0,20.0,100.0,20.0,100.0,20.0,68.82343580874027,5.11565543679324,68.45700624050059,36.00318995062081,66.90659118947411,21.11090533663895,64.18964962030677,4.469002242860107
13.333333333333334,500.0,12.730123982247626,51.94818559507895,11.735130422584266,27.941518173983763,35.82627493799728,53.58846969708266,43.20819699126219,7.507231169927746,100.0,20.0,100.0,20.0,100.0,20.0,100.0,20.0,68.82343580874027,5.11565543679324,66.90659118947411,21.11090533663895,64.18964962030677,4.469002242860107,68.45700624050059,36.00318995062081
13.333333333333334,500.0,12.730123982247626,51.94818559507895,11.735130422584266,27.941518173983763,43.20819699126219,7.507231169927746,35.82627493799728,53.58846969708266,100.0,20.0,100.0,20.0,100.0,20.0,100.0,20.0,68.82343580874027,5.11565543679324,66.90659118947411,21.11090533663895,68.45700624050059,36.00318995062081,64.18964962030677,4.469002242860107
13.333333333333334,500.0,54.54792674276843,52.36671813014358,26.083593019704068,55.73514920181355,53.37758006349498,9.829793063811872,7.387638858235346,41.06335839119891,60.0,0.0,60.0,0.0,60.0,40.0,100.0,20.0,70.67126541962848,16.742734327051224,88.77107237006575,14.126071114889667,73.41614460592328,45.78422046044192,112.66663818101236,27.26525740010685
13.333333333333334,500.0,54.54792674276843,52.36671813014358,7.387638858235346,41.06335839119891,26.083593019704068,55.73514920181355,53.37758006349498,9.829793063811872,60.0,0.0,100.0,20.0,60.0,0.0,60.0,40.0,70.67126541962848,16.742734327051224,112.66663818101236,27.26525740010685,88.77107237006575,14.126071114889667,73.41614460592328,45.78422046044192
13.333333333333334,500.0,54.54792674276843,52.36671813014358,7.387638858235346,41.06335839119891,53.37758006349498,9.829793063811872,26.083593019704068,55.73514920181355,60.0,0.0,100.0,20.0,60.0,40.0,60.0,0.0,70.67126541962848,16.742734327051224,112.66663818101236,27.26525740010685,73.41614460592328,45.78422046044192,88.77107237006575,14.126071114889667
13.333333333333334,500.0,54.54792674276843,52.36671813014358,53.37758006349498,9.829793063811872,26.083593019704068,55.73514920181355,7.387638858235346,41.06335839119891,60.0,0.0,60.0,40.0,60.0,0.0,100.0,20.0,70.67126541962848,16.742734327051224,73.41614460592328,45.78422046044192,88.77107237006575,14.126071114889667,112.66663818101236,27.26525740010685
13.333333333333334,500.0,54.54792674276843,52.36671813014358,53.37758006349498,9.829793063811872,7.387638858235346,41.06335839119891,26.083593019704068,55.73514920181355,60.0,0.0,60.0,40.0,100.0,20.0,60.0,0.0,70.67126541962848,16.742734327051224,73.41614460592328,45.78422046044192,112.66663818101236,27.26525740010685,88.77107237006575,14.126071114889667
13.333333333333334,500.0,26.083593019704068,55.73514920181355,54.54792674276843,52.36671813014358,7.387638858235346,41.06335839119891,53.37758006349498,9.829793063811872,60.0,0.0,60.0,0.0,100.0,20.0,60.0,40.0,88.77107237006575,14.126071114889667,70.67126541962848,16.742734327051224,112.66663818101236,27.26525740010685,73.41614460592328,45.78422046044192
13.333333333333334,500.0,26.083593019704068,55.73514920181355,54.54792674276843,52.36671813014358,53.37758006349498,9.829793063811872,7.387638858235346,41.06335839119891,60.0,0.0,60.0,0.0,60.0,40.0,100.0,20.0,88.77107237006575,14.126071114889667,70.67126541962848,16.742734327051224,73.41614460592328,45.78422046044192,112.66663818101236,27.26525740010685
13.333333333333334,500.0,26.083593019704068,55.73514920181355,7.387638858235346,41.06335839119891,54.54792674276843,52.36671813014358,53.37758006349498,9.829793063811872,60.0,0.0,100.0,20.0,60.0,0.0,60.0,40.0,88.77107237006575,14.126071114889667,112.66663818101236,27.26525740010685,70.67126541962848,16.742734327051224,73.41614460592328,45.78422046044192
13.333333333333334,500.0,26.083593019704068,55.73514920181355,7.387638858235346,41.06335839119891,53.37758006349498,9.829793063811872,54.54792674276843,52.36671813014358,60.0,0.0,100.0,20.0,60.0,40.0,60.0,0.0,88.77107237006575,14.126071114889667,112.66663818101236,27.26525740010685,73.41614460592328,45.78422046044192,70.67126541962848,16.742734327051224
13.333333333333334,500.0,26.083593019704068,55.73514920181355,53.37758006349498,9.829793063811872,54.54792674276843,52.36671813014358,7.387638858235346,41.06335839119891,60.0,0.0,60.0,40.0,60.0,0.0,100.0,20.0,88.77107237006575,14.126071114889667,73.41614460592328,45.78422046044192,70.67126541962848,16.742734327051224,112.66663818101236,27.26525740010685
13.333333333333334,500.0,26.083593019704068,55.73514920181355,53.37758006349498,9.829793063811872,7.387638858235346,41.06335839119891,54.54792674276843,52.36671813014358,60.0,0.0,60.0,40.0,100.0,20.0,60.0,0.0,88.77107237006575,14.126071114889667,73.41614460592328,45.78422046044192,112.66663818101236,27.26525740010685,70.67126541962848,16.742734327051224
13.333333333333334,500.0,7.387638858235346,41.06335839119891,54.54792674276843,52.36671813014358,26.083593019704068,55.73514920181355,53.37758006349498,9.829793063811872,100.0,20.0,60.0,0.0,60.0,0.0,60.0,40.0,112.66663818101236,27.26525740010685,70.67126541962848,16.742734327051224,88.77107237006575,14.126071114889667,73.41614460592328,45.78422046044192
13.333333333333334,500.0,7.387638858235346,41.06335839119891,54.54792674276843,52.36671813014358,53.37758006349498,9.829793063811872,26.083593019704068,55.73514920181355,100.0,20.0,60.0,0.0,60.0,40.0,60.0,0.0,112.66663818101236,27.26525740010685,70.67126541962848,16.742734327051224,73.41614460592328,45.78422046044192,88.77107237006575,14.126071114889667
13.333333333333334,500.0,7.387638858235346,41.06335839119891,26.083593019704068,55.73514920181355,54.54792674276843,52.36671813014358,53.37758006349498,9.829793063811872,100.0,20.0,60.0,0.0,60.0,0.0,60.0,40.0,112.66663818101236,27.26525740010685,88.77107237006575,14.126071114889667,70.67126541962848,16.742734327051224,73.41614460592328,45.78422046044192
13.333333333333334,500.0,7.387638858235346,41.06335839119891,26.083593019704068,55.73514920181355,53.37758006349498,9.829793063811872,54.54792674276843,52.36671813014358,100.0,20.0,60.0,0.0,60.0,40.0,60.0,0.0,112.66663818101236,27.26525740010685,88.77107237006575,14.126071114889667,73.41614460592328,45.78422046044192,70.67126541962848,16.742734327051224
13.333333333333334,500.0,7.387638858235346,41.06335839119891,53.37758006349498,9.829793063811872,54.54792674276843,52.36671813014358,26.083593019704068,55.73514920181355,100.0,20.0,60.0,40.0,60.0,0.0,60.0,0.0,112.66663818101236,27.26525740010685,73.41614460592328,45.78422046044192,70.67126541962848,16.742734327051224,88.77107237006575,14.126071114889667
13.333333333333334,500.0,7.387638858235346,41.06335839119891,53.37758006349498,9.829793063811872,26.083593019704068,55.73514920181355,54.54792674276843,52.36671813014358,100.0,20.0,60.0,40.0,60.0,0.0,60.0,0.0,112.66663818101236,27.26525740010685,73.41614460592328,45.78422046044192,88.77107237006575,14.126071114889667,70.67126541962848,16.742734327051224
13.333333333333334,500.0,53.37758006349498,9.829793063811872,54.54792674276843,52.36671813014358,26.083593019704068,55.73514920181355,7.387638858235346,41.06335839119891,60.0,40.0,60.0,0.0,60.0,0.0,100.0,20.0,73.41614460592328,45.78422046044192,70.67126541962848,16.742734327051224,88.77107237006575,14.126071114889667,112.66663818101236,27.26525740010685
13.333333333333334,500.0,53.37758006349498,9.829793063811872,54.54792674276843,52.36671813014358,7.387638858235346,41.06335839119891,26.083593019704068,55.73514920181355,60.0,40.0,60.0,0.0,100.0,20.0,60.0,0.0,73.41614460592328,45.78422046044192,70.67126541962848,16.742734327051224,112.66663818101236,27.26525740010685,88.77107237006575,14.126071114889667
13.333333333333334,500.0,53.37758006349498,9.829793063811872,26.083593019704068,55.73514920181355,54.54792674276843,52.36671813014358,7.387638858235346,41.06335839119891,60.0,40.0,60.0,0.0,60.0,0.0,100.0,20.0,73.41614460592328,45.78422046044192,88.77107237006575,14.126071114889667,70.67126541962848,16.742734327051224,112.66663818101236,27.26525740010685
13.333333333333334,500.0,53.37758006349498,9.829793063811872,26.083593019704068,55.73514920181355,7.387638858235346,41.06335839119891,54.54792674276843,52.36671813014358,60.0,40.0,60.0,0.0,100.0,20.0,60.0,0.0,73.41614460592328,45.78422046044192,88.77107237006575,14.126071114889667,112.66663818101236,27.26525740010685,70.67126541962848,16.742734327051224
13.333333333333334,500.0,53.37758006349498,9.829793063811872,7.387638858235346,41.06335839119891,54.54792674276843,52.36671813014358,26.083593019704068,55.73514920181355,60.0,40.0,100.0,20.0,60.0,0.0,60.0,0.0,73.41614460592328,45.78422046044192,112.66663818101236,27.26525740010685,70.67126541962848,16.742734327051224,88.77107237006575,14.126071114889667
13.333333333333334,500.0,53.37758006349498,9.829793063811872,7.387638858235346,41.06335839119891,26.083593019704068,55.73514920181355,54.54792674276843,52.36671813014358,60.0,40.0,100.0,20.0,60.0,0.0,60.0,0.0,73.41614460592328,45.78422046044192,112.66663818101236,27.26525740010685,88.77107237006575,14.126071114889667,70.67126541962848,16.742734327051224
13.333333333333334,500.0,56.55109035401546,42.16580384118928,1.3107137636651212,1.4520721328146746,25.28609564503224,25.513188285786125,28.47421354476287,46.709608125055446,120.0,0.0,120.0,0.0,120.0,0.0,120.0,0.0,85.6843813263552,17.504137704321828,102.79823672232337,28.290709637333624,94.79302317596203,21.52813375183506,93.85335428836106,17.49230612747535
13.333333333333334,500.0,56.55109035401546,42.16580384118928,28.47421354476287,46.709608125055446,1.3107137636651212,1.4520721328146746,25.28609564503224,25.513188285786125,120.0,0.0,120.0,0.0,120.0,0.0,120.0,0.0,85.6843813263552,17.504137704321828,93.85335428836106,17.49230612747535,102.79823672232337,28.290709637333624,94.79302317596203,21.52813375183506
13.333333333333334,500.0,56.55109035401546,42.16580384118928,28.47421354476287,46.709608125055446,25.28609564503224,25.513188285786125,1.3107137636651212,1.4520721328146746,120.0,0.0,120.0,0.0,120.0,0.0,120.0,0.0,85.6843813263552,17.504137704321828,93.85335428836106,17.49230612747535,94.79302317596203,21.52813375183506,102.79823672232337,28.290709637333624
13.333333333333334,500.0,56.55109035401546,42.16580384118928,25.28609564503224,25.513188285786125,1.3107137636651212,1.4520721328146746,28.47421354476287,46.709608125055446,120.0,0.0,120.0,0.0,120.0,0.0,120.0,0.0,85.6843813263552,17.504137704321828,94.79302317596203,21.52813375183506,102.79823672232337,28.290709637333624,93.85335428836106,17.49230612747535
13.333333333333334,500.0,56.55109035401546,42.16580384118928,25.28609564503224,25.513188285786125,28.47421354476287,46.709608125055446,1.3107137636651212,1.4520721328146746,120.0,0.0,120.0,0.0,120.0,0.0,120.0,0.0,85.6843813263552,17.504137704321828,94.79302317596203,21.52813375183506,93.85335428836106,17.49230612747535,102.79823672232337,28.290709637333624
13.333333333333334,500.0,1.3107137636651212,1.4520721328146746,56.55109035401546,42.16580384118928,28.47421354476287,46.709608125055446,25.28609564503224,25.513188285786125,120.0,0.0,120.0,0.0,120.0,0.0,120.0,0.0,102.79823672232337,28.290709637333624,85.6843813263552,17.504137704321828,93.85335428836106,17.49230612747535,94.79302317596203,21.52813375183506
13.333333333333334,500.0,1.3107137636651212,1.4520721328146746,56.55109035401546,42.16580384118928,25.28609564503224,25.513188285786125,28.47421354476287,46.709608125055446,120.0,0.0,120.0,0.0,120.0,0.0,120.0,0.0,102.79823672232337,28.290709637333624,85.6843813263552,17.504137704321828,94.79302317596203,21.52813375183506,93.85335428836106,17.49230612747535
13.333333333333334,500.0,1.3107137636651212,1.4520721328146746,28.47421354476287,46.709608125055446,56.55109035401546,42.16580384118928,25.28609564503224,25.513188285786125,120.0,0.0,120.0,0.0,120.0,0.0,120.0,0.0,102.79823672232337,28.290709637333624,93.85335428836106,17.49230612747535,85.6843813263552,17.504137704321828,94.79302317596203,21.52813375183506
13.333333333333334,500.0,1.3107137636651212,1.4520721328146746,28.47421354476287,46.709608125055446,25.28609564503224,25.513188285786125,56.55109035401546,42.16580384118928,120.0,0.0,120.0,0.0,120.0,0.0,120.0,0.0,102.79823672232337,28.290709637333624,93.85335428836106,17.49230612747535,94.79302317596203,21.52813375183506,85.6843813263552,17.504137704321828
13.333333333333334,500.0,1.3107137636651212,1.4520721328146746,25.28609564503224,25.513188285786125,56.55109035401546,42.16580384118928,28.47421354476287,46.709608125055446,120.0,0.0,120.0,0.0,120.0,0.0,120.0,0.0,102.79823672232337,28.290709637333624,94.79302317596203,21.52813375183506,85.6843813263552,17.504137704321828,93.85335428836106,17.49230612747535
13.333333333333334,500.0,1.3107137636651212,1.4520721328146746,25.28609564503224,25.513188285786125,28.47421354476287,46.709608125055446,56.55109035401546,42.16580384118928,120.0,0.0,120.0,0.0,120.0,0.0,120.0,0.0,102.79823672232337,28.290709637333624,94.79302317596203,21.52813375183506,93.85335428836106,17.49230612747535,85.6843813263552,17.504137704321828
13.333333333333334,500.0,28.47421354476287,46.709608125055446,56.55109035401546,42.16580384118928,1.3107137636651212,1.4520721328146746,25.28609564503224,25.513188285786125,120.0,0.0,120.0,0.0,120.0,0.0,120.0,0.0,93.85335428836106,17.49230612747535,85.6843813263552,17.504137704321828,102.79823672232337,28.290709637333624,94.79302317596203,21.52813375183506
13.333333333333334,500.0,28.47421354476287,46.709608125055446,56.55109035401546,42.16580384118928,25.28609564503224,25.513188285786125,1.3107137636651212,1.4520721328146746,120.0,0.0,120.0,0.0,120.0,0.0,120.0,0.0,93.85335428836106,17.49230612747535,85.6843813263552,17.504137704321828,94.79302317596203,21.52813375183506,102.79823672232337,28.290709637333624
13.333333333333334,500.0,28.47421354476287,46.709608125055446,1.3107137636651212,1.4520721328146746,56.55109035401546,42.16580384118928,25.28609564503224,25.513188285786125,120.0,0.0,120.0,0.0,120.0,0.0,120.0,0.0,93.85335428836106,17.49230612747535,102.79823672232337,28.290709637333624,85.6843813263552,17.504137704321828,94.79302317596203,21.52813375183506
13.333333333333334,500.0,28.47421354476287,46.709608125055446,1.3107137636651212,1.4520721328146746,25.28609564503224,25.513188285786125,56.55109035401546,42.16580384118928,120.0,0.0,120.0,0.0,120.0,0.0,120.0,0.0,93.85335428836106,17.49230612747535,102.79823672232337,28.290709637333624,94.79302317596203,21.52813375183506,85.6843813263552,17.504137704321828
13.333333333333334,500.0,28.47421354476287,46.709608125055446,25.28609564503224,25.513188285786125,56.55109035401546,42.16580384118928,1.3107137636651212,1.4520721328146746,120.0,0.0,120.0,0.0,120.0,0.0,120.0,0.0,93.85335428836106,17.49230612747535,94.79302317596203,21.52813375183506,85.6843813263552,17.504137704321828,102.79823672232337,28.290709637333624
13.333333333333334,500.0,28.47421354476287,46.709608125055446,25.28609564503224,25.513188285786125,1.3107137636651212,1.4520721328146746,56.55109035401546,42.16580384118928,120.0,0.0,120.0,0.0,120.0,0.0,120.0,0.0,93.85335428836106,17.49230612747535,94.79302317596203,21.52813375183506,102.79823672232337,28.290709637333624,85.6843813263552,17.504137704321828
13.333333333333334,500.0,25.28609564503224,25.513188285786125,56.55109035401546,42.16580384118928,1.3107137636651212,1.4520721328146746,28.47421354476287,46.709608125055446,120.0,0.0,120.0,0.0,120.0,0.0,120.0,0.0,94.79302317596203,21.52813375183506,85.6843813263552,17.504137704321828,102.79823672232337,28.290709637333624,93.85335428836106,17.49230612747535
13.333333333333334,500.0,25.28609564503224,25.513188285786125,56.55109035401546,42.16580384118928,28.47421354476287,46.709608125055446,1.3107137636651212,1.4520721328146746,120.0,0.0,120.0,0.0,120.0,0.0,120.0,0.0,94.79302317596203,21.52813375183506,85.6843813263552,17.504137704321828,93.85335428836106,17.49230612747535,102.79823672232337,28.290709637333624
13.333333333333334,500.0,25.28609564503224,25.513188285786125,1.3107137636651212,1.4520721328146746,56.55109035401546,42.16580384118928,28.47421354476287,46.709608125055446,120.0,0.0,120.0,0.0,120.0,0.0,120.0,0.0,94.79302317596203,21.52813375183506,102.79823672232337,28.290709637333624,85.6843813263552,17.504137704321828,93.85335428836106,17.49230612747535
13.333333333333334,500.0,25.28609564503224,25.513188285786125,1.3107137636651212,1.4520721328146746,28.47421354476287,46.709608125055446,56.55109035401546,42.16580384118928,120.0,0.0,120.0,0.0,120.0,0.0,120.0,0.0,94.79302317596203,21.52813375183506,102.79823672232337,28.290709637333624,93.85335428836106,17.49230612747535,85.6843813263552,17.504137704321828
13.333333333333334,500.0,25.28609564503224,25.513188285786125,28.47421354476287,46.709608125055446,56.55109035401546,42.16580384118928,1.3107137636651212,1.4520721328146746,120.0,0.0,120.0,0.0,120.0,0.0,120.0,0.0,94.79302317596203,21.52813375183506,93.85335428836106,17.49230612747535,85.6843813263552,17.504137704321828,102.79823672232337,28.290709637333624
13.333333333333334,500.0,25.28609564503224,25.513188285786125,28.47421354476287,46.709608125055446,1.3107137636651212,1.4520721328146746,56.55109035401546,42.16580384118928,120.0,0.0,120.0,0.0,120.0,0.0,120.0,0.0,94.79302317596203,21.52813375183506,93.85335428836106,17.49230612747535,102.79823672232337,28.290709637333624,85.6843813263552,17.504137704321828
13.333333333333334,500.0,26.29761949961138,10.622057669513667,8.159263100887744,35.044372623225776,51.436652017042434,17.332232140959412,56.50747002159251,44.56407627355854,100.0,20.0,100.0,20.0,100.0,20.0,100.0,20.0,116.76343861904192,35.468319443238535,107.38281539368222,33.333597568131985,117.98529949842182,36.04979819564862,107.89266851158948,34.91703961131946
13.333333333333334,500.0,26.29761949961138,10.622057669513667,56.50747002159251,44.56407627355854,8.159263100887744,35.044372623225776,51.436652017042434,17.332232140959412,100.0,20.0,100.0,20.0,100.0,20.0,100.0,20.0,116.76343861904192,35.468319443238535,107.89266851158948,34.91703961131946,107.38281539368222,33.333597568131985,117.98529949842182,36.04979819564862
13.333333333333334,500.0,26.29761949961138,10.622057669513667,56.50747002159251,44.56407627355854,51.436652017042434,17.332232140959412,8.159263100887744,35.044372623225776,100.0,20.0,100.0,20.0,100.0,20.0,100.0,20.0,116.76343861904192,35.468319443238535,107.89266851158948,34.91703961131946,117.98529949842182,36.04979819564862,107.38281539368222,33.333597568131985
13.333333333333334,500.0,26.29761949961138,10.622057669513667,51.436652017042434,17.332232140959412,8.159263100887744,35.044372623225776,56.50747002159251,44.56407627355854,100.0,20.0,100.0,20.0,100.0,20.0,100.0,20.0,116.76343861904192,35.468319443238535,117.98529949842182,36.04979819564862,107.38281539368222,33.333597568131985,107.89266851158948,34.91703961131946
13.333333333333334,500.0,26.29761949961138,10.622057669513667,51.436652017042434,17.332232140959412,56.50747002159251,44.56407627355854,8.159263100887744,35.044372623225776,100.0,20.0,100.0,20.0,100.0,20.0,100.0,20.0,116.76343861904192,35.468319443238535,117.98529949842182,36.04979819564862,107.89266851158948,34.91703961131946,107.38281539368222,33.333597568131985
13.333333333333334,500.0,8.159263100887744,35.044372623225776,26.29761949961138,10.622057669513667,56.50747002159251,44.56407627355854,51.436652017042434,17.332232140959412,100.0,20.0,100.0,20.0,100.0,20.0,100.0,20.0,107.38281539368222,33.333597568131985,116.76343861904192,35.468319443238535,107.89266851158948,34.91703961131946,117.98529949842182,36.04979819564862
13.333333333333334,500.0,8.159263100887744,35.044372623225776,26.29761949961138,10.622057669513667,51.436652017042434,17.332232140959412,56.50747002159251,44.56407627355854,100.0,20.0,100.0,20.0,100.0,20.0,100.0,20.0,107.38281539368222,33.333597568131985,116.76343861904192,35.468319443238535,117.98529949842182,36.04979819564862,107.89266851158948,34.91703961131946
13.333333333333334,500.0,8.159263100887744,35.044372623225776,56.50747002159251,44.56407627355854,26.29761949961138,10.622057669513667,51.436652017042434,17.332232140959412,100.0,20.0,100.0,20.0,100.0,20.0,100.0,20.0,107.38281539368222,33.333597568131985,107.89266851158948,34.91703961131946,116.76343861904192,35.468319443238535,117.98529949842182,36.04979819564862
13.333333333333334,500.0,8.159263100887744,35.044372623225776,56.50747002159251,44.56407627355854,51.436652017042434,17.332232140959412,26.29761949961138,10.622057669513667,100.0,20.0,100.0,20.0,100.0,20.0,100.0,20.0,107.38281539368222,33.333597568131985,107.89266851158948,34.91703961131946,117.98529949842182,36.04979819564862,116.76343861904192,35.468319443238535
13.333333333333334,500.0,8.159263100887744,35.044372623225776,51.436652017042434,17.332232140959412,26.29761949961138,10.622057669513667,56.50747002159251,44.56407627355854,100.0,20.0,100.0,20.0,100.0,20.0,100.0,20.0,107.38281539368222,33.333597568131985,117.98529949842182,36.04979819564862,116.76343861904192,35.468319443238535,107.89266851158948,34.91703961131946
13.333333333333334,500.0,8.159263100887744,35.044372623225776,51.436652017042434,17.332232140959412,56.50747002159251,44.56407627355854,26.29761949961138,10.622057669513667,100.0,20.0,100.0,20.0,100.0,20.0,100.0,20.0,107.38281539368222,33.333597568131985,117.98529949842182,36.04979819564862,107.89266851158948,34.91703961131946,116.76343861904192,35.468319443238535
13.333333333333334,500.0,56.50747002159251,44.56407627355854,26.29761949961138,10.622057669513667,8.159263100887744,35.044372623225776,51.436652017042434,17.332232140959412,100.0,20.0,100.0,20.0,100.0,20.0,100.0,20.0,107.89266851158948,34.91703961131946,116.76343861904192,35.468319443238535,107.38281539368222,33.333597568131985,117.98529949842182,36.04979819564862
13.333333333333334,500.0,56.50747002159251,44.56407627355854,26.29761949961138,10.622057669513667,51.436652017042434,17.332232140959412,8.159263100887744,35.044372623225776,100.0,20.0,100.0,20.0,100.0,20.0,100.0,20.0,107.89266851158948,34.91703961131946,116.76343861904192,35.468319443238535,117.98529949842182,36.04979819564862,107.38281539368222,33.333597568131985
13.333333333333334,500.0,56.50747002159251,44.56407627355854,8.159263100887744,35.044372623225776,26.29761949961138,10.622057669513667,51.436652017042434,17.332232140959412,100.0,20.0,100.0,20.0,100.0,20.0,100.0,20.0,107.89266851158948,34.91703961131946,107.38281539368222,33.333597568131985,116.76343861904192,35.468319443238535,117.98529949842182,36.04979819564862
13.333333333333334,500.0,56.50747002159251,44.56407627355854,8.159263100887744,35.044372623225776,51.436652017042434,17.332232140959412,26.29761949961138,10.622057669513667,100.0,20.0,100.0,20.0,100.0,20.0,100.0,20.0,107.89266851158948,34.91703961131946,107.38281539368222,33.333597568131985,117.98529949842182,36.04979819564862,116.76343861904192,35.468319443238535
13.333333333333334,500.0,56.50747002159251,44.56407627355854,51.436652017042434,17.332232140959412,26.29761949961138,10.622057669513667,8.159263100887744,35.044372623225776,100.0,20.0,100.0,20.0,100.0,20.0,100.0,20.0,107.89266851158948,34.91703961131946,117.98529949842182,36.04979819564862,116.76343861904192,35.468319443238535,107.38281539368222,33.333597568131985
13.333333333333334,500.0,56.50747002159251,44.56407627355854,51.436652017042434,17.332232140959412,8.159263100887744,35.044372623225776,26.29761949961138,10.622057669513667,100.0,20.0,100.0,20.0,100.0,20.0,100.0,20.0,107.89266851158948,34.91703961131946,117.98529949842182,36.04979819564862,107.38281539368222,33.333597568131985,116.76343861904192,35.468319443238535
13.333333333333334,500.0,51.436652017042434,17.332232140959412,26.29761949961138,10.622057669513667,8.159263100887744,35.044372623225776,56.50747002159251,44.56407627355854,100.0,20.0,100.0,20.0,100.0,20.0,100.0,20.0,117.98529949842182,36.04979819564862,116.76343861904192,35.468319443238535,107.38281539368222,33.333597568131985,107.89266851158948,34.91703961131946
13.333333333333334,500.0,51.436652017042434,17.332232140959412,26.29761949961138,10.622057669513667,56.50747002159251,44.56407627355854,8.159263100887744,35.044372623225776,100.0,20.0,100.0,20.0,100.0,20.0,100.0,20.0,117.98529949842182,36.04979819564862,116.76343861904192,35.468319443238535,107.89266851158948,34.91703961131946,107.38281539368222,33.333597568131985
13.333333333333334,500.0,51.436652017042434,17.332232140959412,8.159263100887744,35.044372623225776,26.29761949961138,10.622057669513667,56.50747002159251,44.56407627355854,100.0,20.0,100.0,20.0,100.0,20.0,100.0,20.0,117.98529949842182,36.04979819564862,107.38281539368222,33.333597568131985,116.76343861904192,35.468319443238535,107.89266851158948,34.91703961131946
13.333333333333334,500.0,51.436652017042434,17.332232140959412,8.159263100887744,35.044372623225776,56.50747002159251,44.56407627355854,26.29761949961138,10.622057669513667,100.0,20.0,100.0,20.0,100.0,20.0,100.0,20.0,117.98529949842182,36.04979819564862,107.38281539368222,33.333597568131985,107.89266851158948,34.91703961131946,116.76343861904192,35.468319443238535
13.333333333333334,500.0,51.436652017042434,17.332232140959412,56.50747002159251,44.56407627355854,26.29761949961138,10.622057669513667,8.159263100887744,35.044372623225776,100.0,20.0,100.0,20.0,100.0,20.0,100.0,20.0,117.98529949842182,36.04979819564862,107.89266851158948,34.91703961131946,116.76343861904192,35.468319443238535,107.38281539368222,33.333597568131985
13.333333333333334,500.0,51.436652017042434,17.332232140959412,56.50747002159251,44.56407627355854,8.159263100887744,35.044372623225776,26.29761949961138,10.622057669513667,100.0,20.0,100.0,20.0,100.0,20.0,100.0,20.0,117.98529949842182,36.04979819564862,107.89266851158948,34.91703961131946,107.38281539368222,33.333597568131985,116.76343861904192,35.468319443238535
13.333333333333334,500.0,25.588670881418164,38.09203944321389,3.4764116466160577,46.7646209904263,19.04502096122945,3.7262675310507687,51.89543429029944,57.23531273787504,80.0,40.0,80.0,40.0,80.0,40.0,80.0,40.0,88.91545330910414,12.649638167897525,115.84701295787156,19.0064939595448,114.52534932191064,18.20621283093733,116.2693034162362,18.969196205235995
13.333333333333334,500.0,25.588670881418164,38.09203944321389,51.89543429029944,57.23531273787504,3.4764116466160577,46.7646209904263,19.04502096122945,3.7262675310507687,80.0,40.0,80.0,40.0,80.0,40.0,80.0,40.0,88.91545330910414,12.649638167897525,116.2693034162362,18.969196205235995,115.84701295787156,19.0064939595448,114.52534932191064,18.20621283093733
13.333333333333334,500.0,25.588670881418164,38.09203944321389,51.89543429029944,57.23531273787504,19.04502096122945,3.7262675310507687,3.4764116466160577,46.7646209904263,80.0,40.0,80.0,40.0,80.0,40.0,80.0,40.0,88.91545330910414,12.649638167897525,116.2693034162362,18.969196205235995,114.52534932191064,18.20621283093733,115.84701295787156,19.0064939595448
13.333333333333334,500.0,25.588670881418164,38.09203944321389,19.04502096122945,3.7262675310507687,3.4764116466160577,46.7646209904263,51.89543429029944,57.23531273787504,80.0,40.0,80.0,40.0,80.0,40.0,80.0,40.0,88.91545330910414,12.649638167897525,114.52534932191064,18.20621283093733,115.84701295787156,19.0064939595448,116.2693034162362,18.969196205235995
13.333333333333334,500.0,25.588670881418164,38.09203944321389,19.04502096122945,3.7262675310507687,51.89543429029944,57.23531273787504,3.4764116466160577,46.7646209904263,80.0,40.0,80.0,40.0,80.0,40.0,80.0,40.0,88.91545330910414,12.649638167897525,114.52534932191064,18.20621283093733,116.2693034162362,18.969196205235995,115.84701295787156,19.0064939595448
13.333333333333334,500.0,3.4764116466160577,46.7646209904263,25.588670881418164,38.09203944321389,51.89543429029944,57.23531273787504,19.04502096122945,3.7262675310507687,80.0,40.0,80.0,40.0,80.0,40.0,80.0,40.0,115.84701295787156,19.0064939595448,88.91545330910414,12.649638167897525,116.2693034162362,18.969196205235995,114.52534932191064,18.20621283093733
13.333333333333334,500.0,3.4764116466160577,46.7646209904263,25.588670881418164,38.09203944321389,19.04502096122945,3.7262675310507687,51.89543429029944,57.23531273787504,80.0,40.0,80.0,40.0,80.0,40.0,80.0,40.0,115.84701295787156,19.0064939595448,88.91545330910414,12.649638167897525,114.52534932191064,18.20621283093733,116.2693034162362,18.969196205235995
13.333333333333334,500.0,3.4764116466160577,46.7646209904263,51.89543429029944,57.23531273787504,25.588670881418164,38.09203944321389,19.04502096122945,3.7262675310507687,80.0,40.0,80.0,40.0,80.0,40.0,80.0,40.0,115.84701295787156,19.0064939595448,116.2693034162362,18.969196205235995,88.91545330910414,12.649638167897525,114.52534932191064,18.20621283093733
13.333333333333334,500.0,3.4764116466160577,46.7646209904263,51.89543429029944,57.23531273787504,19.04502096122945,3.7262675310507687,25.588670881418164,38.09203944321389,80.0,40.0,80.0,40.0,80.0,40.0,80.0,40.0,115.84701295787156,19.0064939595448,116.2693034162362,18.969196205235995,114.52534932191064,18.20621283093733,88.91545330910414,12.649638167897525
13.333333333333334,500.0,3.4764116466160577,46.7646209904263,19.04502096122945,3.7262675310507687,25.588670881418164,38.09203944321389,51.89543429029944,57.23531273787504,80.0,40.0,80.0,40.0,80.0,40.0,80.0,40.0,115.84701295787156,19.0064939595448,114.52534932191064,18.20621283093733,88.91545330910414,12.649638167897525,116.2693034162362,18.969196205235995
13.333333333333334,500.0,3.4764116466160577,46.7646209904263,19.04502096122945,3.7262675310507687,51.89543429029944,57.23531273787504,25.588670881418164,38.09203944321389,80.0,40.0,80.0,40.0,80.0,40.0,80.0,40.0,115.84701295787156,19.0064939595448,114.52534932191064,18.20621283093733,116.2693034162362,18.969196205235995,88.91545330910414,12.649638167897525
13.333333333333334,500.0,51.89543429029944,57.23531273787504,25.588670881418164,38.09203944321389,3.4764116466160577,46.7646209904263,19.04502096122945,3.7262675310507687,80.0,40.0,80.0,40.0,80.0,40.0,80.0,40.0,116.2693034162362,18.969196205235995,88.91545330910414,12.649638167897525,115.84701295787156,19.0064939595448,114.52534932191064,18.20621283093733
13.333333333333334,500.0,51.89543429029944,57.23531273787504,25.588670881418164,38.09203944321389,19.04502096122945,3.7262675310507687,3.4764116466160577,46.7646209904263,80.0,40.0,80.0,40.0,80.0,40.0,80.0,40.0,116.2693034162362,18.969196205235995,88.91545330910414,12.649638167897525,114.52534932191064,18.20621283093733,115.84701295787156,19.0064939595448
13.333333333333334,500.0,51.89543429029944,57.23531273787504,3.4764116466160577,46.7646209904263,25.588670881418164,38.09203944321389,19.04502096122945,3.7262675310507687,80.0,40.0,80.0,40.0,80.0,40.0,80.0,40.0,116.2693034162362,18.969196205235995,115.84701295787156,19.0064939595448,88.91545330910414,12.649638167897525,114.52534932191064,18.20621283093733
13.333333333333334,500.0,51.89543429029944,57.23531273787504,3.4764116466160577,46.7646209904263,19.04502096122945,3.7262675310507687,25.588670881418164,38.09203944321389,80.0,40.0,80.0,40.0,80.0,40.0,80.0,40.0,116.2693034162362,18.969196205235995,115.84701295787156,19.0064939595448,114.52534932191064,18.20621283093733,88.91545330910414,12.649638167897525
13.333333333333334,500.0,51.89543429029944,57.23531273787504,19.04502096122945,3.7262675310507687,25.588670881418164,38.09203944321389,3.4764116466160577,46.7646209904263,80.0,40.0,80.0,40.0,80.0,40.0,80.0,40.0,116.2693034162362,18.969196205235995,114.52534932191064,18.20621283093733,88.91545330910414,12.649638167897525,115.84701295787156,19.0064939595448
13.333333333333334,500.0,51.89543429029944,57.23531273787504,19.04502096122945,3.7262675310507687,3.4764116466160577,46.7646209904263,25.588670881418164,38.09203944321389,80.0,40.0,80.0,40.0,80.0,40.0,80.0,40.0,116.2693034162362,18.969196205235995,114.52534932191064,18.20621283093733,115.84701295787156,19.0064939595448,88.91545330910414,12.649638167897525
13.333333333333334,500.0,19.04502096122945,3.7262675310507687,25.588670881418164,38.09203944321389,3.4764116466160577,46.7646209904263,51.89543429029944,57.23531273787504,80.0,40.0,80.0,40.0,80.0,40.0,80.0,40.0,114.52534932191064,18.20621283093733,88.91545330910414,12.649638167897525,115.84701295787156,19.0064939595448,116.2693034162362,18.969196205235995
13.333333333333334,500.0,19.04502096122945,3.7262675310507687,25.588670881418164,38.09203944321389,51.89543429029944,57.23531273787504,3.4764116466160577,46.7646209904263,80.0,40.0,80.0,40.0,80.0,40.0,80.0,40.0,114.52534932191064,18.20621283093733,88.91545330910414,12.649638167897525,116.2693034162362,18.969196205235995,115.84701295787156,19.0064939595448
13.333333333333334,500.0,19.04502096122945,3.7262675310507687,3.4764116466160577,46.7646209904263,25.588670881418164,38.09203944321389,51.89543429029944,57.23531273787504,80.0,40.0,80.0,40.0,80.0,40.0,80.0,40.0,114.52534932191064,18.20621283093733,115.84701295787156,19.0064939595448,88.91545330910414,12.649638167897525,116.2693034162362,18.969196205235995
13.333333333333334,500.0,19.04502096122945,3.7262675310507687,3.4764116466160577,46.7646209904263,51.89543429029944,57.23531273787504,25.588670881418164,38.09203944321389,80.0,40.0,80.0,40.0,80.0,40.0,80.0,40.0,114.52534932191064,18.20621283093733,115.84701295787156,19.0064939595448,116.2693034162362,18.969196205235995,88.91545330910414,12.649638167897525
13.333333333333334,500.0,19.04502096122945,3.7262675310507687,51.89543429029944,57.23531273787504,25.588670881418164,38.09203944321389,3.4764116466160577,46.7646209904263,80.0,40.0,80.0,40.0,80.0,40.0,80.0,40.0,114.52534932191064,18.20621283093733,116.2693034162362,18.969196205235995,88.91545330910414,12.649638167897525,115.84701295787156,19.0064939595448
13.333333333333334,500.0,19.04502096122945,3.7262675310507687,51.89543429029944,57.23531273787504,3.4764116466160577,46.7646209904263,25.588670881418164,38.09203944321389,80.0,40.0,80.0,40.0,80.0,40.0,80.0,40.0,114.52534932191064,18.20621283093733,116.2693034162362,18.969196205235995,115.84701295787156,19.0064939595448,88.91545330910414,12.649638167897525
13.333333333333334,500.0,1.2944118027610885,40.88481364879613,50.35445727302164,6.084072657683919,26.24652777410228,16.961404311282003,37.37126712945376,39.609436053519474,60.00000000000001,20.0,60.00000000000001,20.0,60.00000000000001,20.0,60.00000000000001,20.0,114.6972180493809,29.748867517319283,87.25299205085213,54.67230373982317,105.91195592509423,47.74622442115484,93.06668899935671,30.73822978990032
13.333333333333334,500.0,1.2944118027610885,40.88481364879613,37.37126712945376,39.609436053519474,50.35445727302164,6.084072657683919,26.24652777410228,16.961404311282003,60.00000000000001,20.0,60.00000000000001,20.0,60.00000000000001,20.0,60.00000000000001,20.0,114.6972180493809,29.748867517319283,93.06668899935671,30.73822978990032,87.25299205085213,54.67230373982317,105.91195592509423,47.74622442115484
13.333333333333334,500.0,1.2944118027610885,40.88481364879613,37.37126712945376,39.609436053519474,26.24652777410228,16.961404311282003,50.35445727302164,6.084072657683919,60.00000000000001,20.0,60.00000000000001,20.0,60.00000000000001,20.0,60.00000000000001,20.0,114.6972180493809,29.748867517319283,93.06668899935671,30.73822978990032,105.91195592509423,47.74622442115484,87.25299205085213,54.67230373982317
13.333333333333334,500.0,1.2944118027610885,40.88481364879613,26.24652777410228,16.961404311282003,50.35445727302164,6.084072657683919,37.37126712945376,39.609436053519474,60.00000000000001,20.0,60.00000000000001,20.0,60.00000000000001,20.0,60.00000000000001,20.0,114.6972180493809,29.748867517319283,105.91195592509423,47.74622442115484,87.25299205085213,54.67230373982317,93.06668899935671,30.73822978990032
13.333333333333334,500.0,1.2944118027610885,40.88481364879613,26.24652777410228,16.961404311282003,37.37126712945376,39.609436053519474,50.35445727302164,6.084072657683919,60.00000000000001,20.0,60.00000000000001,20.0,60.00000000000001,20.0,60.00000000000001,20.0,114.6972180493809,29.748867517319283,105.91195592509423,47.74622442115484,93.06668899935671,30.73822978990032,87.25299205085213,54.67230373982317
13.333333333333334,500.0,50.35445727302164,6.084072657683919,1.2944118027610885,40.88481364879613,37.37126712945376,39.609436053519474,26.24652777410228,16.961404311282003,60.00000000000001,20.0,60.00000000000001,20.0,60.00000000000001,20.0,60.00000000000001,20.0,87.25299205085213,54.67230373982317,114.6972180493809,29.748867517319283,93.06668899935671,30.73822978990032,105.91195592509423,47.74622442115484
13.333333333333334,500.0,50.35445727302164,6.084072657683919,1.2944118027610885,40.88481364879613,26.24652777410228,16.961404311282003,37.37126712945376,39.609436053519474,60.00000000000001,20.0,60.00000000000001,20.0,60.00000000000001,20.0,60.00000000000001,20.0,87.25299205085213,54.67230373982317,114.6972180493809,29.748867517319283,105.91195592509423,47.74622442115484,93.06668899935671,30.73822978990032
13.333333333333334,500.0,50.35445727302164,6.084072657683919,37.37126712945376,39.609436053519474,1.2944118027610885,40.88481364879613,26.24652777410228,16.961404311282003,60.00000000000001,20.0,60.00000000000001,20.0,60.00000000000001,20.0,60.00000000000001,20.0,87.25299205085213,54.67230373982317,93.06668899935671,30.73822978990032,114.6972180493809,29.748867517319283,105.91195592509423,47.74622442115484
13.333333333333334,500.0,50.35445727302164,6.084072657683919,37.37126712945376,39.609436053519474,26.24652777410228,16.961404311282003,1.2944118027610885,40.88481364879613,60.00000000000001,20.0,60.00000000000001,20.0,60.00000000000001,20.0,60.00000000000001,20.0,87.25299205085213,54.67230373982317,93.06668899935671,30.73822978990032,105.91195592509423,47.74622442115484,114.6972180493809,29.748867517319283
13.333333333333334,500.0,50.35445727302164,6.084072657683919,26.24652777410228,16.961404311282003,1.2944118027610885,40.88481364879613,37.37126712945376,39.609436053519474,60.00000000000001,20.0,60.00000000000001,20.0,60.00000000000001,20.0,60.00000000000001,20.0,87.25299205085213,54.67230373982317,105.91195592509423,47.74622442115484,114.6972180493809,29.748867517319283,93.06668899935671,30.73822978990032
13.333333333333334,500.0,50.35445727302164,6.084072657683919,26.24652777410228,16.961404311282003,37.37126712945376,39.609436053519474,1.2944118027610885,40.88481364879613,60.00000000000001,20.0,60.00000000000001,20.0,60.00000000000001,20.0,60.00000000000001,20.0,87.25299205085213,54.67230373982317,105.91195592509423,47.74622442115484,93.06668899935671,30.73822978990032,114.6972180493809,29.748867517319283
13.333333333333334,500.0,37.37126712945376,39.609436053519474,1.2944118027610885,40.88481364879613,50.35445727302164,6.084072657683919,26.24652777410228,16.961404311282003,60.00000000000001,20.0,60.00000000000001,20.0,60.00000000000001,20.0,60.00000000000001,20.0,93.06668899935671,30.73822978990032,114.6972180493809,29.748867517319283,87.25299205085213,54.67230373982317,105.91195592509423,47.74622442115484
13.333333333333334,500.0,37.37126712945376,39.609436053519474,1.2944118027610885,40.88481364879613,26.24652777410228,16.961404311282003,50.35445727302164,6.084072657683919,60.00000000000001,20.0,60.00000000000001,20.0,60.00000000000001,20.0,60.00000000000001,20.0,93.06668899935671,30.73822978990032,114.6972180493809,29.748867517319283,105.91195592509423,47.74622442115484,87.25299205085213,54.67230373982317
13.333333333333334,500.0,37.37126712945376,39.609436053519474,50.35445727302164,6.084072657683919,1.2944118027610885,40.88481364879613,26.24652777410228,16.961404311282003,60.00000000000001,20.0,60.00000000000001,20.0,60.00000000000001,20.0,60.00000000000001,20.0,93.06668899935671,30.73822978990032,87.25299205085213,54.67230373982317,114.6972180493809,29.748867517319283,105.91195592509423,47.74622442115484
13.333333333333334,500.0,37.37126712945376,39.609436053519474,50.35445727302164,6.084072657683919,26.24652777410228,16.961404311282003,1.2944118027610885,40.88481364879613,60.00000000000001,20.0,60.00000000000001,20.0,60.00000000000001,20.0,60.00000000000001,20.0,93.06668899935671,30.73822978990032,87.25299205085213,54.67230373982317,105.91195592509423,47.74622442115484,114.6972180493809,29.748867517319283
13.333333333333334,500.0,37.37126712945376,39.609436053519474,26.24652777410228,16.961404311282003,1.2944118027610885,40.88481364879613,50.35445727302164,6.084072657683919,60.00000000000001,20.0,60.00000000000001,20.0,60.00000000000001,20.0,60.00000000000001,20.0,93.06668899935671,30.73822978990032,105.91195592509423,47.74622442115484,114.6972180493809,29.748867517319283,87.25299205085213,54.67230373982317
13.333333333333334,500.0,37.37126712945376,39.609436053519474,26.24652777410228,16.961404311282003,50.35445727302164,6.084072657683919,1.2944118027610885,40.88481364879613,60.00000000000001,20.0,60.00000000000001,20.0,60.00000000000001,20.0,60.00000000000001,20.0,93.06668899935671,30.73822978990032,105.91195592509423,47.74622442115484,87.25299205085213,54.67230373982317,114.6972180493809,29.748867517319283
13.333333333333334,500.0,26.24652777410228,16.961404311282003,1.2944118027610885,40.88481364879613,50.35445727302164,6.084072657683919,37.37126712945376,39.609436053519474,60.00000000000001,20.0,60.00000000000001,20.0,60.00000000000001,20.0,60.00000000000001,20.0,105.91195592509423,47.74622442115484,114.6972180493809,29.748867517319283,87.25299205085213,54.67230373982317,93.06668899935671,30.73822978990032
13.333333333333334,500.0,26.24652777410228,16.961404311282003,1.2944118027610885,40.88481364879613,37.37126712945376,39.609436053519474,50.35445727302164,6.084072657683919,60.00000000000001,20.0,60.00000000000001,20.0,60.00000000000001,20.0,60.00000000000001,20.0,105.91195592509423,47.74622442115484,114.6972180493809,29.748867517319283,93.06668899935671,30.73822978990032,87.25299205085213,54.67230373982317
13.333333333333334,500.0,26.24652777410228,16.961404311282003,50.35445727302164,6.084072657683919,1.2944118027610885,40.88481364879613,37.37126712945376,39.609436053519474,60.00000000000001,20.0,60.00000000000001,20.0,60.00000000000001,20.0,60.00000000000001,20.0,105.91195592509423,47.74622442115484,87.25299205085213,54.67230373982317,114.6972180493809,29.748867517319283,93.06668899935671,30.73822978990032
13.333333333333334,500.0,26.24652777410228,16.961404311282003,50.35445727302164,6.084072657683919,37.37126712945376,39.609436053519474,1.2944118027610885,40.88481364879613,60.00000000000001,20.0,60.00000000000001,20.0,60.00000000000001,20.0,60.00000000000001,20.0,105.91195592509423,47.74622442115484,87.25299205085213,54.67230373982317,93.06668899935671,30.73822978990032,114.6972180493809,29.748867517319283
13.333333333333334,500.0,26.24652777410228,16.961404311282003,37.37126712945376,39.609436053519474,1.2944118027610885,40.88481364879613,50.35445727302164,6.084072657683919,60.00000000000001,20.0,60.00000000000001,20.0,60.00000000000001,20.0,60.00000000000001,20.0,105.91195592509423,47.74622442115484,93.06668899935671,30.73822978990032,114.6972180493809,29.748867517319283,87.25299205085213,54.67230373982317
13.333333333333334,500.0,26.24652777410228,16.961404311282003,37.37126712945376,39.609436053519474,50.35445727302164,6.084072657683919,1.2944118027610885,40.88481364879613,60.00000000000001,20.0,60.00000000000001,20.0,60.00000000000001,20.0,60.00000000000001,20.0,105.91195592509423,47.74622442115484,93.06668899935671,30.73822978990032,87.25299205085213,54.67230373982317,114.6972180493809,29.748867517319283
13.333333333333334,500.0,4.986313481924669,28.443465478277947,39.262306054545846,45.08312330904238,58.59750221033434,55.27925142276624,32.20875713361245,6.580401820989456,60.00000000000001,20.0,60.00000000000001,20.0,60.00000000000001,20.0,60.00000000000001,20.0,81.72279185738394,43.30476654317194,101.11246145518886,49.81864108485769,102.31054678068934,46.86019507500272,103.07438527355797,50.55239925771736
13.333333333333334,500.0,4.986313481924669,28.443465478277947,32.20875713361245,6.580401820989456,39.262306054545846,45.08312330904238,58.59750221033434,55.27925142276624,60.00000000000001,20.0,60.00000000000001,20.0,60.00000000000001,20.0,60.00000000000001,20.0,81.72279185738394,43.30476654317194,103.07438527355797,50.55239925771736,101.11246145518886,49.81864108485769,102.31054678068934,46.86019507500272
13.333333333333334,500.0,4.986313481924669,28.443465478277947,32.20875713361245,6.580401820989456,58.59750221033434,55.27925142276624,39.262306054545846,45.08312330904238,60.00000000000001,20.0,60.00000000000001,20.0,60.00000000000001,20.0,60.00000000000001,20.0,81.72279185738394,43.30476654317194,103.07438527355797,50.55239925771736,102.31054678068934,46.86019507500272,101.11246145518886,49.81864108485769
13.333333333333334,500.0,4.986313481924669,28.443465478277947,58.59750221033434,55.27925142276624,39.262306054545846,45.08312330904238,32.20875713361245,6.580401820989456,60.00000000000001,20.0,60.00000000000001,20.0,60.00000000000001,20.0,60.00000000000001,20.0,81.72279185738394,43.30476654317194,102.31054678068934,46.86019507500272,101.11246145518886,49.81864108485769,103.07438527355797,50.55239925771736
13.333333333333334,500.0,4.986313481924669,28.443465478277947,58.59750221033434,55.27925142276624,32.20875713361245,6.580401820989456,39.262306054545846,45.08312330904238,60.00000000000001,20.0,60.00000000000001,20.0,60.00000000000001,20.0,60.00000000000001,20.0,81.72279185738394,43.30476654317194,102.31054678068934,46.86019507500272,103.07438527355797,50.55239925771736,101.11246145518886,49.81864108485769
13.333333333333334,500.0,39.262306054545846,45.08312330904238,4.986313481924669,28.443465478277947,32.20875713361245,6.580401820989456,58.59750221033434,55.27925142276624,60.00000000000001,20.0,60.00000000000001,20.0,60.00000000000001,20.0,60.00000000000001,20.0,101.11246145518886,49.81864108485769,81.72279185738394,43.30476654317194,103.07438527355797,50.55239925771736,102.31054678068934,46.86019507500272
13.333333333333334,500.0,39.262306054545846,45.08312330904238,4.986313481924669,28.443465478277947,58.59750221033434,55.27925142276624,32.20875713361245,6.580401820989456,60.00000000000001,20.0,60.00000000000001,20.0,60.00000000000001,20.0,60.00000000000001,20.0,101.11246145518886,49.81864108485769,81.72279185738394,43.30476654317194,102.31054678068934,46.86019507500272,103.07438527355797,50.55239925771736
13.333333333333334,500.0,39.262306054545846,45.08312330904238,32.20875713361245,6.580401820989456,4.986313481924669,28.443465478277947,58.59750221033434,55.27925142276624,60.00000000000001,20.0,60.00000000000001,20.0,60.00000000000001,20.0,60.00000000000001,20.0,101.11246145518886,49.81864108485769,103.07438527355797,50.55239925771736,81.72279185738394,43.30476654317194,102.31054678068934,46.86019507500272
13.333333333333334,500.0,39.262306054545846,45.08312330904238,32.20875713361245,6.580401820989456,58.59750221033434,55.27925142276624,4.986313481924669,28.443465478277947,60.00000000000001,20.0,60.00000000000001,20.0,60.00000000000001,20.0,60.00000000000001,20.0,101.11246145518886,49.81864108485769,103.07438527355797,50.55239925771736,102.31054678068934,46.86019507500272,81.72279185738394,43.30476654317194
13.333333333333334,500.0,39.262306054545846,45.08312330904238,58.59750221033434,55.27925142276624,4.986313481924669,28.443465478277947,32.20875713361245,6.580401820989456,60.00000000000001,20.0,60.00000000000001,20.0,60.00000000000001,20.0,60.00000000000001,20.0,101.11246145518886,49.81864108485769,102.31054678068934,46.86019507500272,81.72279185738394,43.30476654317194,103.07438527355797,50.55239925771736
13.333333333333334,500.0,39.262306054545846,45.08312330904238,58.59750221033434,55.27925142276624,32.20875713361245,6.580401820989456,4.986313481924669,28.443465478277947,60.00000000000001,20.0,60.00000000000001,20.0,60.00000000000001,20.0,60.00000000000001,20.0,101.11246145518886,49.81864108485769,102.31054678068934,46.86019507500272,103.07438527355797,50.55239925771736,81.72279185738394,43.30476654317194
13.333333333333334,500.0,32.20875713361245,6.580401820989456,4.986313481924669,28.443465478277947,39.262306054545846,45.08312330904238,58.59750221033434,55.27925142276624,60.00000000000001,20.0,60.00000000000001,20.0,60.00000000000001,20.0,60.00000000000001,20.0,103.07438527355797,50.55239925771736,81.72279185738394,43.30476654317194,101.11246145518886,49.81864108485769,102.31054678068934,46.86019507500272
13.333333333333334,500.0,32.20875713361245,6.580401820989456,4.986313481924669,28.443465478277947,58.59750221033434,55.27925142276624,39.262306054545846,45.08312330904238,60.00000000000001,20.0,60.00000000000001,20.0,60.00000000000001,20.0,60.00000000000001,20.0,103.07438527355797,50.55239925771736,81.72279185738394,43.30476654317194,102.31054678068934,46.86019507500272,101.11246145518886,49.81864108485769
13.333333333333334,500.0,32.20875713361245,6.580401820989456,39.262306054545846,45.08312330904238,4.986313481924669,28.443465478277947,58.59750221033434,55.27925142276624,60.00000000000001,20.0,60.00000000000001,20.0,60.00000000000001,20.0,60.00000000000001,20.0,103.07438527355797,50.55239925771736,101.11246145518886,49.81864108485769,81.72279185738394,43.30476654317194,102.31054678068934,46.86019507500272
13.333333333333334,500.0,32.20875713361245,6.580401820989456,39.262306054545846,45.08312330904238,58.59750221033434,55.27925142276624,4.986313481924669,28.443465478277947,60.00000000000001,20.0,60.00000000000001,20.0,60.00000000000001,20.0,60.00000000000001,20.0,103.07438527355797,50.55239925771736,101.11246145518886,49.81864108485769,102.31054678068934,46.86019507500272,81.72279185738394,43.30476654317194
13.333333333333334,500.0,32.20875713361245,6.580401820989456,58.59750221033434,55.27925142276624,4.986313481924669,28.443465478277947,39.262306054545846,45.08312330904238,60.00000000000001,20.0,60.00000000000001,20.0,60.00000000000001,20.0,60.00000000000001,20.0,103.07438527355797,50.55239925771736,102.31054678068934,46.86019507500272,81.72279185738394,43.30476654317194,101.11246145518886,49.81864108485769
13.333333333333334,500.0,32.20875713361245,6.580401820989456,58.59750221033434,55.27925142276624,39.262306054545846,45.08312330904238,4.986313481924669,28.443465478277947,60.00000000000001,20.0,60.00000000000001,20.0,60.00000000000001,20.0,60.00000000000001,20.0,103.07438527355797,50.55239925771736,102.31054678068934,46.86019507500272,101.11246145518886,49.81864108485769,81.72279185738394,43.30476654317194
13.333333333333334,500.0,58.59750221033434,55.27925142276624,4.986313481924669,28.443465478277947,39.262306054545846,45.08312330904238,32.20875713361245,6.580401820989456,60.00000000000001,20.0,60.00000000000001,20.0,60.00000000000001,20.0,60.00000000000001,20.0,102.31054678068934,46.86019507500272,81.72279185738394,43.30476654317194,101.11246145518886,49.81864108485769,103.07438527355797,50.55239925771736
13.333333333333334,500.0,58.59750221033434,55.27925142276624,4.986313481924669,28.443465478277947,32.20875713361245,6.580401820989456,39.262306054545846,45.08312330904238,60.00000000000001,20.0,60.00000000000001,20.0,60.00000000000001,20.0,60.00000000000001,20.0,102.31054678068934,46.86019507500272,81.72279185738394,43.30476654317194,103.07438527355797,50.55239925771736,101.11246145518886,49.81864108485769
13.333333333333334,500.0,58.59750221033434,55.27925142276624,39.262306054545846,45.08312330904238,4.986313481924669,28.443465478277947,32.20875713361245,6.580401820989456,60.00000000000001,20.0,60.00000000000001,20.0,60.00000000000001,20.0,60.00000000000001,20.0,102.31054678068934,46.86019507500272,101.11246145518886,49.81864108485769,81.72279185738394,43.30476654317194,103.07438527355797,50.55239925771736
13.333333333333334,500.0,58.59750221033434,55.27925142276624,39.262306054545846,45.08312330904238,32.20875713361245,6.580401820989456,4.986313481924669,28.443465478277947,60.00000000000001,20.0,60.00000000000001,20.0,60.00000000000001,20.0,60.00000000000001,20.0,102.31054678068934,46.86019507500272,101.11246145518886,49.81864108485769,103.07438527355797,50.55239925771736,81.72279185738394,43.30476654317194
13.333333333333334,500.0,58.59750221033434,55.27925142276624,32.20875713361245,6.580401820989456,4.986313481924669,28.443465478277947,39.262306054545846,45.08312330904238,60.00000000000001,20.0,60.00000000000001,20.0,60.00000000000001,20.0,60.00000000000001,20.0,102.31054678068934,46.86019507500272,103.07438527355797,50.55239925771736,81.72279185738394,43.30476654317194,101.11246145518886,49.81864108485769
13.333333333333334,500.0,58.59750221033434,55.27925142276624,32.20875713361245,6.580401820989456,39.262306054545846,45.08312330904238,4.986313481924669,28.443465478277947,60.00000000000001,20.0,60.00000000000001,20.0,60.00000000000001,20.0,60.00000000000001,20.0,102.31054678068934,46.86019507500272,103.07438527355797,50.55239925771736,101.11246145518886,49.81864108485769,81.72279185738394,43.30476654317194
13.333333333333334,500.0,5.211348800272397,8.376148412347781,57.369293262625085,17.95851595357707,36.03274430982172,41.498665211570525,9.102339826940264,33.941225583291185,80.0,20.0,80.0,20.0,80.0,20.0,80.0,20.0,95.63880600493394,29.740304362155555,90.41074530270564,32.511481213026805,85.59026522703877,20.8537749607496,105.63552303406976,25.72033585440964
13.333333333333334,500.0,5.211348800272397,8.376148412347781,9.102339826940264,33.941225583291185,57.369293262625085,17.95851595357707,36.03274430982172,41.498665211570525,80.0,20.0,80.0,20.0,80.0,20.0,80.0,20.0,95.63880600493394,29.740304362155555,105.63552303406976,25.72033585440964,90.41074530270564,32.511481213026805,85.59026522703877,20.8537749607496
13.333333333333334,500.0,5.211348800272397,8.376148412347781,9.102339826940264,33.941225583291185,36.03274430982172,41.498665211570525,57.369293262625085,17.95851595357707,80.0,20.0,80.0,20.0,80.0,20.0,80.0,20.0,95.63880600493394,29.740304362155555,105.63552303406976,25.72033585440964,85.59026522703877,20.8537749607496,90.41074530270564,32.511481213026805
13.333333333333334,500.0,5.211348800272397,8.376148412347781,36.03274430982172,41.498665211570525,57.369293262625085,17.95851595357707,9.102339826940264,33.941225583291185,80.0,20.0,80.0,20.0,80.0,20.0,80.0,20.0,95.63880600493394,29.740304362155555,85.59026522703877,20.8537749607496,90.41074530270564,32.511481213026805,105.63552303406976,25.72033585440964
13.333333333333334,500.0,5.211348800272397,8.376148412347781,36.03274430982172,41.498665211570525,9.102339826940264,33.941225583291185,57.369293262625085,17.95851595357707,80.0,20.0,80.0,20.0,80.0,20.0,80.0,20.0,95.63880600493394,29.740304362155555,85.59026522703877,20.8537749607496,105.63552303406976,25.72033585440964,90.41074530270564,32.511481213026805
13.333333333333334,500.0,57.369293262625085,17.95851595357707,5.211348800272397,8.376148412347781,9.102339826940264,33.941225583291185,36.03274430982172,41.498665211570525,80.0,20.0,80.0,20.0,80.0,20.0,80.0,20.0,90.41074530270564,32.511481213026805,95.63880600493394,29.740304362155555,105.63552303406976,25.72033585440964,85.59026522703877,20.8537749607496
13.333333333333334,500.0,57.369293262625085,17.95851595357707,5.211348800272397,8.376148412347781,36.03274430982172,41.498665211570525,9.102339826940264,33.941225583291185,80.0,20.0,80.0,20.0,80.0,20.0,80.0,20.0,90.41074530270564,32.511481213026805,95.63880600493394,29.740304362155555,85.59026522703877,20.8537749607496,105.63552303406976,25.72033585440964
13.333333333333334,500.0,57.369293262625085,17.95851595357707,9.102339826940264,33.941225583291185,5.211348800272397,8.376148412347781,36.03274430982172,41.498665211570525,80.0,20.0,80.0,20.0,80.0,20.0,80.0,20.0,90.41074530270564,32.511481213026805,105.63552303406976,25.72033585440964,95.63880600493394,29.740304362155555,85.59026522703877,20.8537749607496
13.333333333333334,500.0,57.369293262625085,17.95851595357707,9.102339826940264,33.941225583291185,36.03274430982172,41.498665211570525,5.211348800272397,8.376148412347781,80.0,20.0,80.0,20.0,80.0,20.0,80.0,20.0,90.41074530270564,32.511481213026805,105.63552303406976,25.72033585440964,85.59026522703877,20.8537749607496,95.63880600493394,29.740304362155555
13.333333333333334,500.0,57.369293262625085,17.95851595357707,36.03274430982172,41.498665211570525,5.211348800272397,8.376148412347781,9.102339826940264,33.941225583291185,80.0,20.0,80.0,20.0,80.0,20.0,80.0,20.0,90.41074530270564,32.511481213026805,85.59026522703877,20.8537749607496,95.63880600493394,29.740304362155555,105.63552303406976,25.72033585440964
13.333333333333334,500.0,57.369293262625085,17.95851595357707,36.03274430982172,41.498665211570525,9.102339826940264,33.941225583291185,5.211348800272397,8.376148412347781,80.0,20.0,80.0,20.0,80.0,20.0,80.0,20.0,90.41074530270564,32.511481213026805,85.59026522703877,20.8537749607496,105.63552303406976,25.72033585440964,95.63880600493394,29.740304362155555
13.333333333333334,500.0,9.102339826940264,33.941225583291185,5.211348800272397,8.376148412347781,57.369293262625085,17.95851595357707,36.03274430982172,41.498665211570525,80.0,20.0,80.0,20.0,80.0,20.0,80.0,20.0,105.63552303406976,25.72033585440964,95.63880600493394,29.740304362155555,90.41074530270564,32.511481213026805,85.59026522703877,20.8537749607496
13.333333333333334,500.0,9.102339826940264,33.941225583291185,5.211348800272397,8.376148412347781,36.03274430982172,41.498665211570525,57.369293262625085,17.95851595357707,80.0,20.0,80.0,20.0,80.0,20.0,80.0,20.0,105.63552303406976,25.72033585440964,95.63880600493394,29.740304362155555,85.59026522703877,20.8537749607496,90.41074530270564,32.511481213026805
13.333333333333334,500.0,9.102339826940264,33.941225583291185,57.369293262625085,17.95851595357707,5.211348800272397,8.376148412347781,36.03274430982172,41.498665211570525,80.0,20.0,80.0,20.0,80.0,20.0,80.0,20.0,105.63552303406976,25.72033585440964,90.41074530270564,32.511481213026805,95.63880600493394,29.740304362155555,85.59026522703877,20.8537749607496
13.333333333333334,500.0,9.102339826940264,33.941225583291185,57.369293262625085,17.95851595357707,36.03274430982172,41.498665211570525,5.211348800272397,8.376148412347781,80.0,20.0,80.0,20.0,80.0,20.0,80.0,20.0,105.63552303406976,25.72033585440964,90.41074530270564,32.511481213026805,85.59026522703877,20.8537749607496,95.63880600493394,29.740304362155555
13.333333333333334,500.0,9.102339826940264,33.941225583291185,36.03274430982172,41.498665211570525,5.211348800272397,8.376148412347781,57.369293262625085,17.95851595357707,80.0,20.0,80.0,20.0,80.0,20.0,80.0,20.0,105.63552303406976,25.72033585440964,85.59026522703877,20.8537749607496,95.63880600493394,29.740304362155555,90.41074530270564,32.511481213026805
13.333333333333334,500.0,9.102339826940264,33.941225583291185,36.03274430982172,41.498665211570525,57.369293262625085,17.95851595357707,5.211348800272397,8.376148412347781,80.0,20.0,80.0,20.0,80.0,20.0,80.0,20.0,105.63552303406976,25.72033585440964,85.59026522703877,20.8537749607496,90.41074530270564,32.511481213026805,95.63880600493394,29.740304362155555
13.333333333333334,500.0,36.03274430982172,41.498665211570525,5.211348800272397,8.376148412347781,57.369293262625085,17.95851595357707,9.102339826940264,33.941225583291185,80.0,20.0,80.0,20.0,80.0,20.0,80.0,20.0,85.59026522703877,20.8537749607496,95.63880600493394,29.740304362155555,90.41074530270564,32.511481213026805,105.63552303406976,25.72033585440964
13.333333333333334,500.0,36.03274430982172,41.498665211570525,5.211348800272397,8.376148412347781,9.102339826940264,33.941225583291185,57.369293262625085,17.95851595357707,80.0,20.0,80.0,20.0,80.0,20.0,80.0,20.0,85.59026522703877,20.8537749607496,95.63880600493394,29.740304362155555,105.63552303406976,25.72033585440964,90.41074530270564,32.511481213026805
13.333333333333334,500.0,36.03274430982172,41.498665211570525,57.369293262625085,17.95851595357707,5.211348800272397,8.376148412347781,9.102339826940264,33.941225583291185,80.0,20.0,80.0,20.0,80.0,20.0,80.0,20.0,85.59026522703877,20.8537749607496,90.41074530270564,32.511481213026805,95.63880600493394,29.740304362155555,105.63552303406976,25.72033585440964
13.333333333333334,500.0,36.03274430982172,41.498665211570525,57.369293262625085,17.95851595357707,9.102339826940264,33.941225583291185,5.211348800272397,8.376148412347781,80.0,20.0,80.0,20.0,80.0,20.0,80.0,20.0,85.59026522703877,20.8537749607496,90.41074530270564,32.511481213026805,105.63552303406976,25.72033585440964,95.63880600493394,29.740304362155555
13.333333333333334,500.0,36.03274430982172,41.498665211570525,9.102339826940264,33.941225583291185,5.211348800272397,8.376148412347781,57.369293262625085,17.95851595357707,80.0,20.0,80.0,20.0,80.0,20.0,80.0,20.0,85.59026522703877,20.8537749607496,105.63552303406976,25.72033585440964,95.63880600493394,29.740304362155555,90.41074530270564,32.511481213026805
13.333333333333334,500.0,36.03274430982172,41.498665211570525,9.102339826940264,33.941225583291185,57.369293262625085,17.95851595357707,5.211348800272397,8.376148412347781,80.0,20.0,80.0,20.0,80.0,20.0,80.0,20.0,85.59026522703877,20.8537749607496,105.63552303406976,25.72033585440964,90.41074530270564,32.511481213026805,95.63880600493394,29.740304362155555
13.333333333333334,500.0,44.34573782095048,36.33570249394532,0.3037399981834165,56.947888135775045,59.54855169804455,1.5227202548656282,20.561475412279616,42.77581139119352,100.0,0.0,100.0,0.0,100.0,0.0,100.0,0.0,81.5218258186682,13.301494144133288,82.40183361779812,12.452322310526007,81.30206046761435,12.26703924583856,80.28258399877885,12.55115513255057
13.333333333333334,500.0,44.34573782095048,36.33570249394532,20.561475412279616,42.77581139119352,0.3037399981834165,56.947888135775045,59.54855169804455,1.5227202548656282,100.0,0.0,100.0,0.0,100.0,0.0,100.0,0.0,81.5218258186682,13.301494144133288,80.28258399877885,12.55115513255057,82.40183361779812,12.452322310526007,81.30206046761435,12.26703924583856
13.333333333333334,500.0,44.34573782095048,36.33570249394532,20.561475412279616,42.77581139119352,59.54855169804455,1.5227202548656282,0.3037399981834165,56.947888135775045,100.0,0.0,100.0,0.0,100.0,0.0,100.0,0.0,81.5218258186682,13.301494144133288,80.28258399877885,12.55115513255057,81.30206046761435,12.26703924583856,82.40183361779812,12.452322310526007
13.333333333333334,500.0,44.34573782095048,36.33570249394532,59.54855169804455,1.5227202548656282,0.3037399981834165,56.947888135775045,20.561475412279616,42.77581139119352,100.0,0.0,100.0,0.0,100.0,0.0,100.0,0.0,81.5218258186682,13.301494144133288,81.30206046761435,12.26703924583856,82.40183361779812,12.452322310526007,80.28258399877885,12.55115513255057
13.333333333333334,500.0,44.34573782095048,36.33570249394532,59.54855169804455,1.5227202548656282,20.561475412279616,42.77581139119352,0.3037399981834165,56.947888135775045,100.0,0.0,100.0,0.0,100.0,0.0,100.0,0.0,81.5218258186682,13.301494144133288,81.30206046761435,12.26703924583856,80.28258399877885,12.55115513255057,82.40183361779812,12.452322310526007
13.333333333333334,500.0,0.3037399981834165,56.947888135775045,44.34573782095048,36.33570249394532,20.561475412279616,42.77581139119352,59.54855169804455,1.5227202548656282,100.0,0.0,100.0,0.0,100.0,0.0,100.0,0.0,82.40183361779812,12.452322310526007,81.5218258186682,13.301494144133288,80.28258399877885,12.55115513255057,81.30206046761435,12.26703924583856
13.333333333333334,500.0,0.3037399981834165,56.947888135775045,44.34573782095048,36.33570249394532,59.54855169804455,1.5227202548656282,20.561475412279616,42.77581139119352,100.0,0.0,100.0,0.0,100.0,0.0,100.0,0.0,82.40183361779812,12.452322310526007,81.5218258186682,13.301494144133288,81.30206046761435,12.26703924583856,80.28258399877885,12.55115513255057
13.333333333333334,500.0,0.3037399981834165,56.947888135775045,20.561475412279616,42.77581139119352,44.34573782095048,36.33570249394532,59.54855169804455,1.5227202548656282,100.0,0.0,100.0,0.0,100.0,0.0,100.0,0.0,82.40183361779812,12.452322310526007,80.28258399877885,12.55115513255057,81.5218258186682,13.301494144133288,81.30206046761435,12.26703924583856
13.333333333333334,500.0,0.3037399981834165,56.947888135775045,20.561475412279616,42.77581139119352,59.54855169804455,1.5227202548656282,44.34573782095048,36.33570249394532,100.0,0.0,100.0,0.0,100.0,0.0,100.0,0.0,82.40183361779812,12.452322310526007,80.28258399877885,12.55115513255057,81.30206046761435,12.26703924583856,81.5218258186682,13.301494144133288
13.333333333333334,500.0,0.3037399981834165,56.947888135775045,59.54855169804455,1.5227202548656282,44.34573782095048,36.33570249394532,20.561475412279616,42.77581139119352,100.0,0.0,100.0,0.0,100.0,0.0,100.0,0.0,82.40183361779812,12.452322310526007,81.30206046761435,12.26703924583856,81.5218258186682,13.301494144133288,80.28258399877885,12.55115513255057
13.333333333333334,500.0,0.3037399981834165,56.947888135775045,59.54855169804455,1.5227202548656282,20.561475412279616,42.77581139119352,44.34573782095048,36.33570249394532,100.0,0.0,100.0,0.0,100.0,0.0,100.0,0.0,82.40183361779812,12.452322310526007,81.30206046761435,12.26703924583856,80.28258399877885,12.55115513255057,81.5218258186682,13.301494144133288
13.333333333333334,500.0,20.561475412279616,42.77581139119352,44.34573782095048,36.33570249394532,0.3037399981834165,56.947888135775045,59.54855169804455,1.5227202548656282,100.0,0.0,100.0,0.0,100.0,0.0,100.0,0.0,80.28258399877885,12.55115513255057,81.5218258186682,13.301494144133288,82.40183361779812,12.452322310526007,81.30206046761435,12.26703924583856
13.333333333333334,500.0,20.561475412279616,42.77581139119352,44.34573782095048,36.33570249394532,59.54855169804455,1.5227202548656282,0.3037399981834165,56.947888135775045,100.0,0.0,100.0,0.0,100.0,0.0,100.0,0.0,80.28258399877885,12.55115513255057,81.5218258186682,13.301494144133288,81.30206046761435,12.26703924583856,82.40183361779812,12.452322310526007
13.333333333333334,500.0,20.561475412279616,42.77581139119352,0.3037399981834165,56.947888135775045,44.34573782095048,36.33570249394532,59.54855169804455,1.5227202548656282,100.0,0.0,100.0,0.0,100.0,0.0,100.0,0.0,80.28258399877885,12.55115513255057,82.40183361779812,12.452322310526007,81.5218258186682,13.301494144133288,81.30206046761435,12.26703924583856
13.333333333333334,500.0,20.561475412279616,42.77581139119352,0.3037399981834165,56.947888135775045,59.54855169804455,1.5227202548656282,44.34573782095048,36.33570249394532,100.0,0.0,100.0,0.0,100.0,0.0,100.0,0.0,80.28258399877885,12.55115513255057,82.40183361779812,12.452322310526007,81.30206046761435,12.26703924583856,81.5218258186682,13.301494144133288
13.333333333333334,500.0,20.561475412279616,42.77581139119352,59.54855169804455,1.5227202548656282,44.34573782095048,36.33570249394532,0.3037399981834165,56.947888135775045,100.0,0.0,100.0,0.0,100.0,0.0,100.0,0.0,80.28258399877885,12.55115513255057,81.30206046761435,12.26703924583856,81.5218258186682,13.301494144133288,82.40183361779812,12.452322310526007
13.333333333333334,500.0,20.561475412279616,42.77581139119352,59.54855169804455,1.5227202548656282,0.3037399981834165,56.947888135775045,44.34573782095048,36.33570249394532,100.0,0.0,100.0,0.0,100.0,0.0,100.0,0.0,80.28258399877885,12.55115513255057,81.30206046761435,12.26703924583856,82.40183361779812,12.452322310526007,81.5218258186682,13.301494144133288
13.333333333333334,500.0,59.54855169804455,1.5227202548656282,44.34573782095048,36.33570249394532,0.3037399981834165,56.947888135775045,20.561475412279616,42.77581139119352,100.0,0.0,100.0,0.0,100.0,0.0,100.0,0.0,81.30206046761435,12.26703924583856,81.5218258186682,13.301494144133288,82.40183361779812,12.452322310526007,80.28258399877885,12.55115513255057
13.333333333333334,500.0,59.54855169804455,1.5227202548656282,44.34573782095048,36.33570249394532,20.561475412279616,42.77581139119352,0.3037399981834165,56.947888135775045,100.0,0.0,100.0,0.0,100.0,0.0,100.0,0.0,81.30206046761435,12.26703924583856,81.5218258186682,13.301494144133288,80.28258399877885,12.55115513255057,82.40183361779812,12.452322310526007
13.333333333333334,500.0,59.54855169804455,1.5227202548656282,0.3037399981834165,56.947888135775045,44.34573782095048,36.33570249394532,20.561475412279616,42.77581139119352,100.0,0.0,100.0,0.0,100.0,0.0,100.0,0.0,81.30206046761435,12.26703924583856,82.40183361779812,12.452322310526007,81.5218258186682,13.301494144133288,80.28258399877885,12.55115513255057
13.333333333333334,500.0,59.54855169804455,1.5227202548656282,0.3037399981834165,56.947888135775045,20.561475412279616,42.77581139119352,44.34573782095048,36.33570249394532,100.0,0.0,100.0,0.0,100.0,0.0,100.0,0.0,81.30206046761435,12.26703924583856,82.40183361779812,12.452322310526007,80.28258399877885,12.55115513255057,81.5218258186682,13.301494144133288
13.333333333333334,500.0,59.54855169804455,1.5227202548656282,20.561475412279616,42.77581139119352,44.34573782095048,36.33570249394532,0.3037399981834165,56.947888135775045,100.0,0.0,100.0,0.0,100.0,0.0,100.0,0.0,81.30206046761435,12.26703924583856,80.28258399877885,12.55115513255057,81.5218258186682,13.301494144133288,82.40183361779812,12.452322310526007
13.333333333333334,500.0,59.54855169804455,1.5227202548656282,20.561475412279616,42.77581139119352,0.3037399981834165,56.947888135775045,44.34573782095048,36.33570249394532,100.0,0.0,100.0,0.0,100.0,0.0,100.0,0.0,81.30206046761435,12.26703924583856,80.28258399877885,12.55115513255057,82.40183361779812,12.452322310526007,81.5218258186682,13.301494144133288
26.666666666666668,500.0,12.185706071055533,9.871360616351224,38.18921908201288,21.308982164732328,2.5780299027295883,43.858517242007046,58.72518985345108,37.79540027620673,119.99999999999999,59.99999999999999,119.99999999999999,59.99999999999999,119.99999999999999,59.99999999999999,119.99999999999999,59.99999999999999,92.662925764478,48.45666849581628,85.30023901296414,40.149477139546775,110.59497823230916,24.947741180451683,71.22856879443151,32.45370784524798
26.666666666666668,500.0,12.185706071055533,9.871360616351224,58.72518985345108,37.79540027620673,38.18921908201288,21.308982164732328,2.5780299027295883,43.858517242007046,119.99999999999999,59.99999999999999,119.99999999999999,59.99999999999999,119.99999999999999,59.99999999999999,119.99999999999999,59.99999999999999,92.662925764478,48.45666849581628,71.22856879443151,32.45370784524798,85.30023901296414,40.149477139546775,110.59497823230916,24.947741180451683
26.666666666666668,500.0,12.185706071055533,9.871360616351224,58.72518985345108,37.79540027620673,2.5780299027295883,43.858517242007046,38.18921908201288,21.308982164732328,119.99999999999999,59.99999999999999,119.99999999999999,59.99999999999999,119.99999999999999,59.99999999999999,119.99999999999999,59.99999999999999,92.662925764478,48.45666849581628,71.22856879443151,32.45370784524798,110.59497823230916,24.947741180451683,85.30023901296414,40.149477139546775
26.666666666666668,500.0,12.185706071055533,9.871360616351224,2.5780299027295883,43.858517242007046,38.18921908201288,21.308982164732328,58.72518985345108,37.79540027620673,119.99999999999999,59.99999999999999,119.99999999999999,59.99999999999999,119.99999999999999,59.99999999999999,119.99999999999999,59.99999999999999,92.662925764478,48.45666849581628,110.59497823230916,24.947741180451683,85.30023901296414,40.149477139546775,71.22856879443151,32.45370784524798
26.666666666666668,500.0,12.185706071055533,9.871360616351224,2.5780299027295883,43.858517242007046,58.72518985345108,37.79540027620673,38.18921908201288,21.308982164732328,119.99999999999999,59.99999999999999,119.99999999999999,59.99999999999999,119.99999999999999,59.99999999999999,119.99999999999999,59.99999999999999,92.662925764478,48.45666849581628,110.59497823230916,24.947741180451683,71.22856879443151,32.45370784524798,85.30023901296414,40.149477139546775
26.666666666666668,500.0,38.18921908201288,21.308982164732328,12.185706071055533,9.871360616351224,58.72518985345108,37.79540027620673,2.5780299027295883,43.858517242007046,119.99999999999999,59.99999999999999,119.99999999999999,59.99999999999999,119.99999999999999,59.99999999999999,119.99999999999999,59.99999999999999,85.30023901296414,40.149477139546775,92.662925764478,48.45666849581628,71.22856879443151,32.45370784524798,110.59497823230916,24.947741180451683
26.666666666666668,500.0,38.18921908201288,21.308982164732328,12.185706071055533,9.871360616351224,2.5780299027295883,43.858517242007046,58.72518985345108,37.79540027620673,119.99999999999999,59.99999999999999,119.99999999999999,59.99999999999999,119.99999999999999,59.99999999999999,119.99999999999999,59.99999999999999,85.30023901296414,40.149477139546775,92.662925764478,48.45666849581628,110.59497823230916,24.947741180451683,71.22856879443151,32.45370784524798
26.666666666666668,500.0,38.18921908201288,21.308982164732328,58.72518985345108,37.79540027620673,12.185706071055533,9.871360616351224,2.5780299027295883,43.858517242007046,120.0,60.0,120.0,60.0,120.0,60.0,120.0,60.0,85.30023901296414,40.149477139546775,71.22856879443151,32.45370784524798,92.662925764478,48.45666849581628,110.59497823230916,24.947741180451683
26.666666666666668,500.0,38.18921908201288,21.308982164732328,58.72518985345108,37.79540027620673,2.5780299027295883,43.858517242007046,12.185706071055533,9.871360616351224,120.0,60.0,120.0,60.0,120.0,60.0,120.0,60.0,85.30023901296414,40.149477139546775,71.22856879443151,32.45370784524798,110.59497823230916,24.947741180451683,92.662925764478,48.45666849581628
26.666666666666668,500.0,38.18921908201288,21.308982164732328,2.5780299027295883,43.858517242007046,12.185706071055533,9.871360616351224,58.72518985345108,37.79540027620673,119.99999999999999,59.99999999999999,119.99999999999999,59.99999999999999,119.99999999999999,59.99999999999999,119.99999999999999,59.99999999999999,85.30023901296414,40.149477139546775,110.59497823230916,24.947741180451683,92.662925764478,48.45666849581628,71.22856879443151,32.45370784524798
26.666666666666668,500.0,38.18921908201288,21.308982164732328,2.5780299027295883,43.858517242007046,58.72518985345108,37.79540027620673,12.185706071055533,9.871360616351224,120.0,60.0,120.0,60.0,120.0,60.0,120.0,60.0,85.30023901296414,40.149477139546775,110.59497823230916,24.947741180451683,71.22856879443151,32.45370784524798,92.662925764478,48.45666849581628
26.666666666666668,500.0,58.72518985345108,37.79540027620673,12.185706071055533,9.871360616351224,38.18921908201288,21.308982164732328,2.5780299027295883,43.858517242007046,120.0,60.0,120.0,60.0,120.0,60.0,120.0,60.0,71.22856879443151,32.45370784524798,92.662925764478,48.45666849581628,85.30023901296414,40.149477139546775,110.59497823230916,24.947741180451683
26.666666666666668,500.0,58.72518985345108,37.79540027620673,12.185706071055533,9.871360616351224,2.5780299027295883,43.858517242007046,38.18921908201288,21.308982164732328,120.0,60.0,120.0,60.0,120.0,60.0,120.0,60.0,71.22856879443151,32.45370784524798,92.662925764478,48.45666849581628,110.59497823230916,24.947741180451683,85.30023901296414,40.149477139546775
26.666666666666668,500.0,58.72518985345108,37.79540027620673,38.18921908201288,21.308982164732328,12.185706071055533,9.871360616351224,2.5780299027295883,43.858517242007046,120.0,60.0,120.0,60.0,120.0,60.0,120.0,60.0,71.22856879443151,32.45370784524798,85.30023901296414,40.149477139546775,92.662925764478,48.45666849581628,110.59497823230916,24.947741180451683
26.666666666666668,500.0,58.72518985345108,37.79540027620673,38.18921908201288,21.308982164732328,2.5780299027295883,43.858517242007046,12.185706071055533,9.871360616351224,120.0,60.0,120.0,60.0,120.0,60.0,120.0,60.0,71.22856879443151,32.45370784524798,85.30023901296414,40.149477139546775,110.59497823230916,24.947741180451683,92.662925764478,48.45666849581628
26.666666666666668,500.0,58.72518985345108,37.79540027620673,2.5780299027295883,43.858517242007046,12.185706071055533,9.871360616351224,38.18921908201288,21.308982164732328,120.0,60.0,120.0,60.0,120.0,60.0,120.0,60.0,71.22856879443151,32.45370784524798,110.59497823230916,24.947741180451683,92.662925764478,48.45666849581628,85.30023901296414,40.149477139546775
26.666666666666668,500.0,58.72518985345108,37.79540027620673,2.5780299027295883,43.858517242007046,38.18921908201288,21.308982164732328,12.185706071055533,9.871360616351224,120.0,60.0,120.0,60.0,120.0,60.0,120.0,60.0,71.22856879443151,32.45370784524798,110.59497823230916,24.947741180451683,85.30023901296414,40.149477139546775,92.662925764478,48.45666849581628
26.666666666666668,500.0,2.5780299027295883,43.858517242007046,12.185706071055533,9.871360616351224,38.18921908201288,21.308982164732328,58.72518985345108,37.79540027620673,119.99999999999999,59.99999999999999,119.99999999999999,59.99999999999999,119.99999999999999,59.99999999999999,119.99999999999999,59.99999999999999,110.59497823230916,24.947741180451683,92.662925764478,48.45666849581628,85.30023901296414,40.149477139546775,71.22856879443151,32.45370784524798
26.666666666666668,500.0,2.5780299027295883,43.858517242007046,12.185706071055533,9.871360616351224,58.72518985345108,37.79540027620673,38.18921908201288,21.308982164732328,119.99999999999999,59.99999999999999,119.99999999999999,59.99999999999999,119.99999999999999,59.99999999999999,119.99999999999999,59.99999999999999,110.59497823230916,24.947741180451683,92.662925764478,48.45666849581628,71.22856879443151,32.45370784524798,85.30023901296414,40.149477139546775
26.666666666666668,500.0,2.5780299027295883,43.858517242007046,38.18921908201288,21.308982164732328,12.185706071055533,9.871360616351224,58.72518985345108,37.79540027620673,119.99999999999999,59.99999999999999,119.99999999999999,59.99999999999999,119.99999999999999,59.99999999999999,119.99999999999999,59.99999999999999,110.59497823230916,24.947741180451683,85.30023901296414,40.149477139546775,92.662925764478,48.45666849581628,71.22856879443151,32.45370784524798
26.666666666666668,500.0,2.5780299027295883,43.858517242007046,38.18921908201288,21.308982164732328,58.72518985345108,37.79540027620673,12.185706071055533,9.871360616351224,120.0,60.0,120.0,60.0,120.0,60.0,120.0,60.0,110.59497823230916,24.947741180451683,85.30023901296414,40.149477139546775,71.22856879443151,32.45370784524798,92.662925764478,48.45666849581628
26.666666666666668,500.0,2.5780299027295883,43.858517242007046,58.72518985345108,37.79540027620673,12.185706071055533,9.871360616351224,38.18921908201288,21.308982164732328,120.0,60.0,120.0,60.0,120.0,60.0,120.0,60.0,110.59497823230916,24.947741180451683,71.22856879443151,32.45370784524798,92.662925764478,48.45666849581628,85.30023901296414,40.149477139546775
26.666666666666668,500.0,2.5780299027295883,43.858517242007046,58.72518985345108,37.79540027620673,38.18921908201288,21.308982164732328,12.185706071055533,9.871360616351224,120.0,60.0,120.0,60.0,120.0,60.0,120.0,60.0,110.59497823230916,24.947741180451683,71.22856879443151,32.45370784524798,85.30023901296414,40.149477139546775,92.662925764478,48.45666849581628
26.666666666666668,500.0,35.82627493799728,53.58846969708266,43.20819699126219,7.507231169927746,12.730123982247626,51.94818559507895,11.735130422584266,27.941518173983763,100.0,20.0,100.0,20.0,100.0,20.0,100.0,20.0,78.33402214728005,28.201387573716254,74.07293077912638,34.50177769091807,95.0528953259196,33.38844043218249,92.91002088036694,33.34226394473414
26.666666666666668,500.0,35.82627493799728,53.58846969708266,11.735130422584266,27.941518173983763,43.20819699126219,7.507231169927746,12.730123982247626,51.94818559507895,100.0,20.0,100.0,20.0,100.0,20.0,100.0,20.0,78.33402214728005,28.201387573716254,92.91002088036694,33.34226394473414,74.07293077912638,34.50177769091807,95.0528953259196,33.38844043218249
26.666666666666668,500.0,35.82627493799728,53.58846969708266,11.735130422584266,27.941518173983763,12.730123982247626,51.94818559507895,43.20819699126219,7.507231169927746,100.0,20.0,100.0,20.0,100.0,20.0,100.0,20.0,78.33402214728005,28.201387573716254,92.91002088036694,33.34226394473414,95.0528953259196,33.38844043218249,74.07293077912638,34.50177769091807
26.666666666666668,500.0,35.82627493799728,53.58846969708266,12.730123982247626,51.94818559507895,43.20819699126219,7.507231169927746,11.735130422584266,27.941518173983763,100.0,20.0,100.0,20.0,100.0,20.0,100.0,20.0,78.33402214728005,28.201387573716254,95.0528953259196,33.38844043218249,74.07293077912638,34.50177769091807,92.91002088036694,33.34226394473414
26.666666666666668,500.0,35.82627493799728,53.58846969708266,12.730123982247626,51.94818559507895,11.735130422584266,27.941518173983763,43.20819699126219,7.507231169927746,100.0,20.0,100.0,20.0,100.0,20.0,100.0,20.0,78.33402214728005,28.201387573716254,95.0528953259196,33.38844043218249,92.91002088036694,33.34226394473414,74.07293077912638,34.50177769091807
26.666666666666668,500.0,43.20819699126219,7.507231169927746,35.82627493799728,53.58846969708266,11.735130422584266,27.941518173983763,12.730123982247626,51.94818559507895,100.0,20.0,100.0,20.0,100.0,20.0,100.0,20.0,74.07293077912638,34.50177769091807,78.33402214728005,28.201387573716254,92.91002088036694,33.34226394473414,95.0528953259196,33.38844043218249
26.666666666666668,500.0,43.20819699126219,7.507231169927746,35.82627493799728,53.58846969708266,12.730123982247626,51.94818559507895,11.735130422584266,27.941518173983763,100.0,20.0,100.0,20.0,100.0,20.0,100.0,20.0,74.07293077912638,34.50177769091807,78.33402214728005,28.201387573716254,95.0528953259196,33.38844043218249,92.91002088036694,33.34226394473414
26.666666666666668,500.0,43.20819699126219,7.507231169927746,11.735130422584266,27.941518173983763,35.82627493799728,53.58846969708266,12.730123982247626,51.94818559507895,100.0,20.0,100.0,20.0,100.0,20.0,100.0,20.0,74.07293077912638,34.50177769091807,92.91002088036694,33.34226394473414,78.33402214728005,28.201387573716254,95.0528953259196,33.38844043218249
26.666666666666668,500.0,43.20819699126219,7.507231169927746,11.735130422584266,27.941518173983763,12.730123982247626,51.94818559507895,35.82627493799728,53.58846969708266,100.0,20.0,100.0,20.0,100.0,20.0,100.0,20.0,74.07293077912638,34.50177769091807,92.91002088036694,33.34226394473414,95.0528953259196,33.38844043218249,78.33402214728005,28.201387573716254
26.666666666666668,500.0,43.20819699126219,7.507231169927746,12.730123982247626,51.94818559507895,35.82627493799728,53.58846969708266,11.735130422584266,27.941518173983763,100.0,20.0,100.0,20.0,100.0,20.0,100.0,20.0,74.07293077912638,34.50177769091807,95.0528953259196,33.38844043218249,78.33402214728005,28.201387573716254,92.91002088036694,33.34226394473414
26.666666666666668,500.0,43.20819699126219,7.507231169927746,12.730123982247626,51.94818559507895,11.735130422584266,27.941518173983763,35.82627493799728,53.58846969708266,100.0,20.0,100.0,20.0,100.0,20.0,100.0,20.0,74.07293077912638,34.50177769091807,95.0528953259196,33.38844043218249,92.91002088036694,33.34226394473414,78.33402214728005,28.201387573716254
26.666666666666668,500.0,11.735130422584266,27.941518173983763,35.82627493799728,53.58846969708266,43.20819699126219,7.507231169927746,12.730123982247626,51.94818559507895,100.0,20.0,100.0,20.0,100.0,20.0,100.0,20.0,92.91002088036694,33.34226394473414,78.33402214728005,28.201387573716254,74.07293077912638,34.50177769091807,95.0528953259196,33.38844043218249
26.666666666666668,500.0,11.735130422584266,27.941518173983763,35.82627493799728,53.58846969708266,12.730123982247626,51.94818559507895,43.20819699126219,7.507231169927746,100.0,20.0,100.0,20.0,100.0,20.0,100.0,20.0,92.91002088036694,33.34226394473414,78.33402214728005,28.201387573716254,95.0528953259196,33.38844043218249,74.07293077912638,34.50177769091807
26.666666666666668,500.0,11.735130422584266,27.941518173983763,43.20819699126219,7.507231169927746,35.82627493799728,53.58846969708266,12.730123982247626,51.94818559507895,100.0,20.0,100.0,20.0,100.0,20.0,100.0,20.0,92.91002088036694,33.34226394473414,74.07293077912638,34.50177769091807,78.33402214728005,28.201387573716254,95.0528953259196,33.38844043218249
26.666666666666668,500.0,11.735130422584266,27.941518173983763,43.20819699126219,7.507231169927746,12.730123982247626,51.94818559507895,35.82627493799728,53.58846969708266,100.0,20.0,100.0,20.0,100.0,20.0,100.0,20.0,92.91002088036694,33.34226394473414,74.07293077912638,34.50177769091807,95.0528953259196,33.38844043218249,78.33402214728005,28.201387573716254
26.666666666666668,500.0,11.735130422584266,27.941518173983763,12.730123982247626,51.94818559507895,35.82627493799728,53.58846969708266,43.20819699126219,7.507231169927746,100.0,20.0,100.0,20.0,100.0,20.0,100.0,20.0,92.91002088036694,33.34226394473414,95.0528953259196,33.38844043218249,78.33402214728005,28.201387573716254,74.07293077912638,34.50177769091807
26.666666666666668,500.0,11.735130422584266,27.941518173983763,12.730123982247626,51.94818559507895,43.20819699126219,7.507231169927746,35.82627493799728,53.58846969708266,100.0,20.0,100.0,20.0,100.0,20.0,100.0,20.0,92.91002088036694,33.34226394473414,95.0528953259196,33.38844043218249,74.07293077912638,34.50177769091807,78.33402214728005,28.201387573716254
26.666666666666668,500.0,12.730123982247626,51.94818559507895,35.82627493799728,53.58846969708266,43.20819699126219,7.507231169927746,11.735130422584266,27.941518173983763,100.0,20.0,100.0,20.0,100.0,20.0,100.0,20.0,95.0528953259196,33.38844043218249,78.33402214728005,28.201387573716254,74.07293077912638,34.50177769091807,92.91002088036694,33.34226394473414
26.666666666666668,500.0,12.730123982247626,51.94818559507895,35.82627493799728,53.58846969708266,11.735130422584266,27.941518173983763,43.20819699126219,7.507231169927746,100.0,20.0,100.0,20.0,100.0,20.0,100.0,20.0,95.0528953259196,33.38844043218249,78.33402214728005,28.201387573716254,92.91002088036694,33.34226394473414,74.07293077912638,34.50177769091807
26.666666666666668,500.0,12.730123982247626,51.94818559507895,43.20819699126219,7.507231169927746,35.82627493799728,53.58846969708266,11.735130422584266,27.941518173983763,100.0,20.0,100.0,20.0,100.0,20.0,100.0,20.0,95.0528953259196,33.38844043218249,74.07293077912638,34.50177769091807,78.33402214728005,28.201387573716254,92.91002088036694,33.34226394473414
26.666666666666668,500.0,12.730123982247626,51.94818559507895,43.20819699126219,7.507231169927746,11.735130422584266,27.941518173983763,35.82627493799728,53.58846969708266,100.0,20.0,100.0,20.0,100.0,20.0,100.0,20.0,95.0528953259196,33.38844043218249,74.07293077912638,34.50177769091807,92.91002088036694,33.34226394473414,78.33402214728005,28.201387573716254
26.666666666666668,500.0,12.730123982247626,51.94818559507895,11.735130422584266,27.941518173983763,35.82627493799728,53.58846969708266,43.20819699126219,7.507231169927746,100.0,20.0,100.0,20.0,100.0,20.0,100.0,20.0,95.0528953259196,33.38844043218249,92.91002088036694,33.34226394473414,78.33402214728005,28.201387573716254,74.07293077912638,34.50177769091807
26.666666666666668,500.0,12.730123982247626,51.94818559507895,11.735130422584266,27.941518173983763,43.20819699126219,7.507231169927746,35.82627493799728,53.58846969708266,100.0,20.0,100.0,20.0,100.0,20.0,100.0,20.0,95.0528953259196,33.38844043218249,92.91002088036694,33.34226394473414,74.07293077912638,34.50177769091807,78.33402214728005,28.201387573716254
26.666666666666668,500.0,54.54792674276843,52.36671813014358,26.083593019704068,55.73514920181355,53.37758006349498,9.829793063811872,7.387638858235346,41.06335839119891,60.0,0.0,60.0,0.0,60.0,40.0,100.0,20.0,68.60447994275258,25.956426396561685,94.78162375871646,21.0772511417314,70.66609716584402,54.41730358405082,98.3353796338942,27.88836892088224
26.666666666666668,500.0,54.54792674276843,52.36671813014358,7.387638858235346,41.06335839119891,26.083593019704068,55.73514920181355,53.37758006349498,9.829793063811872,60.0,0.0,100.0,20.0,60.0,0.0,60.0,40.0,68.60447994275258,25.956426396561685,98.3353796338942,27.88836892088224,94.78162375871646,21.0772511417314,70.66609716584402,54.41730358405082
26.666666666666668,500.0,54.54792674276843,52.36671813014358,7.387638858235346,41.06335839119891,53.37758006349498,9.829793063811872,26.083593019704068,55.73514920181355,60.0,0.0,100.0,20.0,60.0,40.0,60.0,0.0,68.60447994275258,25.956426396561685,98.3353796338942,27.88836892088224,70.66609716584402,54.41730358405082,94.78162375871646,21.0772511417314
26.666666666666668,500.0,54.54792674276843,52.36671813014358,53.37758006349498,9.829793063811872,26.083593019704068,55.73514920181355,7.387638858235346,41.06335839119891,60.0,0.0,60.0,40.0,60.0,0.0,100.0,20.0,68.60447994275258,25.956426396561685,70.66609716584402,54.41730358405082,94.78162375871646,21.0772511417314,98.3353796338942,27.88836892088224
26.666666666666668,500.0,54.54792674276843,52.36671813014358,53.37758006349498,9.829793063811872,7.387638858235346,41.06335839119891,26.083593019704068,55.73514920181355,60.0,0.0,60.0,40.0,100.0,20.0,60.0,0.0,68.60447994275258,25.956426396561685,70.66609716584402,54.41730358405082,98.3353796338942,27.88836892088224,94.78162375871646,21.0772511417314
26.666666666666668,500.0,26.083593019704068,55.73514920181355,54.54792674276843,52.36671813014358,7.387638858235346,41.06335839119891,53.37758006349498,9.829793063811872,60.0,0.0,60.0,0.0,100.0,20.0,60.0,40.0,94.78162375871646,21.0772511417314,68.60447994275258,25.956426396561685,98.3353796338942,27.88836892088224,70.66609716584402,54.41730358405082
26.666666666666668,500.0,26.083593019704068,55.73514920181355,54.54792674276843,52.36671813014358,53.37758006349498,9.829793063811872,7.387638858235346,41.06335839119891,60.0,0.0,60.0,0.0,60.0,40.0,100.0,20.0,94.78162375871646,21.0772511417314,68.60447994275258,25.956426396561685,70.66609716584402,54.41730358405082,98.3353796338942,27.88836892088224
26.666666666666668,500.0,26.083593019704068,55.73514920181355,7.387638858235346,41.06335839119891,54.54792674276843,52.36671813014358,53.37758006349498,9.829793063811872,60.0,0.0,100.0,20.0,60.0,0.0,60.0,40.0,94.78162375871646,21.0772511417314,98.3353796338942,27.88836892088224,68.60447994275258,25.956426396561685,70.66609716584402,54.41730358405082
26.666666666666668,500.0,26.083593019704068,55.73514920181355,7.387638858235346,41.06335839119891,53.37758006349498,9.829793063811872,54.54792674276843,52.36671813014358,60.0,0.0,100.0,20.0,60.0,40.0,60.0,0.0,94.78162375871646,21.0772511417314,98.3353796338942,27.88836892088224,70.66609716584402,54.41730358405082,68.60447994275258,25.956426396561685
26.666666666666668,500.0,26.083593019704068,55.73514920181355,53.37758006349498,9.829793063811872,54.54792674276843,52.36671813014358,7.387638858235346,41.06335839119891,60.0,0.0,60.0,40.0,60.0,0.0,100.0,20.0,94.78162375871646,21.0772511417314,70.66609716584402,54.41730358405082,68.60447994275258,25.956426396561685,98.3353796338942,27.88836892088224
26.666666666666668,500.0,26.083593019704068,55.73514920181355,53.37758006349498,9.829793063811872,7.387638858235346,41.06335839119891,54.54792674276843,52.36671813014358,60.0,0.0,60.0,40.0,100.0,20.0,60.0,0.0,94.78162375871646,21.0772511417314,70.66609716584402,54.41730358405082,98.3353796338942,27.88836892088224,68.60447994275258,25.956426396561685
26.666666666666668,500.0,7.387638858235346,41.06335839119891,54.54792674276843,52.36671813014358,26.083593019704068,55.73514920181355,53.37758006349498,9.829793063811872,100.0,20.0,60.0,0.0,60.0,0.0,60.0,40.0,98.3353796338942,27.88836892088224,68.60447994275258,25.956426396561685,94.78162375871646,21.0772511417314,70.66609716584402,54.41730358405082
26.666666666666668,500.0,7.387638858235346,41.06335839119891,54.54792674276843,52.36671813014358,53.37758006349498,9.829793063811872,26.083593019704068,55.73514920181355,100.0,20.0,60.0,0.0,60.0,40.0,60.0,0.0,98.3353796338942,27.88836892088224,68.60447994275258,25.956426396561685,70.66609716584402,54.41730358405082,94.78162375871646,21.0772511417314
26.666666666666668,500.0,7.387638858235346,41.06335839119891,26.083593019704068,55.73514920181355,54.54792674276843,52.36671813014358,53.37758006349498,9.829793063811872,100.0,20.0,60.0,0.0,60.0,0.0,60.0,40.0,98.3353796338942,27.88836892088224,94.78162375871646,21.0772511417314,68.60447994275258,25.956426396561685,70.66609716584402,54.41730358405082
26.666666666666668,500.0,7.387638858235346,41.06335839119891,26.083593019704068,55.73514920181355,53.37758006349498,9.829793063811872,54.54792674276843,52.36671813014358,100.0,20.0,60.0,0.0,60.0,40.0,60.0,0.0,98.3353796338942,27.88836892088224,94.78162375871646,21.0772511417314,70.66609716584402,54.41730358405082,68.60447994275258,25.956426396561685
26.666666666666668,500.0,7.387638858235346,41.06335839119891,53.37758006349498,9.829793063811872,54.54792674276843,52.36671813014358,26.083593019704068,55.73514920181355,100.0,20.0,60.0,40.0,60.0,0.0,60.0,0.0,98.3353796338942,27.88836892088224,70.66609716584402,54.41730358405082,68.60447994275258,25.956426396561685,94.78162375871646,21.0772511417314
26.666666666666668,500.0,7.387638858235346,41.06335839119891,53.37758006349498,9.829793063811872,26.083593019704068,55.73514920181355,54.54792674276843,52.36671813014358,100.0,20.0,60.0,40.0,60.0,0.0,60.0,0.0,98.3353796338942,27.88836892088224,70.66609716584402,54.41730358405082,94.78162375871646,21.0772511417314,68.60447994275258,25.956426396561685
26.666666666666668,500.0,53.37758006349498,9.829793063811872,54.54792674276843,52.36671813014358,26.083593019704068,55.73514920181355,7.387638858235346,41.06335839119891,60.0,40.0,60.0,0.0,60.0,0.0,100.0,20.0,70.66609716584402,54.41730358405082,68.60447994275258,25.956426396561685,94.78162375871646,21.0772511417314,98.3353796338942,27.88836892088224
26.666666666666668,500.0,53.37758006349498,9.829793063811872,54.54792674276843,52.36671813014358,7.387638858235346,41.06335839119891,26.083593019704068,55.73514920181355,60.0,40.0,60.0,0.0,100.0,20.0,60.0,0.0,70.66609716584402,54.41730358405082,68.60447994275258,25.956426396561685,98.3353796338942,27.88836892088224,94.78162375871646,21.0772511417314
26.666666666666668,500.0,53.37758006349498,9.829793063811872,26.083593019704068,55.73514920181355,54.54792674276843,52.36671813014358,7.387638858235346,41.06335839119891,60.0,40.0,60.0,0.0,60.0,0.0,100.0,20.0,70.66609716584402,54.41730358405082,94.78162375871646,21.0772511417314,68.60447994275258,25.956426396561685,98.3353796338942,27.88836892088224
26.666666666666668,500.0,53.37758006349498,9.829793063811872,26.083593019704068,55.73514920181355,7.387638858235346,41.06335839119891,54.54792674276843,52.36671813014358,60.0,40.0,60.0,0.0,100.0,20.0,60.0,0.0,70.66609716584402,54.41730358405082,94.78162375871646,21.0772511417314,98.3353796338942,27.88836892088224,68.60447994275258,25.956426396561685
26.666666666666668,500.0,53.37758006349498,9.829793063811872,7.387638858235346,41.06335839119891,54.54792674276843,52.36671813014358,26.083593019704068,55.73514920181355,60.0,40.0,100.0,20.0,60.0,0.0,60.0,0.0,70.66609716584402,54.41730358405082,98.3353796338942,27.88836892088224,68.60447994275258,25.956426396561685,94.78162375871646,21.0772511417314
26.666666666666668,500.0,53.37758006349498,9.829793063811872,7.387638858235346,41.06335839119891,26.083593019704068,55.73514920181355,54.54792674276843,52.36671813014358,60.0,40.0,100.0,20.0,60.0,0.0,60.0,0.0,70.66609716584402,54.41730358405082,98.3353796338942,27.88836892088224,94.78162375871646,21.0772511417314,68.60447994275258,25.956426396561685
26.666666666666668,500.0,56.55109035401546,42.16580384118928,1.3107137636651212,1.4520721328146746,25.28609564503224,25.513188285786125,28.47421354476287,46.709608125055446,120.0,0.0,120.0,0.0,120.0,0.0,120.0,0.0,71.76167172899726,34.51388996270535,77.88250100787997,42.65844382237853,74.19964548613146,36.14849638316009,74.20145540887157,30.8262954689742
26.666666666666668,500.0,56.55109035401546,42.16580384118928,28.47421354476287,46.709608125055446,1.3107137636651212,1.4520721328146746,25.28609564503224,25.513188285786125,120.0,0.0,120.0,0.0,120.0,0.0,120.0,0.0,71.76167172899726,34.51388996270535,74.20145540887157,30.8262954689742,77.88250100787997,42.65844382237853,74.19964548613146,36.14849638316009
26.666666666666668,500.0,56.55109035401546,42.16580384118928,28.47421354476287,46.709608125055446,25.28609564503224,25.513188285786125,1.3107137636651212,1.4520721328146746,120.0,0.0,120.0,0.0,120.0,0.0,120.0,0.0,71.76167172899726,34.51388996270535,74.20145540887157,30.8262954689742,74.19964548613146,36.14849638316009,77.88250100787997,42.65844382237853
26.666666666666668,500.0,56.55109035401546,42.16580384118928,25.28609564503224,25.513188285786125,1.3107137636651212,1.4520721328146746,28.47421354476287,46.709608125055446,120.0,0.0,120.0,0.0,120.0,0.0,120.0,0.0,71.76167172899726,34.51388996270535,74.19964548613146,36.14849638316009,77.88250100787997,42.65844382237853,74.20145540887157,30.8262954689742
26.666666666666668,500.0,56.55109035401546,42.16580384118928,25.28609564503224,25.513188285786125,28.47421354476287,46.709608125055446,1.3107137636651212,1.4520721328146746,120.0,0.0,120.0,0.0,120.0,0.0,120.0,0.0,71.76167172899726,34.51388996270535,74.19964548613146,36.14849638316009,74.20145540887157,30.8262954689742,77.88250100787997,42.65844382237853
26.666666666666668,500.0,1.3107137636651212,1.4520721328146746,56.55109035401546,42.16580384118928,28.47421354476287,46.709608125055446,25.28609564503224,25.513188285786125,120.0,0.0,120.0,0.0,120.0,0.0,120.0,0.0,77.88250100787997,42.65844382237853,71.76167172899726,34.51388996270535,74.20145540887157,30.8262954689742,74.19964548613146,36.14849638316009
26.666666666666668,500.0,1.3107137636651212,1.4520721328146746,56.55109035401546,42.16580384118928,25.28609564503224,25.513188285786125,28.47421354476287,46.709608125055446,120.0,0.0,120.0,0.0,120.0,0.0,120.0,0.0,77.88250100787997,42.65844382237853,71.76167172899726,34.51388996270535,74.19964548613146,36.14849638316009,74.20145540887157,30.8262954689742
26.666666666666668,500.0,1.3107137636651212,1.4520721328146746,28.47421354476287,46.709608125055446,56.55109035401546,42.16580384118928,25.28609564503224,25.513188285786125,120.0,0.0,120.0,0.0,120.0,0.0,120.0,0.0,77.88250100787997,42.65844382237853,74.20145540887157,30.8262954689742,71.76167172899726,34.51388996270535,74.19964548613146,36.14849638316009
26.666666666666668,500.0,1.3107137636651212,1.4520721328146746,28.47421354476287,46.709608125055446,25.28609564503224,25.513188285786125,56.55109035401546,42.16580384118928,120.0,0.0,120.0,0.0,120.0,0.0,120.0,0.0,77.88250100787997,42.65844382237853,74.20145540887157,30.8262954689742,74.19964548613146,36.14849638316009,71.76167172899726,34.51388996270535
26.666666666666668,500.0,1.3107137636651212,1.4520721328146746,25.28609564503224,25.513188285786125,56.55109035401546,42.16580384118928,28.47421354476287,46.709608125055446,120.0,0.0,120.0,0.0,120.0,0.0,120.0,0.0,77.88250100787997,42.65844382237853,74.19964548613146,36.14849638316009,71.76167172899726,34.51388996270535,74.20145540887157,30.8262954689742
26.666666666666668,500.0,1.3107137636651212,1.4520721328146746,25.28609564503224,25.513188285786125,28.47421354476287,46.709608125055446,56.55109035401546,42.16580384118928,120.0,0.0,120.0,0.0,120.0,0.0,120.0,0.0,77.88250100787997,42.65844382237853,74.19964548613146,36.14849638316009,74.20145540887157,30.8262954689742,71.76167172899726,34.51388996270535
26.666666666666668,500.0,28.47421354476287,46.709608125055446,56.55109035401546,42.16580384118928,1.3107137636651212,1.4520721328146746,25.28609564503224,25.513188285786125,120.0,0.0,120.0,0.0,120.0,0.0,120.0,0.0,74.20145540887157,30.8262954689742,71.76167172899726,34.51388996270535,77.88250100787997,42.65844382237853,74.19964548613146,36.14849638316009
26.666666666666668,500.0,28.47421354476287,46.709608125055446,56.55109035401546,42.16580384118928,25.28609564503224,25.513188285786125,1.3107137636651212,1.4520721328146746,120.0,0.0,120.0,0.0,120.0,0.0,120.0,0.0,74.20145540887157,30.8262954689742,71.76167172899726,34.51388996270535,74.19964548613146,36.14849638316009,77.88250100787997,42.65844382237853
26.666666666666668,500.0,28.47421354476287,46.709608125055446,1.3107137636651212,1.4520721328146746,56.55109035401546,42.16580384118928,25.28609564503224,25.513188285786125,120.0,0.0,120.0,0.0,120.0,0.0,120.0,0.0,74.20145540887157,30.8262954689742,77.88250100787997,42.65844382237853,71.76167172899726,34.51388996270535,74.19964548613146,36.14849638316009
26.666666666666668,500.0,28.47421354476287,46.709608125055446,1.3107137636651212,1.4520721328146746,25.28609564503224,25.513188285786125,56.55109035401546,42.16580384118928,120.0,0.0,120.0,0.0,120.0,0.0,120.0,0.0,74.20145540887157,30.8262954689742,77.88250100787997,42.65844382237853,74.19964548613146,36.14849638316009,71.76167172899726,34.51388996270535
26.666666666666668,500.0,28.47421354476287,46.709608125055446,25.28609564503224,25.513188285786125,56.55109035401546,42.16580384118928,1.3107137636651212,1.4520721328146746,120.0,0.0,120.0,0.0,120.0,0.0,120.0,0.0,74.20145540887157,30.8262954689742,74.19964548613146,36.14849638316009,71.76167172899726,34.51388996270535,77.88250100787997,42.65844382237853
26.666666666666668,500.0,28.47421354476287,46.709608125055446,25.28609564503224,25.513188285786125,1.3107137636651212,1.4520721328146746,56.55109035401546,42.16580384118928,120.0,0.0,120.0,0.0,120.0,0.0,120.0,0.0,74.20145540887157,30.8262954689742,74.19964548613146,36.14849638316009,77.88250100787997,42.65844382237853,71.76167172899726,34.51388996270535
26.666666666666668,500.0,25.28609564503224,25.513188285786125,56.55109035401546,42.16580384118928,1.3107137636651212,1.4520721328146746,28.47421354476287,46.709608125055446,120.0,0.0,120.0,0.0,120.0,0.0,120.0,0.0,74.19964548613146,36.14849638316009,71.76167172899726,34.51388996270535,77.88250100787997,42.65844382237853,74.20145540887157,30.8262954689742
26.666666666666668,500.0,25.28609564503224,25.513188285786125,56.55109035401546,42.16580384118928,28.47421354476287,46.709608125055446,1.3107137636651212,1.4520721328146746,120.0,0.0,120.0,0.0,120.0,0.0,120.0,0.0,74.19964548613146,36.14849638316009,71.76167172899726,34.51388996270535,74.20145540887157,30.8262954689742,77.88250100787997,42.65844382237853
26.666666666666668,500.0,25.28609564503224,25.513188285786125,1.3107137636651212,1.4520721328146746,56.55109035401546,42.16580384118928,28.47421354476287,46.709608125055446,120.0,0.0,120.0,0.0,120.0,0.0,120.0,0.0,74.19964548613146,36.14849638316009,77.88250100787997,42.65844382237853,71.76167172899726,34.51388996270535,74.20145540887157,30.8262954689742
26.666666666666668,500.0,25.28609564503224,25.513188285786125,1.3107137636651212,1.4520721328146746,28.47421354476287,46.709608125055446,56.55109035401546,42.16580384118928,120.0,0.0,120.0,0.0,120.0,0.0,120.0,0.0,74.19964548613146,36.14849638316009,77.88250100787997,42.65844382237853,74.20145540887157,30.8262954689742,71.76167172899726,34.51388996270535
26.666666666666668,500.0,25.28609564503224,25.513188285786125,28.47421354476287,46.709608125055446,56.55109035401546,42.16580384118928,1.3107137636651212,1.4520721328146746,120.0,0.0,120.0,0.0,120.0,0.0,120.0,0.0,74.19964548613146,36.14849638316009,74.20145540887157,30.8262954689742,71.76167172899726,34.51388996270535,77.88250100787997,42.65844382237853
26.666666666666668,500.0,25.28609564503224,25.513188285786125,28.47421354476287,46.709608125055446,1.3107137636651212,1.4520721328146746,56.55109035401546,42.16580384118928,120.0,0.0,120.0,0.0,120.0,0.0,120.0,0.0,74.19964548613146,36.14849638316009,74.20145540887157,30.8262954689742,77.88250100787997,42.65844382237853,71.76167172899726,34.51388996270535
26.666666666666668,500.0,26.29761949961138,10.622057669513667,8.159263100887744,35.044372623225776,51.436652017042434,17.332232140959412,56.50747002159251,44.56407627355854,100.0,20.0,100.0,20.0,100.0,20.0,100.0,20.0,104.21402326229892,33.984588615337074,110.4042792097782,18.83122951810408,89.21909161682768,29.488095373441148,70.68819996076809,10.485212862267758
26.666666666666668,500.0,26.29761949961138,10.622057669513667,56.50747002159251,44.56407627355854,8.159263100887744,35.044372623225776,51.436652017042434,17.332232140959412,100.0,20.0,100.0,20.0,100.0,20.0,100.0,20.0,104.21402326229892,33.984588615337074,70.68819996076809,10.485212862267758,110.4042792097782,18.83122951810408,89.21909161682768,29.488095373441148
26.666666666666668,500.0,26.29761949961138,10.622057669513667,56.50747002159251,44.56407627355854,51.436652017042434,17.332232140959412,8.159263100887744,35.044372623225776,100.0,20.0,100.0,20.0,100.0,20.0,100.0,20.0,104.21402326229892,33.984588615337074,70.68819996076809,10.485212862267758,89.21909161682768,29.488095373441148,110.4042792097782,18.83122951810408
26.666666666666668,500.0,26.29761949961138,10.622057669513667,51.436652017042434,17.332232140959412,8.159263100887744,35.044372623225776,56.50747002159251,44.56407627355854,100.0,20.0,100.0,20.0,100.0,20.0,100.0,20.0,104.21402326229892,33.984588615337074,89.21909161682768,29.488095373441148,110.4042792097782,18.83122951810408,70.68819996076809,10.485212862267758
26.666666666666668,500.0,26.29761949961138,10.622057669513667,51.436652017042434,17.332232140959412,56.50747002159251,44.56407627355854,8.159263100887744,35.044372623225776,100.0,20.0,100.0,20.0,100.0,20.0,100.0,20.0,104.21402326229892,33.984588615337074,89.21909161682768,29.488095373441148,70.68819996076809,10.485212862267758,110.4042792097782,18.83122951810408
26.666666666666668,500.0,8.159263100887744,35.044372623225776,26.29761949961138,10.622057669513667,56.50747002159251,44.56407627355854,51.436652017042434,17.332232140959412,100.0,20.0,100.0,20.0,100.0,20.0,100.0,20.0,110.4042792097782,18.83122951810408,104.21402326229892,33.984588615337074,70.68819996076809,10.485212862267758,89.21909161682768,29.488095373441148
26.666666666666668,500.0,8.159263100887744,35.044372623225776,26.29761949961138,10.622057669513667,51.436652017042434,17.332232140959412,56.50747002159251,44.56407627355854,100.0,20.0,100.0,20.0,100.0,20.0,100.0,20.0,110.4042792097782,18.83122951810408,104.21402326229892,33.984588615337074,89.21909161682768,29.488095373441148,70.68819996076809,10.485212862267758
26.666666666666668,500.0,8.159263100887744,35.044372623225776,56.50747002159251,44.56407627355854,26.29761949961138,10.622057669513667,51.436652017042434,17.332232140959412,100.0,20.0,100.0,20.0,100.0,20.0,100.0,20.0,110.4042792097782,18.83122951810408,70.68819996076809,10.485212862267758,104.21402326229892,33.984588615337074,89.21909161682768,29.488095373441148
26.666666666666668,500.0,8.159263100887744,35.044372623225776,56.50747002159251,44.56407627355854,51.436652017042434,17.332232140959412,26.29761949961138,10.622057669513667,100.0,20.0,100.0,20.0,100.0,20.0,100.0,20.0,110.4042792097782,18.83122951810408,70.68819996076809,10.485212862267758,89.21909161682768,29.488095373441148,104.21402326229892,33.984588615337074
26.666666666666668,500.0,8.159263100887744,35.044372623225776,51.436652017042434,17.332232140959412,26.29761949961138,10.622057669513667,56.50747002159251,44.56407627355854,100.0,20.0,100.0,20.0,100.0,20.0,100.0,20.0,110.4042792097782,18.83122951810408,89.21909161682768,29.488095373441148,104.21402326229892,33.984588615337074,70.68819996076809,10.485212862267758
26.666666666666668,500.0,8.159263100887744,35.044372623225776,51.436652017042434,17.332232140959412,56.50747002159251,44.56407627355854,26.29761949961138,10.622057669513667,100.0,20.0,100.0,20.0,100.0,20.0,100.0,20.0,110.4042792097782,18.83122951810408,89.21909161682768,29.488095373441148,70.68819996076809,10.485212862267758,104.21402326229892,33.984588615337074
26.666666666666668,500.0,56.50747002159251,44.56407627355854,26.29761949961138,10.622057669513667,8.159263100887744,35.044372623225776,51.436652017042434,17.332232140959412,100.0,20.0,100.0,20.0,100.0,20.0,100.0,20.0,70.68819996076809,10.485212862267758,104.21402326229892,33.984588615337074,110.4042792097782,18.83122951810408,89.21909161682768,29.488095373441148
26.666666666666668,500.0,56.50747002159251,44.56407627355854,26.29761949961138,10.622057669513667,51.436652017042434,17.332232140959412,8.159263100887744,35.044372623225776,100.0,20.0,100.0,20.0,100.0,20.0,100.0,20.0,70.68819996076809,10.485212862267758,104.21402326229892,33.984588615337074,89.21909161682768,29.488095373441148,110.4042792097782,18.83122951810408
26.666666666666668,500.0,56.50747002159251,44.56407627355854,8.159263100887744,35.044372623225776,26.29761949961138,10.622057669513667,51.436652017042434,17.332232140959412,100.0,20.0,100.0,20.0,100.0,20.0,100.0,20.0,70.68819996076809,10.485212862267758,110.4042792097782,18.83122951810408,104.21402326229892,33.984588615337074,89.21909161682768,29.488095373441148
26.666666666666668,500.0,56.50747002159251,44.56407627355854,8.159263100887744,35.044372623225776,51.436652017042434,17.332232140959412,26.29761949961138,10.622057669513667,100.0,20.0,100.0,20.0,100.0,20.0,100.0,20.0,70.68819996076809,10.485212862267758,110.4042792097782,18.83122951810408,89.21909161682768,29.488095373441148,104.21402326229892,33.984588615337074
26.666666666666668,500.0,56.50747002159251,44.56407627355854,51.436652017042434,17.332232140959412,26.29761949961138,10.622057669513667,8.159263100887744,35.044372623225776,100.0,20.0,100.0,20.0,100.0,20.0,100.0,20.0,70.68819996076809,10.485212862267758,89.21909161682768,29.488095373441148,104.21402326229892,33.984588615337074,110.4042792097782,18.83122951810408
26.666666666666668,500.0,56.50747002159251,44.56407627355854,51.436652017042434,17.332232140959412,8.159263100887744,35.044372623225776,26.29761949961138,10.622057669513667,100.0,20.0,100.0,20.0,100.0,20.0,100.0,20.0,70.68819996076809,10.485212862267758,89.21909161682768,29.488095373441148,110.4042792097782,18.83122951810408,104.21402326229892,33.984588615337074
26.666666666666668,500.0,51.436652017042434,17.332232140959412,26.29761949961138,10.622057669513667,8.159263100887744,35.044372623225776,56.50747002159251,44.56407627355854,100.0,20.0,100.0,20.0,100.0,20.0,100.0,20.0,89.21909161682768,29.488095373441148,104.21402326229892,33.984588615337074,110.4042792097782,18.83122951810408,70.68819996076809,10.485212862267758
26.666666666666668,500.0,51.436652017042434,17.332232140959412,26.29761949961138,10.622057669513667,56.50747002159251,44.56407627355854,8.159263100887744,35.044372623225776,100.0,20.0,100.0,20.0,100.0,20.0,100.0,20.0,89.21909161682768,29.488095373441148,104.21402326229892,33.984588615337074,70.68819996076809,10.485212862267758,110.4042792097782,18.83122951810408
26.666666666666668,500.0,51.436652017042434,17.332232140959412,8.159263100887744,35.044372623225776,26.29761949961138,10.622057669513667,56.50747002159251,44.56407627355854,100.0,20.0,100.0,20.0,100.0,20.0,100.0,20.0,89.21909161682768,29.488095373441148,110.4042792097782,18.83122951810408,104.21402326229892,33.984588615337074,70.68819996076809,10.485212862267758
26.666666666666668,500.0,51.436652017042434,17.332232140959412,8.159263100887744,35.044372623225776,56.50747002159251,44.56407627355854,26.29761949961138,10.622057669513667,100.0,20.0,100.0,20.0,100.0,20.0,100.0,20.0,89.21909161682768,29.488095373441148,110.4042792097782,18.83122951810408,70.68819996076809,10.485212862267758,104.21402326229892,33.984588615337074
26.666666666666668,500.0,51.436652017042434,17.332232140959412,56.50747002159251,44.56407627355854,26.29761949961138,10.622057669513667,8.159263100887744,35.044372623225776,100.0,20.0,100.0,20.0,100.0,20.0,100.0,20.0,89.21909161682768,29.488095373441148,70.68819996076809,10.485212862267758,104.21402326229892,33.984588615337074,110.4042792097782,18.83122951810408
26.666666666666668,500.0,51.436652017042434,17.332232140959412,56.50747002159251,44.56407627355854,8.159263100887744,35.044372623225776,26.29761949961138,10.622057669513667,100.0,20.0,100.0,20.0,100.0,20.0,100.0,20.0,89.21909161682768,29.488095373441148,70.68819996076809,10.485212862267758,110.4042792097782,18.83122951810408,104.21402326229892,33.984588615337074
26.666666666666668,500.0,25.588670881418164,38.09203944321389,3.4764116466160577,46.7646209904263,19.04502096122945,3.7262675310507687,51.89543429029944,57.23531273787504,80.0,40.0,80.0,40.0,80.0,40.0,80.0,40.0,75.19187490810782,40.29567913405996,85.94718933145985,38.25923262696641,76.24976024030944,48.82404825304397,70.3538738898623,35.3202925668695
26.666666666666668,500.0,25.588670881418164,38.09203944321389,51.89543429029944,57.23531273787504,3.4764116466160577,46.7646209904263,19.04502096122945,3.7262675310507687,80.0,40.0,80.0,40.0,80.0,40.0,80.0,40.0,75.19187490810782,40.29567913405996,70.3538738898623,35.3202925668695,85.94718933145985,38.25923262696641,76.24976024030944,48.82404825304397
26.666666666666668,500.0,25.588670881418164,38.09203944321389,51.89543429029944,57.23531273787504,19.04502096122945,3.7262675310507687,3.4764116466160577,46.7646209904263,80.0,40.0,80.0,40.0,80.0,40.0,80.0,40.0,75.19187490810782,40.29567913405996,70.3538738898623,35.3202925668695,76.24976024030944,48.82404825304397,85.94718933145985,38.25923262696641
26.666666666666668,500.0,25.588670881418164,38.09203944321389,19.04502096122945,3.7262675310507687,3.4764116466160577,46.7646209904263,51.89543429029944,57.23531273787504,80.0,40.0,80.0,40.0,80.0,40.0,80.0,40.0,75.19187490810782,40.29567913405996,76.24976024030944,48.82404825304397,85.94718933145985,38.25923262696641,70.3538738898623,35.3202925668695
26.666666666666668,500.0,25.588670881418164,38.09203944321389,19.04502096122945,3.7262675310507687,51.89543429029944,57.23531273787504,3.4764116466160577,46.7646209904263,80.0,40.0,80.0,40.0,80.0,40.0,80.0,40.0,75.19187490810782,40.29567913405996,76.24976024030944,48.82404825304397,70.3538738898623,35.3202925668695,85.94718933145985,38.25923262696641
26.666666666666668,500.0,3.4764116466160577,46.7646209904263,25.588670881418164,38.09203944321389,51.89543429029944,57.23531273787504,19.04502096122945,3.7262675310507687,80.0,40.0,80.0,40.0,80.0,40.0,80.0,40.0,85.94718933145985,38.25923262696641,75.19187490810782,40.29567913405996,70.3538738898623,35.3202925668695,76.24976024030944,48.82404825304397
26.666666666666668,500.0,3.4764116466160577,46.7646209904263,25.588670881418164,38.09203944321389,19.04502096122945,3.7262675310507687,51.89543429029944,57.23531273787504,80.0,40.0,80.0,40.0,80.0,40.0,80.0,40.0,85.94718933145985,38.25923262696641,75.19187490810782,40.29567913405996,76.24976024030944,48.82404825304397,70.3538738898623,35.3202925668695
26.666666666666668,500.0,3.4764116466160577,46.7646209904263,51.89543429029944,57.23531273787504,25.588670881418164,38.09203944321389,19.04502096122945,3.7262675310507687,80.0,40.0,80.0,40.0,80.0,40.0,80.0,40.0,85.94718933145985,38.25923262696641,70.3538738898623,35.3202925668695,75.19187490810782,40.29567913405996,76.24976024030944,48.82404825304397
26.666666666666668,500.0,3.4764116466160577,46.7646209904263,51.89543429029944,57.23531273787504,19.04502096122945,3.7262675310507687,25.588670881418164,38.09203944321389,80.0,40.0,80.0,40.0,80.0,40.0,80.0,40.0,85.94718933145985,38.25923262696641,70.3538738898623,35.3202925668695,76.24976024030944,48.82404825304397,75.19187490810782,40.29567913405996
26.666666666666668,500.0,3.4764116466160577,46.7646209904263,19.04502096122945,3.7262675310507687,25.588670881418164,38.09203944321389,51.89543429029944,57.23531273787504,80.0,40.0,80.0,40.0,80.0,40.0,80.0,40.0,85.94718933145985,38.25923262696641,76.24976024030944,48.82404825304397,75.19187490810782,40.29567913405996,70.3538738898623,35.3202925668695
26.666666666666668,500.0,3.4764116466160577,46.7646209904263,19.04502096122945,3.7262675310507687,51.89543429029944,57.23531273787504,25.588670881418164,38.09203944321389,80.0,40.0,80.0,40.0,80.0,40.0,80.0,40.0,85.94718933145985,38.25923262696641,76.24976024030944,48.82404825304397,70.3538738898623,35.3202925668695,75.19187490810782,40.29567913405996
26.666666666666668,500.0,51.89543429029944,57.23531273787504,25.588670881418164,38.09203944321389,3.4764116466160577,46.7646209904263,19.04502096122945,3.7262675310507687,80.0,40.0,80.0,40.0,80.0,40.0,80.0,40.0,70.3538738898623,35.3202925668695,75.19187490810782,40.29567913405996,85.94718933145985,38.25923262696641,76.24976024030944,48.82404825304397
26.666666666666668,500.0,51.89543429029944,57.23531273787504,25.588670881418164,38.09203944321389,19.04502096122945,3.7262675310507687,3.4764116466160577,46.7646209904263,80.0,40.0,80.0,40.0,80.0,40.0,80.0,40.0,70.3538738898623,35.3202925668695,75.19187490810782,40.29567913405996,76.24976024030944,48.82404825304397,85.94718933145985,38.25923262696641
26.666666666666668,500.0,51.89543429029944,57.23531273787504,3.4764116466160577,46.7646209904263,25.588670881418164,38.09203944321389,19.04502096122945,3.7262675310507687,80.0,40.0,80.0,40.0,80.0,40.0,80.0,40.0,70.3538738898623,35.3202925668695,85.94718933145985,38.25923262696641,75.19187490810782,40.29567913405996,76.24976024030944,48.82404825304397
26.666666666666668,500.0,51.89543429029944,57.23531273787504,3.4764116466160577,46.7646209904263,19.04502096122945,3.7262675310507687,25.588670881418164,38.09203944321389,80.0,40.0,80.0,40.0,80.0,40.0,80.0,40.0,70.3538738898623,35.3202925668695,85.94718933145985,38.25923262696641,76.24976024030944,48.82404825304397,75.19187490810782,40.29567913405996
26.666666666666668,500.0,51.89543429029944,57.23531273787504,19.04502096122945,3.7262675310507687,25.588670881418164,38.09203944321389,3.4764116466160577,46.7646209904263,80.0,40.0,80.0,40.0,80.0,40.0,80.0,40.0,70.3538738898623,35.3202925668695,76.24976024030944,48.82404825304397,75.19187490810782,40.29567913405996,85.94718933145985,38.25923262696641
26.666666666666668,500.0,51.89543429029944,57.23531273787504,19.04502096122945,3.7262675310507687,3.4764116466160577,46.7646209904263,25.588670881418164,38.09203944321389,80.0,40.0,80.0,40.0,80.0,40.0,80.0,40.0,70.3538738898623,35.3202925668695,76.24976024030944,48.82404825304397,85.94718933145985,38.25923262696641,75.19187490810782,40.29567913405996
26.666666666666668,500.0,19.04502096122945,3.7262675310507687,25.588670881418164,38.09203944321389,3.4764116466160577,46.7646209904263,51.89543429029944,57.23531273787504,80.0,40.0,80.0,40.0,80.0,40.0,80.0,40.0,76.24976024030944,48.82404825304397,75.19187490810782,40.29567913405996,85.94718933145985,38.25923262696641,70.3538738898623,35.3202925668695
26.666666666666668,500.0,19.04502096122945,3.7262675310507687,25.588670881418164,38.09203944321389,51.89543429029944,57.23531273787504,3.4764116466160577,46.7646209904263,80.0,40.0,80.0,40.0,80.0,40.0,80.0,40.0,76.24976024030944,48.82404825304397,75.19187490810782,40.29567913405996,70.3538738898623,35.3202925668695,85.94718933145985,38.25923262696641
26.666666666666668,500.0,19.04502096122945,3.7262675310507687,3.4764116466160577,46.7646209904263,25.588670881418164,38.09203944321389,51.89543429029944,57.23531273787504,80.0,40.0,80.0,40.0,80.0,40.0,80.0,40.0,76.24976024030944,48.82404825304397,85.94718933145985,38.25923262696641,75.19187490810782,40.29567913405996,70.3538738898623,35.3202925668695
26.666666666666668,500.0,19.04502096122945,3.7262675310507687,3.4764116466160577,46.7646209904263,51.89543429029944,57.23531273787504,25.588670881418164,38.09203944321389,80.0,40.0,80.0,40.0,80.0,40.0,80.0,40.0,76.24976024030944,48.82404825304397,85.94718933145985,38.25923262696641,70.3538738898623,35.3202925668695,75.19187490810782,40.29567913405996
26.666666666666668,500.0,19.04502096122945,3.7262675310507687,51.89543429029944,57.23531273787504,25.588670881418164,38.09203944321389,3.4764116466160577,46.7646209904263,80.0,40.0,80.0,40.0,80.0,40.0,80.0,40.0,76.24976024030944,48.82404825304397,70.3538738898623,35.3202925668695,75.19187490810782,40.29567913405996,85.94718933145985,38.25923262696641
26.666666666666668,500.0,19.04502096122945,3.7262675310507687,51.89543429029944,57.23531273787504,3.4764116466160577,46.7646209904263,25.588670881418164,38.09203944321389,80.0,40.0,80.0,40.0,80.0,40.0,80.0,40.0,76.24976024030944,48.82404825304397,70.3538738898623,35.3202925668695,85.94718933145985,38.25923262696641,75.19187490810782,40.29567913405996
26.666666666666668,500.0,1.2944118027610885,40.88481364879613,50.35445727302164,6.084072657683919,26.24652777410228,16.961404311282003,37.37126712945376,39.609436053519474,60.0,20.0,60.0,20.0,60.0,20.0,60.0,20.0,110.18863449126432,37.309119301107245,74.2246542243117,56.493993300905416,86.05798040693425,49.42683211905095,81.438665470139,34.85372148092544
26.666666666666668,500.0,1.2944118027610885,40.88481364879613,37.37126712945376,39.609436053519474,50.35445727302164,6.084072657683919,26.24652777410228,16.961404311282003,60.00000000000001,20.0,60.00000000000001,20.0,60.00000000000001,20.0,60.00000000000001,20.0,110.18863449126432,37.309119301107245,81.438665470139,34.85372148092544,74.2246542243117,56.493993300905416,86.05798040693425,49.42683211905095
26.666666666666668,500.0,1.2944118027610885,40.88481364879613,37.37126712945376,39.609436053519474,26.24652777410228,16.961404311282003,50.35445727302164,6.084072657683919,60.00000000000001,20.0,60.00000000000001,20.0,60.00000000000001,20.0,60.00000000000001,20.0,110.18863449126432,37.309119301107245,81.438665470139,34.85372148092544,86.05798040693425,49.42683211905095,74.2246542243117,56.493993300905416
26.666666666666668,500.0,1.2944118027610885,40.88481364879613,26.24652777410228,16.961404311282003,50.35445727302164,6.084072657683919,37.37126712945376,39.609436053519474,60.00000000000001,20.0,60.00000000000001,20.0,60.00000000000001,20.0,60.00000000000001,20.0,110.18863449126432,37.309119301107245,86.05798040693425,49.42683211905095,74.2246542243117,56.493993300905416,81.438665470139,34.85372148092544
26.666666666666668,500.0,1.2944118027610885,40.88481364879613,26.24652777410228,16.961404311282003,37.37126712945376,39.609436053519474,50.35445727302164,6.084072657683919,60.00000000000001,20.0,60.00000000000001,20.0,60.00000000000001,20.0,60.00000000000001,20.0,110.18863449126432,37.309119301107245,86.05798040693425,49.42683211905095,81.438665470139,34.85372148092544,74.2246542243117,56.493993300905416
26.666666666666668,500.0,50.35445727302164,6.084072657683919,1.2944118027610885,40.88481364879613,37.37126712945376,39.609436053519474,26.24652777410228,16.961404311282003,60.00000000000001,20.0,60.00000000000001,20.0,60.00000000000001,20.0,60.00000000000001,20.0,74.2246542243117,56.493993300905416,110.18863449126432,37.309119301107245,81.438665470139,34.85372148092544,86.05798040693425,49.42683211905095
26.666666666666668,500.0,50.35445727302164,6.084072657683919,1.2944118027610885,40.88481364879613,26.24652777410228,16.961404311282003,37.37126712945376,39.609436053519474,60.0,20.0,60.0,20.0,60.0,20.0,60.0,20.0,74.2246542243117,56.493993300905416,110.18863449126432,37.309119301107245,86.05798040693425,49.42683211905095,81.438665470139,34.85372148092544
26.666666666666668,500.0,50.35445727302164,6.084072657683919,37.37126712945376,39.609436053519474,1.2944118027610885,40.88481364879613,26.24652777410228,16.961404311282003,60.00000000000001,20.0,60.00000000000001,20.0,60.00000000000001,20.0,60.00000000000001,20.0,74.2246542243117,56.493993300905416,81.438665470139,34.85372148092544,110.18863449126432,37.309119301107245,86.05798040693425,49.42683211905095
26.666666666666668,500.0,50.35445727302164,6.084072657683919,37.37126712945376,39.609436053519474,26.24652777410228,16.961404311282003,1.2944118027610885,40.88481364879613,60.00000000000001,20.0,60.00000000000001,20.0,60.00000000000001,20.0,60.00000000000001,20.0,74.2246542243117,56.493993300905416,81.438665470139,34.85372148092544,86.05798040693425,49.42683211905095,110.18863449126432,37.309119301107245
26.666666666666668,500.0,50.35445727302164,6.084072657683919,26.24652777410228,16.961404311282003,1.2944118027610885,40.88481364879613,37.37126712945376,39.609436053519474,60.0,20.0,60.0,20.0,60.0,20.0,60.0,20.0,74.2246542243117,56.493993300905416,86.05798040693425,49.42683211905095,110.18863449126432,37.309119301107245,81.438665470139,34.85372148092544
26.666666666666668,500.0,50.35445727302164,6.084072657683919,26.24652777410228,16.961404311282003,37.37126712945376,39.609436053519474,1.2944118027610885,40.88481364879613,60.0,20.0,60.0,20.0,60.0,20.0,60.0,20.0,74.2246542243117,56.493993300905416,86.05798040693425,49.42683211905095,81.438665470139,34.85372148092544,110.18863449126432,37.309119301107245
26.666666666666668,500.0,37.37126712945376,39.609436053519474,1.2944118027610885,40.88481364879613,50.35445727302164,6.084072657683919,26.24652777410228,16.961404311282003,60.00000000000001,20.0,60.00000000000001,20.0,60.00000000000001,20.0,60.00000000000001,20.0,81.438665470139,34.85372148092544,110.18863449126432,37.309119301107245,74.2246542243117,56.493993300905416,86.05798040693425,49.42683211905095
26.666666666666668,500.0,37.37126712945376,39.609436053519474,1.2944118027610885,40.88481364879613,26.24652777410228,16.961404311282003,50.35445727302164,6.084072657683919,60.00000000000001,20.0,60.00000000000001,20.0,60.00000000000001,20.0,60.00000000000001,20.0,81.438665470139,34.85372148092544,110.18863449126432,37.309119301107245,86.05798040693425,49.42683211905095,74.2246542243117,56.493993300905416
26.666666666666668,500.0,37.37126712945376,39.609436053519474,50.35445727302164,6.084072657683919,1.2944118027610885,40.88481364879613,26.24652777410228,16.961404311282003,60.0,20.0,60.0,20.0,60.0,20.0,60.0,20.0,81.438665470139,34.85372148092544,74.2246542243117,56.493993300905416,110.18863449126432,37.309119301107245,86.05798040693425,49.42683211905095
26.666666666666668,500.0,37.37126712945376,39.609436053519474,50.35445727302164,6.084072657683919,26.24652777410228,16.961404311282003,1.2944118027610885,40.88481364879613,60.0,20.0,60.0,20.0,60.0,20.0,60.0,20.0,81.438665470139,34.85372148092544,74.2246542243117,56.493993300905416,86.05798040693425,49.42683211905095,110.18863449126432,37.309119301107245
26.666666666666668,500.0,37.37126712945376,39.609436053519474,26.24652777410228,16.961404311282003,1.2944118027610885,40.88481364879613,50.35445727302164,6.084072657683919,60.00000000000001,20.0,60.00000000000001,20.0,60.00000000000001,20.0,60.00000000000001,20.0,81.438665470139,34.85372148092544,86.05798040693425,49.42683211905095,110.18863449126432,37.309119301107245,74.2246542243117,56.493993300905416
26.666666666666668,500.0,37.37126712945376,39.609436053519474,26.24652777410228,16.961404311282003,50.35445727302164,6.084072657683919,1.2944118027610885,40.88481364879613,60.00000000000001,20.0,60.00000000000001,20.0,60.00000000000001,20.0,60.00000000000001,20.0,81.438665470139,34.85372148092544,86.05798040693425,49.42683211905095,74.2246542243117,56.493993300905416,110.18863449126432,37.309119301107245
26.666666666666668,500.0,26.24652777410228,16.961404311282003,1.2944118027610885,40.88481364879613,50.35445727302164,6.084072657683919,37.37126712945376,39.609436053519474,60.00000000000001,20.0,60.00000000000001,20.0,60.00000000000001,20.0,60.00000000000001,20.0,86.05798040693425,49.42683211905095,110.18863449126432,37.309119301107245,74.2246542243117,56.493993300905416,81.438665470139,34.85372148092544
26.666666666666668,500.0,26.24652777410228,16.961404311282003,1.2944118027610885,40.88481364879613,37.37126712945376,39.609436053519474,50.35445727302164,6.084072657683919,60.00000000000001,20.0,60.00000000000001,20.0,60.00000000000001,20.0,60.00000000000001,20.0,86.05798040693425,49.42683211905095,110.18863449126432,37.309119301107245,81.438665470139,34.85372148092544,74.2246542243117,56.493993300905416
26.666666666666668,500.0,26.24652777410228,16.961404311282003,50.35445727302164,6.084072657683919,1.2944118027610885,40.88481364879613,37.37126712945376,39.609436053519474,60.00000000000001,20.0,60.00000000000001,20.0,60.00000000000001,20.0,60.00000000000001,20.0,86.05798040693425,49.42683211905095,74.2246542243117,56.493993300905416,110.18863449126432,37.309119301107245,81.438665470139,34.85372148092544
26.666666666666668,500.0,26.24652777410228,16.961404311282003,50.35445727302164,6.084072657683919,37.37126712945376,39.609436053519474,1.2944118027610885,40.88481364879613,60.00000000000001,20.0,60.00000000000001,20.0,60.00000000000001,20.0,60.00000000000001,20.0,86.05798040693425,49.42683211905095,74.2246542243117,56.493993300905416,81.438665470139,34.85372148092544,110.18863449126432,37.309119301107245
26.666666666666668,500.0,26.24652777410228,16.961404311282003,37.37126712945376,39.609436053519474,1.2944118027610885,40.88481364879613,50.35445727302164,6.084072657683919,60.00000000000001,20.0,60.00000000000001,20.0,60.00000000000001,20.0,60.00000000000001,20.0,86.05798040693425,49.42683211905095,81.438665470139,34.85372148092544,110.18863449126432,37.309119301107245,74.2246542243117,56.493993300905416
26.666666666666668,500.0,26.24652777410228,16.961404311282003,37.37126712945376,39.609436053519474,50.35445727302164,6.084072657683919,1.2944118027610885,40.88481364879613,60.00000000000001,20.0,60.00000000000001,20.0,60.00000000000001,20.0,60.00000000000001,20.0,86.05798040693425,49.42683211905095,81.438665470139,34.85372148092544,74.2246542243117,56.493993300905416,110.18863449126432,37.309119301107245
26.666666666666668,500.0,4.986313481924669,28.443465478277947,39.262306054545846,45.08312330904238,58.59750221033434,55.27925142276624,32.20875713361245,6.580401820989456,60.00000000000001,20.0,60.00000000000001,20.0,60.00000000000001,20.0,60.00000000000001,20.0,117.31304541891907,40.482751082187335,101.15057429368228,29.250827016078865,85.33488214504845,24.07822945005806,103.7883914184148,57.05384217595437
26.666666666666668,500.0,4.986313481924669,28.443465478277947,32.20875713361245,6.580401820989456,39.262306054545846,45.08312330904238,58.59750221033434,55.27925142276624,60.00000000000001,20.0,60.00000000000001,20.0,60.00000000000001,20.0,60.00000000000001,20.0,117.31304541891907,40.482751082187335,103.7883914184148,57.05384217595437,101.15057429368228,29.250827016078865,85.33488214504845,24.07822945005806
26.666666666666668,500.0,4.986313481924669,28.443465478277947,32.20875713361245,6.580401820989456,58.59750221033434,55.27925142276624,39.262306054545846,45.08312330904238,60.00000000000001,20.0,60.00000000000001,20.0,60.00000000000001,20.0,60.00000000000001,20.0,117.31304541891907,40.482751082187335,103.7883914184148,57.05384217595437,85.33488214504845,24.07822945005806,101.15057429368228,29.250827016078865
26.666666666666668,500.0,4.986313481924669,28.443465478277947,58.59750221033434,55.27925142276624,39.262306054545846,45.08312330904238,32.20875713361245,6.580401820989456,60.00000000000001,20.0,60.00000000000001,20.0,60.00000000000001,20.0,60.00000000000001,20.0,117.31304541891907,40.482751082187335,85.33488214504845,24.07822945005806,101.15057429368228,29.250827016078865,103.7883914184148,57.05384217595437
26.666666666666668,500.0,4.986313481924669,28.443465478277947,58.59750221033434,55.27925142276624,32.20875713361245,6.580401820989456,39.262306054545846,45.08312330904238,60.00000000000001,20.0,60.00000000000001,20.0,60.00000000000001,20.0,60.00000000000001,20.0,117.31304541891907,40.482751082187335,85.33488214504845,24.07822945005806,103.7883914184148,57.05384217595437,101.15057429368228,29.250827016078865
26.666666666666668,500.0,39.262306054545846,45.08312330904238,4.986313481924669,28.443465478277947,32.20875713361245,6.580401820989456,58.59750221033434,55.27925142276624,60.00000000000001,20.0,60.00000000000001,20.0,60.00000000000001,20.0,60.00000000000001,20.0,101.15057429368228,29.250827016078865,117.31304541891907,40.482751082187335,103.7883914184148,57.05384217595437,85.33488214504845,24.07822945005806
26.666666666666668,500.0,39.262306054545846,45.08312330904238,4.986313481924669,28.443465478277947,58.59750221033434,55.27925142276624,32.20875713361245,6.580401820989456,60.00000000000001,20.0,60.00000000000001,20.0,60.00000000000001,20.0,60.00000000000001,20.0,101.15057429368228,29.250827016078865,117.31304541891907,40.482751082187335,85.33488214504845,24.07822945005806,103.7883914184148,57.05384217595437
26.666666666666668,500.0,39.262306054545846,45.08312330904238,32.20875713361245,6.580401820989456,4.986313481924669,28.443465478277947,58.59750221033434,55.27925142276624,60.00000000000001,20.0,60.00000000000001,20.0,60.00000000000001,20.0,60.00000000000001,20.0,101.15057429368228,29.250827016078865,103.7883914184148,57.05384217595437,117.31304541891907,40.482751082187335,85.33488214504845,24.07822945005806
26.666666666666668,500.0,39.262306054545846,45.08312330904238,32.20875713361245,6.580401820989456,58.59750221033434,55.27925142276624,4.986313481924669,28.443465478277947,60.00000000000001,20.0,60.00000000000001,20.0,60.00000000000001,20.0,60.00000000000001,20.0,101.15057429368228,29.250827016078865,103.7883914184148,57.05384217595437,85.33488214504845,24.07822945005806,117.31304541891907,40.482751082187335
26.666666666666668,500.0,39.262306054545846,45.08312330904238,58.59750221033434,55.27925142276624,4.986313481924669,28.443465478277947,32.20875713361245,6.580401820989456,60.00000000000001,20.0,60.00000000000001,20.0,60.00000000000001,20.0,60.00000000000001,20.0,101.15057429368228,29.250827016078865,85.33488214504845,24.07822945005806,117.31304541891907,40.482751082187335,103.7883914184148,57.05384217595437
26.666666666666668,500.0,39.262306054545846,45.08312330904238,58.59750221033434,55.27925142276624,32.20875713361245,6.580401820989456,4.986313481924669,28.443465478277947,60.00000000000001,20.0,60.00000000000001,20.0,60.00000000000001,20.0,60.00000000000001,20.0,101.15057429368228,29.250827016078865,85.33488214504845,24.07822945005806,103.7883914184148,57.05384217595437,117.31304541891907,40.482751082187335
26.666666666666668,500.0,32.20875713361245,6.580401820989456,4.986313481924669,28.443465478277947,39.262306054545846,45.08312330904238,58.59750221033434,55.27925142276624,60.00000000000001,20.0,60.00000000000001,20.0,60.00000000000001,20.0,60.00000000000001,20.0,103.7883914184148,57.05384217595437,117.31304541891907,40.482751082187335,101.15057429368228,29.250827016078865,85.33488214504845,24.07822945005806
26.666666666666668,500.0,32.20875713361245,6.580401820989456,4.986313481924669,28.443465478277947,58.59750221033434,55.27925142276624,39.262306054545846,45.08312330904238,60.00000000000001,20.0,60.00000000000001,20.0,60.00000000000001,20.0,60.00000000000001,20.0,103.7883914184148,57.05384217595437,117.31304541891907,40.482751082187335,85.33488214504845,24.07822945005806,101.15057429368228,29.250827016078865
26.666666666666668,500.0,32.20875713361245,6.580401820989456,39.262306054545846,45.08312330904238,4.986313481924669,28.443465478277947,58.59750221033434,55.27925142276624,60.00000000000001,20.0,60.00000000000001,20.0,60.00000000000001,20.0,60.00000000000001,20.0,103.7883914184148,57.05384217595437,101.15057429368228,29.250827016078865,117.31304541891907,40.482751082187335,85.33488214504845,24.07822945005806
26.666666666666668,500.0,32.20875713361245,6.580401820989456,39.262306054545846,45.08312330904238,58.59750221033434,55.27925142276624,4.986313481924669,28.443465478277947,60.00000000000001,20.0,60.00000000000001,20.0,60.00000000000001,20.0,60.00000000000001,20.0,103.7883914184148,57.05384217595437,101.15057429368228,29.250827016078865,85.33488214504845,24.07822945005806,117.31304541891907,40.482751082187335
26.666666666666668,500.0,32.20875713361245,6.580401820989456,58.59750221033434,55.27925142276624,4.986313481924669,28.443465478277947,39.262306054545846,45.08312330904238,60.00000000000001,20.0,60.00000000000001,20.0,60.00000000000001,20.0,60.00000000000001,20.0,103.7883914184148,57.05384217595437,85.33488214504845,24.07822945005806,117.31304541891907,40.482751082187335,101.15057429368228,29.250827016078865
26.666666666666668,500.0,32.20875713361245,6.580401820989456,58.59750221033434,55.27925142276624,39.262306054545846,45.08312330904238,4.986313481924669,28.443465478277947,60.00000000000001,20.0,60.00000000000001,20.0,60.00000000000001,20.0,60.00000000000001,20.0,103.7883914184148,57.05384217595437,85.33488214504845,24.07822945005806,101.15057429368228,29.250827016078865,117.31304541891907,40.482751082187335
26.666666666666668,500.0,58.59750221033434,55.27925142276624,4.986313481924669,28.443465478277947,39.262306054545846,45.08312330904238,32.20875713361245,6.580401820989456,60.00000000000001,20.0,60.00000000000001,20.0,60.00000000000001,20.0,60.00000000000001,20.0,85.33488214504845,24.07822945005806,117.31304541891907,40.482751082187335,101.15057429368228,29.250827016078865,103.7883914184148,57.05384217595437
26.666666666666668,500.0,58.59750221033434,55.27925142276624,4.986313481924669,28.443465478277947,32.20875713361245,6.580401820989456,39.262306054545846,45.08312330904238,60.00000000000001,20.0,60.00000000000001,20.0,60.00000000000001,20.0,60.00000000000001,20.0,85.33488214504845,24.07822945005806,117.31304541891907,40.482751082187335,103.7883914184148,57.05384217595437,101.15057429368228,29.250827016078865
26.666666666666668,500.0,58.59750221033434,55.27925142276624,39.262306054545846,45.08312330904238,4.986313481924669,28.443465478277947,32.20875713361245,6.580401820989456,60.00000000000001,20.0,60.00000000000001,20.0,60.00000000000001,20.0,60.00000000000001,20.0,85.33488214504845,24.07822945005806,101.15057429368228,29.250827016078865,117.31304541891907,40.482751082187335,103.7883914184148,57.05384217595437
26.666666666666668,500.0,58.59750221033434,55.27925142276624,39.262306054545846,45.08312330904238,32.20875713361245,6.580401820989456,4.986313481924669,28.443465478277947,60.00000000000001,20.0,60.00000000000001,20.0,60.00000000000001,20.0,60.00000000000001,20.0,85.33488214504845,24.07822945005806,101.15057429368228,29.250827016078865,103.7883914184148,57.05384217595437,117.31304541891907,40.482751082187335
26.666666666666668,500.0,58.59750221033434,55.27925142276624,32.20875713361245,6.580401820989456,4.986313481924669,28.443465478277947,39.262306054545846,45.08312330904238,60.00000000000001,20.0,60.00000000000001,20.0,60.00000000000001,20.0,60.00000000000001,20.0,85.33488214504845,24.07822945005806,103.7883914184148,57.05384217595437,117.31304541891907,40.482751082187335,101.15057429368228,29.250827016078865
26.666666666666668,500.0,58.59750221033434,55.27925142276624,32.20875713361245,6.580401820989456,39.262306054545846,45.08312330904238,4.986313481924669,28.443465478277947,60.00000000000001,20.0,60.00000000000001,20.0,60.00000000000001,20.0,60.00000000000001,20.0,85.33488214504845,24.07822945005806,103.7883914184148,57.05384217595437,101.15057429368228,29.250827016078865,117.31304541891907,40.482751082187335
26.666666666666668,500.0,5.211348800272397,8.376148412347781,57.369293262625085,17.95851595357707,36.03274430982172,41.498665211570525,9.102339826940264,33.941225583291185,80.0,20.0,80.0,20.0,80.0,20.0,80.0,20.0,87.5215628039085,38.95838199795072,60.44531108536361,36.28917180794158,65.22135118891589,19.869964460435565,77.08259027481569,23.15454705732203
26.666666666666668,500.0,5.211348800272397,8.376148412347781,9.102339826940264,33.941225583291185,57.369293262625085,17.95851595357707,36.03274430982172,41.498665211570525,80.0,20.0,80.0,20.0,80.0,20.0,80.0,20.0,87.5215628039085,38.95838199795072,77.08259027481569,23.15454705732203,60.44531108536361,36.28917180794158,65.22135118891589,19.869964460435565
26.666666666666668,500.0,5.211348800272397,8.376148412347781,9.102339826940264,33.941225583291185,36.03274430982172,41.498665211570525,57.369293262625085,17.95851595357707,80.0,20.0,80.0,20.0,80.0,20.0,80.0,20.0,87.5215628039085,38.95838199795072,77.08259027481569,23.15454705732203,65.22135118891589,19.869964460435565,60.44531108536361,36.28917180794158
26.666666666666668,500.0,5.211348800272397,8.376148412347781,36.03274430982172,41.498665211570525,57.369293262625085,17.95851595357707,9.102339826940264,33.941225583291185,80.0,20.0,80.0,20.0,80.0,20.0,80.0,20.0,87.5215628039085,38.95838199795072,65.22135118891589,19.869964460435565,60.44531108536361,36.28917180794158,77.08259027481569,23.15454705732203
26.666666666666668,500.0,5.211348800272397,8.376148412347781,36.03274430982172,41.498665211570525,9.102339826940264,33.941225583291185,57.369293262625085,17.95851595357707,80.0,20.0,80.0,20.0,80.0,20.0,80.0,20.0,87.5215628039085,38.95838199795072,65.22135118891589,19.869964460435565,77.08259027481569,23.15454705732203,60.44531108536361,36.28917180794158
26.666666666666668,500.0,57.369293262625085,17.95851595357707,5.211348800272397,8.376148412347781,9.102339826940264,33.941225583291185,36.03274430982172,41.498665211570525,80.0,20.0,80.0,20.0,80.0,20.0,80.0,20.0,60.44531108536361,36.28917180794158,87.5215628039085,38.95838199795072,77.08259027481569,23.15454705732203,65.22135118891589,19.869964460435565
26.666666666666668,500.0,57.369293262625085,17.95851595357707,5.211348800272397,8.376148412347781,36.03274430982172,41.498665211570525,9.102339826940264,33.941225583291185,80.0,20.0,80.0,20.0,80.0,20.0,80.0,20.0,60.44531108536361,36.28917180794158,87.5215628039085,38.95838199795072,65.22135118891589,19.869964460435565,77.08259027481569,23.15454705732203
26.666666666666668,500.0,57.369293262625085,17.95851595357707,9.102339826940264,33.941225583291185,5.211348800272397,8.376148412347781,36.03274430982172,41.498665211570525,80.0,20.0,80.0,20.0,80.0,20.0,80.0,20.0,60.44531108536361,36.28917180794158,77.08259027481569,23.15454705732203,87.5215628039085,38.95838199795072,65.22135118891589,19.869964460435565
26.666666666666668,500.0,57.369293262625085,17.95851595357707,9.102339826940264,33.941225583291185,36.03274430982172,41.498665211570525,5.211348800272397,8.376148412347781,80.0,20.0,80.0,20.0,80.0,20.0,80.0,20.0,60.44531108536361,36.28917180794158,77.08259027481569,23.15454705732203,65.22135118891589,19.869964460435565,87.5215628039085,38.95838199795072
26.666666666666668,500.0,57.369293262625085,17.95851595357707,36.03274430982172,41.498665211570525,5.211348800272397,8.376148412347781,9.102339826940264,33.941225583291185,80.0,20.0,80.0,20.0,80.0,20.0,80.0,20.0,60.44531108536361,36.28917180794158,65.22135118891589,19.869964460435565,87.5215628039085,38.95838199795072,77.08259027481569,23.15454705732203
26.666666666666668,500.0,57.369293262625085,17.95851595357707,36.03274430982172,41.498665211570525,9.102339826940264,33.941225583291185,5.211348800272397,8.376148412347781,80.0,20.0,80.0,20.0,80.0,20.0,80.0,20.0,60.44531108536361,36.28917180794158,65.22135118891589,19.869964460435565,77.08259027481569,23.15454705732203,87.5215628039085,38.95838199795072
26.666666666666668,500.0,9.102339826940264,33.941225583291185,5.211348800272397,8.376148412347781,57.369293262625085,17.95851595357707,36.03274430982172,41.498665211570525,80.0,20.0,80.0,20.0,80.0,20.0,80.0,20.0,77.08259027481569,23.15454705732203,87.5215628039085,38.95838199795072,60.44531108536361,36.28917180794158,65.22135118891589,19.869964460435565
26.666666666666668,500.0,9.102339826940264,33.941225583291185,5.211348800272397,8.376148412347781,36.03274430982172,41.498665211570525,57.369293262625085,17.95851595357707,80.0,20.0,80.0,20.0,80.0,20.0,80.0,20.0,77.08259027481569,23.15454705732203,87.5215628039085,38.95838199795072,65.22135118891589,19.869964460435565,60.44531108536361,36.28917180794158
26.666666666666668,500.0,9.102339826940264,33.941225583291185,57.369293262625085,17.95851595357707,5.211348800272397,8.376148412347781,36.03274430982172,41.498665211570525,80.0,20.0,80.0,20.0,80.0,20.0,80.0,20.0,77.08259027481569,23.15454705732203,60.44531108536361,36.28917180794158,87.5215628039085,38.95838199795072,65.22135118891589,19.869964460435565
26.666666666666668,500.0,9.102339826940264,33.941225583291185,57.369293262625085,17.95851595357707,36.03274430982172,41.498665211570525,5.211348800272397,8.376148412347781,80.0,20.0,80.0,20.0,80.0,20.0,80.0,20.0,77.08259027481569,23.15454705732203,60.44531108536361,36.28917180794158,65.22135118891589,19.869964460435565,87.5215628039085,38.95838199795072
26.666666666666668,500.0,9.102339826940264,33.941225583291185,36.03274430982172,41.498665211570525,5.211348800272397,8.376148412347781,57.369293262625085,17.95851595357707,80.0,20.0,80.0,20.0,80.0,20.0,80.0,20.0,77.08259027481569,23.15454705732203,65.22135118891589,19.869964460435565,87.5215628039085,38.95838199795072,60.44531108536361,36.28917180794158
26.666666666666668,500.0,9.102339826940264,33.941225583291185,36.03274430982172,41.498665211570525,57.369293262625085,17.95851595357707,5.211348800272397,8.376148412347781,80.0,20.0,80.0,20.0,80.0,20.0,80.0,20.0,77.08259027481569,23.15454705732203,65.22135118891589,19.869964460435565,60.44531108536361,36.28917180794158,87.5215628039085,38.95838199795072
26.666666666666668,500.0,36.03274430982172,41.498665211570525,5.211348800272397,8.376148412347781,57.369293262625085,17.95851595357707,9.102339826940264,33.941225583291185,80.0,20.0,80.0,20.0,80.0,20.0,80.0,20.0,65.22135118891589,19.869964460435565,87.5215628039085,38.95838199795072,60.44531108536361,36.28917180794158,77.08259027481569,23.15454705732203
26.666666666666668,500.0,36.03274430982172,41.498665211570525,5.211348800272397,8.376148412347781,9.102339826940264,33.941225583291185,57.369293262625085,17.95851595357707,80.0,20.0,80.0,20.0,80.0,20.0,80.0,20.0,65.22135118891589,19.869964460435565,87.5215628039085,38.95838199795072,77.08259027481569,23.15454705732203,60.44531108536361,36.28917180794158
26.666666666666668,500.0,36.03274430982172,41.498665211570525,57.369293262625085,17.95851595357707,5.211348800272397,8.376148412347781,9.102339826940264,33.941225583291185,80.0,20.0,80.0,20.0,80.0,20.0,80.0,20.0,65.22135118891589,19.869964460435565,60.44531108536361,36.28917180794158,87.5215628039085,38.95838199795072,77.08259027481569,23.15454705732203
26.666666666666668,500.0,36.03274430982172,41.498665211570525,57.369293262625085,17.95851595357707,9.102339826940264,33.941225583291185,5.211348800272397,8.376148412347781,80.0,20.0,80.0,20.0,80.0,20.0,80.0,20.0,65.22135118891589,19.869964460435565,60.44531108536361,36.28917180794158,77.08259027481569,23.15454705732203,87.5215628039085,38.95838199795072
26.666666666666668,500.0,36.03274430982172,41.498665211570525,9.102339826940264,33.941225583291185,5.211348800272397,8.376148412347781,57.369293262625085,17.95851595357707,80.0,20.0,80.0,20.0,80.0,20.0,80.0,20.0,65.22135118891589,19.869964460435565,77.08259027481569,23.15454705732203,87.5215628039085,38.95838199795072,60.44531108536361,36.28917180794158
26.666666666666668,500.0,36.03274430982172,41.498665211570525,9.102339826940264,33.941225583291185,57.369293262625085,17.95851595357707,5.211348800272397,8.376148412347781,80.0,20.0,80.0,20.0,80.0,20.0,80.0,20.0,65.22135118891589,19.869964460435565,77.08259027481569,23.15454705732203,60.44531108536361,36.28917180794158,87.5215628039085,38.95838199795072
26.666666666666668,500.0,44.34573782095048,36.33570249394532,0.3037399981834165,56.947888135775045,59.54855169804455,1.5227202548656282,20.561475412279616,42.77581139119352,100.00000000000001,0.0,100.00000000000001,0.0,100.00000000000001,0.0,100.00000000000001,0.0,74.99043030965804,17.07569419104159,92.35616610003524,12.682464630992136,70.27872655158652,24.49011620870829,93.99960323636506,16.74585906597581
26.666666666666668,500.0,44.34573782095048,36.33570249394532,20.561475412279616,42.77581139119352,0.3037399981834165,56.947888135775045,59.54855169804455,1.5227202548656282,100.00000000000001,0.0,100.00000000000001,0.0,100.00000000000001,0.0,100.00000000000001,0.0,74.99043030965804,17.07569419104159,93.99960323636506,16.74585906597581,92.35616610003524,12.682464630992136,70.27872655158652,24.49011620870829
26.666666666666668,500.0,44.34573782095048,36.33570249394532,20.561475412279616,42.77581139119352,59.54855169804455,1.5227202548656282,0.3037399981834165,56.947888135775045,100.00000000000001,0.0,100.00000000000001,0.0,100.00000000000001,0.0,100.00000000000001,0.0,74.99043030965804,17.07569419104159,93.99960323636506,16.74585906597581,70.27872655158652,24.49011620870829,92.35616610003524,12.682464630992136
26.666666666666668,500.0,44.34573782095048,36.33570249394532,59.54855169804455,1.5227202548656282,0.3037399981834165,56.947888135775045,20.561475412279616,42.77581139119352,100.00000000000001,0.0,100.00000000000001,0.0,100.00000000000001,0.0,100.00000000000001,0.0,74.99043030965804,17.07569419104159,70.27872655158652,24.49011620870829,92.35616610003524,12.682464630992136,93.99960323636506,16.74585906597581
26.666666666666668,500.0,44.34573782095048,36.33570249394532,59.54855169804455,1.5227202548656282,20.561475412279616,42.77581139119352,0.3037399981834165,56.947888135775045,100.00000000000001,0.0,100.00000000000001,0.0,100.00000000000001,0.0,100.00000000000001,0.0,74.99043030965804,17.07569419104159,70.27872655158652,24.49011620870829,93.99960323636506,16.74585906597581,92.35616610003524,12.682464630992136
26.666666666666668,500.0,0.3037399981834165,56.947888135775045,44.34573782095048,36.33570249394532,20.561475412279616,42.77581139119352,59.54855169804455,1.5227202548656282,100.00000000000001,0.0,100.00000000000001,0.0,100.00000000000001,0.0,100.00000000000001,0.0,92.35616610003524,12.682464630992136,74.99043030965804,17.07569419104159,93.99960323636506,16.74585906597581,70.27872655158652,24.49011620870829
26.666666666666668,500.0,0.3037399981834165,56.947888135775045,44.34573782095048,36.33570249394532,59.54855169804455,1.5227202548656282,20.561475412279616,42.77581139119352,100.00000000000001,0.0,100.00000000000001,0.0,100.00000000000001,0.0,100.00000000000001,0.0,92.35616610003524,12.682464630992136,74.99043030965804,17.07569419104159,70.27872655158652,24.49011620870829,93.99960323636506,16.74585906597581
26.666666666666668,500.0,0.3037399981834165,56.947888135775045,20.561475412279616,42.77581139119352,44.34573782095048,36.33570249394532,59.54855169804455,1.5227202548656282,100.00000000000001,0.0,100.00000000000001,0.0,100.00000000000001,0.0,100.00000000000001,0.0,92.35616610003524,12.682464630992136,93.99960323636506,16.74585906597581,74.99043030965804,17.07569419104159,70.27872655158652,24.49011620870829
26.666666666666668,500.0,0.3037399981834165,56.947888135775045,20.561475412279616,42.77581139119352,59.54855169804455,1.5227202548656282,44.34573782095048,36.33570249394532,100.00000000000001,0.0,100.00000000000001,0.0,100.00000000000001,0.0,100.00000000000001,0.0,92.35616610003524,12.682464630992136,93.99960323636506,16.74585906597581,70.27872655158652,24.49011620870829,74.99043030965804,17.07569419104159
26.666666666666668,500.0,0.3037399981834165,56.947888135775045,59.54855169804455,1.5227202548656282,44.34573782095048,36.33570249394532,20.561475412279616,42.77581139119352,100.00000000000001,0.0,100.00000000000001,0.0,100.00000000000001,0.0,100.00000000000001,0.0,92.35616610003524,12.682464630992136,70.27872655158652,24.49011620870829,74.99043030965804,17.07569419104159,93.99960323636506,16.74585906597581
26.666666666666668,500.0,0.3037399981834165,56.947888135775045,59.54855169804455,1.5227202548656282,20.561475412279616,42.77581139119352,44.34573782095048,36.33570249394532,100.00000000000001,0.0,100.00000000000001,0.0,100.00000000000001,0.0,100.00000000000001,0.0,92.35616610003524,12.682464630992136,70.27872655158652,24.49011620870829,93.99960323636506,16.74585906597581,74.99043030965804,17.07569419104159
26.666666666666668,500.0,20.561475412279616,42.77581139119352,44.34573782095048,36.33570249394532,0.3037399981834165,56.947888135775045,59.54855169804455,1.5227202548656282,100.00000000000001,0.0,100.00000000000001,0.0,100.00000000000001,0.0,100.00000000000001,0.0,93.99960323636506,16.74585906597581,74.99043030965804,17.07569419104159,92.35616610003524,12.682464630992136,70.27872655158652,24.49011620870829
26.666666666666668,500.0,20.561475412279616,42.77581139119352,44.34573782095048,36.33570249394532,59.54855169804455,1.5227202548656282,0.3037399981834165,56.947888135775045,100.00000000000001,0.0,100.00000000000001,0.0,100.00000000000001,0.0,100.00000000000001,0.0,93.99960323636506,16.74585906597581,74.99043030965804,17.07569419104159,70.27872655158652,24.49011620870829,92.35616610003524,12.682464630992136
26.666666666666668,500.0,20.561475412279616,42.77581139119352,0.3037399981834165,56.947888135775045,44.34573782095048,36.33570249394532,59.54855169804455,1.5227202548656282,100.00000000000001,0.0,100.00000000000001,0.0,100.00000000000001,0.0,100.00000000000001,0.0,93.99960323636506,16.74585906597581,92.35616610003524,12.682464630992136,74.99043030965804,17.07569419104159,70.27872655158652,24.49011620870829
26.666666666666668,500.0,20.561475412279616,42.77581139119352,0.3037399981834165,56.947888135775045,59.54855169804455,1.5227202548656282,44.34573782095048,36.33570249394532,100.00000000000001,0.0,100.00000000000001,0.0,100.00000000000001,0.0,100.00000000000001,0.0,93.99960323636506,16.74585906597581,92.35616610003524,12.682464630992136,70.27872655158652,24.49011620870829,74.99043030965804,17.07569419104159
26.666666666666668,500.0,20.561475412279616,42.77581139119352,59.54855169804455,1.5227202548656282,44.34573782095048,36.33570249394532,0.3037399981834165,56.947888135775045,100.00000000000001,0.0,100.00000000000001,0.0,100.00000000000001,0.0,100.00000000000001,0.0,93.99960323636506,16.74585906597581,70.27872655158652,24.49011620870829,74.99043030965804,17.07569419104159,92.35616610003524,12.682464630992136
26.666666666666668,500.0,20.561475412279616,42.77581139119352,59.54855169804455,1.5227202548656282,0.3037399981834165,56.947888135775045,44.34573782095048,36.33570249394532,99.99999999999999,0.0,99.99999999999999,0.0,99.99999999999999,0.0,99.99999999999999,0.0,93.99960323636506,16.74585906597581,70.27872655158652,24.49011620870829,92.35616610003524,12.682464630992136,74.99043030965804,17.07569419104159
26.666666666666668,500.0,59.54855169804455,1.5227202548656282,44.34573782095048,36.33570249394532,0.3037399981834165,56.947888135775045,20.561475412279616,42.77581139119352,100.00000000000001,0.0,100.00000000000001,0.0,100.00000000000001,0.0,100.00000000000001,0.0,70.27872655158652,24.49011620870829,74.99043030965804,17.07569419104159,92.35616610003524,12.682464630992136,93.99960323636506,16.74585906597581
26.666666666666668,500.0,59.54855169804455,1.5227202548656282,44.34573782095048,36.33570249394532,20.561475412279616,42.77581139119352,0.3037399981834165,56.947888135775045,100.00000000000001,0.0,100.00000000000001,0.0,100.00000000000001,0.0,100.00000000000001,0.0,70.27872655158652,24.49011620870829,74.99043030965804,17.07569419104159,93.99960323636506,16.74585906597581,92.35616610003524,12.682464630992136
26.666666666666668,500.0,59.54855169804455,1.5227202548656282,0.3037399981834165,56.947888135775045,44.34573782095048,36.33570249394532,20.561475412279616,42.77581139119352,99.99999999999999,0.0,99.99999999999999,0.0,99.99999999999999,0.0,99.99999999999999,0.0,70.27872655158652,24.49011620870829,92.35616610003524,12.682464630992136,74.99043030965804,17.07569419104159,93.99960323636506,16.74585906597581
26.666666666666668,500.0,59.54855169804455,1.5227202548656282,0.3037399981834165,56.947888135775045,20.561475412279616,42.77581139119352,44.34573782095048,36.33570249394532,99.99999999999999,0.0,99.99999999999999,0.0,99.99999999999999,0.0,99.99999999999999,0.0,70.27872655158652,24.49011620870829,92.35616610003524,12.682464630992136,93.99960323636506,16.74585906597581,74.99043030965804,17.07569419104159
26.666666666666668,500.0,59.54855169804455,1.5227202548656282,20.561475412279616,42.77581139119352,44.34573782095048,36.33570249394532,0.3037399981834165,56.947888135775045,100.00000000000001,0.0,100.00000000000001,0.0,100.00000000000001,0.0,100.00000000000001,0.0,70.27872655158652,24.49011620870829,93.99960323636506,16.74585906597581,74.99043030965804,17.07569419104159,92.35616610003524,12.682464630992136
26.666666666666668,500.0,59.54855169804455,1.5227202548656282,20.561475412279616,42.77581139119352,0.3037399981834165,56.947888135775045,44.34573782095048,36.33570249394532,100.00000000000001,0.0,100.00000000000001,0.0,100.00000000000001,0.0,100.00000000000001,0.0,70.27872655158652,24.49011620870829,93.99960323636506,16.74585906597581,92.35616610003524,12.682464630992136,74.99043030965804,17.07569419104159
40.0,500.0,12.185706071055533,9.871360616351224,38.18921908201288,21.308982164732328,2.5780299027295883,43.858517242007046,58.72518985345108,37.79540027620673,100.0,20.0,100.0,20.0,100.0,20.0,100.0,20.0,107.61452802831204,44.28343155422677,91.1653124980279,32.93266156785461,106.14672737547204,18.84924005446331,73.58509956621093,25.38137520472302
40.0,500.0,12.185706071055533,9.871360616351224,58.72518985345108,37.79540027620673,38.18921908201288,21.308982164732328,2.5780299027295883,43.858517242007046,100.0,20.0,100.0,20.0,100.0,20.0,100.0,20.0,107.61452802831204,44.28343155422677,73.58509956621093,25.38137520472302,91.1653124980279,32.93266156785461,106.14672737547204,18.84924005446331
40.0,500.0,12.185706071055533,9.871360616351224,58.72518985345108,37.79540027620673,2.5780299027295883,43.858517242007046,38.18921908201288,21.308982164732328,100.0,20.0,100.0,20.0,100.0,20.0,100.0,20.0,107.61452802831204,44.28343155422677,73.58509956621093,25.38137520472302,106.14672737547204,18.84924005446331,91.1653124980279,32.93266156785461
40.0,500.0,12.185706071055533,9.871360616351224,2.5780299027295883,43.858517242007046,38.18921908201288,21.308982164732328,58.72518985345108,37.79540027620673,100.0,20.0,100.0,20.0,100.0,20.0,100.0,20.0,107.61452802831204,44.28343155422677,106.14672737547204,18.84924005446331,91.1653124980279,32.93266156785461,73.58509956621093,25.38137520472302
40.0,500.0,12.185706071055533,9.871360616351224,2.5780299027295883,43.858517242007046,58.72518985345108,37.79540027620673,38.18921908201288,21.308982164732328,100.0,20.0,100.0,20.0,100.0,20.0,100.0,20.0,107.61452802831204,44.28343155422677,106.14672737547204,18.84924005446331,73.58509956621093,25.38137520472302,91.1653124980279,32.93266156785461
40.0,500.0,38.18921908201288,21.308982164732328,12.185706071055533,9.871360616351224,58.72518985345108,37.79540027620673,2.5780299027295883,43.858517242007046,100.0,20.0,100.0,20.0,100.0,20.0,100.0,20.0,91.1653124980279,32.93266156785461,107.61452802831204,44.28343155422677,73.58509956621093,25.38137520472302,106.14672737547204,18.84924005446331
40.0,500.0,38.18921908201288,21.308982164732328,12.185706071055533,9.871360616351224,2.5780299027295883,43.858517242007046,58.72518985345108,37.79540027620673,100.0,20.0,100.0,20.0,100.0,20.0,100.0,20.0,91.1653124980279,32.93266156785461,107.61452802831204,44.28343155422677,106.14672737547204,18.84924005446331,73.58509956621093,25.38137520472302
40.0,500.0,38.18921908201288,21.308982164732328,58.72518985345108,37.79540027620673,12.185706071055533,9.871360616351224,2.5780299027295883,43.858517242007046,100.0,20.0,100.0,20.0,100.0,20.0,100.0,20.0,91.1653124980279,32.93266156785461,73.58509956621093,25.38137520472302,107.61452802831204,44.28343155422677,106.14672737547204,18.84924005446331
40.0,500.0,38.18921908201288,21.308982164732328,58.72518985345108,37.79540027620673,2.5780299027295883,43.858517242007046,12.185706071055533,9.871360616351224,100.0,20.0,100.0,20.0,100.0,20.0,100.0,20.0,91.1653124980279,32.93266156785461,73.58509956621093,25.38137520472302,106.14672737547204,18.84924005446331,107.61452802831204,44.28343155422677
40.0,500.0,38.18921908201288,21.308982164732328,2.5780299027295883,43.858517242007046,12.185706071055533,9.871360616351224,58.72518985345108,37.79540027620673,100.0,20.0,100.0,20.0,100.0,20.0,100.0,20.0,91.1653124980279,32.93266156785461,106.14672737547204,18.84924005446331,107.61452802831204,44.28343155422677,73.58509956621093,25.38137520472302
40.0,500.0,38.18921908201288,21.308982164732328,2.5780299027295883,43.858517242007046,58.72518985345108,37.79540027620673,12.185706071055533,9.871360616351224,100.0,20.0,100.0,20.0,100.0,20.0,100.0,20.0,91.1653124980279,32.93266156785461,106.14672737547204,18.84924005446331,73.58509956621093,25.38137520472302,107.61452802831204,44.28343155422677
40.0,500.0,58.72518985345108,37.79540027620673,12.185706071055533,9.871360616351224,38.18921908201288,21.308982164732328,2.5780299027295883,43.858517242007046,100.0,20.0,100.0,20.0,100.0,20.0,100.0,20.0,73.58509956621093,25.38137520472302,107.61452802831204,44.28343155422677,91.1653124980279,32.93266156785461,106.14672737547204,18.84924005446331
40.0,500.0,58.72518985345108,37.79540027620673,12.185706071055533,9.871360616351224,2.5780299027295883,43.858517242007046,38.18921908201288,21.308982164732328,100.0,20.0,100.0,20.0,100.0,20.0,100.0,20.0,73.58509956621093,25.38137520472302,107.61452802831204,44.28343155422677,106.14672737547204,18.84924005446331,91.1653124980279,32.93266156785461
40.0,500.0,58.72518985345108,37.79540027620673,38.18921908201288,21.308982164732328,12.185706071055533,9.871360616351224,2.5780299027295883,43.858517242007046,100.0,20.0,100.0,20.0,100.0,20.0,100.0,20.0,73.58509956621093,25.38137520472302,91.1653124980279,32.93266156785461,107.61452802831204,44.28343155422677,106.14672737547204,18.84924005446331
40.0,500.0,58.72518985345108,37.79540027620673,38.18921908201288,21.308982164732328,2.5780299027295883,43.858517242007046,12.185706071055533,9.871360616351224,100.0,20.0,100.0,20.0,100.0,20.0,100.0,20.0,73.58509956621093,25.38137520472302,91.1653124980279,32.93266156785461,106.14672737547204,18.84924005446331,107.61452802831204,44.28343155422677
40.0,500.0,58.72518985345108,37.79540027620673,2.5780299027295883,43.858517242007046,12.185706071055533,9.871360616351224,38.18921908201288,21.308982164732328,100.0,20.0,100.0,20.0,100.0,20.0,100.0,20.0,73.58509956621093,25.38137520472302,106.14672737547204,18.84924005446331,107.61452802831204,44.28343155422677,91.1653124980279,32.93266156785461
40.0,500.0,58.72518985345108,37.79540027620673,2.5780299027295883,43.858517242007046,38.18921908201288,21.308982164732328,12.185706071055533,9.871360616351224,100.0,20.0,100.0,20.0,100.0,20.0,100.0,20.0,73.58509956621093,25.38137520472302,106.14672737547204,18.84924005446331,91.1653124980279,32.93266156785461,107.61452802831204,44.28343155422677
40.0,500.0,2.5780299027295883,43.858517242007046,12.185706071055533,9.871360616351224,38.18921908201288,21.308982164732328,58.72518985345108,37.79540027620673,100.0,20.0,100.0,20.0,100.0,20.0,100.0,20.0,106.14672737547204,18.84924005446331,107.61452802831204,44.28343155422677,91.1653124980279,32.93266156785461,73.58509956621093,25.38137520472302
40.0,500.0,2.5780299027295883,43.858517242007046,12.185706071055533,9.871360616351224,58.72518985345108,37.79540027620673,38.18921908201288,21.308982164732328,100.0,20.0,100.0,20.0,100.0,20.0,100.0,20.0,106.14672737547204,18.84924005446331,107.61452802831204,44.28343155422677,73.58509956621093,25.38137520472302,91.1653124980279,32.93266156785461
40.0,500.0,2.5780299027295883,43.858517242007046,38.18921908201288,21.308982164732328,12.185706071055533,9.871360616351224,58.72518985345108,37.79540027620673,100.0,20.0,100.0,20.0,100.0,20.0,100.0,20.0,106.14672737547204,18.84924005446331,91.1653124980279,32.93266156785461,107.61452802831204,44.28343155422677,73.58509956621093,25.38137520472302
40.0,500.0,2.5780299027295883,43.858517242007046,38.18921908201288,21.308982164732328,58.72518985345108,37.79540027620673,12.185706071055533,9.871360616351224,100.0,20.0,100.0,20.0,100.0,20.0,100.0,20.0,106.14672737547204,18.84924005446331,91.1653124980279,32.93266156785461,73.58509956621093,25.38137520472302,107.61452802831204,44.28343155422677
40.0,500.0,2.5780299027295883,43.858517242007046,58.72518985345108,37.79540027620673,12.185706071055533,9.871360616351224,38.18921908201288,21.308982164732328,100.0,20.0,100.0,20.0,100.0,20.0,100.0,20.0,106.14672737547204,18.84924005446331,73.58509956621093,25.38137520472302,107.61452802831204,44.28343155422677,91.1653124980279,32.93266156785461
40.0,500.0,2.5780299027295883,43.858517242007046,58.72518985345108,37.79540027620673,38.18921908201288,21.308982164732328,12.185706071055533,9.871360616351224,100.0,20.0,100.0,20.0,100.0,20.0,100.0,20.0,106.14672737547204,18.84924005446331,73.58509956621093,25.38137520472302,91.1653124980279,32.93266156785461,107.61452802831204,44.28343155422677
40.0,500.0,35.82627493799728,53.58846969708266,43.20819699126219,7.507231169927746,12.730123982247626,51.94818559507895,11.735130422584266,27.941518173983763,60.0,0.0,60.0,0.0,60.0,0.0,60.0,0.0,73.69735258443183,21.29433781526676,82.34846283664544,30.882429026693487,77.82075685951091,17.635490955125462,80.5331165648328,24.29500304366644
40.0,500.0,35.82627493799728,53.58846969708266,11.735130422584266,27.941518173983763,43.20819699126219,7.507231169927746,12.730123982247626,51.94818559507895,60.0,0.0,60.0,0.0,60.0,0.0,60.0,0.0,73.69735258443183,21.29433781526676,80.5331165648328,24.29500304366644,82.34846283664544,30.882429026693487,77.82075685951091,17.635490955125462
40.0,500.0,35.82627493799728,53.58846969708266,11.735130422584266,27.941518173983763,12.730123982247626,51.94818559507895,43.20819699126219,7.507231169927746,60.0,0.0,60.0,0.0,60.0,0.0,60.0,0.0,73.69735258443183,21.29433781526676,80.5331165648328,24.29500304366644,77.82075685951091,17.635490955125462,82.34846283664544,30.882429026693487
40.0,500.0,35.82627493799728,53.58846969708266,12.730123982247626,51.94818559507895,43.20819699126219,7.507231169927746,11.735130422584266,27.941518173983763,60.0,0.0,60.0,0.0,60.0,0.0,60.0,0.0,73.69735258443183,21.29433781526676,77.82075685951091,17.635490955125462,82.34846283664544,30.882429026693487,80.5331165648328,24.29500304366644
40.0,500.0,35.82627493799728,53.58846969708266,12.730123982247626,51.94818559507895,11.735130422584266,27.941518173983763,43.20819699126219,7.507231169927746,60.0,0.0,60.0,0.0,60.0,0.0,60.0,0.0,73.69735258443183,21.29433781526676,77.82075685951091,17.635490955125462,80.5331165648328,24.29500304366644,82.34846283664544,30.882429026693487
40.0,500.0,43.20819699126219,7.507231169927746,35.82627493799728,53.58846969708266,11.735130422584266,27.941518173983763,12.730123982247626,51.94818559507895,60.0,0.0,60.0,0.0,60.0,0.0,60.0,0.0,82.34846283664544,30.882429026693487,73.69735258443183,21.29433781526676,80.5331165648328,24.29500304366644,77.82075685951091,17.635490955125462
40.0,500.0,43.20819699126219,7.507231169927746,35.82627493799728,53.58846969708266,12.730123982247626,51.94818559507895,11.735130422584266,27.941518173983763,60.0,0.0,60.0,0.0,60.0,0.0,60.0,0.0,82.34846283664544,30.882429026693487,73.69735258443183,21.29433781526676,77.82075685951091,17.635490955125462,80.5331165648328,24.29500304366644
40.0,500.0,43.20819699126219,7.507231169927746,11.735130422584266,27.941518173983763,35.82627493799728,53.58846969708266,12.730123982247626,51.94818559507895,60.0,0.0,60.0,0.0,60.0,0.0,60.0,0.0,82.34846283664544,30.882429026693487,80.5331165648328,24.29500304366644,73.69735258443183,21.29433781526676,77.82075685951091,17.635490955125462
40.0,500.0,43.20819699126219,7.507231169927746,11.735130422584266,27.941518173983763,12.730123982247626,51.94818559507895,35.82627493799728,53.58846969708266,60.0,0.0,60.0,0.0,60.0,0.0,60.0,0.0,82.34846283664544,30.882429026693487,80.5331165648328,24.29500304366644,77.82075685951091,17.635490955125462,73.69735258443183,21.29433781526676
40.0,500.0,43.20819699126219,7.507231169927746,12.730123982247626,51.94818559507895,35.82627493799728,53.58846969708266,11.735130422584266,27.941518173983763,60.0,0.0,60.0,0.0,60.0,0.0,60.0,0.0,82.34846283664544,30.882429026693487,77.82075685951091,17.635490955125462,73.69735258443183,21.29433781526676,80.5331165648328,24.29500304366644
40.0,500.0,43.20819699126219,7.507231169927746,12.730123982247626,51.94818559507895,11.735130422584266,27.941518173983763,35.82627493799728,53.58846969708266,60.0,0.0,60.0,0.0,60.0,0.0,60.0,0.0,82.34846283664544,30.882429026693487,77.82075685951091,17.635490955125462,80.5331165648328,24.29500304366644,73.69735258443183,21.29433781526676
40.0,500.0,11.735130422584266,27.941518173983763,35.82627493799728,53.58846969708266,43.20819699126219,7.507231169927746,12.730123982247626,51.94818559507895,60.0,0.0,60.0,0.0,60.0,0.0,60.0,0.0,80.5331165648328,24.29500304366644,73.69735258443183,21.29433781526676,82.34846283664544,30.882429026693487,77.82075685951091,17.635490955125462
40.0,500.0,11.735130422584266,27.941518173983763,35.82627493799728,53.58846969708266,12.730123982247626,51.94818559507895,43.20819699126219,7.507231169927746,60.0,0.0,60.0,0.0,60.0,0.0,60.0,0.0,80.5331165648328,24.29500304366644,73.69735258443183,21.29433781526676,77.82075685951091,17.635490955125462,82.34846283664544,30.882429026693487
40.0,500.0,11.735130422584266,27.941518173983763,43.20819699126219,7.507231169927746,35.82627493799728,53.58846969708266,12.730123982247626,51.94818559507895,60.0,0.0,60.0,0.0,60.0,0.0,60.0,0.0,80.5331165648328,24.29500304366644,82.34846283664544,30.882429026693487,73.69735258443183,21.29433781526676,77.82075685951091,17.635490955125462
40.0,500.0,11.735130422584266,27.941518173983763,43.20819699126219,7.507231169927746,12.730123982247626,51.94818559507895,35.82627493799728,53.58846969708266,60.0,0.0,60.0,0.0,60.0,0.0,60.0,0.0,80.5331165648328,24.29500304366644,82.34846283664544,30.882429026693487,77.82075685951091,17.635490955125462,73.69735258443183,21.29433781526676
40.0,500.0,11.735130422584266,27.941518173983763,12.730123982247626,51.94818559507895,35.82627493799728,53.58846969708266,43.20819699126219,7.507231169927746,60.0,0.0,60.0,0.0,60.0,0.0,60.0,0.0,80.5331165648328,24.29500304366644,77.82075685951091,17.635490955125462,73.69735258443183,21.29433781526676,82.34846283664544,30.882429026693487
40.0,500.0,11.735130422584266,27.941518173983763,12.730123982247626,51.94818559507895,43.20819699126219,7.507231169927746,35.82627493799728,53.58846969708266,60.0,0.0,60.0,0.0,60.0,0.0,60.0,0.0,80.5331165648328,24.29500304366644,77.82075685951091,17.635490955125462,82.34846283664544,30.882429026693487,73.69735258443183,21.29433781526676
40.0,500.0,12.730123982247626,51.94818559507895,35.82627493799728,53.58846969708266,43.20819699126219,7.507231169927746,11.735130422584266,27.941518173983763,60.0,0.0,60.0,0.0,60.0,0.0,60.0,0.0,77.82075685951091,17.635490955125462,73.69735258443183,21.29433781526676,82.34846283664544,30.882429026693487,80.5331165648328,24.29500304366644
40.0,500.0,12.730123982247626,51.94818559507895,35.82627493799728,53.58846969708266,11.735130422584266,27.941518173983763,43.20819699126219,7.507231169927746,60.0,0.0,60.0,0.0,60.0,0.0,60.0,0.0,77.82075685951091,17.635490955125462,73.69735258443183,21.29433781526676,80.5331165648328,24.29500304366644,82.34846283664544,30.882429026693487
40.0,500.0,12.730123982247626,51.94818559507895,43.20819699126219,7.507231169927746,35.82627493799728,53.58846969708266,11.735130422584266,27.941518173983763,60.0,0.0,60.0,0.0,60.0,0.0,60.0,0.0,77.82075685951091,17.635490955125462,82.34846283664544,30.882429026693487,73.69735258443183,21.29433781526676,80.5331165648328,24.29500304366644
40.0,500.0,12.730123982247626,51.94818559507895,43.20819699126219,7.507231169927746,11.735130422584266,27.941518173983763,35.82627493799728,53.58846969708266,60.0,0.0,60.0,0.0,60.0,0.0,60.0,0.0,77.82075685951091,17.635490955125462,82.34846283664544,30.882429026693487,80.5331165648328,24.29500304366644,73.69735258443183,21.29433781526676
40.0,500.0,12.730123982247626,51.94818559507895,11.735130422584266,27.941518173983763,35.82627493799728,53.58846969708266,43.20819699126219,7.507231169927746,60.0,0.0,60.0,0.0,60.0,0.0,60.0,0.0,77.82075685951091,17.635490955125462,80.5331165648328,24.29500304366644,73.69735258443183,21.29433781526676,82.34846283664544,30.882429026693487
40.0,500.0,12.730123982247626,51.94818559507895,11.735130422584266,27.941518173983763,43.20819699126219,7.507231169927746,35.82627493799728,53.58846969708266,60.0,0.0,60.0,0.0,60.0,0.0,60.0,0.0,77.82075685951091,17.635490955125462,80.5331165648328,24.29500304366644,82.34846283664544,30.882429026693487,73.69735258443183,21.29433781526676
40.0,500.0,54.54792674276843,52.36671813014358,26.083593019704068,55.73514920181355,53.37758006349498,9.829793063811872,7.387638858235346,41.06335839119891,100.0,40.0,100.0,40.0,100.0,40.0,100.0,40.0,91.32318441282588,28.83542493251092,104.81934087763813,24.569333820298404,104.5087718597736,37.50875858667751,92.3083239407634,28.913360399144096
40.0,500.0,54.54792674276843,52.36671813014358,7.387638858235346,41.06335839119891,26.083593019704068,55.73514920181355,53.37758006349498,9.829793063811872,100.0,40.0,100.0,40.0,100.0,40.0,100.0,40.0,91.32318441282588,28.83542493251092,92.3083239407634,28.913360399144096,104.81934087763813,24.569333820298404,104.5087718597736,37.50875858667751
40.0,500.0,54.54792674276843,52.36671813014358,7.387638858235346,41.06335839119891,53.37758006349498,9.829793063811872,26.083593019704068,55.73514920181355,100.0,40.0,100.0,40.0,100.0,40.0,100.0,40.0,91.32318441282588,28.83542493251092,92.3083239407634,28.913360399144096,104.5087718597736,37.50875858667751,104.81934087763813,24.569333820298404
40.0,500.0,54.54792674276843,52.36671813014358,53.37758006349498,9.829793063811872,26.083593019704068,55.73514920181355,7.387638858235346,41.06335839119891,100.0,40.0,100.0,40.0,100.0,40.0,100.0,40.0,91.32318441282588,28.83542493251092,104.5087718597736,37.50875858667751,104.81934087763813,24.569333820298404,92.3083239407634,28.913360399144096
40.0,500.0,54.54792674276843,52.36671813014358,53.37758006349498,9.829793063811872,7.387638858235346,41.06335839119891,26.083593019704068,55.73514920181355,100.0,40.0,100.0,40.0,100.0,40.0,100.0,40.0,91.32318441282588,28.83542493251092,104.5087718597736,37.50875858667751,92.3083239407634,28.913360399144096,104.81934087763813,24.569333820298404
40.0,500.0,26.083593019704068,55.73514920181355,54.54792674276843,52.36671813014358,7.387638858235346,41.06335839119891,53.37758006349498,9.829793063811872,100.0,40.0,100.0,40.0,100.0,40.0,100.0,40.0,104.81934087763813,24.569333820298404,91.32318441282588,28.83542493251092,92.3083239407634,28.913360399144096,104.5087718597736,37.50875858667751
40.0,500.0,26.083593019704068,55.73514920181355,54.54792674276843,52.36671813014358,53.37758006349498,9.829793063811872,7.387638858235346,41.06335839119891,100.0,40.0,100.0,40.0,100.0,40.0,100.0,40.0,104.81934087763813,24.569333820298404,91.32318441282588,28.83542493251092,104.5087718597736,37.50875858667751,92.3083239407634,28.913360399144096
40.0,500.0,26.083593019704068,55.73514920181355,7.387638858235346,41.06335839119891,54.54792674276843,52.36671813014358,53.37758006349498,9.829793063811872,100.0,40.0,100.0,40.0,100.0,40.0,100.0,40.0,104.81934087763813,24.569333820298404,92.3083239407634,28.913360399144096,91.32318441282588,28.83542493251092,104.5087718597736,37.50875858667751
40.0,500.0,26.083593019704068,55.73514920181355,7.387638858235346,41.06335839119891,53.37758006349498,9.829793063811872,54.54792674276843,52.36671813014358,100.0,40.0,100.0,40.0,100.0,40.0,100.0,40.0,104.81934087763813,24.569333820298404,92.3083239407634,28.913360399144096,104.5087718597736,37.50875858667751,91.32318441282588,28.83542493251092
40.0,500.0,26.083593019704068,55.73514920181355,53.37758006349498,9.829793063811872,54.54792674276843,52.36671813014358,7.387638858235346,41.06335839119891,100.0,40.0,100.0,40.0,100.0,40.0,100.0,40.0,104.81934087763813,24.569333820298404,104.5087718597736,37.50875858667751,91.32318441282588,28.83542493251092,92.3083239407634,28.913360399144096
40.0,500.0,26.083593019704068,55.73514920181355,53.37758006349498,9.829793063811872,7.387638858235346,41.06335839119891,54.54792674276843,52.36671813014358,100.0,40.0,100.0,40.0,100.0,40.0,100.0,40.0,104.81934087763813,24.569333820298404,104.5087718597736,37.50875858667751,92.3083239407634,28.913360399144096,91.32318441282588,28.83542493251092
40.0,500.0,7.387638858235346,41.06335839119891,54.54792674276843,52.36671813014358,26.083593019704068,55.73514920181355,53.37758006349498,9.829793063811872,100.0,40.0,100.0,40.0,100.0,40.0,100.0,40.0,92.3083239407634,28.913360399144096,91.32318441282588,28.83542493251092,104.81934087763813,24.569333820298404,104.5087718597736,37.50875858667751
40.0,500.0,7.387638858235346,41.06335839119891,54.54792674276843,52.36671813014358,53.37758006349498,9.829793063811872,26.083593019704068,55.73514920181355,100.0,40.0,100.0,40.0,100.0,40.0,100.0,40.0,92.3083239407634,28.913360399144096,91.32318441282588,28.83542493251092,104.5087718597736,37.50875858667751,104.81934087763813,24.569333820298404
40.0,500.0,7.387638858235346,41.06335839119891,26.083593019704068,55.73514920181355,54.54792674276843,52.36671813014358,53.37758006349498,9.829793063811872,100.0,40.0,100.0,40.0,100.0,40.0,100.0,40.0,92.3083239407634,28.913360399144096,104.81934087763813,24.569333820298404,91.32318441282588,28.83542493251092,104.5087718597736,37.50875858667751
40.0,500.0,7.387638858235346,41.06335839119891,26.083593019704068,55.73514920181355,53.37758006349498,9.829793063811872,54.54792674276843,52.36671813014358,100.0,40.0,100.0,40.0,100.0,40.0,100.0,40.0,92.3083239407634,28.913360399144096,104.81934087763813,24.569333820298404,104.5087718597736,37.50875858667751,91.32318441282588,28.83542493251092
40.0,500.0,7.387638858235346,41.06335839119891,53.37758006349498,9.829793063811872,54.54792674276843,52.36671813014358,26.083593019704068,55.73514920181355,100.0,40.0,100.0,40.0,100.0,40.0,100.0,40.0,92.3083239407634,28.913360399144096,104.5087718597736,37.50875858667751,91.32318441282588,28.83542493251092,104.81934087763813,24.569333820298404
40.0,500.0,7.387638858235346,41.06335839119891,53.37758006349498,9.829793063811872,26.083593019704068,55.73514920181355,54.54792674276843,52.36671813014358,100.0,40.0,100.0,40.0,100.0,40.0,100.0,40.0,92.3083239407634,28.913360399144096,104.5087718597736,37.50875858667751,104.81934087763813,24.569333820298404,91.32318441282588,28.83542493251092
40.0,500.0,53.37758006349498,9.829793063811872,54.54792674276843,52.36671813014358,26.083593019704068,55.73514920181355,7.387638858235346,41.06335839119891,100.0,40.0,100.0,40.0,100.0,40.0,100.0,40.0,104.5087718597736,37.50875858667751,91.32318441282588,28.83542493251092,104.81934087763813,24.569333820298404,92.3083239407634,28.913360399144096
40.0,500.0,53.37758006349498,9.829793063811872,54.54792674276843,52.36671813014358,7.387638858235346,41.06335839119891,26.083593019704068,55.73514920181355,100.0,40.0,100.0,40.0,100.0,40.0,100.0,40.0,104.5087718597736,37.50875858667751,91.32318441282588,28.83542493251092,92.3083239407634,28.913360399144096,104.81934087763813,24.569333820298404
40.0,500.0,53.37758006349498,9.829793063811872,26.083593019704068,55.73514920181355,54.54792674276843,52.36671813014358,7.387638858235346,41.06335839119891,100.0,40.0,100.0,40.0,100.0,40.0,100.0,40.0,104.5087718597736,37.50875858667751,104.81934087763813,24.569333820298404,91.32318441282588,28.83542493251092,92.3083239407634,28.913360399144096
40.0,500.0,53.37758006349498,9.829793063811872,26.083593019704068,55.73514920181355,7.387638858235346,41.06335839119891,54.54792674276843,52.36671813014358,100.0,40.0,100.0,40.0,100.0,40.0,100.0,40.0,104.5087718597736,37.50875858667751,104.81934087763813,24.569333820298404,92.3083239407634,28.913360399144096,91.32318441282588,28.83542493251092
40.0,500.0,53.37758006349498,9.829793063811872,7.387638858235346,41.06335839119891,54.54792674276843,52.36671813014358,26.083593019704068,55.73514920181355,100.0,40.0,100.0,40.0,100.0,40.0,100.0,40.0,104.5087718597736,37.50875858667751,92.3083239407634,28.913360399144096,91.32318441282588,28.83542493251092,104.81934087763813,24.569333820298404
40.0,500.0,53.37758006349498,9.829793063811872,7.387638858235346,41.06335839119891,26.083593019704068,55.73514920181355,54.54792674276843,52.36671813014358,100.0,40.0,100.0,40.0,100.0,40.0,100.0,40.0,104.5087718597736,37.50875858667751,92.3083239407634,28.913360399144096,104.81934087763813,24.569333820298404,91.32318441282588,28.83542493251092
40.0,500.0,56.55109035401546,42.16580384118928,1.3107137636651212,1.4520721328146746,25.28609564503224,25.513188285786125,28.47421354476287,46.709608125055446,80.0,60.0,80.0,60.0,80.0,60.0,80.0,60.0,89.99579718264499,9.541891725748393,116.45621138137308,36.65019030362183,116.03015868213905,22.89897388872131,112.02980347003756,7.046694463151091
40.0,500.0,56.55109035401546,42.16580384118928,28.47421354476287,46.709608125055446,1.3107137636651212,1.4520721328146746,25.28609564503224,25.513188285786125,80.0,60.0,80.0,60.0,80.0,60.0,80.0,60.0,89.99579718264499,9.541891725748393,112.02980347003756,7.046694463151091,116.45621138137308,36.65019030362183,116.03015868213905,22.89897388872131
40.0,500.0,56.55109035401546,42.16580384118928,28.47421354476287,46.709608125055446,25.28609564503224,25.513188285786125,1.3107137636651212,1.4520721328146746,80.0,60.0,80.0,60.0,80.0,60.0,80.0,60.0,89.99579718264499,9.541891725748393,112.02980347003756,7.046694463151091,116.03015868213905,22.89897388872131,116.45621138137308,36.65019030362183
40.0,500.0,56.55109035401546,42.16580384118928,25.28609564503224,25.513188285786125,1.3107137636651212,1.4520721328146746,28.47421354476287,46.709608125055446,80.0,60.0,80.0,60.0,80.0,60.0,80.0,60.0,89.99579718264499,9.541891725748393,116.03015868213905,22.89897388872131,116.45621138137308,36.65019030362183,112.02980347003756,7.046694463151091
40.0,500.0,56.55109035401546,42.16580384118928,25.28609564503224,25.513188285786125,28.47421354476287,46.709608125055446,1.3107137636651212,1.4520721328146746,80.0,60.0,80.0,60.0,80.0,60.0,80.0,60.0,89.99579718264499,9.541891725748393,116.03015868213905,22.89897388872131,112.02980347003756,7.046694463151091,116.45621138137308,36.65019030362183
40.0,500.0,1.3107137636651212,1.4520721328146746,56.55109035401546,42.16580384118928,28.47421354476287,46.709608125055446,25.28609564503224,25.513188285786125,80.0,60.0,80.0,60.0,80.0,60.0,80.0,60.0,116.45621138137308,36.65019030362183,89.99579718264499,9.541891725748393,112.02980347003756,7.046694463151091,116.03015868213905,22.89897388872131
40.0,500.0,1.3107137636651212,1.4520721328146746,56.55109035401546,42.16580384118928,25.28609564503224,25.513188285786125,28.47421354476287,46.709608125055446,80.0,60.0,80.0,60.0,80.0,60.0,80.0,60.0,116.45621138137308,36.65019030362183,89.99579718264499,9.541891725748393,116.03015868213905,22.89897388872131,112.02980347003756,7.046694463151091
40.0,500.0,1.3107137636651212,1.4520721328146746,28.47421354476287,46.709608125055446,56.55109035401546,42.16580384118928,25.28609564503224,25.513188285786125,80.0,60.0,80.0,60.0,80.0,60.0,80.0,60.0,116.45621138137308,36.65019030362183,112.02980347003756,7.046694463151091,89.99579718264499,9.541891725748393,116.03015868213905,22.89897388872131
40.0,500.0,1.3107137636651212,1.4520721328146746,28.47421354476287,46.709608125055446,25.28609564503224,25.513188285786125,56.55109035401546,42.16580384118928,80.0,60.0,80.0,60.0,80.0,60.0,80.0,60.0,116.45621138137308,36.65019030362183,112.02980347003756,7.046694463151091,116.03015868213905,22.89897388872131,89.99579718264499,9.541891725748393
40.0,500.0,1.3107137636651212,1.4520721328146746,25.28609564503224,25.513188285786125,56.55109035401546,42.16580384118928,28.47421354476287,46.709608125055446,80.0,60.0,80.0,60.0,80.0,60.0,80.0,60.0,116.45621138137308,36.65019030362183,116.03015868213905,22.89897388872131,89.99579718264499,9.541891725748393,112.02980347003756,7.046694463151091
40.0,500.0,1.3107137636651212,1.4520721328146746,25.28609564503224,25.513188285786125,28.47421354476287,46.709608125055446,56.55109035401546,42.16580384118928,80.0,60.0,80.0,60.0,80.0,60.0,80.0,60.0,116.45621138137308,36.65019030362183,116.03015868213905,22.89897388872131,112.02980347003756,7.046694463151091,89.99579718264499,9.541891725748393
40.0,500.0,28.47421354476287,46.709608125055446,56.55109035401546,42.16580384118928,1.3107137636651212,1.4520721328146746,25.28609564503224,25.513188285786125,80.0,60.0,80.0,60.0,80.0,60.0,80.0,60.0,112.02980347003756,7.046694463151091,89.99579718264499,9.541891725748393,116.45621138137308,36.65019030362183,116.03015868213905,22.89897388872131
40.0,500.0,28.47421354476287,46.709608125055446,56.55109035401546,42.16580384118928,25.28609564503224,25.513188285786125,1.3107137636651212,1.4520721328146746,80.0,60.0,80.0,60.0,80.0,60.0,80.0,60.0,112.02980347003756,7.046694463151091,89.99579718264499,9.541891725748393,116.03015868213905,22.89897388872131,116.45621138137308,36.65019030362183
40.0,500.0,28.47421354476287,46.709608125055446,1.3107137636651212,1.4520721328146746,56.55109035401546,42.16580384118928,25.28609564503224,25.513188285786125,80.0,60.0,80.0,60.0,80.0,60.0,80.0,60.0,112.02980347003756,7.046694463151091,116.45621138137308,36.65019030362183,89.99579718264499,9.541891725748393,116.03015868213905,22.89897388872131
40.0,500.0,28.47421354476287,46.709608125055446,1.3107137636651212,1.4520721328146746,25.28609564503224,25.513188285786125,56.55109035401546,42.16580384118928,80.0,60.0,80.0,60.0,80.0,60.0,80.0,60.0,112.02980347003756,7.046694463151091,116.45621138137308,36.65019030362183,116.03015868213905,22.89897388872131,89.99579718264499,9.541891725748393
40.0,500.0,28.47421354476287,46.709608125055446,25.28609564503224,25.513188285786125,56.55109035401546,42.16580384118928,1.3107137636651212,1.4520721328146746,80.0,60.0,80.0,60.0,80.0,60.0,80.0,60.0,112.02980347003756,7.046694463151091,116.03015868213905,22.89897388872131,89.99579718264499,9.541891725748393,116.45621138137308,36.65019030362183
40.0,500.0,28.47421354476287,46.709608125055446,25.28609564503224,25.513188285786125,1.3107137636651212,1.4520721328146746,56.55109035401546,42.16580384118928,80.0,60.0,80.0,60.0,80.0,60.0,80.0,60.0,112.02980347003756,7.046694463151091,116.03015868213905,22.89897388872131,116.45621138137308,36.65019030362183,89.99579718264499,9.541891725748393
40.0,500.0,25.28609564503224,25.513188285786125,56.55109035401546,42.16580384118928,1.3107137636651212,1.4520721328146746,28.47421354476287,46.709608125055446,80.0,60.0,80.0,60.0,80.0,60.0,80.0,60.0,116.03015868213905,22.89897388872131,89.99579718264499,9.541891725748393,116.45621138137308,36.65019030362183,112.02980347003756,7.046694463151091
40.0,500.0,25.28609564503224,25.513188285786125,56.55109035401546,42.16580384118928,28.47421354476287,46.709608125055446,1.3107137636651212,1.4520721328146746,80.0,60.0,80.0,60.0,80.0,60.0,80.0,60.0,116.03015868213905,22.89897388872131,89.99579718264499,9.541891725748393,112.02980347003756,7.046694463151091,116.45621138137308,36.65019030362183
40.0,500.0,25.28609564503224,25.513188285786125,1.3107137636651212,1.4520721328146746,56.55109035401546,42.16580384118928,28.47421354476287,46.709608125055446,80.0,60.0,80.0,60.0,80.0,60.0,80.0,60.0,116.03015868213905,22.89897388872131,116.45621138137308,36.65019030362183,89.99579718264499,9.541891725748393,112.02980347003756,7.046694463151091
40.0,500.0,25.28609564503224,25.513188285786125,1.3107137636651212,1.4520721328146746,28.47421354476287,46.709608125055446,56.55109035401546,42.16580384118928,80.0,60.0,80.0,60.0,80.0,60.0,80.0,60.0,116.03015868213905,22.89897388872131,116.45621138137308,36.65019030362183,112.02980347003756,7.046694463151091,89.99579718264499,9.541891725748393
40.0,500.0,25.28609564503224,25.513188285786125,28.47421354476287,46.709608125055446,56.55109035401546,42.16580384118928,1.3107137636651212,1.4520721328146746,80.0,60.0,80.0,60.0,80.0,60.0,80.0,60.0,116.03015868213905,22.89897388872131,112.02980347003756,7.046694463151091,89.99579718264499,9.541891725748393,116.45621138137308,36.65019030362183
40.0,500.0,25.28609564503224,25.513188285786125,28.47421354476287,46.709608125055446,1.3107137636651212,1.4520721328146746,56.55109035401546,42.16580384118928,80.0,60.0,80.0,60.0,80.0,60.0,80.0,60.0,116.03015868213905,22.89897388872131,112.02980347003756,7.046694463151091,116.45621138137308,36.65019030362183,89.99579718264499,9.541891725748393
40.0,500.0,26.29761949961138,10.622057669513667,8.159263100887744,35.044372623225776,51.436652017042434,17.332232140959412,56.50747002159251,44.56407627355854,120.0,20.0,120.0,20.0,120.0,20.0,120.0,20.0,99.12560688577796,38.16511468619647,109.6224675743691,21.229188988422973,87.7383326067002,32.72526922662255,79.61742801725457,15.73302033542144
40.0,500.0,26.29761949961138,10.622057669513667,56.50747002159251,44.56407627355854,8.159263100887744,35.044372623225776,51.436652017042434,17.332232140959412,120.0,20.0,120.0,20.0,120.0,20.0,120.0,20.0,99.12560688577796,38.16511468619647,79.61742801725457,15.73302033542144,109.6224675743691,21.229188988422973,87.7383326067002,32.72526922662255
40.0,500.0,26.29761949961138,10.622057669513667,56.50747002159251,44.56407627355854,51.436652017042434,17.332232140959412,8.159263100887744,35.044372623225776,120.0,20.0,120.0,20.0,120.0,20.0,120.0,20.0,99.12560688577796,38.16511468619647,79.61742801725457,15.73302033542144,87.7383326067002,32.72526922662255,109.6224675743691,21.229188988422973
40.0,500.0,26.29761949961138,10.622057669513667,51.436652017042434,17.332232140959412,8.159263100887744,35.044372623225776,56.50747002159251,44.56407627355854,120.0,20.0,120.0,20.0,120.0,20.0,120.0,20.0,99.12560688577796,38.16511468619647,87.7383326067002,32.72526922662255,109.6224675743691,21.229188988422973,79.61742801725457,15.73302033542144
40.0,500.0,26.29761949961138,10.622057669513667,51.436652017042434,17.332232140959412,56.50747002159251,44.56407627355854,8.159263100887744,35.044372623225776,120.0,20.0,120.0,20.0,120.0,20.0,120.0,20.0,99.12560688577796,38.16511468619647,87.7383326067002,32.72526922662255,79.61742801725457,15.73302033542144,109.6224675743691,21.229188988422973
40.0,500.0,8.159263100887744,35.044372623225776,26.29761949961138,10.622057669513667,56.50747002159251,44.56407627355854,51.436652017042434,17.332232140959412,120.0,20.0,120.0,20.0,120.0,20.0,120.0,20.0,109.6224675743691,21.229188988422973,99.12560688577796,38.16511468619647,79.61742801725457,15.73302033542144,87.7383326067002,32.72526922662255
40.0,500.0,8.159263100887744,35.044372623225776,26.29761949961138,10.622057669513667,51.436652017042434,17.332232140959412,56.50747002159251,44.56407627355854,120.0,20.0,120.0,20.0,120.0,20.0,120.0,20.0,109.6224675743691,21.229188988422973,99.12560688577796,38.16511468619647,87.7383326067002,32.72526922662255,79.61742801725457,15.73302033542144
40.0,500.0,8.159263100887744,35.044372623225776,56.50747002159251,44.56407627355854,26.29761949961138,10.622057669513667,51.436652017042434,17.332232140959412,120.0,20.0,120.0,20.0,120.0,20.0,120.0,20.0,109.6224675743691,21.229188988422973,79.61742801725457,15.73302033542144,99.12560688577796,38.16511468619647,87.7383326067002,32.72526922662255
40.0,500.0,8.159263100887744,35.044372623225776,56.50747002159251,44.56407627355854,51.436652017042434,17.332232140959412,26.29761949961138,10.622057669513667,120.0,20.0,120.0,20.0,120.0,20.0,120.0,20.0,109.6224675743691,21.229188988422973,79.61742801725457,15.73302033542144,87.7383326067002,32.72526922662255,99.12560688577796,38.16511468619647
40.0,500.0,8.159263100887744,35.044372623225776,51.436652017042434,17.332232140959412,26.29761949961138,10.622057669513667,56.50747002159251,44.56407627355854,120.0,20.0,120.0,20.0,120.0,20.0,120.0,20.0,109.6224675743691,21.229188988422973,87.7383326067002,32.72526922662255,99.12560688577796,38.16511468619647,79.61742801725457,15.73302033542144
40.0,500.0,8.159263100887744,35.044372623225776,51.436652017042434,17.332232140959412,56.50747002159251,44.56407627355854,26.29761949961138,10.622057669513667,120.0,20.0,120.0,20.0,120.0,20.0,120.0,20.0,109.6224675743691,21.229188988422973,87.7383326067002,32.72526922662255,79.61742801725457,15.73302033542144,99.12560688577796,38.16511468619647
40.0,500.0,56.50747002159251,44.56407627355854,26.29761949961138,10.622057669513667,8.159263100887744,35.044372623225776,51.436652017042434,17.332232140959412,120.0,20.0,120.0,20.0,120.0,20.0,120.0,20.0,79.61742801725457,15.73302033542144,99.12560688577796,38.16511468619647,109.6224675743691,21.229188988422973,87.7383326067002,32.72526922662255
40.0,500.0,56.50747002159251,44.56407627355854,26.29761949961138,10.622057669513667,51.436652017042434,17.332232140959412,8.159263100887744,35.044372623225776,120.0,20.0,120.0,20.0,120.0,20.0,120.0,20.0,79.61742801725457,15.73302033542144,99.12560688577796,38.16511468619647,87.7383326067002,32.72526922662255,109.6224675743691,21.229188988422973
40.0,500.0,56.50747002159251,44.56407627355854,8.159263100887744,35.044372623225776,26.29761949961138,10.622057669513667,51.436652017042434,17.332232140959412,120.0,20.0,120.0,20.0,120.0,20.0,120.0,20.0,79.61742801725457,15.73302033542144,109.6224675743691,21.229188988422973,99.12560688577796,38.16511468619647,87.7383326067002,32.72526922662255
40.0,500.0,56.50747002159251,44.56407627355854,8.159263100887744,35.044372623225776,51.436652017042434,17.332232140959412,26.29761949961138,10.622057669513667,120.0,20.0,120.0,20.0,120.0,20.0,120.0,20.0,79.61742801725457,15.73302033542144,109.6224675743691,21.229188988422973,87.7383326067002,32.72526922662255,99.12560688577796,38.16511468619647
40.0,500.0,56.50747002159251,44.56407627355854,51.436652017042434,17.332232140959412,26.29761949961138,10.622057669513667,8.159263100887744,35.044372623225776,120.0,20.0,120.0,20.0,120.0,20.0,120.0,20.0,79.61742801725457,15.73302033542144,87.7383326067002,32.72526922662255,99.12560688577796,38.16511468619647,109.6224675743691,21.229188988422973
40.0,500.0,56.50747002159251,44.56407627355854,51.436652017042434,17.332232140959412,8.159263100887744,35.044372623225776,26.29761949961138,10.622057669513667,120.0,20.0,120.0,20.0,120.0,20.0,120.0,20.0,79.61742801725457,15.73302033542144,87.7383326067002,32.72526922662255,109.6224675743691,21.229188988422973,99.12560688577796,38.16511468619647
40.0,500.0,51.436652017042434,17.332232140959412,26.29761949961138,10.622057669513667,8.159263100887744,35.044372623225776,56.50747002159251,44.56407627355854,120.0,20.0,120.0,20.0,120.0,20.0,120.0,20.0,87.7383326067002,32.72526922662255,99.12560688577796,38.16511468619647,109.6224675743691,21.229188988422973,79.61742801725457,15.73302033542144
40.0,500.0,51.436652017042434,17.332232140959412,26.29761949961138,10.622057669513667,56.50747002159251,44.56407627355854,8.159263100887744,35.044372623225776,120.0,20.0,120.0,20.0,120.0,20.0,120.0,20.0,87.7383326067002,32.72526922662255,99.12560688577796,38.16511468619647,79.61742801725457,15.73302033542144,109.6224675743691,21.229188988422973
40.0,500.0,51.436652017042434,17.332232140959412,8.159263100887744,35.044372623225776,26.29761949961138,10.622057669513667,56.50747002159251,44.56407627355854,120.0,20.0,120.0,20.0,120.0,20.0,120.0,20.0,87.7383326067002,32.72526922662255,109.6224675743691,21.229188988422973,99.12560688577796,38.16511468619647,79.61742801725457,15.73302033542144
40.0,500.0,51.436652017042434,17.332232140959412,8.159263100887744,35.044372623225776,56.50747002159251,44.56407627355854,26.29761949961138,10.622057669513667,120.0,20.0,120.0,20.0,120.0,20.0,120.0,20.0,87.7383326067002,32.72526922662255,109.6224675743691,21.229188988422973,79.61742801725457,15.73302033542144,99.12560688577796,38.16511468619647
40.0,500.0,51.436652017042434,17.332232140959412,56.50747002159251,44.56407627355854,26.29761949961138,10.622057669513667,8.159263100887744,35.044372623225776,120.0,20.0,120.0,20.0,120.0,20.0,120.0,20.0,87.7383326067002,32.72526922662255,79.61742801725457,15.73302033542144,99.12560688577796,38.16511468619647,109.6224675743691,21.229188988422973
40.0,500.0,51.436652017042434,17.332232140959412,56.50747002159251,44.56407627355854,8.159263100887744,35.044372623225776,26.29761949961138,10.622057669513667,120.0,20.0,120.0,20.0,120.0,20.0,120.0,20.0,87.7383326067002,32.72526922662255,79.61742801725457,15.73302033542144,109.6224675743691,21.229188988422973,99.12560688577796,38.16511468619647
40.0,500.0,25.588670881418164,38.09203944321389,3.4764116466160577,46.7646209904263,19.04502096122945,3.7262675310507687,51.89543429029944,57.23531273787504,100.0,20.0,100.0,20.0,100.0,20.0,100.0,20.0,75.69640026752309,33.82907217990584,101.92964475460715,28.36850132861347,81.92192644851951,59.45776728872157,70.76642631376598,21.538761854654645
40.0,500.0,25.588670881418164,38.09203944321389,51.89543429029944,57.23531273787504,3.4764116466160577,46.7646209904263,19.04502096122945,3.7262675310507687,100.0,20.0,100.0,20.0,100.0,20.0,100.0,20.0,75.69640026752309,33.82907217990584,70.76642631376598,21.538761854654645,101.92964475460715,28.36850132861347,81.92192644851951,59.45776728872157
40.0,500.0,25.588670881418164,38.09203944321389,51.89543429029944,57.23531273787504,19.04502096122945,3.7262675310507687,3.4764116466160577,46.7646209904263,100.0,20.0,100.0,20.0,100.0,20.0,100.0,20.0,75.69640026752309,33.82907217990584,70.76642631376598,21.538761854654645,81.92192644851951,59.45776728872157,101.92964475460715,28.36850132861347
40.0,500.0,25.588670881418164,38.09203944321389,19.04502096122945,3.7262675310507687,3.4764116466160577,46.7646209904263,51.89543429029944,57.23531273787504,100.0,20.0,100.0,20.0,100.0,20.0,100.0,20.0,75.69640026752309,33.82907217990584,81.92192644851951,59.45776728872157,101.92964475460715,28.36850132861347,70.76642631376598,21.538761854654645
40.0,500.0,25.588670881418164,38.09203944321389,19.04502096122945,3.7262675310507687,51.89543429029944,57.23531273787504,3.4764116466160577,46.7646209904263,100.0,20.0,100.0,20.0,100.0,20.0,100.0,20.0,75.69640026752309,33.82907217990584,81.92192644851951,59.45776728872157,70.76642631376598,21.538761854654645,101.92964475460715,28.36850132861347
40.0,500.0,3.4764116466160577,46.7646209904263,25.588670881418164,38.09203944321389,51.89543429029944,57.23531273787504,19.04502096122945,3.7262675310507687,100.0,20.0,100.0,20.0,100.0,20.0,100.0,20.0,101.92964475460715,28.36850132861347,75.69640026752309,33.82907217990584,70.76642631376598,21.538761854654645,81.92192644851951,59.45776728872157
40.0,500.0,3.4764116466160577,46.7646209904263,25.588670881418164,38.09203944321389,19.04502096122945,3.7262675310507687,51.89543429029944,57.23531273787504,100.0,20.0,100.0,20.0,100.0,20.0,100.0,20.0,101.92964475460715,28.36850132861347,75.69640026752309,33.82907217990584,81.92192644851951,59.45776728872157,70.76642631376598,21.538761854654645
40.0,500.0,3.4764116466160577,46.7646209904263,51.89543429029944,57.23531273787504,25.588670881418164,38.09203944321389,19.04502096122945,3.7262675310507687,100.0,20.0,100.0,20.0,100.0,20.0,100.0,20.0,101.92964475460715,28.36850132861347,70.76642631376598,21.538761854654645,75.69640026752309,33.82907217990584,81.92192644851951,59.45776728872157
40.0,500.0,3.4764116466160577,46.7646209904263,51.89543429029944,57.23531273787504,19.04502096122945,3.7262675310507687,25.588670881418164,38.09203944321389,100.0,20.0,100.0,20.0,100.0,20.0,100.0,20.0,101.92964475460715,28.36850132861347,70.76642631376598,21.538761854654645,81.92192644851951,59.45776728872157,75.69640026752309,33.82907217990584
40.0,500.0,3.4764116466160577,46.7646209904263,19.04502096122945,3.7262675310507687,25.588670881418164,38.09203944321389,51.89543429029944,57.23531273787504,100.0,20.0,100.0,20.0,100.0,20.0,100.0,20.0,101.92964475460715,28.36850132861347,81.92192644851951,59.45776728872157,75.69640026752309,33.82907217990584,70.76642631376598,21.538761854654645
40.0,500.0,3.4764116466160577,46.7646209904263,19.04502096122945,3.7262675310507687,51.89543429029944,57.23531273787504,25.588670881418164,38.09203944321389,100.0,20.0,100.0,20.0,100.0,20.0,100.0,20.0,101.92964475460715,28.36850132861347,81.92192644851951,59.45776728872157,70.76642631376598,21.538761854654645,75.69640026752309,33.82907217990584
40.0,500.0,51.89543429029944,57.23531273787504,25.588670881418164,38.09203944321389,3.4764116466160577,46.7646209904263,19.04502096122945,3.7262675310507687,100.0,20.0,100.0,20.0,100.0,20.0,100.0,20.0,70.76642631376598,21.538761854654645,75.69640026752309,33.82907217990584,101.92964475460715,28.36850132861347,81.92192644851951,59.45776728872157
40.0,500.0,51.89543429029944,57.23531273787504,25.588670881418164,38.09203944321389,19.04502096122945,3.7262675310507687,3.4764116466160577,46.7646209904263,100.0,20.0,100.0,20.0,100.0,20.0,100.0,20.0,70.76642631376598,21.538761854654645,75.69640026752309,33.82907217990584,81.92192644851951,59.45776728872157,101.92964475460715,28.36850132861347
40.0,500.0,51.89543429029944,57.23531273787504,3.4764116466160577,46.7646209904263,25.588670881418164,38.09203944321389,19.04502096122945,3.7262675310507687,100.0,20.0,100.0,20.0,100.0,20.0,100.0,20.0,70.76642631376598,21.538761854654645,101.92964475460715,28.36850132861347,75.69640026752309,33.82907217990584,81.92192644851951,59.45776728872157
40.0,500.0,51.89543429029944,57.23531273787504,3.4764116466160577,46.7646209904263,19.04502096122945,3.7262675310507687,25.588670881418164,38.09203944321389,100.0,20.0,100.0,20.0,100.0,20.0,100.0,20.0,70.76642631376598,21.538761854654645,101.92964475460715,28.36850132861347,81.92192644851951,59.45776728872157,75.69640026752309,33.82907217990584
40.0,500.0,51.89543429029944,57.23531273787504,19.04502096122945,3.7262675310507687,25.588670881418164,38.09203944321389,3.4764116466160577,46.7646209904263,100.0,20.0,100.0,20.0,100.0,20.0,100.0,20.0,70.76642631376598,21.538761854654645,81.92192644851951,59.45776728872157,75.69640026752309,33.82907217990584,101.92964475460715,28.36850132861347
40.0,500.0,51.89543429029944,57.23531273787504,19.04502096122945,3.7262675310507687,3.4764116466160577,46.7646209904263,25.588670881418164,38.09203944321389,100.0,20.0,100.0,20.0,100.0,20.0,100.0,20.0,70.76642631376598,21.538761854654645,81.92192644851951,59.45776728872157,101.92964475460715,28.36850132861347,75.69640026752309,33.82907217990584
40.0,500.0,19.04502096122945,3.7262675310507687,25.588670881418164,38.09203944321389,3.4764116466160577,46.7646209904263,51.89543429029944,57.23531273787504,100.0,20.0,100.0,20.0,100.0,20.0,100.0,20.0,81.92192644851951,59.45776728872157,75.69640026752309,33.82907217990584,101.92964475460715,28.36850132861347,70.76642631376598,21.538761854654645
40.0,500.0,19.04502096122945,3.7262675310507687,25.588670881418164,38.09203944321389,51.89543429029944,57.23531273787504,3.4764116466160577,46.7646209904263,100.0,20.0,100.0,20.0,100.0,20.0,100.0,20.0,81.92192644851951,59.45776728872157,75.69640026752309,33.82907217990584,70.76642631376598,21.538761854654645,101.92964475460715,28.36850132861347
40.0,500.0,19.04502096122945,3.7262675310507687,3.4764116466160577,46.7646209904263,25.588670881418164,38.09203944321389,51.89543429029944,57.23531273787504,100.0,20.0,100.0,20.0,100.0,20.0,100.0,20.0,81.92192644851951,59.45776728872157,101.92964475460715,28.36850132861347,75.69640026752309,33.82907217990584,70.76642631376598,21.538761854654645
40.0,500.0,19.04502096122945,3.7262675310507687,3.4764116466160577,46.7646209904263,51.89543429029944,57.23531273787504,25.588670881418164,38.09203944321389,100.0,20.0,100.0,20.0,100.0,20.0,100.0,20.0,81.92192644851951,59.45776728872157,101.92964475460715,28.36850132861347,70.76642631376598,21.538761854654645,75.69640026752309,33.82907217990584
40.0,500.0,19.04502096122945,3.7262675310507687,51.89543429029944,57.23531273787504,25.588670881418164,38.09203944321389,3.4764116466160577,46.7646209904263,100.0,20.0,100.0,20.0,100.0,20.0,100.0,20.0,81.92192644851951,59.45776728872157,70.76642631376598,21.538761854654645,75.69640026752309,33.82907217990584,101.92964475460715,28.36850132861347
40.0,500.0,19.04502096122945,3.7262675310507687,51.89543429029944,57.23531273787504,3.4764116466160577,46.7646209904263,25.588670881418164,38.09203944321389,100.0,20.0,100.0,20.0,100.0,20.0,100.0,20.0,81.92192644851951,59.45776728872157,70.76642631376598,21.538761854654645,101.92964475460715,28.36850132861347,75.69640026752309,33.82907217990584
40.0,500.0,1.2944118027610885,40.88481364879613,50.35445727302164,6.084072657683919,26.24652777410228,16.961404311282003,37.37126712945376,39.609436053519474,100.0,0.0,100.0,0.0,100.0,0.0,100.0,0.0,101.79235902794332,17.8035338560487,67.26945238806073,41.06811437954202,93.19393214701378,31.06417074547895,76.31538432963086,16.479050496941973
40.0,500.0,1.2944118027610885,40.88481364879613,37.37126712945376,39.609436053519474,50.35445727302164,6.084072657683919,26.24652777410228,16.961404311282003,100.0,0.0,100.0,0.0,100.0,0.0,100.0,0.0,101.79235902794332,17.8035338560487,76.31538432963086,16.479050496941973,67.26945238806073,41.06811437954202,93.19393214701378,31.06417074547895
40.0,500.0,1.2944118027610885,40.88481364879613,37.37126712945376,39.609436053519474,26.24652777410228,16.961404311282003,50.35445727302164,6.084072657683919,100.0,0.0,100.0,0.0,100.0,0.0,100.0,0.0,101.79235902794332,17.8035338560487,76.31538432963086,16.479050496941973,93.19393214701378,31.06417074547895,67.26945238806073,41.06811437954202
40.0,500.0,1.2944118027610885,40.88481364879613,26.24652777410228,16.961404311282003,50.35445727302164,6.084072657683919,37.37126712945376,39.609436053519474,100.0,0.0,100.0,0.0,100.0,0.0,100.0,0.0,101.79235902794332,17.8035338560487,93.19393214701378,31.06417074547895,67.26945238806073,41.06811437954202,76.31538432963086,16.479050496941973
40.0,500.0,1.2944118027610885,40.88481364879613,26.24652777410228,16.961404311282003,37.37126712945376,39.609436053519474,50.35445727302164,6.084072657683919,100.0,0.0,100.0,0.0,100.0,0.0,100.0,0.0,101.79235902794332,17.8035338560487,93.19393214701378,31.06417074547895,76.31538432963086,16.479050496941973,67.26945238806073,41.06811437954202
40.0,500.0,50.35445727302164,6.084072657683919,1.2944118027610885,40.88481364879613,37.37126712945376,39.609436053519474,26.24652777410228,16.961404311282003,100.0,0.0,100.0,0.0,100.0,0.0,100.0,0.0,67.26945238806073,41.06811437954202,101.79235902794332,17.8035338560487,76.31538432963086,16.479050496941973,93.19393214701378,31.06417074547895
40.0,500.0,50.35445727302164,6.084072657683919,1.2944118027610885,40.88481364879613,26.24652777410228,16.961404311282003,37.37126712945376,39.609436053519474,100.0,0.0,100.0,0.0,100.0,0.0,100.0,0.0,67.26945238806073,41.06811437954202,101.79235902794332,17.8035338560487,93.19393214701378,31.06417074547895,76.31538432963086,16.479050496941973
40.0,500.0,50.35445727302164,6.084072657683919,37.37126712945376,39.609436053519474,1.2944118027610885,40.88481364879613,26.24652777410228,16.961404311282003,100.0,0.0,100.0,0.0,100.0,0.0,100.0,0.0,67.26945238806073,41.06811437954202,76.31538432963086,16.479050496941973,101.79235902794332,17.8035338560487,93.19393214701378,31.06417074547895
40.0,500.0,50.35445727302164,6.084072657683919,37.37126712945376,39.609436053519474,26.24652777410228,16.961404311282003,1.2944118027610885,40.88481364879613,100.0,0.0,100.0,0.0,100.0,0.0,100.0,0.0,67.26945238806073,41.06811437954202,76.31538432963086,16.479050496941973,93.19393214701378,31.06417074547895,101.79235902794332,17.8035338560487
40.0,500.0,50.35445727302164,6.084072657683919,26.24652777410228,16.961404311282003,1.2944118027610885,40.88481364879613,37.37126712945376,39.609436053519474,100.0,0.0,100.0,0.0,100.0,0.0,100.0,0.0,67.26945238806073,41.06811437954202,93.19393214701378,31.06417074547895,101.79235902794332,17.8035338560487,76.31538432963086,16.479050496941973
40.0,500.0,50.35445727302164,6.084072657683919,26.24652777410228,16.961404311282003,37.37126712945376,39.609436053519474,1.2944118027610885,40.88481364879613,100.0,0.0,100.0,0.0,100.0,0.0,100.0,0.0,67.26945238806073,41.06811437954202,93.19393214701378,31.06417074547895,76.31538432963086,16.479050496941973,101.79235902794332,17.8035338560487
40.0,500.0,37.37126712945376,39.609436053519474,1.2944118027610885,40.88481364879613,50.35445727302164,6.084072657683919,26.24652777410228,16.961404311282003,100.0,0.0,100.0,0.0,100.0,0.0,100.0,0.0,76.31538432963086,16.479050496941973,101.79235902794332,17.8035338560487,67.26945238806073,41.06811437954202,93.19393214701378,31.06417074547895
40.0,500.0,37.37126712945376,39.609436053519474,1.2944118027610885,40.88481364879613,26.24652777410228,16.961404311282003,50.35445727302164,6.084072657683919,100.0,0.0,100.0,0.0,100.0,0.0,100.0,0.0,76.31538432963086,16.479050496941973,101.79235902794332,17.8035338560487,93.19393214701378,31.06417074547895,67.26945238806073,41.06811437954202
40.0,500.0,37.37126712945376,39.609436053519474,50.35445727302164,6.084072657683919,1.2944118027610885,40.88481364879613,26.24652777410228,16.961404311282003,100.0,0.0,100.0,0.0,100.0,0.0,100.0,0.0,76.31538432963086,16.479050496941973,67.26945238806073,41.06811437954202,101.79235902794332,17.8035338560487,93.19393214701378,31.06417074547895
40.0,500.0,37.37126712945376,39.609436053519474,50.35445727302164,6.084072657683919,26.24652777410228,16.961404311282003,1.2944118027610885,40.88481364879613,100.0,0.0,100.0,0.0,100.0,0.0,100.0,0.0,76.31538432963086,16.479050496941973,67.26945238806073,41.06811437954202,93.19393214701378,31.06417074547895,101.79235902794332,17.8035338560487
40.0,500.0,37.37126712945376,39.609436053519474,26.24652777410228,16.961404311282003,1.2944118027610885,40.88481364879613,50.35445727302164,6.084072657683919,100.0,0.0,100.0,0.0,100.0,0.0,100.0,0.0,76.31538432963086,16.479050496941973,93.19393214701378,31.06417074547895,101.79235902794332,17.8035338560487,67.26945238806073,41.06811437954202
40.0,500.0,37.37126712945376,39.609436053519474,26.24652777410228,16.961404311282003,50.35445727302164,6.084072657683919,1.2944118027610885,40.88481364879613,100.0,0.0,100.0,0.0,100.0,0.0,100.0,0.0,76.31538432963086,16.479050496941973,93.19393214701378,31.06417074547895,67.26945238806073,41.06811437954202,101.79235902794332,17.8035338560487
40.0,500.0,26.24652777410228,16.961404311282003,1.2944118027610885,40.88481364879613,50.35445727302164,6.084072657683919,37.37126712945376,39.609436053519474,100.0,0.0,100.0,0.0,100.0,0.0,100.0,0.0,93.19393214701378,31.06417074547895,101.79235902794332,17.8035338560487,67.26945238806073,41.06811437954202,76.31538432963086,16.479050496941973
40.0,500.0,26.24652777410228,16.961404311282003,1.2944118027610885,40.88481364879613,37.37126712945376,39.609436053519474,50.35445727302164,6.084072657683919,100.0,0.0,100.0,0.0,100.0,0.0,100.0,0.0,93.19393214701378,31.06417074547895,101.79235902794332,17.8035338560487,76.31538432963086,16.479050496941973,67.26945238806073,41.06811437954202
40.0,500.0,26.24652777410228,16.961404311282003,50.35445727302164,6.084072657683919,1.2944118027610885,40.88481364879613,37.37126712945376,39.609436053519474,100.0,0.0,100.0,0.0,100.0,0.0,100.0,0.0,93.19393214701378,31.06417074547895,67.26945238806073,41.06811437954202,101.79235902794332,17.8035338560487,76.31538432963086,16.479050496941973
40.0,500.0,26.24652777410228,16.961404311282003,50.35445727302164,6.084072657683919,37.37126712945376,39.609436053519474,1.2944118027610885,40.88481364879613,100.0,0.0,100.0,0.0,100.0,0.0,100.0,0.0,93.19393214701378,31.06417074547895,67.26945238806073,41.06811437954202,76.31538432963086,16.479050496941973,101.79235902794332,17.8035338560487
40.0,500.0,26.24652777410228,16.961404311282003,37.37126712945376,39.609436053519474,1.2944118027610885,40.88481364879613,50.35445727302164,6.084072657683919,100.0,0.0,100.0,0.0,100.0,0.0,100.0,0.0,93.19393214701378,31.06417074547895,76.31538432963086,16.479050496941973,101.79235902794332,17.8035338560487,67.26945238806073,41.06811437954202
40.0,500.0,26.24652777410228,16.961404311282003,37.37126712945376,39.609436053519474,50.35445727302164,6.084072657683919,1.2944118027610885,40.88481364879613,100.0,0.0,100.0,0.0,100.0,0.0,100.0,0.0,93.19393214701378,31.06417074547895,76.31538432963086,16.479050496941973,67.26945238806073,41.06811437954202,101.79235902794332,17.8035338560487
40.0,500.0,4.986313481924669,28.443465478277947,39.262306054545846,45.08312330904238,58.59750221033434,55.27925142276624,32.20875713361245,6.580401820989456,119.99999999999999,0.0,119.99999999999999,0.0,119.99999999999999,0.0,119.99999999999999,0.0,106.26452228489684,23.891302434887173,101.62492889873556,19.61443520335441,88.29860443067778,16.19048716120063,94.31036648286752,28.88029542745881
40.0,500.0,4.986313481924669,28.443465478277947,32.20875713361245,6.580401820989456,39.262306054545846,45.08312330904238,58.59750221033434,55.27925142276624,119.99999999999999,0.0,119.99999999999999,0.0,119.99999999999999,0.0,119.99999999999999,0.0,106.26452228489684,23.891302434887173,94.31036648286752,28.88029542745881,101.62492889873556,19.61443520335441,88.29860443067778,16.19048716120063
40.0,500.0,4.986313481924669,28.443465478277947,32.20875713361245,6.580401820989456,58.59750221033434,55.27925142276624,39.262306054545846,45.08312330904238,119.99999999999999,0.0,119.99999999999999,0.0,119.99999999999999,0.0,119.99999999999999,0.0,106.26452228489684,23.891302434887173,94.31036648286752,28.88029542745881,88.29860443067778,16.19048716120063,101.62492889873556,19.61443520335441
40.0,500.0,4.986313481924669,28.443465478277947,58.59750221033434,55.27925142276624,39.262306054545846,45.08312330904238,32.20875713361245,6.580401820989456,119.99999999999999,0.0,119.99999999999999,0.0,119.99999999999999,0.0,119.99999999999999,0.0,106.26452228489684,23.891302434887173,88.29860443067778,16.19048716120063,101.62492889873556,19.61443520335441,94.31036648286752,28.88029542745881
40.0,500.0,4.986313481924669,28.443465478277947,58.59750221033434,55.27925142276624,32.20875713361245,6.580401820989456,39.262306054545846,45.08312330904238,119.99999999999999,0.0,119.99999999999999,0.0,119.99999999999999,0.0,119.99999999999999,0.0,106.26452228489684,23.891302434887173,88.29860443067778,16.19048716120063,94.31036648286752,28.88029542745881,101.62492889873556,19.61443520335441
40.0,500.0,39.262306054545846,45.08312330904238,4.986313481924669,28.443465478277947,32.20875713361245,6.580401820989456,58.59750221033434,55.27925142276624,119.99999999999999,0.0,119.99999999999999,0.0,119.99999999999999,0.0,119.99999999999999,0.0,101.62492889873556,19.61443520335441,106.26452228489684,23.891302434887173,94.31036648286752,28.88029542745881,88.29860443067778,16.19048716120063
40.0,500.0,39.262306054545846,45.08312330904238,4.986313481924669,28.443465478277947,58.59750221033434,55.27925142276624,32.20875713361245,6.580401820989456,119.99999999999999,0.0,119.99999999999999,0.0,119.99999999999999,0.0,119.99999999999999,0.0,101.62492889873556,19.61443520335441,106.26452228489684,23.891302434887173,88.29860443067778,16.19048716120063,94.31036648286752,28.88029542745881
40.0,500.0,39.262306054545846,45.08312330904238,32.20875713361245,6.580401820989456,4.986313481924669,28.443465478277947,58.59750221033434,55.27925142276624,119.99999999999999,0.0,119.99999999999999,0.0,119.99999999999999,0.0,119.99999999999999,0.0,101.62492889873556,19.61443520335441,94.31036648286752,28.88029542745881,106.26452228489684,23.891302434887173,88.29860443067778,16.19048716120063
40.0,500.0,39.262306054545846,45.08312330904238,32.20875713361245,6.580401820989456,58.59750221033434,55.27925142276624,4.986313481924669,28.443465478277947,119.99999999999999,0.0,119.99999999999999,0.0,119.99999999999999,0.0,119.99999999999999,0.0,101.62492889873556,19.61443520335441,94.31036648286752,28.88029542745881,88.29860443067778,16.19048716120063,106.26452228489684,23.891302434887173
40.0,500.0,39.262306054545846,45.08312330904238,58.59750221033434,55.27925142276624,4.986313481924669,28.443465478277947,32.20875713361245,6.580401820989456,119.99999999999999,0.0,119.99999999999999,0.0,119.99999999999999,0.0,119.99999999999999,0.0,101.62492889873556,19.61443520335441,88.29860443067778,16.19048716120063,106.26452228489684,23.891302434887173,94.31036648286752,28.88029542745881
40.0,500.0,39.262306054545846,45.08312330904238,58.59750221033434,55.27925142276624,32.20875713361245,6.580401820989456,4.986313481924669,28.443465478277947,119.99999999999999,0.0,119.99999999999999,0.0,119.99999999999999,0.0,119.99999999999999,0.0,101.62492889873556,19.61443520335441,88.29860443067778,16.19048716120063,94.31036648286752,28.88029542745881,106.26452228489684,23.891302434887173
40.0,500.0,32.20875713361245,6.580401820989456,4.986313481924669,28.443465478277947,39.262306054545846,45.08312330904238,58.59750221033434,55.27925142276624,119.99999999999999,0.0,119.99999999999999,0.0,119.99999999999999,0.0,119.99999999999999,0.0,94.31036648286752,28.88029542745881,106.26452228489684,23.891302434887173,101.62492889873556,19.61443520335441,88.29860443067778,16.19048716120063
40.0,500.0,32.20875713361245,6.580401820989456,4.986313481924669,28.443465478277947,58.59750221033434,55.27925142276624,39.262306054545846,45.08312330904238,119.99999999999999,0.0,119.99999999999999,0.0,119.99999999999999,0.0,119.99999999999999,0.0,94.31036648286752,28.88029542745881,106.26452228489684,23.891302434887173,88.29860443067778,16.19048716120063,101.62492889873556,19.61443520335441
40.0,500.0,32.20875713361245,6.580401820989456,39.262306054545846,45.08312330904238,4.986313481924669,28.443465478277947,58.59750221033434,55.27925142276624,119.99999999999999,0.0,119.99999999999999,0.0,119.99999999999999,0.0,119.99999999999999,0.0,94.31036648286752,28.88029542745881,101.62492889873556,19.61443520335441,106.26452228489684,23.891302434887173,88.29860443067778,16.19048716120063
40.0,500.0,32.20875713361245,6.580401820989456,39.262306054545846,45.08312330904238,58.59750221033434,55.27925142276624,4.986313481924669,28.443465478277947,119.99999999999999,0.0,119.99999999999999,0.0,119.99999999999999,0.0,119.99999999999999,0.0,94.31036648286752,28.88029542745881,101.62492889873556,19.61443520335441,88.29860443067778,16.19048716120063,106.26452228489684,23.891302434887173
40.0,500.0,32.20875713361245,6.580401820989456,58.59750221033434,55.27925142276624,4.986313481924669,28.443465478277947,39.262306054545846,45.08312330904238,119.99999999999999,0.0,119.99999999999999,0.0,119.99999999999999,0.0,119.99999999999999,0.0,94.31036648286752,28.88029542745881,88.29860443067778,16.19048716120063,106.26452228489684,23.891302434887173,101.62492889873556,19.61443520335441
40.0,500.0,32.20875713361245,6.580401820989456,58.59750221033434,55.27925142276624,39.262306054545846,45.08312330904238,4.986313481924669,28.443465478277947,119.99999999999999,0.0,119.99999999999999,0.0,119.99999999999999,0.0,119.99999999999999,0.0,94.31036648286752,28.88029542745881,88.29860443067778,16.19048716120063,101.62492889873556,19.61443520335441,106.26452228489684,23.891302434887173
40.0,500.0,58.59750221033434,55.27925142276624,4.986313481924669,28.443465478277947,39.262306054545846,45.08312330904238,32.20875713361245,6.580401820989456,119.99999999999999,0.0,119.99999999999999,0.0,119.99999999999999,0.0,119.99999999999999,0.0,88.29860443067778,16.19048716120063,106.26452228489684,23.891302434887173,101.62492889873556,19.61443520335441,94.31036648286752,28.88029542745881
40.0,500.0,58.59750221033434,55.27925142276624,4.986313481924669,28.443465478277947,32.20875713361245,6.580401820989456,39.262306054545846,45.08312330904238,119.99999999999999,0.0,119.99999999999999,0.0,119.99999999999999,0.0,119.99999999999999,0.0,88.29860443067778,16.19048716120063,106.26452228489684,23.891302434887173,94.31036648286752,28.88029542745881,101.62492889873556,19.61443520335441
40.0,500.0,58.59750221033434,55.27925142276624,39.262306054545846,45.08312330904238,4.986313481924669,28.443465478277947,32.20875713361245,6.580401820989456,119.99999999999999,0.0,119.99999999999999,0.0,119.99999999999999,0.0,119.99999999999999,0.0,88.29860443067778,16.19048716120063,101.62492889873556,19.61443520335441,106.26452228489684,23.891302434887173,94.31036648286752,28.88029542745881
40.0,500.0,58.59750221033434,55.27925142276624,39.262306054545846,45.08312330904238,32.20875713361245,6.580401820989456,4.986313481924669,28.443465478277947,119.99999999999999,0.0,119.99999999999999,0.0,119.99999999999999,0.0,119.99999999999999,0.0,88.29860443067778,16.19048716120063,101.62492889873556,19.61443520335441,94.31036648286752,28.88029542745881,106.26452228489684,23.891302434887173
40.0,500.0,58.59750221033434,55.27925142276624,32.20875713361245,6.580401820989456,4.986313481924669,28.443465478277947,39.262306054545846,45.08312330904238,119.99999999999999,0.0,119.99999999999999,0.0,119.99999999999999,0.0,119.99999999999999,0.0,88.29860443067778,16.19048716120063,94.31036648286752,28.88029542745881,106.26452228489684,23.891302434887173,101.62492889873556,19.61443520335441
40.0,500.0,58.59750221033434,55.27925142276624,32.20875713361245,6.580401820989456,39.262306054545846,45.08312330904238,4.986313481924669,28.443465478277947,119.99999999999999,0.0,119.99999999999999,0.0,119.99999999999999,0.0,119.99999999999999,0.0,88.29860443067778,16.19048716120063,94.31036648286752,28.88029542745881,101.62492889873556,19.61443520335441,106.26452228489684,23.891302434887173
40.0,500.0,5.211348800272397,8.376148412347781,57.369293262625085,17.95851595357707,36.03274430982172,41.498665211570525,9.102339826940264,33.941225583291185,100.0,40.0,100.0,40.0,100.0,40.0,100.0,40.0,88.85758232641498,37.12893382197883,74.57944916410268,34.67843512599961,76.45297625298033,28.72918060373078,80.64504000848734,31.249412013481862
40.0,500.0,5.211348800272397,8.376148412347781,9.102339826940264,33.941225583291185,57.369293262625085,17.95851595357707,36.03274430982172,41.498665211570525,99.99999999999999,40.0,99.99999999999999,40.0,99.99999999999999,40.0,99.99999999999999,40.0,88.85758232641498,37.12893382197883,80.64504000848734,31.249412013481862,74.57944916410268,34.67843512599961,76.45297625298033,28.72918060373078
40.0,500.0,5.211348800272397,8.376148412347781,9.102339826940264,33.941225583291185,36.03274430982172,41.498665211570525,57.369293262625085,17.95851595357707,99.99999999999999,40.0,99.99999999999999,40.0,99.99999999999999,40.0,99.99999999999999,40.0,88.85758232641498,37.12893382197883,80.64504000848734,31.249412013481862,76.45297625298033,28.72918060373078,74.57944916410268,34.67843512599961
40.0,500.0,5.211348800272397,8.376148412347781,36.03274430982172,41.498665211570525,57.369293262625085,17.95851595357707,9.102339826940264,33.941225583291185,100.0,40.0,100.0,40.0,100.0,40.0,100.0,40.0,88.85758232641498,37.12893382197883,76.45297625298033,28.72918060373078,74.57944916410268,34.67843512599961,80.64504000848734,31.249412013481862
40.0,500.0,5.211348800272397,8.376148412347781,36.03274430982172,41.498665211570525,9.102339826940264,33.941225583291185,57.369293262625085,17.95851595357707,99.99999999999999,40.0,99.99999999999999,40.0,99.99999999999999,40.0,99.99999999999999,40.0,88.85758232641498,37.12893382197883,76.45297625298033,28.72918060373078,80.64504000848734,31.249412013481862,74.57944916410268,34.67843512599961
40.0,500.0,57.369293262625085,17.95851595357707,5.211348800272397,8.376148412347781,9.102339826940264,33.941225583291185,36.03274430982172,41.498665211570525,99.99999999999999,40.0,99.99999999999999,40.0,99.99999999999999,40.0,99.99999999999999,40.0,74.57944916410268,34.67843512599961,88.85758232641498,37.12893382197883,80.64504000848734,31.249412013481862,76.45297625298033,28.72918060373078
40.0,500.0,57.369293262625085,17.95851595357707,5.211348800272397,8.376148412347781,36.03274430982172,41.498665211570525,9.102339826940264,33.941225583291185,100.0,40.0,100.0,40.0,100.0,40.0,100.0,40.0,74.57944916410268,34.67843512599961,88.85758232641498,37.12893382197883,76.45297625298033,28.72918060373078,80.64504000848734,31.249412013481862
40.0,500.0,57.369293262625085,17.95851595357707,9.102339826940264,33.941225583291185,5.211348800272397,8.376148412347781,36.03274430982172,41.498665211570525,99.99999999999999,40.0,99.99999999999999,40.0,99.99999999999999,40.0,99.99999999999999,40.0,74.57944916410268,34.67843512599961,80.64504000848734,31.249412013481862,88.85758232641498,37.12893382197883,76.45297625298033,28.72918060373078
40.0,500.0,57.369293262625085,17.95851595357707,9.102339826940264,33.941225583291185,36.03274430982172,41.498665211570525,5.211348800272397,8.376148412347781,100.0,40.0,100.0,40.0,100.0,40.0,100.0,40.0,74.57944916410268,34.67843512599961,80.64504000848734,31.249412013481862,76.45297625298033,28.72918060373078,88.85758232641498,37.12893382197883
40.0,500.0,57.369293262625085,17.95851595357707,36.03274430982172,41.498665211570525,5.211348800272397,8.376148412347781,9.102339826940264,33.941225583291185,100.0,40.0,100.0,40.0,100.0,40.0,100.0,40.0,74.57944916410268,34.67843512599961,76.45297625298033,28.72918060373078,88.85758232641498,37.12893382197883,80.64504000848734,31.249412013481862
40.0,500.0,57.369293262625085,17.95851595357707,36.03274430982172,41.498665211570525,9.102339826940264,33.941225583291185,5.211348800272397,8.376148412347781,99.99999999999999,40.0,99.99999999999999,40.0,99.99999999999999,40.0,99.99999999999999,40.0,74.57944916410268,34.67843512599961,76.45297625298033,28.72918060373078,80.64504000848734,31.249412013481862,88.85758232641498,37.12893382197883
40.0,500.0,9.102339826940264,33.941225583291185,5.211348800272397,8.376148412347781,57.369293262625085,17.95851595357707,36.03274430982172,41.498665211570525,99.99999999999999,40.0,99.99999999999999,40.0,99.99999999999999,40.0,99.99999999999999,40.0,80.64504000848734,31.249412013481862,88.85758232641498,37.12893382197883,74.57944916410268,34.67843512599961,76.45297625298033,28.72918060373078
40.0,500.0,9.102339826940264,33.941225583291185,5.211348800272397,8.376148412347781,36.03274430982172,41.498665211570525,57.369293262625085,17.95851595357707,99.99999999999999,40.0,99.99999999999999,40.0,99.99999999999999,40.0,99.99999999999999,40.0,80.64504000848734,31.249412013481862,88.85758232641498,37.12893382197883,76.45297625298033,28.72918060373078,74.57944916410268,34.67843512599961
40.0,500.0,9.102339826940264,33.941225583291185,57.369293262625085,17.95851595357707,5.211348800272397,8.376148412347781,36.03274430982172,41.498665211570525,99.99999999999999,40.0,99.99999999999999,40.0,99.99999999999999,40.0,99.99999999999999,40.0,80.64504000848734,31.249412013481862,74.57944916410268,34.67843512599961,88.85758232641498,37.12893382197883,76.45297625298033,28.72918060373078
40.0,500.0,9.102339826940264,33.941225583291185,57.369293262625085,17.95851595357707,36.03274430982172,41.498665211570525,5.211348800272397,8.376148412347781,99.99999999999999,40.0,99.99999999999999,40.0,99.99999999999999,40.0,99.99999999999999,40.0,80.64504000848734,31.249412013481862,74.57944916410268,34.67843512599961,76.45297625298033,28.72918060373078,88.85758232641498,37.12893382197883
40.0,500.0,9.102339826940264,33.941225583291185,36.03274430982172,41.498665211570525,5.211348800272397,8.376148412347781,57.369293262625085,17.95851595357707,99.99999999999999,40.0,99.99999999999999,40.0,99.99999999999999,40.0,99.99999999999999,40.0,80.64504000848734,31.249412013481862,76.45297625298033,28.72918060373078,88.85758232641498,37.12893382197883,74.57944916410268,34.67843512599961
40.0,500.0,9.102339826940264,33.941225583291185,36.03274430982172,41.498665211570525,57.369293262625085,17.95851595357707,5.211348800272397,8.376148412347781,99.99999999999999,40.0,99.99999999999999,40.0,99.99999999999999,40.0,99.99999999999999,40.0,80.64504000848734,31.249412013481862,76.45297625298033,28.72918060373078,74.57944916410268,34.67843512599961,88.85758232641498,37.12893382197883
40.0,500.0,36.03274430982172,41.498665211570525,5.211348800272397,8.376148412347781,57.369293262625085,17.95851595357707,9.102339826940264,33.941225583291185,100.0,40.0,100.0,40.0,100.0,40.0,100.0,40.0,76.45297625298033,28.72918060373078,88.85758232641498,37.12893382197883,74.57944916410268,34.67843512599961,80.64504000848734,31.249412013481862
40.0,500.0,36.03274430982172,41.498665211570525,5.211348800272397,8.376148412347781,9.102339826940264,33.941225583291185,57.369293262625085,17.95851595357707,99.99999999999999,40.0,99.99999999999999,40.0,99.99999999999999,40.0,99.99999999999999,40.0,76.45297625298033,28.72918060373078,88.85758232641498,37.12893382197883,80.64504000848734,31.249412013481862,74.57944916410268,34.67843512599961
40.0,500.0,36.03274430982172,41.498665211570525,57.369293262625085,17.95851595357707,5.211348800272397,8.376148412347781,9.102339826940264,33.941225583291185,100.0,40.0,100.0,40.0,100.0,40.0,100.0,40.0,76.45297625298033,28.72918060373078,74.57944916410268,34.67843512599961,88.85758232641498,37.12893382197883,80.64504000848734,31.249412013481862
40.0,500.0,36.03274430982172,41.498665211570525,57.369293262625085,17.95851595357707,9.102339826940264,33.941225583291185,5.211348800272397,8.376148412347781,100.0,40.0,100.0,40.0,100.0,40.0,100.0,40.0,76.45297625298033,28.72918060373078,74.57944916410268,34.67843512599961,80.64504000848734,31.249412013481862,88.85758232641498,37.12893382197883
40.0,500.0,36.03274430982172,41.498665211570525,9.102339826940264,33.941225583291185,5.211348800272397,8.376148412347781,57.369293262625085,17.95851595357707,99.99999999999999,40.0,99.99999999999999,40.0,99.99999999999999,40.0,99.99999999999999,40.0,76.45297625298033,28.72918060373078,80.64504000848734,31.249412013481862,88.85758232641498,37.12893382197883,74.57944916410268,34.67843512599961
40.0,500.0,36.03274430982172,41.498665211570525,9.102339826940264,33.941225583291185,57.369293262625085,17.95851595357707,5.211348800272397,8.376148412347781,99.99999999999999,40.0,99.99999999999999,40.0,99.99999999999999,40.0,99.99999999999999,40.0,76.45297625298033,28.72918060373078,80.64504000848734,31.249412013481862,74.57944916410268,34.67843512599961,88.85758232641498,37.12893382197883
40.0,500.0,44.34573782095048,36.33570249394532,0.3037399981834165,56.947888135775045,59.54855169804455,1.5227202548656282,20.561475412279616,42.77581139119352,80.0,0.0,80.0,0.0,80.0,0.0,80.0,0.0,69.11963921223614,33.64247165077315,102.03969201890088,19.080958491191865,63.14295173940306,54.88186074992868,96.31183675821572,30.212759375007245
40.0,500.0,44.34573782095048,36.33570249394532,20.561475412279616,42.77581139119352,0.3037399981834165,56.947888135775045,59.54855169804455,1.5227202548656282,80.0,0.0,80.0,0.0,80.0,0.0,80.0,0.0,69.11963921223614,33.64247165077315,96.31183675821572,30.212759375007245,102.03969201890088,19.080958491191865,63.14295173940306,54.88186074992868
40.0,500.0,44.34573782095048,36.33570249394532,20.561475412279616,42.77581139119352,59.54855169804455,1.5227202548656282,0.3037399981834165,56.947888135775045,80.0,0.0,80.0,0.0,80.0,0.0,80.0,0.0,69.11963921223614,33.64247165077315,96.31183675821572,30.212759375007245,63.14295173940306,54.88186074992868,102.03969201890088,19.080958491191865
40.0,500.0,44.34573782095048,36.33570249394532,59.54855169804455,1.5227202548656282,0.3037399981834165,56.947888135775045,20.561475412279616,42.77581139119352,80.0,0.0,80.0,0.0,80.0,0.0,80.0,0.0,69.11963921223614,33.64247165077315,63.14295173940306,54.88186074992868,102.03969201890088,19.080958491191865,96.31183675821572,30.212759375007245
40.0,500.0,44.34573782095048,36.33570249394532,59.54855169804455,1.5227202548656282,20.561475412279616,42.77581139119352,0.3037399981834165,56.947888135775045,80.0,0.0,80.0,0.0,80.0,0.0,80.0,0.0,69.11963921223614,33.64247165077315,63.14295173940306,54.88186074992868,96.31183675821572,30.212759375007245,102.03969201890088,19.080958491191865
40.0,500.0,0.3037399981834165,56.947888135775045,44.34573782095048,36.33570249394532,20.561475412279616,42.77581139119352,59.54855169804455,1.5227202548656282,80.0,0.0,80.0,0.0,80.0,0.0,80.0,0.0,102.03969201890088,19.080958491191865,69.11963921223614,33.64247165077315,96.31183675821572,30.212759375007245,63.14295173940306,54.88186074992868
40.0,500.0,0.3037399981834165,56.947888135775045,44.34573782095048,36.33570249394532,59.54855169804455,1.5227202548656282,20.561475412279616,42.77581139119352,80.0,0.0,80.0,0.0,80.0,0.0,80.0,0.0,102.03969201890088,19.080958491191865,69.11963921223614,33.64247165077315,63.14295173940306,54.88186074992868,96.31183675821572,30.212759375007245
40.0,500.0,0.3037399981834165,56.947888135775045,20.561475412279616,42.77581139119352,44.34573782095048,36.33570249394532,59.54855169804455,1.5227202548656282,80.0,0.0,80.0,0.0,80.0,0.0,80.0,0.0,102.03969201890088,19.080958491191865,96.31183675821572,30.212759375007245,69.11963921223614,33.64247165077315,63.14295173940306,54.88186074992868
40.0,500.0,0.3037399981834165,56.947888135775045,20.561475412279616,42.77581139119352,59.54855169804455,1.5227202548656282,44.34573782095048,36.33570249394532,80.0,0.0,80.0,0.0,80.0,0.0,80.0,0.0,102.03969201890088,19.080958491191865,96.31183675821572,30.212759375007245,63.14295173940306,54.88186074992868,69.11963921223614,33.64247165077315
40.0,500.0,0.3037399981834165,56.947888135775045,59.54855169804455,1.5227202548656282,44.34573782095048,36.33570249394532,20.561475412279616,42.77581139119352,80.0,0.0,80.0,0.0,80.0,0.0,80.0,0.0,102.03969201890088,19.080958491191865,63.14295173940306,54.88186074992868,69.11963921223614,33.64247165077315,96.31183675821572,30.212759375007245
40.0,500.0,0.3037399981834165,56.947888135775045,59.54855169804455,1.5227202548656282,20.561475412279616,42.77581139119352,44.34573782095048,36.33570249394532,80.0,0.0,80.0,0.0,80.0,0.0,80.0,0.0,102.03969201890088,19.080958491191865,63.14295173940306,54.88186074992868,96.31183675821572,30.212759375007245,69.11963921223614,33.64247165077315
40.0,500.0,20.561475412279616,42.77581139119352,44.34573782095048,36.33570249394532,0.3037399981834165,56.947888135775045,59.54855169804455,1.5227202548656282,80.0,0.0,80.0,0.0,80.0,0.0,80.0,0.0,96.31183675821572,30.212759375007245,69.11963921223614,33.64247165077315,102.03969201890088,19.080958491191865,63.14295173940306,54.88186074992868
40.0,500.0,20.561475412279616,42.77581139119352,44.34573782095048,36.33570249394532,59.54855169804455,1.5227202548656282,0.3037399981834165,56.947888135775045,80.0,0.0,80.0,0.0,80.0,0.0,80.0,0.0,96.31183675821572,30.212759375007245,69.11963921223614,33.64247165077315,63.14295173940306,54.88186074992868,102.03969201890088,19.080958491191865
40.0,500.0,20.561475412279616,42.77581139119352,0.3037399981834165,56.947888135775045,44.34573782095048,36.33570249394532,59.54855169804455,1.5227202548656282,80.0,0.0,80.0,0.0,80.0,0.0,80.0,0.0,96.31183675821572,30.212759375007245,102.03969201890088,19.080958491191865,69.11963921223614,33.64247165077315,63.14295173940306,54.88186074992868
40.0,500.0,20.561475412279616,42.77581139119352,0.3037399981834165,56.947888135775045,59.54855169804455,1.5227202548656282,44.34573782095048,36.33570249394532,80.0,0.0,80.0,0.0,80.0,0.0,80.0,0.0,96.31183675821572,30.212759375007245,102.03969201890088,19.080958491191865,63.14295173940306,54.88186074992868,69.11963921223614,33.64247165077315
40.0,500.0,20.561475412279616,42.77581139119352,59.54855169804455,1.5227202548656282,44.34573782095048,36.33570249394532,0.3037399981834165,56.947888135775045,80.0,0.0,80.0,0.0,80.0,0.0,80.0,0.0,96.31183675821572,30.212759375007245,63.14295173940306,54.88186074992868,69.11963921223614,33.64247165077315,102.03969201890088,19.080958491191865
40.0,500.0,20.561475412279616,42.77581139119352,59.54855169804455,1.5227202548656282,0.3037399981834165,56.947888135775045,44.34573782095048,36.33570249394532,80.0,0.0,80.0,0.0,80.0,0.0,80.0,0.0,96.31183675821572,30.212759375007245,63.14295173940306,54.88186074992868,102.03969201890088,19.080958491191865,69.11963921223614,33.64247165077315
40.0,500.0,59.54855169804455,1.5227202548656282,44.34573782095048,36.33570249394532,0.3037399981834165,56.947888135775045,20.561475412279616,42.77581139119352,80.0,0.0,80.0,0.0,80.0,0.0,80.0,0.0,63.14295173940306,54.88186074992868,69.11963921223614,33.64247165077315,102.03969201890088,19.080958491191865,96.31183675821572,30.212759375007245
40.0,500.0,59.54855169804455,1.5227202548656282,44.34573782095048,36.33570249394532,20.561475412279616,42.77581139119352,0.3037399981834165,56.947888135775045,80.0,0.0,80.0,0.0,80.0,0.0,80.0,0.0,63.14295173940306,54.88186074992868,69.11963921223614,33.64247165077315,96.31183675821572,30.212759375007245,102.03969201890088,19.080958491191865
40.0,500.0,59.54855169804455,1.5227202548656282,0.3037399981834165,56.947888135775045,44.34573782095048,36.33570249394532,20.561475412279616,42.77581139119352,80.0,0.0,80.0,0.0,80.0,0.0,80.0,0.0,63.14295173940306,54.88186074992868,102.03969201890088,19.080958491191865,69.11963921223614,33.64247165077315,96.31183675821572,30.212759375007245
40.0,500.0,59.54855169804455,1.5227202548656282,0.3037399981834165,56.947888135775045,20.561475412279616,42.77581139119352,44.34573782095048,36.33570249394532,80.0,0.0,80.0,0.0,80.0,0.0,80.0,0.0,63.14295173940306,54.88186074992868,102.03969201890088,19.080958491191865,96.31183675821572,30.212759375007245,69.11963921223614,33.64247165077315
40.0,500.0,59.54855169804455,1.5227202548656282,20.561475412279616,42.77581139119352,44.34573782095048,36.33570249394532,0.3037399981834165,56.947888135775045,80.0,0.0,80.0,0.0,80.0,0.0,80.0,0.0,63.14295173940306,54.88186074992868,96.31183675821572,30.212759375007245,69.11963921223614,33.64247165077315,102.03969201890088,19.080958491191865
40.0,500.0,59.54855169804455,1.5227202548656282,20.561475412279616,42.77581139119352,0.3037399981834165,56.947888135775045,44.34573782095048,36.33570249394532,80.0,0.0,80.0,0.0,80.0,0.0,80.0,0.0,63.14295173940306,54.88186074992868,96.31183675821572,30.212759375007245,102.03969201890088,19.080958491191865,69.11963921223614,33.64247165077315
53.333333333333336,500.0,12.185706071055533,9.871360616351224,38.18921908201288,21.308982164732328,2.5780299027295883,43.858517242007046,58.72518985345108,37.79540027620673,100.0,40.0,100.0,40.0,100.0,40.0,100.0,40.0,105.4870983701237,42.7701507102508,95.23031178545357,37.39866491508085,102.74152660557768,33.8371447380889,87.49288860945316,32.99753032207517
53.333333333333336,500.0,12.185706071055533,9.871360616351224,58.72518985345108,37.79540027620673,38.18921908201288,21.308982164732328,2.5780299027295883,43.858517242007046,100.0,40.0,100.0,40.0,100.0,40.0,100.0,40.0,105.4870983701237,42.7701507102508,87.49288860945316,32.99753032207517,95.23031178545357,37.39866491508085,102.74152660557768,33.8371447380889
53.333333333333336,500.0,12.185706071055533,9.871360616351224,58.72518985345108,37.79540027620673,2.5780299027295883,43.858517242007046,38.18921908201288,21.308982164732328,100.0,40.0,100.0,40.0,100.0,40.0,100.0,40.0,105.4870983701237,42.7701507102508,87.49288860945316,32.99753032207517,102.74152660557768,33.8371447380889,95.23031178545357,37.39866491508085
53.333333333333336,500.0,12.185706071055533,9.871360616351224,2.5780299027295883,43.858517242007046,38.18921908201288,21.308982164732328,58.72518985345108,37.79540027620673,100.0,40.0,100.0,40.0,100.0,40.0,100.0,40.0,105.4870983701237,42.7701507102508,102.74152660557768,33.8371447380889,95.23031178545357,37.39866491508085,87.49288860945316,32.99753032207517
53.333333333333336,500.0,12.185706071055533,9.871360616351224,2.5780299027295883,43.858517242007046,58.72518985345108,37.79540027620673,38.18921908201288,21.308982164732328,100.0,40.0,100.0,40.0,100.0,40.0,100.0,40.0,105.4870983701237,42.7701507102508,102.74152660557768,33.8371447380889,87.49288860945316,32.99753032207517,95.23031178545357,37.39866491508085
53.333333333333336,500.0,38.18921908201288,21.308982164732328,12.185706071055533,9.871360616351224,58.72518985345108,37.79540027620673,2.5780299027295883,43.858517242007046,100.0,40.0,100.0,40.0,100.0,40.0,100.0,40.0,95.23031178545357,37.39866491508085,105.4870983701237,42.7701507102508,87.49288860945316,32.99753032207517,102.74152660557768,33.8371447380889
53.333333333333336,500.0,38.18921908201288,21.308982164732328,12.185706071055533,9.871360616351224,2.5780299027295883,43.858517242007046,58.72518985345108,37.79540027620673,100.0,40.0,100.0,40.0,100.0,40.0,100.0,40.0,95.23031178545357,37.39866491508085,105.4870983701237,42.7701507102508,102.74152660557768,33.8371447380889,87.49288860945316,32.99753032207517
53.333333333333336,500.0,38.18921908201288,21.308982164732328,58.72518985345108,37.79540027620673,12.185706071055533,9.871360616351224,2.5780299027295883,43.858517242007046,100.0,40.0,100.0,40.0,100.0,40.0,100.0,40.0,95.23031178545357,37.39866491508085,87.49288860945316,32.99753032207517,105.4870983701237,42.7701507102508,102.74152660557768,33.8371447380889
53.333333333333336,500.0,38.18921908201288,21.308982164732328,58.72518985345108,37.79540027620673,2.5780299027295883,43.858517242007046,12.185706071055533,9.871360616351224,100.0,40.0,100.0,40.0,100.0,40.0,100.0,40.0,95.23031178545357,37.39866491508085,87.49288860945316,32.99753032207517,102.74152660557768,33.8371447380889,105.4870983701237,42.7701507102508
53.333333333333336,500.0,38.18921908201288,21.308982164732328,2.5780299027295883,43.858517242007046,12.185706071055533,9.871360616351224,58.72518985345108,37.79540027620673,100.0,40.0,100.0,40.0,100.0,40.0,100.0,40.0,95.23031178545357,37.39866491508085,102.74152660557768,33.8371447380889,105.4870983701237,42.7701507102508,87.49288860945316,32.99753032207517
53.333333333333336,500.0,38.18921908201288,21.308982164732328,2.5780299027295883,43.858517242007046,58.72518985345108,37.79540027620673,12.185706071055533,9.871360616351224,100.0,40.0,100.0,40.0,100.0,40.0,100.0,40.0,95.23031178545357,37.39866491508085,102.74152660557768,33.8371447380889,87.49288860945316,32.99753032207517,105.4870983701237,42.7701507102508
53.333333333333336,500.0,58.72518985345108,37.79540027620673,12.185706071055533,9.871360616351224,38.18921908201288,21.308982164732328,2.5780299027295883,43.858517242007046,100.0,40.0,100.0,40.0,100.0,40.0,100.0,40.0,87.49288860945316,32.99753032207517,105.4870983701237,42.7701507102508,95.23031178545357,37.39866491508085,102.74152660557768,33.8371447380889
53.333333333333336,500.0,58.72518985345108,37.79540027620673,12.185706071055533,9.871360616351224,2.5780299027295883,43.858517242007046,38.18921908201288,21.308982164732328,100.0,40.0,100.0,40.0,100.0,40.0,100.0,40.0,87.49288860945316,32.99753032207517,105.4870983701237,42.7701507102508,102.74152660557768,33.8371447380889,95.23031178545357,37.39866491508085
53.333333333333336,500.0,58.72518985345108,37.79540027620673,38.18921908201288,21.308982164732328,12.185706071055533,9.871360616351224,2.5780299027295883,43.858517242007046,100.0,40.0,100.0,40.0,100.0,40.0,100.0,40.0,87.49288860945316,32.99753032207517,95.23031178545357,37.39866491508085,105.4870983701237,42.7701507102508,102.74152660557768,33.8371447380889
53.333333333333336,500.0,58.72518985345108,37.79540027620673,38.18921908201288,21.308982164732328,2.5780299027295883,43.858517242007046,12.185706071055533,9.871360616351224,100.0,40.0,100.0,40.0,100.0,40.0,100.0,40.0,87.49288860945316,32.99753032207517,95.23031178545357,37.39866491508085,102.74152660557768,33.8371447380889,105.4870983701237,42.7701507102508
53.333333333333336,500.0,58.72518985345108,37.79540027620673,2.5780299027295883,43.858517242007046,12.185706071055533,9.871360616351224,38.18921908201288,21.308982164732328,100.0,40.0,100.0,40.0,100.0,40.0,100.0,40.0,87.49288860945316,32.99753032207517,102.74152660557768,33.8371447380889,105.4870983701237,42.7701507102508,95.23031178545357,37.39866491508085
53.333333333333336,500.0,58.72518985345108,37.79540027620673,2.5780299027295883,43.858517242007046,38.18921908201288,21.308982164732328,12.185706071055533,9.871360616351224,100.0,40.0,100.0,40.0,100.0,40.0,100.0,40.0,87.49288860945316,32.99753032207517,102.74152660557768,33.8371447380889,95.23031178545357,37.39866491508085,105.4870983701237,42.7701507102508
53.333333333333336,500.0,2.5780299027295883,43.858517242007046,12.185706071055533,9.871360616351224,38.18921908201288,21.308982164732328,58.72518985345108,37.79540027620673,100.0,40.0,100.0,40.0,100.0,40.0,100.0,40.0,102.74152660557768,33.8371447380889,105.4870983701237,42.7701507102508,95.23031178545357,37.39866491508085,87.49288860945316,32.99753032207517
53.333333333333336,500.0,2.5780299027295883,43.858517242007046,12.185706071055533,9.871360616351224,58.72518985345108,37.79540027620673,38.18921908201288,21.308982164732328,100.0,40.0,100.0,40.0,100.0,40.0,100.0,40.0,102.74152660557768,33.8371447380889,105.4870983701237,42.7701507102508,87.49288860945316,32.99753032207517,95.23031178545357,37.39866491508085
53.333333333333336,500.0,2.5780299027295883,43.858517242007046,38.18921908201288,21.308982164732328,12.185706071055533,9.871360616351224,58.72518985345108,37.79540027620673,100.0,40.0,100.0,40.0,100.0,40.0,100.0,40.0,102.74152660557768,33.8371447380889,95.23031178545357,37.39866491508085,105.4870983701237,42.7701507102508,87.49288860945316,32.99753032207517
53.333333333333336,500.0,2.5780299027295883,43.858517242007046,38.18921908201288,21.308982164732328,58.72518985345108,37.79540027620673,12.185706071055533,9.871360616351224,100.0,40.0,100.0,40.0,100.0,40.0,100.0,40.0,102.74152660557768,33.8371447380889,95.23031178545357,37.39866491508085,87.49288860945316,32.99753032207517,105.4870983701237,42.7701507102508
53.333333333333336,500.0,2.5780299027295883,43.858517242007046,58.72518985345108,37.79540027620673,12.185706071055533,9.871360616351224,38.18921908201288,21.308982164732328,100.0,40.0,100.0,40.0,100.0,40.0,100.0,40.0,102.74152660557768,33.8371447380889,87.49288860945316,32.99753032207517,105.4870983701237,42.7701507102508,95.23031178545357,37.39866491508085
53.333333333333336,500.0,2.5780299027295883,43.858517242007046,58.72518985345108,37.79540027620673,38.18921908201288,21.308982164732328,12.185706071055533,9.871360616351224,100.0,40.0,100.0,40.0,100.0,40.0,100.0,40.0,102.74152660557768,33.8371447380889,87.49288860945316,32.99753032207517,95.23031178545357,37.39866491508085,105.4870983701237,42.7701507102508
53.333333333333336,500.0,35.82627493799728,53.58846969708266,43.20819699126219,7.507231169927746,12.730123982247626,51.94818559507895,11.735130422584266,27.941518173983763,100.0,20.0,100.0,59.99999999999999,80.0,20.0,80.0,40.0,86.09928968605267,36.150377586349,66.61115287764943,44.61826540730698,74.58367744625272,34.06414814478519,72.8406860774926,39.574244367316105
53.333333333333336,500.0,35.82627493799728,53.58846969708266,11.735130422584266,27.941518173983763,43.20819699126219,7.507231169927746,12.730123982247626,51.94818559507895,100.0,20.0,80.0,40.0,100.0,59.99999999999999,80.0,20.0,86.09928968605267,36.150377586349,72.8406860774926,39.574244367316105,66.61115287764943,44.61826540730698,74.58367744625272,34.06414814478519
53.333333333333336,500.0,35.82627493799728,53.58846969708266,11.735130422584266,27.941518173983763,12.730123982247626,51.94818559507895,43.20819699126219,7.507231169927746,100.0,20.0,80.0,40.0,80.0,20.0,100.0,59.99999999999999,86.09928968605267,36.150377586349,72.8406860774926,39.574244367316105,74.58367744625272,34.06414814478519,66.61115287764943,44.61826540730698
53.333333333333336,500.0,35.82627493799728,53.58846969708266,12.730123982247626,51.94818559507895,43.20819699126219,7.507231169927746,11.735130422584266,27.941518173983763,100.0,20.0,80.0,20.0,100.0,59.99999999999999,80.0,40.0,86.09928968605267,36.150377586349,74.58367744625272,34.06414814478519,66.61115287764943,44.61826540730698,72.8406860774926,39.574244367316105
53.333333333333336,500.0,35.82627493799728,53.58846969708266,12.730123982247626,51.94818559507895,11.735130422584266,27.941518173983763,43.20819699126219,7.507231169927746,100.0,20.0,80.0,20.0,80.0,40.0,100.0,59.99999999999999,86.09928968605267,36.150377586349,74.58367744625272,34.06414814478519,72.8406860774926,39.574244367316105,66.61115287764943,44.61826540730698
53.333333333333336,500.0,43.20819699126219,7.507231169927746,35.82627493799728,53.58846969708266,11.735130422584266,27.941518173983763,12.730123982247626,51.94818559507895,100.0,59.99999999999999,100.0,20.0,80.0,40.0,80.0,20.0,66.61115287764943,44.61826540730698,86.09928968605267,36.150377586349,72.8406860774926,39.574244367316105,74.58367744625272,34.06414814478519
53.333333333333336,500.0,43.20819699126219,7.507231169927746,35.82627493799728,53.58846969708266,12.730123982247626,51.94818559507895,11.735130422584266,27.941518173983763,100.0,59.99999999999999,100.0,20.0,80.0,20.0,80.0,40.0,66.61115287764943,44.61826540730698,86.09928968605267,36.150377586349,74.58367744625272,34.06414814478519,72.8406860774926,39.574244367316105
53.333333333333336,500.0,43.20819699126219,7.507231169927746,11.735130422584266,27.941518173983763,35.82627493799728,53.58846969708266,12.730123982247626,51.94818559507895,100.0,59.99999999999999,80.0,40.0,100.0,20.0,80.0,20.0,66.61115287764943,44.61826540730698,72.8406860774926,39.574244367316105,86.09928968605267,36.150377586349,74.58367744625272,34.06414814478519
53.333333333333336,500.0,43.20819699126219,7.507231169927746,11.735130422584266,27.941518173983763,12.730123982247626,51.94818559507895,35.82627493799728,53.58846969708266,100.0,59.99999999999999,80.0,40.0,80.0,20.0,100.0,20.0,66.61115287764943,44.61826540730698,72.8406860774926,39.574244367316105,74.58367744625272,34.06414814478519,86.09928968605267,36.150377586349
53.333333333333336,500.0,43.20819699126219,7.507231169927746,12.730123982247626,51.94818559507895,35.82627493799728,53.58846969708266,11.735130422584266,27.941518173983763,100.0,59.99999999999999,80.0,20.0,100.0,20.0,80.0,40.0,66.61115287764943,44.61826540730698,74.58367744625272,34.06414814478519,86.09928968605267,36.150377586349,72.8406860774926,39.574244367316105
53.333333333333336,500.0,43.20819699126219,7.507231169927746,12.730123982247626,51.94818559507895,11.735130422584266,27.941518173983763,35.82627493799728,53.58846969708266,100.0,59.99999999999999,80.0,20.0,80.0,40.0,100.0,20.0,66.61115287764943,44.61826540730698,74.58367744625272,34.06414814478519,72.8406860774926,39.574244367316105,86.09928968605267,36.150377586349
53.333333333333336,500.0,11.735130422584266,27.941518173983763,35.82627493799728,53.58846969708266,43.20819699126219,7.507231169927746,12.730123982247626,51.94818559507895,80.0,40.0,100.0,20.0,100.0,59.99999999999999,80.0,20.0,72.8406860774926,39.574244367316105,86.09928968605267,36.150377586349,66.61115287764943,44.61826540730698,74.58367744625272,34.06414814478519
53.333333333333336,500.0,11.735130422584266,27.941518173983763,35.82627493799728,53.58846969708266,12.730123982247626,51.94818559507895,43.20819699126219,7.507231169927746,80.0,40.0,100.0,20.0,80.0,20.0,100.0,59.99999999999999,72.8406860774926,39.574244367316105,86.09928968605267,36.150377586349,74.58367744625272,34.06414814478519,66.61115287764943,44.61826540730698
53.333333333333336,500.0,11.735130422584266,27.941518173983763,43.20819699126219,7.507231169927746,35.82627493799728,53.58846969708266,12.730123982247626,51.94818559507895,80.0,40.0,100.0,59.99999999999999,100.0,20.0,80.0,20.0,72.8406860774926,39.574244367316105,66.61115287764943,44.61826540730698,86.09928968605267,36.150377586349,74.58367744625272,34.06414814478519
53.333333333333336,500.0,11.735130422584266,27.941518173983763,43.20819699126219,7.507231169927746,12.730123982247626,51.94818559507895,35.82627493799728,53.58846969708266,80.0,40.0,100.0,59.99999999999999,80.0,20.0,100.0,20.0,72.8406860774926,39.574244367316105,66.61115287764943,44.61826540730698,74.58367744625272,34.06414814478519,86.09928968605267,36.150377586349
53.333333333333336,500.0,11.735130422584266,27.941518173983763,12.730123982247626,51.94818559507895,35.82627493799728,53.58846969708266,43.20819699126219,7.507231169927746,80.0,40.0,80.0,20.0,100.0,20.0,100.0,59.99999999999999,72.8406860774926,39.574244367316105,74.58367744625272,34.06414814478519,86.09928968605267,36.150377586349,66.61115287764943,44.61826540730698
53.333333333333336,500.0,11.735130422584266,27.941518173983763,12.730123982247626,51.94818559507895,43.20819699126219,7.507231169927746,35.82627493799728,53.58846969708266,80.0,40.0,80.0,20.0,100.0,59.99999999999999,100.0,20.0,72.8406860774926,39.574244367316105,74.58367744625272,34.06414814478519,66.61115287764943,44.61826540730698,86.09928968605267,36.150377586349
53.333333333333336,500.0,12.730123982247626,51.94818559507895,35.82627493799728,53.58846969708266,43.20819699126219,7.507231169927746,11.735130422584266,27.941518173983763,80.0,20.0,100.0,20.0,100.0,59.99999999999999,80.0,40.0,74.58367744625272,34.06414814478519,86.09928968605267,36.150377586349,66.61115287764943,44.61826540730698,72.8406860774926,39.574244367316105
53.333333333333336,500.0,12.730123982247626,51.94818559507895,35.82627493799728,53.58846969708266,11.735130422584266,27.941518173983763,43.20819699126219,7.507231169927746,80.0,20.0,100.0,20.0,80.0,40.0,100.0,59.99999999999999,74.58367744625272,34.06414814478519,86.09928968605267,36.150377586349,72.8406860774926,39.574244367316105,66.61115287764943,44.61826540730698
53.333333333333336,500.0,12.730123982247626,51.94818559507895,43.20819699126219,7.507231169927746,35.82627493799728,53.58846969708266,11.735130422584266,27.941518173983763,80.0,20.0,100.0,59.99999999999999,100.0,20.0,80.0,40.0,74.58367744625272,34.06414814478519,66.61115287764943,44.61826540730698,86.09928968605267,36.150377586349,72.8406860774926,39.574244367316105
53.333333333333336,500.0,12.730123982247626,51.94818559507895,43.20819699126219,7.507231169927746,11.735130422584266,27.941518173983763,35.82627493799728,53.58846969708266,80.0,20.0,100.0,59.99999999999999,80.0,40.0,100.0,20.0,74.58367744625272,34.06414814478519,66.61115287764943,44.61826540730698,72.8406860774926,39.574244367316105,86.09928968605267,36.150377586349
53.333333333333336,500.0,12.730123982247626,51.94818559507895,11.735130422584266,27.941518173983763,35.82627493799728,53.58846969708266,43.20819699126219,7.507231169927746,80.0,20.0,80.0,40.0,100.0,20.0,100.0,59.99999999999999,74.58367744625272,34.06414814478519,72.8406860774926,39.574244367316105,86.09928968605267,36.150377586349,66.61115287764943,44.61826540730698
53.333333333333336,500.0,12.730123982247626,51.94818559507895,11.735130422584266,27.941518173983763,43.20819699126219,7.507231169927746,35.82627493799728,53.58846969708266,80.0,20.0,80.0,40.0,100.0,59.99999999999999,100.0,20.0,74.58367744625272,34.06414814478519,72.8406860774926,39.574244367316105,66.61115287764943,44.61826540730698,86.09928968605267,36.150377586349
53.333333333333336,500.0,54.54792674276843,52.36671813014358,26.083593019704068,55.73514920181355,53.37758006349498,9.829793063811872,7.387638858235346,41.06335839119891,100.0,20.0,100.0,20.0,100.0,20.0,100.0,20.0,83.99104618798395,41.91052422246855,96.56492530248026,40.5225947600586,97.673413671521,57.75178413485629,106.5714066502074,49.154793236272006
53.333333333333336,500.0,54.54792674276843,52.36671813014358,7.387638858235346,41.06335839119891,26.083593019704068,55.73514920181355,53.37758006349498,9.829793063811872,100.0,20.0,100.0,20.0,100.0,20.0,100.0,20.0,83.99104618798395,41.91052422246855,106.5714066502074,49.154793236272006,96.56492530248026,40.5225947600586,97.673413671521,57.75178413485629
53.333333333333336,500.0,54.54792674276843,52.36671813014358,7.387638858235346,41.06335839119891,53.37758006349498,9.829793063811872,26.083593019704068,55.73514920181355,100.0,20.0,100.0,20.0,100.0,20.0,100.0,20.0,83.99104618798395,41.91052422246855,106.5714066502074,49.154793236272006,97.673413671521,57.75178413485629,96.56492530248026,40.5225947600586
53.333333333333336,500.0,54.54792674276843,52.36671813014358,53.37758006349498,9.829793063811872,26.083593019704068,55.73514920181355,7.387638858235346,41.06335839119891,100.0,20.0,100.0,20.0,100.0,20.0,100.0,20.0,83.99104618798395,41.91052422246855,97.673413671521,57.75178413485629,96.56492530248026,40.5225947600586,106.5714066502074,49.154793236272006
53.333333333333336,500.0,54.54792674276843,52.36671813014358,53.37758006349498,9.829793063811872,7.387638858235346,41.06335839119891,26.083593019704068,55.73514920181355,100.0,20.0,100.0,20.0,100.0,20.0,100.0,20.0,83.99104618798395,41.91052422246855,97.673413671521,57.75178413485629,106.5714066502074,49.154793236272006,96.56492530248026,40.5225947600586
53.333333333333336,500.0,26.083593019704068,55.73514920181355,54.54792674276843,52.36671813014358,7.387638858235346,41.06335839119891,53.37758006349498,9.829793063811872,100.0,20.0,100.0,20.0,100.0,20.0,100.0,20.0,96.56492530248026,40.5225947600586,83.99104618798395,41.91052422246855,106.5714066502074,49.154793236272006,97.673413671521,57.75178413485629
53.333333333333336,500.0,26.083593019704068,55.73514920181355,54.54792674276843,52.36671813014358,53.37758006349498,9.829793063811872,7.387638858235346,41.06335839119891,100.0,20.0,100.0,20.0,100.0,20.0,100.0,20.0,96.56492530248026,40.5225947600586,83.99104618798395,41.91052422246855,97.673413671521,57.75178413485629,106.5714066502074,49.154793236272006
53.333333333333336,500.0,26.083593019704068,55.73514920181355,7.387638858235346,41.06335839119891,54.54792674276843,52.36671813014358,53.37758006349498,9.829793063811872,100.0,20.0,100.0,20.0,100.0,20.0,100.0,20.0,96.56492530248026,40.5225947600586,106.5714066502074,49.154793236272006,83.99104618798395,41.91052422246855,97.673413671521,57.75178413485629
53.333333333333336,500.0,26.083593019704068,55.73514920181355,7.387638858235346,41.06335839119891,53.37758006349498,9.829793063811872,54.54792674276843,52.36671813014358,100.0,20.0,100.0,20.0,100.0,20.0,100.0,20.0,96.56492530248026,40.5225947600586,106.5714066502074,49.154793236272006,97.673413671521,57.75178413485629,83.99104618798395,41.91052422246855
53.333333333333336,500.0,26.083593019704068,55.73514920181355,53.37758006349498,9.829793063811872,54.54792674276843,52.36671813014358,7.387638858235346,41.06335839119891,100.0,20.0,100.0,20.0,100.0,20.0,100.0,20.0,96.56492530248026,40.5225947600586,97.673413671521,57.75178413485629,83.99104618798395,41.91052422246855,106.5714066502074,49.154793236272006
53.333333333333336,500.0,26.083593019704068,55.73514920181355,53.37758006349498,9.829793063811872,7.387638858235346,41.06335839119891,54.54792674276843,52.36671813014358,100.0,20.0,100.0,20.0,100.0,20.0,100.0,20.0,96.56492530248026,40.5225947600586,97.673413671521,57.75178413485629,106.5714066502074,49.154793236272006,83.99104618798395,41.91052422246855
53.333333333333336,500.0,7.387638858235346,41.06335839119891,54.54792674276843,52.36671813014358,26.083593019704068,55.73514920181355,53.37758006349498,9.829793063811872,100.0,20.0,100.0,20.0,100.0,20.0,100.0,20.0,106.5714066502074,49.154793236272006,83.99104618798395,41.91052422246855,96.56492530248026,40.5225947600586,97.673413671521,57.75178413485629
53.333333333333336,500.0,7.387638858235346,41.06335839119891,54.54792674276843,52.36671813014358,53.37758006349498,9.829793063811872,26.083593019704068,55.73514920181355,100.0,20.0,100.0,20.0,100.0,20.0,100.0,20.0,106.5714066502074,49.154793236272006,83.99104618798395,41.91052422246855,97.673413671521,57.75178413485629,96.56492530248026,40.5225947600586
53.333333333333336,500.0,7.387638858235346,41.06335839119891,26.083593019704068,55.73514920181355,54.54792674276843,52.36671813014358,53.37758006349498,9.829793063811872,100.0,20.0,100.0,20.0,100.0,20.0,100.0,20.0,106.5714066502074,49.154793236272006,96.56492530248026,40.5225947600586,83.99104618798395,41.91052422246855,97.673413671521,57.75178413485629
53.333333333333336,500.0,7.387638858235346,41.06335839119891,26.083593019704068,55.73514920181355,53.37758006349498,9.829793063811872,54.54792674276843,52.36671813014358,100.0,20.0,100.0,20.0,100.0,20.0,100.0,20.0,106.5714066502074,49.154793236272006,96.56492530248026,40.5225947600586,97.673413671521,57.75178413485629,83.99104618798395,41.91052422246855
53.333333333333336,500.0,7.387638858235346,41.06335839119891,53.37758006349498,9.829793063811872,54.54792674276843,52.36671813014358,26.083593019704068,55.73514920181355,100.0,20.0,100.0,20.0,100.0,20.0,100.0,20.0,106.5714066502074,49.154793236272006,97.673413671521,57.75178413485629,83.99104618798395,41.91052422246855,96.56492530248026,40.5225947600586
53.333333333333336,500.0,7.387638858235346,41.06335839119891,53.37758006349498,9.829793063811872,26.083593019704068,55.73514920181355,54.54792674276843,52.36671813014358,100.0,20.0,100.0,20.0,100.0,20.0,100.0,20.0,106.5714066502074,49.154793236272006,97.673413671521,57.75178413485629,96.56492530248026,40.5225947600586,83.99104618798395,41.91052422246855
53.333333333333336,500.0,53.37758006349498,9.829793063811872,54.54792674276843,52.36671813014358,26.083593019704068,55.73514920181355,7.387638858235346,41.06335839119891,100.0,20.0,100.0,20.0,100.0,20.0,100.0,20.0,97.673413671521,57.75178413485629,83.99104618798395,41.91052422246855,96.56492530248026,40.5225947600586,106.5714066502074,49.154793236272006
53.333333333333336,500.0,53.37758006349498,9.829793063811872,54.54792674276843,52.36671813014358,7.387638858235346,41.06335839119891,26.083593019704068,55.73514920181355,100.0,20.0,100.0,20.0,100.0,20.0,100.0,20.0,97.673413671521,57.75178413485629,83.99104618798395,41.91052422246855,106.5714066502074,49.154793236272006,96.56492530248026,40.5225947600586
53.333333333333336,500.0,53.37758006349498,9.829793063811872,26.083593019704068,55.73514920181355,54.54792674276843,52.36671813014358,7.387638858235346,41.06335839119891,100.0,20.0,100.0,20.0,100.0,20.0,100.0,20.0,97.673413671521,57.75178413485629,96.56492530248026,40.5225947600586,83.99104618798395,41.91052422246855,106.5714066502074,49.154793236272006
53.333333333333336,500.0,53.37758006349498,9.829793063811872,26.083593019704068,55.73514920181355,7.387638858235346,41.06335839119891,54.54792674276843,52.36671813014358,100.0,20.0,100.0,20.0,100.0,20.0,100.0,20.0,97.673413671521,57.75178413485629,96.56492530248026,40.5225947600586,106.5714066502074,49.154793236272006,83.99104618798395,41.91052422246855
53.333333333333336,500.0,53.37758006349498,9.829793063811872,7.387638858235346,41.06335839119891,54.54792674276843,52.36671813014358,26.083593019704068,55.73514920181355,100.0,20.0,100.0,20.0,100.0,20.0,100.0,20.0,97.673413671521,57.75178413485629,106.5714066502074,49.154793236272006,83.99104618798395,41.91052422246855,96.56492530248026,40.5225947600586
53.333333333333336,500.0,53.37758006349498,9.829793063811872,7.387638858235346,41.06335839119891,26.083593019704068,55.73514920181355,54.54792674276843,52.36671813014358,100.0,20.0,100.0,20.0,100.0,20.0,100.0,20.0,97.673413671521,57.75178413485629,106.5714066502074,49.154793236272006,96.56492530248026,40.5225947600586,83.99104618798395,41.91052422246855
53.333333333333336,500.0,56.55109035401546,42.16580384118928,1.3107137636651212,1.4520721328146746,25.28609564503224,25.513188285786125,28.47421354476287,46.709608125055446,120.0,0.0,120.0,0.0,120.0,0.0,120.0,0.0,94.08874092994914,28.581597398940552,107.20493019800348,38.85477378244288,84.94734186417827,33.27070277746749,96.86072164232884,28.825627835794823
53.333333333333336,500.0,56.55109035401546,42.16580384118928,28.47421354476287,46.709608125055446,1.3107137636651212,1.4520721328146746,25.28609564503224,25.513188285786125,120.0,0.0,120.0,0.0,120.0,0.0,120.0,0.0,94.08874092994914,28.581597398940552,96.86072164232884,28.825627835794823,107.20493019800348,38.85477378244288,84.94734186417827,33.27070277746749
53.333333333333336,500.0,56.55109035401546,42.16580384118928,28.47421354476287,46.709608125055446,25.28609564503224,25.513188285786125,1.3107137636651212,1.4520721328146746,120.0,0.0,120.0,0.0,120.0,0.0,120.0,0.0,94.08874092994914,28.581597398940552,96.86072164232884,28.825627835794823,84.94734186417827,33.27070277746749,107.20493019800348,38.85477378244288
53.333333333333336,500.0,56.55109035401546,42.16580384118928,25.28609564503224,25.513188285786125,1.3107137636651212,1.4520721328146746,28.47421354476287,46.709608125055446,120.0,0.0,120.0,0.0,120.0,0.0,120.0,0.0,94.08874092994914,28.581597398940552,84.94734186417827,33.27070277746749,107.20493019800348,38.85477378244288,96.86072164232884,28.825627835794823
53.333333333333336,500.0,56.55109035401546,42.16580384118928,25.28609564503224,25.513188285786125,28.47421354476287,46.709608125055446,1.3107137636651212,1.4520721328146746,120.0,0.0,120.0,0.0,120.0,0.0,120.0,0.0,94.08874092994914,28.581597398940552,84.94734186417827,33.27070277746749,96.86072164232884,28.825627835794823,107.20493019800348,38.85477378244288
53.333333333333336,500.0,1.3107137636651212,1.4520721328146746,56.55109035401546,42.16580384118928,28.47421354476287,46.709608125055446,25.28609564503224,25.513188285786125,120.0,0.0,120.0,0.0,120.0,0.0,120.0,0.0,107.20493019800348,38.85477378244288,94.08874092994914,28.581597398940552,96.86072164232884,28.825627835794823,84.94734186417827,33.27070277746749
53.333333333333336,500.0,1.3107137636651212,1.4520721328146746,56.55109035401546,42.16580384118928,25.28609564503224,25.513188285786125,28.47421354476287,46.709608125055446,120.0,0.0,120.0,0.0,120.0,0.0,120.0,0.0,107.20493019800348,38.85477378244288,94.08874092994914,28.581597398940552,84.94734186417827,33.27070277746749,96.86072164232884,28.825627835794823
53.333333333333336,500.0,1.3107137636651212,1.4520721328146746,28.47421354476287,46.709608125055446,56.55109035401546,42.16580384118928,25.28609564503224,25.513188285786125,120.0,0.0,120.0,0.0,120.0,0.0,120.0,0.0,107.20493019800348,38.85477378244288,96.86072164232884,28.825627835794823,94.08874092994914,28.581597398940552,84.94734186417827,33.27070277746749
53.333333333333336,500.0,1.3107137636651212,1.4520721328146746,28.47421354476287,46.709608125055446,25.28609564503224,25.513188285786125,56.55109035401546,42.16580384118928,120.0,0.0,120.0,0.0,120.0,0.0,120.0,0.0,107.20493019800348,38.85477378244288,96.86072164232884,28.825627835794823,84.94734186417827,33.27070277746749,94.08874092994914,28.581597398940552
53.333333333333336,500.0,1.3107137636651212,1.4520721328146746,25.28609564503224,25.513188285786125,56.55109035401546,42.16580384118928,28.47421354476287,46.709608125055446,120.0,0.0,120.0,0.0,120.0,0.0,120.0,0.0,107.20493019800348,38.85477378244288,84.94734186417827,33.27070277746749,94.08874092994914,28.581597398940552,96.86072164232884,28.825627835794823
53.333333333333336,500.0,1.3107137636651212,1.4520721328146746,25.28609564503224,25.513188285786125,28.47421354476287,46.709608125055446,56.55109035401546,42.16580384118928,120.0,0.0,120.0,0.0,120.0,0.0,120.0,0.0,107.20493019800348,38.85477378244288,84.94734186417827,33.27070277746749,96.86072164232884,28.825627835794823,94.08874092994914,28.581597398940552
53.333333333333336,500.0,28.47421354476287,46.709608125055446,56.55109035401546,42.16580384118928,1.3107137636651212,1.4520721328146746,25.28609564503224,25.513188285786125,120.0,0.0,120.0,0.0,120.0,0.0,120.0,0.0,96.86072164232884,28.825627835794823,94.08874092994914,28.581597398940552,107.20493019800348,38.85477378244288,84.94734186417827,33.27070277746749
53.333333333333336,500.0,28.47421354476287,46.709608125055446,56.55109035401546,42.16580384118928,25.28609564503224,25.513188285786125,1.3107137636651212,1.4520721328146746,120.0,0.0,120.0,0.0,120.0,0.0,120.0,0.0,96.86072164232884,28.825627835794823,94.08874092994914,28.581597398940552,84.94734186417827,33.27070277746749,107.20493019800348,38.85477378244288
53.333333333333336,500.0,28.47421354476287,46.709608125055446,1.3107137636651212,1.4520721328146746,56.55109035401546,42.16580384118928,25.28609564503224,25.513188285786125,120.0,0.0,120.0,0.0,120.0,0.0,120.0,0.0,96.86072164232884,28.825627835794823,107.20493019800348,38.85477378244288,94.08874092994914,28.581597398940552,84.94734186417827,33.27070277746749
53.333333333333336,500.0,28.47421354476287,46.709608125055446,1.3107137636651212,1.4520721328146746,25.28609564503224,25.513188285786125,56.55109035401546,42.16580384118928,120.0,0.0,120.0,0.0,120.0,0.0,120.0,0.0,96.86072164232884,28.825627835794823,107.20493019800348,38.85477378244288,84.94734186417827,33.27070277746749,94.08874092994914,28.581597398940552
53.333333333333336,500.0,28.47421354476287,46.709608125055446,25.28609564503224,25.513188285786125,56.55109035401546,42.16580384118928,1.3107137636651212,1.4520721328146746,120.0,0.0,120.0,0.0,120.0,0.0,120.0,0.0,96.86072164232884,28.825627835794823,84.94734186417827,33.27070277746749,94.08874092994914,28.581597398940552,107.20493019800348,38.85477378244288
53.333333333333336,500.0,28.47421354476287,46.709608125055446,25.28609564503224,25.513188285786125,1.3107137636651212,1.4520721328146746,56.55109035401546,42.16580384118928,120.0,0.0,120.0,0.0,120.0,0.0,120.0,0.0,96.86072164232884,28.825627835794823,84.94734186417827,33.27070277746749,107.20493019800348,38.85477378244288,94.08874092994914,28.581597398940552
53.333333333333336,500.0,25.28609564503224,25.513188285786125,56.55109035401546,42.16580384118928,1.3107137636651212,1.4520721328146746,28.47421354476287,46.709608125055446,120.0,0.0,120.0,0.0,120.0,0.0,120.0,0.0,84.94734186417827,33.27070277746749,94.08874092994914,28.581597398940552,107.20493019800348,38.85477378244288,96.86072164232884,28.825627835794823
53.333333333333336,500.0,25.28609564503224,25.513188285786125,56.55109035401546,42.16580384118928,28.47421354476287,46.709608125055446,1.3107137636651212,1.4520721328146746,120.0,0.0,120.0,0.0,120.0,0.0,120.0,0.0,84.94734186417827,33.27070277746749,94.08874092994914,28.581597398940552,96.86072164232884,28.825627835794823,107.20493019800348,38.85477378244288
53.333333333333336,500.0,25.28609564503224,25.513188285786125,1.3107137636651212,1.4520721328146746,56.55109035401546,42.16580384118928,28.47421354476287,46.709608125055446,120.0,0.0,120.0,0.0,120.0,0.0,120.0,0.0,84.94734186417827,33.27070277746749,107.20493019800348,38.85477378244288,94.08874092994914,28.581597398940552,96.86072164232884,28.825627835794823
53.333333333333336,500.0,25.28609564503224,25.513188285786125,1.3107137636651212,1.4520721328146746,28.47421354476287,46.709608125055446,56.55109035401546,42.16580384118928,120.0,0.0,120.0,0.0,120.0,0.0,120.0,0.0,84.94734186417827,33.27070277746749,107.20493019800348,38.85477378244288,96.86072164232884,28.825627835794823,94.08874092994914,28.581597398940552
53.333333333333336,500.0,25.28609564503224,25.513188285786125,28.47421354476287,46.709608125055446,56.55109035401546,42.16580384118928,1.3107137636651212,1.4520721328146746,120.0,0.0,120.0,0.0,120.0,0.0,120.0,0.0,84.94734186417827,33.27070277746749,96.86072164232884,28.825627835794823,94.08874092994914,28.581597398940552,107.20493019800348,38.85477378244288
53.333333333333336,500.0,25.28609564503224,25.513188285786125,28.47421354476287,46.709608125055446,1.3107137636651212,1.4520721328146746,56.55109035401546,42.16580384118928,120.0,0.0,120.0,0.0,120.0,0.0,120.0,0.0,84.94734186417827,33.27070277746749,96.86072164232884,28.825627835794823,107.20493019800348,38.85477378244288,94.08874092994914,28.581597398940552
53.333333333333336,500.0,26.29761949961138,10.622057669513667,8.159263100887744,35.044372623225776,51.436652017042434,17.332232140959412,56.50747002159251,44.56407627355854,100.0,60.0,120.0,40.0,100.0,60.0,80.0,40.0,73.45161389953289,41.67529388823693,78.0704323488572,35.80535494562437,63.83478743166416,39.11666349932587,72.90451757787163,31.55501120296068
53.333333333333336,500.0,26.29761949961138,10.622057669513667,56.50747002159251,44.56407627355854,8.159263100887744,35.044372623225776,51.436652017042434,17.332232140959412,100.0,60.0,80.0,40.0,120.0,40.0,100.0,60.0,73.45161389953289,41.67529388823693,72.90451757787163,31.55501120296068,78.0704323488572,35.80535494562437,63.83478743166416,39.11666349932587
53.333333333333336,500.0,26.29761949961138,10.622057669513667,56.50747002159251,44.56407627355854,51.436652017042434,17.332232140959412,8.159263100887744,35.044372623225776,100.0,60.0,80.0,40.0,100.0,60.0,120.0,40.0,73.45161389953289,41.67529388823693,72.90451757787163,31.55501120296068,63.83478743166416,39.11666349932587,78.0704323488572,35.80535494562437
53.333333333333336,500.0,26.29761949961138,10.622057669513667,51.436652017042434,17.332232140959412,8.159263100887744,35.044372623225776,56.50747002159251,44.56407627355854,100.0,60.0,100.0,60.0,120.0,40.0,80.0,40.0,73.45161389953289,41.67529388823693,63.83478743166416,39.11666349932587,78.0704323488572,35.80535494562437,72.90451757787163,31.55501120296068
53.333333333333336,500.0,26.29761949961138,10.622057669513667,51.436652017042434,17.332232140959412,56.50747002159251,44.56407627355854,8.159263100887744,35.044372623225776,100.0,60.0,100.0,60.0,80.0,40.0,120.0,40.0,73.45161389953289,41.67529388823693,63.83478743166416,39.11666349932587,72.90451757787163,31.55501120296068,78.0704323488572,35.80535494562437
53.333333333333336,500.0,8.159263100887744,35.044372623225776,26.29761949961138,10.622057669513667,56.50747002159251,44.56407627355854,51.436652017042434,17.332232140959412,120.0,40.0,100.0,60.0,80.0,40.0,100.0,60.0,78.0704323488572,35.80535494562437,73.45161389953289,41.67529388823693,72.90451757787163,31.55501120296068,63.83478743166416,39.11666349932587
53.333333333333336,500.0,8.159263100887744,35.044372623225776,26.29761949961138,10.622057669513667,51.436652017042434,17.332232140959412,56.50747002159251,44.56407627355854,120.0,40.0,100.0,60.0,100.0,60.0,80.0,40.0,78.0704323488572,35.80535494562437,73.45161389953289,41.67529388823693,63.83478743166416,39.11666349932587,72.90451757787163,31.55501120296068
53.333333333333336,500.0,8.159263100887744,35.044372623225776,56.50747002159251,44.56407627355854,26.29761949961138,10.622057669513667,51.436652017042434,17.332232140959412,120.0,40.0,80.0,40.0,100.0,60.0,100.0,60.0,78.0704323488572,35.80535494562437,72.90451757787163,31.55501120296068,73.45161389953289,41.67529388823693,63.83478743166416,39.11666349932587
53.333333333333336,500.0,8.159263100887744,35.044372623225776,56.50747002159251,44.56407627355854,51.436652017042434,17.332232140959412,26.29761949961138,10.622057669513667,120.0,40.0,80.0,40.0,100.0,60.0,100.0,60.0,78.0704323488572,35.80535494562437,72.90451757787163,31.55501120296068,63.83478743166416,39.11666349932587,73.45161389953289,41.67529388823693
53.333333333333336,500.0,8.159263100887744,35.044372623225776,51.436652017042434,17.332232140959412,26.29761949961138,10.622057669513667,56.50747002159251,44.56407627355854,120.0,40.0,100.0,60.0,100.0,60.0,80.0,40.0,78.0704323488572,35.80535494562437,63.83478743166416,39.11666349932587,73.45161389953289,41.67529388823693,72.90451757787163,31.55501120296068
53.333333333333336,500.0,8.159263100887744,35.044372623225776,51.436652017042434,17.332232140959412,56.50747002159251,44.56407627355854,26.29761949961138,10.622057669513667,120.0,40.0,100.0,60.0,80.0,40.0,100.0,60.0,78.0704323488572,35.80535494562437,63.83478743166416,39.11666349932587,72.90451757787163,31.55501120296068,73.45161389953289,41.67529388823693
53.333333333333336,500.0,56.50747002159251,44.56407627355854,26.29761949961138,10.622057669513667,8.159263100887744,35.044372623225776,51.436652017042434,17.332232140959412,80.0,40.0,100.0,60.0,120.0,40.0,100.0,60.0,72.90451757787163,31.55501120296068,73.45161389953289,41.67529388823693,78.0704323488572,35.80535494562437,63.83478743166416,39.11666349932587
53.333333333333336,500.0,56.50747002159251,44.56407627355854,26.29761949961138,10.622057669513667,51.436652017042434,17.332232140959412,8.159263100887744,35.044372623225776,80.0,40.0,100.0,60.0,100.0,60.0,120.0,40.0,72.90451757787163,31.55501120296068,73.45161389953289,41.67529388823693,63.83478743166416,39.11666349932587,78.0704323488572,35.80535494562437
53.333333333333336,500.0,56.50747002159251,44.56407627355854,8.159263100887744,35.044372623225776,26.29761949961138,10.622057669513667,51.436652017042434,17.332232140959412,80.0,40.0,120.0,40.0,100.0,60.0,100.0,60.0,72.90451757787163,31.55501120296068,78.0704323488572,35.80535494562437,73.45161389953289,41.67529388823693,63.83478743166416,39.11666349932587
53.333333333333336,500.0,56.50747002159251,44.56407627355854,8.159263100887744,35.044372623225776,51.436652017042434,17.332232140959412,26.29761949961138,10.622057669513667,80.0,40.0,120.0,40.0,100.0,60.0,100.0,60.0,72.90451757787163,31.55501120296068,78.0704323488572,35.80535494562437,63.83478743166416,39.11666349932587,73.45161389953289,41.67529388823693
53.333333333333336,500.0,56.50747002159251,44.56407627355854,51.436652017042434,17.332232140959412,26.29761949961138,10.622057669513667,8.159263100887744,35.044372623225776,80.0,40.0,100.0,60.0,100.0,60.0,120.0,40.0,72.90451757787163,31.55501120296068,63.83478743166416,39.11666349932587,73.45161389953289,41.67529388823693,78.0704323488572,35.80535494562437
53.333333333333336,500.0,56.50747002159251,44.56407627355854,51.436652017042434,17.332232140959412,8.159263100887744,35.044372623225776,26.29761949961138,10.622057669513667,80.0,40.0,100.0,60.0,120.0,40.0,100.0,60.0,72.90451757787163,31.55501120296068,63.83478743166416,39.11666349932587,78.0704323488572,35.80535494562437,73.45161389953289,41.67529388823693
53.333333333333336,500.0,51.436652017042434,17.332232140959412,26.29761949961138,10.622057669513667,8.159263100887744,35.044372623225776,56.50747002159251,44.56407627355854,100.0,60.0,100.0,60.0,120.0,40.0,80.0,40.0,63.83478743166416,39.11666349932587,73.45161389953289,41.67529388823693,78.0704323488572,35.80535494562437,72.90451757787163,31.55501120296068
53.333333333333336,500.0,51.436652017042434,17.332232140959412,26.29761949961138,10.622057669513667,56.50747002159251,44.56407627355854,8.159263100887744,35.044372623225776,100.0,60.0,100.0,60.0,80.0,40.0,120.0,40.0,63.83478743166416,39.11666349932587,73.45161389953289,41.67529388823693,72.90451757787163,31.55501120296068,78.0704323488572,35.80535494562437
53.333333333333336,500.0,51.436652017042434,17.332232140959412,8.159263100887744,35.044372623225776,26.29761949961138,10.622057669513667,56.50747002159251,44.56407627355854,100.0,60.0,120.0,40.0,100.0,60.0,80.0,40.0,63.83478743166416,39.11666349932587,78.0704323488572,35.80535494562437,73.45161389953289,41.67529388823693,72.90451757787163,31.55501120296068
53.333333333333336,500.0,51.436652017042434,17.332232140959412,8.159263100887744,35.044372623225776,56.50747002159251,44.56407627355854,26.29761949961138,10.622057669513667,100.0,60.0,120.0,40.0,80.0,40.0,100.0,60.0,63.83478743166416,39.11666349932587,78.0704323488572,35.80535494562437,72.90451757787163,31.55501120296068,73.45161389953289,41.67529388823693
53.333333333333336,500.0,51.436652017042434,17.332232140959412,56.50747002159251,44.56407627355854,26.29761949961138,10.622057669513667,8.159263100887744,35.044372623225776,100.0,60.0,80.0,40.0,100.0,60.0,120.0,40.0,63.83478743166416,39.11666349932587,72.90451757787163,31.55501120296068,73.45161389953289,41.67529388823693,78.0704323488572,35.80535494562437
53.333333333333336,500.0,51.436652017042434,17.332232140959412,56.50747002159251,44.56407627355854,8.159263100887744,35.044372623225776,26.29761949961138,10.622057669513667,100.0,60.0,80.0,40.0,120.0,40.0,100.0,60.0,63.83478743166416,39.11666349932587,72.90451757787163,31.55501120296068,78.0704323488572,35.80535494562437,73.45161389953289,41.67529388823693
53.333333333333336,500.0,25.588670881418164,38.09203944321389,3.4764116466160577,46.7646209904263,19.04502096122945,3.7262675310507687,51.89543429029944,57.23531273787504,80.0,40.0,80.0,40.0,80.0,40.0,80.0,40.0,90.41466675243136,13.341099117566372,87.53800935086431,13.113639533290446,80.6309663203516,20.29679464192339,79.29783484847799,7.815829851720004
53.333333333333336,500.0,25.588670881418164,38.09203944321389,51.89543429029944,57.23531273787504,3.4764116466160577,46.7646209904263,19.04502096122945,3.7262675310507687,80.0,40.0,80.0,40.0,80.0,40.0,80.0,40.0,90.41466675243136,13.341099117566372,79.29783484847799,7.815829851720004,87.53800935086431,13.113639533290446,80.6309663203516,20.29679464192339
53.333333333333336,500.0,25.588670881418164,38.09203944321389,51.89543429029944,57.23531273787504,19.04502096122945,3.7262675310507687,3.4764116466160577,46.7646209904263,80.0,40.0,80.0,40.0,80.0,40.0,80.0,40.0,90.41466675243136,13.341099117566372,79.29783484847799,7.815829851720004,80.6309663203516,20.29679464192339,87.53800935086431,13.113639533290446
53.333333333333336,500.0,25.588670881418164,38.09203944321389,19.04502096122945,3.7262675310507687,3.4764116466160577,46.7646209904263,51.89543429029944,57.23531273787504,80.0,40.0,80.0,40.0,80.0,40.0,80.0,40.0,90.41466675243136,13.341099117566372,80.6309663203516,20.29679464192339,87.53800935086431,13.113639533290446,79.29783484847799,7.815829851720004
53.333333333333336,500.0,25.588670881418164,38.09203944321389,19.04502096122945,3.7262675310507687,51.89543429029944,57.23531273787504,3.4764116466160577,46.7646209904263,80.0,40.0,80.0,40.0,80.0,40.0,80.0,40.0,90.41466675243136,13.341099117566372,80.6309663203516,20.29679464192339,79.29783484847799,7.815829851720004,87.53800935086431,13.113639533290446
53.333333333333336,500.0,3.4764116466160577,46.7646209904263,25.588670881418164,38.09203944321389,51.89543429029944,57.23531273787504,19.04502096122945,3.7262675310507687,80.0,40.0,80.0,40.0,80.0,40.0,80.0,40.0,87.53800935086431,13.113639533290446,90.41466675243136,13.341099117566372,79.29783484847799,7.815829851720004,80.6309663203516,20.29679464192339
53.333333333333336,500.0,3.4764116466160577,46.7646209904263,25.588670881418164,38.09203944321389,19.04502096122945,3.7262675310507687,51.89543429029944,57.23531273787504,80.0,40.0,80.0,40.0,80.0,40.0,80.0,40.0,87.53800935086431,13.113639533290446,90.41466675243136,13.341099117566372,80.6309663203516,20.29679464192339,79.29783484847799,7.815829851720004
53.333333333333336,500.0,3.4764116466160577,46.7646209904263,51.89543429029944,57.23531273787504,25.588670881418164,38.09203944321389,19.04502096122945,3.7262675310507687,80.0,40.0,80.0,40.0,80.0,40.0,80.0,40.0,87.53800935086431,13.113639533290446,79.29783484847799,7.815829851720004,90.41466675243136,13.341099117566372,80.6309663203516,20.29679464192339
53.333333333333336,500.0,3.4764116466160577,46.7646209904263,51.89543429029944,57.23531273787504,19.04502096122945,3.7262675310507687,25.588670881418164,38.09203944321389,80.0,40.0,80.0,40.0,80.0,40.0,80.0,40.0,87.53800935086431,13.113639533290446,79.29783484847799,7.815829851720004,80.6309663203516,20.29679464192339,90.41466675243136,13.341099117566372
53.333333333333336,500.0,3.4764116466160577,46.7646209904263,19.04502096122945,3.7262675310507687,25.588670881418164,38.09203944321389,51.89543429029944,57.23531273787504,80.0,40.0,80.0,40.0,80.0,40.0,80.0,40.0,87.53800935086431,13.113639533290446,80.6309663203516,20.29679464192339,90.41466675243136,13.341099117566372,79.29783484847799,7.815829851720004
53.333333333333336,500.0,3.4764116466160577,46.7646209904263,19.04502096122945,3.7262675310507687,51.89543429029944,57.23531273787504,25.588670881418164,38.09203944321389,80.0,40.0,80.0,40.0,80.0,40.0,80.0,40.0,87.53800935086431,13.113639533290446,80.6309663203516,20.29679464192339,79.29783484847799,7.815829851720004,90.41466675243136,13.341099117566372
53.333333333333336,500.0,51.89543429029944,57.23531273787504,25.588670881418164,38.09203944321389,3.4764116466160577,46.7646209904263,19.04502096122945,3.7262675310507687,80.0,40.0,80.0,40.0,80.0,40.0,80.0,40.0,79.29783484847799,7.815829851720004,90.41466675243136,13.341099117566372,87.53800935086431,13.113639533290446,80.6309663203516,20.29679464192339
53.333333333333336,500.0,51.89543429029944,57.23531273787504,25.588670881418164,38.09203944321389,19.04502096122945,3.7262675310507687,3.4764116466160577,46.7646209904263,80.0,40.0,80.0,40.0,80.0,40.0,80.0,40.0,79.29783484847799,7.815829851720004,90.41466675243136,13.341099117566372,80.6309663203516,20.29679464192339,87.53800935086431,13.113639533290446
53.333333333333336,500.0,51.89543429029944,57.23531273787504,3.4764116466160577,46.7646209904263,25.588670881418164,38.09203944321389,19.04502096122945,3.7262675310507687,80.0,40.0,80.0,40.0,80.0,40.0,80.0,40.0,79.29783484847799,7.815829851720004,87.53800935086431,13.113639533290446,90.41466675243136,13.341099117566372,80.6309663203516,20.29679464192339
53.333333333333336,500.0,51.89543429029944,57.23531273787504,3.4764116466160577,46.7646209904263,19.04502096122945,3.7262675310507687,25.588670881418164,38.09203944321389,80.0,40.0,80.0,40.0,80.0,40.0,80.0,40.0,79.29783484847799,7.815829851720004,87.53800935086431,13.113639533290446,80.6309663203516,20.29679464192339,90.41466675243136,13.341099117566372
53.333333333333336,500.0,51.89543429029944,57.23531273787504,19.04502096122945,3.7262675310507687,25.588670881418164,38.09203944321389,3.4764116466160577,46.7646209904263,80.0,40.0,80.0,40.0,80.0,40.0,80.0,40.0,79.29783484847799,7.815829851720004,80.6309663203516,20.29679464192339,90.41466675243136,13.341099117566372,87.53800935086431,13.113639533290446
53.333333333333336,500.0,51.89543429029944,57.23531273787504,19.04502096122945,3.7262675310507687,3.4764116466160577,46.7646209904263,25.588670881418164,38.09203944321389,80.0,40.0,80.0,40.0,80.0,40.0,80.0,40.0,79.29783484847799,7.815829851720004,80.6309663203516,20.29679464192339,87.53800935086431,13.113639533290446,90.41466675243136,13.341099117566372
53.333333333333336,500.0,19.04502096122945,3.7262675310507687,25.588670881418164,38.09203944321389,3.4764116466160577,46.7646209904263,51.89543429029944,57.23531273787504,80.0,40.0,80.0,40.0,80.0,40.0,80.0,40.0,80.6309663203516,20.29679464192339,90.41466675243136,13.341099117566372,87.53800935086431,13.113639533290446,79.29783484847799,7.815829851720004
53.333333333333336,500.0,19.04502096122945,3.7262675310507687,25.588670881418164,38.09203944321389,51.89543429029944,57.23531273787504,3.4764116466160577,46.7646209904263,80.0,40.0,80.0,40.0,80.0,40.0,80.0,40.0,80.6309663203516,20.29679464192339,90.41466675243136,13.341099117566372,79.29783484847799,7.815829851720004,87.53800935086431,13.113639533290446
53.333333333333336,500.0,19.04502096122945,3.7262675310507687,3.4764116466160577,46.7646209904263,25.588670881418164,38.09203944321389,51.89543429029944,57.23531273787504,80.0,40.0,80.0,40.0,80.0,40.0,80.0,40.0,80.6309663203516,20.29679464192339,87.53800935086431,13.113639533290446,90.41466675243136,13.341099117566372,79.29783484847799,7.815829851720004
53.333333333333336,500.0,19.04502096122945,3.7262675310507687,3.4764116466160577,46.7646209904263,51.89543429029944,57.23531273787504,25.588670881418164,38.09203944321389,80.0,40.0,80.0,40.0,80.0,40.0,80.0,40.0,80.6309663203516,20.29679464192339,87.53800935086431,13.113639533290446,79.29783484847799,7.815829851720004,90.41466675243136,13.341099117566372
53.333333333333336,500.0,19.04502096122945,3.7262675310507687,51.89543429029944,57.23531273787504,25.588670881418164,38.09203944321389,3.4764116466160577,46.7646209904263,80.0,40.0,80.0,40.0,80.0,40.0,80.0,40.0,80.6309663203516,20.29679464192339,79.29783484847799,7.815829851720004,90.41466675243136,13.341099117566372,87.53800935086431,13.113639533290446
53.333333333333336,500.0,19.04502096122945,3.7262675310507687,51.89543429029944,57.23531273787504,3.4764116466160577,46.7646209904263,25.588670881418164,38.09203944321389,80.0,40.0,80.0,40.0,80.0,40.0,80.0,40.0,80.6309663203516,20.29679464192339,79.29783484847799,7.815829851720004,87.53800935086431,13.113639533290446,90.41466675243136,13.341099117566372
53.333333333333336,500.0,1.2944118027610885,40.88481364879613,50.35445727302164,6.084072657683919,26.24652777410228,16.961404311282003,37.37126712945376,39.609436053519474,120.00000000000001,40.0,120.00000000000001,40.0,120.00000000000001,40.0,120.00000000000001,40.0,111.12993019049205,23.32956945307556,72.14006628189162,48.95769041382327,103.22174584938377,39.62284982715425,98.64666847973557,25.25677499023657
53.333333333333336,500.0,1.2944118027610885,40.88481364879613,37.37126712945376,39.609436053519474,50.35445727302164,6.084072657683919,26.24652777410228,16.961404311282003,120.00000000000001,40.0,120.00000000000001,40.0,120.00000000000001,40.0,120.00000000000001,40.0,111.12993019049205,23.32956945307556,98.64666847973557,25.25677499023657,72.14006628189162,48.95769041382327,103.22174584938377,39.62284982715425
53.333333333333336,500.0,1.2944118027610885,40.88481364879613,37.37126712945376,39.609436053519474,26.24652777410228,16.961404311282003,50.35445727302164,6.084072657683919,120.00000000000001,40.0,120.00000000000001,40.0,120.00000000000001,40.0,120.00000000000001,40.0,111.12993019049205,23.32956945307556,98.64666847973557,25.25677499023657,103.22174584938377,39.62284982715425,72.14006628189162,48.95769041382327
53.333333333333336,500.0,1.2944118027610885,40.88481364879613,26.24652777410228,16.961404311282003,50.35445727302164,6.084072657683919,37.37126712945376,39.609436053519474,120.00000000000001,40.0,120.00000000000001,40.0,120.00000000000001,40.0,120.00000000000001,40.0,111.12993019049205,23.32956945307556,103.22174584938377,39.62284982715425,72.14006628189162,48.95769041382327,98.64666847973557,25.25677499023657
53.333333333333336,500.0,1.2944118027610885,40.88481364879613,26.24652777410228,16.961404311282003,37.37126712945376,39.609436053519474,50.35445727302164,6.084072657683919,120.00000000000001,40.0,120.00000000000001,40.0,120.00000000000001,40.0,120.00000000000001,40.0,111.12993019049205,23.32956945307556,103.22174584938377,39.62284982715425,98.64666847973557,25.25677499023657,72.14006628189162,48.95769041382327
53.333333333333336,500.0,50.35445727302164,6.084072657683919,1.2944118027610885,40.88481364879613,37.37126712945376,39.609436053519474,26.24652777410228,16.961404311282003,120.00000000000001,40.0,120.00000000000001,40.0,120.00000000000001,40.0,120.00000000000001,40.0,72.14006628189162,48.95769041382327,111.12993019049205,23.32956945307556,98.64666847973557,25.25677499023657,103.22174584938377,39.62284982715425
53.333333333333336,500.0,50.35445727302164,6.084072657683919,1.2944118027610885,40.88481364879613,26.24652777410228,16.961404311282003,37.37126712945376,39.609436053519474,120.00000000000001,40.0,120.00000000000001,40.0,120.00000000000001,40.0,120.00000000000001,40.0,72.14006628189162,48.95769041382327,111.12993019049205,23.32956945307556,103.22174584938377,39.62284982715425,98.64666847973557,25.25677499023657
53.333333333333336,500.0,50.35445727302164,6.084072657683919,37.37126712945376,39.609436053519474,1.2944118027610885,40.88481364879613,26.24652777410228,16.961404311282003,120.00000000000001,40.0,120.00000000000001,40.0,120.00000000000001,40.0,120.00000000000001,40.0,72.14006628189162,48.95769041382327,98.64666847973557,25.25677499023657,111.12993019049205,23.32956945307556,103.22174584938377,39.62284982715425
53.333333333333336,500.0,50.35445727302164,6.084072657683919,37.37126712945376,39.609436053519474,26.24652777410228,16.961404311282003,1.2944118027610885,40.88481364879613,120.00000000000001,40.0,120.00000000000001,40.0,120.00000000000001,40.0,120.00000000000001,40.0,72.14006628189162,48.95769041382327,98.64666847973557,25.25677499023657,103.22174584938377,39.62284982715425,111.12993019049205,23.32956945307556
53.333333333333336,500.0,50.35445727302164,6.084072657683919,26.24652777410228,16.961404311282003,1.2944118027610885,40.88481364879613,37.37126712945376,39.609436053519474,120.00000000000001,40.0,120.00000000000001,40.0,120.00000000000001,40.0,120.00000000000001,40.0,72.14006628189162,48.95769041382327,103.22174584938377,39.62284982715425,111.12993019049205,23.32956945307556,98.64666847973557,25.25677499023657
53.333333333333336,500.0,50.35445727302164,6.084072657683919,26.24652777410228,16.961404311282003,37.37126712945376,39.609436053519474,1.2944118027610885,40.88481364879613,120.00000000000001,40.0,120.00000000000001,40.0,120.00000000000001,40.0,120.00000000000001,40.0,72.14006628189162,48.95769041382327,103.22174584938377,39.62284982715425,98.64666847973557,25.25677499023657,111.12993019049205,23.32956945307556
53.333333333333336,500.0,37.37126712945376,39.609436053519474,1.2944118027610885,40.88481364879613,50.35445727302164,6.084072657683919,26.24652777410228,16.961404311282003,120.00000000000001,40.0,120.00000000000001,40.0,120.00000000000001,40.0,120.00000000000001,40.0,98.64666847973557,25.25677499023657,111.12993019049205,23.32956945307556,72.14006628189162,48.95769041382327,103.22174584938377,39.62284982715425
53.333333333333336,500.0,37.37126712945376,39.609436053519474,1.2944118027610885,40.88481364879613,26.24652777410228,16.961404311282003,50.35445727302164,6.084072657683919,120.00000000000001,40.0,120.00000000000001,40.0,120.00000000000001,40.0,120.00000000000001,40.0,98.64666847973557,25.25677499023657,111.12993019049205,23.32956945307556,103.22174584938377,39.62284982715425,72.14006628189162,48.95769041382327
53.333333333333336,500.0,37.37126712945376,39.609436053519474,50.35445727302164,6.084072657683919,1.2944118027610885,40.88481364879613,26.24652777410228,16.961404311282003,120.00000000000001,40.0,120.00000000000001,40.0,120.00000000000001,40.0,120.00000000000001,40.0,98.64666847973557,25.25677499023657,72.14006628189162,48.95769041382327,111.12993019049205,23.32956945307556,103.22174584938377,39.62284982715425
53.333333333333336,500.0,37.37126712945376,39.609436053519474,50.35445727302164,6.084072657683919,26.24652777410228,16.961404311282003,1.2944118027610885,40.88481364879613,120.00000000000001,40.0,120.00000000000001,40.0,120.00000000000001,40.0,120.00000000000001,40.0,98.64666847973557,25.25677499023657,72.14006628189162,48.95769041382327,103.22174584938377,39.62284982715425,111.12993019049205,23.32956945307556
53.333333333333336,500.0,37.37126712945376,39.609436053519474,26.24652777410228,16.961404311282003,1.2944118027610885,40.88481364879613,50.35445727302164,6.084072657683919,120.00000000000001,40.0,120.00000000000001,40.0,120.00000000000001,40.0,120.00000000000001,40.0,98.64666847973557,25.25677499023657,103.22174584938377,39.62284982715425,111.12993019049205,23.32956945307556,72.14006628189162,48.95769041382327
53.333333333333336,500.0,37.37126712945376,39.609436053519474,26.24652777410228,16.961404311282003,50.35445727302164,6.084072657683919,1.2944118027610885,40.88481364879613,120.00000000000001,40.0,120.00000000000001,40.0,120.00000000000001,40.0,120.00000000000001,40.0,98.64666847973557,25.25677499023657,103.22174584938377,39.62284982715425,72.14006628189162,48.95769041382327,111.12993019049205,23.32956945307556
53.333333333333336,500.0,26.24652777410228,16.961404311282003,1.2944118027610885,40.88481364879613,50.35445727302164,6.084072657683919,37.37126712945376,39.609436053519474,120.00000000000001,40.0,120.00000000000001,40.0,120.00000000000001,40.0,120.00000000000001,40.0,103.22174584938377,39.62284982715425,111.12993019049205,23.32956945307556,72.14006628189162,48.95769041382327,98.64666847973557,25.25677499023657
53.333333333333336,500.0,26.24652777410228,16.961404311282003,1.2944118027610885,40.88481364879613,37.37126712945376,39.609436053519474,50.35445727302164,6.084072657683919,120.00000000000001,40.0,120.00000000000001,40.0,120.00000000000001,40.0,120.00000000000001,40.0,103.22174584938377,39.62284982715425,111.12993019049205,23.32956945307556,98.64666847973557,25.25677499023657,72.14006628189162,48.95769041382327
53.333333333333336,500.0,26.24652777410228,16.961404311282003,50.35445727302164,6.084072657683919,1.2944118027610885,40.88481364879613,37.37126712945376,39.609436053519474,120.00000000000001,40.0,120.00000000000001,40.0,120.00000000000001,40.0,120.00000000000001,40.0,103.22174584938377,39.62284982715425,72.14006628189162,48.95769041382327,111.12993019049205,23.32956945307556,98.64666847973557,25.25677499023657
53.333333333333336,500.0,26.24652777410228,16.961404311282003,50.35445727302164,6.084072657683919,37.37126712945376,39.609436053519474,1.2944118027610885,40.88481364879613,120.00000000000001,40.0,120.00000000000001,40.0,120.00000000000001,40.0,120.00000000000001,40.0,103.22174584938377,39.62284982715425,72.14006628189162,48.95769041382327,98.64666847973557,25.25677499023657,111.12993019049205,23.32956945307556
53.333333333333336,500.0,26.24652777410228,16.961404311282003,37.37126712945376,39.609436053519474,1.2944118027610885,40.88481364879613,50.35445727302164,6.084072657683919,120.00000000000001,40.0,120.00000000000001,40.0,120.00000000000001,40.0,120.00000000000001,40.0,103.22174584938377,39.62284982715425,98.64666847973557,25.25677499023657,111.12993019049205,23.32956945307556,72.14006628189162,48.95769041382327
53.333333333333336,500.0,26.24652777410228,16.961404311282003,37.37126712945376,39.609436053519474,50.35445727302164,6.084072657683919,1.2944118027610885,40.88481364879613,120.00000000000001,40.0,120.00000000000001,40.0,120.00000000000001,40.0,120.00000000000001,40.0,103.22174584938377,39.62284982715425,98.64666847973557,25.25677499023657,72.14006628189162,48.95769041382327,111.12993019049205,23.32956945307556
53.333333333333336,500.0,4.986313481924669,28.443465478277947,39.262306054545846,45.08312330904238,58.59750221033434,55.27925142276624,32.20875713361245,6.580401820989456,60.00000000000001,60.00000000000001,60.00000000000001,60.00000000000001,60.00000000000001,60.00000000000001,60.00000000000001,60.00000000000001,81.87719158099708,23.573307852940868,69.63017739091539,13.501221049532212,62.54227887006583,6.777472552607996,65.5451619919458,38.337873453544525
53.333333333333336,500.0,4.986313481924669,28.443465478277947,32.20875713361245,6.580401820989456,39.262306054545846,45.08312330904238,58.59750221033434,55.27925142276624,60.00000000000001,60.00000000000001,60.00000000000001,60.00000000000001,60.00000000000001,60.00000000000001,60.00000000000001,60.00000000000001,81.87719158099708,23.573307852940868,65.5451619919458,38.337873453544525,69.63017739091539,13.501221049532212,62.54227887006583,6.777472552607996
53.333333333333336,500.0,4.986313481924669,28.443465478277947,32.20875713361245,6.580401820989456,58.59750221033434,55.27925142276624,39.262306054545846,45.08312330904238,60.00000000000001,60.00000000000001,60.00000000000001,60.00000000000001,60.00000000000001,60.00000000000001,60.00000000000001,60.00000000000001,81.87719158099708,23.573307852940868,65.5451619919458,38.337873453544525,62.54227887006583,6.777472552607996,69.63017739091539,13.501221049532212
53.333333333333336,500.0,4.986313481924669,28.443465478277947,58.59750221033434,55.27925142276624,39.262306054545846,45.08312330904238,32.20875713361245,6.580401820989456,60.00000000000001,60.00000000000001,60.00000000000001,60.00000000000001,60.00000000000001,60.00000000000001,60.00000000000001,60.00000000000001,81.87719158099708,23.573307852940868,62.54227887006583,6.777472552607996,69.63017739091539,13.501221049532212,65.5451619919458,38.337873453544525
53.333333333333336,500.0,4.986313481924669,28.443465478277947,58.59750221033434,55.27925142276624,32.20875713361245,6.580401820989456,39.262306054545846,45.08312330904238,60.00000000000001,60.00000000000001,60.00000000000001,60.00000000000001,60.00000000000001,60.00000000000001,60.00000000000001,60.00000000000001,81.87719158099708,23.573307852940868,62.54227887006583,6.777472552607996,65.5451619919458,38.337873453544525,69.63017739091539,13.501221049532212
53.333333333333336,500.0,39.262306054545846,45.08312330904238,4.986313481924669,28.443465478277947,32.20875713361245,6.580401820989456,58.59750221033434,55.27925142276624,60.00000000000001,60.00000000000001,60.00000000000001,60.00000000000001,60.00000000000001,60.00000000000001,60.00000000000001,60.00000000000001,69.63017739091539,13.501221049532212,81.87719158099708,23.573307852940868,65.5451619919458,38.337873453544525,62.54227887006583,6.777472552607996
53.333333333333336,500.0,39.262306054545846,45.08312330904238,4.986313481924669,28.443465478277947,58.59750221033434,55.27925142276624,32.20875713361245,6.580401820989456,60.00000000000001,60.00000000000001,60.00000000000001,60.00000000000001,60.00000000000001,60.00000000000001,60.00000000000001,60.00000000000001,69.63017739091539,13.501221049532212,81.87719158099708,23.573307852940868,62.54227887006583,6.777472552607996,65.5451619919458,38.337873453544525
53.333333333333336,500.0,39.262306054545846,45.08312330904238,32.20875713361245,6.580401820989456,4.986313481924669,28.443465478277947,58.59750221033434,55.27925142276624,60.00000000000001,60.00000000000001,60.00000000000001,60.00000000000001,60.00000000000001,60.00000000000001,60.00000000000001,60.00000000000001,69.63017739091539,13.501221049532212,65.5451619919458,38.337873453544525,81.87719158099708,23.573307852940868,62.54227887006583,6.777472552607996
53.333333333333336,500.0,39.262306054545846,45.08312330904238,32.20875713361245,6.580401820989456,58.59750221033434,55.27925142276624,4.986313481924669,28.443465478277947,60.00000000000001,60.00000000000001,60.00000000000001,60.00000000000001,60.00000000000001,60.00000000000001,60.00000000000001,60.00000000000001,69.63017739091539,13.501221049532212,65.5451619919458,38.337873453544525,62.54227887006583,6.777472552607996,81.87719158099708,23.573307852940868
53.333333333333336,500.0,39.262306054545846,45.08312330904238,58.59750221033434,55.27925142276624,4.986313481924669,28.443465478277947,32.20875713361245,6.580401820989456,60.00000000000001,60.00000000000001,60.00000000000001,60.00000000000001,60.00000000000001,60.00000000000001,60.00000000000001,60.00000000000001,69.63017739091539,13.501221049532212,62.54227887006583,6.777472552607996,81.87719158099708,23.573307852940868,65.5451619919458,38.337873453544525
53.333333333333336,500.0,39.262306054545846,45.08312330904238,58.59750221033434,55.27925142276624,32.20875713361245,6.580401820989456,4.986313481924669,28.443465478277947,60.00000000000001,60.00000000000001,60.00000000000001,60.00000000000001,60.00000000000001,60.00000000000001,60.00000000000001,60.00000000000001,69.63017739091539,13.501221049532212,62.54227887006583,6.777472552607996,65.5451619919458,38.337873453544525,81.87719158099708,23.573307852940868
53.333333333333336,500.0,32.20875713361245,6.580401820989456,4.986313481924669,28.443465478277947,39.262306054545846,45.08312330904238,58.59750221033434,55.27925142276624,60.00000000000001,60.00000000000001,60.00000000000001,60.00000000000001,60.00000000000001,60.00000000000001,60.00000000000001,60.00000000000001,65.5451619919458,38.337873453544525,81.87719158099708,23.573307852940868,69.63017739091539,13.501221049532212,62.54227887006583,6.777472552607996
53.333333333333336,500.0,32.20875713361245,6.580401820989456,4.986313481924669,28.443465478277947,58.59750221033434,55.27925142276624,39.262306054545846,45.08312330904238,60.00000000000001,60.00000000000001,60.00000000000001,60.00000000000001,60.00000000000001,60.00000000000001,60.00000000000001,60.00000000000001,65.5451619919458,38.337873453544525,81.87719158099708,23.573307852940868,62.54227887006583,6.777472552607996,69.63017739091539,13.501221049532212
53.333333333333336,500.0,32.20875713361245,6.580401820989456,39.262306054545846,45.08312330904238,4.986313481924669,28.443465478277947,58.59750221033434,55.27925142276624,60.00000000000001,60.00000000000001,60.00000000000001,60.00000000000001,60.00000000000001,60.00000000000001,60.00000000000001,60.00000000000001,65.5451619919458,38.337873453544525,69.63017739091539,13.501221049532212,81.87719158099708,23.573307852940868,62.54227887006583,6.777472552607996
53.333333333333336,500.0,32.20875713361245,6.580401820989456,39.262306054545846,45.08312330904238,58.59750221033434,55.27925142276624,4.986313481924669,28.443465478277947,60.00000000000001,60.00000000000001,60.00000000000001,60.00000000000001,60.00000000000001,60.00000000000001,60.00000000000001,60.00000000000001,65.5451619919458,38.337873453544525,69.63017739091539,13.501221049532212,62.54227887006583,6.777472552607996,81.87719158099708,23.573307852940868
53.333333333333336,500.0,32.20875713361245,6.580401820989456,58.59750221033434,55.27925142276624,4.986313481924669,28.443465478277947,39.262306054545846,45.08312330904238,60.00000000000001,60.00000000000001,60.00000000000001,60.00000000000001,60.00000000000001,60.00000000000001,60.00000000000001,60.00000000000001,65.5451619919458,38.337873453544525,62.54227887006583,6.777472552607996,81.87719158099708,23.573307852940868,69.63017739091539,13.501221049532212
53.333333333333336,500.0,32.20875713361245,6.580401820989456,58.59750221033434,55.27925142276624,39.262306054545846,45.08312330904238,4.986313481924669,28.443465478277947,60.00000000000001,60.00000000000001,60.00000000000001,60.00000000000001,60.00000000000001,60.00000000000001,60.00000000000001,60.00000000000001,65.5451619919458,38.337873453544525,62.54227887006583,6.777472552607996,69.63017739091539,13.501221049532212,81.87719158099708,23.573307852940868
53.333333333333336,500.0,58.59750221033434,55.27925142276624,4.986313481924669,28.443465478277947,39.262306054545846,45.08312330904238,32.20875713361245,6.580401820989456,60.00000000000001,60.00000000000001,60.00000000000001,60.00000000000001,60.00000000000001,60.00000000000001,60.00000000000001,60.00000000000001,62.54227887006583,6.777472552607996,81.87719158099708,23.573307852940868,69.63017739091539,13.501221049532212,65.5451619919458,38.337873453544525
53.333333333333336,500.0,58.59750221033434,55.27925142276624,4.986313481924669,28.443465478277947,32.20875713361245,6.580401820989456,39.262306054545846,45.08312330904238,60.00000000000001,60.00000000000001,60.00000000000001,60.00000000000001,60.00000000000001,60.00000000000001,60.00000000000001,60.00000000000001,62.54227887006583,6.777472552607996,81.87719158099708,23.573307852940868,65.5451619919458,38.337873453544525,69.63017739091539,13.501221049532212
53.333333333333336,500.0,58.59750221033434,55.27925142276624,39.262306054545846,45.08312330904238,4.986313481924669,28.443465478277947,32.20875713361245,6.580401820989456,60.00000000000001,60.00000000000001,60.00000000000001,60.00000000000001,60.00000000000001,60.00000000000001,60.00000000000001,60.00000000000001,62.54227887006583,6.777472552607996,69.63017739091539,13.501221049532212,81.87719158099708,23.573307852940868,65.5451619919458,38.337873453544525
53.333333333333336,500.0,58.59750221033434,55.27925142276624,39.262306054545846,45.08312330904238,32.20875713361245,6.580401820989456,4.986313481924669,28.443465478277947,60.00000000000001,60.00000000000001,60.00000000000001,60.00000000000001,60.00000000000001,60.00000000000001,60.00000000000001,60.00000000000001,62.54227887006583,6.777472552607996,69.63017739091539,13.501221049532212,65.5451619919458,38.337873453544525,81.87719158099708,23.573307852940868
53.333333333333336,500.0,58.59750221033434,55.27925142276624,32.20875713361245,6.580401820989456,4.986313481924669,28.443465478277947,39.262306054545846,45.08312330904238,60.00000000000001,60.00000000000001,60.00000000000001,60.00000000000001,60.00000000000001,60.00000000000001,60.00000000000001,60.00000000000001,62.54227887006583,6.777472552607996,65.5451619919458,38.337873453544525,81.87719158099708,23.573307852940868,69.63017739091539,13.501221049532212
53.333333333333336,500.0,58.59750221033434,55.27925142276624,32.20875713361245,6.580401820989456,39.262306054545846,45.08312330904238,4.986313481924669,28.443465478277947,60.00000000000001,60.00000000000001,60.00000000000001,60.00000000000001,60.00000000000001,60.00000000000001,60.00000000000001,60.00000000000001,62.54227887006583,6.777472552607996,65.5451619919458,38.337873453544525,69.63017739091539,13.501221049532212,81.87719158099708,23.573307852940868
53.333333333333336,500.0,5.211348800272397,8.376148412347781,57.369293262625085,17.95851595357707,36.03274430982172,41.498665211570525,9.102339826940264,33.941225583291185,59.99999999999999,40.0,59.99999999999999,40.0,59.99999999999999,40.0,59.99999999999999,40.0,114.93904829005407,45.91967085147749,88.19506123402431,41.84763240684509,104.2647662915958,22.351678543391024,119.30210477552352,30.993835043636967
53.333333333333336,500.0,5.211348800272397,8.376148412347781,9.102339826940264,33.941225583291185,57.369293262625085,17.95851595357707,36.03274430982172,41.498665211570525,60.0,40.0,60.0,40.0,60.0,40.0,60.0,40.0,114.93904829005407,45.91967085147749,119.30210477552352,30.993835043636967,88.19506123402431,41.84763240684509,104.2647662915958,22.351678543391024
53.333333333333336,500.0,5.211348800272397,8.376148412347781,9.102339826940264,33.941225583291185,36.03274430982172,41.498665211570525,57.369293262625085,17.95851595357707,60.0,40.0,60.0,40.0,60.0,40.0,60.0,40.0,114.93904829005407,45.91967085147749,119.30210477552352,30.993835043636967,104.2647662915958,22.351678543391024,88.19506123402431,41.84763240684509
53.333333333333336,500.0,5.211348800272397,8.376148412347781,36.03274430982172,41.498665211570525,57.369293262625085,17.95851595357707,9.102339826940264,33.941225583291185,60.0,40.0,60.0,40.0,60.0,40.0,60.0,40.0,114.93904829005407,45.91967085147749,104.2647662915958,22.351678543391024,88.19506123402431,41.84763240684509,119.30210477552352,30.993835043636967
53.333333333333336,500.0,5.211348800272397,8.376148412347781,36.03274430982172,41.498665211570525,9.102339826940264,33.941225583291185,57.369293262625085,17.95851595357707,59.99999999999999,40.0,59.99999999999999,40.0,59.99999999999999,40.0,59.99999999999999,40.0,114.93904829005407,45.91967085147749,104.2647662915958,22.351678543391024,119.30210477552352,30.993835043636967,88.19506123402431,41.84763240684509
53.333333333333336,500.0,57.369293262625085,17.95851595357707,5.211348800272397,8.376148412347781,9.102339826940264,33.941225583291185,36.03274430982172,41.498665211570525,60.0,40.0,60.0,40.0,60.0,40.0,60.0,40.0,88.19506123402431,41.84763240684509,114.93904829005407,45.91967085147749,119.30210477552352,30.993835043636967,104.2647662915958,22.351678543391024
53.333333333333336,500.0,57.369293262625085,17.95851595357707,5.211348800272397,8.376148412347781,36.03274430982172,41.498665211570525,9.102339826940264,33.941225583291185,60.0,40.0,60.0,40.0,60.0,40.0,60.0,40.0,88.19506123402431,41.84763240684509,114.93904829005407,45.91967085147749,104.2647662915958,22.351678543391024,119.30210477552352,30.993835043636967
53.333333333333336,500.0,57.369293262625085,17.95851595357707,9.102339826940264,33.941225583291185,5.211348800272397,8.376148412347781,36.03274430982172,41.498665211570525,60.0,40.0,60.0,40.0,60.0,40.0,60.0,40.0,88.19506123402431,41.84763240684509,119.30210477552352,30.993835043636967,114.93904829005407,45.91967085147749,104.2647662915958,22.351678543391024
53.333333333333336,500.0,57.369293262625085,17.95851595357707,9.102339826940264,33.941225583291185,36.03274430982172,41.498665211570525,5.211348800272397,8.376148412347781,60.0,40.0,60.0,40.0,60.0,40.0,60.0,40.0,88.19506123402431,41.84763240684509,119.30210477552352,30.993835043636967,104.2647662915958,22.351678543391024,114.93904829005407,45.91967085147749
53.333333333333336,500.0,57.369293262625085,17.95851595357707,36.03274430982172,41.498665211570525,5.211348800272397,8.376148412347781,9.102339826940264,33.941225583291185,60.0,40.0,60.0,40.0,60.0,40.0,60.0,40.0,88.19506123402431,41.84763240684509,104.2647662915958,22.351678543391024,114.93904829005407,45.91967085147749,119.30210477552352,30.993835043636967
53.333333333333336,500.0,57.369293262625085,17.95851595357707,36.03274430982172,41.498665211570525,9.102339826940264,33.941225583291185,5.211348800272397,8.376148412347781,60.0,40.0,60.0,40.0,60.0,40.0,60.0,40.0,88.19506123402431,41.84763240684509,104.2647662915958,22.351678543391024,119.30210477552352,30.993835043636967,114.93904829005407,45.91967085147749
53.333333333333336,500.0,9.102339826940264,33.941225583291185,5.211348800272397,8.376148412347781,57.369293262625085,17.95851595357707,36.03274430982172,41.498665211570525,60.0,40.0,60.0,40.0,60.0,40.0,60.0,40.0,119.30210477552352,30.993835043636967,114.93904829005407,45.91967085147749,88.19506123402431,41.84763240684509,104.2647662915958,22.351678543391024
53.333333333333336,500.0,9.102339826940264,33.941225583291185,5.211348800272397,8.376148412347781,36.03274430982172,41.498665211570525,57.369293262625085,17.95851595357707,60.0,40.0,60.0,40.0,60.0,40.0,60.0,40.0,119.30210477552352,30.993835043636967,114.93904829005407,45.91967085147749,104.2647662915958,22.351678543391024,88.19506123402431,41.84763240684509
53.333333333333336,500.0,9.102339826940264,33.941225583291185,57.369293262625085,17.95851595357707,5.211348800272397,8.376148412347781,36.03274430982172,41.498665211570525,60.0,40.0,60.0,40.0,60.0,40.0,60.0,40.0,119.30210477552352,30.993835043636967,88.19506123402431,41.84763240684509,114.93904829005407,45.91967085147749,104.2647662915958,22.351678543391024
53.333333333333336,500.0,9.102339826940264,33.941225583291185,57.369293262625085,17.95851595357707,36.03274430982172,41.498665211570525,5.211348800272397,8.376148412347781,60.0,40.0,60.0,40.0,60.0,40.0,60.0,40.0,119.30210477552352,30.993835043636967,88.19506123402431,41.84763240684509,104.2647662915958,22.351678543391024,114.93904829005407,45.91967085147749
53.333333333333336,500.0,9.102339826940264,33.941225583291185,36.03274430982172,41.498665211570525,5.211348800272397,8.376148412347781,57.369293262625085,17.95851595357707,59.99999999999999,40.0,59.99999999999999,40.0,59.99999999999999,40.0,59.99999999999999,40.0,119.30210477552352,30.993835043636967,104.2647662915958,22.351678543391024,114.93904829005407,45.91967085147749,88.19506123402431,41.84763240684509
53.333333333333336,500.0,9.102339826940264,33.941225583291185,36.03274430982172,41.498665211570525,57.369293262625085,17.95851595357707,5.211348800272397,8.376148412347781,60.0,40.0,60.0,40.0,60.0,40.0,60.0,40.0,119.30210477552352,30.993835043636967,104.2647662915958,22.351678543391024,88.19506123402431,41.84763240684509,114.93904829005407,45.91967085147749
53.333333333333336,500.0,36.03274430982172,41.498665211570525,5.211348800272397,8.376148412347781,57.369293262625085,17.95851595357707,9.102339826940264,33.941225583291185,60.0,40.0,60.0,40.0,60.0,40.0,60.0,40.0,104.2647662915958,22.351678543391024,114.93904829005407,45.91967085147749,88.19506123402431,41.84763240684509,119.30210477552352,30.993835043636967
53.333333333333336,500.0,36.03274430982172,41.498665211570525,5.211348800272397,8.376148412347781,9.102339826940264,33.941225583291185,57.369293262625085,17.95851595357707,59.99999999999999,40.0,59.99999999999999,40.0,59.99999999999999,40.0,59.99999999999999,40.0,104.2647662915958,22.351678543391024,114.93904829005407,45.91967085147749,119.30210477552352,30.993835043636967,88.19506123402431,41.84763240684509
53.333333333333336,500.0,36.03274430982172,41.498665211570525,57.369293262625085,17.95851595357707,5.211348800272397,8.376148412347781,9.102339826940264,33.941225583291185,60.0,40.0,60.0,40.0,60.0,40.0,60.0,40.0,104.2647662915958,22.351678543391024,88.19506123402431,41.84763240684509,114.93904829005407,45.91967085147749,119.30210477552352,30.993835043636967
53.333333333333336,500.0,36.03274430982172,41.498665211570525,57.369293262625085,17.95851595357707,9.102339826940264,33.941225583291185,5.211348800272397,8.376148412347781,60.0,40.0,60.0,40.0,60.0,40.0,60.0,40.0,104.2647662915958,22.351678543391024,88.19506123402431,41.84763240684509,119.30210477552352,30.993835043636967,114.93904829005407,45.91967085147749
53.333333333333336,500.0,36.03274430982172,41.498665211570525,9.102339826940264,33.941225583291185,5.211348800272397,8.376148412347781,57.369293262625085,17.95851595357707,59.99999999999999,40.0,59.99999999999999,40.0,59.99999999999999,40.0,59.99999999999999,40.0,104.2647662915958,22.351678543391024,119.30210477552352,30.993835043636967,114.93904829005407,45.91967085147749,88.19506123402431,41.84763240684509
53.333333333333336,500.0,36.03274430982172,41.498665211570525,9.102339826940264,33.941225583291185,57.369293262625085,17.95851595357707,5.211348800272397,8.376148412347781,60.0,40.0,60.0,40.0,60.0,40.0,60.0,40.0,104.2647662915958,22.351678543391024,119.30210477552352,30.993835043636967,88.19506123402431,41.84763240684509,114.93904829005407,45.91967085147749
53.333333333333336,500.0,44.34573782095048,36.33570249394532,0.3037399981834165,56.947888135775045,59.54855169804455,1.5227202548656282,20.561475412279616,42.77581139119352,80.0,0.0,80.0,0.0,80.0,0.0,80.0,0.0,77.82943981020371,24.13176732043916,89.6163329385277,19.066049404619,71.4328776710401,46.217956423842175,106.44358332396187,31.71202721085276
53.333333333333336,500.0,44.34573782095048,36.33570249394532,20.561475412279616,42.77581139119352,0.3037399981834165,56.947888135775045,59.54855169804455,1.5227202548656282,80.0,0.0,80.0,0.0,80.0,0.0,80.0,0.0,77.82943981020371,24.13176732043916,106.44358332396187,31.71202721085276,89.6163329385277,19.066049404619,71.4328776710401,46.217956423842175
53.333333333333336,500.0,44.34573782095048,36.33570249394532,20.561475412279616,42.77581139119352,59.54855169804455,1.5227202548656282,0.3037399981834165,56.947888135775045,80.0,0.0,80.0,0.0,80.0,0.0,80.0,0.0,77.82943981020371,24.13176732043916,106.44358332396187,31.71202721085276,71.4328776710401,46.217956423842175,89.6163329385277,19.066049404619
53.333333333333336,500.0,44.34573782095048,36.33570249394532,59.54855169804455,1.5227202548656282,0.3037399981834165,56.947888135775045,20.561475412279616,42.77581139119352,80.0,0.0,80.0,0.0,80.0,0.0,80.0,0.0,77.82943981020371,24.13176732043916,71.4328776710401,46.217956423842175,89.6163329385277,19.066049404619,106.44358332396187,31.71202721085276
53.333333333333336,500.0,44.34573782095048,36.33570249394532,59.54855169804455,1.5227202548656282,20.561475412279616,42.77581139119352,0.3037399981834165,56.947888135775045,80.0,0.0,80.0,0.0,80.0,0.0,80.0,0.0,77.82943981020371,24.13176732043916,71.4328776710401,46.217956423842175,106.44358332396187,31.71202721085276,89.6163329385277,19.066049404619
53.333333333333336,500.0,0.3037399981834165,56.947888135775045,44.34573782095048,36.33570249394532,20.561475412279616,42.77581139119352,59.54855169804455,1.5227202548656282,80.0,0.0,80.0,0.0,80.0,0.0,80.0,0.0,89.6163329385277,19.066049404619,77.82943981020371,24.13176732043916,106.44358332396187,31.71202721085276,71.4328776710401,46.217956423842175
53.333333333333336,500.0,0.3037399981834165,56.947888135775045,44.34573782095048,36.33570249394532,59.54855169804455,1.5227202548656282,20.561475412279616,42.77581139119352,80.0,0.0,80.0,0.0,80.0,0.0,80.0,0.0,89.6163329385277,19.066049404619,77.82943981020371,24.13176732043916,71.4328776710401,46.217956423842175,106.44358332396187,31.71202721085276
53.333333333333336,500.0,0.3037399981834165,56.947888135775045,20.561475412279616,42.77581139119352,44.34573782095048,36.33570249394532,59.54855169804455,1.5227202548656282,80.0,0.0,80.0,0.0,80.0,0.0,80.0,0.0,89.6163329385277,19.066049404619,106.44358332396187,31.71202721085276,77.82943981020371,24.13176732043916,71.4328776710401,46.217956423842175
53.333333333333336,500.0,0.3037399981834165,56.947888135775045,20.561475412279616,42.77581139119352,59.54855169804455,1.5227202548656282,44.34573782095048,36.33570249394532,80.0,0.0,80.0,0.0,80.0,0.0,80.0,0.0,89.6163329385277,19.066049404619,106.44358332396187,31.71202721085276,71.4328776710401,46.217956423842175,77.82943981020371,24.13176732043916
53.333333333333336,500.0,0.3037399981834165,56.947888135775045,59.54855169804455,1.5227202548656282,44.34573782095048,36.33570249394532,20.561475412279616,42.77581139119352,80.0,0.0,80.0,0.0,80.0,0.0,80.0,0.0,89.6163329385277,19.066049404619,71.4328776710401,46.217956423842175,77.82943981020371,24.13176732043916,106.44358332396187,31.71202721085276
53.333333333333336,500.0,0.3037399981834165,56.947888135775045,59.54855169804455,1.5227202548656282,20.561475412279616,42.77581139119352,44.34573782095048,36.33570249394532,80.0,0.0,80.0,0.0,80.0,0.0,80.0,0.0,89.6163329385277,19.066049404619,71.4328776710401,46.217956423842175,106.44358332396187,31.71202721085276,77.82943981020371,24.13176732043916
53.333333333333336,500.0,20.561475412279616,42.77581139119352,44.34573782095048,36.33570249394532,0.3037399981834165,56.947888135775045,59.54855169804455,1.5227202548656282,80.0,0.0,80.0,0.0,80.0,0.0,80.0,0.0,106.44358332396187,31.71202721085276,77.82943981020371,24.13176732043916,89.6163329385277,19.066049404619,71.4328776710401,46.217956423842175
53.333333333333336,500.0,20.561475412279616,42.77581139119352,44.34573782095048,36.33570249394532,59.54855169804455,1.5227202548656282,0.3037399981834165,56.947888135775045,80.0,0.0,80.0,0.0,80.0,0.0,80.0,0.0,106.44358332396187,31.71202721085276,77.82943981020371,24.13176732043916,71.4328776710401,46.217956423842175,89.6163329385277,19.066049404619
53.333333333333336,500.0,20.561475412279616,42.77581139119352,0.3037399981834165,56.947888135775045,44.34573782095048,36.33570249394532,59.54855169804455,1.5227202548656282,80.0,0.0,80.0,0.0,80.0,0.0,80.0,0.0,106.44358332396187,31.71202721085276,89.6163329385277,19.066049404619,77.82943981020371,24.13176732043916,71.4328776710401,46.217956423842175
53.333333333333336,500.0,20.561475412279616,42.77581139119352,0.3037399981834165,56.947888135775045,59.54855169804455,1.5227202548656282,44.34573782095048,36.33570249394532,80.0,0.0,80.0,0.0,80.0,0.0,80.0,0.0,106.44358332396187,31.71202721085276,89.6163329385277,19.066049404619,71.4328776710401,46.217956423842175,77.82943981020371,24.13176732043916
53.333333333333336,500.0,20.561475412279616,42.77581139119352,59.54855169804455,1.5227202548656282,44.34573782095048,36.33570249394532,0.3037399981834165,56.947888135775045,80.0,0.0,80.0,0.0,80.0,0.0,80.0,0.0,106.44358332396187,31.71202721085276,71.4328776710401,46.217956423842175,77.82943981020371,24.13176732043916,89.6163329385277,19.066049404619
53.333333333333336,500.0,20.561475412279616,42.77581139119352,59.54855169804455,1.5227202548656282,0.3037399981834165,56.947888135775045,44.34573782095048,36.33570249394532,80.0,0.0,80.0,0.0,80.0,0.0,80.0,0.0,106.44358332396187,31.71202721085276,71.4328776710401,46.217956423842175,89.6163329385277,19.066049404619,77.82943981020371,24.13176732043916
53.333333333333336,500.0,59.54855169804455,1.5227202548656282,44.34573782095048,36.33570249394532,0.3037399981834165,56.947888135775045,20.561475412279616,42.77581139119352,80.0,0.0,80.0,0.0,80.0,0.0,80.0,0.0,71.4328776710401,46.217956423842175,77.82943981020371,24.13176732043916,89.6163329385277,19.066049404619,106.44358332396187,31.71202721085276
53.333333333333336,500.0,59.54855169804455,1.5227202548656282,44.34573782095048,36.33570249394532,20.561475412279616,42.77581139119352,0.3037399981834165,56.947888135775045,80.0,0.0,80.0,0.0,80.0,0.0,80.0,0.0,71.4328776710401,46.217956423842175,77.82943981020371,24.13176732043916,106.44358332396187,31.71202721085276,89.6163329385277,19.066049404619
53.333333333333336,500.0,59.54855169804455,1.5227202548656282,0.3037399981834165,56.947888135775045,44.34573782095048,36.33570249394532,20.561475412279616,42.77581139119352,80.0,0.0,80.0,0.0,80.0,0.0,80.0,0.0,71.4328776710401,46.217956423842175,89.6163329385277,19.066049404619,77.82943981020371,24.13176732043916,106.44358332396187,31.71202721085276
53.333333333333336,500.0,59.54855169804455,1.5227202548656282,0.3037399981834165,56.947888135775045,20.561475412279616,42.77581139119352,44.34573782095048,36.33570249394532,80.0,0.0,80.0,0.0,80.0,0.0,80.0,0.0,71.4328776710401,46.217956423842175,89.6163329385277,19.066049404619,106.44358332396187,31.71202721085276,77.82943981020371,24.13176732043916
53.333333333333336,500.0,59.54855169804455,1.5227202548656282,20.561475412279616,42.77581139119352,44.34573782095048,36.33570249394532,0.3037399981834165,56.947888135775045,80.0,0.0,80.0,0.0,80.0,0.0,80.0,0.0,71.4328776710401,46.217956423842175,106.44358332396187,31.71202721085276,77.82943981020371,24.13176732043916,89.6163329385277,19.066049404619
53.333333333333336,500.0,59.54855169804455,1.5227202548656282,20.561475412279616,42.77581139119352,0.3037399981834165,56.947888135775045,44.34573782095048,36.33570249394532,80.0,0.0,80.0,0.0,80.0,0.0,80.0,0.0,71.4328776710401,46.217956423842175,106.44358332396187,31.71202721085276,89.6163329385277,19.066049404619,77.82943981020371,24.13176732043916
66.66666666666667,500.0,12.185706071055533,9.871360616351224,38.18921908201288,21.308982164732328,2.5780299027295883,43.858517242007046,58.72518985345108,37.79540027620673,100.0,40.0,100.0,40.0,100.0,40.0,100.0,40.0,93.70962249010245,29.085497573766013,96.6714916022122,27.687846913098547,98.52704683744298,22.85606193308708,82.5968698201723,22.17426717982496
66.66666666666667,500.0,12.185706071055533,9.871360616351224,58.72518985345108,37.79540027620673,38.18921908201288,21.308982164732328,2.5780299027295883,43.858517242007046,100.0,40.0,100.0,40.0,100.0,40.0,100.0,40.0,93.70962249010245,29.085497573766013,82.5968698201723,22.17426717982496,96.6714916022122,27.687846913098547,98.52704683744298,22.85606193308708
66.66666666666667,500.0,12.185706071055533,9.871360616351224,58.72518985345108,37.79540027620673,2.5780299027295883,43.858517242007046,38.18921908201288,21.308982164732328,100.0,40.0,100.0,40.0,100.0,40.0,100.0,40.0,93.70962249010245,29.085497573766013,82.5968698201723,22.17426717982496,98.52704683744298,22.85606193308708,96.6714916022122,27.687846913098547
66.66666666666667,500.0,12.185706071055533,9.871360616351224,2.5780299027295883,43.858517242007046,38.18921908201288,21.308982164732328,58.72518985345108,37.79540027620673,100.0,40.0,100.0,40.0,100.0,40.0,100.0,40.0,93.70962249010245,29.085497573766013,98.52704683744298,22.85606193308708,96.6714916022122,27.687846913098547,82.5968698201723,22.17426717982496
66.66666666666667,500.0,12.185706071055533,9.871360616351224,2.5780299027295883,43.858517242007046,58.72518985345108,37.79540027620673,38.18921908201288,21.308982164732328,100.0,40.0,100.0,40.0,100.0,40.0,100.0,40.0,93.70962249010245,29.085497573766013,98.52704683744298,22.85606193308708,82.5968698201723,22.17426717982496,96.6714916022122,27.687846913098547
66.66666666666667,500.0,38.18921908201288,21.308982164732328,12.185706071055533,9.871360616351224,58.72518985345108,37.79540027620673,2.5780299027295883,43.858517242007046,100.0,40.0,100.0,40.0,100.0,40.0,100.0,40.0,96.6714916022122,27.687846913098547,93.70962249010245,29.085497573766013,82.5968698201723,22.17426717982496,98.52704683744298,22.85606193308708
66.66666666666667,500.0,38.18921908201288,21.308982164732328,12.185706071055533,9.871360616351224,2.5780299027295883,43.858517242007046,58.72518985345108,37.79540027620673,100.0,40.0,100.0,40.0,100.0,40.0,100.0,40.0,96.6714916022122,27.687846913098547,93.70962249010245,29.085497573766013,98.52704683744298,22.85606193308708,82.5968698201723,22.17426717982496
66.66666666666667,500.0,38.18921908201288,21.308982164732328,58.72518985345108,37.79540027620673,12.185706071055533,9.871360616351224,2.5780299027295883,43.858517242007046,100.0,40.0,100.0,40.0,100.0,40.0,100.0,40.0,96.6714916022122,27.687846913098547,82.5968698201723,22.17426717982496,93.70962249010245,29.085497573766013,98.52704683744298,22.85606193308708
66.66666666666667,500.0,38.18921908201288,21.308982164732328,58.72518985345108,37.79540027620673,2.5780299027295883,43.858517242007046,12.185706071055533,9.871360616351224,100.0,40.0,100.0,40.0,100.0,40.0,100.0,40.0,96.6714916022122,27.687846913098547,82.5968698201723,22.17426717982496,98.52704683744298,22.85606193308708,93.70962249010245,29.085497573766013
66.66666666666667,500.0,38.18921908201288,21.308982164732328,2.5780299027295883,43.858517242007046,12.185706071055533,9.871360616351224,58.72518985345108,37.79540027620673,100.0,40.0,100.0,40.0,100.0,40.0,100.0,40.0,96.6714916022122,27.687846913098547,98.52704683744298,22.85606193308708,93.70962249010245,29.085497573766013,82.5968698201723,22.17426717982496
66.66666666666667,500.0,38.18921908201288,21.308982164732328,2.5780299027295883,43.858517242007046,58.72518985345108,37.79540027620673,12.185706071055533,9.871360616351224,100.0,40.0,100.0,40.0,100.0,40.0,100.0,40.0,96.6714916022122,27.687846913098547,98.52704683744298,22.85606193308708,82.5968698201723,22.17426717982496,93.70962249010245,29.085497573766013
66.66666666666667,500.0,58.72518985345108,37.79540027620673,12.185706071055533,9.871360616351224,38.18921908201288,21.308982164732328,2.5780299027295883,43.858517242007046,100.0,40.0,100.0,40.0,100.0,40.0,100.0,40.0,82.5968698201723,22.17426717982496,93.70962249010245,29.085497573766013,96.6714916022122,27.687846913098547,98.52704683744298,22.85606193308708
66.66666666666667,500.0,58.72518985345108,37.79540027620673,12.185706071055533,9.871360616351224,2.5780299027295883,43.858517242007046,38.18921908201288,21.308982164732328,100.0,40.0,100.0,40.0,100.0,40.0,100.0,40.0,82.5968698201723,22.17426717982496,93.70962249010245,29.085497573766013,98.52704683744298,22.85606193308708,96.6714916022122,27.687846913098547
66.66666666666667,500.0,58.72518985345108,37.79540027620673,38.18921908201288,21.308982164732328,12.185706071055533,9.871360616351224,2.5780299027295883,43.858517242007046,100.0,40.0,100.0,40.0,100.0,40.0,100.0,40.0,82.5968698201723,22.17426717982496,96.6714916022122,27.687846913098547,93.70962249010245,29.085497573766013,98.52704683744298,22.85606193308708
66.66666666666667,500.0,58.72518985345108,37.79540027620673,38.18921908201288,21.308982164732328,2.5780299027295883,43.858517242007046,12.185706071055533,9.871360616351224,100.0,40.0,100.0,40.0,100.0,40.0,100.0,40.0,82.5968698201723,22.17426717982496,96.6714916022122,27.687846913098547,98.52704683744298,22.85606193308708,93.70962249010245,29.085497573766013
66.66666666666667,500.0,58.72518985345108,37.79540027620673,2.5780299027295883,43.858517242007046,12.185706071055533,9.871360616351224,38.18921908201288,21.308982164732328,100.0,40.0,100.0,40.0,100.0,40.0,100.0,40.0,82.5968698201723,22.17426717982496,98.52704683744298,22.85606193308708,93.70962249010245,29.085497573766013,96.6714916022122,27.687846913098547
66.66666666666667,500.0,58.72518985345108,37.79540027620673,2.5780299027295883,43.858517242007046,38.18921908201288,21.308982164732328,12.185706071055533,9.871360616351224,100.0,40.0,100.0,40.0,100.0,40.0,100.0,40.0,82.5968698201723,22.17426717982496,98.52704683744298,22.85606193308708,96.6714916022122,27.687846913098547,93.70962249010245,29.085497573766013
66.66666666666667,500.0,2.5780299027295883,43.858517242007046,12.185706071055533,9.871360616351224,38.18921908201288,21.308982164732328,58.72518985345108,37.79540027620673,100.0,40.0,100.0,40.0,100.0,40.0,100.0,40.0,98.52704683744298,22.85606193308708,93.70962249010245,29.085497573766013,96.6714916022122,27.687846913098547,82.5968698201723,22.17426717982496
66.66666666666667,500.0,2.5780299027295883,43.858517242007046,12.185706071055533,9.871360616351224,58.72518985345108,37.79540027620673,38.18921908201288,21.308982164732328,100.0,40.0,100.0,40.0,100.0,40.0,100.0,40.0,98.52704683744298,22.85606193308708,93.70962249010245,29.085497573766013,82.5968698201723,22.17426717982496,96.6714916022122,27.687846913098547
66.66666666666667,500.0,2.5780299027295883,43.858517242007046,38.18921908201288,21.308982164732328,12.185706071055533,9.871360616351224,58.72518985345108,37.79540027620673,100.0,40.0,100.0,40.0,100.0,40.0,100.0,40.0,98.52704683744298,22.85606193308708,96.6714916022122,27.687846913098547,93.70962249010245,29.085497573766013,82.5968698201723,22.17426717982496
66.66666666666667,500.0,2.5780299027295883,43.858517242007046,38.18921908201288,21.308982164732328,58.72518985345108,37.79540027620673,12.185706071055533,9.871360616351224,100.0,40.0,100.0,40.0,100.0,40.0,100.0,40.0,98.52704683744298,22.85606193308708,96.6714916022122,27.687846913098547,82.5968698201723,22.17426717982496,93.70962249010245,29.085497573766013
66.66666666666667,500.0,2.5780299027295883,43.858517242007046,58.72518985345108,37.79540027620673,12.185706071055533,9.871360616351224,38.18921908201288,21.308982164732328,100.0,40.0,100.0,40.0,100.0,40.0,100.0,40.0,98.52704683744298,22.85606193308708,82.5968698201723,22.17426717982496,93.70962249010245,29.085497573766013,96.6714916022122,27.687846913098547
66.66666666666667,500.0,2.5780299027295883,43.858517242007046,58.72518985345108,37.79540027620673,38.18921908201288,21.308982164732328,12.185706071055533,9.871360616351224,100.0,40.0,100.0,40.0,100.0,40.0,100.0,40.0,98.52704683744298,22.85606193308708,82.5968698201723,22.17426717982496,96.6714916022122,27.687846913098547,93.70962249010245,29.085497573766013
66.66666666666667,500.0,35.82627493799728,53.58846969708266,43.20819699126219,7.507231169927746,12.730123982247626,51.94818559507895,11.735130422584266,27.941518173983763,100.0,20.0,100.0,59.99999999999999,80.0,20.0,80.0,40.0,65.65392133442741,3.7552207547035854,72.97947705632635,16.064811312876603,64.65249736207464,3.719223154676492,87.97769073656289,12.192636324345203
66.66666666666667,500.0,35.82627493799728,53.58846969708266,11.735130422584266,27.941518173983763,43.20819699126219,7.507231169927746,12.730123982247626,51.94818559507895,100.0,20.0,80.0,40.0,100.0,59.99999999999999,80.0,20.0,65.65392133442741,3.7552207547035854,87.97769073656289,12.192636324345203,72.97947705632635,16.064811312876603,64.65249736207464,3.719223154676492
66.66666666666667,500.0,35.82627493799728,53.58846969708266,11.735130422584266,27.941518173983763,12.730123982247626,51.94818559507895,43.20819699126219,7.507231169927746,100.0,20.0,80.0,40.0,80.0,20.0,100.0,59.99999999999999,65.65392133442741,3.7552207547035854,87.97769073656289,12.192636324345203,64.65249736207464,3.719223154676492,72.97947705632635,16.064811312876603
66.66666666666667,500.0,35.82627493799728,53.58846969708266,12.730123982247626,51.94818559507895,43.20819699126219,7.507231169927746,11.735130422584266,27.941518173983763,100.0,20.0,80.0,20.0,100.0,59.99999999999999,80.0,40.0,65.65392133442741,3.7552207547035854,64.65249736207464,3.719223154676492,72.97947705632635,16.064811312876603,87.97769073656289,12.192636324345203
66.66666666666667,500.0,35.82627493799728,53.58846969708266,12.730123982247626,51.94818559507895,11.735130422584266,27.941518173983763,43.20819699126219,7.507231169927746,100.0,20.0,80.0,20.0,80.0,40.0,100.0,59.99999999999999,65.65392133442741,3.7552207547035854,64.65249736207464,3.719223154676492,87.97769073656289,12.192636324345203,72.97947705632635,16.064811312876603
66.66666666666667,500.0,43.20819699126219,7.507231169927746,35.82627493799728,53.58846969708266,11.735130422584266,27.941518173983763,12.730123982247626,51.94818559507895,100.0,59.99999999999999,100.0,20.0,80.0,40.0,80.0,20.0,72.97947705632635,16.064811312876603,65.65392133442741,3.7552207547035854,87.97769073656289,12.192636324345203,64.65249736207464,3.719223154676492
66.66666666666667,500.0,43.20819699126219,7.507231169927746,35.82627493799728,53.58846969708266,12.730123982247626,51.94818559507895,11.735130422584266,27.941518173983763,100.0,59.99999999999999,100.0,20.0,80.0,20.0,80.0,40.0,72.97947705632635,16.064811312876603,65.65392133442741,3.7552207547035854,64.65249736207464,3.719223154676492,87.97769073656289,12.192636324345203
66.66666666666667,500.0,43.20819699126219,7.507231169927746,11.735130422584266,27.941518173983763,35.82627493799728,53.58846969708266,12.730123982247626,51.94818559507895,100.0,59.99999999999999,80.0,40.0,100.0,20.0,80.0,20.0,72.97947705632635,16.064811312876603,87.97769073656289,12.192636324345203,65.65392133442741,3.7552207547035854,64.65249736207464,3.719223154676492
66.66666666666667,500.0,43.20819699126219,7.507231169927746,11.735130422584266,27.941518173983763,12.730123982247626,51.94818559507895,35.82627493799728,53.58846969708266,100.0,59.99999999999999,80.0,40.0,80.0,20.0,100.0,20.0,72.97947705632635,16.064811312876603,87.97769073656289,12.192636324345203,64.65249736207464,3.719223154676492,65.65392133442741,3.7552207547035854
66.66666666666667,500.0,43.20819699126219,7.507231169927746,12.730123982247626,51.94818559507895,35.82627493799728,53.58846969708266,11.735130422584266,27.941518173983763,100.0,59.99999999999999,80.0,20.0,100.0,20.0,80.0,40.0,72.97947705632635,16.064811312876603,64.65249736207464,3.719223154676492,65.65392133442741,3.7552207547035854,87.97769073656289,12.192636324345203
66.66666666666667,500.0,43.20819699126219,7.507231169927746,12.730123982247626,51.94818559507895,11.735130422584266,27.941518173983763,35.82627493799728,53.58846969708266,100.0,59.99999999999999,80.0,20.0,80.0,40.0,100.0,20.0,72.97947705632635,16.064811312876603,64.65249736207464,3.719223154676492,87.97769073656289,12.192636324345203,65.65392133442741,3.7552207547035854
66.66666666666667,500.0,11.735130422584266,27.941518173983763,35.82627493799728,53.58846969708266,43.20819699126219,7.507231169927746,12.730123982247626,51.94818559507895,80.0,40.0,100.0,20.0,100.0,59.99999999999999,80.0,20.0,87.97769073656289,12.192636324345203,65.65392133442741,3.7552207547035854,72.97947705632635,16.064811312876603,64.65249736207464,3.719223154676492
66.66666666666667,500.0,11.735130422584266,27.941518173983763,35.82627493799728,53.58846969708266,12.730123982247626,51.94818559507895,43.20819699126219,7.507231169927746,80.0,40.0,100.0,20.0,80.0,20.0,100.0,59.99999999999999,87.97769073656289,12.192636324345203,65.65392133442741,3.7552207547035854,64.65249736207464,3.719223154676492,72.97947705632635,16.064811312876603
66.66666666666667,500.0,11.735130422584266,27.941518173983763,43.20819699126219,7.507231169927746,35.82627493799728,53.58846969708266,12.730123982247626,51.94818559507895,80.0,40.0,100.0,59.99999999999999,100.0,20.0,80.0,20.0,87.97769073656289,12.192636324345203,72.97947705632635,16.064811312876603,65.65392133442741,3.7552207547035854,64.65249736207464,3.719223154676492
66.66666666666667,500.0,11.735130422584266,27.941518173983763,43.20819699126219,7.507231169927746,12.730123982247626,51.94818559507895,35.82627493799728,53.58846969708266,80.0,40.0,100.0,59.99999999999999,80.0,20.0,100.0,20.0,87.97769073656289,12.192636324345203,72.97947705632635,16.064811312876603,64.65249736207464,3.719223154676492,65.65392133442741,3.7552207547035854
66.66666666666667,500.0,11.735130422584266,27.941518173983763,12.730123982247626,51.94818559507895,35.82627493799728,53.58846969708266,43.20819699126219,7.507231169927746,80.0,40.0,80.0,20.0,100.0,20.0,100.0,59.99999999999999,87.97769073656289,12.192636324345203,64.65249736207464,3.719223154676492,65.65392133442741,3.7552207547035854,72.97947705632635,16.064811312876603
66.66666666666667,500.0,11.735130422584266,27.941518173983763,12.730123982247626,51.94818559507895,43.20819699126219,7.507231169927746,35.82627493799728,53.58846969708266,80.0,40.0,80.0,20.0,100.0,59.99999999999999,100.0,20.0,87.97769073656289,12.192636324345203,64.65249736207464,3.719223154676492,72.97947705632635,16.064811312876603,65.65392133442741,3.7552207547035854
66.66666666666667,500.0,12.730123982247626,51.94818559507895,35.82627493799728,53.58846969708266,43.20819699126219,7.507231169927746,11.735130422584266,27.941518173983763,80.0,20.0,100.0,20.0,100.0,59.99999999999999,80.0,40.0,64.65249736207464,3.719223154676492,65.65392133442741,3.7552207547035854,72.97947705632635,16.064811312876603,87.97769073656289,12.192636324345203
66.66666666666667,500.0,12.730123982247626,51.94818559507895,35.82627493799728,53.58846969708266,11.735130422584266,27.941518173983763,43.20819699126219,7.507231169927746,80.0,20.0,100.0,20.0,80.0,40.0,100.0,59.99999999999999,64.65249736207464,3.719223154676492,65.65392133442741,3.7552207547035854,87.97769073656289,12.192636324345203,72.97947705632635,16.064811312876603
66.66666666666667,500.0,12.730123982247626,51.94818559507895,43.20819699126219,7.507231169927746,35.82627493799728,53.58846969708266,11.735130422584266,27.941518173983763,80.0,20.0,100.0,59.99999999999999,100.0,20.0,80.0,40.0,64.65249736207464,3.719223154676492,72.97947705632635,16.064811312876603,65.65392133442741,3.7552207547035854,87.97769073656289,12.192636324345203
66.66666666666667,500.0,12.730123982247626,51.94818559507895,43.20819699126219,7.507231169927746,11.735130422584266,27.941518173983763,35.82627493799728,53.58846969708266,80.0,20.0,100.0,59.99999999999999,80.0,40.0,100.0,20.0,64.65249736207464,3.719223154676492,72.97947705632635,16.064811312876603,87.97769073656289,12.192636324345203,65.65392133442741,3.7552207547035854
66.66666666666667,500.0,12.730123982247626,51.94818559507895,11.735130422584266,27.941518173983763,35.82627493799728,53.58846969708266,43.20819699126219,7.507231169927746,80.0,20.0,80.0,40.0,100.0,20.0,100.0,59.99999999999999,64.65249736207464,3.719223154676492,87.97769073656289,12.192636324345203,65.65392133442741,3.7552207547035854,72.97947705632635,16.064811312876603
66.66666666666667,500.0,12.730123982247626,51.94818559507895,11.735130422584266,27.941518173983763,43.20819699126219,7.507231169927746,35.82627493799728,53.58846969708266,80.0,20.0,80.0,40.0,100.0,59.99999999999999,100.0,20.0,64.65249736207464,3.719223154676492,87.97769073656289,12.192636324345203,72.97947705632635,16.064811312876603,65.65392133442741,3.7552207547035854
66.66666666666667,500.0,54.54792674276843,52.36671813014358,26.083593019704068,55.73514920181355,53.37758006349498,9.829793063811872,7.387638858235346,41.06335839119891,100.0,20.0,100.0,20.0,100.0,20.0,100.0,20.0,100.10306473090252,28.97867963019152,104.36746132170876,29.102583476520945,99.69251171650887,39.57479376451944,111.99527950070654,32.30047397628949
66.66666666666667,500.0,54.54792674276843,52.36671813014358,7.387638858235346,41.06335839119891,26.083593019704068,55.73514920181355,53.37758006349498,9.829793063811872,100.0,20.0,100.0,20.0,100.0,20.0,100.0,20.0,100.10306473090252,28.97867963019152,111.99527950070654,32.30047397628949,104.36746132170876,29.102583476520945,99.69251171650887,39.57479376451944
66.66666666666667,500.0,54.54792674276843,52.36671813014358,7.387638858235346,41.06335839119891,53.37758006349498,9.829793063811872,26.083593019704068,55.73514920181355,100.0,20.0,100.0,20.0,100.0,20.0,100.0,20.0,100.10306473090252,28.97867963019152,111.99527950070654,32.30047397628949,99.69251171650887,39.57479376451944,104.36746132170876,29.102583476520945
66.66666666666667,500.0,54.54792674276843,52.36671813014358,53.37758006349498,9.829793063811872,26.083593019704068,55.73514920181355,7.387638858235346,41.06335839119891,100.0,20.0,100.0,20.0,100.0,20.0,100.0,20.0,100.10306473090252,28.97867963019152,99.69251171650887,39.57479376451944,104.36746132170876,29.102583476520945,111.99527950070654,32.30047397628949
66.66666666666667,500.0,54.54792674276843,52.36671813014358,53.37758006349498,9.829793063811872,7.387638858235346,41.06335839119891,26.083593019704068,55.73514920181355,100.0,20.0,100.0,20.0,100.0,20.0,100.0,20.0,100.10306473090252,28.97867963019152,99.69251171650887,39.57479376451944,111.99527950070654,32.30047397628949,104.36746132170876,29.102583476520945
66.66666666666667,500.0,26.083593019704068,55.73514920181355,54.54792674276843,52.36671813014358,7.387638858235346,41.06335839119891,53.37758006349498,9.829793063811872,100.0,20.0,100.0,20.0,100.0,20.0,100.0,20.0,104.36746132170876,29.102583476520945,100.10306473090252,28.97867963019152,111.99527950070654,32.30047397628949,99.69251171650887,39.57479376451944
66.66666666666667,500.0,26.083593019704068,55.73514920181355,54.54792674276843,52.36671813014358,53.37758006349498,9.829793063811872,7.387638858235346,41.06335839119891,100.0,20.0,100.0,20.0,100.0,20.0,100.0,20.0,104.36746132170876,29.102583476520945,100.10306473090252,28.97867963019152,99.69251171650887,39.57479376451944,111.99527950070654,32.30047397628949
66.66666666666667,500.0,26.083593019704068,55.73514920181355,7.387638858235346,41.06335839119891,54.54792674276843,52.36671813014358,53.37758006349498,9.829793063811872,100.0,20.0,100.0,20.0,100.0,20.0,100.0,20.0,104.36746132170876,29.102583476520945,111.99527950070654,32.30047397628949,100.10306473090252,28.97867963019152,99.69251171650887,39.57479376451944
66.66666666666667,500.0,26.083593019704068,55.73514920181355,7.387638858235346,41.06335839119891,53.37758006349498,9.829793063811872,54.54792674276843,52.36671813014358,100.0,20.0,100.0,20.0,100.0,20.0,100.0,20.0,104.36746132170876,29.102583476520945,111.99527950070654,32.30047397628949,99.69251171650887,39.57479376451944,100.10306473090252,28.97867963019152
66.66666666666667,500.0,26.083593019704068,55.73514920181355,53.37758006349498,9.829793063811872,54.54792674276843,52.36671813014358,7.387638858235346,41.06335839119891,100.0,20.0,100.0,20.0,100.0,20.0,100.0,20.0,104.36746132170876,29.102583476520945,99.69251171650887,39.57479376451944,100.10306473090252,28.97867963019152,111.99527950070654,32.30047397628949
66.66666666666667,500.0,26.083593019704068,55.73514920181355,53.37758006349498,9.829793063811872,7.387638858235346,41.06335839119891,54.54792674276843,52.36671813014358,100.0,20.0,100.0,20.0,100.0,20.0,100.0,20.0,104.36746132170876,29.102583476520945,99.69251171650887,39.57479376451944,111.99527950070654,32.30047397628949,100.10306473090252,28.97867963019152
66.66666666666667,500.0,7.387638858235346,41.06335839119891,54.54792674276843,52.36671813014358,26.083593019704068,55.73514920181355,53.37758006349498,9.829793063811872,100.0,20.0,100.0,20.0,100.0,20.0,100.0,20.0,111.99527950070654,32.30047397628949,100.10306473090252,28.97867963019152,104.36746132170876,29.102583476520945,99.69251171650887,39.57479376451944
66.66666666666667,500.0,7.387638858235346,41.06335839119891,54.54792674276843,52.36671813014358,53.37758006349498,9.829793063811872,26.083593019704068,55.73514920181355,100.0,20.0,100.0,20.0,100.0,20.0,100.0,20.0,111.99527950070654,32.30047397628949,100.10306473090252,28.97867963019152,99.69251171650887,39.57479376451944,104.36746132170876,29.102583476520945
66.66666666666667,500.0,7.387638858235346,41.06335839119891,26.083593019704068,55.73514920181355,54.54792674276843,52.36671813014358,53.37758006349498,9.829793063811872,100.0,20.0,100.0,20.0,100.0,20.0,100.0,20.0,111.99527950070654,32.30047397628949,104.36746132170876,29.102583476520945,100.10306473090252,28.97867963019152,99.69251171650887,39.57479376451944
66.66666666666667,500.0,7.387638858235346,41.06335839119891,26.083593019704068,55.73514920181355,53.37758006349498,9.829793063811872,54.54792674276843,52.36671813014358,100.0,20.0,100.0,20.0,100.0,20.0,100.0,20.0,111.99527950070654,32.30047397628949,104.36746132170876,29.102583476520945,99.69251171650887,39.57479376451944,100.10306473090252,28.97867963019152
66.66666666666667,500.0,7.387638858235346,41.06335839119891,53.37758006349498,9.829793063811872,54.54792674276843,52.36671813014358,26.083593019704068,55.73514920181355,100.0,20.0,100.0,20.0,100.0,20.0,100.0,20.0,111.99527950070654,32.30047397628949,99.69251171650887,39.57479376451944,100.10306473090252,28.97867963019152,104.36746132170876,29.102583476520945
66.66666666666667,500.0,7.387638858235346,41.06335839119891,53.37758006349498,9.829793063811872,26.083593019704068,55.73514920181355,54.54792674276843,52.36671813014358,100.0,20.0,100.0,20.0,100.0,20.0,100.0,20.0,111.99527950070654,32.30047397628949,99.69251171650887,39.57479376451944,104.36746132170876,29.102583476520945,100.10306473090252,28.97867963019152
66.66666666666667,500.0,53.37758006349498,9.829793063811872,54.54792674276843,52.36671813014358,26.083593019704068,55.73514920181355,7.387638858235346,41.06335839119891,100.0,20.0,100.0,20.0,100.0,20.0,100.0,20.0,99.69251171650887,39.57479376451944,100.10306473090252,28.97867963019152,104.36746132170876,29.102583476520945,111.99527950070654,32.30047397628949
66.66666666666667,500.0,53.37758006349498,9.829793063811872,54.54792674276843,52.36671813014358,7.387638858235346,41.06335839119891,26.083593019704068,55.73514920181355,100.0,20.0,100.0,20.0,100.0,20.0,100.0,20.0,99.69251171650887,39.57479376451944,100.10306473090252,28.97867963019152,111.99527950070654,32.30047397628949,104.36746132170876,29.102583476520945
66.66666666666667,500.0,53.37758006349498,9.829793063811872,26.083593019704068,55.73514920181355,54.54792674276843,52.36671813014358,7.387638858235346,41.06335839119891,100.0,20.0,100.0,20.0,100.0,20.0,100.0,20.0,99.69251171650887,39.57479376451944,104.36746132170876,29.102583476520945,100.10306473090252,28.97867963019152,111.99527950070654,32.30047397628949
66.66666666666667,500.0,53.37758006349498,9.829793063811872,26.083593019704068,55.73514920181355,7.387638858235346,41.06335839119891,54.54792674276843,52.36671813014358,100.0,20.0,100.0,20.0,100.0,20.0,100.0,20.0,99.69251171650887,39.57479376451944,104.36746132170876,29.102583476520945,111.99527950070654,32.30047397628949,100.10306473090252,28.97867963019152
66.66666666666667,500.0,53.37758006349498,9.829793063811872,7.387638858235346,41.06335839119891,54.54792674276843,52.36671813014358,26.083593019704068,55.73514920181355,100.0,20.0,100.0,20.0,100.0,20.0,100.0,20.0,99.69251171650887,39.57479376451944,111.99527950070654,32.30047397628949,100.10306473090252,28.97867963019152,104.36746132170876,29.102583476520945
66.66666666666667,500.0,53.37758006349498,9.829793063811872,7.387638858235346,41.06335839119891,26.083593019704068,55.73514920181355,54.54792674276843,52.36671813014358,100.0,20.0,100.0,20.0,100.0,20.0,100.0,20.0,99.69251171650887,39.57479376451944,111.99527950070654,32.30047397628949,104.36746132170876,29.102583476520945,100.10306473090252,28.97867963019152
66.66666666666667,500.0,56.55109035401546,42.16580384118928,1.3107137636651212,1.4520721328146746,25.28609564503224,25.513188285786125,28.47421354476287,46.709608125055446,120.0,0.0,120.0,0.0,120.0,0.0,120.0,0.0,65.9046599373108,12.327400000568783,99.07928707137556,39.48508426288272,77.41407424721413,24.860717541509576,81.13946034815518,7.911486157592812
66.66666666666667,500.0,56.55109035401546,42.16580384118928,28.47421354476287,46.709608125055446,1.3107137636651212,1.4520721328146746,25.28609564503224,25.513188285786125,120.0,0.0,120.0,0.0,120.0,0.0,120.0,0.0,65.9046599373108,12.327400000568783,81.13946034815518,7.911486157592812,99.07928707137556,39.48508426288272,77.41407424721413,24.860717541509576
66.66666666666667,500.0,56.55109035401546,42.16580384118928,28.47421354476287,46.709608125055446,25.28609564503224,25.513188285786125,1.3107137636651212,1.4520721328146746,120.0,0.0,120.0,0.0,120.0,0.0,120.0,0.0,65.9046599373108,12.327400000568783,81.13946034815518,7.911486157592812,77.41407424721413,24.860717541509576,99.07928707137556,39.48508426288272
66.66666666666667,500.0,56.55109035401546,42.16580384118928,25.28609564503224,25.513188285786125,1.3107137636651212,1.4520721328146746,28.47421354476287,46.709608125055446,120.0,0.0,120.0,0.0,120.0,0.0,120.0,0.0,65.9046599373108,12.327400000568783,77.41407424721413,24.860717541509576,99.07928707137556,39.48508426288272,81.13946034815518,7.911486157592812
66.66666666666667,500.0,56.55109035401546,42.16580384118928,25.28609564503224,25.513188285786125,28.47421354476287,46.709608125055446,1.3107137636651212,1.4520721328146746,120.0,0.0,120.0,0.0,120.0,0.0,120.0,0.0,65.9046599373108,12.327400000568783,77.41407424721413,24.860717541509576,81.13946034815518,7.911486157592812,99.07928707137556,39.48508426288272
66.66666666666667,500.0,1.3107137636651212,1.4520721328146746,56.55109035401546,42.16580384118928,28.47421354476287,46.709608125055446,25.28609564503224,25.513188285786125,120.0,0.0,120.0,0.0,120.0,0.0,120.0,0.0,99.07928707137556,39.48508426288272,65.9046599373108,12.327400000568783,81.13946034815518,7.911486157592812,77.41407424721413,24.860717541509576
66.66666666666667,500.0,1.3107137636651212,1.4520721328146746,56.55109035401546,42.16580384118928,25.28609564503224,25.513188285786125,28.47421354476287,46.709608125055446,120.0,0.0,120.0,0.0,120.0,0.0,120.0,0.0,99.07928707137556,39.48508426288272,65.9046599373108,12.327400000568783,77.41407424721413,24.860717541509576,81.13946034815518,7.911486157592812
66.66666666666667,500.0,1.3107137636651212,1.4520721328146746,28.47421354476287,46.709608125055446,56.55109035401546,42.16580384118928,25.28609564503224,25.513188285786125,120.0,0.0,120.0,0.0,120.0,0.0,120.0,0.0,99.07928707137556,39.48508426288272,81.13946034815518,7.911486157592812,65.9046599373108,12.327400000568783,77.41407424721413,24.860717541509576
66.66666666666667,500.0,1.3107137636651212,1.4520721328146746,28.47421354476287,46.709608125055446,25.28609564503224,25.513188285786125,56.55109035401546,42.16580384118928,120.0,0.0,120.0,0.0,120.0,0.0,120.0,0.0,99.07928707137556,39.48508426288272,81.13946034815518,7.911486157592812,77.41407424721413,24.860717541509576,65.9046599373108,12.327400000568783
66.66666666666667,500.0,1.3107137636651212,1.4520721328146746,25.28609564503224,25.513188285786125,56.55109035401546,42.16580384118928,28.47421354476287,46.709608125055446,120.0,0.0,120.0,0.0,120.0,0.0,120.0,0.0,99.07928707137556,39.48508426288272,77.41407424721413,24.860717541509576,65.9046599373108,12.327400000568783,81.13946034815518,7.911486157592812
66.66666666666667,500.0,1.3107137636651212,1.4520721328146746,25.28609564503224,25.513188285786125,28.47421354476287,46.709608125055446,56.55109035401546,42.16580384118928,120.0,0.0,120.0,0.0,120.0,0.0,120.0,0.0,99.07928707137556,39.48508426288272,77.41407424721413,24.860717541509576,81.13946034815518,7.911486157592812,65.9046599373108,12.327400000568783
66.66666666666667,500.0,28.47421354476287,46.709608125055446,56.55109035401546,42.16580384118928,1.3107137636651212,1.4520721328146746,25.28609564503224,25.513188285786125,120.0,0.0,120.0,0.0,120.0,0.0,120.0,0.0,81.13946034815518,7.911486157592812,65.9046599373108,12.327400000568783,99.07928707137556,39.48508426288272,77.41407424721413,24.860717541509576
66.66666666666667,500.0,28.47421354476287,46.709608125055446,56.55109035401546,42.16580384118928,25.28609564503224,25.513188285786125,1.3107137636651212,1.4520721328146746,120.0,0.0,120.0,0.0,120.0,0.0,120.0,0.0,81.13946034815518,7.911486157592812,65.9046599373108,12.327400000568783,77.41407424721413,24.860717541509576,99.07928707137556,39.48508426288272
66.66666666666667,500.0,28.47421354476287,46.709608125055446,1.3107137636651212,1.4520721328146746,56.55109035401546,42.16580384118928,25.28609564503224,25.513188285786125,120.0,0.0,120.0,0.0,120.0,0.0,120.0,0.0,81.13946034815518,7.911486157592812,99.07928707137556,39.48508426288272,65.9046599373108,12.327400000568783,77.41407424721413,24.860717541509576
66.66666666666667,500.0,28.47421354476287,46.709608125055446,1.3107137636651212,1.4520721328146746,25.28609564503224,25.513188285786125,56.55109035401546,42.16580384118928,120.0,0.0,120.0,0.0,120.0,0.0,120.0,0.0,81.13946034815518,7.911486157592812,99.07928707137556,39.48508426288272,77.41407424721413,24.860717541509576,65.9046599373108,12.327400000568783
66.66666666666667,500.0,28.47421354476287,46.709608125055446,25.28609564503224,25.513188285786125,56.55109035401546,42.16580384118928,1.3107137636651212,1.4520721328146746,120.0,0.0,120.0,0.0,120.0,0.0,120.0,0.0,81.13946034815518,7.911486157592812,77.41407424721413,24.860717541509576,65.9046599373108,12.327400000568783,99.07928707137556,39.48508426288272
66.66666666666667,500.0,28.47421354476287,46.709608125055446,25.28609564503224,25.513188285786125,1.3107137636651212,1.4520721328146746,56.55109035401546,42.16580384118928,120.0,0.0,120.0,0.0,120.0,0.0,120.0,0.0,81.13946034815518,7.911486157592812,77.41407424721413,24.860717541509576,99.07928707137556,39.48508426288272,65.9046599373108,12.327400000568783
66.66666666666667,500.0,25.28609564503224,25.513188285786125,56.55109035401546,42.16580384118928,1.3107137636651212,1.4520721328146746,28.47421354476287,46.709608125055446,120.0,0.0,120.0,0.0,120.0,0.0,120.0,0.0,77.41407424721413,24.860717541509576,65.9046599373108,12.327400000568783,99.07928707137556,39.48508426288272,81.13946034815518,7.911486157592812
66.66666666666667,500.0,25.28609564503224,25.513188285786125,56.55109035401546,42.16580384118928,28.47421354476287,46.709608125055446,1.3107137636651212,1.4520721328146746,120.0,0.0,120.0,0.0,120.0,0.0,120.0,0.0,77.41407424721413,24.860717541509576,65.9046599373108,12.327400000568783,81.13946034815518,7.911486157592812,99.07928707137556,39.48508426288272
66.66666666666667,500.0,25.28609564503224,25.513188285786125,1.3107137636651212,1.4520721328146746,56.55109035401546,42.16580384118928,28.47421354476287,46.709608125055446,120.0,0.0,120.0,0.0,120.0,0.0,120.0,0.0,77.41407424721413,24.860717541509576,99.07928707137556,39.48508426288272,65.9046599373108,12.327400000568783,81.13946034815518,7.911486157592812
66.66666666666667,500.0,25.28609564503224,25.513188285786125,1.3107137636651212,1.4520721328146746,28.47421354476287,46.709608125055446,56.55109035401546,42.16580384118928,120.0,0.0,120.0,0.0,120.0,0.0,120.0,0.0,77.41407424721413,24.860717541509576,99.07928707137556,39.48508426288272,81.13946034815518,7.911486157592812,65.9046599373108,12.327400000568783
66.66666666666667,500.0,25.28609564503224,25.513188285786125,28.47421354476287,46.709608125055446,56.55109035401546,42.16580384118928,1.3107137636651212,1.4520721328146746,120.0,0.0,120.0,0.0,120.0,0.0,120.0,0.0,77.41407424721413,24.860717541509576,81.13946034815518,7.911486157592812,65.9046599373108,12.327400000568783,99.07928707137556,39.48508426288272
66.66666666666667,500.0,25.28609564503224,25.513188285786125,28.47421354476287,46.709608125055446,1.3107137636651212,1.4520721328146746,56.55109035401546,42.16580384118928,120.0,0.0,120.0,0.0,120.0,0.0,120.0,0.0,77.41407424721413,24.860717541509576,81.13946034815518,7.911486157592812,99.07928707137556,39.48508426288272,65.9046599373108,12.327400000568783
66.66666666666667,500.0,26.29761949961138,10.622057669513667,8.159263100887744,35.044372623225776,51.436652017042434,17.332232140959412,56.50747002159251,44.56407627355854,100.0,60.0,120.0,40.0,100.0,60.0,80.0,40.0,65.59488838664643,40.97484990422216,77.06727364783593,32.04228584144776,63.52956113991454,40.40085548573066,60.08708604882904,28.564690019596565
66.66666666666667,500.0,26.29761949961138,10.622057669513667,56.50747002159251,44.56407627355854,8.159263100887744,35.044372623225776,51.436652017042434,17.332232140959412,100.0,60.0,80.0,40.0,120.0,40.0,100.0,60.0,65.59488838664643,40.97484990422216,60.08708604882904,28.564690019596565,77.06727364783593,32.04228584144776,63.52956113991454,40.40085548573066
66.66666666666667,500.0,26.29761949961138,10.622057669513667,56.50747002159251,44.56407627355854,51.436652017042434,17.332232140959412,8.159263100887744,35.044372623225776,100.0,60.0,80.0,40.0,100.0,60.0,120.0,40.0,65.59488838664643,40.97484990422216,60.08708604882904,28.564690019596565,63.52956113991454,40.40085548573066,77.06727364783593,32.04228584144776
66.66666666666667,500.0,26.29761949961138,10.622057669513667,51.436652017042434,17.332232140959412,8.159263100887744,35.044372623225776,56.50747002159251,44.56407627355854,100.0,60.0,100.0,60.0,120.0,40.0,80.0,40.0,65.59488838664643,40.97484990422216,63.52956113991454,40.40085548573066,77.06727364783593,32.04228584144776,60.08708604882904,28.564690019596565
66.66666666666667,500.0,26.29761949961138,10.622057669513667,51.436652017042434,17.332232140959412,56.50747002159251,44.56407627355854,8.159263100887744,35.044372623225776,100.0,60.0,100.0,60.0,80.0,40.0,120.0,40.0,65.59488838664643,40.97484990422216,63.52956113991454,40.40085548573066,60.08708604882904,28.564690019596565,77.06727364783593,32.04228584144776
66.66666666666667,500.0,8.159263100887744,35.044372623225776,26.29761949961138,10.622057669513667,56.50747002159251,44.56407627355854,51.436652017042434,17.332232140959412,120.0,40.0,100.0,60.0,80.0,40.0,100.0,60.0,77.06727364783593,32.04228584144776,65.59488838664643,40.97484990422216,60.08708604882904,28.564690019596565,63.52956113991454,40.40085548573066
66.66666666666667,500.0,8.159263100887744,35.044372623225776,26.29761949961138,10.622057669513667,51.436652017042434,17.332232140959412,56.50747002159251,44.56407627355854,120.0,40.0,100.0,60.0,100.0,60.0,80.0,40.0,77.06727364783593,32.04228584144776,65.59488838664643,40.97484990422216,63.52956113991454,40.40085548573066,60.08708604882904,28.564690019596565
66.66666666666667,500.0,8.159263100887744,35.044372623225776,56.50747002159251,44.56407627355854,26.29761949961138,10.622057669513667,51.436652017042434,17.332232140959412,120.0,40.0,80.0,40.0,100.0,60.0,100.0,60.0,77.06727364783593,32.04228584144776,60.08708604882904,28.564690019596565,65.59488838664643,40.97484990422216,63.52956113991454,40.40085548573066
66.66666666666667,500.0,8.159263100887744,35.044372623225776,56.50747002159251,44.56407627355854,51.436652017042434,17.332232140959412,26.29761949961138,10.622057669513667,120.0,40.0,80.0,40.0,100.0,60.0,100.0,60.0,77.06727364783593,32.04228584144776,60.08708604882904,28.564690019596565,63.52956113991454,40.40085548573066,65.59488838664643,40.97484990422216
66.66666666666667,500.0,8.159263100887744,35.044372623225776,51.436652017042434,17.332232140959412,26.29761949961138,10.622057669513667,56.50747002159251,44.56407627355854,120.0,40.0,100.0,60.0,100.0,60.0,80.0,40.0,77.06727364783593,32.04228584144776,63.52956113991454,40.40085548573066,65.59488838664643,40.97484990422216,60.08708604882904,28.564690019596565
66.66666666666667,500.0,8.159263100887744,35.044372623225776,51.436652017042434,17.332232140959412,56.50747002159251,44.56407627355854,26.29761949961138,10.622057669513667,120.0,40.0,100.0,60.0,80.0,40.0,100.0,60.0,77.06727364783593,32.04228584144776,63.52956113991454,40.40085548573066,60.08708604882904,28.564690019596565,65.59488838664643,40.97484990422216
66.66666666666667,500.0,56.50747002159251,44.56407627355854,26.29761949961138,10.622057669513667,8.159263100887744,35.044372623225776,51.436652017042434,17.332232140959412,80.0,40.0,100.0,60.0,120.0,40.0,100.0,60.0,60.08708604882904,28.564690019596565,65.59488838664643,40.97484990422216,77.06727364783593,32.04228584144776,63.52956113991454,40.40085548573066
66.66666666666667,500.0,56.50747002159251,44.56407627355854,26.29761949961138,10.622057669513667,51.436652017042434,17.332232140959412,8.159263100887744,35.044372623225776,80.0,40.0,100.0,60.0,100.0,60.0,120.0,40.0,60.08708604882904,28.564690019596565,65.59488838664643,40.97484990422216,63.52956113991454,40.40085548573066,77.06727364783593,32.04228584144776
66.66666666666667,500.0,56.50747002159251,44.56407627355854,8.159263100887744,35.044372623225776,26.29761949961138,10.622057669513667,51.436652017042434,17.332232140959412,80.0,40.0,120.0,40.0,100.0,60.0,100.0,60.0,60.08708604882904,28.564690019596565,77.06727364783593,32.04228584144776,65.59488838664643,40.97484990422216,63.52956113991454,40.40085548573066
66.66666666666667,500.0,56.50747002159251,44.56407627355854,8.159263100887744,35.044372623225776,51.436652017042434,17.332232140959412,26.29761949961138,10.622057669513667,80.0,40.0,120.0,40.0,100.0,60.0,100.0,60.0,60.08708604882904,28.564690019596565,77.06727364783593,32.04228584144776,63.52956113991454,40.40085548573066,65.59488838664643,40.97484990422216
66.66666666666667,500.0,56.50747002159251,44.56407627355854,51.436652017042434,17.332232140959412,26.29761949961138,10.622057669513667,8.159263100887744,35.044372623225776,80.0,40.0,100.0,60.0,100.0,60.0,120.0,40.0,60.08708604882904,28.564690019596565,63.52956113991454,40.40085548573066,65.59488838664643,40.97484990422216,77.06727364783593,32.04228584144776
66.66666666666667,500.0,56.50747002159251,44.56407627355854,51.436652017042434,17.332232140959412,8.159263100887744,35.044372623225776,26.29761949961138,10.622057669513667,80.0,40.0,100.0,60.0,120.0,40.0,100.0,60.0,60.08708604882904,28.564690019596565,63.52956113991454,40.40085548573066,77.06727364783593,32.04228584144776,65.59488838664643,40.97484990422216
66.66666666666667,500.0,51.436652017042434,17.332232140959412,26.29761949961138,10.622057669513667,8.159263100887744,35.044372623225776,56.50747002159251,44.56407627355854,100.0,60.0,100.0,60.0,120.0,40.0,80.0,40.0,63.52956113991454,40.40085548573066,65.59488838664643,40.97484990422216,77.06727364783593,32.04228584144776,60.08708604882904,28.564690019596565
66.66666666666667,500.0,51.436652017042434,17.332232140959412,26.29761949961138,10.622057669513667,56.50747002159251,44.56407627355854,8.159263100887744,35.044372623225776,100.0,60.0,100.0,60.0,80.0,40.0,120.0,40.0,63.52956113991454,40.40085548573066,65.59488838664643,40.97484990422216,60.08708604882904,28.564690019596565,77.06727364783593,32.04228584144776
66.66666666666667,500.0,51.436652017042434,17.332232140959412,8.159263100887744,35.044372623225776,26.29761949961138,10.622057669513667,56.50747002159251,44.56407627355854,100.0,60.0,120.0,40.0,100.0,60.0,80.0,40.0,63.52956113991454,40.40085548573066,77.06727364783593,32.04228584144776,65.59488838664643,40.97484990422216,60.08708604882904,28.564690019596565
66.66666666666667,500.0,51.436652017042434,17.332232140959412,8.159263100887744,35.044372623225776,56.50747002159251,44.56407627355854,26.29761949961138,10.622057669513667,100.0,60.0,120.0,40.0,80.0,40.0,100.0,60.0,63.52956113991454,40.40085548573066,77.06727364783593,32.04228584144776,60.08708604882904,28.564690019596565,65.59488838664643,40.97484990422216
66.66666666666667,500.0,51.436652017042434,17.332232140959412,56.50747002159251,44.56407627355854,26.29761949961138,10.622057669513667,8.159263100887744,35.044372623225776,100.0,60.0,80.0,40.0,100.0,60.0,120.0,40.0,63.52956113991454,40.40085548573066,60.08708604882904,28.564690019596565,65.59488838664643,40.97484990422216,77.06727364783593,32.04228584144776
66.66666666666667,500.0,51.436652017042434,17.332232140959412,56.50747002159251,44.56407627355854,8.159263100887744,35.044372623225776,26.29761949961138,10.622057669513667,100.0,60.0,80.0,40.0,120.0,40.0,100.0,60.0,63.52956113991454,40.40085548573066,60.08708604882904,28.564690019596565,77.06727364783593,32.04228584144776,65.59488838664643,40.97484990422216
66.66666666666667,500.0,25.588670881418164,38.09203944321389,3.4764116466160577,46.7646209904263,19.04502096122945,3.7262675310507687,51.89543429029944,57.23531273787504,80.0,40.0,80.0,40.0,80.0,40.0,80.0,40.0,97.21137667075152,32.35443818813351,105.9133373523189,30.81240088966888,112.05834449825905,38.63203088316385,91.16220546096876,25.759106750127525
66.66666666666667,500.0,25.588670881418164,38.09203944321389,51.89543429029944,57.23531273787504,3.4764116466160577,46.7646209904263,19.04502096122945,3.7262675310507687,80.0,40.0,80.0,40.0,80.0,40.0,80.0,40.0,97.21137667075152,32.35443818813351,91.16220546096876,25.759106750127525,105.9133373523189,30.81240088966888,112.05834449825905,38.63203088316385
66.66666666666667,500.0,25.588670881418164,38.09203944321389,51.89543429029944,57.23531273787504,19.04502096122945,3.7262675310507687,3.4764116466160577,46.7646209904263,80.0,40.0,80.0,40.0,80.0,40.0,80.0,40.0,97.21137667075152,32.35443818813351,91.16220546096876,25.759106750127525,112.05834449825905,38.63203088316385,105.9133373523189,30.81240088966888
66.66666666666667,500.0,25.588670881418164,38.09203944321389,19.04502096122945,3.7262675310507687,3.4764116466160577,46.7646209904263,51.89543429029944,57.23531273787504,80.0,40.0,80.0,40.0,80.0,40.0,80.0,40.0,97.21137667075152,32.35443818813351,112.05834449825905,38.63203088316385,105.9133373523189,30.81240088966888,91.16220546096876,25.759106750127525
66.66666666666667,500.0,25.588670881418164,38.09203944321389,19.04502096122945,3.7262675310507687,51.89543429029944,57.23531273787504,3.4764116466160577,46.7646209904263,80.0,40.0,80.0,40.0,80.0,40.0,80.0,40.0,97.21137667075152,32.35443818813351,112.05834449825905,38.63203088316385,91.16220546096876,25.759106750127525,105.9133373523189,30.81240088966888
66.66666666666667,500.0,3.4764116466160577,46.7646209904263,25.588670881418164,38.09203944321389,51.89543429029944,57.23531273787504,19.04502096122945,3.7262675310507687,80.0,40.0,80.0,40.0,80.0,40.0,80.0,40.0,105.9133373523189,30.81240088966888,97.21137667075152,32.35443818813351,91.16220546096876,25.759106750127525,112.05834449825905,38.63203088316385
66.66666666666667,500.0,3.4764116466160577,46.7646209904263,25.588670881418164,38.09203944321389,19.04502096122945,3.7262675310507687,51.89543429029944,57.23531273787504,80.0,40.0,80.0,40.0,80.0,40.0,80.0,40.0,105.9133373523189,30.81240088966888,97.21137667075152,32.35443818813351,112.05834449825905,38.63203088316385,91.16220546096876,25.759106750127525
66.66666666666667,500.0,3.4764116466160577,46.7646209904263,51.89543429029944,57.23531273787504,25.588670881418164,38.09203944321389,19.04502096122945,3.7262675310507687,80.0,40.0,80.0,40.0,80.0,40.0,80.0,40.0,105.9133373523189,30.81240088966888,91.16220546096876,25.759106750127525,97.21137667075152,32.35443818813351,112.05834449825905,38.63203088316385
66.66666666666667,500.0,3.4764116466160577,46.7646209904263,51.89543429029944,57.23531273787504,19.04502096122945,3.7262675310507687,25.588670881418164,38.09203944321389,80.0,40.0,80.0,40.0,80.0,40.0,80.0,40.0,105.9133373523189,30.81240088966888,91.16220546096876,25.759106750127525,112.05834449825905,38.63203088316385,97.21137667075152,32.35443818813351
66.66666666666667,500.0,3.4764116466160577,46.7646209904263,19.04502096122945,3.7262675310507687,25.588670881418164,38.09203944321389,51.89543429029944,57.23531273787504,80.0,40.0,80.0,40.0,80.0,40.0,80.0,40.0,105.9133373523189,30.81240088966888,112.05834449825905,38.63203088316385,97.21137667075152,32.35443818813351,91.16220546096876,25.759106750127525
66.66666666666667,500.0,3.4764116466160577,46.7646209904263,19.04502096122945,3.7262675310507687,51.89543429029944,57.23531273787504,25.588670881418164,38.09203944321389,80.0,40.0,80.0,40.0,80.0,40.0,80.0,40.0,105.9133373523189,30.81240088966888,112.05834449825905,38.63203088316385,91.16220546096876,25.759106750127525,97.21137667075152,32.35443818813351
66.66666666666667,500.0,51.89543429029944,57.23531273787504,25.588670881418164,38.09203944321389,3.4764116466160577,46.7646209904263,19.04502096122945,3.7262675310507687,80.0,40.0,80.0,40.0,80.0,40.0,80.0,40.0,91.16220546096876,25.759106750127525,97.21137667075152,32.35443818813351,105.9133373523189,30.81240088966888,112.05834449825905,38.63203088316385
66.66666666666667,500.0,51.89543429029944,57.23531273787504,25.588670881418164,38.09203944321389,19.04502096122945,3.7262675310507687,3.4764116466160577,46.7646209904263,80.0,40.0,80.0,40.0,80.0,40.0,80.0,40.0,91.16220546096876,25.759106750127525,97.21137667075152,32.35443818813351,112.05834449825905,38.63203088316385,105.9133373523189,30.81240088966888
66.66666666666667,500.0,51.89543429029944,57.23531273787504,3.4764116466160577,46.7646209904263,25.588670881418164,38.09203944321389,19.04502096122945,3.7262675310507687,80.0,40.0,80.0,40.0,80.0,40.0,80.0,40.0,91.16220546096876,25.759106750127525,105.9133373523189,30.81240088966888,97.21137667075152,32.35443818813351,112.05834449825905,38.63203088316385
66.66666666666667,500.0,51.89543429029944,57.23531273787504,3.4764116466160577,46.7646209904263,19.04502096122945,3.7262675310507687,25.588670881418164,38.09203944321389,80.0,40.0,80.0,40.0,80.0,40.0,80.0,40.0,91.16220546096876,25.759106750127525,105.9133373523189,30.81240088966888,112.05834449825905,38.63203088316385,97.21137667075152,32.35443818813351
66.66666666666667,500.0,51.89543429029944,57.23531273787504,19.04502096122945,3.7262675310507687,25.588670881418164,38.09203944321389,3.4764116466160577,46.7646209904263,80.0,40.0,80.0,40.0,80.0,40.0,80.0,40.0,91.16220546096876,25.759106750127525,112.05834449825905,38.63203088316385,97.21137667075152,32.35443818813351,105.9133373523189,30.81240088966888
66.66666666666667,500.0,51.89543429029944,57.23531273787504,19.04502096122945,3.7262675310507687,3.4764116466160577,46.7646209904263,25.588670881418164,38.09203944321389,80.0,40.0,80.0,40.0,80.0,40.0,80.0,40.0,91.16220546096876,25.759106750127525,112.05834449825905,38.63203088316385,105.9133373523189,30.81240088966888,97.21137667075152,32.35443818813351
66.66666666666667,500.0,19.04502096122945,3.7262675310507687,25.588670881418164,38.09203944321389,3.4764116466160577,46.7646209904263,51.89543429029944,57.23531273787504,80.0,40.0,80.0,40.0,80.0,40.0,80.0,40.0,112.05834449825905,38.63203088316385,97.21137667075152,32.35443818813351,105.9133373523189,30.81240088966888,91.16220546096876,25.759106750127525
66.66666666666667,500.0,19.04502096122945,3.7262675310507687,25.588670881418164,38.09203944321389,51.89543429029944,57.23531273787504,3.4764116466160577,46.7646209904263,80.0,40.0,80.0,40.0,80.0,40.0,80.0,40.0,112.05834449825905,38.63203088316385,97.21137667075152,32.35443818813351,91.16220546096876,25.759106750127525,105.9133373523189,30.81240088966888
66.66666666666667,500.0,19.04502096122945,3.7262675310507687,3.4764116466160577,46.7646209904263,25.588670881418164,38.09203944321389,51.89543429029944,57.23531273787504,80.0,40.0,80.0,40.0,80.0,40.0,80.0,40.0,112.05834449825905,38.63203088316385,105.9133373523189,30.81240088966888,97.21137667075152,32.35443818813351,91.16220546096876,25.759106750127525
66.66666666666667,500.0,19.04502096122945,3.7262675310507687,3.4764116466160577,46.7646209904263,51.89543429029944,57.23531273787504,25.588670881418164,38.09203944321389,80.0,40.0,80.0,40.0,80.0,40.0,80.0,40.0,112.05834449825905,38.63203088316385,105.9133373523189,30.81240088966888,91.16220546096876,25.759106750127525,97.21137667075152,32.35443818813351
66.66666666666667,500.0,19.04502096122945,3.7262675310507687,51.89543429029944,57.23531273787504,25.588670881418164,38.09203944321389,3.4764116466160577,46.7646209904263,80.0,40.0,80.0,40.0,80.0,40.0,80.0,40.0,112.05834449825905,38.63203088316385,91.16220546096876,25.759106750127525,97.21137667075152,32.35443818813351,105.9133373523189,30.81240088966888
66.66666666666667,500.0,19.04502096122945,3.7262675310507687,51.89543429029944,57.23531273787504,3.4764116466160577,46.7646209904263,25.588670881418164,38.09203944321389,80.0,40.0,80.0,40.0,80.0,40.0,80.0,40.0,112.05834449825905,38.63203088316385,91.16220546096876,25.759106750127525,105.9133373523189,30.81240088966888,97.21137667075152,32.35443818813351
66.66666666666667,500.0,1.2944118027610885,40.88481364879613,50.35445727302164,6.084072657683919,26.24652777410228,16.961404311282003,37.37126712945376,39.609436053519474,120.0,40.0,120.0,40.0,120.0,40.0,120.0,40.0,96.60153586899872,16.091266365106637,64.64750820200612,39.28883522546498,77.92033691497427,32.42656163489414,61.5519618810345,16.297581448820203
66.66666666666667,500.0,1.2944118027610885,40.88481364879613,37.37126712945376,39.609436053519474,50.35445727302164,6.084072657683919,26.24652777410228,16.961404311282003,120.0,40.0,120.0,40.0,120.0,40.0,120.0,40.0,96.60153586899872,16.091266365106637,61.5519618810345,16.297581448820203,64.64750820200612,39.28883522546498,77.92033691497427,32.42656163489414
66.66666666666667,500.0,1.2944118027610885,40.88481364879613,37.37126712945376,39.609436053519474,26.24652777410228,16.961404311282003,50.35445727302164,6.084072657683919,120.00000000000001,40.0,120.00000000000001,40.0,120.00000000000001,40.0,120.00000000000001,40.0,96.60153586899872,16.091266365106637,61.5519618810345,16.297581448820203,77.92033691497427,32.42656163489414,64.64750820200612,39.28883522546498
66.66666666666667,500.0,1.2944118027610885,40.88481364879613,26.24652777410228,16.961404311282003,50.35445727302164,6.084072657683919,37.37126712945376,39.609436053519474,120.00000000000001,40.0,120.00000000000001,40.0,120.00000000000001,40.0,120.00000000000001,40.0,96.60153586899872,16.091266365106637,77.92033691497427,32.42656163489414,64.64750820200612,39.28883522546498,61.5519618810345,16.297581448820203
66.66666666666667,500.0,1.2944118027610885,40.88481364879613,26.24652777410228,16.961404311282003,37.37126712945376,39.609436053519474,50.35445727302164,6.084072657683919,120.00000000000001,40.0,120.00000000000001,40.0,120.00000000000001,40.0,120.00000000000001,40.0,96.60153586899872,16.091266365106637,77.92033691497427,32.42656163489414,61.5519618810345,16.297581448820203,64.64750820200612,39.28883522546498
66.66666666666667,500.0,50.35445727302164,6.084072657683919,1.2944118027610885,40.88481364879613,37.37126712945376,39.609436053519474,26.24652777410228,16.961404311282003,120.00000000000001,40.0,120.00000000000001,40.0,120.00000000000001,40.0,120.00000000000001,40.0,64.64750820200612,39.28883522546498,96.60153586899872,16.091266365106637,61.5519618810345,16.297581448820203,77.92033691497427,32.42656163489414
66.66666666666667,500.0,50.35445727302164,6.084072657683919,1.2944118027610885,40.88481364879613,26.24652777410228,16.961404311282003,37.37126712945376,39.609436053519474,120.0,40.0,120.0,40.0,120.0,40.0,120.0,40.0,64.64750820200612,39.28883522546498,96.60153586899872,16.091266365106637,77.92033691497427,32.42656163489414,61.5519618810345,16.297581448820203
66.66666666666667,500.0,50.35445727302164,6.084072657683919,37.37126712945376,39.609436053519474,1.2944118027610885,40.88481364879613,26.24652777410228,16.961404311282003,120.00000000000001,40.0,120.00000000000001,40.0,120.00000000000001,40.0,120.00000000000001,40.0,64.64750820200612,39.28883522546498,61.5519618810345,16.297581448820203,96.60153586899872,16.091266365106637,77.92033691497427,32.42656163489414
66.66666666666667,500.0,50.35445727302164,6.084072657683919,37.37126712945376,39.609436053519474,26.24652777410228,16.961404311282003,1.2944118027610885,40.88481364879613,120.00000000000001,40.0,120.00000000000001,40.0,120.00000000000001,40.0,120.00000000000001,40.0,64.64750820200612,39.28883522546498,61.5519618810345,16.297581448820203,77.92033691497427,32.42656163489414,96.60153586899872,16.091266365106637
66.66666666666667,500.0,50.35445727302164,6.084072657683919,26.24652777410228,16.961404311282003,1.2944118027610885,40.88481364879613,37.37126712945376,39.609436053519474,120.0,40.0,120.0,40.0,120.0,40.0,120.0,40.0,64.64750820200612,39.28883522546498,77.92033691497427,32.42656163489414,96.60153586899872,16.091266365106637,61.5519618810345,16.297581448820203
66.66666666666667,500.0,50.35445727302164,6.084072657683919,26.24652777410228,16.961404311282003,37.37126712945376,39.609436053519474,1.2944118027610885,40.88481364879613,120.0,40.0,120.0,40.0,120.0,40.0,120.0,40.0,64.64750820200612,39.28883522546498,77.92033691497427,32.42656163489414,61.5519618810345,16.297581448820203,96.60153586899872,16.091266365106637
66.66666666666667,500.0,37.37126712945376,39.609436053519474,1.2944118027610885,40.88481364879613,50.35445727302164,6.084072657683919,26.24652777410228,16.961404311282003,120.0,40.0,120.0,40.0,120.0,40.0,120.0,40.0,61.5519618810345,16.297581448820203,96.60153586899872,16.091266365106637,64.64750820200612,39.28883522546498,77.92033691497427,32.42656163489414
66.66666666666667,500.0,37.37126712945376,39.609436053519474,1.2944118027610885,40.88481364879613,26.24652777410228,16.961404311282003,50.35445727302164,6.084072657683919,120.00000000000001,40.0,120.00000000000001,40.0,120.00000000000001,40.0,120.00000000000001,40.0,61.5519618810345,16.297581448820203,96.60153586899872,16.091266365106637,77.92033691497427,32.42656163489414,64.64750820200612,39.28883522546498
66.66666666666667,500.0,37.37126712945376,39.609436053519474,50.35445727302164,6.084072657683919,1.2944118027610885,40.88481364879613,26.24652777410228,16.961404311282003,120.0,40.0,120.0,40.0,120.0,40.0,120.0,40.0,61.5519618810345,16.297581448820203,64.64750820200612,39.28883522546498,96.60153586899872,16.091266365106637,77.92033691497427,32.42656163489414
66.66666666666667,500.0,37.37126712945376,39.609436053519474,50.35445727302164,6.084072657683919,26.24652777410228,16.961404311282003,1.2944118027610885,40.88481364879613,120.0,40.0,120.0,40.0,120.0,40.0,120.0,40.0,61.5519618810345,16.297581448820203,64.64750820200612,39.28883522546498,77.92033691497427,32.42656163489414,96.60153586899872,16.091266365106637
66.66666666666667,500.0,37.37126712945376,39.609436053519474,26.24652777410228,16.961404311282003,1.2944118027610885,40.88481364879613,50.35445727302164,6.084072657683919,120.00000000000001,40.0,120.00000000000001,40.0,120.00000000000001,40.0,120.00000000000001,40.0,61.5519618810345,16.297581448820203,77.92033691497427,32.42656163489414,96.60153586899872,16.091266365106637,64.64750820200612,39.28883522546498
66.66666666666667,500.0,37.37126712945376,39.609436053519474,26.24652777410228,16.961404311282003,50.35445727302164,6.084072657683919,1.2944118027610885,40.88481364879613,120.00000000000001,40.0,120.00000000000001,40.0,120.00000000000001,40.0,120.00000000000001,40.0,61.5519618810345,16.297581448820203,77.92033691497427,32.42656163489414,64.64750820200612,39.28883522546498,96.60153586899872,16.091266365106637
66.66666666666667,500.0,26.24652777410228,16.961404311282003,1.2944118027610885,40.88481364879613,50.35445727302164,6.084072657683919,37.37126712945376,39.609436053519474,120.00000000000001,40.0,120.00000000000001,40.0,120.00000000000001,40.0,120.00000000000001,40.0,77.92033691497427,32.42656163489414,96.60153586899872,16.091266365106637,64.64750820200612,39.28883522546498,61.5519618810345,16.297581448820203
66.66666666666667,500.0,26.24652777410228,16.961404311282003,1.2944118027610885,40.88481364879613,37.37126712945376,39.609436053519474,50.35445727302164,6.084072657683919,120.00000000000001,40.0,120.00000000000001,40.0,120.00000000000001,40.0,120.00000000000001,40.0,77.92033691497427,32.42656163489414,96.60153586899872,16.091266365106637,61.5519618810345,16.297581448820203,64.64750820200612,39.28883522546498
66.66666666666667,500.0,26.24652777410228,16.961404311282003,50.35445727302164,6.084072657683919,1.2944118027610885,40.88481364879613,37.37126712945376,39.609436053519474,120.0,40.0,120.0,40.0,120.0,40.0,120.0,40.0,77.92033691497427,32.42656163489414,64.64750820200612,39.28883522546498,96.60153586899872,16.091266365106637,61.5519618810345,16.297581448820203
66.66666666666667,500.0,26.24652777410228,16.961404311282003,50.35445727302164,6.084072657683919,37.37126712945376,39.609436053519474,1.2944118027610885,40.88481364879613,120.0,40.0,120.0,40.0,120.0,40.0,120.0,40.0,77.92033691497427,32.42656163489414,64.64750820200612,39.28883522546498,61.5519618810345,16.297581448820203,96.60153586899872,16.091266365106637
66.66666666666667,500.0,26.24652777410228,16.961404311282003,37.37126712945376,39.609436053519474,1.2944118027610885,40.88481364879613,50.35445727302164,6.084072657683919,120.00000000000001,40.0,120.00000000000001,40.0,120.00000000000001,40.0,120.00000000000001,40.0,77.92033691497427,32.42656163489414,61.5519618810345,16.297581448820203,96.60153586899872,16.091266365106637,64.64750820200612,39.28883522546498
66.66666666666667,500.0,26.24652777410228,16.961404311282003,37.37126712945376,39.609436053519474,50.35445727302164,6.084072657683919,1.2944118027610885,40.88481364879613,120.0,40.0,120.0,40.0,120.0,40.0,120.0,40.0,77.92033691497427,32.42656163489414,61.5519618810345,16.297581448820203,64.64750820200612,39.28883522546498,96.60153586899872,16.091266365106637
66.66666666666667,500.0,4.986313481924669,28.443465478277947,39.262306054545846,45.08312330904238,58.59750221033434,55.27925142276624,32.20875713361245,6.580401820989456,60.00000000000001,60.00000000000001,60.00000000000001,60.00000000000001,60.00000000000001,60.00000000000001,60.00000000000001,60.00000000000001,114.42185196578195,32.94055406436199,74.39071005769975,22.787305385774484,70.86413134965663,20.09946325534581,82.25379776609147,42.55483890785842
66.66666666666667,500.0,4.986313481924669,28.443465478277947,32.20875713361245,6.580401820989456,39.262306054545846,45.08312330904238,58.59750221033434,55.27925142276624,60.00000000000001,60.00000000000001,60.00000000000001,60.00000000000001,60.00000000000001,60.00000000000001,60.00000000000001,60.00000000000001,114.42185196578195,32.94055406436199,82.25379776609147,42.55483890785842,74.39071005769975,22.787305385774484,70.86413134965663,20.09946325534581
66.66666666666667,500.0,4.986313481924669,28.443465478277947,32.20875713361245,6.580401820989456,58.59750221033434,55.27925142276624,39.262306054545846,45.08312330904238,60.00000000000001,60.00000000000001,60.00000000000001,60.00000000000001,60.00000000000001,60.00000000000001,60.00000000000001,60.00000000000001,114.42185196578195,32.94055406436199,82.25379776609147,42.55483890785842,70.86413134965663,20.09946325534581,74.39071005769975,22.787305385774484
66.66666666666667,500.0,4.986313481924669,28.443465478277947,58.59750221033434,55.27925142276624,39.262306054545846,45.08312330904238,32.20875713361245,6.580401820989456,60.00000000000001,60.00000000000001,60.00000000000001,60.00000000000001,60.00000000000001,60.00000000000001,60.00000000000001,60.00000000000001,114.42185196578195,32.94055406436199,70.86413134965663,20.09946325534581,74.39071005769975,22.787305385774484,82.25379776609147,42.55483890785842
66.66666666666667,500.0,4.986313481924669,28.443465478277947,58.59750221033434,55.27925142276624,32.20875713361245,6.580401820989456,39.262306054545846,45.08312330904238,60.00000000000001,60.00000000000001,60.00000000000001,60.00000000000001,60.00000000000001,60.00000000000001,60.00000000000001,60.00000000000001,114.42185196578195,32.94055406436199,70.86413134965663,20.09946325534581,82.25379776609147,42.55483890785842,74.39071005769975,22.787305385774484
66.66666666666667,500.0,39.262306054545846,45.08312330904238,4.986313481924669,28.443465478277947,32.20875713361245,6.580401820989456,58.59750221033434,55.27925142276624,60.00000000000001,60.00000000000001,60.00000000000001,60.00000000000001,60.00000000000001,60.00000000000001,60.00000000000001,60.00000000000001,74.39071005769975,22.787305385774484,114.42185196578195,32.94055406436199,82.25379776609147,42.55483890785842,70.86413134965663,20.09946325534581
66.66666666666667,500.0,39.262306054545846,45.08312330904238,4.986313481924669,28.443465478277947,58.59750221033434,55.27925142276624,32.20875713361245,6.580401820989456,60.00000000000001,60.00000000000001,60.00000000000001,60.00000000000001,60.00000000000001,60.00000000000001,60.00000000000001,60.00000000000001,74.39071005769975,22.787305385774484,114.42185196578195,32.94055406436199,70.86413134965663,20.09946325534581,82.25379776609147,42.55483890785842
66.66666666666667,500.0,39.262306054545846,45.08312330904238,32.20875713361245,6.580401820989456,4.986313481924669,28.443465478277947,58.59750221033434,55.27925142276624,60.00000000000001,60.00000000000001,60.00000000000001,60.00000000000001,60.00000000000001,60.00000000000001,60.00000000000001,60.00000000000001,74.39071005769975,22.787305385774484,82.25379776609147,42.55483890785842,114.42185196578195,32.94055406436199,70.86413134965663,20.09946325534581
66.66666666666667,500.0,39.262306054545846,45.08312330904238,32.20875713361245,6.580401820989456,58.59750221033434,55.27925142276624,4.986313481924669,28.443465478277947,60.00000000000001,60.00000000000001,60.00000000000001,60.00000000000001,60.00000000000001,60.00000000000001,60.00000000000001,60.00000000000001,74.39071005769975,22.787305385774484,82.25379776609147,42.55483890785842,70.86413134965663,20.09946325534581,114.42185196578195,32.94055406436199
66.66666666666667,500.0,39.262306054545846,45.08312330904238,58.59750221033434,55.27925142276624,4.986313481924669,28.443465478277947,32.20875713361245,6.580401820989456,60.00000000000001,60.00000000000001,60.00000000000001,60.00000000000001,60.00000000000001,60.00000000000001,60.00000000000001,60.00000000000001,74.39071005769975,22.787305385774484,70.86413134965663,20.09946325534581,114.42185196578195,32.94055406436199,82.25379776609147,42.55483890785842
66.66666666666667,500.0,39.262306054545846,45.08312330904238,58.59750221033434,55.27925142276624,32.20875713361245,6.580401820989456,4.986313481924669,28.443465478277947,60.00000000000001,60.00000000000001,60.00000000000001,60.00000000000001,60.00000000000001,60.00000000000001,60.00000000000001,60.00000000000001,74.39071005769975,22.787305385774484,70.86413134965663,20.09946325534581,82.25379776609147,42.55483890785842,114.42185196578195,32.94055406436199
66.66666666666667,500.0,32.20875713361245,6.580401820989456,4.986313481924669,28.443465478277947,39.262306054545846,45.08312330904238,58.59750221033434,55.27925142276624,60.0,60.0,60.0,60.0,60.0,60.0,60.0,60.0,82.25379776609147,42.55483890785842,114.42185196578195,32.94055406436199,74.39071005769975,22.787305385774484,70.86413134965663,20.09946325534581
66.66666666666667,500.0,32.20875713361245,6.580401820989456,4.986313481924669,28.443465478277947,58.59750221033434,55.27925142276624,39.262306054545846,45.08312330904238,60.0,60.0,60.0,60.0,60.0,60.0,60.0,60.0,82.25379776609147,42.55483890785842,114.42185196578195,32.94055406436199,70.86413134965663,20.09946325534581,74.39071005769975,22.787305385774484
66.66666666666667,500.0,32.20875713361245,6.580401820989456,39.262306054545846,45.08312330904238,4.986313481924669,28.443465478277947,58.59750221033434,55.27925142276624,60.0,60.0,60.0,60.0,60.0,60.0,60.0,60.0,82.25379776609147,42.55483890785842,74.39071005769975,22.787305385774484,114.42185196578195,32.94055406436199,70.86413134965663,20.09946325534581
66.66666666666667,500.0,32.20875713361245,6.580401820989456,39.262306054545846,45.08312330904238,58.59750221033434,55.27925142276624,4.986313481924669,28.443465478277947,60.0,60.0,60.0,60.0,60.0,60.0,60.0,60.0,82.25379776609147,42.55483890785842,74.39071005769975,22.787305385774484,70.86413134965663,20.09946325534581,114.42185196578195,32.94055406436199
66.66666666666667,500.0,32.20875713361245,6.580401820989456,58.59750221033434,55.27925142276624,4.986313481924669,28.443465478277947,39.262306054545846,45.08312330904238,60.0,60.0,60.0,60.0,60.0,60.0,60.0,60.0,82.25379776609147,42.55483890785842,70.86413134965663,20.09946325534581,114.42185196578195,32.94055406436199,74.39071005769975,22.787305385774484
66.66666666666667,500.0,32.20875713361245,6.580401820989456,58.59750221033434,55.27925142276624,39.262306054545846,45.08312330904238,4.986313481924669,28.443465478277947,60.0,60.0,60.0,60.0,60.0,60.0,60.0,60.0,82.25379776609147,42.55483890785842,70.86413134965663,20.09946325534581,74.39071005769975,22.787305385774484,114.42185196578195,32.94055406436199
66.66666666666667,500.0,58.59750221033434,55.27925142276624,4.986313481924669,28.443465478277947,39.262306054545846,45.08312330904238,32.20875713361245,6.580401820989456,60.00000000000001,60.00000000000001,60.00000000000001,60.00000000000001,60.00000000000001,60.00000000000001,60.00000000000001,60.00000000000001,70.86413134965663,20.09946325534581,114.42185196578195,32.94055406436199,74.39071005769975,22.787305385774484,82.25379776609147,42.55483890785842
66.66666666666667,500.0,58.59750221033434,55.27925142276624,4.986313481924669,28.443465478277947,32.20875713361245,6.580401820989456,39.262306054545846,45.08312330904238,60.00000000000001,60.00000000000001,60.00000000000001,60.00000000000001,60.00000000000001,60.00000000000001,60.00000000000001,60.00000000000001,70.86413134965663,20.09946325534581,114.42185196578195,32.94055406436199,82.25379776609147,42.55483890785842,74.39071005769975,22.787305385774484
66.66666666666667,500.0,58.59750221033434,55.27925142276624,39.262306054545846,45.08312330904238,4.986313481924669,28.443465478277947,32.20875713361245,6.580401820989456,60.00000000000001,60.00000000000001,60.00000000000001,60.00000000000001,60.00000000000001,60.00000000000001,60.00000000000001,60.00000000000001,70.86413134965663,20.09946325534581,74.39071005769975,22.787305385774484,114.42185196578195,32.94055406436199,82.25379776609147,42.55483890785842
66.66666666666667,500.0,58.59750221033434,55.27925142276624,39.262306054545846,45.08312330904238,32.20875713361245,6.580401820989456,4.986313481924669,28.443465478277947,60.00000000000001,60.00000000000001,60.00000000000001,60.00000000000001,60.00000000000001,60.00000000000001,60.00000000000001,60.00000000000001,70.86413134965663,20.09946325534581,74.39071005769975,22.787305385774484,82.25379776609147,42.55483890785842,114.42185196578195,32.94055406436199
66.66666666666667,500.0,58.59750221033434,55.27925142276624,32.20875713361245,6.580401820989456,4.986313481924669,28.443465478277947,39.262306054545846,45.08312330904238,60.00000000000001,60.00000000000001,60.00000000000001,60.00000000000001,60.00000000000001,60.00000000000001,60.00000000000001,60.00000000000001,70.86413134965663,20.09946325534581,82.25379776609147,42.55483890785842,114.42185196578195,32.94055406436199,74.39071005769975,22.787305385774484
66.66666666666667,500.0,58.59750221033434,55.27925142276624,32.20875713361245,6.580401820989456,39.262306054545846,45.08312330904238,4.986313481924669,28.443465478277947,60.00000000000001,60.00000000000001,60.00000000000001,60.00000000000001,60.00000000000001,60.00000000000001,60.00000000000001,60.00000000000001,70.86413134965663,20.09946325534581,82.25379776609147,42.55483890785842,74.39071005769975,22.787305385774484,114.42185196578195,32.94055406436199
66.66666666666667,500.0,5.211348800272397,8.376148412347781,57.369293262625085,17.95851595357707,36.03274430982172,41.498665211570525,9.102339826940264,33.941225583291185,59.99999999999999,40.0,59.99999999999999,40.0,59.99999999999999,40.0,59.99999999999999,40.0,97.34315525666172,42.38212012559321,77.70082075792857,38.19276760612269,81.8734446116561,35.470261263964616,88.77005716432548,34.40021282657093
66.66666666666667,500.0,5.211348800272397,8.376148412347781,9.102339826940264,33.941225583291185,57.369293262625085,17.95851595357707,36.03274430982172,41.498665211570525,59.99999999999999,40.0,59.99999999999999,40.0,59.99999999999999,40.0,59.99999999999999,40.0,97.34315525666172,42.38212012559321,88.77005716432548,34.40021282657093,77.70082075792857,38.19276760612269,81.8734446116561,35.470261263964616
66.66666666666667,500.0,5.211348800272397,8.376148412347781,9.102339826940264,33.941225583291185,36.03274430982172,41.498665211570525,57.369293262625085,17.95851595357707,59.99999999999999,40.0,59.99999999999999,40.0,59.99999999999999,40.0,59.99999999999999,40.0,97.34315525666172,42.38212012559321,88.77005716432548,34.40021282657093,81.8734446116561,35.470261263964616,77.70082075792857,38.19276760612269
66.66666666666667,500.0,5.211348800272397,8.376148412347781,36.03274430982172,41.498665211570525,57.369293262625085,17.95851595357707,9.102339826940264,33.941225583291185,59.99999999999999,40.0,59.99999999999999,40.0,59.99999999999999,40.0,59.99999999999999,40.0,97.34315525666172,42.38212012559321,81.8734446116561,35.470261263964616,77.70082075792857,38.19276760612269,88.77005716432548,34.40021282657093
66.66666666666667,500.0,5.211348800272397,8.376148412347781,36.03274430982172,41.498665211570525,9.102339826940264,33.941225583291185,57.369293262625085,17.95851595357707,59.99999999999999,40.0,59.99999999999999,40.0,59.99999999999999,40.0,59.99999999999999,40.0,97.34315525666172,42.38212012559321,81.8734446116561,35.470261263964616,88.77005716432548,34.40021282657093,77.70082075792857,38.19276760612269
66.66666666666667,500.0,57.369293262625085,17.95851595357707,5.211348800272397,8.376148412347781,9.102339826940264,33.941225583291185,36.03274430982172,41.498665211570525,59.99999999999999,40.0,59.99999999999999,40.0,59.99999999999999,40.0,59.99999999999999,40.0,77.70082075792857,38.19276760612269,97.34315525666172,42.38212012559321,88.77005716432548,34.40021282657093,81.8734446116561,35.470261263964616
66.66666666666667,500.0,57.369293262625085,17.95851595357707,5.211348800272397,8.376148412347781,36.03274430982172,41.498665211570525,9.102339826940264,33.941225583291185,59.99999999999999,40.0,59.99999999999999,40.0,59.99999999999999,40.0,59.99999999999999,40.0,77.70082075792857,38.19276760612269,97.34315525666172,42.38212012559321,81.8734446116561,35.470261263964616,88.77005716432548,34.40021282657093
66.66666666666667,500.0,57.369293262625085,17.95851595357707,9.102339826940264,33.941225583291185,5.211348800272397,8.376148412347781,36.03274430982172,41.498665211570525,60.0,40.0,60.0,40.0,60.0,40.0,60.0,40.0,77.70082075792857,38.19276760612269,88.77005716432548,34.40021282657093,97.34315525666172,42.38212012559321,81.8734446116561,35.470261263964616
66.66666666666667,500.0,57.369293262625085,17.95851595357707,9.102339826940264,33.941225583291185,36.03274430982172,41.498665211570525,5.211348800272397,8.376148412347781,59.99999999999999,40.0,59.99999999999999,40.0,59.99999999999999,40.0,59.99999999999999,40.0,77.70082075792857,38.19276760612269,88.77005716432548,34.40021282657093,81.8734446116561,35.470261263964616,97.34315525666172,42.38212012559321
66.66666666666667,500.0,57.369293262625085,17.95851595357707,36.03274430982172,41.498665211570525,5.211348800272397,8.376148412347781,9.102339826940264,33.941225583291185,59.99999999999999,40.0,59.99999999999999,40.0,59.99999999999999,40.0,59.99999999999999,40.0,77.70082075792857,38.19276760612269,81.8734446116561,35.470261263964616,97.34315525666172,42.38212012559321,88.77005716432548,34.40021282657093
66.66666666666667,500.0,57.369293262625085,17.95851595357707,36.03274430982172,41.498665211570525,9.102339826940264,33.941225583291185,5.211348800272397,8.376148412347781,59.99999999999999,40.0,59.99999999999999,40.0,59.99999999999999,40.0,59.99999999999999,40.0,77.70082075792857,38.19276760612269,81.8734446116561,35.470261263964616,88.77005716432548,34.40021282657093,97.34315525666172,42.38212012559321
66.66666666666667,500.0,9.102339826940264,33.941225583291185,5.211348800272397,8.376148412347781,57.369293262625085,17.95851595357707,36.03274430982172,41.498665211570525,59.99999999999999,40.0,59.99999999999999,40.0,59.99999999999999,40.0,59.99999999999999,40.0,88.77005716432548,34.40021282657093,97.34315525666172,42.38212012559321,77.70082075792857,38.19276760612269,81.8734446116561,35.470261263964616
66.66666666666667,500.0,9.102339826940264,33.941225583291185,5.211348800272397,8.376148412347781,36.03274430982172,41.498665211570525,57.369293262625085,17.95851595357707,59.99999999999999,40.0,59.99999999999999,40.0,59.99999999999999,40.0,59.99999999999999,40.0,88.77005716432548,34.40021282657093,97.34315525666172,42.38212012559321,81.8734446116561,35.470261263964616,77.70082075792857,38.19276760612269
66.66666666666667,500.0,9.102339826940264,33.941225583291185,57.369293262625085,17.95851595357707,5.211348800272397,8.376148412347781,36.03274430982172,41.498665211570525,60.0,40.0,60.0,40.0,60.0,40.0,60.0,40.0,88.77005716432548,34.40021282657093,77.70082075792857,38.19276760612269,97.34315525666172,42.38212012559321,81.8734446116561,35.470261263964616
66.66666666666667,500.0,9.102339826940264,33.941225583291185,57.369293262625085,17.95851595357707,36.03274430982172,41.498665211570525,5.211348800272397,8.376148412347781,59.99999999999999,40.0,59.99999999999999,40.0,59.99999999999999,40.0,59.99999999999999,40.0,88.77005716432548,34.40021282657093,77.70082075792857,38.19276760612269,81.8734446116561,35.470261263964616,97.34315525666172,42.38212012559321
66.66666666666667,500.0,9.102339826940264,33.941225583291185,36.03274430982172,41.498665211570525,5.211348800272397,8.376148412347781,57.369293262625085,17.95851595357707,59.99999999999999,40.0,59.99999999999999,40.0,59.99999999999999,40.0,59.99999999999999,40.0,88.77005716432548,34.40021282657093,81.8734446116561,35.470261263964616,97.34315525666172,42.38212012559321,77.70082075792857,38.19276760612269
66.66666666666667,500.0,9.102339826940264,33.941225583291185,36.03274430982172,41.498665211570525,57.369293262625085,17.95851595357707,5.211348800272397,8.376148412347781,59.99999999999999,40.0,59.99999999999999,40.0,59.99999999999999,40.0,59.99999999999999,40.0,88.77005716432548,34.40021282657093,81.8734446116561,35.470261263964616,77.70082075792857,38.19276760612269,97.34315525666172,42.38212012559321
66.66666666666667,500.0,36.03274430982172,41.498665211570525,5.211348800272397,8.376148412347781,57.369293262625085,17.95851595357707,9.102339826940264,33.941225583291185,59.99999999999999,40.0,59.99999999999999,40.0,59.99999999999999,40.0,59.99999999999999,40.0,81.8734446116561,35.470261263964616,97.34315525666172,42.38212012559321,77.70082075792857,38.19276760612269,88.77005716432548,34.40021282657093
66.66666666666667,500.0,36.03274430982172,41.498665211570525,5.211348800272397,8.376148412347781,9.102339826940264,33.941225583291185,57.369293262625085,17.95851595357707,59.99999999999999,40.0,59.99999999999999,40.0,59.99999999999999,40.0,59.99999999999999,40.0,81.8734446116561,35.470261263964616,97.34315525666172,42.38212012559321,88.77005716432548,34.40021282657093,77.70082075792857,38.19276760612269
66.66666666666667,500.0,36.03274430982172,41.498665211570525,57.369293262625085,17.95851595357707,5.211348800272397,8.376148412347781,9.102339826940264,33.941225583291185,59.99999999999999,40.0,59.99999999999999,40.0,59.99999999999999,40.0,59.99999999999999,40.0,81.8734446116561,35.470261263964616,77.70082075792857,38.19276760612269,97.34315525666172,42.38212012559321,88.77005716432548,34.40021282657093
66.66666666666667,500.0,36.03274430982172,41.498665211570525,57.369293262625085,17.95851595357707,9.102339826940264,33.941225583291185,5.211348800272397,8.376148412347781,59.99999999999999,40.0,59.99999999999999,40.0,59.99999999999999,40.0,59.99999999999999,40.0,81.8734446116561,35.470261263964616,77.70082075792857,38.19276760612269,88.77005716432548,34.40021282657093,97.34315525666172,42.38212012559321
66.66666666666667,500.0,36.03274430982172,41.498665211570525,9.102339826940264,33.941225583291185,5.211348800272397,8.376148412347781,57.369293262625085,17.95851595357707,59.99999999999999,40.0,59.99999999999999,40.0,59.99999999999999,40.0,59.99999999999999,40.0,81.8734446116561,35.470261263964616,88.77005716432548,34.40021282657093,97.34315525666172,42.38212012559321,77.70082075792857,38.19276760612269
66.66666666666667,500.0,36.03274430982172,41.498665211570525,9.102339826940264,33.941225583291185,57.369293262625085,17.95851595357707,5.211348800272397,8.376148412347781,59.99999999999999,40.0,59.99999999999999,40.0,59.99999999999999,40.0,59.99999999999999,40.0,81.8734446116561,35.470261263964616,88.77005716432548,34.40021282657093,77.70082075792857,38.19276760612269,97.34315525666172,42.38212012559321
66.66666666666667,500.0,44.34573782095048,36.33570249394532,0.3037399981834165,56.947888135775045,59.54855169804455,1.5227202548656282,20.561475412279616,42.77581139119352,80.0,0.0,80.0,0.0,80.0,0.0,80.0,0.0,118.35695843899455,29.247050235139103,104.51845196040856,25.18119984705781,106.96555993356031,30.673242463707503,118.09362754457626,29.20214462792165
66.66666666666667,500.0,44.34573782095048,36.33570249394532,20.561475412279616,42.77581139119352,0.3037399981834165,56.947888135775045,59.54855169804455,1.5227202548656282,80.0,0.0,80.0,0.0,80.0,0.0,80.0,0.0,118.35695843899455,29.247050235139103,118.09362754457626,29.20214462792165,104.51845196040856,25.18119984705781,106.96555993356031,30.673242463707503
66.66666666666667,500.0,44.34573782095048,36.33570249394532,20.561475412279616,42.77581139119352,59.54855169804455,1.5227202548656282,0.3037399981834165,56.947888135775045,80.0,0.0,80.0,0.0,80.0,0.0,80.0,0.0,118.35695843899455,29.247050235139103,118.09362754457626,29.20214462792165,106.96555993356031,30.673242463707503,104.51845196040856,25.18119984705781
66.66666666666667,500.0,44.34573782095048,36.33570249394532,59.54855169804455,1.5227202548656282,0.3037399981834165,56.947888135775045,20.561475412279616,42.77581139119352,80.0,0.0,80.0,0.0,80.0,0.0,80.0,0.0,118.35695843899455,29.247050235139103,106.96555993356031,30.673242463707503,104.51845196040856,25.18119984705781,118.09362754457626,29.20214462792165
66.66666666666667,500.0,44.34573782095048,36.33570249394532,59.54855169804455,1.5227202548656282,20.561475412279616,42.77581139119352,0.3037399981834165,56.947888135775045,80.0,0.0,80.0,0.0,80.0,0.0,80.0,0.0,118.35695843899455,29.247050235139103,106.96555993356031,30.673242463707503,118.09362754457626,29.20214462792165,104.51845196040856,25.18119984705781
66.66666666666667,500.0,0.3037399981834165,56.947888135775045,44.34573782095048,36.33570249394532,20.561475412279616,42.77581139119352,59.54855169804455,1.5227202548656282,80.0,0.0,80.0,0.0,80.0,0.0,80.0,0.0,104.51845196040856,25.18119984705781,118.35695843899455,29.247050235139103,118.09362754457626,29.20214462792165,106.96555993356031,30.673242463707503
66.66666666666667,500.0,0.3037399981834165,56.947888135775045,44.34573782095048,36.33570249394532,59.54855169804455,1.5227202548656282,20.561475412279616,42.77581139119352,80.0,0.0,80.0,0.0,80.0,0.0,80.0,0.0,104.51845196040856,25.18119984705781,118.35695843899455,29.247050235139103,106.96555993356031,30.673242463707503,118.09362754457626,29.20214462792165
66.66666666666667,500.0,0.3037399981834165,56.947888135775045,20.561475412279616,42.77581139119352,44.34573782095048,36.33570249394532,59.54855169804455,1.5227202548656282,80.0,0.0,80.0,0.0,80.0,0.0,80.0,0.0,104.51845196040856,25.18119984705781,118.09362754457626,29.20214462792165,118.35695843899455,29.247050235139103,106.96555993356031,30.673242463707503
66.66666666666667,500.0,0.3037399981834165,56.947888135775045,20.561475412279616,42.77581139119352,59.54855169804455,1.5227202548656282,44.34573782095048,36.33570249394532,80.0,0.0,80.0,0.0,80.0,0.0,80.0,0.0,104.51845196040856,25.18119984705781,118.09362754457626,29.20214462792165,106.96555993356031,30.673242463707503,118.35695843899455,29.247050235139103
66.66666666666667,500.0,0.3037399981834165,56.947888135775045,59.54855169804455,1.5227202548656282,44.34573782095048,36.33570249394532,20.561475412279616,42.77581139119352,80.0,0.0,80.0,0.0,80.0,0.0,80.0,0.0,104.51845196040856,25.18119984705781,106.96555993356031,30.673242463707503,118.35695843899455,29.247050235139103,118.09362754457626,29.20214462792165
66.66666666666667,500.0,0.3037399981834165,56.947888135775045,59.54855169804455,1.5227202548656282,20.561475412279616,42.77581139119352,44.34573782095048,36.33570249394532,80.0,0.0,80.0,0.0,80.0,0.0,80.0,0.0,104.51845196040856,25.18119984705781,106.96555993356031,30.673242463707503,118.09362754457626,29.20214462792165,118.35695843899455,29.247050235139103
66.66666666666667,500.0,20.561475412279616,42.77581139119352,44.34573782095048,36.33570249394532,0.3037399981834165,56.947888135775045,59.54855169804455,1.5227202548656282,80.0,0.0,80.0,0.0,80.0,0.0,80.0,0.0,118.09362754457626,29.20214462792165,118.35695843899455,29.247050235139103,104.51845196040856,25.18119984705781,106.96555993356031,30.673242463707503
66.66666666666667,500.0,20.561475412279616,42.77581139119352,44.34573782095048,36.33570249394532,59.54855169804455,1.5227202548656282,0.3037399981834165,56.947888135775045,80.0,0.0,80.0,0.0,80.0,0.0,80.0,0.0,118.09362754457626,29.20214462792165,118.35695843899455,29.247050235139103,106.96555993356031,30.673242463707503,104.51845196040856,25.18119984705781
66.66666666666667,500.0,20.561475412279616,42.77581139119352,0.3037399981834165,56.947888135775045,44.34573782095048,36.33570249394532,59.54855169804455,1.5227202548656282,80.0,0.0,80.0,0.0,80.0,0.0,80.0,0.0,118.09362754457626,29.20214462792165,104.51845196040856,25.18119984705781,118.35695843899455,29.247050235139103,106.96555993356031,30.673242463707503
66.66666666666667,500.0,20.561475412279616,42.77581139119352,0.3037399981834165,56.947888135775045,59.54855169804455,1.5227202548656282,44.34573782095048,36.33570249394532,80.0,0.0,80.0,0.0,80.0,0.0,80.0,0.0,118.09362754457626,29.20214462792165,104.51845196040856,25.18119984705781,106.96555993356031,30.673242463707503,118.35695843899455,29.247050235139103
66.66666666666667,500.0,20.561475412279616,42.77581139119352,59.54855169804455,1.5227202548656282,44.34573782095048,36.33570249394532,0.3037399981834165,56.947888135775045,80.0,0.0,80.0,0.0,80.0,0.0,80.0,0.0,118.09362754457626,29.20214462792165,106.96555993356031,30.673242463707503,118.35695843899455,29.247050235139103,104.51845196040856,25.18119984705781
66.66666666666667,500.0,20.561475412279616,42.77581139119352,59.54855169804455,1.5227202548656282,0.3037399981834165,56.947888135775045,44.34573782095048,36.33570249394532,80.0,0.0,80.0,0.0,80.0,0.0,80.0,0.0,118.09362754457626,29.20214462792165,106.96555993356031,30.673242463707503,104.51845196040856,25.18119984705781,118.35695843899455,29.247050235139103
66.66666666666667,500.0,59.54855169804455,1.5227202548656282,44.34573782095048,36.33570249394532,0.3037399981834165,56.947888135775045,20.561475412279616,42.77581139119352,80.0,0.0,80.0,0.0,80.0,0.0,80.0,0.0,106.96555993356031,30.673242463707503,118.35695843899455,29.247050235139103,104.51845196040856,25.18119984705781,118.09362754457626,29.20214462792165
66.66666666666667,500.0,59.54855169804455,1.5227202548656282,44.34573782095048,36.33570249394532,20.561475412279616,42.77581139119352,0.3037399981834165,56.947888135775045,80.0,0.0,80.0,0.0,80.0,0.0,80.0,0.0,106.96555993356031,30.673242463707503,118.35695843899455,29.247050235139103,118.09362754457626,29.20214462792165,104.51845196040856,25.18119984705781
66.66666666666667,500.0,59.54855169804455,1.5227202548656282,0.3037399981834165,56.947888135775045,44.34573782095048,36.33570249394532,20.561475412279616,42.77581139119352,80.0,0.0,80.0,0.0,80.0,0.0,80.0,0.0,106.96555993356031,30.673242463707503,104.51845196040856,25.18119984705781,118.35695843899455,29.247050235139103,118.09362754457626,29.20214462792165
66.66666666666667,500.0,59.54855169804455,1.5227202548656282,0.3037399981834165,56.947888135775045,20.561475412279616,42.77581139119352,44.34573782095048,36.33570249394532,80.0,0.0,80.0,0.0,80.0,0.0,80.0,0.0,106.96555993356031,30.673242463707503,104.51845196040856,25.18119984705781,118.09362754457626,29.20214462792165,118.35695843899455,29.247050235139103
66.66666666666667,500.0,59.54855169804455,1.5227202548656282,20.561475412279616,42.77581139119352,44.34573782095048,36.33570249394532,0.3037399981834165,56.947888135775045,80.0,0.0,80.0,0.0,80.0,0.0,80.0,0.0,106.96555993356031,30.673242463707503,118.09362754457626,29.20214462792165,118.35695843899455,29.247050235139103,104.51845196040856,25.18119984705781
66.66666666666667,500.0,59.54855169804455,1.5227202548656282,20.561475412279616,42.77581139119352,0.3037399981834165,56.947888135775045,44.34573782095048,36.33570249394532,80.0,0.0,80.0,0.0,80.0,0.0,80.0,0.0,106.96555993356031,30.673242463707503,118.09362754457626,29.20214462792165,104.51845196040856,25.18119984705781,118.35695843899455,29.247050235139103
80.0,500.0,12.185706071055533,9.871360616351224,38.18921908201288,21.308982164732328,2.5780299027295883,43.858517242007046,58.72518985345108,37.79540027620673,100.0,0.0,100.0,0.0,100.0,0.0,100.0,0.0,111.79108167234656,22.044317840038737,103.97445980225528,18.520653369106675,118.31842173564,14.582129163381136,97.14421242023012,14.554568529498315
80.0,500.0,12.185706071055533,9.871360616351224,58.72518985345108,37.79540027620673,38.18921908201288,21.308982164732328,2.5780299027295883,43.858517242007046,100.0,0.0,100.0,0.0,100.0,0.0,100.0,0.0,111.79108167234656,22.044317840038737,97.14421242023012,14.554568529498315,103.97445980225528,18.520653369106675,118.31842173564,14.582129163381136
80.0,500.0,12.185706071055533,9.871360616351224,58.72518985345108,37.79540027620673,2.5780299027295883,43.858517242007046,38.18921908201288,21.308982164732328,100.0,0.0,100.0,0.0,100.0,0.0,100.0,0.0,111.79108167234656,22.044317840038737,97.14421242023012,14.554568529498315,118.31842173564,14.582129163381136,103.97445980225528,18.520653369106675
80.0,500.0,12.185706071055533,9.871360616351224,2.5780299027295883,43.858517242007046,38.18921908201288,21.308982164732328,58.72518985345108,37.79540027620673,100.0,0.0,100.0,0.0,100.0,0.0,100.0,0.0,111.79108167234656,22.044317840038737,118.31842173564,14.582129163381136,103.97445980225528,18.520653369106675,97.14421242023012,14.554568529498315
80.0,500.0,12.185706071055533,9.871360616351224,2.5780299027295883,43.858517242007046,58.72518985345108,37.79540027620673,38.18921908201288,21.308982164732328,100.0,0.0,100.0,0.0,100.0,0.0,100.0,0.0,111.79108167234656,22.044317840038737,118.31842173564,14.582129163381136,97.14421242023012,14.554568529498315,103.97445980225528,18.520653369106675
80.0,500.0,38.18921908201288,21.308982164732328,12.185706071055533,9.871360616351224,58.72518985345108,37.79540027620673,2.5780299027295883,43.858517242007046,100.0,0.0,100.0,0.0,100.0,0.0,100.0,0.0,103.97445980225528,18.520653369106675,111.79108167234656,22.044317840038737,97.14421242023012,14.554568529498315,118.31842173564,14.582129163381136
80.0,500.0,38.18921908201288,21.308982164732328,12.185706071055533,9.871360616351224,2.5780299027295883,43.858517242007046,58.72518985345108,37.79540027620673,100.0,0.0,100.0,0.0,100.0,0.0,100.0,0.0,103.97445980225528,18.520653369106675,111.79108167234656,22.044317840038737,118.31842173564,14.582129163381136,97.14421242023012,14.554568529498315
80.0,500.0,38.18921908201288,21.308982164732328,58.72518985345108,37.79540027620673,12.185706071055533,9.871360616351224,2.5780299027295883,43.858517242007046,100.0,0.0,100.0,0.0,100.0,0.0,100.0,0.0,103.97445980225528,18.520653369106675,97.14421242023012,14.554568529498315,111.79108167234656,22.044317840038737,118.31842173564,14.582129163381136
80.0,500.0,38.18921908201288,21.308982164732328,58.72518985345108,37.79540027620673,2.5780299027295883,43.858517242007046,12.185706071055533,9.871360616351224,100.0,0.0,100.0,0.0,100.0,0.0,100.0,0.0,103.97445980225528,18.520653369106675,97.14421242023012,14.554568529498315,118.31842173564,14.582129163381136,111.79108167234656,22.044317840038737
80.0,500.0,38.18921908201288,21.308982164732328,2.5780299027295883,43.858517242007046,12.185706071055533,9.871360616351224,58.72518985345108,37.79540027620673,100.0,0.0,100.0,0.0,100.0,0.0,100.0,0.0,103.97445980225528,18.520653369106675,118.31842173564,14.582129163381136,111.79108167234656,22.044317840038737,97.14421242023012,14.554568529498315
80.0,500.0,38.18921908201288,21.308982164732328,2.5780299027295883,43.858517242007046,58.72518985345108,37.79540027620673,12.185706071055533,9.871360616351224,100.0,0.0,100.0,0.0,100.0,0.0,100.0,0.0,103.97445980225528,18.520653369106675,118.31842173564,14.582129163381136,97.14421242023012,14.554568529498315,111.79108167234656,22.044317840038737
80.0,500.0,58.72518985345108,37.79540027620673,12.185706071055533,9.871360616351224,38.18921908201288,21.308982164732328,2.5780299027295883,43.858517242007046,100.0,0.0,100.0,0.0,100.0,0.0,100.0,0.0,97.14421242023012,14.554568529498315,111.79108167234656,22.044317840038737,103.97445980225528,18.520653369106675,118.31842173564,14.582129163381136
80.0,500.0,58.72518985345108,37.79540027620673,12.185706071055533,9.871360616351224,2.5780299027295883,43.858517242007046,38.18921908201288,21.308982164732328,100.0,0.0,100.0,0.0,100.0,0.0,100.0,0.0,97.14421242023012,14.554568529498315,111.79108167234656,22.044317840038737,118.31842173564,14.582129163381136,103.97445980225528,18.520653369106675
80.0,500.0,58.72518985345108,37.79540027620673,38.18921908201288,21.308982164732328,12.185706071055533,9.871360616351224,2.5780299027295883,43.858517242007046,100.0,0.0,100.0,0.0,100.0,0.0,100.0,0.0,97.14421242023012,14.554568529498315,103.97445980225528,18.520653369106675,111.79108167234656,22.044317840038737,118.31842173564,14.582129163381136
80.0,500.0,58.72518985345108,37.79540027620673,38.18921908201288,21.308982164732328,2.5780299027295883,43.858517242007046,12.185706071055533,9.871360616351224,100.0,0.0,100.0,0.0,100.0,0.0,100.0,0.0,97.14421242023012,14.554568529498315,103.97445980225528,18.520653369106675,118.31842173564,14.582129163381136,111.79108167234656,22.044317840038737
80.0,500.0,58.72518985345108,37.79540027620673,2.5780299027295883,43.858517242007046,12.185706071055533,9.871360616351224,38.18921908201288,21.308982164732328,100.0,0.0,100.0,0.0,100.0,0.0,100.0,0.0,97.14421242023012,14.554568529498315,118.31842173564,14.582129163381136,111.79108167234656,22.044317840038737,103.97445980225528,18.520653369106675
80.0,500.0,58.72518985345108,37.79540027620673,2.5780299027295883,43.858517242007046,38.18921908201288,21.308982164732328,12.185706071055533,9.871360616351224,100.0,0.0,100.0,0.0,100.0,0.0,100.0,0.0,97.14421242023012,14.554568529498315,118.31842173564,14.582129163381136,103.97445980225528,18.520653369106675,111.79108167234656,22.044317840038737
80.0,500.0,2.5780299027295883,43.858517242007046,12.185706071055533,9.871360616351224,38.18921908201288,21.308982164732328,58.72518985345108,37.79540027620673,100.0,0.0,100.0,0.0,100.0,0.0,100.0,0.0,118.31842173564,14.582129163381136,111.79108167234656,22.044317840038737,103.97445980225528,18.520653369106675,97.14421242023012,14.554568529498315
80.0,500.0,2.5780299027295883,43.858517242007046,12.185706071055533,9.871360616351224,58.72518985345108,37.79540027620673,38.18921908201288,21.308982164732328,100.0,0.0,100.0,0.0,100.0,0.0,100.0,0.0,118.31842173564,14.582129163381136,111.79108167234656,22.044317840038737,97.14421242023012,14.554568529498315,103.97445980225528,18.520653369106675
80.0,500.0,2.5780299027295883,43.858517242007046,38.18921908201288,21.308982164732328,12.185706071055533,9.871360616351224,58.72518985345108,37.79540027620673,100.0,0.0,100.0,0.0,100.0,0.0,100.0,0.0,118.31842173564,14.582129163381136,103.97445980225528,18.520653369106675,111.79108167234656,22.044317840038737,97.14421242023012,14.554568529498315
80.0,500.0,2.5780299027295883,43.858517242007046,38.18921908201288,21.308982164732328,58.72518985345108,37.79540027620673,12.185706071055533,9.871360616351224,100.0,0.0,100.0,0.0,100.0,0.0,100.0,0.0,118.31842173564,14.582129163381136,103.97445980225528,18.520653369106675,97.14421242023012,14.554568529498315,111.79108167234656,22.044317840038737
80.0,500.0,2.5780299027295883,43.858517242007046,58.72518985345108,37.79540027620673,12.185706071055533,9.871360616351224,38.18921908201288,21.308982164732328,100.0,0.0,100.0,0.0,100.0,0.0,100.0,0.0,118.31842173564,14.582129163381136,97.14421242023012,14.554568529498315,111.79108167234656,22.044317840038737,103.97445980225528,18.520653369106675
80.0,500.0,2.5780299027295883,43.858517242007046,58.72518985345108,37.79540027620673,38.18921908201288,21.308982164732328,12.185706071055533,9.871360616351224,100.0,0.0,100.0,0.0,100.0,0.0,100.0,0.0,118.31842173564,14.582129163381136,97.14421242023012,14.554568529498315,103.97445980225528,18.520653369106675,111.79108167234656,22.044317840038737
80.0,500.0,35.82627493799728,53.58846969708266,43.20819699126219,7.507231169927746,12.730123982247626,51.94818559507895,11.735130422584266,27.941518173983763,100.0,0.0,100.0,40.0,100.0,0.0,120.0,20.0,60.042018883148295,25.07023968216216,65.79169312057134,56.62938820587979,73.74983264240439,25.75216943105373,75.16263361854998,42.44891524179136
80.0,500.0,35.82627493799728,53.58846969708266,11.735130422584266,27.941518173983763,43.20819699126219,7.507231169927746,12.730123982247626,51.94818559507895,100.0,0.0,120.0,20.0,100.0,40.0,100.0,0.0,60.042018883148295,25.07023968216216,75.16263361854998,42.44891524179136,65.79169312057134,56.62938820587979,73.74983264240439,25.75216943105373
80.0,500.0,35.82627493799728,53.58846969708266,11.735130422584266,27.941518173983763,12.730123982247626,51.94818559507895,43.20819699126219,7.507231169927746,100.0,0.0,120.0,20.0,100.0,0.0,100.0,40.0,60.042018883148295,25.07023968216216,75.16263361854998,42.44891524179136,73.74983264240439,25.75216943105373,65.79169312057134,56.62938820587979
80.0,500.0,35.82627493799728,53.58846969708266,12.730123982247626,51.94818559507895,43.20819699126219,7.507231169927746,11.735130422584266,27.941518173983763,100.0,0.0,100.0,0.0,100.0,40.0,120.0,20.0,60.042018883148295,25.07023968216216,73.74983264240439,25.75216943105373,65.79169312057134,56.62938820587979,75.16263361854998,42.44891524179136
80.0,500.0,35.82627493799728,53.58846969708266,12.730123982247626,51.94818559507895,11.735130422584266,27.941518173983763,43.20819699126219,7.507231169927746,100.0,0.0,100.0,0.0,120.0,20.0,100.0,40.0,60.042018883148295,25.07023968216216,73.74983264240439,25.75216943105373,75.16263361854998,42.44891524179136,65.79169312057134,56.62938820587979
80.0,500.0,43.20819699126219,7.507231169927746,35.82627493799728,53.58846969708266,11.735130422584266,27.941518173983763,12.730123982247626,51.94818559507895,100.0,40.0,100.0,0.0,120.0,20.0,100.0,0.0,65.79169312057134,56.62938820587979,60.042018883148295,25.07023968216216,75.16263361854998,42.44891524179136,73.74983264240439,25.75216943105373
80.0,500.0,43.20819699126219,7.507231169927746,35.82627493799728,53.58846969708266,12.730123982247626,51.94818559507895,11.735130422584266,27.941518173983763,100.0,40.0,100.0,0.0,100.0,0.0,120.0,20.0,65.79169312057134,56.62938820587979,60.042018883148295,25.07023968216216,73.74983264240439,25.75216943105373,75.16263361854998,42.44891524179136
80.0,500.0,43.20819699126219,7.507231169927746,11.735130422584266,27.941518173983763,35.82627493799728,53.58846969708266,12.730123982247626,51.94818559507895,100.0,40.0,120.0,20.0,100.0,0.0,100.0,0.0,65.79169312057134,56.62938820587979,75.16263361854998,42.44891524179136,60.042018883148295,25.07023968216216,73.74983264240439,25.75216943105373
80.0,500.0,43.20819699126219,7.507231169927746,11.735130422584266,27.941518173983763,12.730123982247626,51.94818559507895,35.82627493799728,53.58846969708266,100.0,40.0,120.0,20.0,100.0,0.0,100.0,0.0,65.79169312057134,56.62938820587979,75.16263361854998,42.44891524179136,73.74983264240439,25.75216943105373,60.042018883148295,25.07023968216216
80.0,500.0,43.20819699126219,7.507231169927746,12.730123982247626,51.94818559507895,35.82627493799728,53.58846969708266,11.735130422584266,27.941518173983763,100.0,40.0,100.0,0.0,100.0,0.0,120.0,20.0,65.79169312057134,56.62938820587979,73.74983264240439,25.75216943105373,60.042018883148295,25.07023968216216,75.16263361854998,42.44891524179136
80.0,500.0,43.20819699126219,7.507231169927746,12.730123982247626,51.94818559507895,11.735130422584266,27.941518173983763,35.82627493799728,53.58846969708266,100.0,40.0,100.0,0.0,120.0,20.0,100.0,0.0,65.79169312057134,56.62938820587979,73.74983264240439,25.75216943105373,75.16263361854998,42.44891524179136,60.042018883148295,25.07023968216216
80.0,500.0,11.735130422584266,27.941518173983763,35.82627493799728,53.58846969708266,43.20819699126219,7.507231169927746,12.730123982247626,51.94818559507895,120.0,20.0,100.0,0.0,100.0,40.0,100.0,0.0,75.16263361854998,42.44891524179136,60.042018883148295,25.07023968216216,65.79169312057134,56.62938820587979,73.74983264240439,25.75216943105373
80.0,500.0,11.735130422584266,27.941518173983763,35.82627493799728,53.58846969708266,12.730123982247626,51.94818559507895,43.20819699126219,7.507231169927746,120.0,20.0,100.0,0.0,100.0,0.0,100.0,40.0,75.16263361854998,42.44891524179136,60.042018883148295,25.07023968216216,73.74983264240439,25.75216943105373,65.79169312057134,56.62938820587979
80.0,500.0,11.735130422584266,27.941518173983763,43.20819699126219,7.507231169927746,35.82627493799728,53.58846969708266,12.730123982247626,51.94818559507895,120.0,20.0,100.0,40.0,100.0,0.0,100.0,0.0,75.16263361854998,42.44891524179136,65.79169312057134,56.62938820587979,60.042018883148295,25.07023968216216,73.74983264240439,25.75216943105373
80.0,500.0,11.735130422584266,27.941518173983763,43.20819699126219,7.507231169927746,12.730123982247626,51.94818559507895,35.82627493799728,53.58846969708266,120.0,20.0,100.0,40.0,100.0,0.0,100.0,0.0,75.16263361854998,42.44891524179136,65.79169312057134,56.62938820587979,73.74983264240439,25.75216943105373,60.042018883148295,25.07023968216216
80.0,500.0,11.735130422584266,27.941518173983763,12.730123982247626,51.94818559507895,35.82627493799728,53.58846969708266,43.20819699126219,7.507231169927746,120.0,20.0,100.0,0.0,100.0,0.0,100.0,40.0,75.16263361854998,42.44891524179136,73.74983264240439,25.75216943105373,60.042018883148295,25.07023968216216,65.79169312057134,56.62938820587979
80.0,500.0,11.735130422584266,27.941518173983763,12.730123982247626,51.94818559507895,43.20819699126219,7.507231169927746,35.82627493799728,53.58846969708266,120.0,20.0,100.0,0.0,100.0,40.0,100.0,0.0,75.16263361854998,42.44891524179136,73.74983264240439,25.75216943105373,65.79169312057134,56.62938820587979,60.042018883148295,25.07023968216216
80.0,500.0,12.730123982247626,51.94818559507895,35.82627493799728,53.58846969708266,43.20819699126219,7.507231169927746,11.735130422584266,27.941518173983763,100.0,0.0,100.0,0.0,100.0,40.0,120.0,20.0,73.74983264240439,25.75216943105373,60.042018883148295,25.07023968216216,65.79169312057134,56.62938820587979,75.16263361854998,42.44891524179136
80.0,500.0,12.730123982247626,51.94818559507895,35.82627493799728,53.58846969708266,11.735130422584266,27.941518173983763,43.20819699126219,7.507231169927746,100.0,0.0,100.0,0.0,120.0,20.0,100.0,40.0,73.74983264240439,25.75216943105373,60.042018883148295,25.07023968216216,75.16263361854998,42.44891524179136,65.79169312057134,56.62938820587979
80.0,500.0,12.730123982247626,51.94818559507895,43.20819699126219,7.507231169927746,35.82627493799728,53.58846969708266,11.735130422584266,27.941518173983763,100.0,0.0,100.0,40.0,100.0,0.0,120.0,20.0,73.74983264240439,25.75216943105373,65.79169312057134,56.62938820587979,60.042018883148295,25.07023968216216,75.16263361854998,42.44891524179136
80.0,500.0,12.730123982247626,51.94818559507895,43.20819699126219,7.507231169927746,11.735130422584266,27.941518173983763,35.82627493799728,53.58846969708266,100.0,0.0,100.0,40.0,120.0,20.0,100.0,0.0,73.74983264240439,25.75216943105373,65.79169312057134,56.62938820587979,75.16263361854998,42.44891524179136,60.042018883148295,25.07023968216216
80.0,500.0,12.730123982247626,51.94818559507895,11.735130422584266,27.941518173983763,35.82627493799728,53.58846969708266,43.20819699126219,7.507231169927746,100.0,0.0,120.0,20.0,100.0,0.0,100.0,40.0,73.74983264240439,25.75216943105373,75.16263361854998,42.44891524179136,60.042018883148295,25.07023968216216,65.79169312057134,56.62938820587979
80.0,500.0,12.730123982247626,51.94818559507895,11.735130422584266,27.941518173983763,43.20819699126219,7.507231169927746,35.82627493799728,53.58846969708266,100.0,0.0,120.0,20.0,100.0,40.0,100.0,0.0,73.74983264240439,25.75216943105373,75.16263361854998,42.44891524179136,65.79169312057134,56.62938820587979,60.042018883148295,25.07023968216216
80.0,500.0,54.54792674276843,52.36671813014358,26.083593019704068,55.73514920181355,53.37758006349498,9.829793063811872,7.387638858235346,41.06335839119891,120.00000000000001,60.00000000000001,120.00000000000001,60.00000000000001,120.00000000000001,60.00000000000001,120.00000000000001,60.00000000000001,70.88560602949669,5.219950363425923,116.06030640862662,0.517087035907501,65.20010724441876,59.01319566451605,115.69266178271944,19.03814274961689
80.0,500.0,54.54792674276843,52.36671813014358,7.387638858235346,41.06335839119891,26.083593019704068,55.73514920181355,53.37758006349498,9.829793063811872,120.00000000000001,60.00000000000001,120.00000000000001,60.00000000000001,120.00000000000001,60.00000000000001,120.00000000000001,60.00000000000001,70.88560602949669,5.219950363425923,115.69266178271944,19.03814274961689,116.06030640862662,0.517087035907501,65.20010724441876,59.01319566451605
80.0,500.0,54.54792674276843,52.36671813014358,7.387638858235346,41.06335839119891,53.37758006349498,9.829793063811872,26.083593019704068,55.73514920181355,120.00000000000001,60.00000000000001,120.00000000000001,60.00000000000001,120.00000000000001,60.00000000000001,120.00000000000001,60.00000000000001,70.88560602949669,5.219950363425923,115.69266178271944,19.03814274961689,65.20010724441876,59.01319566451605,116.06030640862662,0.517087035907501
80.0,500.0,54.54792674276843,52.36671813014358,53.37758006349498,9.829793063811872,26.083593019704068,55.73514920181355,7.387638858235346,41.06335839119891,120.00000000000001,60.00000000000001,120.00000000000001,60.00000000000001,120.00000000000001,60.00000000000001,120.00000000000001,60.00000000000001,70.88560602949669,5.219950363425923,65.20010724441876,59.01319566451605,116.06030640862662,0.517087035907501,115.69266178271944,19.03814274961689
80.0,500.0,54.54792674276843,52.36671813014358,53.37758006349498,9.829793063811872,7.387638858235346,41.06335839119891,26.083593019704068,55.73514920181355,120.00000000000001,60.00000000000001,120.00000000000001,60.00000000000001,120.00000000000001,60.00000000000001,120.00000000000001,60.00000000000001,70.88560602949669,5.219950363425923,65.20010724441876,59.01319566451605,115.69266178271944,19.03814274961689,116.06030640862662,0.517087035907501
80.0,500.0,26.083593019704068,55.73514920181355,54.54792674276843,52.36671813014358,7.387638858235346,41.06335839119891,53.37758006349498,9.829793063811872,120.00000000000001,60.00000000000001,120.00000000000001,60.00000000000001,120.00000000000001,60.00000000000001,120.00000000000001,60.00000000000001,116.06030640862662,0.517087035907501,70.88560602949669,5.219950363425923,115.69266178271944,19.03814274961689,65.20010724441876,59.01319566451605
80.0,500.0,26.083593019704068,55.73514920181355,54.54792674276843,52.36671813014358,53.37758006349498,9.829793063811872,7.387638858235346,41.06335839119891,120.00000000000001,60.00000000000001,120.00000000000001,60.00000000000001,120.00000000000001,60.00000000000001,120.00000000000001,60.00000000000001,116.06030640862662,0.517087035907501,70.88560602949669,5.219950363425923,65.20010724441876,59.01319566451605,115.69266178271944,19.03814274961689
80.0,500.0,26.083593019704068,55.73514920181355,7.387638858235346,41.06335839119891,54.54792674276843,52.36671813014358,53.37758006349498,9.829793063811872,120.00000000000001,60.00000000000001,120.00000000000001,60.00000000000001,120.00000000000001,60.00000000000001,120.00000000000001,60.00000000000001,116.06030640862662,0.517087035907501,115.69266178271944,19.03814274961689,70.88560602949669,5.219950363425923,65.20010724441876,59.01319566451605
80.0,500.0,26.083593019704068,55.73514920181355,7.387638858235346,41.06335839119891,53.37758006349498,9.829793063811872,54.54792674276843,52.36671813014358,120.00000000000001,60.00000000000001,120.00000000000001,60.00000000000001,120.00000000000001,60.00000000000001,120.00000000000001,60.00000000000001,116.06030640862662,0.517087035907501,115.69266178271944,19.03814274961689,65.20010724441876,59.01319566451605,70.88560602949669,5.219950363425923
80.0,500.0,26.083593019704068,55.73514920181355,53.37758006349498,9.829793063811872,54.54792674276843,52.36671813014358,7.387638858235346,41.06335839119891,120.00000000000001,60.00000000000001,120.00000000000001,60.00000000000001,120.00000000000001,60.00000000000001,120.00000000000001,60.00000000000001,116.06030640862662,0.517087035907501,65.20010724441876,59.01319566451605,70.88560602949669,5.219950363425923,115.69266178271944,19.03814274961689
80.0,500.0,26.083593019704068,55.73514920181355,53.37758006349498,9.829793063811872,7.387638858235346,41.06335839119891,54.54792674276843,52.36671813014358,120.00000000000001,60.00000000000001,120.00000000000001,60.00000000000001,120.00000000000001,60.00000000000001,120.00000000000001,60.00000000000001,116.06030640862662,0.517087035907501,65.20010724441876,59.01319566451605,115.69266178271944,19.03814274961689,70.88560602949669,5.219950363425923
80.0,500.0,7.387638858235346,41.06335839119891,54.54792674276843,52.36671813014358,26.083593019704068,55.73514920181355,53.37758006349498,9.829793063811872,120.00000000000001,60.00000000000001,120.00000000000001,60.00000000000001,120.00000000000001,60.00000000000001,120.00000000000001,60.00000000000001,115.69266178271944,19.03814274961689,70.88560602949669,5.219950363425923,116.06030640862662,0.517087035907501,65.20010724441876,59.01319566451605
80.0,500.0,7.387638858235346,41.06335839119891,54.54792674276843,52.36671813014358,53.37758006349498,9.829793063811872,26.083593019704068,55.73514920181355,120.00000000000001,60.00000000000001,120.00000000000001,60.00000000000001,120.00000000000001,60.00000000000001,120.00000000000001,60.00000000000001,115.69266178271944,19.03814274961689,70.88560602949669,5.219950363425923,65.20010724441876,59.01319566451605,116.06030640862662,0.517087035907501
80.0,500.0,7.387638858235346,41.06335839119891,26.083593019704068,55.73514920181355,54.54792674276843,52.36671813014358,53.37758006349498,9.829793063811872,120.00000000000001,60.00000000000001,120.00000000000001,60.00000000000001,120.00000000000001,60.00000000000001,120.00000000000001,60.00000000000001,115.69266178271944,19.03814274961689,116.06030640862662,0.517087035907501,70.88560602949669,5.219950363425923,65.20010724441876,59.01319566451605
80.0,500.0,7.387638858235346,41.06335839119891,26.083593019704068,55.73514920181355,53.37758006349498,9.829793063811872,54.54792674276843,52.36671813014358,120.00000000000001,60.00000000000001,120.00000000000001,60.00000000000001,120.00000000000001,60.00000000000001,120.00000000000001,60.00000000000001,115.69266178271944,19.03814274961689,116.06030640862662,0.517087035907501,65.20010724441876,59.01319566451605,70.88560602949669,5.219950363425923
80.0,500.0,7.387638858235346,41.06335839119891,53.37758006349498,9.829793063811872,54.54792674276843,52.36671813014358,26.083593019704068,55.73514920181355,120.00000000000001,60.00000000000001,120.00000000000001,60.00000000000001,120.00000000000001,60.00000000000001,120.00000000000001,60.00000000000001,115.69266178271944,19.03814274961689,65.20010724441876,59.01319566451605,70.88560602949669,5.219950363425923,116.06030640862662,0.517087035907501
80.0,500.0,7.387638858235346,41.06335839119891,53.37758006349498,9.829793063811872,26.083593019704068,55.73514920181355,54.54792674276843,52.36671813014358,120.00000000000001,60.00000000000001,120.00000000000001,60.00000000000001,120.00000000000001,60.00000000000001,120.00000000000001,60.00000000000001,115.69266178271944,19.03814274961689,65.20010724441876,59.01319566451605,116.06030640862662,0.517087035907501,70.88560602949669,5.219950363425923
80.0,500.0,53.37758006349498,9.829793063811872,54.54792674276843,52.36671813014358,26.083593019704068,55.73514920181355,7.387638858235346,41.06335839119891,120.00000000000001,60.00000000000001,120.00000000000001,60.00000000000001,120.00000000000001,60.00000000000001,120.00000000000001,60.00000000000001,65.20010724441876,59.01319566451605,70.88560602949669,5.219950363425923,116.06030640862662,0.517087035907501,115.69266178271944,19.03814274961689
80.0,500.0,53.37758006349498,9.829793063811872,54.54792674276843,52.36671813014358,7.387638858235346,41.06335839119891,26.083593019704068,55.73514920181355,120.00000000000001,60.00000000000001,120.00000000000001,60.00000000000001,120.00000000000001,60.00000000000001,120.00000000000001,60.00000000000001,65.20010724441876,59.01319566451605,70.88560602949669,5.219950363425923,115.69266178271944,19.03814274961689,116.06030640862662,0.517087035907501
80.0,500.0,53.37758006349498,9.829793063811872,26.083593019704068,55.73514920181355,54.54792674276843,52.36671813014358,7.387638858235346,41.06335839119891,120.00000000000001,60.00000000000001,120.00000000000001,60.00000000000001,120.00000000000001,60.00000000000001,120.00000000000001,60.00000000000001,65.20010724441876,59.01319566451605,116.06030640862662,0.517087035907501,70.88560602949669,5.219950363425923,115.69266178271944,19.03814274961689
80.0,500.0,53.37758006349498,9.829793063811872,26.083593019704068,55.73514920181355,7.387638858235346,41.06335839119891,54.54792674276843,52.36671813014358,120.00000000000001,60.00000000000001,120.00000000000001,60.00000000000001,120.00000000000001,60.00000000000001,120.00000000000001,60.00000000000001,65.20010724441876,59.01319566451605,116.06030640862662,0.517087035907501,115.69266178271944,19.03814274961689,70.88560602949669,5.219950363425923
80.0,500.0,53.37758006349498,9.829793063811872,7.387638858235346,41.06335839119891,54.54792674276843,52.36671813014358,26.083593019704068,55.73514920181355,120.00000000000001,60.00000000000001,120.00000000000001,60.00000000000001,120.00000000000001,60.00000000000001,120.00000000000001,60.00000000000001,65.20010724441876,59.01319566451605,115.69266178271944,19.03814274961689,70.88560602949669,5.219950363425923,116.06030640862662,0.517087035907501
80.0,500.0,53.37758006349498,9.829793063811872,7.387638858235346,41.06335839119891,26.083593019704068,55.73514920181355,54.54792674276843,52.36671813014358,120.00000000000001,60.00000000000001,120.00000000000001,60.00000000000001,120.00000000000001,60.00000000000001,120.00000000000001,60.00000000000001,65.20010724441876,59.01319566451605,115.69266178271944,19.03814274961689,116.06030640862662,0.517087035907501,70.88560602949669,5.219950363425923
80.0,500.0,56.55109035401546,42.16580384118928,1.3107137636651212,1.4520721328146746,25.28609564503224,25.513188285786125,28.47421354476287,46.709608125055446,120.0,40.0,120.0,40.0,120.0,40.0,120.0,40.0,66.46090181839578,41.40023351066577,101.82952872691575,54.44321443520205,74.57235313834651,45.5246485600337,77.29614267707777,44.82721964598232
80.0,500.0,56.55109035401546,42.16580384118928,28.47421354476287,46.709608125055446,1.3107137636651212,1.4520721328146746,25.28609564503224,25.513188285786125,120.0,40.0,120.0,40.0,120.0,40.0,120.0,40.0,66.46090181839578,41.40023351066577,77.29614267707777,44.82721964598232,101.82952872691575,54.44321443520205,74.57235313834651,45.5246485600337
80.0,500.0,56.55109035401546,42.16580384118928,28.47421354476287,46.709608125055446,25.28609564503224,25.513188285786125,1.3107137636651212,1.4520721328146746,120.0,40.0,120.0,40.0,120.0,40.0,120.0,40.0,66.46090181839578,41.40023351066577,77.29614267707777,44.82721964598232,74.57235313834651,45.5246485600337,101.82952872691575,54.44321443520205
80.0,500.0,56.55109035401546,42.16580384118928,25.28609564503224,25.513188285786125,1.3107137636651212,1.4520721328146746,28.47421354476287,46.709608125055446,120.0,40.0,120.0,40.0,120.0,40.0,120.0,40.0,66.46090181839578,41.40023351066577,74.57235313834651,45.5246485600337,101.82952872691575,54.44321443520205,77.29614267707777,44.82721964598232
80.0,500.0,56.55109035401546,42.16580384118928,25.28609564503224,25.513188285786125,28.47421354476287,46.709608125055446,1.3107137636651212,1.4520721328146746,120.0,40.0,120.0,40.0,120.0,40.0,120.0,40.0,66.46090181839578,41.40023351066577,74.57235313834651,45.5246485600337,77.29614267707777,44.82721964598232,101.82952872691575,54.44321443520205
80.0,500.0,1.3107137636651212,1.4520721328146746,56.55109035401546,42.16580384118928,28.47421354476287,46.709608125055446,25.28609564503224,25.513188285786125,120.0,40.0,120.0,40.0,120.0,40.0,120.0,40.0,101.82952872691575,54.44321443520205,66.46090181839578,41.40023351066577,77.29614267707777,44.82721964598232,74.57235313834651,45.5246485600337
80.0,500.0,1.3107137636651212,1.4520721328146746,56.55109035401546,42.16580384118928,25.28609564503224,25.513188285786125,28.47421354476287,46.709608125055446,120.0,40.0,120.0,40.0,120.0,40.0,120.0,40.0,101.82952872691575,54.44321443520205,66.46090181839578,41.40023351066577,74.57235313834651,45.5246485600337,77.29614267707777,44.82721964598232
80.0,500.0,1.3107137636651212,1.4520721328146746,28.47421354476287,46.709608125055446,56.55109035401546,42.16580384118928,25.28609564503224,25.513188285786125,120.0,40.0,120.0,40.0,120.0,40.0,120.0,40.0,101.82952872691575,54.44321443520205,77.29614267707777,44.82721964598232,66.46090181839578,41.40023351066577,74.57235313834651,45.5246485600337
80.0,500.0,1.3107137636651212,1.4520721328146746,28.47421354476287,46.709608125055446,25.28609564503224,25.513188285786125,56.55109035401546,42.16580384118928,120.0,40.0,120.0,40.0,120.0,40.0,120.0,40.0,101.82952872691575,54.44321443520205,77.29614267707777,44.82721964598232,74.57235313834651,45.5246485600337,66.46090181839578,41.40023351066577
80.0,500.0,1.3107137636651212,1.4520721328146746,25.28609564503224,25.513188285786125,56.55109035401546,42.16580384118928,28.47421354476287,46.709608125055446,120.0,40.0,120.0,40.0,120.0,40.0,120.0,40.0,101.82952872691575,54.44321443520205,74.57235313834651,45.5246485600337,66.46090181839578,41.40023351066577,77.29614267707777,44.82721964598232
80.0,500.0,1.3107137636651212,1.4520721328146746,25.28609564503224,25.513188285786125,28.47421354476287,46.709608125055446,56.55109035401546,42.16580384118928,120.0,40.0,120.0,40.0,120.0,40.0,120.0,40.0,101.82952872691575,54.44321443520205,74.57235313834651,45.5246485600337,77.29614267707777,44.82721964598232,66.46090181839578,41.40023351066577
80.0,500.0,28.47421354476287,46.709608125055446,56.55109035401546,42.16580384118928,1.3107137636651212,1.4520721328146746,25.28609564503224,25.513188285786125,120.0,40.0,120.0,40.0,120.0,40.0,120.0,40.0,77.29614267707777,44.82721964598232,66.46090181839578,41.40023351066577,101.82952872691575,54.44321443520205,74.57235313834651,45.5246485600337
80.0,500.0,28.47421354476287,46.709608125055446,56.55109035401546,42.16580384118928,25.28609564503224,25.513188285786125,1.3107137636651212,1.4520721328146746,120.0,40.0,120.0,40.0,120.0,40.0,120.0,40.0,77.29614267707777,44.82721964598232,66.46090181839578,41.40023351066577,74.57235313834651,45.5246485600337,101.82952872691575,54.44321443520205
80.0,500.0,28.47421354476287,46.709608125055446,1.3107137636651212,1.4520721328146746,56.55109035401546,42.16580384118928,25.28609564503224,25.513188285786125,120.0,40.0,120.0,40.0,120.0,40.0,120.0,40.0,77.29614267707777,44.82721964598232,101.82952872691575,54.44321443520205,66.46090181839578,41.40023351066577,74.57235313834651,45.5246485600337
80.0,500.0,28.47421354476287,46.709608125055446,1.3107137636651212,1.4520721328146746,25.28609564503224,25.513188285786125,56.55109035401546,42.16580384118928,120.0,40.0,120.0,40.0,120.0,40.0,120.0,40.0,77.29614267707777,44.82721964598232,101.82952872691575,54.44321443520205,74.57235313834651,45.5246485600337,66.46090181839578,41.40023351066577
80.0,500.0,28.47421354476287,46.709608125055446,25.28609564503224,25.513188285786125,56.55109035401546,42.16580384118928,1.3107137636651212,1.4520721328146746,120.0,40.0,120.0,40.0,120.0,40.0,120.0,40.0,77.29614267707777,44.82721964598232,74.57235313834651,45.5246485600337,66.46090181839578,41.40023351066577,101.82952872691575,54.44321443520205
80.0,500.0,28.47421354476287,46.709608125055446,25.28609564503224,25.513188285786125,1.3107137636651212,1.4520721328146746,56.55109035401546,42.16580384118928,120.0,40.0,120.0,40.0,120.0,40.0,120.0,40.0,77.29614267707777,44.82721964598232,74.57235313834651,45.5246485600337,101.82952872691575,54.44321443520205,66.46090181839578,41.40023351066577
80.0,500.0,25.28609564503224,25.513188285786125,56.55109035401546,42.16580384118928,1.3107137636651212,1.4520721328146746,28.47421354476287,46.709608125055446,120.0,40.0,120.0,40.0,120.0,40.0,120.0,40.0,74.57235313834651,45.5246485600337,66.46090181839578,41.40023351066577,101.82952872691575,54.44321443520205,77.29614267707777,44.82721964598232
80.0,500.0,25.28609564503224,25.513188285786125,56.55109035401546,42.16580384118928,28.47421354476287,46.709608125055446,1.3107137636651212,1.4520721328146746,120.0,40.0,120.0,40.0,120.0,40.0,120.0,40.0,74.57235313834651,45.5246485600337,66.46090181839578,41.40023351066577,77.29614267707777,44.82721964598232,101.82952872691575,54.44321443520205
80.0,500.0,25.28609564503224,25.513188285786125,1.3107137636651212,1.4520721328146746,56.55109035401546,42.16580384118928,28.47421354476287,46.709608125055446,120.0,40.0,120.0,40.0,120.0,40.0,120.0,40.0,74.57235313834651,45.5246485600337,101.82952872691575,54.44321443520205,66.46090181839578,41.40023351066577,77.29614267707777,44.82721964598232
80.0,500.0,25.28609564503224,25.513188285786125,1.3107137636651212,1.4520721328146746,28.47421354476287,46.709608125055446,56.55109035401546,42.16580384118928,120.0,40.0,120.0,40.0,120.0,40.0,120.0,40.0,74.57235313834651,45.5246485600337,101.82952872691575,54.44321443520205,77.29614267707777,44.82721964598232,66.46090181839578,41.40023351066577
80.0,500.0,25.28609564503224,25.513188285786125,28.47421354476287,46.709608125055446,56.55109035401546,42.16580384118928,1.3107137636651212,1.4520721328146746,120.0,40.0,120.0,40.0,120.0,40.0,120.0,40.0,74.57235313834651,45.5246485600337,77.29614267707777,44.82721964598232,66.46090181839578,41.40023351066577,101.82952872691575,54.44321443520205
80.0,500.0,25.28609564503224,25.513188285786125,28.47421354476287,46.709608125055446,1.3107137636651212,1.4520721328146746,56.55109035401546,42.16580384118928,120.0,40.0,120.0,40.0,120.0,40.0,120.0,40.0,74.57235313834651,45.5246485600337,77.29614267707777,44.82721964598232,101.82952872691575,54.44321443520205,66.46090181839578,41.40023351066577
80.0,500.0,26.29761949961138,10.622057669513667,8.159263100887744,35.044372623225776,51.436652017042434,17.332232140959412,56.50747002159251,44.56407627355854,80.0,20.0,100.0,20.0,100.0,20.0,100.0,20.0,88.62301931724683,53.09246662137287,117.1935530229258,32.119638187131535,91.81241591789748,48.90971926305554,88.91378798746015,30.701921183012463
80.0,500.0,26.29761949961138,10.622057669513667,56.50747002159251,44.56407627355854,8.159263100887744,35.044372623225776,51.436652017042434,17.332232140959412,80.0,20.0,100.0,20.0,100.0,20.0,100.0,20.0,88.62301931724683,53.09246662137287,88.91378798746015,30.701921183012463,117.1935530229258,32.119638187131535,91.81241591789748,48.90971926305554
80.0,500.0,26.29761949961138,10.622057669513667,56.50747002159251,44.56407627355854,51.436652017042434,17.332232140959412,8.159263100887744,35.044372623225776,80.0,20.0,100.0,20.0,100.0,20.0,100.0,20.0,88.62301931724683,53.09246662137287,88.91378798746015,30.701921183012463,91.81241591789748,48.90971926305554,117.1935530229258,32.119638187131535
80.0,500.0,26.29761949961138,10.622057669513667,51.436652017042434,17.332232140959412,8.159263100887744,35.044372623225776,56.50747002159251,44.56407627355854,80.0,20.0,100.0,20.0,100.0,20.0,100.0,20.0,88.62301931724683,53.09246662137287,91.81241591789748,48.90971926305554,117.1935530229258,32.119638187131535,88.91378798746015,30.701921183012463
80.0,500.0,26.29761949961138,10.622057669513667,51.436652017042434,17.332232140959412,56.50747002159251,44.56407627355854,8.159263100887744,35.044372623225776,80.0,20.0,100.0,20.0,100.0,20.0,100.0,20.0,88.62301931724683,53.09246662137287,91.81241591789748,48.90971926305554,88.91378798746015,30.701921183012463,117.1935530229258,32.119638187131535
80.0,500.0,8.159263100887744,35.044372623225776,26.29761949961138,10.622057669513667,56.50747002159251,44.56407627355854,51.436652017042434,17.332232140959412,100.0,20.0,80.0,20.0,100.0,20.0,100.0,20.0,117.1935530229258,32.119638187131535,88.62301931724683,53.09246662137287,88.91378798746015,30.701921183012463,91.81241591789748,48.90971926305554
80.0,500.0,8.159263100887744,35.044372623225776,26.29761949961138,10.622057669513667,51.436652017042434,17.332232140959412,56.50747002159251,44.56407627355854,100.0,20.0,80.0,20.0,100.0,20.0,100.0,20.0,117.1935530229258,32.119638187131535,88.62301931724683,53.09246662137287,91.81241591789748,48.90971926305554,88.91378798746015,30.701921183012463
80.0,500.0,8.159263100887744,35.044372623225776,56.50747002159251,44.56407627355854,26.29761949961138,10.622057669513667,51.436652017042434,17.332232140959412,100.0,20.0,100.0,20.0,80.0,20.0,100.0,20.0,117.1935530229258,32.119638187131535,88.91378798746015,30.701921183012463,88.62301931724683,53.09246662137287,91.81241591789748,48.90971926305554
80.0,500.0,8.159263100887744,35.044372623225776,56.50747002159251,44.56407627355854,51.436652017042434,17.332232140959412,26.29761949961138,10.622057669513667,100.0,20.0,100.0,20.0,100.0,20.0,80.0,20.0,117.1935530229258,32.119638187131535,88.91378798746015,30.701921183012463,91.81241591789748,48.90971926305554,88.62301931724683,53.09246662137287
80.0,500.0,8.159263100887744,35.044372623225776,51.436652017042434,17.332232140959412,26.29761949961138,10.622057669513667,56.50747002159251,44.56407627355854,100.0,20.0,100.0,20.0,80.0,20.0,100.0,20.0,117.1935530229258,32.119638187131535,91.81241591789748,48.90971926305554,88.62301931724683,53.09246662137287,88.91378798746015,30.701921183012463
80.0,500.0,8.159263100887744,35.044372623225776,51.436652017042434,17.332232140959412,56.50747002159251,44.56407627355854,26.29761949961138,10.622057669513667,100.0,20.0,100.0,20.0,100.0,20.0,80.0,20.0,117.1935530229258,32.119638187131535,91.81241591789748,48.90971926305554,88.91378798746015,30.701921183012463,88.62301931724683,53.09246662137287
80.0,500.0,56.50747002159251,44.56407627355854,26.29761949961138,10.622057669513667,8.159263100887744,35.044372623225776,51.436652017042434,17.332232140959412,100.0,20.0,80.0,20.0,100.0,20.0,100.0,20.0,88.91378798746015,30.701921183012463,88.62301931724683,53.09246662137287,117.1935530229258,32.119638187131535,91.81241591789748,48.90971926305554
80.0,500.0,56.50747002159251,44.56407627355854,26.29761949961138,10.622057669513667,51.436652017042434,17.332232140959412,8.159263100887744,35.044372623225776,100.0,20.0,80.0,20.0,100.0,20.0,100.0,20.0,88.91378798746015,30.701921183012463,88.62301931724683,53.09246662137287,91.81241591789748,48.90971926305554,117.1935530229258,32.119638187131535
80.0,500.0,56.50747002159251,44.56407627355854,8.159263100887744,35.044372623225776,26.29761949961138,10.622057669513667,51.436652017042434,17.332232140959412,100.0,20.0,100.0,20.0,80.0,20.0,100.0,20.0,88.91378798746015,30.701921183012463,117.1935530229258,32.119638187131535,88.62301931724683,53.09246662137287,91.81241591789748,48.90971926305554
80.0,500.0,56.50747002159251,44.56407627355854,8.159263100887744,35.044372623225776,51.436652017042434,17.332232140959412,26.29761949961138,10.622057669513667,100.0,20.0,100.0,20.0,100.0,20.0,80.0,20.0,88.91378798746015,30.701921183012463,117.1935530229258,32.119638187131535,91.81241591789748,48.90971926305554,88.62301931724683,53.09246662137287
80.0,500.0,56.50747002159251,44.56407627355854,51.436652017042434,17.332232140959412,26.29761949961138,10.622057669513667,8.159263100887744,35.044372623225776,100.0,20.0,100.0,20.0,80.0,20.0,100.0,20.0,88.91378798746015,30.701921183012463,91.81241591789748,48.90971926305554,88.62301931724683,53.09246662137287,117.1935530229258,32.119638187131535
80.0,500.0,56.50747002159251,44.56407627355854,51.436652017042434,17.332232140959412,8.159263100887744,35.044372623225776,26.29761949961138,10.622057669513667,100.0,20.0,100.0,20.0,100.0,20.0,80.0,20.0,88.91378798746015,30.701921183012463,91.81241591789748,48.90971926305554,117.1935530229258,32.119638187131535,88.62301931724683,53.09246662137287
80.0,500.0,51.436652017042434,17.332232140959412,26.29761949961138,10.622057669513667,8.159263100887744,35.044372623225776,56.50747002159251,44.56407627355854,100.0,20.0,80.0,20.0,100.0,20.0,100.0,20.0,91.81241591789748,48.90971926305554,88.62301931724683,53.09246662137287,117.1935530229258,32.119638187131535,88.91378798746015,30.701921183012463
80.0,500.0,51.436652017042434,17.332232140959412,26.29761949961138,10.622057669513667,56.50747002159251,44.56407627355854,8.159263100887744,35.044372623225776,100.0,20.0,80.0,20.0,100.0,20.0,100.0,20.0,91.81241591789748,48.90971926305554,88.62301931724683,53.09246662137287,88.91378798746015,30.701921183012463,117.1935530229258,32.119638187131535
80.0,500.0,51.436652017042434,17.332232140959412,8.159263100887744,35.044372623225776,26.29761949961138,10.622057669513667,56.50747002159251,44.56407627355854,100.0,20.0,100.0,20.0,80.0,20.0,100.0,20.0,91.81241591789748,48.90971926305554,117.1935530229258,32.119638187131535,88.62301931724683,53.09246662137287,88.91378798746015,30.701921183012463
80.0,500.0,51.436652017042434,17.332232140959412,8.159263100887744,35.044372623225776,56.50747002159251,44.56407627355854,26.29761949961138,10.622057669513667,100.0,20.0,100.0,20.0,100.0,20.0,80.0,20.0,91.81241591789748,48.90971926305554,117.1935530229258,32.119638187131535,88.91378798746015,30.701921183012463,88.62301931724683,53.09246662137287
80.0,500.0,51.436652017042434,17.332232140959412,56.50747002159251,44.56407627355854,26.29761949961138,10.622057669513667,8.159263100887744,35.044372623225776,100.0,20.0,100.0,20.0,80.0,20.0,100.0,20.0,91.81241591789748,48.90971926305554,88.91378798746015,30.701921183012463,88.62301931724683,53.09246662137287,117.1935530229258,32.119638187131535
80.0,500.0,51.436652017042434,17.332232140959412,56.50747002159251,44.56407627355854,8.159263100887744,35.044372623225776,26.29761949961138,10.622057669513667,100.0,20.0,100.0,20.0,100.0,20.0,80.0,20.0,91.81241591789748,48.90971926305554,88.91378798746015,30.701921183012463,117.1935530229258,32.119638187131535,88.62301931724683,53.09246662137287
80.0,500.0,25.588670881418164,38.09203944321389,3.4764116466160577,46.7646209904263,19.04502096122945,3.7262675310507687,51.89543429029944,57.23531273787504,80.0,0.0,60.0,0.0,60.0,0.0,60.0,0.0,95.14052647329687,21.166649175393808,108.41684106817208,15.385430458062594,89.44827033616082,46.71968850677068,73.30174585479365,8.760053056072387
80.0,500.0,25.588670881418164,38.09203944321389,51.89543429029944,57.23531273787504,3.4764116466160577,46.7646209904263,19.04502096122945,3.7262675310507687,80.0,0.0,60.0,0.0,60.0,0.0,60.0,0.0,95.14052647329687,21.166649175393808,73.30174585479365,8.760053056072387,108.41684106817208,15.385430458062594,89.44827033616082,46.71968850677068
80.0,500.0,25.588670881418164,38.09203944321389,51.89543429029944,57.23531273787504,19.04502096122945,3.7262675310507687,3.4764116466160577,46.7646209904263,80.0,0.0,60.0,0.0,60.0,0.0,60.0,0.0,95.14052647329687,21.166649175393808,73.30174585479365,8.760053056072387,89.44827033616082,46.71968850677068,108.41684106817208,15.385430458062594
80.0,500.0,25.588670881418164,38.09203944321389,19.04502096122945,3.7262675310507687,3.4764116466160577,46.7646209904263,51.89543429029944,57.23531273787504,80.0,0.0,60.0,0.0,60.0,0.0,60.0,0.0,95.14052647329687,21.166649175393808,89.44827033616082,46.71968850677068,108.41684106817208,15.385430458062594,73.30174585479365,8.760053056072387
80.0,500.0,25.588670881418164,38.09203944321389,19.04502096122945,3.7262675310507687,51.89543429029944,57.23531273787504,3.4764116466160577,46.7646209904263,80.0,0.0,60.0,0.0,60.0,0.0,60.0,0.0,95.14052647329687,21.166649175393808,89.44827033616082,46.71968850677068,73.30174585479365,8.760053056072387,108.41684106817208,15.385430458062594
80.0,500.0,3.4764116466160577,46.7646209904263,25.588670881418164,38.09203944321389,51.89543429029944,57.23531273787504,19.04502096122945,3.7262675310507687,60.0,0.0,80.0,0.0,60.0,0.0,60.0,0.0,108.41684106817208,15.385430458062594,95.14052647329687,21.166649175393808,73.30174585479365,8.760053056072387,89.44827033616082,46.71968850677068
80.0,500.0,3.4764116466160577,46.7646209904263,25.588670881418164,38.09203944321389,19.04502096122945,3.7262675310507687,51.89543429029944,57.23531273787504,60.0,0.0,80.0,0.0,60.0,0.0,60.0,0.0,108.41684106817208,15.385430458062594,95.14052647329687,21.166649175393808,89.44827033616082,46.71968850677068,73.30174585479365,8.760053056072387
80.0,500.0,3.4764116466160577,46.7646209904263,51.89543429029944,57.23531273787504,25.588670881418164,38.09203944321389,19.04502096122945,3.7262675310507687,60.0,0.0,60.0,0.0,80.0,0.0,60.0,0.0,108.41684106817208,15.385430458062594,73.30174585479365,8.760053056072387,95.14052647329687,21.166649175393808,89.44827033616082,46.71968850677068
80.0,500.0,3.4764116466160577,46.7646209904263,51.89543429029944,57.23531273787504,19.04502096122945,3.7262675310507687,25.588670881418164,38.09203944321389,60.0,0.0,60.0,0.0,60.0,0.0,80.0,0.0,108.41684106817208,15.385430458062594,73.30174585479365,8.760053056072387,89.44827033616082,46.71968850677068,95.14052647329687,21.166649175393808
80.0,500.0,3.4764116466160577,46.7646209904263,19.04502096122945,3.7262675310507687,25.588670881418164,38.09203944321389,51.89543429029944,57.23531273787504,60.0,0.0,60.0,0.0,80.0,0.0,60.0,0.0,108.41684106817208,15.385430458062594,89.44827033616082,46.71968850677068,95.14052647329687,21.166649175393808,73.30174585479365,8.760053056072387
80.0,500.0,3.4764116466160577,46.7646209904263,19.04502096122945,3.7262675310507687,51.89543429029944,57.23531273787504,25.588670881418164,38.09203944321389,60.0,0.0,60.0,0.0,60.0,0.0,80.0,0.0,108.41684106817208,15.385430458062594,89.44827033616082,46.71968850677068,73.30174585479365,8.760053056072387,95.14052647329687,21.166649175393808
80.0,500.0,51.89543429029944,57.23531273787504,25.588670881418164,38.09203944321389,3.4764116466160577,46.7646209904263,19.04502096122945,3.7262675310507687,60.0,0.0,80.0,0.0,60.0,0.0,60.0,0.0,73.30174585479365,8.760053056072387,95.14052647329687,21.166649175393808,108.41684106817208,15.385430458062594,89.44827033616082,46.71968850677068
80.0,500.0,51.89543429029944,57.23531273787504,25.588670881418164,38.09203944321389,19.04502096122945,3.7262675310507687,3.4764116466160577,46.7646209904263,60.0,0.0,80.0,0.0,60.0,0.0,60.0,0.0,73.30174585479365,8.760053056072387,95.14052647329687,21.166649175393808,89.44827033616082,46.71968850677068,108.41684106817208,15.385430458062594
80.0,500.0,51.89543429029944,57.23531273787504,3.4764116466160577,46.7646209904263,25.588670881418164,38.09203944321389,19.04502096122945,3.7262675310507687,60.0,0.0,60.0,0.0,80.0,0.0,60.0,0.0,73.30174585479365,8.760053056072387,108.41684106817208,15.385430458062594,95.14052647329687,21.166649175393808,89.44827033616082,46.71968850677068
80.0,500.0,51.89543429029944,57.23531273787504,3.4764116466160577,46.7646209904263,19.04502096122945,3.7262675310507687,25.588670881418164,38.09203944321389,60.0,0.0,60.0,0.0,60.0,0.0,80.0,0.0,73.30174585479365,8.760053056072387,108.41684106817208,15.385430458062594,89.44827033616082,46.71968850677068,95.14052647329687,21.166649175393808
80.0,500.0,51.89543429029944,57.23531273787504,19.04502096122945,3.7262675310507687,25.588670881418164,38.09203944321389,3.4764116466160577,46.7646209904263,60.0,0.0,60.0,0.0,80.0,0.0,60.0,0.0,73.30174585479365,8.760053056072387,89.44827033616082,46.71968850677068,95.14052647329687,21.166649175393808,108.41684106817208,15.385430458062594
80.0,500.0,51.89543429029944,57.23531273787504,19.04502096122945,3.7262675310507687,3.4764116466160577,46.7646209904263,25.588670881418164,38.09203944321389,60.0,0.0,60.0,0.0,60.0,0.0,80.0,0.0,73.30174585479365,8.760053056072387,89.44827033616082,46.71968850677068,108.41684106817208,15.385430458062594,95.14052647329687,21.166649175393808
80.0,500.0,19.04502096122945,3.7262675310507687,25.588670881418164,38.09203944321389,3.4764116466160577,46.7646209904263,51.89543429029944,57.23531273787504,60.0,0.0,80.0,0.0,60.0,0.0,60.0,0.0,89.44827033616082,46.71968850677068,95.14052647329687,21.166649175393808,108.41684106817208,15.385430458062594,73.30174585479365,8.760053056072387
80.0,500.0,19.04502096122945,3.7262675310507687,25.588670881418164,38.09203944321389,51.89543429029944,57.23531273787504,3.4764116466160577,46.7646209904263,60.0,0.0,80.0,0.0,60.0,0.0,60.0,0.0,89.44827033616082,46.71968850677068,95.14052647329687,21.166649175393808,73.30174585479365,8.760053056072387,108.41684106817208,15.385430458062594
80.0,500.0,19.04502096122945,3.7262675310507687,3.4764116466160577,46.7646209904263,25.588670881418164,38.09203944321389,51.89543429029944,57.23531273787504,60.0,0.0,60.0,0.0,80.0,0.0,60.0,0.0,89.44827033616082,46.71968850677068,108.41684106817208,15.385430458062594,95.14052647329687,21.166649175393808,73.30174585479365,8.760053056072387
80.0,500.0,19.04502096122945,3.7262675310507687,3.4764116466160577,46.7646209904263,51.89543429029944,57.23531273787504,25.588670881418164,38.09203944321389,60.0,0.0,60.0,0.0,60.0,0.0,80.0,0.0,89.44827033616082,46.71968850677068,108.41684106817208,15.385430458062594,73.30174585479365,8.760053056072387,95.14052647329687,21.166649175393808
80.0,500.0,19.04502096122945,3.7262675310507687,51.89543429029944,57.23531273787504,25.588670881418164,38.09203944321389,3.4764116466160577,46.7646209904263,60.0,0.0,60.0,0.0,80.0,0.0,60.0,0.0,89.44827033616082,46.71968850677068,73.30174585479365,8.760053056072387,95.14052647329687,21.166649175393808,108.41684106817208,15.385430458062594
80.0,500.0,19.04502096122945,3.7262675310507687,51.89543429029944,57.23531273787504,3.4764116466160577,46.7646209904263,25.588670881418164,38.09203944321389,60.0,0.0,60.0,0.0,60.0,0.0,80.0,0.0,89.44827033616082,46.71968850677068,73.30174585479365,8.760053056072387,108.41684106817208,15.385430458062594,95.14052647329687,21.166649175393808
80.0,500.0,1.2944118027610885,40.88481364879613,50.35445727302164,6.084072657683919,26.24652777410228,16.961404311282003,37.37126712945376,39.609436053519474,120.0,0.0,60.0,60.0,80.0,40.0,60.0,0.0,91.59002717285584,18.11657027898888,69.98568844964984,44.29201878632901,73.70919312409794,33.73819011032319,63.16559277215784,22.90481400489114
80.0,500.0,1.2944118027610885,40.88481364879613,37.37126712945376,39.609436053519474,50.35445727302164,6.084072657683919,26.24652777410228,16.961404311282003,120.0,0.0,60.0,0.0,60.0,60.0,80.0,40.0,91.59002717285584,18.11657027898888,63.16559277215784,22.90481400489114,69.98568844964984,44.29201878632901,73.70919312409794,33.73819011032319
80.0,500.0,1.2944118027610885,40.88481364879613,37.37126712945376,39.609436053519474,26.24652777410228,16.961404311282003,50.35445727302164,6.084072657683919,120.0,0.0,60.0,0.0,80.0,40.0,60.0,60.0,91.59002717285584,18.11657027898888,63.16559277215784,22.90481400489114,73.70919312409794,33.73819011032319,69.98568844964984,44.29201878632901
80.0,500.0,1.2944118027610885,40.88481364879613,26.24652777410228,16.961404311282003,50.35445727302164,6.084072657683919,37.37126712945376,39.609436053519474,120.0,0.0,80.0,40.0,60.0,60.0,60.0,0.0,91.59002717285584,18.11657027898888,73.70919312409794,33.73819011032319,69.98568844964984,44.29201878632901,63.16559277215784,22.90481400489114
80.0,500.0,1.2944118027610885,40.88481364879613,26.24652777410228,16.961404311282003,37.37126712945376,39.609436053519474,50.35445727302164,6.084072657683919,120.0,0.0,80.0,40.0,60.0,0.0,60.0,60.0,91.59002717285584,18.11657027898888,73.70919312409794,33.73819011032319,63.16559277215784,22.90481400489114,69.98568844964984,44.29201878632901
80.0,500.0,50.35445727302164,6.084072657683919,1.2944118027610885,40.88481364879613,37.37126712945376,39.609436053519474,26.24652777410228,16.961404311282003,60.0,60.0,120.0,0.0,60.0,0.0,80.0,40.0,69.98568844964984,44.29201878632901,91.59002717285584,18.11657027898888,63.16559277215784,22.90481400489114,73.70919312409794,33.73819011032319
80.0,500.0,50.35445727302164,6.084072657683919,1.2944118027610885,40.88481364879613,26.24652777410228,16.961404311282003,37.37126712945376,39.609436053519474,60.0,60.0,120.0,0.0,80.0,40.0,60.0,0.0,69.98568844964984,44.29201878632901,91.59002717285584,18.11657027898888,73.70919312409794,33.73819011032319,63.16559277215784,22.90481400489114
80.0,500.0,50.35445727302164,6.084072657683919,37.37126712945376,39.609436053519474,1.2944118027610885,40.88481364879613,26.24652777410228,16.961404311282003,60.0,60.0,60.0,0.0,120.0,0.0,80.0,40.0,69.98568844964984,44.29201878632901,63.16559277215784,22.90481400489114,91.59002717285584,18.11657027898888,73.70919312409794,33.73819011032319
80.0,500.0,50.35445727302164,6.084072657683919,37.37126712945376,39.609436053519474,26.24652777410228,16.961404311282003,1.2944118027610885,40.88481364879613,60.0,60.0,60.0,0.0,80.0,40.0,120.0,0.0,69.98568844964984,44.29201878632901,63.16559277215784,22.90481400489114,73.70919312409794,33.73819011032319,91.59002717285584,18.11657027898888
80.0,500.0,50.35445727302164,6.084072657683919,26.24652777410228,16.961404311282003,1.2944118027610885,40.88481364879613,37.37126712945376,39.609436053519474,60.0,60.0,80.0,40.0,120.0,0.0,60.0,0.0,69.98568844964984,44.29201878632901,73.70919312409794,33.73819011032319,91.59002717285584,18.11657027898888,63.16559277215784,22.90481400489114
80.0,500.0,50.35445727302164,6.084072657683919,26.24652777410228,16.961404311282003,37.37126712945376,39.609436053519474,1.2944118027610885,40.88481364879613,60.0,60.0,80.0,40.0,60.0,0.0,120.0,0.0,69.98568844964984,44.29201878632901,73.70919312409794,33.73819011032319,63.16559277215784,22.90481400489114,91.59002717285584,18.11657027898888
80.0,500.0,37.37126712945376,39.609436053519474,1.2944118027610885,40.88481364879613,50.35445727302164,6.084072657683919,26.24652777410228,16.961404311282003,60.0,0.0,120.0,0.0,60.0,60.0,80.0,40.0,63.16559277215784,22.90481400489114,91.59002717285584,18.11657027898888,69.98568844964984,44.29201878632901,73.70919312409794,33.73819011032319
80.0,500.0,37.37126712945376,39.609436053519474,1.2944118027610885,40.88481364879613,26.24652777410228,16.961404311282003,50.35445727302164,6.084072657683919,60.0,0.0,120.0,0.0,80.0,40.0,60.0,60.0,63.16559277215784,22.90481400489114,91.59002717285584,18.11657027898888,73.70919312409794,33.73819011032319,69.98568844964984,44.29201878632901
80.0,500.0,37.37126712945376,39.609436053519474,50.35445727302164,6.084072657683919,1.2944118027610885,40.88481364879613,26.24652777410228,16.961404311282003,60.0,0.0,60.0,60.0,120.0,0.0,80.0,40.0,63.16559277215784,22.90481400489114,69.98568844964984,44.29201878632901,91.59002717285584,18.11657027898888,73.70919312409794,33.73819011032319
80.0,500.0,37.37126712945376,39.609436053519474,50.35445727302164,6.084072657683919,26.24652777410228,16.961404311282003,1.2944118027610885,40.88481364879613,60.0,0.0,60.0,60.0,80.0,40.0,120.0,0.0,63.16559277215784,22.90481400489114,69.98568844964984,44.29201878632901,73.70919312409794,33.73819011032319,91.59002717285584,18.11657027898888
80.0,500.0,37.37126712945376,39.609436053519474,26.24652777410228,16.961404311282003,1.2944118027610885,40.88481364879613,50.35445727302164,6.084072657683919,60.0,0.0,80.0,40.0,120.0,0.0,60.0,60.0,63.16559277215784,22.90481400489114,73.70919312409794,33.73819011032319,91.59002717285584,18.11657027898888,69.98568844964984,44.29201878632901
80.0,500.0,37.37126712945376,39.609436053519474,26.24652777410228,16.961404311282003,50.35445727302164,6.084072657683919,1.2944118027610885,40.88481364879613,60.0,0.0,80.0,40.0,60.0,60.0,120.0,0.0,63.16559277215784,22.90481400489114,73.70919312409794,33.73819011032319,69.98568844964984,44.29201878632901,91.59002717285584,18.11657027898888
80.0,500.0,26.24652777410228,16.961404311282003,1.2944118027610885,40.88481364879613,50.35445727302164,6.084072657683919,37.37126712945376,39.609436053519474,80.0,40.0,120.0,0.0,60.0,60.0,60.0,0.0,73.70919312409794,33.73819011032319,91.59002717285584,18.11657027898888,69.98568844964984,44.29201878632901,63.16559277215784,22.90481400489114
80.0,500.0,26.24652777410228,16.961404311282003,1.2944118027610885,40.88481364879613,37.37126712945376,39.609436053519474,50.35445727302164,6.084072657683919,80.0,40.0,120.0,0.0,60.0,0.0,60.0,60.0,73.70919312409794,33.73819011032319,91.59002717285584,18.11657027898888,63.16559277215784,22.90481400489114,69.98568844964984,44.29201878632901
80.0,500.0,26.24652777410228,16.961404311282003,50.35445727302164,6.084072657683919,1.2944118027610885,40.88481364879613,37.37126712945376,39.609436053519474,80.0,40.0,60.0,60.0,120.0,0.0,60.0,0.0,73.70919312409794,33.73819011032319,69.98568844964984,44.29201878632901,91.59002717285584,18.11657027898888,63.16559277215784,22.90481400489114
80.0,500.0,26.24652777410228,16.961404311282003,50.35445727302164,6.084072657683919,37.37126712945376,39.609436053519474,1.2944118027610885,40.88481364879613,80.0,40.0,60.0,60.0,60.0,0.0,120.0,0.0,73.70919312409794,33.73819011032319,69.98568844964984,44.29201878632901,63.16559277215784,22.90481400489114,91.59002717285584,18.11657027898888
80.0,500.0,26.24652777410228,16.961404311282003,37.37126712945376,39.609436053519474,1.2944118027610885,40.88481364879613,50.35445727302164,6.084072657683919,80.0,40.0,60.0,0.0,120.0,0.0,60.0,60.0,73.70919312409794,33.73819011032319,63.16559277215784,22.90481400489114,91.59002717285584,18.11657027898888,69.98568844964984,44.29201878632901
80.0,500.0,26.24652777410228,16.961404311282003,37.37126712945376,39.609436053519474,50.35445727302164,6.084072657683919,1.2944118027610885,40.88481364879613,80.0,40.0,60.0,0.0,60.0,60.0,120.0,0.0,73.70919312409794,33.73819011032319,63.16559277215784,22.90481400489114,69.98568844964984,44.29201878632901,91.59002717285584,18.11657027898888
80.0,500.0,4.986313481924669,28.443465478277947,39.262306054545846,45.08312330904238,58.59750221033434,55.27925142276624,32.20875713361245,6.580401820989456,59.99999999999999,40.0,59.99999999999999,40.0,59.99999999999999,40.0,59.99999999999999,40.0,94.25165088168168,44.72796461380117,95.73741484518636,38.66556519380488,80.75553003918527,31.71348900550097,96.67869098637968,54.07815584058012
80.0,500.0,4.986313481924669,28.443465478277947,32.20875713361245,6.580401820989456,39.262306054545846,45.08312330904238,58.59750221033434,55.27925142276624,59.99999999999999,40.0,59.99999999999999,40.0,59.99999999999999,40.0,59.99999999999999,40.0,94.25165088168168,44.72796461380117,96.67869098637968,54.07815584058012,95.73741484518636,38.66556519380488,80.75553003918527,31.71348900550097
80.0,500.0,4.986313481924669,28.443465478277947,32.20875713361245,6.580401820989456,58.59750221033434,55.27925142276624,39.262306054545846,45.08312330904238,59.99999999999999,40.0,59.99999999999999,40.0,59.99999999999999,40.0,59.99999999999999,40.0,94.25165088168168,44.72796461380117,96.67869098637968,54.07815584058012,80.75553003918527,31.71348900550097,95.73741484518636,38.66556519380488
80.0,500.0,4.986313481924669,28.443465478277947,58.59750221033434,55.27925142276624,39.262306054545846,45.08312330904238,32.20875713361245,6.580401820989456,59.99999999999999,40.0,59.99999999999999,40.0,59.99999999999999,40.0,59.99999999999999,40.0,94.25165088168168,44.72796461380117,80.75553003918527,31.71348900550097,95.73741484518636,38.66556519380488,96.67869098637968,54.07815584058012
80.0,500.0,4.986313481924669,28.443465478277947,58.59750221033434,55.27925142276624,32.20875713361245,6.580401820989456,39.262306054545846,45.08312330904238,59.99999999999999,40.0,59.99999999999999,40.0,59.99999999999999,40.0,59.99999999999999,40.0,94.25165088168168,44.72796461380117,80.75553003918527,31.71348900550097,96.67869098637968,54.07815584058012,95.73741484518636,38.66556519380488
80.0,500.0,39.262306054545846,45.08312330904238,4.986313481924669,28.443465478277947,32.20875713361245,6.580401820989456,58.59750221033434,55.27925142276624,59.99999999999999,40.0,59.99999999999999,40.0,59.99999999999999,40.0,59.99999999999999,40.0,95.73741484518636,38.66556519380488,94.25165088168168,44.72796461380117,96.67869098637968,54.07815584058012,80.75553003918527,31.71348900550097
80.0,500.0,39.262306054545846,45.08312330904238,4.986313481924669,28.443465478277947,58.59750221033434,55.27925142276624,32.20875713361245,6.580401820989456,59.99999999999999,40.0,59.99999999999999,40.0,59.99999999999999,40.0,59.99999999999999,40.0,95.73741484518636,38.66556519380488,94.25165088168168,44.72796461380117,80.75553003918527,31.71348900550097,96.67869098637968,54.07815584058012
80.0,500.0,39.262306054545846,45.08312330904238,32.20875713361245,6.580401820989456,4.986313481924669,28.443465478277947,58.59750221033434,55.27925142276624,59.99999999999999,40.0,59.99999999999999,40.0,59.99999999999999,40.0,59.99999999999999,40.0,95.73741484518636,38.66556519380488,96.67869098637968,54.07815584058012,94.25165088168168,44.72796461380117,80.75553003918527,31.71348900550097
80.0,500.0,39.262306054545846,45.08312330904238,32.20875713361245,6.580401820989456,58.59750221033434,55.27925142276624,4.986313481924669,28.443465478277947,59.99999999999999,40.0,59.99999999999999,40.0,59.99999999999999,40.0,59.99999999999999,40.0,95.73741484518636,38.66556519380488,96.67869098637968,54.07815584058012,80.75553003918527,31.71348900550097,94.25165088168168,44.72796461380117
80.0,500.0,39.262306054545846,45.08312330904238,58.59750221033434,55.27925142276624,4.986313481924669,28.443465478277947,32.20875713361245,6.580401820989456,59.99999999999999,40.0,59.99999999999999,40.0,59.99999999999999,40.0,59.99999999999999,40.0,95.73741484518636,38.66556519380488,80.75553003918527,31.71348900550097,94.25165088168168,44.72796461380117,96.67869098637968,54.07815584058012
80.0,500.0,39.262306054545846,45.08312330904238,58.59750221033434,55.27925142276624,32.20875713361245,6.580401820989456,4.986313481924669,28.443465478277947,59.99999999999999,40.0,59.99999999999999,40.0,59.99999999999999,40.0,59.99999999999999,40.0,95.73741484518636,38.66556519380488,80.75553003918527,31.71348900550097,96.67869098637968,54.07815584058012,94.25165088168168,44.72796461380117
80.0,500.0,32.20875713361245,6.580401820989456,4.986313481924669,28.443465478277947,39.262306054545846,45.08312330904238,58.59750221033434,55.27925142276624,59.99999999999999,40.0,59.99999999999999,40.0,59.99999999999999,40.0,59.99999999999999,40.0,96.67869098637968,54.07815584058012,94.25165088168168,44.72796461380117,95.73741484518636,38.66556519380488,80.75553003918527,31.71348900550097
80.0,500.0,32.20875713361245,6.580401820989456,4.986313481924669,28.443465478277947,58.59750221033434,55.27925142276624,39.262306054545846,45.08312330904238,59.99999999999999,40.0,59.99999999999999,40.0,59.99999999999999,40.0,59.99999999999999,40.0,96.67869098637968,54.07815584058012,94.25165088168168,44.72796461380117,80.75553003918527,31.71348900550097,95.73741484518636,38.66556519380488
80.0,500.0,32.20875713361245,6.580401820989456,39.262306054545846,45.08312330904238,4.986313481924669,28.443465478277947,58.59750221033434,55.27925142276624,59.99999999999999,40.0,59.99999999999999,40.0,59.99999999999999,40.0,59.99999999999999,40.0,96.67869098637968,54.07815584058012,95.73741484518636,38.66556519380488,94.25165088168168,44.72796461380117,80.75553003918527,31.71348900550097
80.0,500.0,32.20875713361245,6.580401820989456,39.262306054545846,45.08312330904238,58.59750221033434,55.27925142276624,4.986313481924669,28.443465478277947,59.99999999999999,40.0,59.99999999999999,40.0,59.99999999999999,40.0,59.99999999999999,40.0,96.67869098637968,54.07815584058012,95.73741484518636,38.66556519380488,80.75553003918527,31.71348900550097,94.25165088168168,44.72796461380117
80.0,500.0,32.20875713361245,6.580401820989456,58.59750221033434,55.27925142276624,4.986313481924669,28.443465478277947,39.262306054545846,45.08312330904238,59.99999999999999,40.0,59.99999999999999,40.0,59.99999999999999,40.0,59.99999999999999,40.0,96.67869098637968,54.07815584058012,80.75553003918527,31.71348900550097,94.25165088168168,44.72796461380117,95.73741484518636,38.66556519380488
80.0,500.0,32.20875713361245,6.580401820989456,58.59750221033434,55.27925142276624,39.262306054545846,45.08312330904238,4.986313481924669,28.443465478277947,59.99999999999999,40.0,59.99999999999999,40.0,59.99999999999999,40.0,59.99999999999999,40.0,96.67869098637968,54.07815584058012,80.75553003918527,31.71348900550097,95.73741484518636,38.66556519380488,94.25165088168168,44.72796461380117
80.0,500.0,58.59750221033434,55.27925142276624,4.986313481924669,28.443465478277947,39.262306054545846,45.08312330904238,32.20875713361245,6.580401820989456,59.99999999999999,40.0,59.99999999999999,40.0,59.99999999999999,40.0,59.99999999999999,40.0,80.75553003918527,31.71348900550097,94.25165088168168,44.72796461380117,95.73741484518636,38.66556519380488,96.67869098637968,54.07815584058012
80.0,500.0,58.59750221033434,55.27925142276624,4.986313481924669,28.443465478277947,32.20875713361245,6.580401820989456,39.262306054545846,45.08312330904238,59.99999999999999,40.0,59.99999999999999,40.0,59.99999999999999,40.0,59.99999999999999,40.0,80.75553003918527,31.71348900550097,94.25165088168168,44.72796461380117,96.67869098637968,54.07815584058012,95.73741484518636,38.66556519380488
80.0,500.0,58.59750221033434,55.27925142276624,39.262306054545846,45.08312330904238,4.986313481924669,28.443465478277947,32.20875713361245,6.580401820989456,59.99999999999999,40.0,59.99999999999999,40.0,59.99999999999999,40.0,59.99999999999999,40.0,80.75553003918527,31.71348900550097,95.73741484518636,38.66556519380488,94.25165088168168,44.72796461380117,96.67869098637968,54.07815584058012
80.0,500.0,58.59750221033434,55.27925142276624,39.262306054545846,45.08312330904238,32.20875713361245,6.580401820989456,4.986313481924669,28.443465478277947,59.99999999999999,40.0,59.99999999999999,40.0,59.99999999999999,40.0,59.99999999999999,40.0,80.75553003918527,31.71348900550097,95.73741484518636,38.66556519380488,96.67869098637968,54.07815584058012,94.25165088168168,44.72796461380117
80.0,500.0,58.59750221033434,55.27925142276624,32.20875713361245,6.580401820989456,4.986313481924669,28.443465478277947,39.262306054545846,45.08312330904238,59.99999999999999,40.0,59.99999999999999,40.0,59.99999999999999,40.0,59.99999999999999,40.0,80.75553003918527,31.71348900550097,96.67869098637968,54.07815584058012,94.25165088168168,44.72796461380117,95.73741484518636,38.66556519380488
80.0,500.0,58.59750221033434,55.27925142276624,32.20875713361245,6.580401820989456,39.262306054545846,45.08312330904238,4.986313481924669,28.443465478277947,59.99999999999999,40.0,59.99999999999999,40.0,59.99999999999999,40.0,59.99999999999999,40.0,80.75553003918527,31.71348900550097,96.67869098637968,54.07815584058012,95.73741484518636,38.66556519380488,94.25165088168168,44.72796461380117
80.0,500.0,5.211348800272397,8.376148412347781,57.369293262625085,17.95851595357707,36.03274430982172,41.498665211570525,9.102339826940264,33.941225583291185,80.0,0.0,80.0,0.0,80.0,0.0,80.0,0.0,119.04787003075197,36.99038085691413,86.87953402405977,30.95204940693258,97.6165486906048,14.962248687477556,113.47943140441386,22.510505732491023
80.0,500.0,5.211348800272397,8.376148412347781,9.102339826940264,33.941225583291185,57.369293262625085,17.95851595357707,36.03274430982172,41.498665211570525,80.0,0.0,80.0,0.0,80.0,0.0,80.0,0.0,119.04787003075197,36.99038085691413,113.47943140441386,22.510505732491023,86.87953402405977,30.95204940693258,97.6165486906048,14.962248687477556
80.0,500.0,5.211348800272397,8.376148412347781,9.102339826940264,33.941225583291185,36.03274430982172,41.498665211570525,57.369293262625085,17.95851595357707,80.0,0.0,80.0,0.0,80.0,0.0,80.0,0.0,119.04787003075197,36.99038085691413,113.47943140441386,22.510505732491023,97.6165486906048,14.962248687477556,86.87953402405977,30.95204940693258
80.0,500.0,5.211348800272397,8.376148412347781,36.03274430982172,41.498665211570525,57.369293262625085,17.95851595357707,9.102339826940264,33.941225583291185,80.0,0.0,80.0,0.0,80.0,0.0,80.0,0.0,119.04787003075197,36.99038085691413,97.6165486906048,14.962248687477556,86.87953402405977,30.95204940693258,113.47943140441386,22.510505732491023
80.0,500.0,5.211348800272397,8.376148412347781,36.03274430982172,41.498665211570525,9.102339826940264,33.941225583291185,57.369293262625085,17.95851595357707,80.0,0.0,80.0,0.0,80.0,0.0,80.0,0.0,119.04787003075197,36.99038085691413,97.6165486906048,14.962248687477556,113.47943140441386,22.510505732491023,86.87953402405977,30.95204940693258
80.0,500.0,57.369293262625085,17.95851595357707,5.211348800272397,8.376148412347781,9.102339826940264,33.941225583291185,36.03274430982172,41.498665211570525,80.0,0.0,80.0,0.0,80.0,0.0,80.0,0.0,86.87953402405977,30.95204940693258,119.04787003075197,36.99038085691413,113.47943140441386,22.510505732491023,97.6165486906048,14.962248687477556
80.0,500.0,57.369293262625085,17.95851595357707,5.211348800272397,8.376148412347781,36.03274430982172,41.498665211570525,9.102339826940264,33.941225583291185,80.0,0.0,80.0,0.0,80.0,0.0,80.0,0.0,86.87953402405977,30.95204940693258,119.04787003075197,36.99038085691413,97.6165486906048,14.962248687477556,113.47943140441386,22.510505732491023
80.0,500.0,57.369293262625085,17.95851595357707,9.102339826940264,33.941225583291185,5.211348800272397,8.376148412347781,36.03274430982172,41.498665211570525,80.0,0.0,80.0,0.0,80.0,0.0,80.0,0.0,86.87953402405977,30.95204940693258,113.47943140441386,22.510505732491023,119.04787003075197,36.99038085691413,97.6165486906048,14.962248687477556
80.0,500.0,57.369293262625085,17.95851595357707,9.102339826940264,33.941225583291185,36.03274430982172,41.498665211570525,5.211348800272397,8.376148412347781,80.0,0.0,80.0,0.0,80.0,0.0,80.0,0.0,86.87953402405977,30.95204940693258,113.47943140441386,22.510505732491023,97.6165486906048,14.962248687477556,119.04787003075197,36.99038085691413
80.0,500.0,57.369293262625085,17.95851595357707,36.03274430982172,41.498665211570525,5.211348800272397,8.376148412347781,9.102339826940264,33.941225583291185,80.0,0.0,80.0,0.0,80.0,0.0,80.0,0.0,86.87953402405977,30.95204940693258,97.6165486906048,14.962248687477556,119.04787003075197,36.99038085691413,113.47943140441386,22.510505732491023
80.0,500.0,57.369293262625085,17.95851595357707,36.03274430982172,41.498665211570525,9.102339826940264,33.941225583291185,5.211348800272397,8.376148412347781,80.0,0.0,80.0,0.0,80.0,0.0,80.0,0.0,86.87953402405977,30.95204940693258,97.6165486906048,14.962248687477556,113.47943140441386,22.510505732491023,119.04787003075197,36.99038085691413
80.0,500.0,9.102339826940264,33.941225583291185,5.211348800272397,8.376148412347781,57.369293262625085,17.95851595357707,36.03274430982172,41.498665211570525,80.0,0.0,80.0,0.0,80.0,0.0,80.0,0.0,113.47943140441386,22.510505732491023,119.04787003075197,36.99038085691413,86.87953402405977,30.95204940693258,97.6165486906048,14.962248687477556
80.0,500.0,9.102339826940264,33.941225583291185,5.211348800272397,8.376148412347781,36.03274430982172,41.498665211570525,57.369293262625085,17.95851595357707,80.0,0.0,80.0,0.0,80.0,0.0,80.0,0.0,113.47943140441386,22.510505732491023,119.04787003075197,36.99038085691413,97.6165486906048,14.962248687477556,86.87953402405977,30.95204940693258
80.0,500.0,9.102339826940264,33.941225583291185,57.369293262625085,17.95851595357707,5.211348800272397,8.376148412347781,36.03274430982172,41.498665211570525,80.0,0.0,80.0,0.0,80.0,0.0,80.0,0.0,113.47943140441386,22.510505732491023,86.87953402405977,30.95204940693258,119.04787003075197,36.99038085691413,97.6165486906048,14.962248687477556
80.0,500.0,9.102339826940264,33.941225583291185,57.369293262625085,17.95851595357707,36.03274430982172,41.498665211570525,5.211348800272397,8.376148412347781,80.0,0.0,80.0,0.0,80.0,0.0,80.0,0.0,113.47943140441386,22.510505732491023,86.87953402405977,30.95204940693258,97.6165486906048,14.962248687477556,119.04787003075197,36.99038085691413
80.0,500.0,9.102339826940264,33.941225583291185,36.03274430982172,41.498665211570525,5.211348800272397,8.376148412347781,57.369293262625085,17.95851595357707,80.0,0.0,80.0,0.0,80.0,0.0,80.0,0.0,113.47943140441386,22.510505732491023,97.6165486906048,14.962248687477556,119.04787003075197,36.99038085691413,86.87953402405977,30.95204940693258
80.0,500.0,9.102339826940264,33.941225583291185,36.03274430982172,41.498665211570525,57.369293262625085,17.95851595357707,5.211348800272397,8.376148412347781,80.0,0.0,80.0,0.0,80.0,0.0,80.0,0.0,113.47943140441386,22.510505732491023,97.6165486906048,14.962248687477556,86.87953402405977,30.95204940693258,119.04787003075197,36.99038085691413
80.0,500.0,36.03274430982172,41.498665211570525,5.211348800272397,8.376148412347781,57.369293262625085,17.95851595357707,9.102339826940264,33.941225583291185,80.0,0.0,80.0,0.0,80.0,0.0,80.0,0.0,97.6165486906048,14.962248687477556,119.04787003075197,36.99038085691413,86.87953402405977,30.95204940693258,113.47943140441386,22.510505732491023
80.0,500.0,36.03274430982172,41.498665211570525,5.211348800272397,8.376148412347781,9.102339826940264,33.941225583291185,57.369293262625085,17.95851595357707,80.0,0.0,80.0,0.0,80.0,0.0,80.0,0.0,97.6165486906048,14.962248687477556,119.04787003075197,36.99038085691413,113.47943140441386,22.510505732491023,86.87953402405977,30.95204940693258
80.0,500.0,36.03274430982172,41.498665211570525,57.369293262625085,17.95851595357707,5.211348800272397,8.376148412347781,9.102339826940264,33.941225583291185,80.0,0.0,80.0,0.0,80.0,0.0,80.0,0.0,97.6165486906048,14.962248687477556,86.87953402405977,30.95204940693258,119.04787003075197,36.99038085691413,113.47943140441386,22.510505732491023
80.0,500.0,36.03274430982172,41.498665211570525,57.369293262625085,17.95851595357707,9.102339826940264,33.941225583291185,5.211348800272397,8.376148412347781,80.0,0.0,80.0,0.0,80.0,0.0,80.0,0.0,97.6165486906048,14.962248687477556,86.87953402405977,30.95204940693258,113.47943140441386,22.510505732491023,119.04787003075197,36.99038085691413
80.0,500.0,36.03274430982172,41.498665211570525,9.102339826940264,33.941225583291185,5.211348800272397,8.376148412347781,57.369293262625085,17.95851595357707,80.0,0.0,80.0,0.0,80.0,0.0,80.0,0.0,97.6165486906048,14.962248687477556,113.47943140441386,22.510505732491023,119.04787003075197,36.99038085691413,86.87953402405977,30.95204940693258
80.0,500.0,36.03274430982172,41.498665211570525,9.102339826940264,33.941225583291185,57.369293262625085,17.95851595357707,5.211348800272397,8.376148412347781,80.0,0.0,80.0,0.0,80.0,0.0,80.0,0.0,97.6165486906048,14.962248687477556,113.47943140441386,22.510505732491023,86.87953402405977,30.95204940693258,119.04787003075197,36.99038085691413
80.0,500.0,44.34573782095048,36.33570249394532,0.3037399981834165,56.947888135775045,59.54855169804455,1.5227202548656282,20.561475412279616,42.77581139119352,100.00000000000001,20.0,100.00000000000001,20.0,100.00000000000001,20.0,100.00000000000001,20.0,108.34974572112829,25.465324909453336,115.93377477692124,20.013778413655736,107.46664979995369,34.43959534846045,115.89188311551511,21.06283215700661
80.0,500.0,44.34573782095048,36.33570249394532,20.561475412279616,42.77581139119352,0.3037399981834165,56.947888135775045,59.54855169804455,1.5227202548656282,100.00000000000001,20.0,100.00000000000001,20.0,100.00000000000001,20.0,100.00000000000001,20.0,108.34974572112829,25.465324909453336,115.89188311551511,21.06283215700661,115.93377477692124,20.013778413655736,107.46664979995369,34.43959534846045
80.0,500.0,44.34573782095048,36.33570249394532,20.561475412279616,42.77581139119352,59.54855169804455,1.5227202548656282,0.3037399981834165,56.947888135775045,100.00000000000001,20.0,100.00000000000001,20.0,100.00000000000001,20.0,100.00000000000001,20.0,108.34974572112829,25.465324909453336,115.89188311551511,21.06283215700661,107.46664979995369,34.43959534846045,115.93377477692124,20.013778413655736
80.0,500.0,44.34573782095048,36.33570249394532,59.54855169804455,1.5227202548656282,0.3037399981834165,56.947888135775045,20.561475412279616,42.77581139119352,100.00000000000001,20.0,100.00000000000001,20.0,100.00000000000001,20.0,100.00000000000001,20.0,108.34974572112829,25.465324909453336,107.46664979995369,34.43959534846045,115.93377477692124,20.013778413655736,115.89188311551511,21.06283215700661
80.0,500.0,44.34573782095048,36.33570249394532,59.54855169804455,1.5227202548656282,20.561475412279616,42.77581139119352,0.3037399981834165,56.947888135775045,100.00000000000001,20.0,100.00000000000001,20.0,100.00000000000001,20.0,100.00000000000001,20.0,108.34974572112829,25.465324909453336,107.46664979995369,34.43959534846045,115.89188311551511,21.06283215700661,115.93377477692124,20.013778413655736
80.0,500.0,0.3037399981834165,56.947888135775045,44.34573782095048,36.33570249394532,20.561475412279616,42.77581139119352,59.54855169804455,1.5227202548656282,100.00000000000001,20.0,100.00000000000001,20.0,100.00000000000001,20.0,100.00000000000001,20.0,115.93377477692124,20.013778413655736,108.34974572112829,25.465324909453336,115.89188311551511,21.06283215700661,107.46664979995369,34.43959534846045
80.0,500.0,0.3037399981834165,56.947888135775045,44.34573782095048,36.33570249394532,59.54855169804455,1.5227202548656282,20.561475412279616,42.77581139119352,100.00000000000001,20.0,100.00000000000001,20.0,100.00000000000001,20.0,100.00000000000001,20.0,115.93377477692124,20.013778413655736,108.34974572112829,25.465324909453336,107.46664979995369,34.43959534846045,115.89188311551511,21.06283215700661
80.0,500.0,0.3037399981834165,56.947888135775045,20.561475412279616,42.77581139119352,44.34573782095048,36.33570249394532,59.54855169804455,1.5227202548656282,100.00000000000001,20.0,100.00000000000001,20.0,100.00000000000001,20.0,100.00000000000001,20.0,115.93377477692124,20.013778413655736,115.89188311551511,21.06283215700661,108.34974572112829,25.465324909453336,107.46664979995369,34.43959534846045
80.0,500.0,0.3037399981834165,56.947888135775045,20.561475412279616,42.77581139119352,59.54855169804455,1.5227202548656282,44.34573782095048,36.33570249394532,100.00000000000001,20.0,100.00000000000001,20.0,100.00000000000001,20.0,100.00000000000001,20.0,115.93377477692124,20.013778413655736,115.89188311551511,21.06283215700661,107.46664979995369,34.43959534846045,108.34974572112829,25.465324909453336
80.0,500.0,0.3037399981834165,56.947888135775045,59.54855169804455,1.5227202548656282,44.34573782095048,36.33570249394532,20.561475412279616,42.77581139119352,100.00000000000001,20.0,100.00000000000001,20.0,100.00000000000001,20.0,100.00000000000001,20.0,115.93377477692124,20.013778413655736,107.46664979995369,34.43959534846045,108.34974572112829,25.465324909453336,115.89188311551511,21.06283215700661
80.0,500.0,0.3037399981834165,56.947888135775045,59.54855169804455,1.5227202548656282,20.561475412279616,42.77581139119352,44.34573782095048,36.33570249394532,100.00000000000001,20.0,100.00000000000001,20.0,100.00000000000001,20.0,100.00000000000001,20.0,115.93377477692124,20.013778413655736,107.46664979995369,34.43959534846045,115.89188311551511,21.06283215700661,108.34974572112829,25.465324909453336
80.0,500.0,20.561475412279616,42.77581139119352,44.34573782095048,36.33570249394532,0.3037399981834165,56.947888135775045,59.54855169804455,1.5227202548656282,100.00000000000001,20.0,100.00000000000001,20.0,100.00000000000001,20.0,100.00000000000001,20.0,115.89188311551511,21.06283215700661,108.34974572112829,25.465324909453336,115.93377477692124,20.013778413655736,107.46664979995369,34.43959534846045
80.0,500.0,20.561475412279616,42.77581139119352,44.34573782095048,36.33570249394532,59.54855169804455,1.5227202548656282,0.3037399981834165,56.947888135775045,100.00000000000001,20.0,100.00000000000001,20.0,100.00000000000001,20.0,100.00000000000001,20.0,115.89188311551511,21.06283215700661,108.34974572112829,25.465324909453336,107.46664979995369,34.43959534846045,115.93377477692124,20.013778413655736
80.0,500.0,20.561475412279616,42.77581139119352,0.3037399981834165,56.947888135775045,44.34573782095048,36.33570249394532,59.54855169804455,1.5227202548656282,100.00000000000001,20.0,100.00000000000001,20.0,100.00000000000001,20.0,100.00000000000001,20.0,115.89188311551511,21.06283215700661,115.93377477692124,20.013778413655736,108.34974572112829,25.465324909453336,107.46664979995369,34.43959534846045
80.0,500.0,20.561475412279616,42.77581139119352,0.3037399981834165,56.947888135775045,59.54855169804455,1.5227202548656282,44.34573782095048,36.33570249394532,100.00000000000001,20.0,100.00000000000001,20.0,100.00000000000001,20.0,100.00000000000001,20.0,115.89188311551511,21.06283215700661,115.93377477692124,20.013778413655736,107.46664979995369,34.43959534846045,108.34974572112829,25.465324909453336
80.0,500.0,20.561475412279616,42.77581139119352,59.54855169804455,1.5227202548656282,44.34573782095048,36.33570249394532,0.3037399981834165,56.947888135775045,100.00000000000001,20.0,100.00000000000001,20.0,100.00000000000001,20.0,100.00000000000001,20.0,115.89188311551511,21.06283215700661,107.46664979995369,34.43959534846045,108.34974572112829,25.465324909453336,115.93377477692124,20.013778413655736
80.0,500.0,20.561475412279616,42.77581139119352,59.54855169804455,1.5227202548656282,0.3037399981834165,56.947888135775045,44.34573782095048,36.33570249394532,100.00000000000001,20.0,100.00000000000001,20.0,100.00000000000001,20.0,100.00000000000001,20.0,115.89188311551511,21.06283215700661,107.46664979995369,34.43959534846045,115.93377477692124,20.013778413655736,108.34974572112829,25.465324909453336
80.0,500.0,59.54855169804455,1.5227202548656282,44.34573782095048,36.33570249394532,0.3037399981834165,56.947888135775045,20.561475412279616,42.77581139119352,100.00000000000001,20.0,100.00000000000001,20.0,100.00000000000001,20.0,100.00000000000001,20.0,107.46664979995369,34.43959534846045,108.34974572112829,25.465324909453336,115.93377477692124,20.013778413655736,115.89188311551511,21.06283215700661
80.0,500.0,59.54855169804455,1.5227202548656282,44.34573782095048,36.33570249394532,20.561475412279616,42.77581139119352,0.3037399981834165,56.947888135775045,100.00000000000001,20.0,100.00000000000001,20.0,100.00000000000001,20.0,100.00000000000001,20.0,107.46664979995369,34.43959534846045,108.34974572112829,25.465324909453336,115.89188311551511,21.06283215700661,115.93377477692124,20.013778413655736
80.0,500.0,59.54855169804455,1.5227202548656282,0.3037399981834165,56.947888135775045,44.34573782095048,36.33570249394532,20.561475412279616,42.77581139119352,100.00000000000001,20.0,100.00000000000001,20.0,100.00000000000001,20.0,100.00000000000001,20.0,107.46664979995369,34.43959534846045,115.93377477692124,20.013778413655736,108.34974572112829,25.465324909453336,115.89188311551511,21.06283215700661
80.0,500.0,59.54855169804455,1.5227202548656282,0.3037399981834165,56.947888135775045,20.561475412279616,42.77581139119352,44.34573782095048,36.33570249394532,100.00000000000001,20.0,100.00000000000001,20.0,100.00000000000001,20.0,100.00000000000001,20.0,107.46664979995369,34.43959534846045,115.93377477692124,20.013778413655736,115.89188311551511,21.06283215700661,108.34974572112829,25.465324909453336
80.0,500.0,59.54855169804455,1.5227202548656282,20.561475412279616,42.77581139119352,44.34573782095048,36.33570249394532,0.3037399981834165,56.947888135775045,100.00000000000001,20.0,100.00000000000001,20.0,100.00000000000001,20.0,100.00000000000001,20.0,107.46664979995369,34.43959534846045,115.89188311551511,21.06283215700661,108.34974572112829,25.465324909453336,115.93377477692124,20.013778413655736
80.0,500.0,59.54855169804455,1.5227202548656282,20.561475412279616,42.77581139119352,0.3037399981834165,56.947888135775045,44.34573782095048,36.33570249394532,100.00000000000001,20.0,100.00000000000001,20.0,100.00000000000001,20.0,100.00000000000001,20.0,107.46664979995369,34.43959534846045,115.89188311551511,21.06283215700661,115.93377477692124,20.013778413655736,108.34974572112829,25.465324909453336
93.33333333333334,500.0,12.185706071055533,9.871360616351224,38.18921908201288,21.308982164732328,2.5780299027295883,43.858517242007046,58.72518985345108,37.79540027620673,100.00000000000001,20.0,100.00000000000001,20.0,100.00000000000001,20.0,100.00000000000001,20.0,107.29243862989172,45.9446770831328,88.98196006632072,38.84274048060835,101.14498071223542,25.626640474910563,72.06256522766398,27.65443228982737
93.33333333333334,500.0,12.185706071055533,9.871360616351224,58.72518985345108,37.79540027620673,38.18921908201288,21.308982164732328,2.5780299027295883,43.858517242007046,100.00000000000001,20.0,100.00000000000001,20.0,100.00000000000001,20.0,100.00000000000001,20.0,107.29243862989172,45.9446770831328,72.06256522766398,27.65443228982737,88.98196006632072,38.84274048060835,101.14498071223542,25.626640474910563
93.33333333333334,500.0,12.185706071055533,9.871360616351224,58.72518985345108,37.79540027620673,2.5780299027295883,43.858517242007046,38.18921908201288,21.308982164732328,100.00000000000001,20.0,100.00000000000001,20.0,100.00000000000001,20.0,100.00000000000001,20.0,107.29243862989172,45.9446770831328,72.06256522766398,27.65443228982737,101.14498071223542,25.626640474910563,88.98196006632072,38.84274048060835
93.33333333333334,500.0,12.185706071055533,9.871360616351224,2.5780299027295883,43.858517242007046,38.18921908201288,21.308982164732328,58.72518985345108,37.79540027620673,100.00000000000001,20.0,100.00000000000001,20.0,100.00000000000001,20.0,100.00000000000001,20.0,107.29243862989172,45.9446770831328,101.14498071223542,25.626640474910563,88.98196006632072,38.84274048060835,72.06256522766398,27.65443228982737
93.33333333333334,500.0,12.185706071055533,9.871360616351224,2.5780299027295883,43.858517242007046,58.72518985345108,37.79540027620673,38.18921908201288,21.308982164732328,100.00000000000001,20.0,100.00000000000001,20.0,100.00000000000001,20.0,100.00000000000001,20.0,107.29243862989172,45.9446770831328,101.14498071223542,25.626640474910563,72.06256522766398,27.65443228982737,88.98196006632072,38.84274048060835
93.33333333333334,500.0,38.18921908201288,21.308982164732328,12.185706071055533,9.871360616351224,58.72518985345108,37.79540027620673,2.5780299027295883,43.858517242007046,100.00000000000001,20.0,100.00000000000001,20.0,100.00000000000001,20.0,100.00000000000001,20.0,88.98196006632072,38.84274048060835,107.29243862989172,45.9446770831328,72.06256522766398,27.65443228982737,101.14498071223542,25.626640474910563
93.33333333333334,500.0,38.18921908201288,21.308982164732328,12.185706071055533,9.871360616351224,2.5780299027295883,43.858517242007046,58.72518985345108,37.79540027620673,100.00000000000001,20.0,100.00000000000001,20.0,100.00000000000001,20.0,100.00000000000001,20.0,88.98196006632072,38.84274048060835,107.29243862989172,45.9446770831328,101.14498071223542,25.626640474910563,72.06256522766398,27.65443228982737
93.33333333333334,500.0,38.18921908201288,21.308982164732328,58.72518985345108,37.79540027620673,12.185706071055533,9.871360616351224,2.5780299027295883,43.858517242007046,100.0,20.0,100.0,20.0,100.0,20.0,100.0,20.0,88.98196006632072,38.84274048060835,72.06256522766398,27.65443228982737,107.29243862989172,45.9446770831328,101.14498071223542,25.626640474910563
93.33333333333334,500.0,38.18921908201288,21.308982164732328,58.72518985345108,37.79540027620673,2.5780299027295883,43.858517242007046,12.185706071055533,9.871360616351224,100.0,20.0,100.0,20.0,100.0,20.0,100.0,20.0,88.98196006632072,38.84274048060835,72.06256522766398,27.65443228982737,101.14498071223542,25.626640474910563,107.29243862989172,45.9446770831328
93.33333333333334,500.0,38.18921908201288,21.308982164732328,2.5780299027295883,43.858517242007046,12.185706071055533,9.871360616351224,58.72518985345108,37.79540027620673,100.00000000000001,20.0,100.00000000000001,20.0,100.00000000000001,20.0,100.00000000000001,20.0,88.98196006632072,38.84274048060835,101.14498071223542,25.626640474910563,107.29243862989172,45.9446770831328,72.06256522766398,27.65443228982737
93.33333333333334,500.0,38.18921908201288,21.308982164732328,2.5780299027295883,43.858517242007046,58.72518985345108,37.79540027620673,12.185706071055533,9.871360616351224,100.0,20.0,100.0,20.0,100.0,20.0,100.0,20.0,88.98196006632072,38.84274048060835,101.14498071223542,25.626640474910563,72.06256522766398,27.65443228982737,107.29243862989172,45.9446770831328
93.33333333333334,500.0,58.72518985345108,37.79540027620673,12.185706071055533,9.871360616351224,38.18921908201288,21.308982164732328,2.5780299027295883,43.858517242007046,100.0,20.0,100.0,20.0,100.0,20.0,100.0,20.0,72.06256522766398,27.65443228982737,107.29243862989172,45.9446770831328,88.98196006632072,38.84274048060835,101.14498071223542,25.626640474910563
93.33333333333334,500.0,58.72518985345108,37.79540027620673,12.185706071055533,9.871360616351224,2.5780299027295883,43.858517242007046,38.18921908201288,21.308982164732328,100.0,20.0,100.0,20.0,100.0,20.0,100.0,20.0,72.06256522766398,27.65443228982737,107.29243862989172,45.9446770831328,101.14498071223542,25.626640474910563,88.98196006632072,38.84274048060835
93.33333333333334,500.0,58.72518985345108,37.79540027620673,38.18921908201288,21.308982164732328,12.185706071055533,9.871360616351224,2.5780299027295883,43.858517242007046,100.0,20.0,100.0,20.0,100.0,20.0,100.0,20.0,72.06256522766398,27.65443228982737,88.98196006632072,38.84274048060835,107.29243862989172,45.9446770831328,101.14498071223542,25.626640474910563
93.33333333333334,500.0,58.72518985345108,37.79540027620673,38.18921908201288,21.308982164732328,2.5780299027295883,43.858517242007046,12.185706071055533,9.871360616351224,100.0,20.0,100.0,20.0,100.0,20.0,100.0,20.0,72.06256522766398,27.65443228982737,88.98196006632072,38.84274048060835,101.14498071223542,25.626640474910563,107.29243862989172,45.9446770831328
93.33333333333334,500.0,58.72518985345108,37.79540027620673,2.5780299027295883,43.858517242007046,12.185706071055533,9.871360616351224,38.18921908201288,21.308982164732328,100.0,20.0,100.0,20.0,100.0,20.0,100.0,20.0,72.06256522766398,27.65443228982737,101.14498071223542,25.626640474910563,107.29243862989172,45.9446770831328,88.98196006632072,38.84274048060835
93.33333333333334,500.0,58.72518985345108,37.79540027620673,2.5780299027295883,43.858517242007046,38.18921908201288,21.308982164732328,12.185706071055533,9.871360616351224,100.0,20.0,100.0,20.0,100.0,20.0,100.0,20.0,72.06256522766398,27.65443228982737,101.14498071223542,25.626640474910563,88.98196006632072,38.84274048060835,107.29243862989172,45.9446770831328
93.33333333333334,500.0,2.5780299027295883,43.858517242007046,12.185706071055533,9.871360616351224,38.18921908201288,21.308982164732328,58.72518985345108,37.79540027620673,100.00000000000001,20.0,100.00000000000001,20.0,100.00000000000001,20.0,100.00000000000001,20.0,101.14498071223542,25.626640474910563,107.29243862989172,45.9446770831328,88.98196006632072,38.84274048060835,72.06256522766398,27.65443228982737
93.33333333333334,500.0,2.5780299027295883,43.858517242007046,12.185706071055533,9.871360616351224,58.72518985345108,37.79540027620673,38.18921908201288,21.308982164732328,100.00000000000001,20.0,100.00000000000001,20.0,100.00000000000001,20.0,100.00000000000001,20.0,101.14498071223542,25.626640474910563,107.29243862989172,45.9446770831328,72.06256522766398,27.65443228982737,88.98196006632072,38.84274048060835
93.33333333333334,500.0,2.5780299027295883,43.858517242007046,38.18921908201288,21.308982164732328,12.185706071055533,9.871360616351224,58.72518985345108,37.79540027620673,100.00000000000001,20.0,100.00000000000001,20.0,100.00000000000001,20.0,100.00000000000001,20.0,101.14498071223542,25.626640474910563,88.98196006632072,38.84274048060835,107.29243862989172,45.9446770831328,72.06256522766398,27.65443228982737
93.33333333333334,500.0,2.5780299027295883,43.858517242007046,38.18921908201288,21.308982164732328,58.72518985345108,37.79540027620673,12.185706071055533,9.871360616351224,100.0,20.0,100.0,20.0,100.0,20.0,100.0,20.0,101.14498071223542,25.626640474910563,88.98196006632072,38.84274048060835,72.06256522766398,27.65443228982737,107.29243862989172,45.9446770831328
93.33333333333334,500.0,2.5780299027295883,43.858517242007046,58.72518985345108,37.79540027620673,12.185706071055533,9.871360616351224,38.18921908201288,21.308982164732328,100.0,20.0,100.0,20.0,100.0,20.0,100.0,20.0,101.14498071223542,25.626640474910563,72.06256522766398,27.65443228982737,107.29243862989172,45.9446770831328,88.98196006632072,38.84274048060835
93.33333333333334,500.0,2.5780299027295883,43.858517242007046,58.72518985345108,37.79540027620673,38.18921908201288,21.308982164732328,12.185706071055533,9.871360616351224,100.0,20.0,100.0,20.0,100.0,20.0,100.0,20.0,101.14498071223542,25.626640474910563,72.06256522766398,27.65443228982737,88.98196006632072,38.84274048060835,107.29243862989172,45.9446770831328
93.33333333333334,500.0,35.82627493799728,53.58846969708266,43.20819699126219,7.507231169927746,12.730123982247626,51.94818559507895,11.735130422584266,27.941518173983763,59.99999999999999,20.0,59.99999999999999,20.0,59.99999999999999,20.0,59.99999999999999,20.0,77.81100416342451,45.026864291746,69.24384891927443,55.78043574692016,82.25733781523931,45.68746631188482,81.49912762955167,51.581169292387294
93.33333333333334,500.0,35.82627493799728,53.58846969708266,11.735130422584266,27.941518173983763,43.20819699126219,7.507231169927746,12.730123982247626,51.94818559507895,59.99999999999999,20.0,59.99999999999999,20.0,59.99999999999999,20.0,59.99999999999999,20.0,77.81100416342451,45.026864291746,81.49912762955167,51.581169292387294,69.24384891927443,55.78043574692016,82.25733781523931,45.68746631188482
93.33333333333334,500.0,35.82627493799728,53.58846969708266,11.735130422584266,27.941518173983763,12.730123982247626,51.94818559507895,43.20819699126219,7.507231169927746,59.99999999999999,20.0,59.99999999999999,20.0,59.99999999999999,20.0,59.99999999999999,20.0,77.81100416342451,45.026864291746,81.49912762955167,51.581169292387294,82.25733781523931,45.68746631188482,69.24384891927443,55.78043574692016
93.33333333333334,500.0,35.82627493799728,53.58846969708266,12.730123982247626,51.94818559507895,43.20819699126219,7.507231169927746,11.735130422584266,27.941518173983763,59.99999999999999,20.0,59.99999999999999,20.0,59.99999999999999,20.0,59.99999999999999,20.0,77.81100416342451,45.026864291746,82.25733781523931,45.68746631188482,69.24384891927443,55.78043574692016,81.49912762955167,51.581169292387294
93.33333333333334,500.0,35.82627493799728,53.58846969708266,12.730123982247626,51.94818559507895,11.735130422584266,27.941518173983763,43.20819699126219,7.507231169927746,59.99999999999999,20.0,59.99999999999999,20.0,59.99999999999999,20.0,59.99999999999999,20.0,77.81100416342451,45.026864291746,82.25733781523931,45.68746631188482,81.49912762955167,51.581169292387294,69.24384891927443,55.78043574692016
93.33333333333334,500.0,43.20819699126219,7.507231169927746,35.82627493799728,53.58846969708266,11.735130422584266,27.941518173983763,12.730123982247626,51.94818559507895,59.99999999999999,20.0,59.99999999999999,20.0,59.99999999999999,20.0,59.99999999999999,20.0,69.24384891927443,55.78043574692016,77.81100416342451,45.026864291746,81.49912762955167,51.581169292387294,82.25733781523931,45.68746631188482
93.33333333333334,500.0,43.20819699126219,7.507231169927746,35.82627493799728,53.58846969708266,12.730123982247626,51.94818559507895,11.735130422584266,27.941518173983763,59.99999999999999,20.0,59.99999999999999,20.0,59.99999999999999,20.0,59.99999999999999,20.0,69.24384891927443,55.78043574692016,77.81100416342451,45.026864291746,82.25733781523931,45.68746631188482,81.49912762955167,51.581169292387294
93.33333333333334,500.0,43.20819699126219,7.507231169927746,11.735130422584266,27.941518173983763,35.82627493799728,53.58846969708266,12.730123982247626,51.94818559507895,59.99999999999999,20.0,59.99999999999999,20.0,59.99999999999999,20.0,59.99999999999999,20.0,69.24384891927443,55.78043574692016,81.49912762955167,51.581169292387294,77.81100416342451,45.026864291746,82.25733781523931,45.68746631188482
93.33333333333334,500.0,43.20819699126219,7.507231169927746,11.735130422584266,27.941518173983763,12.730123982247626,51.94818559507895,35.82627493799728,53.58846969708266,59.99999999999999,20.0,59.99999999999999,20.0,59.99999999999999,20.0,59.99999999999999,20.0,69.24384891927443,55.78043574692016,81.49912762955167,51.581169292387294,82.25733781523931,45.68746631188482,77.81100416342451,45.026864291746
93.33333333333334,500.0,43.20819699126219,7.507231169927746,12.730123982247626,51.94818559507895,35.82627493799728,53.58846969708266,11.735130422584266,27.941518173983763,59.99999999999999,20.0,59.99999999999999,20.0,59.99999999999999,20.0,59.99999999999999,20.0,69.24384891927443,55.78043574692016,82.25733781523931,45.68746631188482,77.81100416342451,45.026864291746,81.49912762955167,51.581169292387294
93.33333333333334,500.0,43.20819699126219,7.507231169927746,12.730123982247626,51.94818559507895,11.735130422584266,27.941518173983763,35.82627493799728,53.58846969708266,59.99999999999999,20.0,59.99999999999999,20.0,59.99999999999999,20.0,59.99999999999999,20.0,69.24384891927443,55.78043574692016,82.25733781523931,45.68746631188482,81.49912762955167,51.581169292387294,77.81100416342451,45.026864291746
93.33333333333334,500.0,11.735130422584266,27.941518173983763,35.82627493799728,53.58846969708266,43.20819699126219,7.507231169927746,12.730123982247626,51.94818559507895,59.99999999999999,20.0,59.99999999999999,20.0,59.99999999999999,20.0,59.99999999999999,20.0,81.49912762955167,51.581169292387294,77.81100416342451,45.026864291746,69.24384891927443,55.78043574692016,82.25733781523931,45.68746631188482
93.33333333333334,500.0,11.735130422584266,27.941518173983763,35.82627493799728,53.58846969708266,12.730123982247626,51.94818559507895,43.20819699126219,7.507231169927746,59.99999999999999,20.0,59.99999999999999,20.0,59.99999999999999,20.0,59.99999999999999,20.0,81.49912762955167,51.581169292387294,77.81100416342451,45.026864291746,82.25733781523931,45.68746631188482,69.24384891927443,55.78043574692016
93.33333333333334,500.0,11.735130422584266,27.941518173983763,43.20819699126219,7.507231169927746,35.82627493799728,53.58846969708266,12.730123982247626,51.94818559507895,59.99999999999999,20.0,59.99999999999999,20.0,59.99999999999999,20.0,59.99999999999999,20.0,81.49912762955167,51.581169292387294,69.24384891927443,55.78043574692016,77.81100416342451,45.026864291746,82.25733781523931,45.68746631188482
93.33333333333334,500.0,11.735130422584266,27.941518173983763,43.20819699126219,7.507231169927746,12.730123982247626,51.94818559507895,35.82627493799728,53.58846969708266,59.99999999999999,20.0,59.99999999999999,20.0,59.99999999999999,20.0,59.99999999999999,20.0,81.49912762955167,51.581169292387294,69.24384891927443,55.78043574692016,82.25733781523931,45.68746631188482,77.81100416342451,45.026864291746
93.33333333333334,500.0,11.735130422584266,27.941518173983763,12.730123982247626,51.94818559507895,35.82627493799728,53.58846969708266,43.20819699126219,7.507231169927746,59.99999999999999,20.0,59.99999999999999,20.0,59.99999999999999,20.0,59.99999999999999,20.0,81.49912762955167,51.581169292387294,82.25733781523931,45.68746631188482,77.81100416342451,45.026864291746,69.24384891927443,55.78043574692016
93.33333333333334,500.0,11.735130422584266,27.941518173983763,12.730123982247626,51.94818559507895,43.20819699126219,7.507231169927746,35.82627493799728,53.58846969708266,59.99999999999999,20.0,59.99999999999999,20.0,59.99999999999999,20.0,59.99999999999999,20.0,81.49912762955167,51.581169292387294,82.25733781523931,45.68746631188482,69.24384891927443,55.78043574692016,77.81100416342451,45.026864291746
93.33333333333334,500.0,12.730123982247626,51.94818559507895,35.82627493799728,53.58846969708266,43.20819699126219,7.507231169927746,11.735130422584266,27.941518173983763,59.99999999999999,20.0,59.99999999999999,20.0,59.99999999999999,20.0,59.99999999999999,20.0,82.25733781523931,45.68746631188482,77.81100416342451,45.026864291746,69.24384891927443,55.78043574692016,81.49912762955167,51.581169292387294
93.33333333333334,500.0,12.730123982247626,51.94818559507895,35.82627493799728,53.58846969708266,11.735130422584266,27.941518173983763,43.20819699126219,7.507231169927746,59.99999999999999,20.0,59.99999999999999,20.0,59.99999999999999,20.0,59.99999999999999,20.0,82.25733781523931,45.68746631188482,77.81100416342451,45.026864291746,81.49912762955167,51.581169292387294,69.24384891927443,55.78043574692016
93.33333333333334,500.0,12.730123982247626,51.94818559507895,43.20819699126219,7.507231169927746,35.82627493799728,53.58846969708266,11.735130422584266,27.941518173983763,59.99999999999999,20.0,59.99999999999999,20.0,59.99999999999999,20.0,59.99999999999999,20.0,82.25733781523931,45.68746631188482,69.24384891927443,55.78043574692016,77.81100416342451,45.026864291746,81.49912762955167,51.581169292387294
93.33333333333334,500.0,12.730123982247626,51.94818559507895,43.20819699126219,7.507231169927746,11.735130422584266,27.941518173983763,35.82627493799728,53.58846969708266,59.99999999999999,20.0,59.99999999999999,20.0,59.99999999999999,20.0,59.99999999999999,20.0,82.25733781523931,45.68746631188482,69.24384891927443,55.78043574692016,81.49912762955167,51.581169292387294,77.81100416342451,45.026864291746
93.33333333333334,500.0,12.730123982247626,51.94818559507895,11.735130422584266,27.941518173983763,35.82627493799728,53.58846969708266,43.20819699126219,7.507231169927746,59.99999999999999,20.0,59.99999999999999,20.0,59.99999999999999,20.0,59.99999999999999,20.0,82.25733781523931,45.68746631188482,81.49912762955167,51.581169292387294,77.81100416342451,45.026864291746,69.24384891927443,55.78043574692016
93.33333333333334,500.0,12.730123982247626,51.94818559507895,11.735130422584266,27.941518173983763,43.20819699126219,7.507231169927746,35.82627493799728,53.58846969708266,59.99999999999999,20.0,59.99999999999999,20.0,59.99999999999999,20.0,59.99999999999999,20.0,82.25733781523931,45.68746631188482,81.49912762955167,51.581169292387294,69.24384891927443,55.78043574692016,77.81100416342451,45.026864291746
93.33333333333334,500.0,54.54792674276843,52.36671813014358,26.083593019704068,55.73514920181355,53.37758006349498,9.829793063811872,7.387638858235346,41.06335839119891,100.0,20.0,100.0,20.0,100.0,20.0,100.0,20.0,77.40110244858104,21.19200080930496,102.12627813634452,17.26392458478167,84.63855293868018,50.46891480656348,112.04425066430824,28.16456540383136
93.33333333333334,500.0,54.54792674276843,52.36671813014358,7.387638858235346,41.06335839119891,26.083593019704068,55.73514920181355,53.37758006349498,9.829793063811872,100.0,20.0,100.0,20.0,100.0,20.0,100.0,20.0,77.40110244858104,21.19200080930496,112.04425066430824,28.16456540383136,102.12627813634452,17.26392458478167,84.63855293868018,50.46891480656348
93.33333333333334,500.0,54.54792674276843,52.36671813014358,7.387638858235346,41.06335839119891,53.37758006349498,9.829793063811872,26.083593019704068,55.73514920181355,100.0,20.0,100.0,20.0,100.0,20.0,100.0,20.0,77.40110244858104,21.19200080930496,112.04425066430824,28.16456540383136,84.63855293868018,50.46891480656348,102.12627813634452,17.26392458478167
93.33333333333334,500.0,54.54792674276843,52.36671813014358,53.37758006349498,9.829793063811872,26.083593019704068,55.73514920181355,7.387638858235346,41.06335839119891,100.0,20.0,100.0,20.0,100.0,20.0,100.0,20.0,77.40110244858104,21.19200080930496,84.63855293868018,50.46891480656348,102.12627813634452,17.26392458478167,112.04425066430824,28.16456540383136
93.33333333333334,500.0,54.54792674276843,52.36671813014358,53.37758006349498,9.829793063811872,7.387638858235346,41.06335839119891,26.083593019704068,55.73514920181355,100.0,20.0,100.0,20.0,100.0,20.0,100.0,20.0,77.40110244858104,21.19200080930496,84.63855293868018,50.46891480656348,112.04425066430824,28.16456540383136,102.12627813634452,17.26392458478167
93.33333333333334,500.0,26.083593019704068,55.73514920181355,54.54792674276843,52.36671813014358,7.387638858235346,41.06335839119891,53.37758006349498,9.829793063811872,100.0,20.0,100.0,20.0,100.0,20.0,100.0,20.0,102.12627813634452,17.26392458478167,77.40110244858104,21.19200080930496,112.04425066430824,28.16456540383136,84.63855293868018,50.46891480656348
93.33333333333334,500.0,26.083593019704068,55.73514920181355,54.54792674276843,52.36671813014358,53.37758006349498,9.829793063811872,7.387638858235346,41.06335839119891,100.0,20.0,100.0,20.0,100.0,20.0,100.0,20.0,102.12627813634452,17.26392458478167,77.40110244858104,21.19200080930496,84.63855293868018,50.46891480656348,112.04425066430824,28.16456540383136
93.33333333333334,500.0,26.083593019704068,55.73514920181355,7.387638858235346,41.06335839119891,54.54792674276843,52.36671813014358,53.37758006349498,9.829793063811872,100.0,20.0,100.0,20.0,100.0,20.0,100.0,20.0,102.12627813634452,17.26392458478167,112.04425066430824,28.16456540383136,77.40110244858104,21.19200080930496,84.63855293868018,50.46891480656348
93.33333333333334,500.0,26.083593019704068,55.73514920181355,7.387638858235346,41.06335839119891,53.37758006349498,9.829793063811872,54.54792674276843,52.36671813014358,100.0,20.0,100.0,20.0,100.0,20.0,100.0,20.0,102.12627813634452,17.26392458478167,112.04425066430824,28.16456540383136,84.63855293868018,50.46891480656348,77.40110244858104,21.19200080930496
93.33333333333334,500.0,26.083593019704068,55.73514920181355,53.37758006349498,9.829793063811872,54.54792674276843,52.36671813014358,7.387638858235346,41.06335839119891,100.0,20.0,100.0,20.0,100.0,20.0,100.0,20.0,102.12627813634452,17.26392458478167,84.63855293868018,50.46891480656348,77.40110244858104,21.19200080930496,112.04425066430824,28.16456540383136
93.33333333333334,500.0,26.083593019704068,55.73514920181355,53.37758006349498,9.829793063811872,7.387638858235346,41.06335839119891,54.54792674276843,52.36671813014358,100.0,20.0,100.0,20.0,100.0,20.0,100.0,20.0,102.12627813634452,17.26392458478167,84.63855293868018,50.46891480656348,112.04425066430824,28.16456540383136,77.40110244858104,21.19200080930496
93.33333333333334,500.0,7.387638858235346,41.06335839119891,54.54792674276843,52.36671813014358,26.083593019704068,55.73514920181355,53.37758006349498,9.829793063811872,100.0,20.0,100.0,20.0,100.0,20.0,100.0,20.0,112.04425066430824,28.16456540383136,77.40110244858104,21.19200080930496,102.12627813634452,17.26392458478167,84.63855293868018,50.46891480656348
93.33333333333334,500.0,7.387638858235346,41.06335839119891,54.54792674276843,52.36671813014358,53.37758006349498,9.829793063811872,26.083593019704068,55.73514920181355,100.0,20.0,100.0,20.0,100.0,20.0,100.0,20.0,112.04425066430824,28.16456540383136,77.40110244858104,21.19200080930496,84.63855293868018,50.46891480656348,102.12627813634452,17.26392458478167
93.33333333333334,500.0,7.387638858235346,41.06335839119891,26.083593019704068,55.73514920181355,54.54792674276843,52.36671813014358,53.37758006349498,9.829793063811872,100.0,20.0,100.0,20.0,100.0,20.0,100.0,20.0,112.04425066430824,28.16456540383136,102.12627813634452,17.26392458478167,77.40110244858104,21.19200080930496,84.63855293868018,50.46891480656348
93.33333333333334,500.0,7.387638858235346,41.06335839119891,26.083593019704068,55.73514920181355,53.37758006349498,9.829793063811872,54.54792674276843,52.36671813014358,100.0,20.0,100.0,20.0,100.0,20.0,100.0,20.0,112.04425066430824,28.16456540383136,102.12627813634452,17.26392458478167,84.63855293868018,50.46891480656348,77.40110244858104,21.19200080930496
93.33333333333334,500.0,7.387638858235346,41.06335839119891,53.37758006349498,9.829793063811872,54.54792674276843,52.36671813014358,26.083593019704068,55.73514920181355,100.0,20.0,100.0,20.0,100.0,20.0,100.0,20.0,112.04425066430824,28.16456540383136,84.63855293868018,50.46891480656348,77.40110244858104,21.19200080930496,102.12627813634452,17.26392458478167
93.33333333333334,500.0,7.387638858235346,41.06335839119891,53.37758006349498,9.829793063811872,26.083593019704068,55.73514920181355,54.54792674276843,52.36671813014358,100.0,20.0,100.0,20.0,100.0,20.0,100.0,20.0,112.04425066430824,28.16456540383136,84.63855293868018,50.46891480656348,102.12627813634452,17.26392458478167,77.40110244858104,21.19200080930496
93.33333333333334,500.0,53.37758006349498,9.829793063811872,54.54792674276843,52.36671813014358,26.083593019704068,55.73514920181355,7.387638858235346,41.06335839119891,100.0,20.0,100.0,20.0,100.0,20.0,100.0,20.0,84.63855293868018,50.46891480656348,77.40110244858104,21.19200080930496,102.12627813634452,17.26392458478167,112.04425066430824,28.16456540383136
93.33333333333334,500.0,53.37758006349498,9.829793063811872,54.54792674276843,52.36671813014358,7.387638858235346,41.06335839119891,26.083593019704068,55.73514920181355,100.0,20.0,100.0,20.0,100.0,20.0,100.0,20.0,84.63855293868018,50.46891480656348,77.40110244858104,21.19200080930496,112.04425066430824,28.16456540383136,102.12627813634452,17.26392458478167
93.33333333333334,500.0,53.37758006349498,9.829793063811872,26.083593019704068,55.73514920181355,54.54792674276843,52.36671813014358,7.387638858235346,41.06335839119891,100.0,20.0,100.0,20.0,100.0,20.0,100.0,20.0,84.63855293868018,50.46891480656348,102.12627813634452,17.26392458478167,77.40110244858104,21.19200080930496,112.04425066430824,28.16456540383136
93.33333333333334,500.0,53.37758006349498,9.829793063811872,26.083593019704068,55.73514920181355,7.387638858235346,41.06335839119891,54.54792674276843,52.36671813014358,100.0,20.0,100.0,20.0,100.0,20.0,100.0,20.0,84.63855293868018,50.46891480656348,102.12627813634452,17.26392458478167,112.04425066430824,28.16456540383136,77.40110244858104,21.19200080930496
93.33333333333334,500.0,53.37758006349498,9.829793063811872,7.387638858235346,41.06335839119891,54.54792674276843,52.36671813014358,26.083593019704068,55.73514920181355,100.0,20.0,100.0,20.0,100.0,20.0,100.0,20.0,84.63855293868018,50.46891480656348,112.04425066430824,28.16456540383136,77.40110244858104,21.19200080930496,102.12627813634452,17.26392458478167
93.33333333333334,500.0,53.37758006349498,9.829793063811872,7.387638858235346,41.06335839119891,26.083593019704068,55.73514920181355,54.54792674276843,52.36671813014358,100.0,20.0,100.0,20.0,100.0,20.0,100.0,20.0,84.63855293868018,50.46891480656348,112.04425066430824,28.16456540383136,102.12627813634452,17.26392458478167,77.40110244858104,21.19200080930496
93.33333333333334,500.0,56.55109035401546,42.16580384118928,1.3107137636651212,1.4520721328146746,25.28609564503224,25.513188285786125,28.47421354476287,46.709608125055446,100.0,60.0,100.0,60.0,100.0,60.0,100.0,60.0,63.69182350830391,15.817240446071684,69.55031114187594,27.047713137775418,60.228921414734685,22.583463334303747,75.39451507371425,17.270390491477016
93.33333333333334,500.0,56.55109035401546,42.16580384118928,28.47421354476287,46.709608125055446,1.3107137636651212,1.4520721328146746,25.28609564503224,25.513188285786125,99.99999999999999,60.0,99.99999999999999,60.0,99.99999999999999,60.0,99.99999999999999,60.0,63.69182350830391,15.817240446071684,75.39451507371425,17.270390491477016,69.55031114187594,27.047713137775418,60.228921414734685,22.583463334303747
93.33333333333334,500.0,56.55109035401546,42.16580384118928,28.47421354476287,46.709608125055446,25.28609564503224,25.513188285786125,1.3107137636651212,1.4520721328146746,99.99999999999999,60.0,99.99999999999999,60.0,99.99999999999999,60.0,99.99999999999999,60.0,63.69182350830391,15.817240446071684,75.39451507371425,17.270390491477016,60.228921414734685,22.583463334303747,69.55031114187594,27.047713137775418
93.33333333333334,500.0,56.55109035401546,42.16580384118928,25.28609564503224,25.513188285786125,1.3107137636651212,1.4520721328146746,28.47421354476287,46.709608125055446,100.0,60.0,100.0,60.0,100.0,60.0,100.0,60.0,63.69182350830391,15.817240446071684,60.228921414734685,22.583463334303747,69.55031114187594,27.047713137775418,75.39451507371425,17.270390491477016
93.33333333333334,500.0,56.55109035401546,42.16580384118928,25.28609564503224,25.513188285786125,28.47421354476287,46.709608125055446,1.3107137636651212,1.4520721328146746,100.0,60.0,100.0,60.0,100.0,60.0,100.0,60.0,63.69182350830391,15.817240446071684,60.228921414734685,22.583463334303747,75.39451507371425,17.270390491477016,69.55031114187594,27.047713137775418
93.33333333333334,500.0,1.3107137636651212,1.4520721328146746,56.55109035401546,42.16580384118928,28.47421354476287,46.709608125055446,25.28609564503224,25.513188285786125,99.99999999999999,60.0,99.99999999999999,60.0,99.99999999999999,60.0,99.99999999999999,60.0,69.55031114187594,27.047713137775418,63.69182350830391,15.817240446071684,75.39451507371425,17.270390491477016,60.228921414734685,22.583463334303747
93.33333333333334,500.0,1.3107137636651212,1.4520721328146746,56.55109035401546,42.16580384118928,25.28609564503224,25.513188285786125,28.47421354476287,46.709608125055446,100.0,60.0,100.0,60.0,100.0,60.0,100.0,60.0,69.55031114187594,27.047713137775418,63.69182350830391,15.817240446071684,60.228921414734685,22.583463334303747,75.39451507371425,17.270390491477016
93.33333333333334,500.0,1.3107137636651212,1.4520721328146746,28.47421354476287,46.709608125055446,56.55109035401546,42.16580384118928,25.28609564503224,25.513188285786125,99.99999999999999,60.0,99.99999999999999,60.0,99.99999999999999,60.0,99.99999999999999,60.0,69.55031114187594,27.047713137775418,75.39451507371425,17.270390491477016,63.69182350830391,15.817240446071684,60.228921414734685,22.583463334303747
93.33333333333334,500.0,1.3107137636651212,1.4520721328146746,28.47421354476287,46.709608125055446,25.28609564503224,25.513188285786125,56.55109035401546,42.16580384118928,99.99999999999999,60.0,99.99999999999999,60.0,99.99999999999999,60.0,99.99999999999999,60.0,69.55031114187594,27.047713137775418,75.39451507371425,17.270390491477016,60.228921414734685,22.583463334303747,63.69182350830391,15.817240446071684
93.33333333333334,500.0,1.3107137636651212,1.4520721328146746,25.28609564503224,25.513188285786125,56.55109035401546,42.16580384118928,28.47421354476287,46.709608125055446,100.0,60.0,100.0,60.0,100.0,60.0,100.0,60.0,69.55031114187594,27.047713137775418,60.228921414734685,22.583463334303747,63.69182350830391,15.817240446071684,75.39451507371425,17.270390491477016
93.33333333333334,500.0,1.3107137636651212,1.4520721328146746,25.28609564503224,25.513188285786125,28.47421354476287,46.709608125055446,56.55109035401546,42.16580384118928,100.0,60.0,100.0,60.0,100.0,60.0,100.0,60.0,69.55031114187594,27.047713137775418,60.228921414734685,22.583463334303747,75.39451507371425,17.270390491477016,63.69182350830391,15.817240446071684
93.33333333333334,500.0,28.47421354476287,46.709608125055446,56.55109035401546,42.16580384118928,1.3107137636651212,1.4520721328146746,25.28609564503224,25.513188285786125,99.99999999999999,60.0,99.99999999999999,60.0,99.99999999999999,60.0,99.99999999999999,60.0,75.39451507371425,17.270390491477016,63.69182350830391,15.817240446071684,69.55031114187594,27.047713137775418,60.228921414734685,22.583463334303747
93.33333333333334,500.0,28.47421354476287,46.709608125055446,56.55109035401546,42.16580384118928,25.28609564503224,25.513188285786125,1.3107137636651212,1.4520721328146746,99.99999999999999,60.0,99.99999999999999,60.0,99.99999999999999,60.0,99.99999999999999,60.0,75.39451507371425,17.270390491477016,63.69182350830391,15.817240446071684,60.228921414734685,22.583463334303747,69.55031114187594,27.047713137775418
93.33333333333334,500.0,28.47421354476287,46.709608125055446,1.3107137636651212,1.4520721328146746,56.55109035401546,42.16580384118928,25.28609564503224,25.513188285786125,99.99999999999999,60.0,99.99999999999999,60.0,99.99999999999999,60.0,99.99999999999999,60.0,75.39451507371425,17.270390491477016,69.55031114187594,27.047713137775418,63.69182350830391,15.817240446071684,60.228921414734685,22.583463334303747
93.33333333333334,500.0,28.47421354476287,46.709608125055446,1.3107137636651212,1.4520721328146746,25.28609564503224,25.513188285786125,56.55109035401546,42.16580384118928,99.99999999999999,60.0,99.99999999999999,60.0,99.99999999999999,60.0,99.99999999999999,60.0,75.39451507371425,17.270390491477016,69.55031114187594,27.047713137775418,60.228921414734685,22.583463334303747,63.69182350830391,15.817240446071684
93.33333333333334,500.0,28.47421354476287,46.709608125055446,25.28609564503224,25.513188285786125,56.55109035401546,42.16580384118928,1.3107137636651212,1.4520721328146746,99.99999999999999,60.0,99.99999999999999,60.0,99.99999999999999,60.0,99.99999999999999,60.0,75.39451507371425,17.270390491477016,60.228921414734685,22.583463334303747,63.69182350830391,15.817240446071684,69.55031114187594,27.047713137775418
93.33333333333334,500.0,28.47421354476287,46.709608125055446,25.28609564503224,25.513188285786125,1.3107137636651212,1.4520721328146746,56.55109035401546,42.16580384118928,99.99999999999999,60.0,99.99999999999999,60.0,99.99999999999999,60.0,99.99999999999999,60.0,75.39451507371425,17.270390491477016,60.228921414734685,22.583463334303747,69.55031114187594,27.047713137775418,63.69182350830391,15.817240446071684
93.33333333333334,500.0,25.28609564503224,25.513188285786125,56.55109035401546,42.16580384118928,1.3107137636651212,1.4520721328146746,28.47421354476287,46.709608125055446,100.0,60.0,100.0,60.0,100.0,60.0,100.0,60.0,60.228921414734685,22.583463334303747,63.69182350830391,15.817240446071684,69.55031114187594,27.047713137775418,75.39451507371425,17.270390491477016
93.33333333333334,500.0,25.28609564503224,25.513188285786125,56.55109035401546,42.16580384118928,28.47421354476287,46.709608125055446,1.3107137636651212,1.4520721328146746,100.0,60.0,100.0,60.0,100.0,60.0,100.0,60.0,60.228921414734685,22.583463334303747,63.69182350830391,15.817240446071684,75.39451507371425,17.270390491477016,69.55031114187594,27.047713137775418
93.33333333333334,500.0,25.28609564503224,25.513188285786125,1.3107137636651212,1.4520721328146746,56.55109035401546,42.16580384118928,28.47421354476287,46.709608125055446,100.0,60.0,100.0,60.0,100.0,60.0,100.0,60.0,60.228921414734685,22.583463334303747,69.55031114187594,27.047713137775418,63.69182350830391,15.817240446071684,75.39451507371425,17.270390491477016
93.33333333333334,500.0,25.28609564503224,25.513188285786125,1.3107137636651212,1.4520721328146746,28.47421354476287,46.709608125055446,56.55109035401546,42.16580384118928,100.0,60.0,100.0,60.0,100.0,60.0,100.0,60.0,60.228921414734685,22.583463334303747,69.55031114187594,27.047713137775418,75.39451507371425,17.270390491477016,63.69182350830391,15.817240446071684
93.33333333333334,500.0,25.28609564503224,25.513188285786125,28.47421354476287,46.709608125055446,56.55109035401546,42.16580384118928,1.3107137636651212,1.4520721328146746,100.0,60.0,100.0,60.0,100.0,60.0,100.0,60.0,60.228921414734685,22.583463334303747,75.39451507371425,17.270390491477016,63.69182350830391,15.817240446071684,69.55031114187594,27.047713137775418
93.33333333333334,500.0,25.28609564503224,25.513188285786125,28.47421354476287,46.709608125055446,1.3107137636651212,1.4520721328146746,56.55109035401546,42.16580384118928,100.0,60.0,100.0,60.0,100.0,60.0,100.0,60.0,60.228921414734685,22.583463334303747,75.39451507371425,17.270390491477016,69.55031114187594,27.047713137775418,63.69182350830391,15.817240446071684
93.33333333333334,500.0,26.29761949961138,10.622057669513667,8.159263100887744,35.044372623225776,51.436652017042434,17.332232140959412,56.50747002159251,44.56407627355854,100.0,60.0,100.0,60.0,100.0,60.0,100.0,60.0,89.62709753347669,44.48335921430103,93.1108067587756,42.84730593843728,85.76966739859208,43.1856925265616,76.4637146271717,38.83117536398511
93.33333333333334,500.0,26.29761949961138,10.622057669513667,56.50747002159251,44.56407627355854,8.159263100887744,35.044372623225776,51.436652017042434,17.332232140959412,100.0,60.0,100.0,60.0,100.0,60.0,100.0,60.0,89.62709753347669,44.48335921430103,76.4637146271717,38.83117536398511,93.1108067587756,42.84730593843728,85.76966739859208,43.1856925265616
93.33333333333334,500.0,26.29761949961138,10.622057669513667,56.50747002159251,44.56407627355854,51.436652017042434,17.332232140959412,8.159263100887744,35.044372623225776,100.0,60.0,100.0,60.0,100.0,60.0,100.0,60.0,89.62709753347669,44.48335921430103,76.4637146271717,38.83117536398511,85.76966739859208,43.1856925265616,93.1108067587756,42.84730593843728
93.33333333333334,500.0,26.29761949961138,10.622057669513667,51.436652017042434,17.332232140959412,8.159263100887744,35.044372623225776,56.50747002159251,44.56407627355854,100.0,60.0,100.0,60.0,100.0,60.0,100.0,60.0,89.62709753347669,44.48335921430103,85.76966739859208,43.1856925265616,93.1108067587756,42.84730593843728,76.4637146271717,38.83117536398511
93.33333333333334,500.0,26.29761949961138,10.622057669513667,51.436652017042434,17.332232140959412,56.50747002159251,44.56407627355854,8.159263100887744,35.044372623225776,100.0,60.0,100.0,60.0,100.0,60.0,100.0,60.0,89.62709753347669,44.48335921430103,85.76966739859208,43.1856925265616,76.4637146271717,38.83117536398511,93.1108067587756,42.84730593843728
93.33333333333334,500.0,8.159263100887744,35.044372623225776,26.29761949961138,10.622057669513667,56.50747002159251,44.56407627355854,51.436652017042434,17.332232140959412,100.0,60.0,100.0,60.0,100.0,60.0,100.0,60.0,93.1108067587756,42.84730593843728,89.62709753347669,44.48335921430103,76.4637146271717,38.83117536398511,85.76966739859208,43.1856925265616
93.33333333333334,500.0,8.159263100887744,35.044372623225776,26.29761949961138,10.622057669513667,51.436652017042434,17.332232140959412,56.50747002159251,44.56407627355854,100.0,60.0,100.0,60.0,100.0,60.0,100.0,60.0,93.1108067587756,42.84730593843728,89.62709753347669,44.48335921430103,85.76966739859208,43.1856925265616,76.4637146271717,38.83117536398511
93.33333333333334,500.0,8.159263100887744,35.044372623225776,56.50747002159251,44.56407627355854,26.29761949961138,10.622057669513667,51.436652017042434,17.332232140959412,100.0,60.0,100.0,60.0,100.0,60.0,100.0,60.0,93.1108067587756,42.84730593843728,76.4637146271717,38.83117536398511,89.62709753347669,44.48335921430103,85.76966739859208,43.1856925265616
93.33333333333334,500.0,8.159263100887744,35.044372623225776,56.50747002159251,44.56407627355854,51.436652017042434,17.332232140959412,26.29761949961138,10.622057669513667,100.0,60.0,100.0,60.0,100.0,60.0,100.0,60.0,93.1108067587756,42.84730593843728,76.4637146271717,38.83117536398511,85.76966739859208,43.1856925265616,89.62709753347669,44.48335921430103
93.33333333333334,500.0,8.159263100887744,35.044372623225776,51.436652017042434,17.332232140959412,26.29761949961138,10.622057669513667,56.50747002159251,44.56407627355854,100.0,60.0,100.0,60.0,100.0,60.0,100.0,60.0,93.1108067587756,42.84730593843728,85.76966739859208,43.1856925265616,89.62709753347669,44.48335921430103,76.4637146271717,38.83117536398511
93.33333333333334,500.0,8.159263100887744,35.044372623225776,51.436652017042434,17.332232140959412,56.50747002159251,44.56407627355854,26.29761949961138,10.622057669513667,100.0,60.0,100.0,60.0,100.0,60.0,100.0,60.0,93.1108067587756,42.84730593843728,85.76966739859208,43.1856925265616,76.4637146271717,38.83117536398511,89.62709753347669,44.48335921430103
93.33333333333334,500.0,56.50747002159251,44.56407627355854,26.29761949961138,10.622057669513667,8.159263100887744,35.044372623225776,51.436652017042434,17.332232140959412,100.0,60.0,100.0,60.0,100.0,60.0,100.0,60.0,76.4637146271717,38.83117536398511,89.62709753347669,44.48335921430103,93.1108067587756,42.84730593843728,85.76966739859208,43.1856925265616
93.33333333333334,500.0,56.50747002159251,44.56407627355854,26.29761949961138,10.622057669513667,51.436652017042434,17.332232140959412,8.159263100887744,35.044372623225776,100.0,60.0,100.0,60.0,100.0,60.0,100.0,60.0,76.4637146271717,38.83117536398511,89.62709753347669,44.48335921430103,85.76966739859208,43.1856925265616,93.1108067587756,42.84730593843728
93.33333333333334,500.0,56.50747002159251,44.56407627355854,8.159263100887744,35.044372623225776,26.29761949961138,10.622057669513667,51.436652017042434,17.332232140959412,100.0,60.0,100.0,60.0,100.0,60.0,100.0,60.0,76.4637146271717,38.83117536398511,93.1108067587756,42.84730593843728,89.62709753347669,44.48335921430103,85.76966739859208,43.1856925265616
93.33333333333334,500.0,56.50747002159251,44.56407627355854,8.159263100887744,35.044372623225776,51.436652017042434,17.332232140959412,26.29761949961138,10.622057669513667,100.0,60.0,100.0,60.0,100.0,60.0,100.0,60.0,76.4637146271717,38.83117536398511,93.1108067587756,42.84730593843728,85.76966739859208,43.1856925265616,89.62709753347669,44.48335921430103
93.33333333333334,500.0,56.50747002159251,44.56407627355854,51.436652017042434,17.332232140959412,26.29761949961138,10.622057669513667,8.159263100887744,35.044372623225776,100.0,60.0,100.0,60.0,100.0,60.0,100.0,60.0,76.4637146271717,38.83117536398511,85.76966739859208,43.1856925265616,89.62709753347669,44.48335921430103,93.1108067587756,42.84730593843728
93.33333333333334,500.0,56.50747002159251,44.56407627355854,51.436652017042434,17.332232140959412,8.159263100887744,35.044372623225776,26.29761949961138,10.622057669513667,100.0,60.0,100.0,60.0,100.0,60.0,100.0,60.0,76.4637146271717,38.83117536398511,85.76966739859208,43.1856925265616,93.1108067587756,42.84730593843728,89.62709753347669,44.48335921430103
93.33333333333334,500.0,51.436652017042434,17.332232140959412,26.29761949961138,10.622057669513667,8.159263100887744,35.044372623225776,56.50747002159251,44.56407627355854,100.0,60.0,100.0,60.0,100.0,60.0,100.0,60.0,85.76966739859208,43.1856925265616,89.62709753347669,44.48335921430103,93.1108067587756,42.84730593843728,76.4637146271717,38.83117536398511
93.33333333333334,500.0,51.436652017042434,17.332232140959412,26.29761949961138,10.622057669513667,56.50747002159251,44.56407627355854,8.159263100887744,35.044372623225776,100.0,60.0,100.0,60.0,100.0,60.0,100.0,60.0,85.76966739859208,43.1856925265616,89.62709753347669,44.48335921430103,76.4637146271717,38.83117536398511,93.1108067587756,42.84730593843728
93.33333333333334,500.0,51.436652017042434,17.332232140959412,8.159263100887744,35.044372623225776,26.29761949961138,10.622057669513667,56.50747002159251,44.56407627355854,100.0,60.0,100.0,60.0,100.0,60.0,100.0,60.0,85.76966739859208,43.1856925265616,93.1108067587756,42.84730593843728,89.62709753347669,44.48335921430103,76.4637146271717,38.83117536398511
93.33333333333334,500.0,51.436652017042434,17.332232140959412,8.159263100887744,35.044372623225776,56.50747002159251,44.56407627355854,26.29761949961138,10.622057669513667,100.0,60.0,100.0,60.0,100.0,60.0,100.0,60.0,85.76966739859208,43.1856925265616,93.1108067587756,42.84730593843728,76.4637146271717,38.83117536398511,89.62709753347669,44.48335921430103
93.33333333333334,500.0,51.436652017042434,17.332232140959412,56.50747002159251,44.56407627355854,26.29761949961138,10.622057669513667,8.159263100887744,35.044372623225776,100.0,60.0,100.0,60.0,100.0,60.0,100.0,60.0,85.76966739859208,43.1856925265616,76.4637146271717,38.83117536398511,89.62709753347669,44.48335921430103,93.1108067587756,42.84730593843728
93.33333333333334,500.0,51.436652017042434,17.332232140959412,56.50747002159251,44.56407627355854,8.159263100887744,35.044372623225776,26.29761949961138,10.622057669513667,100.0,60.0,100.0,60.0,100.0,60.0,100.0,60.0,85.76966739859208,43.1856925265616,76.4637146271717,38.83117536398511,93.1108067587756,42.84730593843728,89.62709753347669,44.48335921430103
93.33333333333334,500.0,25.588670881418164,38.09203944321389,3.4764116466160577,46.7646209904263,19.04502096122945,3.7262675310507687,51.89543429029944,57.23531273787504,120.0,40.0,120.0,40.0,120.0,40.0,120.0,40.0,76.7930166321583,23.172105547738283,92.28007674347737,17.548013293209106,104.13627437349275,37.92747395458059,67.3584418222445,11.70681201760231
93.33333333333334,500.0,25.588670881418164,38.09203944321389,51.89543429029944,57.23531273787504,3.4764116466160577,46.7646209904263,19.04502096122945,3.7262675310507687,120.0,40.0,120.0,40.0,120.0,40.0,120.0,40.0,76.7930166321583,23.172105547738283,67.3584418222445,11.70681201760231,92.28007674347737,17.548013293209106,104.13627437349275,37.92747395458059
93.33333333333334,500.0,25.588670881418164,38.09203944321389,51.89543429029944,57.23531273787504,19.04502096122945,3.7262675310507687,3.4764116466160577,46.7646209904263,120.0,40.0,120.0,40.0,120.0,40.0,120.0,40.0,76.7930166321583,23.172105547738283,67.3584418222445,11.70681201760231,104.13627437349275,37.92747395458059,92.28007674347737,17.548013293209106
93.33333333333334,500.0,25.588670881418164,38.09203944321389,19.04502096122945,3.7262675310507687,3.4764116466160577,46.7646209904263,51.89543429029944,57.23531273787504,120.0,40.0,120.0,40.0,120.0,40.0,120.0,40.0,76.7930166321583,23.172105547738283,104.13627437349275,37.92747395458059,92.28007674347737,17.548013293209106,67.3584418222445,11.70681201760231
93.33333333333334,500.0,25.588670881418164,38.09203944321389,19.04502096122945,3.7262675310507687,51.89543429029944,57.23531273787504,3.4764116466160577,46.7646209904263,120.0,40.0,120.0,40.0,120.0,40.0,120.0,40.0,76.7930166321583,23.172105547738283,104.13627437349275,37.92747395458059,67.3584418222445,11.70681201760231,92.28007674347737,17.548013293209106
93.33333333333334,500.0,3.4764116466160577,46.7646209904263,25.588670881418164,38.09203944321389,51.89543429029944,57.23531273787504,19.04502096122945,3.7262675310507687,120.0,40.0,120.0,40.0,120.0,40.0,120.0,40.0,92.28007674347737,17.548013293209106,76.7930166321583,23.172105547738283,67.3584418222445,11.70681201760231,104.13627437349275,37.92747395458059
93.33333333333334,500.0,3.4764116466160577,46.7646209904263,25.588670881418164,38.09203944321389,19.04502096122945,3.7262675310507687,51.89543429029944,57.23531273787504,120.0,40.0,120.0,40.0,120.0,40.0,120.0,40.0,92.28007674347737,17.548013293209106,76.7930166321583,23.172105547738283,104.13627437349275,37.92747395458059,67.3584418222445,11.70681201760231
93.33333333333334,500.0,3.4764116466160577,46.7646209904263,51.89543429029944,57.23531273787504,25.588670881418164,38.09203944321389,19.04502096122945,3.7262675310507687,120.0,40.0,120.0,40.0,120.0,40.0,120.0,40.0,92.28007674347737,17.548013293209106,67.3584418222445,11.70681201760231,76.7930166321583,23.172105547738283,104.13627437349275,37.92747395458059
93.33333333333334,500.0,3.4764116466160577,46.7646209904263,51.89543429029944,57.23531273787504,19.04502096122945,3.7262675310507687,25.588670881418164,38.09203944321389,120.0,40.0,120.0,40.0,120.0,40.0,120.0,40.0,92.28007674347737,17.548013293209106,67.3584418222445,11.70681201760231,104.13627437349275,37.92747395458059,76.7930166321583,23.172105547738283
93.33333333333334,500.0,3.4764116466160577,46.7646209904263,19.04502096122945,3.7262675310507687,25.588670881418164,38.09203944321389,51.89543429029944,57.23531273787504,120.0,40.0,120.0,40.0,120.0,40.0,120.0,40.0,92.28007674347737,17.548013293209106,104.13627437349275,37.92747395458059,76.7930166321583,23.172105547738283,67.3584418222445,11.70681201760231
93.33333333333334,500.0,3.4764116466160577,46.7646209904263,19.04502096122945,3.7262675310507687,51.89543429029944,57.23531273787504,25.588670881418164,38.09203944321389,120.0,40.0,120.0,40.0,120.0,40.0,120.0,40.0,92.28007674347737,17.548013293209106,104.13627437349275,37.92747395458059,67.3584418222445,11.70681201760231,76.7930166321583,23.172105547738283
93.33333333333334,500.0,51.89543429029944,57.23531273787504,25.588670881418164,38.09203944321389,3.4764116466160577,46.7646209904263,19.04502096122945,3.7262675310507687,120.0,40.0,120.0,40.0,120.0,40.0,120.0,40.0,67.3584418222445,11.70681201760231,76.7930166321583,23.172105547738283,92.28007674347737,17.548013293209106,104.13627437349275,37.92747395458059
93.33333333333334,500.0,51.89543429029944,57.23531273787504,25.588670881418164,38.09203944321389,19.04502096122945,3.7262675310507687,3.4764116466160577,46.7646209904263,120.0,40.0,120.0,40.0,120.0,40.0,120.0,40.0,67.3584418222445,11.70681201760231,76.7930166321583,23.172105547738283,104.13627437349275,37.92747395458059,92.28007674347737,17.548013293209106
93.33333333333334,500.0,51.89543429029944,57.23531273787504,3.4764116466160577,46.7646209904263,25.588670881418164,38.09203944321389,19.04502096122945,3.7262675310507687,120.0,40.0,120.0,40.0,120.0,40.0,120.0,40.0,67.3584418222445,11.70681201760231,92.28007674347737,17.548013293209106,76.7930166321583,23.172105547738283,104.13627437349275,37.92747395458059
93.33333333333334,500.0,51.89543429029944,57.23531273787504,3.4764116466160577,46.7646209904263,19.04502096122945,3.7262675310507687,25.588670881418164,38.09203944321389,120.0,40.0,120.0,40.0,120.0,40.0,120.0,40.0,67.3584418222445,11.70681201760231,92.28007674347737,17.548013293209106,104.13627437349275,37.92747395458059,76.7930166321583,23.172105547738283
93.33333333333334,500.0,51.89543429029944,57.23531273787504,19.04502096122945,3.7262675310507687,25.588670881418164,38.09203944321389,3.4764116466160577,46.7646209904263,120.0,40.0,120.0,40.0,120.0,40.0,120.0,40.0,67.3584418222445,11.70681201760231,104.13627437349275,37.92747395458059,76.7930166321583,23.172105547738283,92.28007674347737,17.548013293209106
93.33333333333334,500.0,51.89543429029944,57.23531273787504,19.04502096122945,3.7262675310507687,3.4764116466160577,46.7646209904263,25.588670881418164,38.09203944321389,120.0,40.0,120.0,40.0,120.0,40.0,120.0,40.0,67.3584418222445,11.70681201760231,104.13627437349275,37.92747395458059,92.28007674347737,17.548013293209106,76.7930166321583,23.172105547738283
93.33333333333334,500.0,19.04502096122945,3.7262675310507687,25.588670881418164,38.09203944321389,3.4764116466160577,46.7646209904263,51.89543429029944,57.23531273787504,120.0,40.0,120.0,40.0,120.0,40.0,120.0,40.0,104.13627437349275,37.92747395458059,76.7930166321583,23.172105547738283,92.28007674347737,17.548013293209106,67.3584418222445,11.70681201760231
93.33333333333334,500.0,19.04502096122945,3.7262675310507687,25.588670881418164,38.09203944321389,51.89543429029944,57.23531273787504,3.4764116466160577,46.7646209904263,120.0,40.0,120.0,40.0,120.0,40.0,120.0,40.0,104.13627437349275,37.92747395458059,76.7930166321583,23.172105547738283,67.3584418222445,11.70681201760231,92.28007674347737,17.548013293209106
93.33333333333334,500.0,19.04502096122945,3.7262675310507687,3.4764116466160577,46.7646209904263,25.588670881418164,38.09203944321389,51.89543429029944,57.23531273787504,120.0,40.0,120.0,40.0,120.0,40.0,120.0,40.0,104.13627437349275,37.92747395458059,92.28007674347737,17.548013293209106,76.7930166321583,23.172105547738283,67.3584418222445,11.70681201760231
93.33333333333334,500.0,19.04502096122945,3.7262675310507687,3.4764116466160577,46.7646209904263,51.89543429029944,57.23531273787504,25.588670881418164,38.09203944321389,120.0,40.0,120.0,40.0,120.0,40.0,120.0,40.0,104.13627437349275,37.92747395458059,92.28007674347737,17.548013293209106,67.3584418222445,11.70681201760231,76.7930166321583,23.172105547738283
93.33333333333334,500.0,19.04502096122945,3.7262675310507687,51.89543429029944,57.23531273787504,25.588670881418164,38.09203944321389,3.4764116466160577,46.7646209904263,120.0,40.0,120.0,40.0,120.0,40.0,120.0,40.0,104.13627437349275,37.92747395458059,67.3584418222445,11.70681201760231,76.7930166321583,23.172105547738283,92.28007674347737,17.548013293209106
93.33333333333334,500.0,19.04502096122945,3.7262675310507687,51.89543429029944,57.23531273787504,3.4764116466160577,46.7646209904263,25.588670881418164,38.09203944321389,120.0,40.0,120.0,40.0,120.0,40.0,120.0,40.0,104.13627437349275,37.92747395458059,67.3584418222445,11.70681201760231,92.28007674347737,17.548013293209106,76.7930166321583,23.172105547738283
93.33333333333334,500.0,1.2944118027610885,40.88481364879613,50.35445727302164,6.084072657683919,26.24652777410228,16.961404311282003,37.37126712945376,39.609436053519474,120.00000000000001,0.0,120.00000000000001,0.0,120.00000000000001,0.0,120.00000000000001,0.0,87.26331193771969,26.681428697825822,99.6200637530711,36.3556278274193,87.77059480406609,32.737264786832625,99.18580279083672,28.554237411252863
93.33333333333334,500.0,1.2944118027610885,40.88481364879613,37.37126712945376,39.609436053519474,50.35445727302164,6.084072657683919,26.24652777410228,16.961404311282003,120.00000000000001,0.0,120.00000000000001,0.0,120.00000000000001,0.0,120.00000000000001,0.0,87.26331193771969,26.681428697825822,99.18580279083672,28.554237411252863,99.6200637530711,36.3556278274193,87.77059480406609,32.737264786832625
93.33333333333334,500.0,1.2944118027610885,40.88481364879613,37.37126712945376,39.609436053519474,26.24652777410228,16.961404311282003,50.35445727302164,6.084072657683919,120.00000000000001,0.0,120.00000000000001,0.0,120.00000000000001,0.0,120.00000000000001,0.0,87.26331193771969,26.681428697825822,99.18580279083672,28.554237411252863,87.77059480406609,32.737264786832625,99.6200637530711,36.3556278274193
93.33333333333334,500.0,1.2944118027610885,40.88481364879613,26.24652777410228,16.961404311282003,50.35445727302164,6.084072657683919,37.37126712945376,39.609436053519474,119.99999999999999,0.0,119.99999999999999,0.0,119.99999999999999,0.0,119.99999999999999,0.0,87.26331193771969,26.681428697825822,87.77059480406609,32.737264786832625,99.6200637530711,36.3556278274193,99.18580279083672,28.554237411252863
93.33333333333334,500.0,1.2944118027610885,40.88481364879613,26.24652777410228,16.961404311282003,37.37126712945376,39.609436053519474,50.35445727302164,6.084072657683919,120.00000000000001,0.0,120.00000000000001,0.0,120.00000000000001,0.0,120.00000000000001,0.0,87.26331193771969,26.681428697825822,87.77059480406609,32.737264786832625,99.18580279083672,28.554237411252863,99.6200637530711,36.3556278274193
93.33333333333334,500.0,50.35445727302164,6.084072657683919,1.2944118027610885,40.88481364879613,37.37126712945376,39.609436053519474,26.24652777410228,16.961404311282003,120.00000000000001,0.0,120.00000000000001,0.0,120.00000000000001,0.0,120.00000000000001,0.0,99.6200637530711,36.3556278274193,87.26331193771969,26.681428697825822,99.18580279083672,28.554237411252863,87.77059480406609,32.737264786832625
93.33333333333334,500.0,50.35445727302164,6.084072657683919,1.2944118027610885,40.88481364879613,26.24652777410228,16.961404311282003,37.37126712945376,39.609436053519474,120.00000000000001,0.0,120.00000000000001,0.0,120.00000000000001,0.0,120.00000000000001,0.0,99.6200637530711,36.3556278274193,87.26331193771969,26.681428697825822,87.77059480406609,32.737264786832625,99.18580279083672,28.554237411252863
93.33333333333334,500.0,50.35445727302164,6.084072657683919,37.37126712945376,39.609436053519474,1.2944118027610885,40.88481364879613,26.24652777410228,16.961404311282003,120.00000000000001,0.0,120.00000000000001,0.0,120.00000000000001,0.0,120.00000000000001,0.0,99.6200637530711,36.3556278274193,99.18580279083672,28.554237411252863,87.26331193771969,26.681428697825822,87.77059480406609,32.737264786832625
93.33333333333334,500.0,50.35445727302164,6.084072657683919,37.37126712945376,39.609436053519474,26.24652777410228,16.961404311282003,1.2944118027610885,40.88481364879613,120.00000000000001,0.0,120.00000000000001,0.0,120.00000000000001,0.0,120.00000000000001,0.0,99.6200637530711,36.3556278274193,99.18580279083672,28.554237411252863,87.77059480406609,32.737264786832625,87.26331193771969,26.681428697825822
93.33333333333334,500.0,50.35445727302164,6.084072657683919,26.24652777410228,16.961404311282003,1.2944118027610885,40.88481364879613,37.37126712945376,39.609436053519474,120.00000000000001,0.0,120.00000000000001,0.0,120.00000000000001,0.0,120.00000000000001,0.0,99.6200637530711,36.3556278274193,87.77059480406609,32.737264786832625,87.26331193771969,26.681428697825822,99.18580279083672,28.554237411252863
93.33333333333334,500.0,50.35445727302164,6.084072657683919,26.24652777410228,16.961404311282003,37.37126712945376,39.609436053519474,1.2944118027610885,40.88481364879613,120.00000000000001,0.0,120.00000000000001,0.0,120.00000000000001,0.0,120.00000000000001,0.0,99.6200637530711,36.3556278274193,87.77059480406609,32.737264786832625,99.18580279083672,28.554237411252863,87.26331193771969,26.681428697825822
93.33333333333334,500.0,37.37126712945376,39.609436053519474,1.2944118027610885,40.88481364879613,50.35445727302164,6.084072657683919,26.24652777410228,16.961404311282003,120.00000000000001,0.0,120.00000000000001,0.0,120.00000000000001,0.0,120.00000000000001,0.0,99.18580279083672,28.554237411252863,87.26331193771969,26.681428697825822,99.6200637530711,36.3556278274193,87.77059480406609,32.737264786832625
93.33333333333334,500.0,37.37126712945376,39.609436053519474,1.2944118027610885,40.88481364879613,26.24652777410228,16.961404311282003,50.35445727302164,6.084072657683919,120.00000000000001,0.0,120.00000000000001,0.0,120.00000000000001,0.0,120.00000000000001,0.0,99.18580279083672,28.554237411252863,87.26331193771969,26.681428697825822,87.77059480406609,32.737264786832625,99.6200637530711,36.3556278274193
93.33333333333334,500.0,37.37126712945376,39.609436053519474,50.35445727302164,6.084072657683919,1.2944118027610885,40.88481364879613,26.24652777410228,16.961404311282003,120.00000000000001,0.0,120.00000000000001,0.0,120.00000000000001,0.0,120.00000000000001,0.0,99.18580279083672,28.554237411252863,99.6200637530711,36.3556278274193,87.26331193771969,26.681428697825822,87.77059480406609,32.737264786832625
93.33333333333334,500.0,37.37126712945376,39.609436053519474,50.35445727302164,6.084072657683919,26.24652777410228,16.961404311282003,1.2944118027610885,40.88481364879613,120.00000000000001,0.0,120.00000000000001,0.0,120.00000000000001,0.0,120.00000000000001,0.0,99.18580279083672,28.554237411252863,99.6200637530711,36.3556278274193,87.77059480406609,32.737264786832625,87.26331193771969,26.681428697825822
93.33333333333334,500.0,37.37126712945376,39.609436053519474,26.24652777410228,16.961404311282003,1.2944118027610885,40.88481364879613,50.35445727302164,6.084072657683919,120.00000000000001,0.0,120.00000000000001,0.0,120.00000000000001,0.0,120.00000000000001,0.0,99.18580279083672,28.554237411252863,87.77059480406609,32.737264786832625,87.26331193771969,26.681428697825822,99.6200637530711,36.3556278274193
93.33333333333334,500.0,37.37126712945376,39.609436053519474,26.24652777410228,16.961404311282003,50.35445727302164,6.084072657683919,1.2944118027610885,40.88481364879613,120.00000000000001,0.0,120.00000000000001,0.0,120.00000000000001,0.0,120.00000000000001,0.0,99.18580279083672,28.554237411252863,87.77059480406609,32.737264786832625,99.6200637530711,36.3556278274193,87.26331193771969,26.681428697825822
93.33333333333334,500.0,26.24652777410228,16.961404311282003,1.2944118027610885,40.88481364879613,50.35445727302164,6.084072657683919,37.37126712945376,39.609436053519474,119.99999999999999,0.0,119.99999999999999,0.0,119.99999999999999,0.0,119.99999999999999,0.0,87.77059480406609,32.737264786832625,87.26331193771969,26.681428697825822,99.6200637530711,36.3556278274193,99.18580279083672,28.554237411252863
93.33333333333334,500.0,26.24652777410228,16.961404311282003,1.2944118027610885,40.88481364879613,37.37126712945376,39.609436053519474,50.35445727302164,6.084072657683919,120.00000000000001,0.0,120.00000000000001,0.0,120.00000000000001,0.0,120.00000000000001,0.0,87.77059480406609,32.737264786832625,87.26331193771969,26.681428697825822,99.18580279083672,28.554237411252863,99.6200637530711,36.3556278274193
93.33333333333334,500.0,26.24652777410228,16.961404311282003,50.35445727302164,6.084072657683919,1.2944118027610885,40.88481364879613,37.37126712945376,39.609436053519474,119.99999999999999,0.0,119.99999999999999,0.0,119.99999999999999,0.0,119.99999999999999,0.0,87.77059480406609,32.737264786832625,99.6200637530711,36.3556278274193,87.26331193771969,26.681428697825822,99.18580279083672,28.554237411252863
93.33333333333334,500.0,26.24652777410228,16.961404311282003,50.35445727302164,6.084072657683919,37.37126712945376,39.609436053519474,1.2944118027610885,40.88481364879613,119.99999999999999,0.0,119.99999999999999,0.0,119.99999999999999,0.0,119.99999999999999,0.0,87.77059480406609,32.737264786832625,99.6200637530711,36.3556278274193,99.18580279083672,28.554237411252863,87.26331193771969,26.681428697825822
93.33333333333334,500.0,26.24652777410228,16.961404311282003,37.37126712945376,39.609436053519474,1.2944118027610885,40.88481364879613,50.35445727302164,6.084072657683919,120.00000000000001,0.0,120.00000000000001,0.0,120.00000000000001,0.0,120.00000000000001,0.0,87.77059480406609,32.737264786832625,99.18580279083672,28.554237411252863,87.26331193771969,26.681428697825822,99.6200637530711,36.3556278274193
93.33333333333334,500.0,26.24652777410228,16.961404311282003,37.37126712945376,39.609436053519474,50.35445727302164,6.084072657683919,1.2944118027610885,40.88481364879613,120.00000000000001,0.0,120.00000000000001,0.0,120.00000000000001,0.0,120.00000000000001,0.0,87.77059480406609,32.737264786832625,99.18580279083672,28.554237411252863,99.6200637530711,36.3556278274193,87.26331193771969,26.681428697825822
93.33333333333334,500.0,4.986313481924669,28.443465478277947,39.262306054545846,45.08312330904238,58.59750221033434,55.27925142276624,32.20875713361245,6.580401820989456,120.00000000000001,40.0,120.00000000000001,40.0,120.00000000000001,40.0,120.00000000000001,40.0,111.1894307016058,29.56608040001417,108.81680686259746,25.088270978818905,104.58128004615364,23.05062993084436,105.30062636166564,36.28293177410799
93.33333333333334,500.0,4.986313481924669,28.443465478277947,32.20875713361245,6.580401820989456,39.262306054545846,45.08312330904238,58.59750221033434,55.27925142276624,120.00000000000001,40.0,120.00000000000001,40.0,120.00000000000001,40.0,120.00000000000001,40.0,111.1894307016058,29.56608040001417,105.30062636166564,36.28293177410799,108.81680686259746,25.088270978818905,104.58128004615364,23.05062993084436
93.33333333333334,500.0,4.986313481924669,28.443465478277947,32.20875713361245,6.580401820989456,58.59750221033434,55.27925142276624,39.262306054545846,45.08312330904238,120.00000000000001,40.0,120.00000000000001,40.0,120.00000000000001,40.0,120.00000000000001,40.0,111.1894307016058,29.56608040001417,105.30062636166564,36.28293177410799,104.58128004615364,23.05062993084436,108.81680686259746,25.088270978818905
93.33333333333334,500.0,4.986313481924669,28.443465478277947,58.59750221033434,55.27925142276624,39.262306054545846,45.08312330904238,32.20875713361245,6.580401820989456,120.00000000000001,40.0,120.00000000000001,40.0,120.00000000000001,40.0,120.00000000000001,40.0,111.1894307016058,29.56608040001417,104.58128004615364,23.05062993084436,108.81680686259746,25.088270978818905,105.30062636166564,36.28293177410799
93.33333333333334,500.0,4.986313481924669,28.443465478277947,58.59750221033434,55.27925142276624,32.20875713361245,6.580401820989456,39.262306054545846,45.08312330904238,120.00000000000001,40.0,120.00000000000001,40.0,120.00000000000001,40.0,120.00000000000001,40.0,111.1894307016058,29.56608040001417,104.58128004615364,23.05062993084436,105.30062636166564,36.28293177410799,108.81680686259746,25.088270978818905
93.33333333333334,500.0,39.262306054545846,45.08312330904238,4.986313481924669,28.443465478277947,32.20875713361245,6.580401820989456,58.59750221033434,55.27925142276624,120.00000000000001,40.0,120.00000000000001,40.0,120.00000000000001,40.0,120.00000000000001,40.0,108.81680686259746,25.088270978818905,111.1894307016058,29.56608040001417,105.30062636166564,36.28293177410799,104.58128004615364,23.05062993084436
93.33333333333334,500.0,39.262306054545846,45.08312330904238,4.986313481924669,28.443465478277947,58.59750221033434,55.27925142276624,32.20875713361245,6.580401820989456,120.00000000000001,40.0,120.00000000000001,40.0,120.00000000000001,40.0,120.00000000000001,40.0,108.81680686259746,25.088270978818905,111.1894307016058,29.56608040001417,104.58128004615364,23.05062993084436,105.30062636166564,36.28293177410799
93.33333333333334,500.0,39.262306054545846,45.08312330904238,32.20875713361245,6.580401820989456,4.986313481924669,28.443465478277947,58.59750221033434,55.27925142276624,120.00000000000001,40.0,120.00000000000001,40.0,120.00000000000001,40.0,120.00000000000001,40.0,108.81680686259746,25.088270978818905,105.30062636166564,36.28293177410799,111.1894307016058,29.56608040001417,104.58128004615364,23.05062993084436
93.33333333333334,500.0,39.262306054545846,45.08312330904238,32.20875713361245,6.580401820989456,58.59750221033434,55.27925142276624,4.986313481924669,28.443465478277947,120.00000000000001,40.0,120.00000000000001,40.0,120.00000000000001,40.0,120.00000000000001,40.0,108.81680686259746,25.088270978818905,105.30062636166564,36.28293177410799,104.58128004615364,23.05062993084436,111.1894307016058,29.56608040001417
93.33333333333334,500.0,39.262306054545846,45.08312330904238,58.59750221033434,55.27925142276624,4.986313481924669,28.443465478277947,32.20875713361245,6.580401820989456,120.00000000000001,40.0,120.00000000000001,40.0,120.00000000000001,40.0,120.00000000000001,40.0,108.81680686259746,25.088270978818905,104.58128004615364,23.05062993084436,111.1894307016058,29.56608040001417,105.30062636166564,36.28293177410799
93.33333333333334,500.0,39.262306054545846,45.08312330904238,58.59750221033434,55.27925142276624,32.20875713361245,6.580401820989456,4.986313481924669,28.443465478277947,120.00000000000001,40.0,120.00000000000001,40.0,120.00000000000001,40.0,120.00000000000001,40.0,108.81680686259746,25.088270978818905,104.58128004615364,23.05062993084436,105.30062636166564,36.28293177410799,111.1894307016058,29.56608040001417
93.33333333333334,500.0,32.20875713361245,6.580401820989456,4.986313481924669,28.443465478277947,39.262306054545846,45.08312330904238,58.59750221033434,55.27925142276624,120.00000000000001,40.0,120.00000000000001,40.0,120.00000000000001,40.0,120.00000000000001,40.0,105.30062636166564,36.28293177410799,111.1894307016058,29.56608040001417,108.81680686259746,25.088270978818905,104.58128004615364,23.05062993084436
93.33333333333334,500.0,32.20875713361245,6.580401820989456,4.986313481924669,28.443465478277947,58.59750221033434,55.27925142276624,39.262306054545846,45.08312330904238,120.00000000000001,40.0,120.00000000000001,40.0,120.00000000000001,40.0,120.00000000000001,40.0,105.30062636166564,36.28293177410799,111.1894307016058,29.56608040001417,104.58128004615364,23.05062993084436,108.81680686259746,25.088270978818905
93.33333333333334,500.0,32.20875713361245,6.580401820989456,39.262306054545846,45.08312330904238,4.986313481924669,28.443465478277947,58.59750221033434,55.27925142276624,120.00000000000001,40.0,120.00000000000001,40.0,120.00000000000001,40.0,120.00000000000001,40.0,105.30062636166564,36.28293177410799,108.81680686259746,25.088270978818905,111.1894307016058,29.56608040001417,104.58128004615364,23.05062993084436
93.33333333333334,500.0,32.20875713361245,6.580401820989456,39.262306054545846,45.08312330904238,58.59750221033434,55.27925142276624,4.986313481924669,28.443465478277947,120.00000000000001,40.0,120.00000000000001,40.0,120.00000000000001,40.0,120.00000000000001,40.0,105.30062636166564,36.28293177410799,108.81680686259746,25.088270978818905,104.58128004615364,23.05062993084436,111.1894307016058,29.56608040001417
93.33333333333334,500.0,32.20875713361245,6.580401820989456,58.59750221033434,55.27925142276624,4.986313481924669,28.443465478277947,39.262306054545846,45.08312330904238,120.00000000000001,40.0,120.00000000000001,40.0,120.00000000000001,40.0,120.00000000000001,40.0,105.30062636166564,36.28293177410799,104.58128004615364,23.05062993084436,111.1894307016058,29.56608040001417,108.81680686259746,25.088270978818905
93.33333333333334,500.0,32.20875713361245,6.580401820989456,58.59750221033434,55.27925142276624,39.262306054545846,45.08312330904238,4.986313481924669,28.443465478277947,120.00000000000001,40.0,120.00000000000001,40.0,120.00000000000001,40.0,120.00000000000001,40.0,105.30062636166564,36.28293177410799,104.58128004615364,23.05062993084436,108.81680686259746,25.088270978818905,111.1894307016058,29.56608040001417
93.33333333333334,500.0,58.59750221033434,55.27925142276624,4.986313481924669,28.443465478277947,39.262306054545846,45.08312330904238,32.20875713361245,6.580401820989456,120.00000000000001,40.0,120.00000000000001,40.0,120.00000000000001,40.0,120.00000000000001,40.0,104.58128004615364,23.05062993084436,111.1894307016058,29.56608040001417,108.81680686259746,25.088270978818905,105.30062636166564,36.28293177410799
93.33333333333334,500.0,58.59750221033434,55.27925142276624,4.986313481924669,28.443465478277947,32.20875713361245,6.580401820989456,39.262306054545846,45.08312330904238,120.00000000000001,40.0,120.00000000000001,40.0,120.00000000000001,40.0,120.00000000000001,40.0,104.58128004615364,23.05062993084436,111.1894307016058,29.56608040001417,105.30062636166564,36.28293177410799,108.81680686259746,25.088270978818905
93.33333333333334,500.0,58.59750221033434,55.27925142276624,39.262306054545846,45.08312330904238,4.986313481924669,28.443465478277947,32.20875713361245,6.580401820989456,120.00000000000001,40.0,120.00000000000001,40.0,120.00000000000001,40.0,120.00000000000001,40.0,104.58128004615364,23.05062993084436,108.81680686259746,25.088270978818905,111.1894307016058,29.56608040001417,105.30062636166564,36.28293177410799
93.33333333333334,500.0,58.59750221033434,55.27925142276624,39.262306054545846,45.08312330904238,32.20875713361245,6.580401820989456,4.986313481924669,28.443465478277947,120.00000000000001,40.0,120.00000000000001,40.0,120.00000000000001,40.0,120.00000000000001,40.0,104.58128004615364,23.05062993084436,108.81680686259746,25.088270978818905,105.30062636166564,36.28293177410799,111.1894307016058,29.56608040001417
93.33333333333334,500.0,58.59750221033434,55.27925142276624,32.20875713361245,6.580401820989456,4.986313481924669,28.443465478277947,39.262306054545846,45.08312330904238,120.00000000000001,40.0,120.00000000000001,40.0,120.00000000000001,40.0,120.00000000000001,40.0,104.58128004615364,23.05062993084436,105.30062636166564,36.28293177410799,111.1894307016058,29.56608040001417,108.81680686259746,25.088270978818905
93.33333333333334,500.0,58.59750221033434,55.27925142276624,32.20875713361245,6.580401820989456,39.262306054545846,45.08312330904238,4.986313481924669,28.443465478277947,120.00000000000001,40.0,120.00000000000001,40.0,120.00000000000001,40.0,120.00000000000001,40.0,104.58128004615364,23.05062993084436,105.30062636166564,36.28293177410799,108.81680686259746,25.088270978818905,111.1894307016058,29.56608040001417
93.33333333333334,500.0,5.211348800272397,8.376148412347781,57.369293262625085,17.95851595357707,36.03274430982172,41.498665211570525,9.102339826940264,33.941225583291185,100.0,40.0,100.0,40.0,100.0,40.0,100.0,40.0,70.41264413623963,39.08816261544118,61.12642185781522,37.80912390501941,71.36059369738982,28.55367388501349,83.89708654684065,33.662012189982974
93.33333333333334,500.0,5.211348800272397,8.376148412347781,9.102339826940264,33.941225583291185,57.369293262625085,17.95851595357707,36.03274430982172,41.498665211570525,100.0,40.0,100.0,40.0,100.0,40.0,100.0,40.0,70.41264413623963,39.08816261544118,83.89708654684065,33.662012189982974,61.12642185781522,37.80912390501941,71.36059369738982,28.55367388501349
93.33333333333334,500.0,5.211348800272397,8.376148412347781,9.102339826940264,33.941225583291185,36.03274430982172,41.498665211570525,57.369293262625085,17.95851595357707,100.0,40.0,100.0,40.0,100.0,40.0,100.0,40.0,70.41264413623963,39.08816261544118,83.89708654684065,33.662012189982974,71.36059369738982,28.55367388501349,61.12642185781522,37.80912390501941
93.33333333333334,500.0,5.211348800272397,8.376148412347781,36.03274430982172,41.498665211570525,57.369293262625085,17.95851595357707,9.102339826940264,33.941225583291185,100.0,40.0,100.0,40.0,100.0,40.0,100.0,40.0,70.41264413623963,39.08816261544118,71.36059369738982,28.55367388501349,61.12642185781522,37.80912390501941,83.89708654684065,33.662012189982974
93.33333333333334,500.0,5.211348800272397,8.376148412347781,36.03274430982172,41.498665211570525,9.102339826940264,33.941225583291185,57.369293262625085,17.95851595357707,100.0,40.0,100.0,40.0,100.0,40.0,100.0,40.0,70.41264413623963,39.08816261544118,71.36059369738982,28.55367388501349,83.89708654684065,33.662012189982974,61.12642185781522,37.80912390501941
93.33333333333334,500.0,57.369293262625085,17.95851595357707,5.211348800272397,8.376148412347781,9.102339826940264,33.941225583291185,36.03274430982172,41.498665211570525,100.0,40.0,100.0,40.0,100.0,40.0,100.0,40.0,61.12642185781522,37.80912390501941,70.41264413623963,39.08816261544118,83.89708654684065,33.662012189982974,71.36059369738982,28.55367388501349
93.33333333333334,500.0,57.369293262625085,17.95851595357707,5.211348800272397,8.376148412347781,36.03274430982172,41.498665211570525,9.102339826940264,33.941225583291185,100.0,40.0,100.0,40.0,100.0,40.0,100.0,40.0,61.12642185781522,37.80912390501941,70.41264413623963,39.08816261544118,71.36059369738982,28.55367388501349,83.89708654684065,33.662012189982974
93.33333333333334,500.0,57.369293262625085,17.95851595357707,9.102339826940264,33.941225583291185,5.211348800272397,8.376148412347781,36.03274430982172,41.498665211570525,100.0,40.0,100.0,40.0,100.0,40.0,100.0,40.0,61.12642185781522,37.80912390501941,83.89708654684065,33.662012189982974,70.41264413623963,39.08816261544118,71.36059369738982,28.55367388501349
93.33333333333334,500.0,57.369293262625085,17.95851595357707,9.102339826940264,33.941225583291185,36.03274430982172,41.498665211570525,5.211348800272397,8.376148412347781,100.0,40.0,100.0,40.0,100.0,40.0,100.0,40.0,61.12642185781522,37.80912390501941,83.89708654684065,33.662012189982974,71.36059369738982,28.55367388501349,70.41264413623963,39.08816261544118
93.33333333333334,500.0,57.369293262625085,17.95851595357707,36.03274430982172,41.498665211570525,5.211348800272397,8.376148412347781,9.102339826940264,33.941225583291185,100.0,40.0,100.0,40.0,100.0,40.0,100.0,40.0,61.12642185781522,37.80912390501941,71.36059369738982,28.55367388501349,70.41264413623963,39.08816261544118,83.89708654684065,33.662012189982974
93.33333333333334,500.0,57.369293262625085,17.95851595357707,36.03274430982172,41.498665211570525,9.102339826940264,33.941225583291185,5.211348800272397,8.376148412347781,100.0,40.0,100.0,40.0,100.0,40.0,100.0,40.0,61.12642185781522,37.80912390501941,71.36059369738982,28.55367388501349,83.89708654684065,33.662012189982974,70.41264413623963,39.08816261544118
93.33333333333334,500.0,9.102339826940264,33.941225583291185,5.211348800272397,8.376148412347781,57.369293262625085,17.95851595357707,36.03274430982172,41.498665211570525,100.0,40.0,100.0,40.0,100.0,40.0,100.0,40.0,83.89708654684065,33.662012189982974,70.41264413623963,39.08816261544118,61.12642185781522,37.80912390501941,71.36059369738982,28.55367388501349
93.33333333333334,500.0,9.102339826940264,33.941225583291185,5.211348800272397,8.376148412347781,36.03274430982172,41.498665211570525,57.369293262625085,17.95851595357707,100.0,40.0,100.0,40.0,100.0,40.0,100.0,40.0,83.89708654684065,33.662012189982974,70.41264413623963,39.08816261544118,71.36059369738982,28.55367388501349,61.12642185781522,37.80912390501941
93.33333333333334,500.0,9.102339826940264,33.941225583291185,57.369293262625085,17.95851595357707,5.211348800272397,8.376148412347781,36.03274430982172,41.498665211570525,100.0,40.0,100.0,40.0,100.0,40.0,100.0,40.0,83.89708654684065,33.662012189982974,61.12642185781522,37.80912390501941,70.41264413623963,39.08816261544118,71.36059369738982,28.55367388501349
93.33333333333334,500.0,9.102339826940264,33.941225583291185,57.369293262625085,17.95851595357707,36.03274430982172,41.498665211570525,5.211348800272397,8.376148412347781,100.0,40.0,100.0,40.0,100.0,40.0,100.0,40.0,83.89708654684065,33.662012189982974,61.12642185781522,37.80912390501941,71.36059369738982,28.55367388501349,70.41264413623963,39.08816261544118
93.33333333333334,500.0,9.102339826940264,33.941225583291185,36.03274430982172,41.498665211570525,5.211348800272397,8.376148412347781,57.369293262625085,17.95851595357707,100.0,40.0,100.0,40.0,100.0,40.0,100.0,40.0,83.89708654684065,33.662012189982974,71.36059369738982,28.55367388501349,70.41264413623963,39.08816261544118,61.12642185781522,37.80912390501941
93.33333333333334,500.0,9.102339826940264,33.941225583291185,36.03274430982172,41.498665211570525,57.369293262625085,17.95851595357707,5.211348800272397,8.376148412347781,100.0,40.0,100.0,40.0,100.0,40.0,100.0,40.0,83.89708654684065,33.662012189982974,71.36059369738982,28.55367388501349,61.12642185781522,37.80912390501941,70.41264413623963,39.08816261544118
93.33333333333334,500.0,36.03274430982172,41.498665211570525,5.211348800272397,8.376148412347781,57.369293262625085,17.95851595357707,9.102339826940264,33.941225583291185,100.0,40.0,100.0,40.0,100.0,40.0,100.0,40.0,71.36059369738982,28.55367388501349,70.41264413623963,39.08816261544118,61.12642185781522,37.80912390501941,83.89708654684065,33.662012189982974
93.33333333333334,500.0,36.03274430982172,41.498665211570525,5.211348800272397,8.376148412347781,9.102339826940264,33.941225583291185,57.369293262625085,17.95851595357707,100.0,40.0,100.0,40.0,100.0,40.0,100.0,40.0,71.36059369738982,28.55367388501349,70.41264413623963,39.08816261544118,83.89708654684065,33.662012189982974,61.12642185781522,37.80912390501941
93.33333333333334,500.0,36.03274430982172,41.498665211570525,57.369293262625085,17.95851595357707,5.211348800272397,8.376148412347781,9.102339826940264,33.941225583291185,100.0,40.0,100.0,40.0,100.0,40.0,100.0,40.0,71.36059369738982,28.55367388501349,61.12642185781522,37.80912390501941,70.41264413623963,39.08816261544118,83.89708654684065,33.662012189982974
93.33333333333334,500.0,36.03274430982172,41.498665211570525,57.369293262625085,17.95851595357707,9.102339826940264,33.941225583291185,5.211348800272397,8.376148412347781,100.0,40.0,100.0,40.0,100.0,40.0,100.0,40.0,71.36059369738982,28.55367388501349,61.12642185781522,37.80912390501941,83.89708654684065,33.662012189982974,70.41264413623963,39.08816261544118
93.33333333333334,500.0,36.03274430982172,41.498665211570525,9.102339826940264,33.941225583291185,5.211348800272397,8.376148412347781,57.369293262625085,17.95851595357707,100.0,40.0,100.0,40.0,100.0,40.0,100.0,40.0,71.36059369738982,28.55367388501349,83.89708654684065,33.662012189982974,70.41264413623963,39.08816261544118,61.12642185781522,37.80912390501941
93.33333333333334,500.0,36.03274430982172,41.498665211570525,9.102339826940264,33.941225583291185,57.369293262625085,17.95851595357707,5.211348800272397,8.376148412347781,100.0,40.0,100.0,40.0,100.0,40.0,100.0,40.0,71.36059369738982,28.55367388501349,83.89708654684065,33.662012189982974,61.12642185781522,37.80912390501941,70.41264413623963,39.08816261544118
93.33333333333334,500.0,44.34573782095048,36.33570249394532,0.3037399981834165,56.947888135775045,59.54855169804455,1.5227202548656282,20.561475412279616,42.77581139119352,100.0,60.0,120.0,60.0,120.0,60.0,120.0,60.0,91.19331169150718,18.115413879553905,90.45347415407797,18.13509562101754,88.17237222269749,18.749474257796187,83.77073461292116,17.421162774439214
93.33333333333334,500.0,44.34573782095048,36.33570249394532,20.561475412279616,42.77581139119352,0.3037399981834165,56.947888135775045,59.54855169804455,1.5227202548656282,100.0,60.0,120.0,60.0,120.0,60.0,120.0,60.0,91.19331169150718,18.115413879553905,83.77073461292116,17.421162774439214,90.45347415407797,18.13509562101754,88.17237222269749,18.749474257796187
93.33333333333334,500.0,44.34573782095048,36.33570249394532,20.561475412279616,42.77581139119352,59.54855169804455,1.5227202548656282,0.3037399981834165,56.947888135775045,100.0,60.0,120.0,60.0,120.0,60.0,120.0,60.0,91.19331169150718,18.115413879553905,83.77073461292116,17.421162774439214,88.17237222269749,18.749474257796187,90.45347415407797,18.13509562101754
93.33333333333334,500.0,44.34573782095048,36.33570249394532,59.54855169804455,1.5227202548656282,0.3037399981834165,56.947888135775045,20.561475412279616,42.77581139119352,100.0,60.0,120.0,60.0,120.0,60.0,120.0,60.0,91.19331169150718,18.115413879553905,88.17237222269749,18.749474257796187,90.45347415407797,18.13509562101754,83.77073461292116,17.421162774439214
93.33333333333334,500.0,44.34573782095048,36.33570249394532,59.54855169804455,1.5227202548656282,20.561475412279616,42.77581139119352,0.3037399981834165,56.947888135775045,100.0,60.0,120.0,60.0,120.0,60.0,120.0,60.0,91.19331169150718,18.115413879553905,88.17237222269749,18.749474257796187,83.77073461292116,17.421162774439214,90.45347415407797,18.13509562101754
93.33333333333334,500.0,0.3037399981834165,56.947888135775045,44.34573782095048,36.33570249394532,20.561475412279616,42.77581139119352,59.54855169804455,1.5227202548656282,120.0,60.0,100.0,60.0,120.0,60.0,120.0,60.0,90.45347415407797,18.13509562101754,91.19331169150718,18.115413879553905,83.77073461292116,17.421162774439214,88.17237222269749,18.749474257796187
93.33333333333334,500.0,0.3037399981834165,56.947888135775045,44.34573782095048,36.33570249394532,59.54855169804455,1.5227202548656282,20.561475412279616,42.77581139119352,120.0,60.0,100.0,60.0,120.0,60.0,120.0,60.0,90.45347415407797,18.13509562101754,91.19331169150718,18.115413879553905,88.17237222269749,18.749474257796187,83.77073461292116,17.421162774439214
93.33333333333334,500.0,0.3037399981834165,56.947888135775045,20.561475412279616,42.77581139119352,44.34573782095048,36.33570249394532,59.54855169804455,1.5227202548656282,120.0,60.0,120.0,60.0,100.0,60.0,120.0,60.0,90.45347415407797,18.13509562101754,83.77073461292116,17.421162774439214,91.19331169150718,18.115413879553905,88.17237222269749,18.749474257796187
93.33333333333334,500.0,0.3037399981834165,56.947888135775045,20.561475412279616,42.77581139119352,59.54855169804455,1.5227202548656282,44.34573782095048,36.33570249394532,120.0,60.0,120.0,60.0,120.0,60.0,100.0,60.0,90.45347415407797,18.13509562101754,83.77073461292116,17.421162774439214,88.17237222269749,18.749474257796187,91.19331169150718,18.115413879553905
93.33333333333334,500.0,0.3037399981834165,56.947888135775045,59.54855169804455,1.5227202548656282,44.34573782095048,36.33570249394532,20.561475412279616,42.77581139119352,120.0,60.0,120.0,60.0,100.0,60.0,120.0,60.0,90.45347415407797,18.13509562101754,88.17237222269749,18.749474257796187,91.19331169150718,18.115413879553905,83.77073461292116,17.421162774439214
93.33333333333334,500.0,0.3037399981834165,56.947888135775045,59.54855169804455,1.5227202548656282,20.561475412279616,42.77581139119352,44.34573782095048,36.33570249394532,120.0,60.0,120.0,60.0,120.0,60.0,100.0,60.0,90.45347415407797,18.13509562101754,88.17237222269749,18.749474257796187,83.77073461292116,17.421162774439214,91.19331169150718,18.115413879553905
93.33333333333334,500.0,20.561475412279616,42.77581139119352,44.34573782095048,36.33570249394532,0.3037399981834165,56.947888135775045,59.54855169804455,1.5227202548656282,120.0,60.0,100.0,60.0,120.0,60.0,120.0,60.0,83.77073461292116,17.421162774439214,91.19331169150718,18.115413879553905,90.45347415407797,18.13509562101754,88.17237222269749,18.749474257796187
93.33333333333334,500.0,20.561475412279616,42.77581139119352,44.34573782095048,36.33570249394532,59.54855169804455,1.5227202548656282,0.3037399981834165,56.947888135775045,120.0,60.0,100.0,60.0,120.0,60.0,120.0,60.0,83.77073461292116,17.421162774439214,91.19331169150718,18.115413879553905,88.17237222269749,18.749474257796187,90.45347415407797,18.13509562101754
93.33333333333334,500.0,20.561475412279616,42.77581139119352,0.3037399981834165,56.947888135775045,44.34573782095048,36.33570249394532,59.54855169804455,1.5227202548656282,120.0,60.0,120.0,60.0,100.0,60.0,120.0,60.0,83.77073461292116,17.421162774439214,90.45347415407797,18.13509562101754,91.19331169150718,18.115413879553905,88.17237222269749,18.749474257796187
93.33333333333334,500.0,20.561475412279616,42.77581139119352,0.3037399981834165,56.947888135775045,59.54855169804455,1.5227202548656282,44.34573782095048,36.33570249394532,120.0,60.0,120.0,60.0,120.0,60.0,100.0,60.0,83.77073461292116,17.421162774439214,90.45347415407797,18.13509562101754,88.17237222269749,18.749474257796187,91.19331169150718,18.115413879553905
93.33333333333334,500.0,20.561475412279616,42.77581139119352,59.54855169804455,1.5227202548656282,44.34573782095048,36.33570249394532,0.3037399981834165,56.947888135775045,120.0,60.0,120.0,60.0,100.0,60.0,120.0,60.0,83.77073461292116,17.421162774439214,88.17237222269749,18.749474257796187,91.19331169150718,18.115413879553905,90.45347415407797,18.13509562101754
93.33333333333334,500.0,20.561475412279616,42.77581139119352,59.54855169804455,1.5227202548656282,0.3037399981834165,56.947888135775045,44.34573782095048,36.33570249394532,120.00000000000001,60.00000000000001,120.00000000000001,60.00000000000001,120.00000000000001,60.00000000000001,100.0,60.00000000000001,83.77073461292116,17.421162774439214,88.17237222269749,18.749474257796187,90.45347415407797,18.13509562101754,91.19331169150718,18.115413879553905
93.33333333333334,500.0,59.54855169804455,1.5227202548656282,44.34573782095048,36.33570249394532,0.3037399981834165,56.947888135775045,20.561475412279616,42.77581139119352,120.0,60.0,100.0,60.0,120.0,60.0,120.0,60.0,88.17237222269749,18.749474257796187,91.19331169150718,18.115413879553905,90.45347415407797,18.13509562101754,83.77073461292116,17.421162774439214
93.33333333333334,500.0,59.54855169804455,1.5227202548656282,44.34573782095048,36.33570249394532,20.561475412279616,42.77581139119352,0.3037399981834165,56.947888135775045,120.0,60.0,100.0,60.0,120.0,60.0,120.0,60.0,88.17237222269749,18.749474257796187,91.19331169150718,18.115413879553905,83.77073461292116,17.421162774439214,90.45347415407797,18.13509562101754
93.33333333333334,500.0,59.54855169804455,1.5227202548656282,0.3037399981834165,56.947888135775045,44.34573782095048,36.33570249394532,20.561475412279616,42.77581139119352,120.00000000000001,60.00000000000001,120.00000000000001,60.00000000000001,100.0,60.00000000000001,120.00000000000001,60.00000000000001,88.17237222269749,18.749474257796187,90.45347415407797,18.13509562101754,91.19331169150718,18.115413879553905,83.77073461292116,17.421162774439214
93.33333333333334,500.0,59.54855169804455,1.5227202548656282,0.3037399981834165,56.947888135775045,20.561475412279616,42.77581139119352,44.34573782095048,36.33570249394532,120.00000000000001,60.00000000000001,120.00000000000001,60.00000000000001,120.00000000000001,60.00000000000001,100.0,60.00000000000001,88.17237222269749,18.749474257796187,90.45347415407797,18.13509562101754,83.77073461292116,17.421162774439214,91.19331169150718,18.115413879553905
93.33333333333334,500.0,59.54855169804455,1.5227202548656282,20.561475412279616,42.77581139119352,44.34573782095048,36.33570249394532,0.3037399981834165,56.947888135775045,120.0,60.0,120.0,60.0,100.0,60.0,120.0,60.0,88.17237222269749,18.749474257796187,83.77073461292116,17.421162774439214,91.19331169150718,18.115413879553905,90.45347415407797,18.13509562101754
93.33333333333334,500.0,59.54855169804455,1.5227202548656282,20.561475412279616,42.77581139119352,0.3037399981834165,56.947888135775045,44.34573782095048,36.33570249394532,120.0,60.0,120.0,60.0,120.0,60.0,100.0,60.0,88.17237222269749,18.749474257796187,83.77073461292116,17.421162774439214,90.45347415407797,18.13509562101754,91.19331169150718,18.115413879553905
106.66666666666669,500.0,12.185706071055533,9.871360616351224,38.18921908201288,21.308982164732328,2.5780299027295883,43.858517242007046,58.72518985345108,37.79540027620673,100.0,20.0,100.0,20.0,100.0,20.0,100.0,20.0,102.20917699454895,36.71984924175907,85.36298090783269,28.950678436008623,99.21794831070906,12.383244278265956,70.61205151538219,12.804519429483436
106.66666666666669,500.0,12.185706071055533,9.871360616351224,58.72518985345108,37.79540027620673,38.18921908201288,21.308982164732328,2.5780299027295883,43.858517242007046,100.0,20.0,100.0,20.0,100.0,20.0,100.0,20.0,102.20917699454895,36.71984924175907,70.61205151538219,12.804519429483436,85.36298090783269,28.950678436008623,99.21794831070906,12.383244278265956
106.66666666666669,500.0,12.185706071055533,9.871360616351224,58.72518985345108,37.79540027620673,2.5780299027295883,43.858517242007046,38.18921908201288,21.308982164732328,100.0,20.0,100.0,20.0,100.0,20.0,100.0,20.0,102.20917699454895,36.71984924175907,70.61205151538219,12.804519429483436,99.21794831070906,12.383244278265956,85.36298090783269,28.950678436008623
106.66666666666669,500.0,12.185706071055533,9.871360616351224,2.5780299027295883,43.858517242007046,38.18921908201288,21.308982164732328,58.72518985345108,37.79540027620673,100.0,20.0,100.0,20.0,100.0,20.0,100.0,20.0,102.20917699454895,36.71984924175907,99.21794831070906,12.383244278265956,85.36298090783269,28.950678436008623,70.61205151538219,12.804519429483436
106.66666666666669,500.0,12.185706071055533,9.871360616351224,2.5780299027295883,43.858517242007046,58.72518985345108,37.79540027620673,38.18921908201288,21.308982164732328,100.0,20.0,100.0,20.0,100.0,20.0,100.0,20.0,102.20917699454895,36.71984924175907,99.21794831070906,12.383244278265956,70.61205151538219,12.804519429483436,85.36298090783269,28.950678436008623
106.66666666666669,500.0,38.18921908201288,21.308982164732328,12.185706071055533,9.871360616351224,58.72518985345108,37.79540027620673,2.5780299027295883,43.858517242007046,99.99999999999999,20.0,99.99999999999999,20.0,99.99999999999999,20.0,99.99999999999999,20.0,85.36298090783269,28.950678436008623,102.20917699454895,36.71984924175907,70.61205151538219,12.804519429483436,99.21794831070906,12.383244278265956
106.66666666666669,500.0,38.18921908201288,21.308982164732328,12.185706071055533,9.871360616351224,2.5780299027295883,43.858517242007046,58.72518985345108,37.79540027620673,99.99999999999999,20.0,99.99999999999999,20.0,99.99999999999999,20.0,99.99999999999999,20.0,85.36298090783269,28.950678436008623,102.20917699454895,36.71984924175907,99.21794831070906,12.383244278265956,70.61205151538219,12.804519429483436
106.66666666666669,500.0,38.18921908201288,21.308982164732328,58.72518985345108,37.79540027620673,12.185706071055533,9.871360616351224,2.5780299027295883,43.858517242007046,100.0,20.0,100.0,20.0,100.0,20.0,100.0,20.0,85.36298090783269,28.950678436008623,70.61205151538219,12.804519429483436,102.20917699454895,36.71984924175907,99.21794831070906,12.383244278265956
106.66666666666669,500.0,38.18921908201288,21.308982164732328,58.72518985345108,37.79540027620673,2.5780299027295883,43.858517242007046,12.185706071055533,9.871360616351224,100.0,20.0,100.0,20.0,100.0,20.0,100.0,20.0,85.36298090783269,28.950678436008623,70.61205151538219,12.804519429483436,99.21794831070906,12.383244278265956,102.20917699454895,36.71984924175907
106.66666666666669,500.0,38.18921908201288,21.308982164732328,2.5780299027295883,43.858517242007046,12.185706071055533,9.871360616351224,58.72518985345108,37.79540027620673,99.99999999999999,20.0,99.99999999999999,20.0,99.99999999999999,20.0,99.99999999999999,20.0,85.36298090783269,28.950678436008623,99.21794831070906,12.383244278265956,102.20917699454895,36.71984924175907,70.61205151538219,12.804519429483436
106.66666666666669,500.0,38.18921908201288,21.308982164732328,2.5780299027295883,43.858517242007046,58.72518985345108,37.79540027620673,12.185706071055533,9.871360616351224,100.0,20.0,100.0,20.0,100.0,20.0,100.0,20.0,85.36298090783269,28.950678436008623,99.21794831070906,12.383244278265956,70.61205151538219,12.804519429483436,102.20917699454895,36.71984924175907
106.66666666666669,500.0,58.72518985345108,37.79540027620673,12.185706071055533,9.871360616351224,38.18921908201288,21.308982164732328,2.5780299027295883,43.858517242007046,100.0,20.0,100.0,20.0,100.0,20.0,100.0,20.0,70.61205151538219,12.804519429483436,102.20917699454895,36.71984924175907,85.36298090783269,28.950678436008623,99.21794831070906,12.383244278265956
106.66666666666669,500.0,58.72518985345108,37.79540027620673,12.185706071055533,9.871360616351224,2.5780299027295883,43.858517242007046,38.18921908201288,21.308982164732328,100.0,20.0,100.0,20.0,100.0,20.0,100.0,20.0,70.61205151538219,12.804519429483436,102.20917699454895,36.71984924175907,99.21794831070906,12.383244278265956,85.36298090783269,28.950678436008623
106.66666666666669,500.0,58.72518985345108,37.79540027620673,38.18921908201288,21.308982164732328,12.185706071055533,9.871360616351224,2.5780299027295883,43.858517242007046,100.0,20.0,100.0,20.0,100.0,20.0,100.0,20.0,70.61205151538219,12.804519429483436,85.36298090783269,28.950678436008623,102.20917699454895,36.71984924175907,99.21794831070906,12.383244278265956
106.66666666666669,500.0,58.72518985345108,37.79540027620673,38.18921908201288,21.308982164732328,2.5780299027295883,43.858517242007046,12.185706071055533,9.871360616351224,100.0,20.0,100.0,20.0,100.0,20.0,100.0,20.0,70.61205151538219,12.804519429483436,85.36298090783269,28.950678436008623,99.21794831070906,12.383244278265956,102.20917699454895,36.71984924175907
106.66666666666669,500.0,58.72518985345108,37.79540027620673,2.5780299027295883,43.858517242007046,12.185706071055533,9.871360616351224,38.18921908201288,21.308982164732328,100.0,20.0,100.0,20.0,100.0,20.0,100.0,20.0,70.61205151538219,12.804519429483436,99.21794831070906,12.383244278265956,102.20917699454895,36.71984924175907,85.36298090783269,28.950678436008623
106.66666666666669,500.0,58.72518985345108,37.79540027620673,2.5780299027295883,43.858517242007046,38.18921908201288,21.308982164732328,12.185706071055533,9.871360616351224,100.0,20.0,100.0,20.0,100.0,20.0,100.0,20.0,70.61205151538219,12.804519429483436,99.21794831070906,12.383244278265956,85.36298090783269,28.950678436008623,102.20917699454895,36.71984924175907
106.66666666666669,500.0,2.5780299027295883,43.858517242007046,12.185706071055533,9.871360616351224,38.18921908201288,21.308982164732328,58.72518985345108,37.79540027620673,100.0,20.0,100.0,20.0,100.0,20.0,100.0,20.0,99.21794831070906,12.383244278265956,102.20917699454895,36.71984924175907,85.36298090783269,28.950678436008623,70.61205151538219,12.804519429483436
106.66666666666669,500.0,2.5780299027295883,43.858517242007046,12.185706071055533,9.871360616351224,58.72518985345108,37.79540027620673,38.18921908201288,21.308982164732328,100.0,20.0,100.0,20.0,100.0,20.0,100.0,20.0,99.21794831070906,12.383244278265956,102.20917699454895,36.71984924175907,70.61205151538219,12.804519429483436,85.36298090783269,28.950678436008623
106.66666666666669,500.0,2.5780299027295883,43.858517242007046,38.18921908201288,21.308982164732328,12.185706071055533,9.871360616351224,58.72518985345108,37.79540027620673,99.99999999999999,20.0,99.99999999999999,20.0,99.99999999999999,20.0,99.99999999999999,20.0,99.21794831070906,12.383244278265956,85.36298090783269,28.950678436008623,102.20917699454895,36.71984924175907,70.61205151538219,12.804519429483436
106.66666666666669,500.0,2.5780299027295883,43.858517242007046,38.18921908201288,21.308982164732328,58.72518985345108,37.79540027620673,12.185706071055533,9.871360616351224,100.0,20.0,100.0,20.0,100.0,20.0,100.0,20.0,99.21794831070906,12.383244278265956,85.36298090783269,28.950678436008623,70.61205151538219,12.804519429483436,102.20917699454895,36.71984924175907
106.66666666666669,500.0,2.5780299027295883,43.858517242007046,58.72518985345108,37.79540027620673,12.185706071055533,9.871360616351224,38.18921908201288,21.308982164732328,100.0,20.0,100.0,20.0,100.0,20.0,100.0,20.0,99.21794831070906,12.383244278265956,70.61205151538219,12.804519429483436,102.20917699454895,36.71984924175907,85.36298090783269,28.950678436008623
106.66666666666669,500.0,2.5780299027295883,43.858517242007046,58.72518985345108,37.79540027620673,38.18921908201288,21.308982164732328,12.185706071055533,9.871360616351224,100.0,20.0,100.0,20.0,100.0,20.0,100.0,20.0,99.21794831070906,12.383244278265956,70.61205151538219,12.804519429483436,85.36298090783269,28.950678436008623,102.20917699454895,36.71984924175907
106.66666666666669,500.0,35.82627493799728,53.58846969708266,43.20819699126219,7.507231169927746,12.730123982247626,51.94818559507895,11.735130422584266,27.941518173983763,59.99999999999999,20.0,59.99999999999999,20.0,59.99999999999999,20.0,59.99999999999999,20.0,98.58843838614708,42.11106454491911,96.3060898710427,52.83479709730733,106.27241931994833,40.87631261550188,108.98994350471986,47.491041142795055
106.66666666666669,500.0,35.82627493799728,53.58846969708266,11.735130422584266,27.941518173983763,43.20819699126219,7.507231169927746,12.730123982247626,51.94818559507895,59.99999999999999,20.0,59.99999999999999,20.0,59.99999999999999,20.0,59.99999999999999,20.0,98.58843838614708,42.11106454491911,108.98994350471986,47.491041142795055,96.3060898710427,52.83479709730733,106.27241931994833,40.87631261550188
106.66666666666669,500.0,35.82627493799728,53.58846969708266,11.735130422584266,27.941518173983763,12.730123982247626,51.94818559507895,43.20819699126219,7.507231169927746,59.99999999999999,20.0,59.99999999999999,20.0,59.99999999999999,20.0,59.99999999999999,20.0,98.58843838614708,42.11106454491911,108.98994350471986,47.491041142795055,106.27241931994833,40.87631261550188,96.3060898710427,52.83479709730733
106.66666666666669,500.0,35.82627493799728,53.58846969708266,12.730123982247626,51.94818559507895,43.20819699126219,7.507231169927746,11.735130422584266,27.941518173983763,59.99999999999999,20.0,59.99999999999999,20.0,59.99999999999999,20.0,59.99999999999999,20.0,98.58843838614708,42.11106454491911,106.27241931994833,40.87631261550188,96.3060898710427,52.83479709730733,108.98994350471986,47.491041142795055
106.66666666666669,500.0,35.82627493799728,53.58846969708266,12.730123982247626,51.94818559507895,11.735130422584266,27.941518173983763,43.20819699126219,7.507231169927746,59.99999999999999,20.0,59.99999999999999,20.0,59.99999999999999,20.0,59.99999999999999,20.0,98.58843838614708,42.11106454491911,106.27241931994833,40.87631261550188,108.98994350471986,47.491041142795055,96.3060898710427,52.83479709730733
106.66666666666669,500.0,43.20819699126219,7.507231169927746,35.82627493799728,53.58846969708266,11.735130422584266,27.941518173983763,12.730123982247626,51.94818559507895,59.99999999999999,20.0,59.99999999999999,20.0,59.99999999999999,20.0,59.99999999999999,20.0,96.3060898710427,52.83479709730733,98.58843838614708,42.11106454491911,108.98994350471986,47.491041142795055,106.27241931994833,40.87631261550188
106.66666666666669,500.0,43.20819699126219,7.507231169927746,35.82627493799728,53.58846969708266,12.730123982247626,51.94818559507895,11.735130422584266,27.941518173983763,59.99999999999999,20.0,59.99999999999999,20.0,59.99999999999999,20.0,59.99999999999999,20.0,96.3060898710427,52.83479709730733,98.58843838614708,42.11106454491911,106.27241931994833,40.87631261550188,108.98994350471986,47.491041142795055
106.66666666666669,500.0,43.20819699126219,7.507231169927746,11.735130422584266,27.941518173983763,35.82627493799728,53.58846969708266,12.730123982247626,51.94818559507895,59.99999999999999,20.0,59.99999999999999,20.0,59.99999999999999,20.0,59.99999999999999,20.0,96.3060898710427,52.83479709730733,108.98994350471986,47.491041142795055,98.58843838614708,42.11106454491911,106.27241931994833,40.87631261550188
106.66666666666669,500.0,43.20819699126219,7.507231169927746,11.735130422584266,27.941518173983763,12.730123982247626,51.94818559507895,35.82627493799728,53.58846969708266,59.99999999999999,20.0,59.99999999999999,20.0,59.99999999999999,20.0,59.99999999999999,20.0,96.3060898710427,52.83479709730733,108.98994350471986,47.491041142795055,106.27241931994833,40.87631261550188,98.58843838614708,42.11106454491911
106.66666666666669,500.0,43.20819699126219,7.507231169927746,12.730123982247626,51.94818559507895,35.82627493799728,53.58846969708266,11.735130422584266,27.941518173983763,59.99999999999999,20.0,59.99999999999999,20.0,59.99999999999999,20.0,59.99999999999999,20.0,96.3060898710427,52.83479709730733,106.27241931994833,40.87631261550188,98.58843838614708,42.11106454491911,108.98994350471986,47.491041142795055
106.66666666666669,500.0,43.20819699126219,7.507231169927746,12.730123982247626,51.94818559507895,11.735130422584266,27.941518173983763,35.82627493799728,53.58846969708266,59.99999999999999,20.0,59.99999999999999,20.0,59.99999999999999,20.0,59.99999999999999,20.0,96.3060898710427,52.83479709730733,106.27241931994833,40.87631261550188,108.98994350471986,47.491041142795055,98.58843838614708,42.11106454491911
106.66666666666669,500.0,11.735130422584266,27.941518173983763,35.82627493799728,53.58846969708266,43.20819699126219,7.507231169927746,12.730123982247626,51.94818559507895,59.99999999999999,20.0,59.99999999999999,20.0,59.99999999999999,20.0,59.99999999999999,20.0,108.98994350471986,47.491041142795055,98.58843838614708,42.11106454491911,96.3060898710427,52.83479709730733,106.27241931994833,40.87631261550188
106.66666666666669,500.0,11.735130422584266,27.941518173983763,35.82627493799728,53.58846969708266,12.730123982247626,51.94818559507895,43.20819699126219,7.507231169927746,59.99999999999999,20.0,59.99999999999999,20.0,59.99999999999999,20.0,59.99999999999999,20.0,108.98994350471986,47.491041142795055,98.58843838614708,42.11106454491911,106.27241931994833,40.87631261550188,96.3060898710427,52.83479709730733
106.66666666666669,500.0,11.735130422584266,27.941518173983763,43.20819699126219,7.507231169927746,35.82627493799728,53.58846969708266,12.730123982247626,51.94818559507895,59.99999999999999,20.0,59.99999999999999,20.0,59.99999999999999,20.0,59.99999999999999,20.0,108.98994350471986,47.491041142795055,96.3060898710427,52.83479709730733,98.58843838614708,42.11106454491911,106.27241931994833,40.87631261550188
106.66666666666669,500.0,11.735130422584266,27.941518173983763,43.20819699126219,7.507231169927746,12.730123982247626,51.94818559507895,35.82627493799728,53.58846969708266,59.99999999999999,20.0,59.99999999999999,20.0,59.99999999999999,20.0,59.99999999999999,20.0,108.98994350471986,47.491041142795055,96.3060898710427,52.83479709730733,106.27241931994833,40.87631261550188,98.58843838614708,42.11106454491911
106.66666666666669,500.0,11.735130422584266,27.941518173983763,12.730123982247626,51.94818559507895,35.82627493799728,53.58846969708266,43.20819699126219,7.507231169927746,59.99999999999999,20.0,59.99999999999999,20.0,59.99999999999999,20.0,59.99999999999999,20.0,108.98994350471986,47.491041142795055,106.27241931994833,40.87631261550188,98.58843838614708,42.11106454491911,96.3060898710427,52.83479709730733
106.66666666666669,500.0,11.735130422584266,27.941518173983763,12.730123982247626,51.94818559507895,43.20819699126219,7.507231169927746,35.82627493799728,53.58846969708266,59.99999999999999,20.0,59.99999999999999,20.0,59.99999999999999,20.0,59.99999999999999,20.0,108.98994350471986,47.491041142795055,106.27241931994833,40.87631261550188,96.3060898710427,52.83479709730733,98.58843838614708,42.11106454491911
106.66666666666669,500.0,12.730123982247626,51.94818559507895,35.82627493799728,53.58846969708266,43.20819699126219,7.507231169927746,11.735130422584266,27.941518173983763,59.99999999999999,20.0,59.99999999999999,20.0,59.99999999999999,20.0,59.99999999999999,20.0,106.27241931994833,40.87631261550188,98.58843838614708,42.11106454491911,96.3060898710427,52.83479709730733,108.98994350471986,47.491041142795055
106.66666666666669,500.0,12.730123982247626,51.94818559507895,35.82627493799728,53.58846969708266,11.735130422584266,27.941518173983763,43.20819699126219,7.507231169927746,59.99999999999999,20.0,59.99999999999999,20.0,59.99999999999999,20.0,59.99999999999999,20.0,106.27241931994833,40.87631261550188,98.58843838614708,42.11106454491911,108.98994350471986,47.491041142795055,96.3060898710427,52.83479709730733
106.66666666666669,500.0,12.730123982247626,51.94818559507895,43.20819699126219,7.507231169927746,35.82627493799728,53.58846969708266,11.735130422584266,27.941518173983763,59.99999999999999,20.0,59.99999999999999,20.0,59.99999999999999,20.0,59.99999999999999,20.0,106.27241931994833,40.87631261550188,96.3060898710427,52.83479709730733,98.58843838614708,42.11106454491911,108.98994350471986,47.491041142795055
106.66666666666669,500.0,12.730123982247626,51.94818559507895,43.20819699126219,7.507231169927746,11.735130422584266,27.941518173983763,35.82627493799728,53.58846969708266,59.99999999999999,20.0,59.99999999999999,20.0,59.99999999999999,20.0,59.99999999999999,20.0,106.27241931994833,40.87631261550188,96.3060898710427,52.83479709730733,108.98994350471986,47.491041142795055,98.58843838614708,42.11106454491911
106.66666666666669,500.0,12.730123982247626,51.94818559507895,11.735130422584266,27.941518173983763,35.82627493799728,53.58846969708266,43.20819699126219,7.507231169927746,59.99999999999999,20.0,59.99999999999999,20.0,59.99999999999999,20.0,59.99999999999999,20.0,106.27241931994833,40.87631261550188,108.98994350471986,47.491041142795055,98.58843838614708,42.11106454491911,96.3060898710427,52.83479709730733
106.66666666666669,500.0,12.730123982247626,51.94818559507895,11.735130422584266,27.941518173983763,43.20819699126219,7.507231169927746,35.82627493799728,53.58846969708266,59.99999999999999,20.0,59.99999999999999,20.0,59.99999999999999,20.0,59.99999999999999,20.0,106.27241931994833,40.87631261550188,108.98994350471986,47.491041142795055,96.3060898710427,52.83479709730733,98.58843838614708,42.11106454491911
106.66666666666669,500.0,54.54792674276843,52.36671813014358,26.083593019704068,55.73514920181355,53.37758006349498,9.829793063811872,7.387638858235346,41.06335839119891,100.0,20.0,100.0,20.0,100.0,20.0,100.0,20.0,113.34789453612645,32.26966552521804,113.96028454667628,31.326473358581545,119.08717868634425,43.16956111254994,116.41191195802196,35.986945709906486
106.66666666666669,500.0,54.54792674276843,52.36671813014358,7.387638858235346,41.06335839119891,26.083593019704068,55.73514920181355,53.37758006349498,9.829793063811872,100.0,20.0,100.0,20.0,100.0,20.0,100.0,20.0,113.34789453612645,32.26966552521804,116.41191195802196,35.986945709906486,113.96028454667628,31.326473358581545,119.08717868634425,43.16956111254994
106.66666666666669,500.0,54.54792674276843,52.36671813014358,7.387638858235346,41.06335839119891,53.37758006349498,9.829793063811872,26.083593019704068,55.73514920181355,100.0,20.0,100.0,20.0,100.0,20.0,100.0,20.0,113.34789453612645,32.26966552521804,116.41191195802196,35.986945709906486,119.08717868634425,43.16956111254994,113.96028454667628,31.326473358581545
106.66666666666669,500.0,54.54792674276843,52.36671813014358,53.37758006349498,9.829793063811872,26.083593019704068,55.73514920181355,7.387638858235346,41.06335839119891,100.0,20.0,100.0,20.0,100.0,20.0,100.0,20.0,113.34789453612645,32.26966552521804,119.08717868634425,43.16956111254994,113.96028454667628,31.326473358581545,116.41191195802196,35.986945709906486
106.66666666666669,500.0,54.54792674276843,52.36671813014358,53.37758006349498,9.829793063811872,7.387638858235346,41.06335839119891,26.083593019704068,55.73514920181355,100.0,20.0,100.0,20.0,100.0,20.0,100.0,20.0,113.34789453612645,32.26966552521804,119.08717868634425,43.16956111254994,116.41191195802196,35.986945709906486,113.96028454667628,31.326473358581545
106.66666666666669,500.0,26.083593019704068,55.73514920181355,54.54792674276843,52.36671813014358,7.387638858235346,41.06335839119891,53.37758006349498,9.829793063811872,100.0,20.0,100.0,20.0,100.0,20.0,100.0,20.0,113.96028454667628,31.326473358581545,113.34789453612645,32.26966552521804,116.41191195802196,35.986945709906486,119.08717868634425,43.16956111254994
106.66666666666669,500.0,26.083593019704068,55.73514920181355,54.54792674276843,52.36671813014358,53.37758006349498,9.829793063811872,7.387638858235346,41.06335839119891,100.0,20.0,100.0,20.0,100.0,20.0,100.0,20.0,113.96028454667628,31.326473358581545,113.34789453612645,32.26966552521804,119.08717868634425,43.16956111254994,116.41191195802196,35.986945709906486
106.66666666666669,500.0,26.083593019704068,55.73514920181355,7.387638858235346,41.06335839119891,54.54792674276843,52.36671813014358,53.37758006349498,9.829793063811872,100.0,20.0,100.0,20.0,100.0,20.0,100.0,20.0,113.96028454667628,31.326473358581545,116.41191195802196,35.986945709906486,113.34789453612645,32.26966552521804,119.08717868634425,43.16956111254994
106.66666666666669,500.0,26.083593019704068,55.73514920181355,7.387638858235346,41.06335839119891,53.37758006349498,9.829793063811872,54.54792674276843,52.36671813014358,100.0,20.0,100.0,20.0,100.0,20.0,100.0,20.0,113.96028454667628,31.326473358581545,116.41191195802196,35.986945709906486,119.08717868634425,43.16956111254994,113.34789453612645,32.26966552521804
106.66666666666669,500.0,26.083593019704068,55.73514920181355,53.37758006349498,9.829793063811872,54.54792674276843,52.36671813014358,7.387638858235346,41.06335839119891,100.0,20.0,100.0,20.0,100.0,20.0,100.0,20.0,113.96028454667628,31.326473358581545,119.08717868634425,43.16956111254994,113.34789453612645,32.26966552521804,116.41191195802196,35.986945709906486
106.66666666666669,500.0,26.083593019704068,55.73514920181355,53.37758006349498,9.829793063811872,7.387638858235346,41.06335839119891,54.54792674276843,52.36671813014358,100.0,20.0,100.0,20.0,100.0,20.0,100.0,20.0,113.96028454667628,31.326473358581545,119.08717868634425,43.16956111254994,116.41191195802196,35.986945709906486,113.34789453612645,32.26966552521804
106.66666666666669,500.0,7.387638858235346,41.06335839119891,54.54792674276843,52.36671813014358,26.083593019704068,55.73514920181355,53.37758006349498,9.829793063811872,100.0,20.0,100.0,20.0,100.0,20.0,100.0,20.0,116.41191195802196,35.986945709906486,113.34789453612645,32.26966552521804,113.96028454667628,31.326473358581545,119.08717868634425,43.16956111254994
106.66666666666669,500.0,7.387638858235346,41.06335839119891,54.54792674276843,52.36671813014358,53.37758006349498,9.829793063811872,26.083593019704068,55.73514920181355,100.0,20.0,100.0,20.0,100.0,20.0,100.0,20.0,116.41191195802196,35.986945709906486,113.34789453612645,32.26966552521804,119.08717868634425,43.16956111254994,113.96028454667628,31.326473358581545
106.66666666666669,500.0,7.387638858235346,41.06335839119891,26.083593019704068,55.73514920181355,54.54792674276843,52.36671813014358,53.37758006349498,9.829793063811872,100.0,20.0,100.0,20.0,100.0,20.0,100.0,20.0,116.41191195802196,35.986945709906486,113.96028454667628,31.326473358581545,113.34789453612645,32.26966552521804,119.08717868634425,43.16956111254994
106.66666666666669,500.0,7.387638858235346,41.06335839119891,26.083593019704068,55.73514920181355,53.37758006349498,9.829793063811872,54.54792674276843,52.36671813014358,100.0,20.0,100.0,20.0,100.0,20.0,100.0,20.0,116.41191195802196,35.986945709906486,113.96028454667628,31.326473358581545,119.08717868634425,43.16956111254994,113.34789453612645,32.26966552521804
106.66666666666669,500.0,7.387638858235346,41.06335839119891,53.37758006349498,9.829793063811872,54.54792674276843,52.36671813014358,26.083593019704068,55.73514920181355,100.0,20.0,100.0,20.0,100.0,20.0,100.0,20.0,116.41191195802196,35.986945709906486,119.08717868634425,43.16956111254994,113.34789453612645,32.26966552521804,113.96028454667628,31.326473358581545
106.66666666666669,500.0,7.387638858235346,41.06335839119891,53.37758006349498,9.829793063811872,26.083593019704068,55.73514920181355,54.54792674276843,52.36671813014358,100.0,20.0,100.0,20.0,100.0,20.0,100.0,20.0,116.41191195802196,35.986945709906486,119.08717868634425,43.16956111254994,113.96028454667628,31.326473358581545,113.34789453612645,32.26966552521804
106.66666666666669,500.0,53.37758006349498,9.829793063811872,54.54792674276843,52.36671813014358,26.083593019704068,55.73514920181355,7.387638858235346,41.06335839119891,100.0,20.0,100.0,20.0,100.0,20.0,100.0,20.0,119.08717868634425,43.16956111254994,113.34789453612645,32.26966552521804,113.96028454667628,31.326473358581545,116.41191195802196,35.986945709906486
106.66666666666669,500.0,53.37758006349498,9.829793063811872,54.54792674276843,52.36671813014358,7.387638858235346,41.06335839119891,26.083593019704068,55.73514920181355,100.0,20.0,100.0,20.0,100.0,20.0,100.0,20.0,119.08717868634425,43.16956111254994,113.34789453612645,32.26966552521804,116.41191195802196,35.986945709906486,113.96028454667628,31.326473358581545
106.66666666666669,500.0,53.37758006349498,9.829793063811872,26.083593019704068,55.73514920181355,54.54792674276843,52.36671813014358,7.387638858235346,41.06335839119891,100.0,20.0,100.0,20.0,100.0,20.0,100.0,20.0,119.08717868634425,43.16956111254994,113.96028454667628,31.326473358581545,113.34789453612645,32.26966552521804,116.41191195802196,35.986945709906486
106.66666666666669,500.0,53.37758006349498,9.829793063811872,26.083593019704068,55.73514920181355,7.387638858235346,41.06335839119891,54.54792674276843,52.36671813014358,100.0,20.0,100.0,20.0,100.0,20.0,100.0,20.0,119.08717868634425,43.16956111254994,113.96028454667628,31.326473358581545,116.41191195802196,35.986945709906486,113.34789453612645,32.26966552521804
106.66666666666669,500.0,53.37758006349498,9.829793063811872,7.387638858235346,41.06335839119891,54.54792674276843,52.36671813014358,26.083593019704068,55.73514920181355,100.0,20.0,100.0,20.0,100.0,20.0,100.0,20.0,119.08717868634425,43.16956111254994,116.41191195802196,35.986945709906486,113.34789453612645,32.26966552521804,113.96028454667628,31.326473358581545
106.66666666666669,500.0,53.37758006349498,9.829793063811872,7.387638858235346,41.06335839119891,26.083593019704068,55.73514920181355,54.54792674276843,52.36671813014358,100.0,20.0,100.0,20.0,100.0,20.0,100.0,20.0,119.08717868634425,43.16956111254994,116.41191195802196,35.986945709906486,113.96028454667628,31.326473358581545,113.34789453612645,32.26966552521804
106.66666666666669,500.0,56.55109035401546,42.16580384118928,1.3107137636651212,1.4520721328146746,25.28609564503224,25.513188285786125,28.47421354476287,46.709608125055446,100.0,60.0,100.0,60.0,100.0,60.0,100.0,60.0,92.09120308307516,25.6334013426217,110.7073161301728,35.16400418138109,79.32572713332871,27.41855169272052,110.69564518668696,22.630878302880856
106.66666666666669,500.0,56.55109035401546,42.16580384118928,28.47421354476287,46.709608125055446,1.3107137636651212,1.4520721328146746,25.28609564503224,25.513188285786125,100.0,60.0,100.0,60.0,100.0,60.0,100.0,60.0,92.09120308307516,25.6334013426217,110.69564518668696,22.630878302880856,110.7073161301728,35.16400418138109,79.32572713332871,27.41855169272052
106.66666666666669,500.0,56.55109035401546,42.16580384118928,28.47421354476287,46.709608125055446,25.28609564503224,25.513188285786125,1.3107137636651212,1.4520721328146746,100.0,60.0,100.0,60.0,100.0,60.0,100.0,60.0,92.09120308307516,25.6334013426217,110.69564518668696,22.630878302880856,79.32572713332871,27.41855169272052,110.7073161301728,35.16400418138109
106.66666666666669,500.0,56.55109035401546,42.16580384118928,25.28609564503224,25.513188285786125,1.3107137636651212,1.4520721328146746,28.47421354476287,46.709608125055446,100.0,60.0,100.0,60.0,100.0,60.0,100.0,60.0,92.09120308307516,25.6334013426217,79.32572713332871,27.41855169272052,110.7073161301728,35.16400418138109,110.69564518668696,22.630878302880856
106.66666666666669,500.0,56.55109035401546,42.16580384118928,25.28609564503224,25.513188285786125,28.47421354476287,46.709608125055446,1.3107137636651212,1.4520721328146746,100.0,60.0,100.0,60.0,100.0,60.0,100.0,60.0,92.09120308307516,25.6334013426217,79.32572713332871,27.41855169272052,110.69564518668696,22.630878302880856,110.7073161301728,35.16400418138109
106.66666666666669,500.0,1.3107137636651212,1.4520721328146746,56.55109035401546,42.16580384118928,28.47421354476287,46.709608125055446,25.28609564503224,25.513188285786125,100.0,60.0,100.0,60.0,100.0,60.0,100.0,60.0,110.7073161301728,35.16400418138109,92.09120308307516,25.6334013426217,110.69564518668696,22.630878302880856,79.32572713332871,27.41855169272052
106.66666666666669,500.0,1.3107137636651212,1.4520721328146746,56.55109035401546,42.16580384118928,25.28609564503224,25.513188285786125,28.47421354476287,46.709608125055446,100.0,60.0,100.0,60.0,100.0,60.0,100.0,60.0,110.7073161301728,35.16400418138109,92.09120308307516,25.6334013426217,79.32572713332871,27.41855169272052,110.69564518668696,22.630878302880856
106.66666666666669,500.0,1.3107137636651212,1.4520721328146746,28.47421354476287,46.709608125055446,56.55109035401546,42.16580384118928,25.28609564503224,25.513188285786125,100.0,60.0,100.0,60.0,100.0,60.0,100.0,60.0,110.7073161301728,35.16400418138109,110.69564518668696,22.630878302880856,92.09120308307516,25.6334013426217,79.32572713332871,27.41855169272052
106.66666666666669,500.0,1.3107137636651212,1.4520721328146746,28.47421354476287,46.709608125055446,25.28609564503224,25.513188285786125,56.55109035401546,42.16580384118928,100.0,60.0,100.0,60.0,100.0,60.0,100.0,60.0,110.7073161301728,35.16400418138109,110.69564518668696,22.630878302880856,79.32572713332871,27.41855169272052,92.09120308307516,25.6334013426217
106.66666666666669,500.0,1.3107137636651212,1.4520721328146746,25.28609564503224,25.513188285786125,56.55109035401546,42.16580384118928,28.47421354476287,46.709608125055446,100.0,60.0,100.0,60.0,100.0,60.0,100.0,60.0,110.7073161301728,35.16400418138109,79.32572713332871,27.41855169272052,92.09120308307516,25.6334013426217,110.69564518668696,22.630878302880856
106.66666666666669,500.0,1.3107137636651212,1.4520721328146746,25.28609564503224,25.513188285786125,28.47421354476287,46.709608125055446,56.55109035401546,42.16580384118928,100.0,60.0,100.0,60.0,100.0,60.0,100.0,60.0,110.7073161301728,35.16400418138109,79.32572713332871,27.41855169272052,110.69564518668696,22.630878302880856,92.09120308307516,25.6334013426217
106.66666666666669,500.0,28.47421354476287,46.709608125055446,56.55109035401546,42.16580384118928,1.3107137636651212,1.4520721328146746,25.28609564503224,25.513188285786125,100.0,60.0,100.0,60.0,100.0,60.0,100.0,60.0,110.69564518668696,22.630878302880856,92.09120308307516,25.6334013426217,110.7073161301728,35.16400418138109,79.32572713332871,27.41855169272052
106.66666666666669,500.0,28.47421354476287,46.709608125055446,56.55109035401546,42.16580384118928,25.28609564503224,25.513188285786125,1.3107137636651212,1.4520721328146746,100.0,60.0,100.0,60.0,100.0,60.0,100.0,60.0,110.69564518668696,22.630878302880856,92.09120308307516,25.6334013426217,79.32572713332871,27.41855169272052,110.7073161301728,35.16400418138109
106.66666666666669,500.0,28.47421354476287,46.709608125055446,1.3107137636651212,1.4520721328146746,56.55109035401546,42.16580384118928,25.28609564503224,25.513188285786125,100.0,60.0,100.0,60.0,100.0,60.0,100.0,60.0,110.69564518668696,22.630878302880856,110.7073161301728,35.16400418138109,92.09120308307516,25.6334013426217,79.32572713332871,27.41855169272052
106.66666666666669,500.0,28.47421354476287,46.709608125055446,1.3107137636651212,1.4520721328146746,25.28609564503224,25.513188285786125,56.55109035401546,42.16580384118928,100.0,60.0,100.0,60.0,100.0,60.0,100.0,60.0,110.69564518668696,22.630878302880856,110.7073161301728,35.16400418138109,79.32572713332871,27.41855169272052,92.09120308307516,25.6334013426217
106.66666666666669,500.0,28.47421354476287,46.709608125055446,25.28609564503224,25.513188285786125,56.55109035401546,42.16580384118928,1.3107137636651212,1.4520721328146746,100.0,60.0,100.0,60.0,100.0,60.0,100.0,60.0,110.69564518668696,22.630878302880856,79.32572713332871,27.41855169272052,92.09120308307516,25.6334013426217,110.7073161301728,35.16400418138109
106.66666666666669,500.0,28.47421354476287,46.709608125055446,25.28609564503224,25.513188285786125,1.3107137636651212,1.4520721328146746,56.55109035401546,42.16580384118928,100.0,60.0,100.0,60.0,100.0,60.0,100.0,60.0,110.69564518668696,22.630878302880856,79.32572713332871,27.41855169272052,110.7073161301728,35.16400418138109,92.09120308307516,25.6334013426217
106.66666666666669,500.0,25.28609564503224,25.513188285786125,56.55109035401546,42.16580384118928,1.3107137636651212,1.4520721328146746,28.47421354476287,46.709608125055446,100.0,60.0,100.0,60.0,100.0,60.0,100.0,60.0,79.32572713332871,27.41855169272052,92.09120308307516,25.6334013426217,110.7073161301728,35.16400418138109,110.69564518668696,22.630878302880856
106.66666666666669,500.0,25.28609564503224,25.513188285786125,56.55109035401546,42.16580384118928,28.47421354476287,46.709608125055446,1.3107137636651212,1.4520721328146746,100.0,60.0,100.0,60.0,100.0,60.0,100.0,60.0,79.32572713332871,27.41855169272052,92.09120308307516,25.6334013426217,110.69564518668696,22.630878302880856,110.7073161301728,35.16400418138109
106.66666666666669,500.0,25.28609564503224,25.513188285786125,1.3107137636651212,1.4520721328146746,56.55109035401546,42.16580384118928,28.47421354476287,46.709608125055446,100.0,60.0,100.0,60.0,100.0,60.0,100.0,60.0,79.32572713332871,27.41855169272052,110.7073161301728,35.16400418138109,92.09120308307516,25.6334013426217,110.69564518668696,22.630878302880856
106.66666666666669,500.0,25.28609564503224,25.513188285786125,1.3107137636651212,1.4520721328146746,28.47421354476287,46.709608125055446,56.55109035401546,42.16580384118928,100.0,60.0,100.0,60.0,100.0,60.0,100.0,60.0,79.32572713332871,27.41855169272052,110.7073161301728,35.16400418138109,110.69564518668696,22.630878302880856,92.09120308307516,25.6334013426217
106.66666666666669,500.0,25.28609564503224,25.513188285786125,28.47421354476287,46.709608125055446,56.55109035401546,42.16580384118928,1.3107137636651212,1.4520721328146746,100.0,60.0,100.0,60.0,100.0,60.0,100.0,60.0,79.32572713332871,27.41855169272052,110.69564518668696,22.630878302880856,92.09120308307516,25.6334013426217,110.7073161301728,35.16400418138109
106.66666666666669,500.0,25.28609564503224,25.513188285786125,28.47421354476287,46.709608125055446,1.3107137636651212,1.4520721328146746,56.55109035401546,42.16580384118928,100.0,60.0,100.0,60.0,100.0,60.0,100.0,60.0,79.32572713332871,27.41855169272052,110.69564518668696,22.630878302880856,110.7073161301728,35.16400418138109,92.09120308307516,25.6334013426217
106.66666666666669,500.0,26.29761949961138,10.622057669513667,8.159263100887744,35.044372623225776,51.436652017042434,17.332232140959412,56.50747002159251,44.56407627355854,100.0,60.0,100.0,60.0,100.0,60.0,100.0,60.0,104.9416231143233,24.563219382514887,108.71398906018192,9.581995573529092,89.16525738651299,19.99778547631225,84.48617872644569,4.077831816574282
106.66666666666669,500.0,26.29761949961138,10.622057669513667,56.50747002159251,44.56407627355854,8.159263100887744,35.044372623225776,51.436652017042434,17.332232140959412,100.0,60.0,100.0,60.0,100.0,60.0,100.0,60.0,104.9416231143233,24.563219382514887,84.48617872644569,4.077831816574282,108.71398906018192,9.581995573529092,89.16525738651299,19.99778547631225
106.66666666666669,500.0,26.29761949961138,10.622057669513667,56.50747002159251,44.56407627355854,51.436652017042434,17.332232140959412,8.159263100887744,35.044372623225776,100.0,60.0,100.0,60.0,100.0,60.0,100.0,60.0,104.9416231143233,24.563219382514887,84.48617872644569,4.077831816574282,89.16525738651299,19.99778547631225,108.71398906018192,9.581995573529092
106.66666666666669,500.0,26.29761949961138,10.622057669513667,51.436652017042434,17.332232140959412,8.159263100887744,35.044372623225776,56.50747002159251,44.56407627355854,100.0,60.0,100.0,60.0,100.0,60.0,100.0,60.0,104.9416231143233,24.563219382514887,89.16525738651299,19.99778547631225,108.71398906018192,9.581995573529092,84.48617872644569,4.077831816574282
106.66666666666669,500.0,26.29761949961138,10.622057669513667,51.436652017042434,17.332232140959412,56.50747002159251,44.56407627355854,8.159263100887744,35.044372623225776,100.0,60.0,100.0,60.0,100.0,60.0,100.0,60.0,104.9416231143233,24.563219382514887,89.16525738651299,19.99778547631225,84.48617872644569,4.077831816574282,108.71398906018192,9.581995573529092
106.66666666666669,500.0,8.159263100887744,35.044372623225776,26.29761949961138,10.622057669513667,56.50747002159251,44.56407627355854,51.436652017042434,17.332232140959412,100.0,60.0,100.0,60.0,100.0,60.0,100.0,60.0,108.71398906018192,9.581995573529092,104.9416231143233,24.563219382514887,84.48617872644569,4.077831816574282,89.16525738651299,19.99778547631225
106.66666666666669,500.0,8.159263100887744,35.044372623225776,26.29761949961138,10.622057669513667,51.436652017042434,17.332232140959412,56.50747002159251,44.56407627355854,100.0,60.0,100.0,60.0,100.0,60.0,100.0,60.0,108.71398906018192,9.581995573529092,104.9416231143233,24.563219382514887,89.16525738651299,19.99778547631225,84.48617872644569,4.077831816574282
106.66666666666669,500.0,8.159263100887744,35.044372623225776,56.50747002159251,44.56407627355854,26.29761949961138,10.622057669513667,51.436652017042434,17.332232140959412,100.0,60.0,100.0,60.0,100.0,60.0,100.0,60.0,108.71398906018192,9.581995573529092,84.48617872644569,4.077831816574282,104.9416231143233,24.563219382514887,89.16525738651299,19.99778547631225
106.66666666666669,500.0,8.159263100887744,35.044372623225776,56.50747002159251,44.56407627355854,51.436652017042434,17.332232140959412,26.29761949961138,10.622057669513667,100.0,60.0,100.0,60.0,100.0,60.0,100.0,60.0,108.71398906018192,9.581995573529092,84.48617872644569,4.077831816574282,89.16525738651299,19.99778547631225,104.9416231143233,24.563219382514887
106.66666666666669,500.0,8.159263100887744,35.044372623225776,51.436652017042434,17.332232140959412,26.29761949961138,10.622057669513667,56.50747002159251,44.56407627355854,100.0,60.0,100.0,60.0,100.0,60.0,100.0,60.0,108.71398906018192,9.581995573529092,89.16525738651299,19.99778547631225,104.9416231143233,24.563219382514887,84.48617872644569,4.077831816574282
106.66666666666669,500.0,8.159263100887744,35.044372623225776,51.436652017042434,17.332232140959412,56.50747002159251,44.56407627355854,26.29761949961138,10.622057669513667,100.0,60.0,100.0,60.0,100.0,60.0,100.0,60.0,108.71398906018192,9.581995573529092,89.16525738651299,19.99778547631225,84.48617872644569,4.077831816574282,104.9416231143233,24.563219382514887
106.66666666666669,500.0,56.50747002159251,44.56407627355854,26.29761949961138,10.622057669513667,8.159263100887744,35.044372623225776,51.436652017042434,17.332232140959412,100.0,60.0,100.0,60.0,100.0,60.0,100.0,60.0,84.48617872644569,4.077831816574282,104.9416231143233,24.563219382514887,108.71398906018192,9.581995573529092,89.16525738651299,19.99778547631225
106.66666666666669,500.0,56.50747002159251,44.56407627355854,26.29761949961138,10.622057669513667,51.436652017042434,17.332232140959412,8.159263100887744,35.044372623225776,100.0,60.0,100.0,60.0,100.0,60.0,100.0,60.0,84.48617872644569,4.077831816574282,104.9416231143233,24.563219382514887,89.16525738651299,19.99778547631225,108.71398906018192,9.581995573529092
106.66666666666669,500.0,56.50747002159251,44.56407627355854,8.159263100887744,35.044372623225776,26.29761949961138,10.622057669513667,51.436652017042434,17.332232140959412,100.0,60.0,100.0,60.0,100.0,60.0,100.0,60.0,84.48617872644569,4.077831816574282,108.71398906018192,9.581995573529092,104.9416231143233,24.563219382514887,89.16525738651299,19.99778547631225
106.66666666666669,500.0,56.50747002159251,44.56407627355854,8.159263100887744,35.044372623225776,51.436652017042434,17.332232140959412,26.29761949961138,10.622057669513667,100.0,60.0,100.0,60.0,100.0,60.0,100.0,60.0,84.48617872644569,4.077831816574282,108.71398906018192,9.581995573529092,89.16525738651299,19.99778547631225,104.9416231143233,24.563219382514887
106.66666666666669,500.0,56.50747002159251,44.56407627355854,51.436652017042434,17.332232140959412,26.29761949961138,10.622057669513667,8.159263100887744,35.044372623225776,100.0,60.0,100.0,60.0,100.0,60.0,100.0,60.0,84.48617872644569,4.077831816574282,89.16525738651299,19.99778547631225,104.9416231143233,24.563219382514887,108.71398906018192,9.581995573529092
106.66666666666669,500.0,56.50747002159251,44.56407627355854,51.436652017042434,17.332232140959412,8.159263100887744,35.044372623225776,26.29761949961138,10.622057669513667,100.0,60.0,100.0,60.0,100.0,60.0,100.0,60.0,84.48617872644569,4.077831816574282,89.16525738651299,19.99778547631225,108.71398906018192,9.581995573529092,104.9416231143233,24.563219382514887
106.66666666666669,500.0,51.436652017042434,17.332232140959412,26.29761949961138,10.622057669513667,8.159263100887744,35.044372623225776,56.50747002159251,44.56407627355854,100.0,60.0,100.0,60.0,100.0,60.0,100.0,60.0,89.16525738651299,19.99778547631225,104.9416231143233,24.563219382514887,108.71398906018192,9.581995573529092,84.48617872644569,4.077831816574282
106.66666666666669,500.0,51.436652017042434,17.332232140959412,26.29761949961138,10.622057669513667,56.50747002159251,44.56407627355854,8.159263100887744,35.044372623225776,100.0,60.0,100.0,60.0,100.0,60.0,100.0,60.0,89.16525738651299,19.99778547631225,104.9416231143233,24.563219382514887,84.48617872644569,4.077831816574282,108.71398906018192,9.581995573529092
106.66666666666669,500.0,51.436652017042434,17.332232140959412,8.159263100887744,35.044372623225776,26.29761949961138,10.622057669513667,56.50747002159251,44.56407627355854,100.0,60.0,100.0,60.0,100.0,60.0,100.0,60.0,89.16525738651299,19.99778547631225,108.71398906018192,9.581995573529092,104.9416231143233,24.563219382514887,84.48617872644569,4.077831816574282
106.66666666666669,500.0,51.436652017042434,17.332232140959412,8.159263100887744,35.044372623225776,56.50747002159251,44.56407627355854,26.29761949961138,10.622057669513667,100.0,60.0,100.0,60.0,100.0,60.0,100.0,60.0,89.16525738651299,19.99778547631225,108.71398906018192,9.581995573529092,84.48617872644569,4.077831816574282,104.9416231143233,24.563219382514887
106.66666666666669,500.0,51.436652017042434,17.332232140959412,56.50747002159251,44.56407627355854,26.29761949961138,10.622057669513667,8.159263100887744,35.044372623225776,100.0,60.0,100.0,60.0,100.0,60.0,100.0,60.0,89.16525738651299,19.99778547631225,84.48617872644569,4.077831816574282,104.9416231143233,24.563219382514887,108.71398906018192,9.581995573529092
106.66666666666669,500.0,51.436652017042434,17.332232140959412,56.50747002159251,44.56407627355854,8.159263100887744,35.044372623225776,26.29761949961138,10.622057669513667,100.0,60.0,100.0,60.0,100.0,60.0,100.0,60.0,89.16525738651299,19.99778547631225,84.48617872644569,4.077831816574282,108.71398906018192,9.581995573529092,104.9416231143233,24.563219382514887
106.66666666666669,500.0,25.588670881418164,38.09203944321389,3.4764116466160577,46.7646209904263,19.04502096122945,3.7262675310507687,51.89543429029944,57.23531273787504,120.0,40.0,120.0,40.0,120.0,40.0,120.0,40.0,87.1398728228413,24.66140830566572,106.7982110007951,16.04806146499024,87.75911265586602,44.51376889919511,66.38352211689822,8.768718307482423
106.66666666666669,500.0,25.588670881418164,38.09203944321389,51.89543429029944,57.23531273787504,3.4764116466160577,46.7646209904263,19.04502096122945,3.7262675310507687,120.0,40.0,120.0,40.0,120.0,40.0,120.0,40.0,87.1398728228413,24.66140830566572,66.38352211689822,8.768718307482423,106.7982110007951,16.04806146499024,87.75911265586602,44.51376889919511
106.66666666666669,500.0,25.588670881418164,38.09203944321389,51.89543429029944,57.23531273787504,19.04502096122945,3.7262675310507687,3.4764116466160577,46.7646209904263,120.0,40.0,120.0,40.0,120.0,40.0,120.0,40.0,87.1398728228413,24.66140830566572,66.38352211689822,8.768718307482423,87.75911265586602,44.51376889919511,106.7982110007951,16.04806146499024
106.66666666666669,500.0,25.588670881418164,38.09203944321389,19.04502096122945,3.7262675310507687,3.4764116466160577,46.7646209904263,51.89543429029944,57.23531273787504,120.0,40.0,120.0,40.0,120.0,40.0,120.0,40.0,87.1398728228413,24.66140830566572,87.75911265586602,44.51376889919511,106.7982110007951,16.04806146499024,66.38352211689822,8.768718307482423
106.66666666666669,500.0,25.588670881418164,38.09203944321389,19.04502096122945,3.7262675310507687,51.89543429029944,57.23531273787504,3.4764116466160577,46.7646209904263,120.0,40.0,120.0,40.0,120.0,40.0,120.0,40.0,87.1398728228413,24.66140830566572,87.75911265586602,44.51376889919511,66.38352211689822,8.768718307482423,106.7982110007951,16.04806146499024
106.66666666666669,500.0,3.4764116466160577,46.7646209904263,25.588670881418164,38.09203944321389,51.89543429029944,57.23531273787504,19.04502096122945,3.7262675310507687,120.0,40.0,120.0,40.0,120.0,40.0,120.0,40.0,106.7982110007951,16.04806146499024,87.1398728228413,24.66140830566572,66.38352211689822,8.768718307482423,87.75911265586602,44.51376889919511
106.66666666666669,500.0,3.4764116466160577,46.7646209904263,25.588670881418164,38.09203944321389,19.04502096122945,3.7262675310507687,51.89543429029944,57.23531273787504,120.0,40.0,120.0,40.0,120.0,40.0,120.0,40.0,106.7982110007951,16.04806146499024,87.1398728228413,24.66140830566572,87.75911265586602,44.51376889919511,66.38352211689822,8.768718307482423
106.66666666666669,500.0,3.4764116466160577,46.7646209904263,51.89543429029944,57.23531273787504,25.588670881418164,38.09203944321389,19.04502096122945,3.7262675310507687,120.0,40.0,120.0,40.0,120.0,40.0,120.0,40.0,106.7982110007951,16.04806146499024,66.38352211689822,8.768718307482423,87.1398728228413,24.66140830566572,87.75911265586602,44.51376889919511
106.66666666666669,500.0,3.4764116466160577,46.7646209904263,51.89543429029944,57.23531273787504,19.04502096122945,3.7262675310507687,25.588670881418164,38.09203944321389,120.0,40.0,120.0,40.0,120.0,40.0,120.0,40.0,106.7982110007951,16.04806146499024,66.38352211689822,8.768718307482423,87.75911265586602,44.51376889919511,87.1398728228413,24.66140830566572
106.66666666666669,500.0,3.4764116466160577,46.7646209904263,19.04502096122945,3.7262675310507687,25.588670881418164,38.09203944321389,51.89543429029944,57.23531273787504,120.0,40.0,120.0,40.0,120.0,40.0,120.0,40.0,106.7982110007951,16.04806146499024,87.75911265586602,44.51376889919511,87.1398728228413,24.66140830566572,66.38352211689822,8.768718307482423
106.66666666666669,500.0,3.4764116466160577,46.7646209904263,19.04502096122945,3.7262675310507687,51.89543429029944,57.23531273787504,25.588670881418164,38.09203944321389,120.0,40.0,120.0,40.0,120.0,40.0,120.0,40.0,106.7982110007951,16.04806146499024,87.75911265586602,44.51376889919511,66.38352211689822,8.768718307482423,87.1398728228413,24.66140830566572
106.66666666666669,500.0,51.89543429029944,57.23531273787504,25.588670881418164,38.09203944321389,3.4764116466160577,46.7646209904263,19.04502096122945,3.7262675310507687,120.0,40.0,120.0,40.0,120.0,40.0,120.0,40.0,66.38352211689822,8.768718307482423,87.1398728228413,24.66140830566572,106.7982110007951,16.04806146499024,87.75911265586602,44.51376889919511
106.66666666666669,500.0,51.89543429029944,57.23531273787504,25.588670881418164,38.09203944321389,19.04502096122945,3.7262675310507687,3.4764116466160577,46.7646209904263,120.0,40.0,120.0,40.0,120.0,40.0,120.0,40.0,66.38352211689822,8.768718307482423,87.1398728228413,24.66140830566572,87.75911265586602,44.51376889919511,106.7982110007951,16.04806146499024
106.66666666666669,500.0,51.89543429029944,57.23531273787504,3.4764116466160577,46.7646209904263,25.588670881418164,38.09203944321389,19.04502096122945,3.7262675310507687,120.0,40.0,120.0,40.0,120.0,40.0,120.0,40.0,66.38352211689822,8.768718307482423,106.7982110007951,16.04806146499024,87.1398728228413,24.66140830566572,87.75911265586602,44.51376889919511
106.66666666666669,500.0,51.89543429029944,57.23531273787504,3.4764116466160577,46.7646209904263,19.04502096122945,3.7262675310507687,25.588670881418164,38.09203944321389,120.0,40.0,120.0,40.0,120.0,40.0,120.0,40.0,66.38352211689822,8.768718307482423,106.7982110007951,16.04806146499024,87.75911265586602,44.51376889919511,87.1398728228413,24.66140830566572
106.66666666666669,500.0,51.89543429029944,57.23531273787504,19.04502096122945,3.7262675310507687,25.588670881418164,38.09203944321389,3.4764116466160577,46.7646209904263,120.0,40.0,120.0,40.0,120.0,40.0,120.0,40.0,66.38352211689822,8.768718307482423,87.75911265586602,44.51376889919511,87.1398728228413,24.66140830566572,106.7982110007951,16.04806146499024
106.66666666666669,500.0,51.89543429029944,57.23531273787504,19.04502096122945,3.7262675310507687,3.4764116466160577,46.7646209904263,25.588670881418164,38.09203944321389,120.0,40.0,120.0,40.0,120.0,40.0,120.0,40.0,66.38352211689822,8.768718307482423,87.75911265586602,44.51376889919511,106.7982110007951,16.04806146499024,87.1398728228413,24.66140830566572
106.66666666666669,500.0,19.04502096122945,3.7262675310507687,25.588670881418164,38.09203944321389,3.4764116466160577,46.7646209904263,51.89543429029944,57.23531273787504,120.0,40.0,120.0,40.0,120.0,40.0,120.0,40.0,87.75911265586602,44.51376889919511,87.1398728228413,24.66140830566572,106.7982110007951,16.04806146499024,66.38352211689822,8.768718307482423
106.66666666666669,500.0,19.04502096122945,3.7262675310507687,25.588670881418164,38.09203944321389,51.89543429029944,57.23531273787504,3.4764116466160577,46.7646209904263,120.0,40.0,120.0,40.0,120.0,40.0,120.0,40.0,87.75911265586602,44.51376889919511,87.1398728228413,24.66140830566572,66.38352211689822,8.768718307482423,106.7982110007951,16.04806146499024
106.66666666666669,500.0,19.04502096122945,3.7262675310507687,3.4764116466160577,46.7646209904263,25.588670881418164,38.09203944321389,51.89543429029944,57.23531273787504,120.0,40.0,120.0,40.0,120.0,40.0,120.0,40.0,87.75911265586602,44.51376889919511,106.7982110007951,16.04806146499024,87.1398728228413,24.66140830566572,66.38352211689822,8.768718307482423
106.66666666666669,500.0,19.04502096122945,3.7262675310507687,3.4764116466160577,46.7646209904263,51.89543429029944,57.23531273787504,25.588670881418164,38.09203944321389,120.0,40.0,120.0,40.0,120.0,40.0,120.0,40.0,87.75911265586602,44.51376889919511,106.7982110007951,16.04806146499024,66.38352211689822,8.768718307482423,87.1398728228413,24.66140830566572
106.66666666666669,500.0,19.04502096122945,3.7262675310507687,51.89543429029944,57.23531273787504,25.588670881418164,38.09203944321389,3.4764116466160577,46.7646209904263,120.0,40.0,120.0,40.0,120.0,40.0,120.0,40.0,87.75911265586602,44.51376889919511,66.38352211689822,8.768718307482423,87.1398728228413,24.66140830566572,106.7982110007951,16.04806146499024
106.66666666666669,500.0,19.04502096122945,3.7262675310507687,51.89543429029944,57.23531273787504,3.4764116466160577,46.7646209904263,25.588670881418164,38.09203944321389,120.0,40.0,120.0,40.0,120.0,40.0,120.0,40.0,87.75911265586602,44.51376889919511,66.38352211689822,8.768718307482423,106.7982110007951,16.04806146499024,87.1398728228413,24.66140830566572
106.66666666666669,500.0,1.2944118027610885,40.88481364879613,50.35445727302164,6.084072657683919,26.24652777410228,16.961404311282003,37.37126712945376,39.609436053519474,120.0,0.0,120.0,0.0,120.0,0.0,120.0,0.0,92.1163264518992,27.871445830492284,63.91683907666748,51.648524699340086,65.86124280735694,43.57406014533463,74.94855567883366,28.017148688128003
106.66666666666669,500.0,1.2944118027610885,40.88481364879613,37.37126712945376,39.609436053519474,50.35445727302164,6.084072657683919,26.24652777410228,16.961404311282003,120.0,0.0,120.0,0.0,120.0,0.0,120.0,0.0,92.1163264518992,27.871445830492284,74.94855567883366,28.017148688128003,63.91683907666748,51.648524699340086,65.86124280735694,43.57406014533463
106.66666666666669,500.0,1.2944118027610885,40.88481364879613,37.37126712945376,39.609436053519474,26.24652777410228,16.961404311282003,50.35445727302164,6.084072657683919,120.0,0.0,120.0,0.0,120.0,0.0,120.0,0.0,92.1163264518992,27.871445830492284,74.94855567883366,28.017148688128003,65.86124280735694,43.57406014533463,63.91683907666748,51.648524699340086
106.66666666666669,500.0,1.2944118027610885,40.88481364879613,26.24652777410228,16.961404311282003,50.35445727302164,6.084072657683919,37.37126712945376,39.609436053519474,120.0,0.0,120.0,0.0,120.0,0.0,120.0,0.0,92.1163264518992,27.871445830492284,65.86124280735694,43.57406014533463,63.91683907666748,51.648524699340086,74.94855567883366,28.017148688128003
106.66666666666669,500.0,1.2944118027610885,40.88481364879613,26.24652777410228,16.961404311282003,37.37126712945376,39.609436053519474,50.35445727302164,6.084072657683919,120.0,0.0,120.0,0.0,120.0,0.0,120.0,0.0,92.1163264518992,27.871445830492284,65.86124280735694,43.57406014533463,74.94855567883366,28.017148688128003,63.91683907666748,51.648524699340086
106.66666666666669,500.0,50.35445727302164,6.084072657683919,1.2944118027610885,40.88481364879613,37.37126712945376,39.609436053519474,26.24652777410228,16.961404311282003,120.0,0.0,120.0,0.0,120.0,0.0,120.0,0.0,63.91683907666748,51.648524699340086,92.1163264518992,27.871445830492284,74.94855567883366,28.017148688128003,65.86124280735694,43.57406014533463
106.66666666666669,500.0,50.35445727302164,6.084072657683919,1.2944118027610885,40.88481364879613,26.24652777410228,16.961404311282003,37.37126712945376,39.609436053519474,120.0,0.0,120.0,0.0,120.0,0.0,120.0,0.0,63.91683907666748,51.648524699340086,92.1163264518992,27.871445830492284,65.86124280735694,43.57406014533463,74.94855567883366,28.017148688128003
106.66666666666669,500.0,50.35445727302164,6.084072657683919,37.37126712945376,39.609436053519474,1.2944118027610885,40.88481364879613,26.24652777410228,16.961404311282003,120.0,0.0,120.0,0.0,120.0,0.0,120.0,0.0,63.91683907666748,51.648524699340086,74.94855567883366,28.017148688128003,92.1163264518992,27.871445830492284,65.86124280735694,43.57406014533463
106.66666666666669,500.0,50.35445727302164,6.084072657683919,37.37126712945376,39.609436053519474,26.24652777410228,16.961404311282003,1.2944118027610885,40.88481364879613,120.0,0.0,120.0,0.0,120.0,0.0,120.0,0.0,63.91683907666748,51.648524699340086,74.94855567883366,28.017148688128003,65.86124280735694,43.57406014533463,92.1163264518992,27.871445830492284
106.66666666666669,500.0,50.35445727302164,6.084072657683919,26.24652777410228,16.961404311282003,1.2944118027610885,40.88481364879613,37.37126712945376,39.609436053519474,120.0,0.0,120.0,0.0,120.0,0.0,120.0,0.0,63.91683907666748,51.648524699340086,65.86124280735694,43.57406014533463,92.1163264518992,27.871445830492284,74.94855567883366,28.017148688128003
106.66666666666669,500.0,50.35445727302164,6.084072657683919,26.24652777410228,16.961404311282003,37.37126712945376,39.609436053519474,1.2944118027610885,40.88481364879613,120.0,0.0,120.0,0.0,120.0,0.0,120.0,0.0,63.91683907666748,51.648524699340086,65.86124280735694,43.57406014533463,74.94855567883366,28.017148688128003,92.1163264518992,27.871445830492284
106.66666666666669,500.0,37.37126712945376,39.609436053519474,1.2944118027610885,40.88481364879613,50.35445727302164,6.084072657683919,26.24652777410228,16.961404311282003,120.0,0.0,120.0,0.0,120.0,0.0,120.0,0.0,74.94855567883366,28.017148688128003,92.1163264518992,27.871445830492284,63.91683907666748,51.648524699340086,65.86124280735694,43.57406014533463
106.66666666666669,500.0,37.37126712945376,39.609436053519474,1.2944118027610885,40.88481364879613,26.24652777410228,16.961404311282003,50.35445727302164,6.084072657683919,120.0,0.0,120.0,0.0,120.0,0.0,120.0,0.0,74.94855567883366,28.017148688128003,92.1163264518992,27.871445830492284,65.86124280735694,43.57406014533463,63.91683907666748,51.648524699340086
106.66666666666669,500.0,37.37126712945376,39.609436053519474,50.35445727302164,6.084072657683919,1.2944118027610885,40.88481364879613,26.24652777410228,16.961404311282003,120.0,0.0,120.0,0.0,120.0,0.0,120.0,0.0,74.94855567883366,28.017148688128003,63.91683907666748,51.648524699340086,92.1163264518992,27.871445830492284,65.86124280735694,43.57406014533463
106.66666666666669,500.0,37.37126712945376,39.609436053519474,50.35445727302164,6.084072657683919,26.24652777410228,16.961404311282003,1.2944118027610885,40.88481364879613,120.0,0.0,120.0,0.0,120.0,0.0,120.0,0.0,74.94855567883366,28.017148688128003,63.91683907666748,51.648524699340086,65.86124280735694,43.57406014533463,92.1163264518992,27.871445830492284
106.66666666666669,500.0,37.37126712945376,39.609436053519474,26.24652777410228,16.961404311282003,1.2944118027610885,40.88481364879613,50.35445727302164,6.084072657683919,120.0,0.0,120.0,0.0,120.0,0.0,120.0,0.0,74.94855567883366,28.017148688128003,65.86124280735694,43.57406014533463,92.1163264518992,27.871445830492284,63.91683907666748,51.648524699340086
106.66666666666669,500.0,37.37126712945376,39.609436053519474,26.24652777410228,16.961404311282003,50.35445727302164,6.084072657683919,1.2944118027610885,40.88481364879613,120.0,0.0,120.0,0.0,120.0,0.0,120.0,0.0,74.94855567883366,28.017148688128003,65.86124280735694,43.57406014533463,63.91683907666748,51.648524699340086,92.1163264518992,27.871445830492284
106.66666666666669,500.0,26.24652777410228,16.961404311282003,1.2944118027610885,40.88481364879613,50.35445727302164,6.084072657683919,37.37126712945376,39.609436053519474,120.0,0.0,120.0,0.0,120.0,0.0,120.0,0.0,65.86124280735694,43.57406014533463,92.1163264518992,27.871445830492284,63.91683907666748,51.648524699340086,74.94855567883366,28.017148688128003
106.66666666666669,500.0,26.24652777410228,16.961404311282003,1.2944118027610885,40.88481364879613,37.37126712945376,39.609436053519474,50.35445727302164,6.084072657683919,120.0,0.0,120.0,0.0,120.0,0.0,120.0,0.0,65.86124280735694,43.57406014533463,92.1163264518992,27.871445830492284,74.94855567883366,28.017148688128003,63.91683907666748,51.648524699340086
106.66666666666669,500.0,26.24652777410228,16.961404311282003,50.35445727302164,6.084072657683919,1.2944118027610885,40.88481364879613,37.37126712945376,39.609436053519474,120.0,0.0,120.0,0.0,120.0,0.0,120.0,0.0,65.86124280735694,43.57406014533463,63.91683907666748,51.648524699340086,92.1163264518992,27.871445830492284,74.94855567883366,28.017148688128003
106.66666666666669,500.0,26.24652777410228,16.961404311282003,50.35445727302164,6.084072657683919,37.37126712945376,39.609436053519474,1.2944118027610885,40.88481364879613,120.0,0.0,120.0,0.0,120.0,0.0,120.0,0.0,65.86124280735694,43.57406014533463,63.91683907666748,51.648524699340086,74.94855567883366,28.017148688128003,92.1163264518992,27.871445830492284
106.66666666666669,500.0,26.24652777410228,16.961404311282003,37.37126712945376,39.609436053519474,1.2944118027610885,40.88481364879613,50.35445727302164,6.084072657683919,120.0,0.0,120.0,0.0,120.0,0.0,120.0,0.0,65.86124280735694,43.57406014533463,74.94855567883366,28.017148688128003,92.1163264518992,27.871445830492284,63.91683907666748,51.648524699340086
106.66666666666669,500.0,26.24652777410228,16.961404311282003,37.37126712945376,39.609436053519474,50.35445727302164,6.084072657683919,1.2944118027610885,40.88481364879613,120.0,0.0,120.0,0.0,120.0,0.0,120.0,0.0,65.86124280735694,43.57406014533463,74.94855567883366,28.017148688128003,63.91683907666748,51.648524699340086,92.1163264518992,27.871445830492284
106.66666666666669,500.0,4.986313481924669,28.443465478277947,39.262306054545846,45.08312330904238,58.59750221033434,55.27925142276624,32.20875713361245,6.580401820989456,120.0,40.0,120.0,40.0,120.0,40.0,120.0,40.0,98.7528995831776,50.037058665016914,114.45903171452818,52.23592316542708,111.7833336145785,50.93772151258305,114.27016356339294,52.26911408626292
106.66666666666669,500.0,4.986313481924669,28.443465478277947,32.20875713361245,6.580401820989456,39.262306054545846,45.08312330904238,58.59750221033434,55.27925142276624,120.0,40.0,120.0,40.0,120.0,40.0,120.0,40.0,98.7528995831776,50.037058665016914,114.27016356339294,52.26911408626292,114.45903171452818,52.23592316542708,111.7833336145785,50.93772151258305
106.66666666666669,500.0,4.986313481924669,28.443465478277947,32.20875713361245,6.580401820989456,58.59750221033434,55.27925142276624,39.262306054545846,45.08312330904238,120.0,40.0,120.0,40.0,120.0,40.0,120.0,40.0,98.7528995831776,50.037058665016914,114.27016356339294,52.26911408626292,111.7833336145785,50.93772151258305,114.45903171452818,52.23592316542708
106.66666666666669,500.0,4.986313481924669,28.443465478277947,58.59750221033434,55.27925142276624,39.262306054545846,45.08312330904238,32.20875713361245,6.580401820989456,120.0,40.0,120.0,40.0,120.0,40.0,120.0,40.0,98.7528995831776,50.037058665016914,111.7833336145785,50.93772151258305,114.45903171452818,52.23592316542708,114.27016356339294,52.26911408626292
106.66666666666669,500.0,4.986313481924669,28.443465478277947,58.59750221033434,55.27925142276624,32.20875713361245,6.580401820989456,39.262306054545846,45.08312330904238,120.0,40.0,120.0,40.0,120.0,40.0,120.0,40.0,98.7528995831776,50.037058665016914,111.7833336145785,50.93772151258305,114.27016356339294,52.26911408626292,114.45903171452818,52.23592316542708
106.66666666666669,500.0,39.262306054545846,45.08312330904238,4.986313481924669,28.443465478277947,32.20875713361245,6.580401820989456,58.59750221033434,55.27925142276624,120.0,40.0,120.0,40.0,120.0,40.0,120.0,40.0,114.45903171452818,52.23592316542708,98.7528995831776,50.037058665016914,114.27016356339294,52.26911408626292,111.7833336145785,50.93772151258305
106.66666666666669,500.0,39.262306054545846,45.08312330904238,4.986313481924669,28.443465478277947,58.59750221033434,55.27925142276624,32.20875713361245,6.580401820989456,120.0,40.0,120.0,40.0,120.0,40.0,120.0,40.0,114.45903171452818,52.23592316542708,98.7528995831776,50.037058665016914,111.7833336145785,50.93772151258305,114.27016356339294,52.26911408626292
106.66666666666669,500.0,39.262306054545846,45.08312330904238,32.20875713361245,6.580401820989456,4.986313481924669,28.443465478277947,58.59750221033434,55.27925142276624,120.0,40.0,120.0,40.0,120.0,40.0,120.0,40.0,114.45903171452818,52.23592316542708,114.27016356339294,52.26911408626292,98.7528995831776,50.037058665016914,111.7833336145785,50.93772151258305
106.66666666666669,500.0,39.262306054545846,45.08312330904238,32.20875713361245,6.580401820989456,58.59750221033434,55.27925142276624,4.986313481924669,28.443465478277947,120.0,40.0,120.0,40.0,120.0,40.0,120.0,40.0,114.45903171452818,52.23592316542708,114.27016356339294,52.26911408626292,111.7833336145785,50.93772151258305,98.7528995831776,50.037058665016914
106.66666666666669,500.0,39.262306054545846,45.08312330904238,58.59750221033434,55.27925142276624,4.986313481924669,28.443465478277947,32.20875713361245,6.580401820989456,120.0,40.0,120.0,40.0,120.0,40.0,120.0,40.0,114.45903171452818,52.23592316542708,111.7833336145785,50.93772151258305,98.7528995831776,50.037058665016914,114.27016356339294,52.26911408626292
106.66666666666669,500.0,39.262306054545846,45.08312330904238,58.59750221033434,55.27925142276624,32.20875713361245,6.580401820989456,4.986313481924669,28.443465478277947,120.0,40.0,120.0,40.0,120.0,40.0,120.0,40.0,114.45903171452818,52.23592316542708,111.7833336145785,50.93772151258305,114.27016356339294,52.26911408626292,98.7528995831776,50.037058665016914
106.66666666666669,500.0,32.20875713361245,6.580401820989456,4.986313481924669,28.443465478277947,39.262306054545846,45.08312330904238,58.59750221033434,55.27925142276624,120.0,40.0,120.0,40.0,120.0,40.0,120.0,40.0,114.27016356339294,52.26911408626292,98.7528995831776,50.037058665016914,114.45903171452818,52.23592316542708,111.7833336145785,50.93772151258305
106.66666666666669,500.0,32.20875713361245,6.580401820989456,4.986313481924669,28.443465478277947,58.59750221033434,55.27925142276624,39.262306054545846,45.08312330904238,120.0,40.0,120.0,40.0,120.0,40.0,120.0,40.0,114.27016356339294,52.26911408626292,98.7528995831776,50.037058665016914,111.7833336145785,50.93772151258305,114.45903171452818,52.23592316542708
106.66666666666669,500.0,32.20875713361245,6.580401820989456,39.262306054545846,45.08312330904238,4.986313481924669,28.443465478277947,58.59750221033434,55.27925142276624,120.0,40.0,120.0,40.0,120.0,40.0,120.0,40.0,114.27016356339294,52.26911408626292,114.45903171452818,52.23592316542708,98.7528995831776,50.037058665016914,111.7833336145785,50.93772151258305
106.66666666666669,500.0,32.20875713361245,6.580401820989456,39.262306054545846,45.08312330904238,58.59750221033434,55.27925142276624,4.986313481924669,28.443465478277947,120.0,40.0,120.0,40.0,120.0,40.0,120.0,40.0,114.27016356339294,52.26911408626292,114.45903171452818,52.23592316542708,111.7833336145785,50.93772151258305,98.7528995831776,50.037058665016914
106.66666666666669,500.0,32.20875713361245,6.580401820989456,58.59750221033434,55.27925142276624,4.986313481924669,28.443465478277947,39.262306054545846,45.08312330904238,120.0,40.0,120.0,40.0,120.0,40.0,120.0,40.0,114.27016356339294,52.26911408626292,111.7833336145785,50.93772151258305,98.7528995831776,50.037058665016914,114.45903171452818,52.23592316542708
106.66666666666669,500.0,32.20875713361245,6.580401820989456,58.59750221033434,55.27925142276624,39.262306054545846,45.08312330904238,4.986313481924669,28.443465478277947,120.0,40.0,120.0,40.0,120.0,40.0,120.0,40.0,114.27016356339294,52.26911408626292,111.7833336145785,50.93772151258305,114.45903171452818,52.23592316542708,98.7528995831776,50.037058665016914
106.66666666666669,500.0,58.59750221033434,55.27925142276624,4.986313481924669,28.443465478277947,39.262306054545846,45.08312330904238,32.20875713361245,6.580401820989456,120.0,40.0,120.0,40.0,120.0,40.0,120.0,40.0,111.7833336145785,50.93772151258305,98.7528995831776,50.037058665016914,114.45903171452818,52.23592316542708,114.27016356339294,52.26911408626292
106.66666666666669,500.0,58.59750221033434,55.27925142276624,4.986313481924669,28.443465478277947,32.20875713361245,6.580401820989456,39.262306054545846,45.08312330904238,120.0,40.0,120.0,40.0,120.0,40.0,120.0,40.0,111.7833336145785,50.93772151258305,98.7528995831776,50.037058665016914,114.27016356339294,52.26911408626292,114.45903171452818,52.23592316542708
106.66666666666669,500.0,58.59750221033434,55.27925142276624,39.262306054545846,45.08312330904238,4.986313481924669,28.443465478277947,32.20875713361245,6.580401820989456,120.0,40.0,120.0,40.0,120.0,40.0,120.0,40.0,111.7833336145785,50.93772151258305,114.45903171452818,52.23592316542708,98.7528995831776,50.037058665016914,114.27016356339294,52.26911408626292
106.66666666666669,500.0,58.59750221033434,55.27925142276624,39.262306054545846,45.08312330904238,32.20875713361245,6.580401820989456,4.986313481924669,28.443465478277947,120.0,40.0,120.0,40.0,120.0,40.0,120.0,40.0,111.7833336145785,50.93772151258305,114.45903171452818,52.23592316542708,114.27016356339294,52.26911408626292,98.7528995831776,50.037058665016914
106.66666666666669,500.0,58.59750221033434,55.27925142276624,32.20875713361245,6.580401820989456,4.986313481924669,28.443465478277947,39.262306054545846,45.08312330904238,120.0,40.0,120.0,40.0,120.0,40.0,120.0,40.0,111.7833336145785,50.93772151258305,114.27016356339294,52.26911408626292,98.7528995831776,50.037058665016914,114.45903171452818,52.23592316542708
106.66666666666669,500.0,58.59750221033434,55.27925142276624,32.20875713361245,6.580401820989456,39.262306054545846,45.08312330904238,4.986313481924669,28.443465478277947,120.0,40.0,120.0,40.0,120.0,40.0,120.0,40.0,111.7833336145785,50.93772151258305,114.27016356339294,52.26911408626292,114.45903171452818,52.23592316542708,98.7528995831776,50.037058665016914
106.66666666666669,500.0,5.211348800272397,8.376148412347781,57.369293262625085,17.95851595357707,36.03274430982172,41.498665211570525,9.102339826940264,33.941225583291185,100.0,40.0,100.0,40.0,100.0,40.0,100.0,40.0,79.98550320797005,45.12487200166337,60.4919474733842,35.321117126031154,75.7192117235149,25.4406179899938,89.47747154809906,32.15441882646263
106.66666666666669,500.0,5.211348800272397,8.376148412347781,9.102339826940264,33.941225583291185,57.369293262625085,17.95851595357707,36.03274430982172,41.498665211570525,100.0,40.0,100.0,40.0,100.0,40.0,100.0,40.0,79.98550320797005,45.12487200166337,89.47747154809906,32.15441882646263,60.4919474733842,35.321117126031154,75.7192117235149,25.4406179899938
106.66666666666669,500.0,5.211348800272397,8.376148412347781,9.102339826940264,33.941225583291185,36.03274430982172,41.498665211570525,57.369293262625085,17.95851595357707,100.0,40.0,100.0,40.0,100.0,40.0,100.0,40.0,79.98550320797005,45.12487200166337,89.47747154809906,32.15441882646263,75.7192117235149,25.4406179899938,60.4919474733842,35.321117126031154
106.66666666666669,500.0,5.211348800272397,8.376148412347781,36.03274430982172,41.498665211570525,57.369293262625085,17.95851595357707,9.102339826940264,33.941225583291185,100.0,40.0,100.0,40.0,100.0,40.0,100.0,40.0,79.98550320797005,45.12487200166337,75.7192117235149,25.4406179899938,60.4919474733842,35.321117126031154,89.47747154809906,32.15441882646263
106.66666666666669,500.0,5.211348800272397,8.376148412347781,36.03274430982172,41.498665211570525,9.102339826940264,33.941225583291185,57.369293262625085,17.95851595357707,100.00000000000001,40.0,100.00000000000001,40.0,100.00000000000001,40.0,100.00000000000001,40.0,79.98550320797005,45.12487200166337,75.7192117235149,25.4406179899938,89.47747154809906,32.15441882646263,60.4919474733842,35.321117126031154
106.66666666666669,500.0,57.369293262625085,17.95851595357707,5.211348800272397,8.376148412347781,9.102339826940264,33.941225583291185,36.03274430982172,41.498665211570525,100.0,40.0,100.0,40.0,100.0,40.0,100.0,40.0,60.4919474733842,35.321117126031154,79.98550320797005,45.12487200166337,89.47747154809906,32.15441882646263,75.7192117235149,25.4406179899938
106.66666666666669,500.0,57.369293262625085,17.95851595357707,5.211348800272397,8.376148412347781,36.03274430982172,41.498665211570525,9.102339826940264,33.941225583291185,100.0,40.0,100.0,40.0,100.0,40.0,100.0,40.0,60.4919474733842,35.321117126031154,79.98550320797005,45.12487200166337,75.7192117235149,25.4406179899938,89.47747154809906,32.15441882646263
106.66666666666669,500.0,57.369293262625085,17.95851595357707,9.102339826940264,33.941225583291185,5.211348800272397,8.376148412347781,36.03274430982172,41.498665211570525,100.0,40.0,100.0,40.0,100.0,40.0,100.0,40.0,60.4919474733842,35.321117126031154,89.47747154809906,32.15441882646263,79.98550320797005,45.12487200166337,75.7192117235149,25.4406179899938
106.66666666666669,500.0,57.369293262625085,17.95851595357707,9.102339826940264,33.941225583291185,36.03274430982172,41.498665211570525,5.211348800272397,8.376148412347781,100.0,40.0,100.0,40.0,100.0,40.0,100.0,40.0,60.4919474733842,35.321117126031154,89.47747154809906,32.15441882646263,75.7192117235149,25.4406179899938,79.98550320797005,45.12487200166337
106.66666666666669,500.0,57.369293262625085,17.95851595357707,36.03274430982172,41.498665211570525,5.211348800272397,8.376148412347781,9.102339826940264,33.941225583291185,100.0,40.0,100.0,40.0,100.0,40.0,100.0,40.0,60.4919474733842,35.321117126031154,75.7192117235149,25.4406179899938,79.98550320797005,45.12487200166337,89.47747154809906,32.15441882646263
106.66666666666669,500.0,57.369293262625085,17.95851595357707,36.03274430982172,41.498665211570525,9.102339826940264,33.941225583291185,5.211348800272397,8.376148412347781,100.0,40.0,100.0,40.0,100.0,40.0,100.0,40.0,60.4919474733842,35.321117126031154,75.7192117235149,25.4406179899938,89.47747154809906,32.15441882646263,79.98550320797005,45.12487200166337
106.66666666666669,500.0,9.102339826940264,33.941225583291185,5.211348800272397,8.376148412347781,57.369293262625085,17.95851595357707,36.03274430982172,41.498665211570525,100.0,40.0,100.0,40.0,100.0,40.0,100.0,40.0,89.47747154809906,32.15441882646263,79.98550320797005,45.12487200166337,60.4919474733842,35.321117126031154,75.7192117235149,25.4406179899938
106.66666666666669,500.0,9.102339826940264,33.941225583291185,5.211348800272397,8.376148412347781,36.03274430982172,41.498665211570525,57.369293262625085,17.95851595357707,100.0,40.0,100.0,40.0,100.0,40.0,100.0,40.0,89.47747154809906,32.15441882646263,79.98550320797005,45.12487200166337,75.7192117235149,25.4406179899938,60.4919474733842,35.321117126031154
106.66666666666669,500.0,9.102339826940264,33.941225583291185,57.369293262625085,17.95851595357707,5.211348800272397,8.376148412347781,36.03274430982172,41.498665211570525,100.0,40.0,100.0,40.0,100.0,40.0,100.0,40.0,89.47747154809906,32.15441882646263,60.4919474733842,35.321117126031154,79.98550320797005,45.12487200166337,75.7192117235149,25.4406179899938
106.66666666666669,500.0,9.102339826940264,33.941225583291185,57.369293262625085,17.95851595357707,36.03274430982172,41.498665211570525,5.211348800272397,8.376148412347781,100.0,40.0,100.0,40.0,100.0,40.0,100.0,40.0,89.47747154809906,32.15441882646263,60.4919474733842,35.321117126031154,75.7192117235149,25.4406179899938,79.98550320797005,45.12487200166337
106.66666666666669,500.0,9.102339826940264,33.941225583291185,36.03274430982172,41.498665211570525,5.211348800272397,8.376148412347781,57.369293262625085,17.95851595357707,100.0,40.0,100.0,40.0,100.0,40.0,100.0,40.0,89.47747154809906,32.15441882646263,75.7192117235149,25.4406179899938,79.98550320797005,45.12487200166337,60.4919474733842,35.321117126031154
106.66666666666669,500.0,9.102339826940264,33.941225583291185,36.03274430982172,41.498665211570525,57.369293262625085,17.95851595357707,5.211348800272397,8.376148412347781,100.0,40.0,100.0,40.0,100.0,40.0,100.0,40.0,89.47747154809906,32.15441882646263,75.7192117235149,25.4406179899938,60.4919474733842,35.321117126031154,79.98550320797005,45.12487200166337
106.66666666666669,500.0,36.03274430982172,41.498665211570525,5.211348800272397,8.376148412347781,57.369293262625085,17.95851595357707,9.102339826940264,33.941225583291185,100.0,40.0,100.0,40.0,100.0,40.0,100.0,40.0,75.7192117235149,25.4406179899938,79.98550320797005,45.12487200166337,60.4919474733842,35.321117126031154,89.47747154809906,32.15441882646263
106.66666666666669,500.0,36.03274430982172,41.498665211570525,5.211348800272397,8.376148412347781,9.102339826940264,33.941225583291185,57.369293262625085,17.95851595357707,100.0,40.0,100.0,40.0,100.0,40.0,100.0,40.0,75.7192117235149,25.4406179899938,79.98550320797005,45.12487200166337,89.47747154809906,32.15441882646263,60.4919474733842,35.321117126031154
106.66666666666669,500.0,36.03274430982172,41.498665211570525,57.369293262625085,17.95851595357707,5.211348800272397,8.376148412347781,9.102339826940264,33.941225583291185,100.0,40.0,100.0,40.0,100.0,40.0,100.0,40.0,75.7192117235149,25.4406179899938,60.4919474733842,35.321117126031154,79.98550320797005,45.12487200166337,89.47747154809906,32.15441882646263
106.66666666666669,500.0,36.03274430982172,41.498665211570525,57.369293262625085,17.95851595357707,9.102339826940264,33.941225583291185,5.211348800272397,8.376148412347781,100.0,40.0,100.0,40.0,100.0,40.0,100.0,40.0,75.7192117235149,25.4406179899938,60.4919474733842,35.321117126031154,89.47747154809906,32.15441882646263,79.98550320797005,45.12487200166337
106.66666666666669,500.0,36.03274430982172,41.498665211570525,9.102339826940264,33.941225583291185,5.211348800272397,8.376148412347781,57.369293262625085,17.95851595357707,100.0,40.0,100.0,40.0,100.0,40.0,100.0,40.0,75.7192117235149,25.4406179899938,89.47747154809906,32.15441882646263,79.98550320797005,45.12487200166337,60.4919474733842,35.321117126031154
106.66666666666669,500.0,36.03274430982172,41.498665211570525,9.102339826940264,33.941225583291185,57.369293262625085,17.95851595357707,5.211348800272397,8.376148412347781,100.0,40.0,100.0,40.0,100.0,40.0,100.0,40.0,75.7192117235149,25.4406179899938,89.47747154809906,32.15441882646263,60.4919474733842,35.321117126031154,79.98550320797005,45.12487200166337
106.66666666666669,500.0,44.34573782095048,36.33570249394532,0.3037399981834165,56.947888135775045,59.54855169804455,1.5227202548656282,20.561475412279616,42.77581139119352,100.0,60.0,120.0,60.0,120.0,60.0,120.0,60.0,86.51019526512373,3.015130258502303,79.05743638526316,1.4646248325920226,78.51781351746081,25.38815890333512,109.64116401204453,11.358415878934125
106.66666666666669,500.0,44.34573782095048,36.33570249394532,20.561475412279616,42.77581139119352,0.3037399981834165,56.947888135775045,59.54855169804455,1.5227202548656282,100.0,60.0,120.0,60.0,120.0,60.0,120.0,60.0,86.51019526512373,3.015130258502303,109.64116401204453,11.358415878934125,79.05743638526316,1.4646248325920226,78.51781351746081,25.38815890333512
106.66666666666669,500.0,44.34573782095048,36.33570249394532,20.561475412279616,42.77581139119352,59.54855169804455,1.5227202548656282,0.3037399981834165,56.947888135775045,100.0,60.0,120.0,60.0,120.0,60.0,120.0,60.0,86.51019526512373,3.015130258502303,109.64116401204453,11.358415878934125,78.51781351746081,25.38815890333512,79.05743638526316,1.4646248325920226
106.66666666666669,500.0,44.34573782095048,36.33570249394532,59.54855169804455,1.5227202548656282,0.3037399981834165,56.947888135775045,20.561475412279616,42.77581139119352,100.0,60.0,120.0,60.0,120.0,60.0,120.0,60.0,86.51019526512373,3.015130258502303,78.51781351746081,25.38815890333512,79.05743638526316,1.4646248325920226,109.64116401204453,11.358415878934125
106.66666666666669,500.0,44.34573782095048,36.33570249394532,59.54855169804455,1.5227202548656282,20.561475412279616,42.77581139119352,0.3037399981834165,56.947888135775045,100.0,60.0,120.0,60.0,120.0,60.0,120.0,60.0,86.51019526512373,3.015130258502303,78.51781351746081,25.38815890333512,109.64116401204453,11.358415878934125,79.05743638526316,1.4646248325920226
106.66666666666669,500.0,0.3037399981834165,56.947888135775045,44.34573782095048,36.33570249394532,20.561475412279616,42.77581139119352,59.54855169804455,1.5227202548656282,120.0,60.0,100.0,60.0,120.0,60.0,120.0,60.0,79.05743638526316,1.4646248325920226,86.51019526512373,3.015130258502303,109.64116401204453,11.358415878934125,78.51781351746081,25.38815890333512
106.66666666666669,500.0,0.3037399981834165,56.947888135775045,44.34573782095048,36.33570249394532,59.54855169804455,1.5227202548656282,20.561475412279616,42.77581139119352,120.0,60.0,100.0,60.0,120.0,60.0,120.0,60.0,79.05743638526316,1.4646248325920226,86.51019526512373,3.015130258502303,78.51781351746081,25.38815890333512,109.64116401204453,11.358415878934125
106.66666666666669,500.0,0.3037399981834165,56.947888135775045,20.561475412279616,42.77581139119352,44.34573782095048,36.33570249394532,59.54855169804455,1.5227202548656282,120.0,60.0,120.0,60.0,100.0,60.0,120.0,60.0,79.05743638526316,1.4646248325920226,109.64116401204453,11.358415878934125,86.51019526512373,3.015130258502303,78.51781351746081,25.38815890333512
106.66666666666669,500.0,0.3037399981834165,56.947888135775045,20.561475412279616,42.77581139119352,59.54855169804455,1.5227202548656282,44.34573782095048,36.33570249394532,120.0,60.0,120.0,60.0,120.0,60.0,100.0,60.0,79.05743638526316,1.4646248325920226,109.64116401204453,11.358415878934125,78.51781351746081,25.38815890333512,86.51019526512373,3.015130258502303
106.66666666666669,500.0,0.3037399981834165,56.947888135775045,59.54855169804455,1.5227202548656282,44.34573782095048,36.33570249394532,20.561475412279616,42.77581139119352,120.0,60.0,120.0,60.0,100.0,60.0,120.0,60.0,79.05743638526316,1.4646248325920226,78.51781351746081,25.38815890333512,86.51019526512373,3.015130258502303,109.64116401204453,11.358415878934125
106.66666666666669,500.0,0.3037399981834165,56.947888135775045,59.54855169804455,1.5227202548656282,20.561475412279616,42.77581139119352,44.34573782095048,36.33570249394532,120.0,60.0,120.0,60.0,120.0,60.0,100.0,60.0,79.05743638526316,1.4646248325920226,78.51781351746081,25.38815890333512,109.64116401204453,11.358415878934125,86.51019526512373,3.015130258502303
106.66666666666669,500.0,20.561475412279616,42.77581139119352,44.34573782095048,36.33570249394532,0.3037399981834165,56.947888135775045,59.54855169804455,1.5227202548656282,120.0,60.0,100.0,60.0,120.0,60.0,120.0,60.0,109.64116401204453,11.358415878934125,86.51019526512373,3.015130258502303,79.05743638526316,1.4646248325920226,78.51781351746081,25.38815890333512
106.66666666666669,500.0,20.561475412279616,42.77581139119352,44.34573782095048,36.33570249394532,59.54855169804455,1.5227202548656282,0.3037399981834165,56.947888135775045,120.0,60.0,100.0,60.0,120.0,60.0,120.0,60.0,109.64116401204453,11.358415878934125,86.51019526512373,3.015130258502303,78.51781351746081,25.38815890333512,79.05743638526316,1.4646248325920226
106.66666666666669,500.0,20.561475412279616,42.77581139119352,0.3037399981834165,56.947888135775045,44.34573782095048,36.33570249394532,59.54855169804455,1.5227202548656282,120.0,60.0,120.0,60.0,100.0,60.0,120.0,60.0,109.64116401204453,11.358415878934125,79.05743638526316,1.4646248325920226,86.51019526512373,3.015130258502303,78.51781351746081,25.38815890333512
106.66666666666669,500.0,20.561475412279616,42.77581139119352,0.3037399981834165,56.947888135775045,59.54855169804455,1.5227202548656282,44.34573782095048,36.33570249394532,120.0,60.0,120.0,60.0,120.0,60.0,100.0,60.0,109.64116401204453,11.358415878934125,79.05743638526316,1.4646248325920226,78.51781351746081,25.38815890333512,86.51019526512373,3.015130258502303
106.66666666666669,500.0,20.561475412279616,42.77581139119352,59.54855169804455,1.5227202548656282,44.34573782095048,36.33570249394532,0.3037399981834165,56.947888135775045,120.0,60.0,120.0,60.0,100.0,60.0,120.0,60.0,109.64116401204453,11.358415878934125,78.51781351746081,25.38815890333512,86.51019526512373,3.015130258502303,79.05743638526316,1.4646248325920226
106.66666666666669,500.0,20.561475412279616,42.77581139119352,59.54855169804455,1.5227202548656282,0.3037399981834165,56.947888135775045,44.34573782095048,36.33570249394532,120.0,60.0,120.0,60.0,120.0,60.0,100.0,60.0,109.64116401204453,11.358415878934125,78.51781351746081,25.38815890333512,79.05743638526316,1.4646248325920226,86.51019526512373,3.015130258502303
106.66666666666669,500.0,59.54855169804455,1.5227202548656282,44.34573782095048,36.33570249394532,0.3037399981834165,56.947888135775045,20.561475412279616,42.77581139119352,120.0,60.0,100.0,60.0,120.0,60.0,120.0,60.0,78.51781351746081,25.38815890333512,86.51019526512373,3.015130258502303,79.05743638526316,1.4646248325920226,109.64116401204453,11.358415878934125
106.66666666666669,500.0,59.54855169804455,1.5227202548656282,44.34573782095048,36.33570249394532,20.561475412279616,42.77581139119352,0.3037399981834165,56.947888135775045,120.0,60.0,100.0,60.0,120.0,60.0,120.0,60.0,78.51781351746081,25.38815890333512,86.51019526512373,3.015130258502303,109.64116401204453,11.358415878934125,79.05743638526316,1.4646248325920226
106.66666666666669,500.0,59.54855169804455,1.5227202548656282,0.3037399981834165,56.947888135775045,44.34573782095048,36.33570249394532,20.561475412279616,42.77581139119352,120.0,60.0,120.0,60.0,100.0,60.0,120.0,60.0,78.51781351746081,25.38815890333512,79.05743638526316,1.4646248325920226,86.51019526512373,3.015130258502303,109.64116401204453,11.358415878934125
106.66666666666669,500.0,59.54855169804455,1.5227202548656282,0.3037399981834165,56.947888135775045,20.561475412279616,42.77581139119352,44.34573782095048,36.33570249394532,120.0,60.0,120.0,60.0,120.0,60.0,100.0,60.0,78.51781351746081,25.38815890333512,79.05743638526316,1.4646248325920226,109.64116401204453,11.358415878934125,86.51019526512373,3.015130258502303
106.66666666666669,500.0,59.54855169804455,1.5227202548656282,20.561475412279616,42.77581139119352,44.34573782095048,36.33570249394532,0.3037399981834165,56.947888135775045,120.0,60.0,120.0,60.0,100.0,60.0,120.0,60.0,78.51781351746081,25.38815890333512,109.64116401204453,11.358415878934125,86.51019526512373,3.015130258502303,79.05743638526316,1.4646248325920226
106.66666666666669,500.0,59.54855169804455,1.5227202548656282,20.561475412279616,42.77581139119352,0.3037399981834165,56.947888135775045,44.34573782095048,36.33570249394532,120.0,60.0,120.0,60.0,120.0,60.0,100.0,60.0,78.51781351746081,25.38815890333512,109.64116401204453,11.358415878934125,79.05743638526316,1.4646248325920226,86.51019526512373,3.015130258502303
120.0,500.0,12.185706071055533,9.871360616351224,38.18921908201288,21.308982164732328,2.5780299027295883,43.858517242007046,58.72518985345108,37.79540027620673,120.0,40.0,100.0,40.0,100.0,40.0,100.0,40.0,94.51078453166468,23.288136641162293,65.76310183698187,17.198139793531237,97.35947143243396,2.151113002431167,62.75555541920093,4.923402657039311
120.0,500.0,12.185706071055533,9.871360616351224,58.72518985345108,37.79540027620673,38.18921908201288,21.308982164732328,2.5780299027295883,43.858517242007046,120.0,40.0,100.0,40.0,100.0,40.0,100.0,40.0,94.51078453166468,23.288136641162293,62.75555541920093,4.923402657039311,65.76310183698187,17.198139793531237,97.35947143243396,2.151113002431167
120.0,500.0,12.185706071055533,9.871360616351224,58.72518985345108,37.79540027620673,2.5780299027295883,43.858517242007046,38.18921908201288,21.308982164732328,120.0,40.0,100.0,40.0,100.0,40.0,100.0,40.0,94.51078453166468,23.288136641162293,62.75555541920093,4.923402657039311,97.35947143243396,2.151113002431167,65.76310183698187,17.198139793531237
120.0,500.0,12.185706071055533,9.871360616351224,2.5780299027295883,43.858517242007046,38.18921908201288,21.308982164732328,58.72518985345108,37.79540027620673,120.0,40.0,100.0,40.0,100.0,40.0,100.0,40.0,94.51078453166468,23.288136641162293,97.35947143243396,2.151113002431167,65.76310183698187,17.198139793531237,62.75555541920093,4.923402657039311
120.0,500.0,12.185706071055533,9.871360616351224,2.5780299027295883,43.858517242007046,58.72518985345108,37.79540027620673,38.18921908201288,21.308982164732328,120.0,40.0,100.0,40.0,100.0,40.0,100.0,40.0,94.51078453166468,23.288136641162293,97.35947143243396,2.151113002431167,62.75555541920093,4.923402657039311,65.76310183698187,17.198139793531237
120.0,500.0,38.18921908201288,21.308982164732328,12.185706071055533,9.871360616351224,58.72518985345108,37.79540027620673,2.5780299027295883,43.858517242007046,100.0,40.0,120.0,40.0,100.0,40.0,100.0,40.0,65.76310183698187,17.198139793531237,94.51078453166468,23.288136641162293,62.75555541920093,4.923402657039311,97.35947143243396,2.151113002431167
120.0,500.0,38.18921908201288,21.308982164732328,12.185706071055533,9.871360616351224,2.5780299027295883,43.858517242007046,58.72518985345108,37.79540027620673,100.0,40.0,120.0,40.0,100.0,40.0,100.0,40.0,65.76310183698187,17.198139793531237,94.51078453166468,23.288136641162293,97.35947143243396,2.151113002431167,62.75555541920093,4.923402657039311
120.0,500.0,38.18921908201288,21.308982164732328,58.72518985345108,37.79540027620673,12.185706071055533,9.871360616351224,2.5780299027295883,43.858517242007046,100.0,40.0,100.0,40.0,120.0,40.0,100.0,40.0,65.76310183698187,17.198139793531237,62.75555541920093,4.923402657039311,94.51078453166468,23.288136641162293,97.35947143243396,2.151113002431167
120.0,500.0,38.18921908201288,21.308982164732328,58.72518985345108,37.79540027620673,2.5780299027295883,43.858517242007046,12.185706071055533,9.871360616351224,100.0,40.0,100.0,40.0,100.0,40.0,120.0,40.0,65.76310183698187,17.198139793531237,62.75555541920093,4.923402657039311,97.35947143243396,2.151113002431167,94.51078453166468,23.288136641162293
120.0,500.0,38.18921908201288,21.308982164732328,2.5780299027295883,43.858517242007046,12.185706071055533,9.871360616351224,58.72518985345108,37.79540027620673,100.0,40.0,100.0,40.0,120.0,40.0,100.0,40.0,65.76310183698187,17.198139793531237,97.35947143243396,2.151113002431167,94.51078453166468,23.288136641162293,62.75555541920093,4.923402657039311
120.0,500.0,38.18921908201288,21.308982164732328,2.5780299027295883,43.858517242007046,58.72518985345108,37.79540027620673,12.185706071055533,9.871360616351224,100.0,40.0,100.0,40.0,100.0,40.0,120.0,40.0,65.76310183698187,17.198139793531237,97.35947143243396,2.151113002431167,62.75555541920093,4.923402657039311,94.51078453166468,23.288136641162293
120.0,500.0,58.72518985345108,37.79540027620673,12.185706071055533,9.871360616351224,38.18921908201288,21.308982164732328,2.5780299027295883,43.858517242007046,100.0,40.0,120.0,40.0,100.0,40.0,100.0,40.0,62.75555541920093,4.923402657039311,94.51078453166468,23.288136641162293,65.76310183698187,17.198139793531237,97.35947143243396,2.151113002431167
120.0,500.0,58.72518985345108,37.79540027620673,12.185706071055533,9.871360616351224,2.5780299027295883,43.858517242007046,38.18921908201288,21.308982164732328,100.0,40.0,120.0,40.0,100.0,40.0,100.0,40.0,62.75555541920093,4.923402657039311,94.51078453166468,23.288136641162293,97.35947143243396,2.151113002431167,65.76310183698187,17.198139793531237
120.0,500.0,58.72518985345108,37.79540027620673,38.18921908201288,21.308982164732328,12.185706071055533,9.871360616351224,2.5780299027295883,43.858517242007046,100.0,40.0,100.0,40.0,120.0,40.0,100.0,40.0,62.75555541920093,4.923402657039311,65.76310183698187,17.198139793531237,94.51078453166468,23.288136641162293,97.35947143243396,2.151113002431167
120.0,500.0,58.72518985345108,37.79540027620673,38.18921908201288,21.308982164732328,2.5780299027295883,43.858517242007046,12.185706071055533,9.871360616351224,100.0,40.0,100.0,40.0,100.0,40.0,120.0,40.0,62.75555541920093,4.923402657039311,65.76310183698187,17.198139793531237,97.35947143243396,2.151113002431167,94.51078453166468,23.288136641162293
120.0,500.0,58.72518985345108,37.79540027620673,2.5780299027295883,43.858517242007046,12.185706071055533,9.871360616351224,38.18921908201288,21.308982164732328,100.0,40.0,100.0,40.0,120.0,40.0,100.0,40.0,62.75555541920093,4.923402657039311,97.35947143243396,2.151113002431167,94.51078453166468,23.288136641162293,65.76310183698187,17.198139793531237
120.0,500.0,58.72518985345108,37.79540027620673,2.5780299027295883,43.858517242007046,38.18921908201288,21.308982164732328,12.185706071055533,9.871360616351224,100.0,40.0,100.0,40.0,100.0,40.0,120.0,40.0,62.75555541920093,4.923402657039311,97.35947143243396,2.151113002431167,65.76310183698187,17.198139793531237,94.51078453166468,23.288136641162293
120.0,500.0,2.5780299027295883,43.858517242007046,12.185706071055533,9.871360616351224,38.18921908201288,21.308982164732328,58.72518985345108,37.79540027620673,100.0,40.0,120.0,40.0,100.0,40.0,100.0,40.0,97.35947143243396,2.151113002431167,94.51078453166468,23.288136641162293,65.76310183698187,17.198139793531237,62.75555541920093,4.923402657039311
120.0,500.0,2.5780299027295883,43.858517242007046,12.185706071055533,9.871360616351224,58.72518985345108,37.79540027620673,38.18921908201288,21.308982164732328,100.0,40.0,120.0,40.0,100.0,40.0,100.0,40.0,97.35947143243396,2.151113002431167,94.51078453166468,23.288136641162293,62.75555541920093,4.923402657039311,65.76310183698187,17.198139793531237
120.0,500.0,2.5780299027295883,43.858517242007046,38.18921908201288,21.308982164732328,12.185706071055533,9.871360616351224,58.72518985345108,37.79540027620673,100.0,40.0,100.0,40.0,120.0,40.0,100.0,40.0,97.35947143243396,2.151113002431167,65.76310183698187,17.198139793531237,94.51078453166468,23.288136641162293,62.75555541920093,4.923402657039311
120.0,500.0,2.5780299027295883,43.858517242007046,38.18921908201288,21.308982164732328,58.72518985345108,37.79540027620673,12.185706071055533,9.871360616351224,100.0,40.0,100.0,40.0,100.0,40.0,120.0,40.0,97.35947143243396,2.151113002431167,65.76310183698187,17.198139793531237,62.75555541920093,4.923402657039311,94.51078453166468,23.288136641162293
120.0,500.0,2.5780299027295883,43.858517242007046,58.72518985345108,37.79540027620673,12.185706071055533,9.871360616351224,38.18921908201288,21.308982164732328,100.0,40.0,100.0,40.0,120.0,40.0,100.0,40.0,97.35947143243396,2.151113002431167,62.75555541920093,4.923402657039311,94.51078453166468,23.288136641162293,65.76310183698187,17.198139793531237
120.0,500.0,2.5780299027295883,43.858517242007046,58.72518985345108,37.79540027620673,38.18921908201288,21.308982164732328,12.185706071055533,9.871360616351224,100.0,40.0,100.0,40.0,100.0,40.0,120.0,40.0,97.35947143243396,2.151113002431167,62.75555541920093,4.923402657039311,65.76310183698187,17.198139793531237,94.51078453166468,23.288136641162293
120.0,500.0,35.82627493799728,53.58846969708266,43.20819699126219,7.507231169927746,12.730123982247626,51.94818559507895,11.735130422584266,27.941518173983763,120.0,20.0,120.0,20.0,120.0,20.0,120.0,20.0,108.59891597317704,24.872631755945097,100.4176764048807,54.674461545424805,115.84184594980766,27.825949818990324,119.88936092056984,43.881364748611205
120.0,500.0,35.82627493799728,53.58846969708266,11.735130422584266,27.941518173983763,43.20819699126219,7.507231169927746,12.730123982247626,51.94818559507895,120.0,20.0,120.0,20.0,120.0,20.0,120.0,20.0,108.59891597317704,24.872631755945097,119.88936092056984,43.881364748611205,100.4176764048807,54.674461545424805,115.84184594980766,27.825949818990324
120.0,500.0,35.82627493799728,53.58846969708266,11.735130422584266,27.941518173983763,12.730123982247626,51.94818559507895,43.20819699126219,7.507231169927746,120.0,20.0,120.0,20.0,120.0,20.0,120.0,20.0,108.59891597317704,24.872631755945097,119.88936092056984,43.881364748611205,115.84184594980766,27.825949818990324,100.4176764048807,54.674461545424805
120.0,500.0,35.82627493799728,53.58846969708266,12.730123982247626,51.94818559507895,43.20819699126219,7.507231169927746,11.735130422584266,27.941518173983763,120.0,20.0,120.0,20.0,120.0,20.0,120.0,20.0,108.59891597317704,24.872631755945097,115.84184594980766,27.825949818990324,100.4176764048807,54.674461545424805,119.88936092056984,43.881364748611205
120.0,500.0,35.82627493799728,53.58846969708266,12.730123982247626,51.94818559507895,11.735130422584266,27.941518173983763,43.20819699126219,7.507231169927746,120.0,20.0,120.0,20.0,120.0,20.0,120.0,20.0,108.59891597317704,24.872631755945097,115.84184594980766,27.825949818990324,119.88936092056984,43.881364748611205,100.4176764048807,54.674461545424805
120.0,500.0,43.20819699126219,7.507231169927746,35.82627493799728,53.58846969708266,11.735130422584266,27.941518173983763,12.730123982247626,51.94818559507895,120.0,20.0,120.0,20.0,120.0,20.0,120.0,20.0,100.4176764048807,54.674461545424805,108.59891597317704,24.872631755945097,119.88936092056984,43.881364748611205,115.84184594980766,27.825949818990324
120.0,500.0,43.20819699126219,7.507231169927746,35.82627493799728,53.58846969708266,12.730123982247626,51.94818559507895,11.735130422584266,27.941518173983763,120.0,20.0,120.0,20.0,120.0,20.0,120.0,20.0,100.4176764048807,54.674461545424805,108.59891597317704,24.872631755945097,115.84184594980766,27.825949818990324,119.88936092056984,43.881364748611205
120.0,500.0,43.20819699126219,7.507231169927746,11.735130422584266,27.941518173983763,35.82627493799728,53.58846969708266,12.730123982247626,51.94818559507895,120.0,20.0,120.0,20.0,120.0,20.0,120.0,20.0,100.4176764048807,54.674461545424805,119.88936092056984,43.881364748611205,108.59891597317704,24.872631755945097,115.84184594980766,27.825949818990324
120.0,500.0,43.20819699126219,7.507231169927746,11.735130422584266,27.941518173983763,12.730123982247626,51.94818559507895,35.82627493799728,53.58846969708266,120.0,20.0,120.0,20.0,120.0,20.0,120.0,20.0,100.4176764048807,54.674461545424805,119.88936092056984,43.881364748611205,115.84184594980766,27.825949818990324,108.59891597317704,24.872631755945097
120.0,500.0,43.20819699126219,7.507231169927746,12.730123982247626,51.94818559507895,35.82627493799728,53.58846969708266,11.735130422584266,27.941518173983763,120.0,20.0,120.0,20.0,120.0,20.0,120.0,20.0,100.4176764048807,54.674461545424805,115.84184594980766,27.825949818990324,108.59891597317704,24.872631755945097,119.88936092056984,43.881364748611205
120.0,500.0,43.20819699126219,7.507231169927746,12.730123982247626,51.94818559507895,11.735130422584266,27.941518173983763,35.82627493799728,53.58846969708266,120.0,20.0,120.0,20.0,120.0,20.0,120.0,20.0,100.4176764048807,54.674461545424805,115.84184594980766,27.825949818990324,119.88936092056984,43.881364748611205,108.59891597317704,24.872631755945097
120.0,500.0,11.735130422584266,27.941518173983763,35.82627493799728,53.58846969708266,43.20819699126219,7.507231169927746,12.730123982247626,51.94818559507895,120.0,20.0,120.0,20.0,120.0,20.0,120.0,20.0,119.88936092056984,43.881364748611205,108.59891597317704,24.872631755945097,100.4176764048807,54.674461545424805,115.84184594980766,27.825949818990324
120.0,500.0,11.735130422584266,27.941518173983763,35.82627493799728,53.58846969708266,12.730123982247626,51.94818559507895,43.20819699126219,7.507231169927746,120.0,20.0,120.0,20.0,120.0,20.0,120.0,20.0,119.88936092056984,43.881364748611205,108.59891597317704,24.872631755945097,115.84184594980766,27.825949818990324,100.4176764048807,54.674461545424805
120.0,500.0,11.735130422584266,27.941518173983763,43.20819699126219,7.507231169927746,35.82627493799728,53.58846969708266,12.730123982247626,51.94818559507895,120.0,20.0,120.0,20.0,120.0,20.0,120.0,20.0,119.88936092056984,43.881364748611205,100.4176764048807,54.674461545424805,108.59891597317704,24.872631755945097,115.84184594980766,27.825949818990324
120.0,500.0,11.735130422584266,27.941518173983763,43.20819699126219,7.507231169927746,12.730123982247626,51.94818559507895,35.82627493799728,53.58846969708266,120.0,20.0,120.0,20.0,120.0,20.0,120.0,20.0,119.88936092056984,43.881364748611205,100.4176764048807,54.674461545424805,115.84184594980766,27.825949818990324,108.59891597317704,24.872631755945097
120.0,500.0,11.735130422584266,27.941518173983763,12.730123982247626,51.94818559507895,35.82627493799728,53.58846969708266,43.20819699126219,7.507231169927746,120.0,20.0,120.0,20.0,120.0,20.0,120.0,20.0,119.88936092056984,43.881364748611205,115.84184594980766,27.825949818990324,108.59891597317704,24.872631755945097,100.4176764048807,54.674461545424805
120.0,500.0,11.735130422584266,27.941518173983763,12.730123982247626,51.94818559507895,43.20819699126219,7.507231169927746,35.82627493799728,53.58846969708266,120.0,20.0,120.0,20.0,120.0,20.0,120.0,20.0,119.88936092056984,43.881364748611205,115.84184594980766,27.825949818990324,100.4176764048807,54.674461545424805,108.59891597317704,24.872631755945097
120.0,500.0,12.730123982247626,51.94818559507895,35.82627493799728,53.58846969708266,43.20819699126219,7.507231169927746,11.735130422584266,27.941518173983763,120.0,20.0,120.0,20.0,120.0,20.0,120.0,20.0,115.84184594980766,27.825949818990324,108.59891597317704,24.872631755945097,100.4176764048807,54.674461545424805,119.88936092056984,43.881364748611205
120.0,500.0,12.730123982247626,51.94818559507895,35.82627493799728,53.58846969708266,11.735130422584266,27.941518173983763,43.20819699126219,7.507231169927746,120.0,20.0,120.0,20.0,120.0,20.0,120.0,20.0,115.84184594980766,27.825949818990324,108.59891597317704,24.872631755945097,119.88936092056984,43.881364748611205,100.4176764048807,54.674461545424805
120.0,500.0,12.730123982247626,51.94818559507895,43.20819699126219,7.507231169927746,35.82627493799728,53.58846969708266,11.735130422584266,27.941518173983763,120.0,20.0,120.0,20.0,120.0,20.0,120.0,20.0,115.84184594980766,27.825949818990324,100.4176764048807,54.674461545424805,108.59891597317704,24.872631755945097,119.88936092056984,43.881364748611205
120.0,500.0,12.730123982247626,51.94818559507895,43.20819699126219,7.507231169927746,11.735130422584266,27.941518173983763,35.82627493799728,53.58846969708266,120.0,20.0,120.0,20.0,120.0,20.0,120.0,20.0,115.84184594980766,27.825949818990324,100.4176764048807,54.674461545424805,119.88936092056984,43.881364748611205,108.59891597317704,24.872631755945097
120.0,500.0,12.730123982247626,51.94818559507895,11.735130422584266,27.941518173983763,35.82627493799728,53.58846969708266,43.20819699126219,7.507231169927746,120.0,20.0,120.0,20.0,120.0,20.0,120.0,20.0,115.84184594980766,27.825949818990324,119.88936092056984,43.881364748611205,108.59891597317704,24.872631755945097,100.4176764048807,54.674461545424805
120.0,500.0,12.730123982247626,51.94818559507895,11.735130422584266,27.941518173983763,43.20819699126219,7.507231169927746,35.82627493799728,53.58846969708266,120.0,20.0,120.0,20.0,120.0,20.0,120.0,20.0,115.84184594980766,27.825949818990324,119.88936092056984,43.881364748611205,100.4176764048807,54.674461545424805,108.59891597317704,24.872631755945097
120.0,500.0,54.54792674276843,52.36671813014358,26.083593019704068,55.73514920181355,53.37758006349498,9.829793063811872,7.387638858235346,41.06335839119891,120.00000000000001,20.0,120.00000000000001,20.0,120.00000000000001,20.0,120.00000000000001,20.0,80.17067178293937,2.81076673343172,95.50541093896284,0.852498571124535,82.0998500121985,30.89666151709013,108.49380354281352,10.752083627632588
120.0,500.0,54.54792674276843,52.36671813014358,7.387638858235346,41.06335839119891,26.083593019704068,55.73514920181355,53.37758006349498,9.829793063811872,120.00000000000001,20.0,120.00000000000001,20.0,120.00000000000001,20.0,120.00000000000001,20.0,80.17067178293937,2.81076673343172,108.49380354281352,10.752083627632588,95.50541093896284,0.852498571124535,82.0998500121985,30.89666151709013
120.0,500.0,54.54792674276843,52.36671813014358,7.387638858235346,41.06335839119891,53.37758006349498,9.829793063811872,26.083593019704068,55.73514920181355,120.00000000000001,20.0,120.00000000000001,20.0,120.00000000000001,20.0,120.00000000000001,20.0,80.17067178293937,2.81076673343172,108.49380354281352,10.752083627632588,82.0998500121985,30.89666151709013,95.50541093896284,0.852498571124535
120.0,500.0,54.54792674276843,52.36671813014358,53.37758006349498,9.829793063811872,26.083593019704068,55.73514920181355,7.387638858235346,41.06335839119891,120.00000000000001,20.0,120.00000000000001,20.0,120.00000000000001,20.0,120.00000000000001,20.0,80.17067178293937,2.81076673343172,82.0998500121985,30.89666151709013,95.50541093896284,0.852498571124535,108.49380354281352,10.752083627632588
120.0,500.0,54.54792674276843,52.36671813014358,53.37758006349498,9.829793063811872,7.387638858235346,41.06335839119891,26.083593019704068,55.73514920181355,120.00000000000001,20.0,120.00000000000001,20.0,120.00000000000001,20.0,120.00000000000001,20.0,80.17067178293937,2.81076673343172,82.0998500121985,30.89666151709013,108.49380354281352,10.752083627632588,95.50541093896284,0.852498571124535
120.0,500.0,26.083593019704068,55.73514920181355,54.54792674276843,52.36671813014358,7.387638858235346,41.06335839119891,53.37758006349498,9.829793063811872,120.00000000000001,20.0,120.00000000000001,20.0,120.00000000000001,20.0,120.00000000000001,20.0,95.50541093896284,0.852498571124535,80.17067178293937,2.81076673343172,108.49380354281352,10.752083627632588,82.0998500121985,30.89666151709013
120.0,500.0,26.083593019704068,55.73514920181355,54.54792674276843,52.36671813014358,53.37758006349498,9.829793063811872,7.387638858235346,41.06335839119891,120.00000000000001,20.0,120.00000000000001,20.0,120.00000000000001,20.0,120.00000000000001,20.0,95.50541093896284,0.852498571124535,80.17067178293937,2.81076673343172,82.0998500121985,30.89666151709013,108.49380354281352,10.752083627632588
120.0,500.0,26.083593019704068,55.73514920181355,7.387638858235346,41.06335839119891,54.54792674276843,52.36671813014358,53.37758006349498,9.829793063811872,120.00000000000001,20.0,120.00000000000001,20.0,120.00000000000001,20.0,120.00000000000001,20.0,95.50541093896284,0.852498571124535,108.49380354281352,10.752083627632588,80.17067178293937,2.81076673343172,82.0998500121985,30.89666151709013
120.0,500.0,26.083593019704068,55.73514920181355,7.387638858235346,41.06335839119891,53.37758006349498,9.829793063811872,54.54792674276843,52.36671813014358,120.00000000000001,20.0,120.00000000000001,20.0,120.00000000000001,20.0,120.00000000000001,20.0,95.50541093896284,0.852498571124535,108.49380354281352,10.752083627632588,82.0998500121985,30.89666151709013,80.17067178293937,2.81076673343172
120.0,500.0,26.083593019704068,55.73514920181355,53.37758006349498,9.829793063811872,54.54792674276843,52.36671813014358,7.387638858235346,41.06335839119891,120.00000000000001,20.0,120.00000000000001,20.0,120.00000000000001,20.0,120.00000000000001,20.0,95.50541093896284,0.852498571124535,82.0998500121985,30.89666151709013,80.17067178293937,2.81076673343172,108.49380354281352,10.752083627632588
120.0,500.0,26.083593019704068,55.73514920181355,53.37758006349498,9.829793063811872,7.387638858235346,41.06335839119891,54.54792674276843,52.36671813014358,120.00000000000001,20.0,120.00000000000001,20.0,120.00000000000001,20.0,120.00000000000001,20.0,95.50541093896284,0.852498571124535,82.0998500121985,30.89666151709013,108.49380354281352,10.752083627632588,80.17067178293937,2.81076673343172
120.0,500.0,7.387638858235346,41.06335839119891,54.54792674276843,52.36671813014358,26.083593019704068,55.73514920181355,53.37758006349498,9.829793063811872,120.00000000000001,20.0,120.00000000000001,20.0,120.00000000000001,20.0,120.00000000000001,20.0,108.49380354281352,10.752083627632588,80.17067178293937,2.81076673343172,95.50541093896284,0.852498571124535,82.0998500121985,30.89666151709013
120.0,500.0,7.387638858235346,41.06335839119891,54.54792674276843,52.36671813014358,53.37758006349498,9.829793063811872,26.083593019704068,55.73514920181355,120.00000000000001,20.0,120.00000000000001,20.0,120.00000000000001,20.0,120.00000000000001,20.0,108.49380354281352,10.752083627632588,80.17067178293937,2.81076673343172,82.0998500121985,30.89666151709013,95.50541093896284,0.852498571124535
120.0,500.0,7.387638858235346,41.06335839119891,26.083593019704068,55.73514920181355,54.54792674276843,52.36671813014358,53.37758006349498,9.829793063811872,120.00000000000001,20.0,120.00000000000001,20.0,120.00000000000001,20.0,120.00000000000001,20.0,108.49380354281352,10.752083627632588,95.50541093896284,0.852498571124535,80.17067178293937,2.81076673343172,82.0998500121985,30.89666151709013
120.0,500.0,7.387638858235346,41.06335839119891,26.083593019704068,55.73514920181355,53.37758006349498,9.829793063811872,54.54792674276843,52.36671813014358,120.00000000000001,20.0,120.00000000000001,20.0,120.00000000000001,20.0,120.00000000000001,20.0,108.49380354281352,10.752083627632588,95.50541093896284,0.852498571124535,82.0998500121985,30.89666151709013,80.17067178293937,2.81076673343172
120.0,500.0,7.387638858235346,41.06335839119891,53.37758006349498,9.829793063811872,54.54792674276843,52.36671813014358,26.083593019704068,55.73514920181355,120.00000000000001,20.0,120.00000000000001,20.0,120.00000000000001,20.0,120.00000000000001,20.0,108.49380354281352,10.752083627632588,82.0998500121985,30.89666151709013,80.17067178293937,2.81076673343172,95.50541093896284,0.852498571124535
120.0,500.0,7.387638858235346,41.06335839119891,53.37758006349498,9.829793063811872,26.083593019704068,55.73514920181355,54.54792674276843,52.36671813014358,120.00000000000001,20.0,120.00000000000001,20.0,120.00000000000001,20.0,120.00000000000001,20.0,108.49380354281352,10.752083627632588,82.0998500121985,30.89666151709013,95.50541093896284,0.852498571124535,80.17067178293937,2.81076673343172
120.0,500.0,53.37758006349498,9.829793063811872,54.54792674276843,52.36671813014358,26.083593019704068,55.73514920181355,7.387638858235346,41.06335839119891,120.00000000000001,20.0,120.00000000000001,20.0,120.00000000000001,20.0,120.00000000000001,20.0,82.0998500121985,30.89666151709013,80.17067178293937,2.81076673343172,95.50541093896284,0.852498571124535,108.49380354281352,10.752083627632588
120.0,500.0,53.37758006349498,9.829793063811872,54.54792674276843,52.36671813014358,7.387638858235346,41.06335839119891,26.083593019704068,55.73514920181355,120.00000000000001,20.0,120.00000000000001,20.0,120.00000000000001,20.0,120.00000000000001,20.0,82.0998500121985,30.89666151709013,80.17067178293937,2.81076673343172,108.49380354281352,10.752083627632588,95.50541093896284,0.852498571124535
120.0,500.0,53.37758006349498,9.829793063811872,26.083593019704068,55.73514920181355,54.54792674276843,52.36671813014358,7.387638858235346,41.06335839119891,120.00000000000001,20.0,120.00000000000001,20.0,120.00000000000001,20.0,120.00000000000001,20.0,82.0998500121985,30.89666151709013,95.50541093896284,0.852498571124535,80.17067178293937,2.81076673343172,108.49380354281352,10.752083627632588
120.0,500.0,53.37758006349498,9.829793063811872,26.083593019704068,55.73514920181355,7.387638858235346,41.06335839119891,54.54792674276843,52.36671813014358,120.00000000000001,20.0,120.00000000000001,20.0,120.00000000000001,20.0,120.00000000000001,20.0,82.0998500121985,30.89666151709013,95.50541093896284,0.852498571124535,108.49380354281352,10.752083627632588,80.17067178293937,2.81076673343172
120.0,500.0,53.37758006349498,9.829793063811872,7.387638858235346,41.06335839119891,54.54792674276843,52.36671813014358,26.083593019704068,55.73514920181355,120.00000000000001,20.0,120.00000000000001,20.0,120.00000000000001,20.0,120.00000000000001,20.0,82.0998500121985,30.89666151709013,108.49380354281352,10.752083627632588,80.17067178293937,2.81076673343172,95.50541093896284,0.852498571124535
120.0,500.0,53.37758006349498,9.829793063811872,7.387638858235346,41.06335839119891,26.083593019704068,55.73514920181355,54.54792674276843,52.36671813014358,120.00000000000001,20.0,120.00000000000001,20.0,120.00000000000001,20.0,120.00000000000001,20.0,82.0998500121985,30.89666151709013,108.49380354281352,10.752083627632588,95.50541093896284,0.852498571124535,80.17067178293937,2.81076673343172
120.0,500.0,56.55109035401546,42.16580384118928,1.3107137636651212,1.4520721328146746,25.28609564503224,25.513188285786125,28.47421354476287,46.709608125055446,80.0,40.0,80.0,40.0,80.0,40.0,80.0,40.0,111.37721674171638,25.2585789834377,102.1496024836806,26.879904609940507,109.64471258399384,25.498210667416625,103.46484025683056,26.584982418575272
120.0,500.0,56.55109035401546,42.16580384118928,28.47421354476287,46.709608125055446,1.3107137636651212,1.4520721328146746,25.28609564503224,25.513188285786125,80.0,40.0,80.0,40.0,80.0,40.0,80.0,40.0,111.37721674171638,25.2585789834377,103.46484025683056,26.584982418575272,102.1496024836806,26.879904609940507,109.64471258399384,25.498210667416625
120.0,500.0,56.55109035401546,42.16580384118928,28.47421354476287,46.709608125055446,25.28609564503224,25.513188285786125,1.3107137636651212,1.4520721328146746,80.0,40.0,80.0,40.0,80.0,40.0,80.0,40.0,111.37721674171638,25.2585789834377,103.46484025683056,26.584982418575272,109.64471258399384,25.498210667416625,102.1496024836806,26.879904609940507
120.0,500.0,56.55109035401546,42.16580384118928,25.28609564503224,25.513188285786125,1.3107137636651212,1.4520721328146746,28.47421354476287,46.709608125055446,80.0,40.0,80.0,40.0,80.0,40.0,80.0,40.0,111.37721674171638,25.2585789834377,109.64471258399384,25.498210667416625,102.1496024836806,26.879904609940507,103.46484025683056,26.584982418575272
120.0,500.0,56.55109035401546,42.16580384118928,25.28609564503224,25.513188285786125,28.47421354476287,46.709608125055446,1.3107137636651212,1.4520721328146746,80.0,40.0,80.0,40.0,80.0,40.0,80.0,40.0,111.37721674171638,25.2585789834377,109.64471258399384,25.498210667416625,103.46484025683056,26.584982418575272,102.1496024836806,26.879904609940507
120.0,500.0,1.3107137636651212,1.4520721328146746,56.55109035401546,42.16580384118928,28.47421354476287,46.709608125055446,25.28609564503224,25.513188285786125,80.0,40.0,80.0,40.0,80.0,40.0,80.0,40.0,102.1496024836806,26.879904609940507,111.37721674171638,25.2585789834377,103.46484025683056,26.584982418575272,109.64471258399384,25.498210667416625
120.0,500.0,1.3107137636651212,1.4520721328146746,56.55109035401546,42.16580384118928,25.28609564503224,25.513188285786125,28.47421354476287,46.709608125055446,80.0,40.0,80.0,40.0,80.0,40.0,80.0,40.0,102.1496024836806,26.879904609940507,111.37721674171638,25.2585789834377,109.64471258399384,25.498210667416625,103.46484025683056,26.584982418575272
120.0,500.0,1.3107137636651212,1.4520721328146746,28.47421354476287,46.709608125055446,56.55109035401546,42.16580384118928,25.28609564503224,25.513188285786125,80.0,40.0,80.0,40.0,80.0,40.0,80.0,40.0,102.1496024836806,26.879904609940507,103.46484025683056,26.584982418575272,111.37721674171638,25.2585789834377,109.64471258399384,25.498210667416625
120.0,500.0,1.3107137636651212,1.4520721328146746,28.47421354476287,46.709608125055446,25.28609564503224,25.513188285786125,56.55109035401546,42.16580384118928,80.0,40.0,80.0,40.0,80.0,40.0,80.0,40.0,102.1496024836806,26.879904609940507,103.46484025683056,26.584982418575272,109.64471258399384,25.498210667416625,111.37721674171638,25.2585789834377
120.0,500.0,1.3107137636651212,1.4520721328146746,25.28609564503224,25.513188285786125,56.55109035401546,42.16580384118928,28.47421354476287,46.709608125055446,80.0,40.0,80.0,40.0,80.0,40.0,80.0,40.0,102.1496024836806,26.879904609940507,109.64471258399384,25.498210667416625,111.37721674171638,25.2585789834377,103.46484025683056,26.584982418575272
120.0,500.0,1.3107137636651212,1.4520721328146746,25.28609564503224,25.513188285786125,28.47421354476287,46.709608125055446,56.55109035401546,42.16580384118928,80.0,40.0,80.0,40.0,80.0,40.0,80.0,40.0,102.1496024836806,26.879904609940507,109.64471258399384,25.498210667416625,103.46484025683056,26.584982418575272,111.37721674171638,25.2585789834377
120.0,500.0,28.47421354476287,46.709608125055446,56.55109035401546,42.16580384118928,1.3107137636651212,1.4520721328146746,25.28609564503224,25.513188285786125,80.0,40.0,80.0,40.0,80.0,40.0,80.0,40.0,103.46484025683056,26.584982418575272,111.37721674171638,25.2585789834377,102.1496024836806,26.879904609940507,109.64471258399384,25.498210667416625
120.0,500.0,28.47421354476287,46.709608125055446,56.55109035401546,42.16580384118928,25.28609564503224,25.513188285786125,1.3107137636651212,1.4520721328146746,80.0,40.0,80.0,40.0,80.0,40.0,80.0,40.0,103.46484025683056,26.584982418575272,111.37721674171638,25.2585789834377,109.64471258399384,25.498210667416625,102.1496024836806,26.879904609940507
120.0,500.0,28.47421354476287,46.709608125055446,1.3107137636651212,1.4520721328146746,56.55109035401546,42.16580384118928,25.28609564503224,25.513188285786125,80.0,40.0,80.0,40.0,80.0,40.0,80.0,40.0,103.46484025683056,26.584982418575272,102.1496024836806,26.879904609940507,111.37721674171638,25.2585789834377,109.64471258399384,25.498210667416625
120.0,500.0,28.47421354476287,46.709608125055446,1.3107137636651212,1.4520721328146746,25.28609564503224,25.513188285786125,56.55109035401546,42.16580384118928,80.0,40.0,80.0,40.0,80.0,40.0,80.0,40.0,103.46484025683056,26.584982418575272,102.1496024836806,26.879904609940507,109.64471258399384,25.498210667416625,111.37721674171638,25.2585789834377
120.0,500.0,28.47421354476287,46.709608125055446,25.28609564503224,25.513188285786125,56.55109035401546,42.16580384118928,1.3107137636651212,1.4520721328146746,80.0,40.0,80.0,40.0,80.0,40.0,80.0,40.0,103.46484025683056,26.584982418575272,109.64471258399384,25.498210667416625,111.37721674171638,25.2585789834377,102.1496024836806,26.879904609940507
120.0,500.0,28.47421354476287,46.709608125055446,25.28609564503224,25.513188285786125,1.3107137636651212,1.4520721328146746,56.55109035401546,42.16580384118928,80.0,40.0,80.0,40.0,80.0,40.0,80.0,40.0,103.46484025683056,26.584982418575272,109.64471258399384,25.498210667416625,102.1496024836806,26.879904609940507,111.37721674171638,25.2585789834377
120.0,500.0,25.28609564503224,25.513188285786125,56.55109035401546,42.16580384118928,1.3107137636651212,1.4520721328146746,28.47421354476287,46.709608125055446,80.0,40.0,80.0,40.0,80.0,40.0,80.0,40.0,109.64471258399384,25.498210667416625,111.37721674171638,25.2585789834377,102.1496024836806,26.879904609940507,103.46484025683056,26.584982418575272
120.0,500.0,25.28609564503224,25.513188285786125,56.55109035401546,42.16580384118928,28.47421354476287,46.709608125055446,1.3107137636651212,1.4520721328146746,80.0,40.0,80.0,40.0,80.0,40.0,80.0,40.0,109.64471258399384,25.498210667416625,111.37721674171638,25.2585789834377,103.46484025683056,26.584982418575272,102.1496024836806,26.879904609940507
120.0,500.0,25.28609564503224,25.513188285786125,1.3107137636651212,1.4520721328146746,56.55109035401546,42.16580384118928,28.47421354476287,46.709608125055446,80.0,40.0,80.0,40.0,80.0,40.0,80.0,40.0,109.64471258399384,25.498210667416625,102.1496024836806,26.879904609940507,111.37721674171638,25.2585789834377,103.46484025683056,26.584982418575272
120.0,500.0,25.28609564503224,25.513188285786125,1.3107137636651212,1.4520721328146746,28.47421354476287,46.709608125055446,56.55109035401546,42.16580384118928,80.0,40.0,80.0,40.0,80.0,40.0,80.0,40.0,109.64471258399384,25.498210667416625,102.1496024836806,26.879904609940507,103.46484025683056,26.584982418575272,111.37721674171638,25.2585789834377
120.0,500.0,25.28609564503224,25.513188285786125,28.47421354476287,46.709608125055446,56.55109035401546,42.16580384118928,1.3107137636651212,1.4520721328146746,80.0,40.0,80.0,40.0,80.0,40.0,80.0,40.0,109.64471258399384,25.498210667416625,103.46484025683056,26.584982418575272,111.37721674171638,25.2585789834377,102.1496024836806,26.879904609940507
120.0,500.0,25.28609564503224,25.513188285786125,28.47421354476287,46.709608125055446,1.3107137636651212,1.4520721328146746,56.55109035401546,42.16580384118928,80.0,40.0,80.0,40.0,80.0,40.0,80.0,40.0,109.64471258399384,25.498210667416625,103.46484025683056,26.584982418575272,102.1496024836806,26.879904609940507,111.37721674171638,25.2585789834377
120.0,500.0,26.29761949961138,10.622057669513667,8.159263100887744,35.044372623225776,51.436652017042434,17.332232140959412,56.50747002159251,44.56407627355854,100.0,20.0,100.0,20.0,100.0,20.0,100.0,20.0,79.4122098028665,50.10146786051156,80.00720025675116,54.00979068179872,90.77528018990785,51.31274135738465,70.19567056752982,51.3836229286938
120.0,500.0,26.29761949961138,10.622057669513667,56.50747002159251,44.56407627355854,8.159263100887744,35.044372623225776,51.436652017042434,17.332232140959412,100.0,20.0,100.0,20.0,100.0,20.0,100.0,20.0,79.4122098028665,50.10146786051156,70.19567056752982,51.3836229286938,80.00720025675116,54.00979068179872,90.77528018990785,51.31274135738465
120.0,500.0,26.29761949961138,10.622057669513667,56.50747002159251,44.56407627355854,51.436652017042434,17.332232140959412,8.159263100887744,35.044372623225776,100.0,20.0,100.0,20.0,100.0,20.0,100.0,20.0,79.4122098028665,50.10146786051156,70.19567056752982,51.3836229286938,90.77528018990785,51.31274135738465,80.00720025675116,54.00979068179872
120.0,500.0,26.29761949961138,10.622057669513667,51.436652017042434,17.332232140959412,8.159263100887744,35.044372623225776,56.50747002159251,44.56407627355854,100.0,20.0,100.0,20.0,100.0,20.0,100.0,20.0,79.4122098028665,50.10146786051156,90.77528018990785,51.31274135738465,80.00720025675116,54.00979068179872,70.19567056752982,51.3836229286938
120.0,500.0,26.29761949961138,10.622057669513667,51.436652017042434,17.332232140959412,56.50747002159251,44.56407627355854,8.159263100887744,35.044372623225776,100.0,20.0,100.0,20.0,100.0,20.0,100.0,20.0,79.4122098028665,50.10146786051156,90.77528018990785,51.31274135738465,70.19567056752982,51.3836229286938,80.00720025675116,54.00979068179872
120.0,500.0,8.159263100887744,35.044372623225776,26.29761949961138,10.622057669513667,56.50747002159251,44.56407627355854,51.436652017042434,17.332232140959412,100.0,20.0,100.0,20.0,100.0,20.0,100.0,20.0,80.00720025675116,54.00979068179872,79.4122098028665,50.10146786051156,70.19567056752982,51.3836229286938,90.77528018990785,51.31274135738465
120.0,500.0,8.159263100887744,35.044372623225776,26.29761949961138,10.622057669513667,51.436652017042434,17.332232140959412,56.50747002159251,44.56407627355854,100.0,20.0,100.0,20.0,100.0,20.0,100.0,20.0,80.00720025675116,54.00979068179872,79.4122098028665,50.10146786051156,90.77528018990785,51.31274135738465,70.19567056752982,51.3836229286938
120.0,500.0,8.159263100887744,35.044372623225776,56.50747002159251,44.56407627355854,26.29761949961138,10.622057669513667,51.436652017042434,17.332232140959412,100.0,20.0,100.0,20.0,100.0,20.0,100.0,20.0,80.00720025675116,54.00979068179872,70.19567056752982,51.3836229286938,79.4122098028665,50.10146786051156,90.77528018990785,51.31274135738465
120.0,500.0,8.159263100887744,35.044372623225776,56.50747002159251,44.56407627355854,51.436652017042434,17.332232140959412,26.29761949961138,10.622057669513667,100.0,20.0,100.0,20.0,100.0,20.0,100.0,20.0,80.00720025675116,54.00979068179872,70.19567056752982,51.3836229286938,90.77528018990785,51.31274135738465,79.4122098028665,50.10146786051156
120.0,500.0,8.159263100887744,35.044372623225776,51.436652017042434,17.332232140959412,26.29761949961138,10.622057669513667,56.50747002159251,44.56407627355854,100.0,20.0,100.0,20.0,100.0,20.0,100.0,20.0,80.00720025675116,54.00979068179872,90.77528018990785,51.31274135738465,79.4122098028665,50.10146786051156,70.19567056752982,51.3836229286938
120.0,500.0,8.159263100887744,35.044372623225776,51.436652017042434,17.332232140959412,56.50747002159251,44.56407627355854,26.29761949961138,10.622057669513667,100.0,20.0,100.0,20.0,100.0,20.0,100.0,20.0,80.00720025675116,54.00979068179872,90.77528018990785,51.31274135738465,70.19567056752982,51.3836229286938,79.4122098028665,50.10146786051156
120.0,500.0,56.50747002159251,44.56407627355854,26.29761949961138,10.622057669513667,8.159263100887744,35.044372623225776,51.436652017042434,17.332232140959412,100.0,20.0,100.0,20.0,100.0,20.0,100.0,20.0,70.19567056752982,51.3836229286938,79.4122098028665,50.10146786051156,80.00720025675116,54.00979068179872,90.77528018990785,51.31274135738465
120.0,500.0,56.50747002159251,44.56407627355854,26.29761949961138,10.622057669513667,51.436652017042434,17.332232140959412,8.159263100887744,35.044372623225776,100.0,20.0,100.0,20.0,100.0,20.0,100.0,20.0,70.19567056752982,51.3836229286938,79.4122098028665,50.10146786051156,90.77528018990785,51.31274135738465,80.00720025675116,54.00979068179872
120.0,500.0,56.50747002159251,44.56407627355854,8.159263100887744,35.044372623225776,26.29761949961138,10.622057669513667,51.436652017042434,17.332232140959412,100.0,20.0,100.0,20.0,100.0,20.0,100.0,20.0,70.19567056752982,51.3836229286938,80.00720025675116,54.00979068179872,79.4122098028665,50.10146786051156,90.77528018990785,51.31274135738465
120.0,500.0,56.50747002159251,44.56407627355854,8.159263100887744,35.044372623225776,51.436652017042434,17.332232140959412,26.29761949961138,10.622057669513667,100.0,20.0,100.0,20.0,100.0,20.0,100.0,20.0,70.19567056752982,51.3836229286938,80.00720025675116,54.00979068179872,90.77528018990785,51.31274135738465,79.4122098028665,50.10146786051156
120.0,500.0,56.50747002159251,44.56407627355854,51.436652017042434,17.332232140959412,26.29761949961138,10.622057669513667,8.159263100887744,35.044372623225776,100.0,20.0,100.0,20.0,100.0,20.0,100.0,20.0,70.19567056752982,51.3836229286938,90.77528018990785,51.31274135738465,79.4122098028665,50.10146786051156,80.00720025675116,54.00979068179872
120.0,500.0,56.50747002159251,44.56407627355854,51.436652017042434,17.332232140959412,8.159263100887744,35.044372623225776,26.29761949961138,10.622057669513667,100.0,20.0,100.0,20.0,100.0,20.0,100.0,20.0,70.19567056752982,51.3836229286938,90.77528018990785,51.31274135738465,80.00720025675116,54.00979068179872,79.4122098028665,50.10146786051156
120.0,500.0,51.436652017042434,17.332232140959412,26.29761949961138,10.622057669513667,8.159263100887744,35.044372623225776,56.50747002159251,44.56407627355854,100.0,20.0,100.0,20.0,100.0,20.0,100.0,20.0,90.77528018990785,51.31274135738465,79.4122098028665,50.10146786051156,80.00720025675116,54.00979068179872,70.19567056752982,51.3836229286938
120.0,500.0,51.436652017042434,17.332232140959412,26.29761949961138,10.622057669513667,56.50747002159251,44.56407627355854,8.159263100887744,35.044372623225776,100.0,20.0,100.0,20.0,100.0,20.0,100.0,20.0,90.77528018990785,51.31274135738465,79.4122098028665,50.10146786051156,70.19567056752982,51.3836229286938,80.00720025675116,54.00979068179872
120.0,500.0,51.436652017042434,17.332232140959412,8.159263100887744,35.044372623225776,26.29761949961138,10.622057669513667,56.50747002159251,44.56407627355854,100.0,20.0,100.0,20.0,100.0,20.0,100.0,20.0,90.77528018990785,51.31274135738465,80.00720025675116,54.00979068179872,79.4122098028665,50.10146786051156,70.19567056752982,51.3836229286938
120.0,500.0,51.436652017042434,17.332232140959412,8.159263100887744,35.044372623225776,56.50747002159251,44.56407627355854,26.29761949961138,10.622057669513667,100.0,20.0,100.0,20.0,100.0,20.0,100.0,20.0,90.77528018990785,51.31274135738465,80.00720025675116,54.00979068179872,70.19567056752982,51.3836229286938,79.4122098028665,50.10146786051156
120.0,500.0,51.436652017042434,17.332232140959412,56.50747002159251,44.56407627355854,26.29761949961138,10.622057669513667,8.159263100887744,35.044372623225776,100.0,20.0,100.0,20.0,100.0,20.0,100.0,20.0,90.77528018990785,51.31274135738465,70.19567056752982,51.3836229286938,79.4122098028665,50.10146786051156,80.00720025675116,54.00979068179872
120.0,500.0,51.436652017042434,17.332232140959412,56.50747002159251,44.56407627355854,8.159263100887744,35.044372623225776,26.29761949961138,10.622057669513667,100.0,20.0,100.0,20.0,100.0,20.0,100.0,20.0,90.77528018990785,51.31274135738465,70.19567056752982,51.3836229286938,80.00720025675116,54.00979068179872,79.4122098028665,50.10146786051156
120.0,500.0,25.588670881418164,38.09203944321389,3.4764116466160577,46.7646209904263,19.04502096122945,3.7262675310507687,51.89543429029944,57.23531273787504,80.0,20.0,80.0,20.0,100.0,20.0,80.0,20.0,93.33550313830628,14.478580835262257,103.99393394302577,11.345855969411788,101.09156044003169,22.51429765184643,93.97585859960574,9.597018772331625
120.0,500.0,25.588670881418164,38.09203944321389,51.89543429029944,57.23531273787504,3.4764116466160577,46.7646209904263,19.04502096122945,3.7262675310507687,80.0,20.0,80.0,20.0,80.0,20.0,100.0,20.0,93.33550313830628,14.478580835262257,93.97585859960574,9.597018772331625,103.99393394302577,11.345855969411788,101.09156044003169,22.51429765184643
120.0,500.0,25.588670881418164,38.09203944321389,51.89543429029944,57.23531273787504,19.04502096122945,3.7262675310507687,3.4764116466160577,46.7646209904263,80.0,20.0,80.0,20.0,100.0,20.0,80.0,20.0,93.33550313830628,14.478580835262257,93.97585859960574,9.597018772331625,101.09156044003169,22.51429765184643,103.99393394302577,11.345855969411788
120.0,500.0,25.588670881418164,38.09203944321389,19.04502096122945,3.7262675310507687,3.4764116466160577,46.7646209904263,51.89543429029944,57.23531273787504,80.0,20.0,100.0,20.0,80.0,20.0,80.0,20.0,93.33550313830628,14.478580835262257,101.09156044003169,22.51429765184643,103.99393394302577,11.345855969411788,93.97585859960574,9.597018772331625
120.0,500.0,25.588670881418164,38.09203944321389,19.04502096122945,3.7262675310507687,51.89543429029944,57.23531273787504,3.4764116466160577,46.7646209904263,80.0,20.0,100.0,20.0,80.0,20.0,80.0,20.0,93.33550313830628,14.478580835262257,101.09156044003169,22.51429765184643,93.97585859960574,9.597018772331625,103.99393394302577,11.345855969411788
120.0,500.0,3.4764116466160577,46.7646209904263,25.588670881418164,38.09203944321389,51.89543429029944,57.23531273787504,19.04502096122945,3.7262675310507687,80.0,20.0,80.0,20.0,80.0,20.0,100.0,20.0,103.99393394302577,11.345855969411788,93.33550313830628,14.478580835262257,93.97585859960574,9.597018772331625,101.09156044003169,22.51429765184643
120.0,500.0,3.4764116466160577,46.7646209904263,25.588670881418164,38.09203944321389,19.04502096122945,3.7262675310507687,51.89543429029944,57.23531273787504,80.0,20.0,80.0,20.0,100.0,20.0,80.0,20.0,103.99393394302577,11.345855969411788,93.33550313830628,14.478580835262257,101.09156044003169,22.51429765184643,93.97585859960574,9.597018772331625
120.0,500.0,3.4764116466160577,46.7646209904263,51.89543429029944,57.23531273787504,25.588670881418164,38.09203944321389,19.04502096122945,3.7262675310507687,80.0,20.0,80.0,20.0,80.0,20.0,100.0,20.0,103.99393394302577,11.345855969411788,93.97585859960574,9.597018772331625,93.33550313830628,14.478580835262257,101.09156044003169,22.51429765184643
120.0,500.0,3.4764116466160577,46.7646209904263,51.89543429029944,57.23531273787504,19.04502096122945,3.7262675310507687,25.588670881418164,38.09203944321389,80.0,20.0,80.0,20.0,100.0,20.0,80.0,20.0,103.99393394302577,11.345855969411788,93.97585859960574,9.597018772331625,101.09156044003169,22.51429765184643,93.33550313830628,14.478580835262257
120.0,500.0,3.4764116466160577,46.7646209904263,19.04502096122945,3.7262675310507687,25.588670881418164,38.09203944321389,51.89543429029944,57.23531273787504,80.0,20.0,100.0,20.0,80.0,20.0,80.0,20.0,103.99393394302577,11.345855969411788,101.09156044003169,22.51429765184643,93.33550313830628,14.478580835262257,93.97585859960574,9.597018772331625
120.0,500.0,3.4764116466160577,46.7646209904263,19.04502096122945,3.7262675310507687,51.89543429029944,57.23531273787504,25.588670881418164,38.09203944321389,80.0,20.0,100.0,20.0,80.0,20.0,80.0,20.0,103.99393394302577,11.345855969411788,101.09156044003169,22.51429765184643,93.97585859960574,9.597018772331625,93.33550313830628,14.478580835262257
120.0,500.0,51.89543429029944,57.23531273787504,25.588670881418164,38.09203944321389,3.4764116466160577,46.7646209904263,19.04502096122945,3.7262675310507687,80.0,20.0,80.0,20.0,80.0,20.0,100.0,20.0,93.97585859960574,9.597018772331625,93.33550313830628,14.478580835262257,103.99393394302577,11.345855969411788,101.09156044003169,22.51429765184643
120.0,500.0,51.89543429029944,57.23531273787504,25.588670881418164,38.09203944321389,19.04502096122945,3.7262675310507687,3.4764116466160577,46.7646209904263,80.0,20.0,80.0,20.0,100.0,20.0,80.0,20.0,93.97585859960574,9.597018772331625,93.33550313830628,14.478580835262257,101.09156044003169,22.51429765184643,103.99393394302577,11.345855969411788
120.0,500.0,51.89543429029944,57.23531273787504,3.4764116466160577,46.7646209904263,25.588670881418164,38.09203944321389,19.04502096122945,3.7262675310507687,80.0,20.0,80.0,20.0,80.0,20.0,100.0,20.0,93.97585859960574,9.597018772331625,103.99393394302577,11.345855969411788,93.33550313830628,14.478580835262257,101.09156044003169,22.51429765184643
120.0,500.0,51.89543429029944,57.23531273787504,3.4764116466160577,46.7646209904263,19.04502096122945,3.7262675310507687,25.588670881418164,38.09203944321389,80.0,20.0,80.0,20.0,100.0,20.0,80.0,20.0,93.97585859960574,9.597018772331625,103.99393394302577,11.345855969411788,101.09156044003169,22.51429765184643,93.33550313830628,14.478580835262257
120.0,500.0,51.89543429029944,57.23531273787504,19.04502096122945,3.7262675310507687,25.588670881418164,38.09203944321389,3.4764116466160577,46.7646209904263,80.0,20.0,100.0,20.0,80.0,20.0,80.0,20.0,93.97585859960574,9.597018772331625,101.09156044003169,22.51429765184643,93.33550313830628,14.478580835262257,103.99393394302577,11.345855969411788
120.0,500.0,51.89543429029944,57.23531273787504,19.04502096122945,3.7262675310507687,3.4764116466160577,46.7646209904263,25.588670881418164,38.09203944321389,80.0,20.0,100.0,20.0,80.0,20.0,80.0,20.0,93.97585859960574,9.597018772331625,101.09156044003169,22.51429765184643,103.99393394302577,11.345855969411788,93.33550313830628,14.478580835262257
120.0,500.0,19.04502096122945,3.7262675310507687,25.588670881418164,38.09203944321389,3.4764116466160577,46.7646209904263,51.89543429029944,57.23531273787504,100.0,20.0,80.0,20.0,80.0,20.0,80.0,20.0,101.09156044003169,22.51429765184643,93.33550313830628,14.478580835262257,103.99393394302577,11.345855969411788,93.97585859960574,9.597018772331625
120.0,500.0,19.04502096122945,3.7262675310507687,25.588670881418164,38.09203944321389,51.89543429029944,57.23531273787504,3.4764116466160577,46.7646209904263,100.0,20.0,80.0,20.0,80.0,20.0,80.0,20.0,101.09156044003169,22.51429765184643,93.33550313830628,14.478580835262257,93.97585859960574,9.597018772331625,103.99393394302577,11.345855969411788
120.0,500.0,19.04502096122945,3.7262675310507687,3.4764116466160577,46.7646209904263,25.588670881418164,38.09203944321389,51.89543429029944,57.23531273787504,100.0,20.0,80.0,20.0,80.0,20.0,80.0,20.0,101.09156044003169,22.51429765184643,103.99393394302577,11.345855969411788,93.33550313830628,14.478580835262257,93.97585859960574,9.597018772331625
120.0,500.0,19.04502096122945,3.7262675310507687,3.4764116466160577,46.7646209904263,51.89543429029944,57.23531273787504,25.588670881418164,38.09203944321389,100.0,20.0,80.0,20.0,80.0,20.0,80.0,20.0,101.09156044003169,22.51429765184643,103.99393394302577,11.345855969411788,93.97585859960574,9.597018772331625,93.33550313830628,14.478580835262257
120.0,500.0,19.04502096122945,3.7262675310507687,51.89543429029944,57.23531273787504,25.588670881418164,38.09203944321389,3.4764116466160577,46.7646209904263,100.0,20.0,80.0,20.0,80.0,20.0,80.0,20.0,101.09156044003169,22.51429765184643,93.97585859960574,9.597018772331625,93.33550313830628,14.478580835262257,103.99393394302577,11.345855969411788
120.0,500.0,19.04502096122945,3.7262675310507687,51.89543429029944,57.23531273787504,3.4764116466160577,46.7646209904263,25.588670881418164,38.09203944321389,100.0,20.0,80.0,20.0,80.0,20.0,80.0,20.0,101.09156044003169,22.51429765184643,93.97585859960574,9.597018772331625,103.99393394302577,11.345855969411788,93.33550313830628,14.478580835262257
120.0,500.0,1.2944118027610885,40.88481364879613,50.35445727302164,6.084072657683919,26.24652777410228,16.961404311282003,37.37126712945376,39.609436053519474,100.0,20.0,100.0,20.0,100.0,20.0,100.0,20.0,102.73556233282342,22.37328653277281,78.320071465408,44.79074151104044,98.48807986142064,36.670089901381886,95.56821088776474,22.34794568124436
120.0,500.0,1.2944118027610885,40.88481364879613,37.37126712945376,39.609436053519474,50.35445727302164,6.084072657683919,26.24652777410228,16.961404311282003,100.0,20.0,100.0,20.0,100.0,20.0,100.0,20.0,102.73556233282342,22.37328653277281,95.56821088776474,22.34794568124436,78.320071465408,44.79074151104044,98.48807986142064,36.670089901381886
120.0,500.0,1.2944118027610885,40.88481364879613,37.37126712945376,39.609436053519474,26.24652777410228,16.961404311282003,50.35445727302164,6.084072657683919,100.0,20.0,100.0,20.0,100.0,20.0,100.0,20.0,102.73556233282342,22.37328653277281,95.56821088776474,22.34794568124436,98.48807986142064,36.670089901381886,78.320071465408,44.79074151104044
120.0,500.0,1.2944118027610885,40.88481364879613,26.24652777410228,16.961404311282003,50.35445727302164,6.084072657683919,37.37126712945376,39.609436053519474,100.0,20.0,100.0,20.0,100.0,20.0,100.0,20.0,102.73556233282342,22.37328653277281,98.48807986142064,36.670089901381886,78.320071465408,44.79074151104044,95.56821088776474,22.34794568124436
120.0,500.0,1.2944118027610885,40.88481364879613,26.24652777410228,16.961404311282003,37.37126712945376,39.609436053519474,50.35445727302164,6.084072657683919,100.0,20.0,100.0,20.0,100.0,20.0,100.0,20.0,102.73556233282342,22.37328653277281,98.48807986142064,36.670089901381886,95.56821088776474,22.34794568124436,78.320071465408,44.79074151104044
120.0,500.0,50.35445727302164,6.084072657683919,1.2944118027610885,40.88481364879613,37.37126712945376,39.609436053519474,26.24652777410228,16.961404311282003,100.0,20.0,100.0,20.0,100.0,20.0,100.0,20.0,78.320071465408,44.79074151104044,102.73556233282342,22.37328653277281,95.56821088776474,22.34794568124436,98.48807986142064,36.670089901381886
120.0,500.0,50.35445727302164,6.084072657683919,1.2944118027610885,40.88481364879613,26.24652777410228,16.961404311282003,37.37126712945376,39.609436053519474,100.0,20.0,100.0,20.0,100.0,20.0,100.0,20.0,78.320071465408,44.79074151104044,102.73556233282342,22.37328653277281,98.48807986142064,36.670089901381886,95.56821088776474,22.34794568124436
120.0,500.0,50.35445727302164,6.084072657683919,37.37126712945376,39.609436053519474,1.2944118027610885,40.88481364879613,26.24652777410228,16.961404311282003,100.0,20.0,100.0,20.0,100.0,20.0,100.0,20.0,78.320071465408,44.79074151104044,95.56821088776474,22.34794568124436,102.73556233282342,22.37328653277281,98.48807986142064,36.670089901381886
120.0,500.0,50.35445727302164,6.084072657683919,37.37126712945376,39.609436053519474,26.24652777410228,16.961404311282003,1.2944118027610885,40.88481364879613,100.0,20.0,100.0,20.0,100.0,20.0,100.0,20.0,78.320071465408,44.79074151104044,95.56821088776474,22.34794568124436,98.48807986142064,36.670089901381886,102.73556233282342,22.37328653277281
120.0,500.0,50.35445727302164,6.084072657683919,26.24652777410228,16.961404311282003,1.2944118027610885,40.88481364879613,37.37126712945376,39.609436053519474,100.0,20.0,100.0,20.0,100.0,20.0,100.0,20.0,78.320071465408,44.79074151104044,98.48807986142064,36.670089901381886,102.73556233282342,22.37328653277281,95.56821088776474,22.34794568124436
120.0,500.0,50.35445727302164,6.084072657683919,26.24652777410228,16.961404311282003,37.37126712945376,39.609436053519474,1.2944118027610885,40.88481364879613,100.0,20.0,100.0,20.0,100.0,20.0,100.0,20.0,78.320071465408,44.79074151104044,98.48807986142064,36.670089901381886,95.56821088776474,22.34794568124436,102.73556233282342,22.37328653277281
120.0,500.0,37.37126712945376,39.609436053519474,1.2944118027610885,40.88481364879613,50.35445727302164,6.084072657683919,26.24652777410228,16.961404311282003,100.0,20.0,100.0,20.0,100.0,20.0,100.0,20.0,95.56821088776474,22.34794568124436,102.73556233282342,22.37328653277281,78.320071465408,44.79074151104044,98.48807986142064,36.670089901381886
120.0,500.0,37.37126712945376,39.609436053519474,1.2944118027610885,40.88481364879613,26.24652777410228,16.961404311282003,50.35445727302164,6.084072657683919,100.0,20.0,100.0,20.0,100.0,20.0,100.0,20.0,95.56821088776474,22.34794568124436,102.73556233282342,22.37328653277281,98.48807986142064,36.670089901381886,78.320071465408,44.79074151104044
120.0,500.0,37.37126712945376,39.609436053519474,50.35445727302164,6.084072657683919,1.2944118027610885,40.88481364879613,26.24652777410228,16.961404311282003,100.0,20.0,100.0,20.0,100.0,20.0,100.0,20.0,95.56821088776474,22.34794568124436,78.320071465408,44.79074151104044,102.73556233282342,22.37328653277281,98.48807986142064,36.670089901381886
120.0,500.0,37.37126712945376,39.609436053519474,50.35445727302164,6.084072657683919,26.24652777410228,16.961404311282003,1.2944118027610885,40.88481364879613,100.0,20.0,100.0,20.0,100.0,20.0,100.0,20.0,95.56821088776474,22.34794568124436,78.320071465408,44.79074151104044,98.48807986142064,36.670089901381886,102.73556233282342,22.37328653277281
120.0,500.0,37.37126712945376,39.609436053519474,26.24652777410228,16.961404311282003,1.2944118027610885,40.88481364879613,50.35445727302164,6.084072657683919,100.0,20.0,100.0,20.0,100.0,20.0,100.0,20.0,95.56821088776474,22.34794568124436,98.48807986142064,36.670089901381886,102.73556233282342,22.37328653277281,78.320071465408,44.79074151104044
120.0,500.0,37.37126712945376,39.609436053519474,26.24652777410228,16.961404311282003,50.35445727302164,6.084072657683919,1.2944118027610885,40.88481364879613,100.0,20.0,100.0,20.0,100.0,20.0,100.0,20.0,95.56821088776474,22.34794568124436,98.48807986142064,36.670089901381886,78.320071465408,44.79074151104044,102.73556233282342,22.37328653277281
120.0,500.0,26.24652777410228,16.961404311282003,1.2944118027610885,40.88481364879613,50.35445727302164,6.084072657683919,37.37126712945376,39.609436053519474,100.0,20.0,100.0,20.0,100.0,20.0,100.0,20.0,98.48807986142064,36.670089901381886,102.73556233282342,22.37328653277281,78.320071465408,44.79074151104044,95.56821088776474,22.34794568124436
120.0,500.0,26.24652777410228,16.961404311282003,1.2944118027610885,40.88481364879613,37.37126712945376,39.609436053519474,50.35445727302164,6.084072657683919,100.0,20.0,100.0,20.0,100.0,20.0,100.0,20.0,98.48807986142064,36.670089901381886,102.73556233282342,22.37328653277281,95.56821088776474,22.34794568124436,78.320071465408,44.79074151104044
120.0,500.0,26.24652777410228,16.961404311282003,50.35445727302164,6.084072657683919,1.2944118027610885,40.88481364879613,37.37126712945376,39.609436053519474,100.0,20.0,100.0,20.0,100.0,20.0,100.0,20.0,98.48807986142064,36.670089901381886,78.320071465408,44.79074151104044,102.73556233282342,22.37328653277281,95.56821088776474,22.34794568124436
120.0,500.0,26.24652777410228,16.961404311282003,50.35445727302164,6.084072657683919,37.37126712945376,39.609436053519474,1.2944118027610885,40.88481364879613,100.0,20.0,100.0,20.0,100.0,20.0,100.0,20.0,98.48807986142064,36.670089901381886,78.320071465408,44.79074151104044,95.56821088776474,22.34794568124436,102.73556233282342,22.37328653277281
120.0,500.0,26.24652777410228,16.961404311282003,37.37126712945376,39.609436053519474,1.2944118027610885,40.88481364879613,50.35445727302164,6.084072657683919,100.0,20.0,100.0,20.0,100.0,20.0,100.0,20.0,98.48807986142064,36.670089901381886,95.56821088776474,22.34794568124436,102.73556233282342,22.37328653277281,78.320071465408,44.79074151104044
120.0,500.0,26.24652777410228,16.961404311282003,37.37126712945376,39.609436053519474,50.35445727302164,6.084072657683919,1.2944118027610885,40.88481364879613,100.0,20.0,100.0,20.0,100.0,20.0,100.0,20.0,98.48807986142064,36.670089901381886,95.56821088776474,22.34794568124436,78.320071465408,44.79074151104044,102.73556233282342,22.37328653277281
120.0,500.0,4.986313481924669,28.443465478277947,39.262306054545846,45.08312330904238,58.59750221033434,55.27925142276624,32.20875713361245,6.580401820989456,119.99999999999999,20.0,119.99999999999999,20.0,119.99999999999999,20.0,119.99999999999999,20.0,114.22459201719757,45.439697286162605,85.91541123231603,35.087856484914965,62.55272924964074,32.72975151284861,97.53088316708984,59.55620406387344
120.0,500.0,4.986313481924669,28.443465478277947,32.20875713361245,6.580401820989456,39.262306054545846,45.08312330904238,58.59750221033434,55.27925142276624,119.99999999999999,20.0,119.99999999999999,20.0,119.99999999999999,20.0,119.99999999999999,20.0,114.22459201719757,45.439697286162605,97.53088316708984,59.55620406387344,85.91541123231603,35.087856484914965,62.55272924964074,32.72975151284861
120.0,500.0,4.986313481924669,28.443465478277947,32.20875713361245,6.580401820989456,58.59750221033434,55.27925142276624,39.262306054545846,45.08312330904238,119.99999999999999,20.0,119.99999999999999,20.0,119.99999999999999,20.0,119.99999999999999,20.0,114.22459201719757,45.439697286162605,97.53088316708984,59.55620406387344,62.55272924964074,32.72975151284861,85.91541123231603,35.087856484914965
120.0,500.0,4.986313481924669,28.443465478277947,58.59750221033434,55.27925142276624,39.262306054545846,45.08312330904238,32.20875713361245,6.580401820989456,119.99999999999999,20.0,119.99999999999999,20.0,119.99999999999999,20.0,119.99999999999999,20.0,114.22459201719757,45.439697286162605,62.55272924964074,32.72975151284861,85.91541123231603,35.087856484914965,97.53088316708984,59.55620406387344
120.0,500.0,4.986313481924669,28.443465478277947,58.59750221033434,55.27925142276624,32.20875713361245,6.580401820989456,39.262306054545846,45.08312330904238,119.99999999999999,20.0,119.99999999999999,20.0,119.99999999999999,20.0,119.99999999999999,20.0,114.22459201719757,45.439697286162605,62.55272924964074,32.72975151284861,97.53088316708984,59.55620406387344,85.91541123231603,35.087856484914965
120.0,500.0,39.262306054545846,45.08312330904238,4.986313481924669,28.443465478277947,32.20875713361245,6.580401820989456,58.59750221033434,55.27925142276624,119.99999999999999,20.0,119.99999999999999,20.0,119.99999999999999,20.0,119.99999999999999,20.0,85.91541123231603,35.087856484914965,114.22459201719757,45.439697286162605,97.53088316708984,59.55620406387344,62.55272924964074,32.72975151284861
120.0,500.0,39.262306054545846,45.08312330904238,4.986313481924669,28.443465478277947,58.59750221033434,55.27925142276624,32.20875713361245,6.580401820989456,119.99999999999999,20.0,119.99999999999999,20.0,119.99999999999999,20.0,119.99999999999999,20.0,85.91541123231603,35.087856484914965,114.22459201719757,45.439697286162605,62.55272924964074,32.72975151284861,97.53088316708984,59.55620406387344
120.0,500.0,39.262306054545846,45.08312330904238,32.20875713361245,6.580401820989456,4.986313481924669,28.443465478277947,58.59750221033434,55.27925142276624,119.99999999999999,20.0,119.99999999999999,20.0,119.99999999999999,20.0,119.99999999999999,20.0,85.91541123231603,35.087856484914965,97.53088316708984,59.55620406387344,114.22459201719757,45.439697286162605,62.55272924964074,32.72975151284861
120.0,500.0,39.262306054545846,45.08312330904238,32.20875713361245,6.580401820989456,58.59750221033434,55.27925142276624,4.986313481924669,28.443465478277947,119.99999999999999,20.0,119.99999999999999,20.0,119.99999999999999,20.0,119.99999999999999,20.0,85.91541123231603,35.087856484914965,97.53088316708984,59.55620406387344,62.55272924964074,32.72975151284861,114.22459201719757,45.439697286162605
120.0,500.0,39.262306054545846,45.08312330904238,58.59750221033434,55.27925142276624,4.986313481924669,28.443465478277947,32.20875713361245,6.580401820989456,119.99999999999999,20.0,119.99999999999999,20.0,119.99999999999999,20.0,119.99999999999999,20.0,85.91541123231603,35.087856484914965,62.55272924964074,32.72975151284861,114.22459201719757,45.439697286162605,97.53088316708984,59.55620406387344
120.0,500.0,39.262306054545846,45.08312330904238,58.59750221033434,55.27925142276624,32.20875713361245,6.580401820989456,4.986313481924669,28.443465478277947,119.99999999999999,20.0,119.99999999999999,20.0,119.99999999999999,20.0,119.99999999999999,20.0,85.91541123231603,35.087856484914965,62.55272924964074,32.72975151284861,97.53088316708984,59.55620406387344,114.22459201719757,45.439697286162605
120.0,500.0,32.20875713361245,6.580401820989456,4.986313481924669,28.443465478277947,39.262306054545846,45.08312330904238,58.59750221033434,55.27925142276624,119.99999999999999,20.0,119.99999999999999,20.0,119.99999999999999,20.0,119.99999999999999,20.0,97.53088316708984,59.55620406387344,114.22459201719757,45.439697286162605,85.91541123231603,35.087856484914965,62.55272924964074,32.72975151284861
120.0,500.0,32.20875713361245,6.580401820989456,4.986313481924669,28.443465478277947,58.59750221033434,55.27925142276624,39.262306054545846,45.08312330904238,119.99999999999999,20.0,119.99999999999999,20.0,119.99999999999999,20.0,119.99999999999999,20.0,97.53088316708984,59.55620406387344,114.22459201719757,45.439697286162605,62.55272924964074,32.72975151284861,85.91541123231603,35.087856484914965
120.0,500.0,32.20875713361245,6.580401820989456,39.262306054545846,45.08312330904238,4.986313481924669,28.443465478277947,58.59750221033434,55.27925142276624,119.99999999999999,20.0,119.99999999999999,20.0,119.99999999999999,20.0,119.99999999999999,20.0,97.53088316708984,59.55620406387344,85.91541123231603,35.087856484914965,114.22459201719757,45.439697286162605,62.55272924964074,32.72975151284861
120.0,500.0,32.20875713361245,6.580401820989456,39.262306054545846,45.08312330904238,58.59750221033434,55.27925142276624,4.986313481924669,28.443465478277947,119.99999999999999,20.0,119.99999999999999,20.0,119.99999999999999,20.0,119.99999999999999,20.0,97.53088316708984,59.55620406387344,85.91541123231603,35.087856484914965,62.55272924964074,32.72975151284861,114.22459201719757,45.439697286162605
120.0,500.0,32.20875713361245,6.580401820989456,58.59750221033434,55.27925142276624,4.986313481924669,28.443465478277947,39.262306054545846,45.08312330904238,119.99999999999999,20.0,119.99999999999999,20.0,119.99999999999999,20.0,119.99999999999999,20.0,97.53088316708984,59.55620406387344,62.55272924964074,32.72975151284861,114.22459201719757,45.439697286162605,85.91541123231603,35.087856484914965
120.0,500.0,32.20875713361245,6.580401820989456,58.59750221033434,55.27925142276624,39.262306054545846,45.08312330904238,4.986313481924669,28.443465478277947,119.99999999999999,20.0,119.99999999999999,20.0,119.99999999999999,20.0,119.99999999999999,20.0,97.53088316708984,59.55620406387344,62.55272924964074,32.72975151284861,85.91541123231603,35.087856484914965,114.22459201719757,45.439697286162605
120.0,500.0,58.59750221033434,55.27925142276624,4.986313481924669,28.443465478277947,39.262306054545846,45.08312330904238,32.20875713361245,6.580401820989456,119.99999999999999,20.0,119.99999999999999,20.0,119.99999999999999,20.0,119.99999999999999,20.0,62.55272924964074,32.72975151284861,114.22459201719757,45.439697286162605,85.91541123231603,35.087856484914965,97.53088316708984,59.55620406387344
120.0,500.0,58.59750221033434,55.27925142276624,4.986313481924669,28.443465478277947,32.20875713361245,6.580401820989456,39.262306054545846,45.08312330904238,119.99999999999999,20.0,119.99999999999999,20.0,119.99999999999999,20.0,119.99999999999999,20.0,62.55272924964074,32.72975151284861,114.22459201719757,45.439697286162605,97.53088316708984,59.55620406387344,85.91541123231603,35.087856484914965
120.0,500.0,58.59750221033434,55.27925142276624,39.262306054545846,45.08312330904238,4.986313481924669,28.443465478277947,32.20875713361245,6.580401820989456,119.99999999999999,20.0,119.99999999999999,20.0,119.99999999999999,20.0,119.99999999999999,20.0,62.55272924964074,32.72975151284861,85.91541123231603,35.087856484914965,114.22459201719757,45.439697286162605,97.53088316708984,59.55620406387344
120.0,500.0,58.59750221033434,55.27925142276624,39.262306054545846,45.08312330904238,32.20875713361245,6.580401820989456,4.986313481924669,28.443465478277947,119.99999999999999,20.0,119.99999999999999,20.0,119.99999999999999,20.0,119.99999999999999,20.0,62.55272924964074,32.72975151284861,85.91541123231603,35.087856484914965,97.53088316708984,59.55620406387344,114.22459201719757,45.439697286162605
120.0,500.0,58.59750221033434,55.27925142276624,32.20875713361245,6.580401820989456,4.986313481924669,28.443465478277947,39.262306054545846,45.08312330904238,119.99999999999999,20.0,119.99999999999999,20.0,119.99999999999999,20.0,119.99999999999999,20.0,62.55272924964074,32.72975151284861,97.53088316708984,59.55620406387344,114.22459201719757,45.439697286162605,85.91541123231603,35.087856484914965
120.0,500.0,58.59750221033434,55.27925142276624,32.20875713361245,6.580401820989456,39.262306054545846,45.08312330904238,4.986313481924669,28.443465478277947,119.99999999999999,20.0,119.99999999999999,20.0,119.99999999999999,20.0,119.99999999999999,20.0,62.55272924964074,32.72975151284861,97.53088316708984,59.55620406387344,85.91541123231603,35.087856484914965,114.22459201719757,45.439697286162605
120.0,500.0,5.211348800272397,8.376148412347781,57.369293262625085,17.95851595357707,36.03274430982172,41.498665211570525,9.102339826940264,33.941225583291185,120.0,0.0,120.0,0.0,60.0,20.0,120.0,0.0,79.36314907149384,25.4944720260559,65.75389361937474,20.32634235224988,71.984409408839,14.12699570710176,85.10897265298055,16.44373449108215
120.0,500.0,5.211348800272397,8.376148412347781,9.102339826940264,33.941225583291185,57.369293262625085,17.95851595357707,36.03274430982172,41.498665211570525,120.0,0.0,120.0,0.0,120.0,0.0,60.0,20.0,79.36314907149384,25.4944720260559,85.10897265298055,16.44373449108215,65.75389361937474,20.32634235224988,71.984409408839,14.12699570710176
120.0,500.0,5.211348800272397,8.376148412347781,9.102339826940264,33.941225583291185,36.03274430982172,41.498665211570525,57.369293262625085,17.95851595357707,120.0,0.0,120.0,0.0,60.0,20.0,120.0,0.0,79.36314907149384,25.4944720260559,85.10897265298055,16.44373449108215,71.984409408839,14.12699570710176,65.75389361937474,20.32634235224988
120.0,500.0,5.211348800272397,8.376148412347781,36.03274430982172,41.498665211570525,57.369293262625085,17.95851595357707,9.102339826940264,33.941225583291185,120.0,0.0,60.0,20.0,120.0,0.0,120.0,0.0,79.36314907149384,25.4944720260559,71.984409408839,14.12699570710176,65.75389361937474,20.32634235224988,85.10897265298055,16.44373449108215
120.0,500.0,5.211348800272397,8.376148412347781,36.03274430982172,41.498665211570525,9.102339826940264,33.941225583291185,57.369293262625085,17.95851595357707,120.0,0.0,60.0,20.0,120.0,0.0,120.0,0.0,79.36314907149384,25.4944720260559,71.984409408839,14.12699570710176,85.10897265298055,16.44373449108215,65.75389361937474,20.32634235224988
120.0,500.0,57.369293262625085,17.95851595357707,5.211348800272397,8.376148412347781,9.102339826940264,33.941225583291185,36.03274430982172,41.498665211570525,120.0,0.0,120.0,0.0,120.0,0.0,60.0,20.0,65.75389361937474,20.32634235224988,79.36314907149384,25.4944720260559,85.10897265298055,16.44373449108215,71.984409408839,14.12699570710176
120.0,500.0,57.369293262625085,17.95851595357707,5.211348800272397,8.376148412347781,36.03274430982172,41.498665211570525,9.102339826940264,33.941225583291185,120.0,0.0,120.0,0.0,60.0,20.0,120.0,0.0,65.75389361937474,20.32634235224988,79.36314907149384,25.4944720260559,71.984409408839,14.12699570710176,85.10897265298055,16.44373449108215
120.0,500.0,57.369293262625085,17.95851595357707,9.102339826940264,33.941225583291185,5.211348800272397,8.376148412347781,36.03274430982172,41.498665211570525,120.0,0.0,120.0,0.0,120.0,0.0,60.0,20.0,65.75389361937474,20.32634235224988,85.10897265298055,16.44373449108215,79.36314907149384,25.4944720260559,71.984409408839,14.12699570710176
120.0,500.0,57.369293262625085,17.95851595357707,9.102339826940264,33.941225583291185,36.03274430982172,41.498665211570525,5.211348800272397,8.376148412347781,120.0,0.0,120.0,0.0,60.0,20.0,120.0,0.0,65.75389361937474,20.32634235224988,85.10897265298055,16.44373449108215,71.984409408839,14.12699570710176,79.36314907149384,25.4944720260559
120.0,500.0,57.369293262625085,17.95851595357707,36.03274430982172,41.498665211570525,5.211348800272397,8.376148412347781,9.102339826940264,33.941225583291185,120.0,0.0,60.0,20.0,120.0,0.0,120.0,0.0,65.75389361937474,20.32634235224988,71.984409408839,14.12699570710176,79.36314907149384,25.4944720260559,85.10897265298055,16.44373449108215
120.0,500.0,57.369293262625085,17.95851595357707,36.03274430982172,41.498665211570525,9.102339826940264,33.941225583291185,5.211348800272397,8.376148412347781,120.0,0.0,60.0,20.0,120.0,0.0,120.0,0.0,65.75389361937474,20.32634235224988,71.984409408839,14.12699570710176,85.10897265298055,16.44373449108215,79.36314907149384,25.4944720260559
120.0,500.0,9.102339826940264,33.941225583291185,5.211348800272397,8.376148412347781,57.369293262625085,17.95851595357707,36.03274430982172,41.498665211570525,120.0,0.0,120.0,0.0,120.0,0.0,60.0,20.0,85.10897265298055,16.44373449108215,79.36314907149384,25.4944720260559,65.75389361937474,20.32634235224988,71.984409408839,14.12699570710176
120.0,500.0,9.102339826940264,33.941225583291185,5.211348800272397,8.376148412347781,36.03274430982172,41.498665211570525,57.369293262625085,17.95851595357707,120.0,0.0,120.0,0.0,60.0,20.0,120.0,0.0,85.10897265298055,16.44373449108215,79.36314907149384,25.4944720260559,71.984409408839,14.12699570710176,65.75389361937474,20.32634235224988
120.0,500.0,9.102339826940264,33.941225583291185,57.369293262625085,17.95851595357707,5.211348800272397,8.376148412347781,36.03274430982172,41.498665211570525,120.0,0.0,120.0,0.0,120.0,0.0,60.0,20.0,85.10897265298055,16.44373449108215,65.75389361937474,20.32634235224988,79.36314907149384,25.4944720260559,71.984409408839,14.12699570710176
120.0,500.0,9.102339826940264,33.941225583291185,57.369293262625085,17.95851595357707,36.03274430982172,41.498665211570525,5.211348800272397,8.376148412347781,120.0,0.0,120.0,0.0,60.0,20.0,120.0,0.0,85.10897265298055,16.44373449108215,65.75389361937474,20.32634235224988,71.984409408839,14.12699570710176,79.36314907149384,25.4944720260559
120.0,500.0,9.102339826940264,33.941225583291185,36.03274430982172,41.498665211570525,5.211348800272397,8.376148412347781,57.369293262625085,17.95851595357707,120.0,0.0,60.0,20.0,120.0,0.0,120.0,0.0,85.10897265298055,16.44373449108215,71.984409408839,14.12699570710176,79.36314907149384,25.4944720260559,65.75389361937474,20.32634235224988
120.0,500.0,9.102339826940264,33.941225583291185,36.03274430982172,41.498665211570525,57.369293262625085,17.95851595357707,5.211348800272397,8.376148412347781,120.0,0.0,60.0,20.0,120.0,0.0,120.0,0.0,85.10897265298055,16.44373449108215,71.984409408839,14.12699570710176,65.75389361937474,20.32634235224988,79.36314907149384,25.4944720260559
120.0,500.0,36.03274430982172,41.498665211570525,5.211348800272397,8.376148412347781,57.369293262625085,17.95851595357707,9.102339826940264,33.941225583291185,60.0,20.0,120.0,0.0,120.0,0.0,120.0,0.0,71.984409408839,14.12699570710176,79.36314907149384,25.4944720260559,65.75389361937474,20.32634235224988,85.10897265298055,16.44373449108215
120.0,500.0,36.03274430982172,41.498665211570525,5.211348800272397,8.376148412347781,9.102339826940264,33.941225583291185,57.369293262625085,17.95851595357707,60.0,20.0,120.0,0.0,120.0,0.0,120.0,0.0,71.984409408839,14.12699570710176,79.36314907149384,25.4944720260559,85.10897265298055,16.44373449108215,65.75389361937474,20.32634235224988
120.0,500.0,36.03274430982172,41.498665211570525,57.369293262625085,17.95851595357707,5.211348800272397,8.376148412347781,9.102339826940264,33.941225583291185,60.0,20.0,120.0,0.0,120.0,0.0,120.0,0.0,71.984409408839,14.12699570710176,65.75389361937474,20.32634235224988,79.36314907149384,25.4944720260559,85.10897265298055,16.44373449108215
120.0,500.0,36.03274430982172,41.498665211570525,57.369293262625085,17.95851595357707,9.102339826940264,33.941225583291185,5.211348800272397,8.376148412347781,60.0,20.0,120.0,0.0,120.0,0.0,120.0,0.0,71.984409408839,14.12699570710176,65.75389361937474,20.32634235224988,85.10897265298055,16.44373449108215,79.36314907149384,25.4944720260559
120.0,500.0,36.03274430982172,41.498665211570525,9.102339826940264,33.941225583291185,5.211348800272397,8.376148412347781,57.369293262625085,17.95851595357707,60.0,20.0,120.0,0.0,120.0,0.0,120.0,0.0,71.984409408839,14.12699570710176,85.10897265298055,16.44373449108215,79.36314907149384,25.4944720260559,65.75389361937474,20.32634235224988
120.0,500.0,36.03274430982172,41.498665211570525,9.102339826940264,33.941225583291185,57.369293262625085,17.95851595357707,5.211348800272397,8.376148412347781,60.0,20.0,120.0,0.0,120.0,0.0,120.0,0.0,71.984409408839,14.12699570710176,85.10897265298055,16.44373449108215,65.75389361937474,20.32634235224988,79.36314907149384,25.4944720260559
120.0,500.0,44.34573782095048,36.33570249394532,0.3037399981834165,56.947888135775045,59.54855169804455,1.5227202548656282,20.561475412279616,42.77581139119352,80.0,60.0,80.0,60.0,80.0,60.0,80.0,60.0,99.31958138916532,25.80815568941728,100.86584716454276,25.65262279576093,88.15507698693936,36.78870171016068,108.53147464836871,29.52509422397264
120.0,500.0,44.34573782095048,36.33570249394532,20.561475412279616,42.77581139119352,0.3037399981834165,56.947888135775045,59.54855169804455,1.5227202548656282,80.0,60.0,80.0,60.0,80.0,60.0,80.0,60.0,99.31958138916532,25.80815568941728,108.53147464836871,29.52509422397264,100.86584716454276,25.65262279576093,88.15507698693936,36.78870171016068
120.0,500.0,44.34573782095048,36.33570249394532,20.561475412279616,42.77581139119352,59.54855169804455,1.5227202548656282,0.3037399981834165,56.947888135775045,80.0,60.0,80.0,60.0,80.0,60.0,80.0,60.0,99.31958138916532,25.80815568941728,108.53147464836871,29.52509422397264,88.15507698693936,36.78870171016068,100.86584716454276,25.65262279576093
120.0,500.0,44.34573782095048,36.33570249394532,59.54855169804455,1.5227202548656282,0.3037399981834165,56.947888135775045,20.561475412279616,42.77581139119352,80.0,60.0,80.0,60.0,80.0,60.0,80.0,60.0,99.31958138916532,25.80815568941728,88.15507698693936,36.78870171016068,100.86584716454276,25.65262279576093,108.53147464836871,29.52509422397264
120.0,500.0,44.34573782095048,36.33570249394532,59.54855169804455,1.5227202548656282,20.561475412279616,42.77581139119352,0.3037399981834165,56.947888135775045,80.0,60.0,80.0,60.0,80.0,60.0,80.0,60.0,99.31958138916532,25.80815568941728,88.15507698693936,36.78870171016068,108.53147464836871,29.52509422397264,100.86584716454276,25.65262279576093
120.0,500.0,0.3037399981834165,56.947888135775045,44.34573782095048,36.33570249394532,20.561475412279616,42.77581139119352,59.54855169804455,1.5227202548656282,80.0,60.0,80.0,60.0,80.0,60.0,80.0,60.0,100.86584716454276,25.65262279576093,99.31958138916532,25.80815568941728,108.53147464836871,29.52509422397264,88.15507698693936,36.78870171016068
120.0,500.0,0.3037399981834165,56.947888135775045,44.34573782095048,36.33570249394532,59.54855169804455,1.5227202548656282,20.561475412279616,42.77581139119352,80.0,60.0,80.0,60.0,80.0,60.0,80.0,60.0,100.86584716454276,25.65262279576093,99.31958138916532,25.80815568941728,88.15507698693936,36.78870171016068,108.53147464836871,29.52509422397264
120.0,500.0,0.3037399981834165,56.947888135775045,20.561475412279616,42.77581139119352,44.34573782095048,36.33570249394532,59.54855169804455,1.5227202548656282,80.0,60.0,80.0,60.0,80.0,60.0,80.0,60.0,100.86584716454276,25.65262279576093,108.53147464836871,29.52509422397264,99.31958138916532,25.80815568941728,88.15507698693936,36.78870171016068
120.0,500.0,0.3037399981834165,56.947888135775045,20.561475412279616,42.77581139119352,59.54855169804455,1.5227202548656282,44.34573782095048,36.33570249394532,80.0,60.0,80.0,60.0,80.0,60.0,80.0,60.0,100.86584716454276,25.65262279576093,108.53147464836871,29.52509422397264,88.15507698693936,36.78870171016068,99.31958138916532,25.80815568941728
120.0,500.0,0.3037399981834165,56.947888135775045,59.54855169804455,1.5227202548656282,44.34573782095048,36.33570249394532,20.561475412279616,42.77581139119352,80.0,60.0,80.0,60.0,80.0,60.0,80.0,60.0,100.86584716454276,25.65262279576093,88.15507698693936,36.78870171016068,99.31958138916532,25.80815568941728,108.53147464836871,29.52509422397264
120.0,500.0,0.3037399981834165,56.947888135775045,59.54855169804455,1.5227202548656282,20.561475412279616,42.77581139119352,44.34573782095048,36.33570249394532,80.0,60.0,80.0,60.0,80.0,60.0,80.0,60.0,100.86584716454276,25.65262279576093,88.15507698693936,36.78870171016068,108.53147464836871,29.52509422397264,99.31958138916532,25.80815568941728
120.0,500.0,20.561475412279616,42.77581139119352,44.34573782095048,36.33570249394532,0.3037399981834165,56.947888135775045,59.54855169804455,1.5227202548656282,80.0,60.0,80.0,60.0,80.0,60.0,80.0,60.0,108.53147464836871,29.52509422397264,99.31958138916532,25.80815568941728,100.86584716454276,25.65262279576093,88.15507698693936,36.78870171016068
120.0,500.0,20.561475412279616,42.77581139119352,44.34573782095048,36.33570249394532,59.54855169804455,1.5227202548656282,0.3037399981834165,56.947888135775045,80.0,60.0,80.0,60.0,80.0,60.0,80.0,60.0,108.53147464836871,29.52509422397264,99.31958138916532,25.80815568941728,88.15507698693936,36.78870171016068,100.86584716454276,25.65262279576093
120.0,500.0,20.561475412279616,42.77581139119352,0.3037399981834165,56.947888135775045,44.34573782095048,36.33570249394532,59.54855169804455,1.5227202548656282,80.0,60.0,80.0,60.0,80.0,60.0,80.0,60.0,108.53147464836871,29.52509422397264,100.86584716454276,25.65262279576093,99.31958138916532,25.80815568941728,88.15507698693936,36.78870171016068
120.0,500.0,20.561475412279616,42.77581139119352,0.3037399981834165,56.947888135775045,59.54855169804455,1.5227202548656282,44.34573782095048,36.33570249394532,80.0,60.0,80.0,60.0,80.0,60.0,80.0,60.0,108.53147464836871,29.52509422397264,100.86584716454276,25.65262279576093,88.15507698693936,36.78870171016068,99.31958138916532,25.80815568941728
120.0,500.0,20.561475412279616,42.77581139119352,59.54855169804455,1.5227202548656282,44.34573782095048,36.33570249394532,0.3037399981834165,56.947888135775045,80.0,60.0,80.0,60.0,80.0,60.0,80.0,60.0,108.53147464836871,29.52509422397264,88.15507698693936,36.78870171016068,99.31958138916532,25.80815568941728,100.86584716454276,25.65262279576093
120.0,500.0,20.561475412279616,42.77581139119352,59.54855169804455,1.5227202548656282,0.3037399981834165,56.947888135775045,44.34573782095048,36.33570249394532,80.0,60.0,80.0,60.0,80.0,60.0,80.0,60.0,108.53147464836871,29.52509422397264,88.15507698693936,36.78870171016068,100.86584716454276,25.65262279576093,99.31958138916532,25.80815568941728
120.0,500.0,59.54855169804455,1.5227202548656282,44.34573782095048,36.33570249394532,0.3037399981834165,56.947888135775045,20.561475412279616,42.77581139119352,80.0,60.0,80.0,60.0,80.0,60.0,80.0,60.0,88.15507698693936,36.78870171016068,99.31958138916532,25.80815568941728,100.86584716454276,25.65262279576093,108.53147464836871,29.52509422397264
120.0,500.0,59.54855169804455,1.5227202548656282,44.34573782095048,36.33570249394532,20.561475412279616,42.77581139119352,0.3037399981834165,56.947888135775045,80.0,60.0,80.0,60.0,80.0,60.0,80.0,60.0,88.15507698693936,36.78870171016068,99.31958138916532,25.80815568941728,108.53147464836871,29.52509422397264,100.86584716454276,25.65262279576093
120.0,500.0,59.54855169804455,1.5227202548656282,0.3037399981834165,56.947888135775045,44.34573782095048,36.33570249394532,20.561475412279616,42.77581139119352,80.0,60.0,80.0,60.0,80.0,60.0,80.0,60.0,88.15507698693936,36.78870171016068,100.86584716454276,25.65262279576093,99.31958138916532,25.80815568941728,108.53147464836871,29.52509422397264
120.0,500.0,59.54855169804455,1.5227202548656282,0.3037399981834165,56.947888135775045,20.561475412279616,42.77581139119352,44.34573782095048,36.33570249394532,80.0,60.0,80.0,60.0,80.0,60.0,80.0,60.0,88.15507698693936,36.78870171016068,100.86584716454276,25.65262279576093,108.53147464836871,29.52509422397264,99.31958138916532,25.80815568941728
120.0,500.0,59.54855169804455,1.5227202548656282,20.561475412279616,42.77581139119352,44.34573782095048,36.33570249394532,0.3037399981834165,56.947888135775045,80.0,60.0,80.0,60.0,80.0,60.0,80.0,60.0,88.15507698693936,36.78870171016068,108.53147464836871,29.52509422397264,99.31958138916532,25.80815568941728,100.86584716454276,25.65262279576093
120.0,500.0,59.54855169804455,1.5227202548656282,20.561475412279616,42.77581139119352,0.3037399981834165,56.947888135775045,44.34573782095048,36.33570249394532,80.0,60.0,80.0,60.0,80.0,60.0,80.0,60.0,88.15507698693936,36.78870171016068,108.53147464836871,29.52509422397264,100.86584716454276,25.65262279576093,99.31958138916532,25.80815568941728
