=== Epoch 1 ===
gen	avg	max	min	std
0	2598966.0324	33093970.4736	0.0000	6040856.5192
1	4962244.8496	56116577.8977	0.0000	10288255.6426
2	6297708.7916	56116577.8977	0.0000	10274644.3518
3	8103226.5541	38113938.6287	0.0000	10210745.7614
4	9781431.0871	34978602.2948	0.0000	10482786.8917
5	11187599.2385	45291797.2770	0.0000	12178222.2293
6	14171865.8235	45419698.5406	0.0000	13689742.0995
7	11764612.4921	45419698.5406	0.0000	14325045.4349
8	16025124.6949	53138228.7942	0.0000	15934388.1977
9	18864340.8155	53138228.7942	0.0000	17771436.4453
10	24482330.4108	53138228.7942	0.0000	18519851.0874
11	34555604.2161	57365857.3456	0.0000	16800456.4339
12	40741995.9364	57365857.3456	0.0000	16253731.5429
13	43632368.1416	61051854.3732	0.0000	15796685.8307
14	48481875.7126	61051854.3732	0.0000	14002312.7555
15	50753614.2354	61051854.3732	0.0000	17007739.7499
16	54948868.7995	61051854.3732	0.0000	14479745.6272
17	56493683.6723	61051854.3732	0.0000	15091322.6063
18	54163283.4679	61051854.3732	0.0000	18653523.2379
19	58196845.3729	61051854.3732	0.0000	11808315.2225
20	56989290.0734	61051854.3732	0.0000	13795680.3893
21	58701994.9866	61051854.3732	0.0000	10441556.9849
22	58576458.8428	61051854.3732	0.0000	10377819.7712
23	58609780.1982	61051854.3732	0.0000	11963671.2852
24	54133266.9655	61051854.3732	0.0000	18923867.8057
25	57142007.6965	61051854.3732	0.0000	14294276.9601
26	56436291.1678	61051854.3732	0.0000	14694294.7123
27	57714022.9847	61051854.3732	0.0000	13265883.7996
28	54934622.6767	61051854.3732	0.0000	17398187.2832
29	57744063.8860	61051854.3732	0.0000	13331141.1000
30	58368706.1865	61051854.3732	0.0000	11874430.9926
31	56320195.2313	61051854.3732	0.0000	15319036.8136
32	56719001.4492	61051854.3732	0.0000	15071642.2496
33	56427352.0313	61051854.3732	0.0000	15304999.6105
34	57234577.6342	66761838.1514	0.0000	14297428.1089
35	57412049.5439	66761838.1514	0.0000	13954263.2732
36	56903461.9680	66761838.1514	0.0000	16178503.1895
37	58393033.6587	66761838.1514	0.0000	14180698.5550
38	58131417.4049	66761838.1514	0.0000	17355714.1181
39	62226026.9113	66761838.1514	0.0000	13760939.7777
40	64297378.3257	66761838.1514	0.0000	11829003.7460
41	64788329.9458	66761838.1514	0.0000	10297596.9290
42	63518074.1027	66761838.1514	0.0000	14164389.0961
43	64958528.9921	66761838.1514	0.0000	9490969.5922
44	61735000.9101	66761838.1514	0.0000	16693673.0530
45	62923344.3487	66761838.1514	0.0000	14465281.5857
46	62345454.0030	66761838.1514	0.0000	15504126.4665
47	60900681.0872	66761838.1514	0.0000	18416281.8823
48	60169216.4982	66761838.1514	0.0000	19793745.9693
49	62048601.4033	66761838.1514	0.0000	16316650.7274
50	63209230.7468	66761838.1514	0.0000	14202246.6691
51	60029269.3958	66761838.1514	0.0000	19387410.8514
52	62365370.5521	66831321.4871	0.0000	16113241.6371
53	60726536.1284	66831321.4871	0.0000	18315586.0251
54	64343894.8155	66831321.4871	0.0000	11703758.8663
55	62699374.5227	66831321.4871	0.0000	15289472.6659
56	64324061.6076	66831321.4871	0.0000	12191067.6285
57	64025889.9383	66831321.4871	0.0000	12346221.5839
58	60026434.9720	66831321.4871	0.0000	18927082.9311
59	61733926.9294	66831321.4871	0.0000	17355014.1640
60	62307672.3229	66831321.4871	0.0000	15614228.2191
61	62473981.6446	66831321.4871	0.0000	16006321.1862
62	64158068.6276	66831321.4871	0.0000	13096210.9183
63	64402529.0306	66831321.4871	0.0000	12085481.1147
64	63255813.3081	66831321.4871	0.0000	14147944.3265
65	63066857.5215	66831321.4871	0.0000	15067659.0842
66	62588005.6102	66831321.4871	0.0000	15611601.0906
67	63489755.4128	66831321.4871	0.0000	14565548.8313
68	63769747.4095	66831321.4871	0.0000	13578038.2339
69	61961235.1754	74926548.6501	0.0000	17105308.7420
70	62634488.5854	74926548.6501	0.0000	16313871.1510
71	63448365.3291	74926548.6501	0.0000	17654762.1707
72	63625656.7873	74926548.6501	0.0000	19803838.6285
73	69167463.4941	74926548.6501	0.0000	16037364.0620
74	67544988.7077	74926548.6501	0.0000	21724877.6983
75	68832251.2815	74926548.6501	0.0000	19176150.7231
76	71028138.8161	74926548.6501	0.0000	15658444.0911
77	71544430.2011	74926548.6501	0.0000	14812764.7692
78	69259305.9557	74926548.6501	0.0000	18788604.3324
79	69681690.2446	74926548.6501	0.0000	19117285.3405
80	68135924.8536	74926548.6501	0.0000	20546742.9484
81	70116044.4831	74926548.6501	0.0000	16985695.4059
82	69681690.2446	74926548.6501	0.0000	19117285.3405
83	69564203.5977	74926548.6501	0.0000	17795254.2485
84	73642825.0070	74926548.6501	0.0000	9113532.9400
85	70294648.1320	74926548.6501	0.0000	17100249.2751
86	71257223.8527	74926548.6501	0.0000	16009037.9901
87	70118958.1570	74926548.6501	0.0000	17985009.9759
88	67192886.3347	74926548.6501	0.0000	22175357.7022
89	70011475.3578	74926548.6501	0.0000	17973332.2774
=== Epoch 1 ===
gen	avg	max	min	std
0	4137186.5990	39305786.7537	0.0000	8865791.8531
1	9585460.9518	49463012.2281	0.0000	12897941.2202
2	14717795.5717	49463012.2281	0.0000	15977437.1445
3	19542942.6197	52117367.4042	0.0000	17325998.6024
4	20343534.9067	58087935.0390	0.0000	17928017.9056
5	27880882.9905	58087935.0390	0.0000	19176097.3874
6	32176347.2919	58087935.0390	0.0000	19754324.5366
7	39153352.5318	62478406.3896	0.0000	18965969.5863
8	45316476.9629	62478406.3896	0.0000	18363192.8490
9	49339181.1744	65327548.1952	0.0000	19427302.9602
10	55293008.1087	65327548.1952	0.0000	15439933.9035
11	60202950.0483	62478406.3896	0.0000	10663939.3135
12	56234119.2576	62478406.3896	0.0000	17220350.8987
13	55783573.4396	62478406.3896	0.0000	17685333.8602
14	58876083.7703	68857854.2181	0.0000	14560410.1302
15	60149740.4194	68857854.2181	0.0000	11931592.0723
16	61522141.6654	68857854.2181	0.0000	12911475.9449
17	61210240.0689	68857854.2181	0.0000	17344039.0211
18	60866765.8638	78498859.6055	0.0000	21008738.1100
19	65120535.4787	78498859.6055	0.0000	15503743.9463
20	64299189.3211	78498859.6055	0.0000	17787039.0527
21	68163784.3151	78498859.6055	0.0000	12442721.4831
22	70597467.3764	78498859.6055	0.0000	12009541.1194
23	71856298.7270	78498859.6055	0.0000	16172014.2203
24	75745980.5342	78498859.6055	0.0000	12745090.9086
25	72190692.1271	78498859.6055	0.0000	20657754.0350
26	74114283.7135	78498859.6055	0.0000	17606966.9042
27	72983186.1467	78498859.6055	0.0000	19309891.1149
28	72416440.0584	78498859.6055	0.0000	20709048.5329
29	71511161.8337	78498859.6055	0.0000	21721877.1716
30	75129553.3833	78498859.6055	0.0000	15504542.5767
31	71112248.6433	78498859.6055	0.0000	22365556.6796
32	73548823.1626	78498859.6055	0.0000	18373717.2324
33	72330973.1477	78498859.6055	0.0000	20015728.2392
34	73715816.1434	78498859.6055	0.0000	17215015.9723
35	75014512.7364	78498859.6055	0.0000	14632425.6725
36	77205615.1367	78498859.6055	0.0000	9261783.3894
37	74522241.9416	78498859.6055	0.0000	15671519.3680
38	73236633.5521	78498859.6055	0.0000	19301195.6485
39	71404437.1254	78498859.6055	0.0000	21615355.5471
40	71590299.6853	78498859.6055	0.0000	21593985.1519
41	74365478.9324	78498859.6055	0.0000	17186138.0001
42	73233540.4618	78498859.6055	0.0000	17848816.0382
43	72141276.1435	78498859.6055	0.0000	19853400.6051
44	71030771.2313	78498859.6055	0.0000	21485304.3935
45	72769361.1718	78498859.6055	0.0000	20100261.4640
46	74496938.6436	78498859.6055	0.0000	15579887.5870
47	75296228.8752	78498859.6055	0.0000	14577001.9670
48	74690663.3718	78498859.6055	0.0000	15790513.2423
49	75184108.2105	78498859.6055	0.0000	14557163.1863
50	76143893.8173	78498859.6055	0.0000	13390902.3190
51	74125670.3551	78498859.6055	0.0000	17458070.4748
52	76229513.6752	78498859.6055	0.0000	12922969.9150
53	74639390.3796	78498859.6055	0.0000	15908233.3245
54	73886709.3691	78498859.6055	0.0000	18277226.2517
55	76033689.5240	78498859.6055	0.0000	11783774.9910
56	74042273.5465	79047566.0776	0.0000	17807197.3806
57	73926086.2261	79047566.0776	0.0000	18202490.3804
58	73013486.0769	79047566.0776	0.0000	19382956.7616
59	72569439.8946	79047566.0776	0.0000	20741657.9832
60	74681733.7428	79047566.0776	0.0000	16841467.2434
61	74435470.9120	79047566.0776	0.0000	17213861.4266
62	74788066.7281	79047566.0776	0.0000	16960609.6540
63	72867596.9106	79047566.0776	0.0000	20023792.3460
64	74700411.2458	79047566.0776	0.0000	17365839.9872
65	75126635.5759	79047566.0776	0.0000	16243872.2756
66	71648607.8284	79047566.0776	0.0000	21421367.8351
67	73195465.0939	79047566.0776	0.0000	19414954.4514
68	76335286.2765	79047566.0776	0.0000	13846195.6427
69	71547554.3426	79047566.0776	0.0000	22588973.8797
70	72814593.4215	79047566.0776	0.0000	20387256.9869
71	72312546.6523	79047566.0776	0.0000	21590614.1123
72	72404064.9663	79047566.0776	0.0000	21355696.6944
73	71160282.0368	79047566.0776	0.0000	22631195.6106
74	71735092.0958	79047566.0776	0.0000	22446288.3537
75	72580413.9018	79047566.0776	0.0000	20265068.0142
76	73034671.5719	79047566.0776	0.0000	20597077.1300
77	73075199.5551	79047566.0776	0.0000	20305069.3853
78	71424069.4489	79047566.0776	0.0000	22449990.7357
79	75885663.4345	79047566.0776	0.0000	15490096.1839
80	76922710.3302	79047566.0776	0.0000	12249022.1880
81	71529905.6629	79047566.0776	0.0000	22850008.1978
82	74089209.7592	79047566.0776	0.0000	18840644.6608
83	71853741.0433	92056693.8389	0.0000	21667169.0622
84	78234843.6120	92056693.8389	0.0000	10748929.6239
85	78218669.5545	92056693.8389	0.0000	15491908.1917
86	78030392.4500	92056693.8389	0.0000	22772698.6582
87	82994942.4023	92056693.8389	0.0000	21629851.3935
88	87776587.9056	92056693.8389	0.0000	15982893.1591
89	85612725.2702	92056693.8389	0.0000	23487990.7767
90	83776138.1823	92056693.8389	0.0000	25685119.9711
91	89366091.3964	92056693.8389	0.0000	14853547.4933
92	85043643.4270	92056693.8389	0.0000	23879616.4254
93	87292681.1583	92056693.8389	0.0000	19253875.4756
94	86865101.8710	92056693.8389	0.0000	20770956.4023
95	87123481.4807	92056693.8389	0.0000	20019886.7459
96	90641893.9767	92056693.8389	0.0000	10352261.0310
97	85292854.4119	92056693.8389	0.0000	23243877.5479
98	84946193.9437	92056693.8389	0.0000	21906702.9884
99	88941869.7969	92056693.8389	0.0000	16031235.7271
=== Epoch 1 ===
gen	avg	max	min	std
0	1876929.8184	38134099.8898	0.0000	6131617.7405
1	5131055.3237	48012236.4411	0.0000	10520093.6868
2	10169361.9200	50627005.7698	0.0000	13592023.7899
3	12881572.3924	57148784.8062	0.0000	14153280.7387
4	18758182.4490	67812818.5436	0.0000	15058185.4697
5	23372716.3117	47297691.5290	0.0000	14069174.7163
6	28401295.9829	47322143.2591	0.0000	15396415.6610
7	32161667.2371	53099225.7009	0.0000	15755352.1029
8	35009324.7013	53099225.7009	0.0000	15701096.2878
9	34934124.9960	53099225.7009	0.0000	16498550.4369
10	34734633.4464	53099225.7009	0.0000	18451858.8247
11	40520537.3356	54567642.4082	0.0000	16433856.2598
12	44144642.7504	54567642.4082	0.0000	15231598.7603
13	44660455.6671	54567642.4082	0.0000	17200948.4248
14	50743171.1865	60159077.5266	0.0000	10631307.8441
15	50852524.6662	60159077.5266	0.0000	10856146.8061
16	52382842.1942	60159077.5266	0.0000	9523769.2318
17	49976862.5111	60419924.6410	0.0000	14699900.9833
18	51270876.5598	60419924.6410	0.0000	13890647.0064
19	52941028.6583	60419924.6410	0.0000	12770328.7196
20	55614456.4592	60419924.6410	0.0000	10002261.8549
21	57666643.3687	60419924.6410	0.0000	11226295.7819
22	55427497.9442	60419924.6410	0.0000	16127466.0836
23	55173785.3295	60419924.6410	0.0000	16779236.3230
24	54982131.4233	60419924.6410	0.0000	17291080.3985
25	55948546.7735	60419924.6410	0.0000	15537119.2520
26	59133120.9173	60419924.6410	0.0000	7458590.0718
27	55586330.6697	60419924.6410	0.0000	16391514.6588
28	57398928.4089	60419924.6410	0.0000	13168217.2843
29	56574253.3289	60419924.6410	0.0000	13658604.8529
30	54701473.5756	60419924.6410	0.0000	17079115.8791
31	55807876.0769	60419924.6410	0.0000	15219389.5305
32	57251243.4953	60419924.6410	0.0000	13216236.5236
33	56686432.5519	60419924.6410	0.0000	14341855.9654
34	55809290.9440	60419924.6410	0.0000	15773905.1237
35	55928792.5511	60419924.6410	0.0000	15563421.4724
36	55263083.2632	67701322.9845	0.0000	16298252.6832
37	55114447.1758	67701322.9845	0.0000	17080592.4734
38	57207834.0630	68940353.7492	0.0000	14826814.6909
39	60107580.9759	68940353.7492	0.0000	12885601.0220
40	62474722.4060	68940353.7492	0.0000	13252883.3209
41	61399398.0083	68940353.7492	0.0000	18106836.5590
42	63000721.8892	68940353.7492	0.0000	17569587.0309
43	64000306.2079	68940353.7492	0.0000	16401084.5816
44	65171482.9136	68940353.7492	0.0000	14496519.5769
45	65030433.6188	70095370.3504	0.0000	15532639.1422
46	64443128.3171	70095370.3504	0.0000	16751709.4712
47	65597287.5559	70095370.3504	0.0000	15052660.6579
48	65122905.9451	70095370.3504	0.0000	15675081.1257
49	66627855.6967	70095370.3504	0.0000	13786621.6729
50	65786433.9883	70095370.3504	0.0000	15984660.1456
51	64871225.7802	70095370.3504	0.0000	18055900.1959
52	67231349.0521	70095370.3504	0.0000	12991488.9443
53	67557773.4288	70095370.3504	0.0000	12643613.1208
54	62876710.0281	70095370.3504	0.0000	20707901.1213
55	65368709.8198	70095370.3504	0.0000	16778171.2743
56	65337503.4039	75038789.4637	0.0000	17566970.4848
57	66087384.8940	75038789.4637	0.0000	16724688.4861
58	69070423.6475	75038789.4637	25714770.3334	7573791.3483
59	67774414.6442	75038789.4637	0.0000	15154622.7399
60	69262552.5865	75038789.4637	0.0000	15544303.0954
61	68494422.0538	75038789.4637	0.0000	18469536.8553
62	72121095.9780	75038789.4637	0.0000	14312157.7726
63	72471273.4823	75038789.4637	0.0000	12773103.7384
64	71351650.2580	75038789.4637	0.0000	15141914.3597
65	68998042.0563	75038789.4637	0.0000	19783080.8697
66	71605791.0223	75038789.4637	0.0000	14536530.2104
67	69421057.5484	75038789.4637	0.0000	19246021.2691
68	71533823.7199	75038789.4637	0.0000	14853945.5565
69	69915512.2701	75038789.4637	0.0000	17965799.7000
70	72037237.8851	75038789.4637	0.0000	14704539.6082
71	69035686.3066	75038789.4637	0.0000	20357513.2671
72	70997953.0572	75038789.4637	0.0000	16539612.4850
73	72037237.8851	75038789.4637	0.0000	14704539.6082
74	67941781.6758	75038789.4637	0.0000	21464550.3067
75	71845983.1117	75038789.4637	0.0000	14353059.2376
76	68760458.9920	75038789.4637	0.0000	19728135.8947
77	70976699.2302	75038789.4637	0.0000	16503726.3122
78	69087827.6028	75038789.4637	0.0000	19831509.3260
79	72981932.2848	75038789.4637	0.0000	10552787.3153
80	71984082.0602	75038789.4637	0.0000	14372808.5214
81	66492859.1472	75038789.4637	0.0000	22573476.5463
82	71164166.1063	75038789.4637	0.0000	15759684.9424
83	71700221.6586	75038789.4637	0.0000	14809741.1427
84	69035686.3066	75038789.4637	0.0000	20357513.2671
85	69007586.7070	75038789.4637	0.0000	19753707.0320
86	67733858.5126	75038789.4637	0.0000	20735096.7938
87	69762303.2812	75038789.4637	0.0000	18590450.1263
88	71038960.5733	75038789.4637	0.0000	16279549.9908
89	69293903.3350	75038789.4637	0.0000	19631018.6749
90	72635986.1419	75038789.4637	0.0000	12268141.4451
91	72374240.5294	75038789.4637	0.0000	12326817.0712
92	69354998.6935	75038789.4637	0.0000	18798518.9240
93	72878137.6950	75038789.4637	0.0000	11651128.8990
94	68270656.5475	75038789.4637	0.0000	20654527.3764
95	70036933.0523	75038789.4637	0.0000	17605963.6303
96	69786074.2012	75038789.4637	0.0000	19145923.2492
97	69775858.8863	75038789.4637	0.0000	19143390.2874
98	70238862.9047	75038789.4637	0.0000	17516039.8403
99	70055893.1127	75038789.4637	0.0000	18333428.3255
=== Epoch 2 ===
gen	avg	max	min	std
0	4261026.1318	44376516.3697	0.0000	10527779.6667
1	6754016.9714	44738313.6795	0.0000	13226995.1879
2	10816090.2778	44738313.6795	0.0000	15103865.7827
3	16110013.8655	46159904.7034	0.0000	16489881.9772
4	20087525.6005	57906871.3949	0.0000	19025184.9068
5	24606532.7627	57906871.3949	0.0000	20608720.6069
6	27315236.1900	53005428.4838	0.0000	20444013.7794
7	31516775.1608	53005428.4838	0.0000	19478356.0383
8	37243946.3701	57906871.3949	0.0000	16270199.5097
9	32924655.4941	62945394.4201	0.0000	21761835.1478
10	37798432.1077	62945394.4201	0.0000	20834941.6342
11	38340152.0531	62945394.4201	0.0000	21935073.4717
12	35960122.6067	62945394.4201	0.0000	24395781.5151
13	34117336.6711	62945394.4201	0.0000	26627833.8667
14	46046346.9895	62945394.4201	0.0000	22124550.6850
15	56396241.9753	62945394.4201	0.0000	11615221.8115
16	58493838.4780	62945394.4201	0.0000	12425106.8537
17	59915710.6281	62945394.4201	0.0000	12523821.6625
18	62659246.1164	62945394.4201	42441188.7276	2186359.0706
19	59798124.6991	62945394.4201	0.0000	13718630.6619
20	58101227.7945	62945394.4201	0.0000	16262675.9002
21	59288693.9797	62945394.4201	0.0000	13649201.6395
22	55964908.9054	62945394.4201	0.0000	19683126.0905
23	58703260.1530	62945394.4201	0.0000	15536806.6352
24	57710096.2647	62945394.4201	0.0000	17133246.7066
25	58450265.9013	62945394.4201	0.0000	15428545.0661
26	59518476.7371	62945394.4201	0.0000	13934944.1117
27	59707586.4874	62945394.4201	0.0000	12817255.1481
28	59740903.9317	62945394.4201	0.0000	13058041.8540
29	60292418.6735	66280264.0659	0.0000	12425673.3199
30	60122318.1941	66280264.0659	0.0000	13029104.6837
31	58945595.5662	66280264.0659	0.0000	15963234.1142
32	62159720.3882	66280264.0659	0.0000	11475839.1551
33	62590032.3622	66280264.0659	0.0000	13186192.6112
34	61486682.9495	66280264.0659	0.0000	16914570.7632
35	60862903.1872	66280264.0659	0.0000	17983859.1013
36	64262837.0212	66280264.0659	0.0000	10383172.4729
37	62420009.0405	66280264.0659	0.0000	14710010.8740
38	60645256.8880	66280264.0659	0.0000	18186641.1060
39	64000853.3224	66280264.0659	0.0000	11446371.0735
40	64832591.4077	66280264.0659	0.0000	9341078.9751
41	63456115.6713	66280264.0659	0.0000	12095658.1663
42	61072067.5435	77210376.0168	0.0000	17250803.2762
43	63496889.4102	77210376.0168	0.0000	11795309.7953
44	62858893.7501	77210376.0168	0.0000	15426648.9706
45	63396459.4171	77210376.0168	0.0000	16346706.3885
46	65587664.6363	77210376.0168	0.0000	14293645.4292
47	67094651.0108	77210376.0168	0.0000	16910180.0303
48	69219813.6561	77210376.0168	0.0000	20813458.9060
49	72711246.4425	77210376.0168	0.0000	17522599.2865
50	74391954.8708	77210376.0168	0.0000	12953251.0621
51	69489338.4151	77210376.0168	0.0000	23163112.8050
52	71966281.9470	77210376.0168	0.0000	18011533.7539
53	75545012.3597	77210376.0168	0.0000	9285569.0160
54	73537138.5081	77210376.0168	0.0000	14591993.5962
55	75884566.7681	77210376.0168	0.0000	9308763.2106
56	74121960.9761	77210376.0168	0.0000	15130081.9272
57	72620267.1666	77210376.0168	0.0000	17205239.1722
58	72577753.4558	77210376.0168	0.0000	18336448.3498
59	72162539.9277	77210376.0168	0.0000	18656201.6937
60	73307072.2696	77210376.0168	0.0000	16033122.2226
61	71549121.8002	77210376.0168	0.0000	19794741.9365
62	73851176.4064	77210376.0168	0.0000	15313585.2394
63	70985932.1497	77210376.0168	0.0000	20937965.0152
64	70378623.9124	77210376.0168	0.0000	21255877.7381
65	74506991.5728	77210376.0168	0.0000	13657142.4857
66	70436325.9284	77210376.0168	0.0000	21603119.9657
67	71247291.8298	77210376.0168	0.0000	19504641.4568
68	71450418.3578	77210376.0168	0.0000	19426216.2885
69	72868729.8269	77210376.0168	0.0000	17388805.9694
70	74121960.9761	77210376.0168	0.0000	15130081.9272
71	74294351.7180	77210376.0168	0.0000	13227912.2245
72	74992890.9418	77210376.0168	0.0000	11738900.3369
73	70889429.6665	81848998.8440	0.0000	20954626.7713
74	72832899.4240	81848998.8440	0.0000	15772247.0241
75	75008942.5519	81848998.8440	0.0000	13340135.4463
76	73912443.6980	81848998.8440	0.0000	16362223.9616
77	73247589.7398	81848998.8440	0.0000	20192358.8891
78	78760843.2194	81848998.8440	0.0000	12709514.9669
79	77968138.9379	81848998.8440	0.0000	16257057.6719
80	75503385.9267	81848998.8440	0.0000	21602070.4624
81	79034710.0544	81848998.8440	0.0000	14350353.0210
82	78803838.0286	81848998.8440	0.0000	15049195.4547
83	78575038.8903	81848998.8440	0.0000	16039062.6500
84	77479931.4166	81848998.8440	0.0000	17986825.8377
85	79630837.8564	81848998.8440	0.0000	12133763.1000
86	78940793.0363	81848998.8440	0.0000	14595104.3721
87	80212018.8671	81848998.8440	0.0000	11458859.8382
88	79393528.8787	81848998.8440	0.0000	13962393.2620
89	76119837.4561	81848998.8440	0.0000	20070464.2145
90	77595904.4619	81848998.8440	0.0000	17042984.2307
91	75594896.1422	81848998.8440	0.0000	20644638.3059
92	76914714.7485	81848998.8440	0.0000	18679191.5240
93	77617438.2506	81848998.8440	0.0000	16905445.7413
94	74675186.5581	81848998.8440	0.0000	22883427.0414
95	78407904.3616	81848998.8440	0.0000	16062030.5152
96	75363540.1572	81848998.8440	0.0000	21341669.7544
97	75421910.8044	81848998.8440	0.0000	21153406.7269
98	79026545.7617	81848998.8440	0.0000	14369383.3468
99	77290781.3701	81848998.8440	0.0000	17953993.2234
=== Epoch 1 ===
gen	avg	max	min	std
0	0.0000	0.0000	0.0000	0.0000
1	0.0000	0.0000	0.0000	0.0000
2	0.0000	0.0000	0.0000	0.0000
3	0.0000	0.0000	0.0000	0.0000
4	0.0000	0.0000	0.0000	0.0000
5	0.0000	0.0000	0.0000	0.0000
6	0.0000	0.0000	0.0000	0.0000
7	0.0000	0.0000	0.0000	0.0000
8	0.0000	0.0000	0.0000	0.0000
9	0.0000	0.0000	0.0000	0.0000
=== Epoch 2 ===
gen	avg	max	min	std
0	0.0000	0.0000	0.0000	0.0000
1	0.0000	0.0000	0.0000	0.0000
2	0.0000	0.0000	0.0000	0.0000
3	0.0000	0.0000	0.0000	0.0000
4	0.0000	0.0000	0.0000	0.0000
5	0.0000	0.0000	0.0000	0.0000
6	0.0000	0.0000	0.0000	0.0000
7	0.0000	0.0000	0.0000	0.0000
8	0.0000	0.0000	0.0000	0.0000
9	0.0000	0.0000	0.0000	0.0000
=== Epoch 3 ===
gen	avg	max	min	std
0	0.0000	0.0000	0.0000	0.0000
1	0.0000	0.0000	0.0000	0.0000
2	0.0000	0.0000	0.0000	0.0000
3	0.0000	0.0000	0.0000	0.0000
4	0.0000	0.0000	0.0000	0.0000
5	0.0000	0.0000	0.0000	0.0000
6	0.0000	0.0000	0.0000	0.0000
7	0.0000	0.0000	0.0000	0.0000
8	0.0000	0.0000	0.0000	0.0000
9	0.0000	0.0000	0.0000	0.0000
=== Epoch 1 ===
gen	avg	max	min	std
0	0.0000	0.0000	0.0000	0.0000
1	0.0000	0.0000	0.0000	0.0000
2	0.0000	0.0000	0.0000	0.0000
3	0.0000	0.0000	0.0000	0.0000
4	0.0000	0.0000	0.0000	0.0000
5	0.0000	0.0000	0.0000	0.0000
6	0.0000	0.0000	0.0000	0.0000
7	0.0000	0.0000	0.0000	0.0000
8	0.0000	0.0000	0.0000	0.0000
9	0.0000	0.0000	0.0000	0.0000
=== Epoch 2 ===
gen	avg	max	min	std
0	0.0000	0.0000	0.0000	0.0000
1	0.0000	0.0000	0.0000	0.0000
2	0.0000	0.0000	0.0000	0.0000
3	0.0000	0.0000	0.0000	0.0000
4	0.0000	0.0000	0.0000	0.0000
5	0.0000	0.0000	0.0000	0.0000
6	0.0000	0.0000	0.0000	0.0000
7	0.0000	0.0000	0.0000	0.0000
8	0.0000	0.0000	0.0000	0.0000
9	0.0000	0.0000	0.0000	0.0000
=== Epoch 3 ===
gen	avg	max	min	std
0	0.0000	0.0000	0.0000	0.0000
1	0.0000	0.0000	0.0000	0.0000
2	0.0000	0.0000	0.0000	0.0000
3	0.0000	0.0000	0.0000	0.0000
4	0.0000	0.0000	0.0000	0.0000
5	0.0000	0.0000	0.0000	0.0000
6	0.0000	0.0000	0.0000	0.0000
7	0.0000	0.0000	0.0000	0.0000
8	0.0000	0.0000	0.0000	0.0000
9	0.0000	0.0000	0.0000	0.0000
=== Epoch 1 ===
gen	avg	max	min	std
0	0.0000	0.0000	0.0000	0.0000
1	313947.0343	7976101.4757	0.0000	1538231.2113
2	938038.6275	7976101.4757	0.0000	2540531.9551
3	2149949.3856	33971538.0891	0.0000	5525083.3247
4	4039611.6311	33971538.0891	0.0000	7273556.6685
5	4299656.8439	15821079.4119	0.0000	4499428.2647
6	6889275.9907	15901836.2528	0.0000	4614539.4043
7	8988485.1152	16556681.4079	0.0000	4863763.8142
8	11653045.0524	16556681.4079	0.0000	4370887.9658
9	13279092.7324	16556681.4079	0.0000	4735747.3868
10	12569043.5653	16556681.4079	0.0000	6236230.3216
11	13395171.5269	17350733.7206	0.0000	6082363.6309
12	15786597.8645	17469772.8885	0.0000	3377695.1617
13	15564199.5388	17350733.7206	0.0000	3941470.1860
14	15232146.8952	16556681.4079	0.0000	4491715.0693
15	15505550.3083	32461100.6468	0.0000	5097437.3672
16	16282189.4196	47102677.3671	0.0000	8375029.7053
17	17918804.4611	47102677.3671	0.0000	10509592.4453
18	24956727.7823	64178892.7483	0.0000	16781153.9413
19	34552905.1240	64178892.7483	0.0000	16522352.4836
20	45963356.9043	64178892.7483	0.0000	9894106.1171
21	46926191.8105	64178892.7483	0.0000	10857027.8911
22	51625012.7417	64178892.7483	0.0000	10827410.0883
23	54632193.5472	64178892.7483	0.0000	14016353.7694
24	55298849.3093	69722241.3591	0.0000	21120621.3344
25	63449649.7544	69722241.3591	0.0000	9215187.5470
26	62175892.1218	69722241.3591	0.0000	14770061.3767
27	62171302.8923	69722241.3591	0.0000	18598575.5003
28	66172040.3179	69722241.3591	0.0000	13760568.0021
29	65195618.9168	69722241.3591	0.0000	16645524.2295
30	66255809.2897	69722241.3591	0.0000	14249434.3647
31	68327796.5319	69722241.3591	0.0000	9761113.7903
32	64529161.8776	69722241.3591	0.0000	17767459.8678
33	65538906.8776	69722241.3591	0.0000	16558114.8995
34	68327796.5319	69722241.3591	0.0000	9761113.7903
35	65538906.8776	69722241.3591	0.0000	16558114.8995
36	61853522.8921	69722241.3591	0.0000	21549651.2266
37	68327796.5319	69722241.3591	0.0000	9761113.7903
38	66933351.7048	69722241.3591	0.0000	13662713.2042
39	66933351.7048	69722241.3591	0.0000	13662713.2042
40	66933351.7048	69722241.3591	0.0000	13662713.2042
41	66415220.6342	69722241.3591	0.0000	13795284.1741
42	66933351.7048	69722241.3591	0.0000	13662713.2042
43	61355572.3960	69722241.3591	0.0000	22657046.6584
44	68327796.5319	69722241.3591	0.0000	9761113.7903
45	62970621.0280	69722241.3591	0.0000	19509137.8823
46	66756919.3146	69722241.3591	0.0000	13682504.2369
47	66015345.2173	69722241.3591	0.0000	14927938.7108
48	59274296.7339	69722241.3591	0.0000	24392499.1445
49	66724713.6951	69722241.3591	0.0000	12781348.3214
=== Epoch 2 ===
gen	avg	max	min	std
0	0.0000	0.0000	0.0000	0.0000
1	0.0000	0.0000	0.0000	0.0000
2	0.0000	0.0000	0.0000	0.0000
3	0.0000	0.0000	0.0000	0.0000
4	0.0000	0.0000	0.0000	0.0000
5	0.0000	0.0000	0.0000	0.0000
6	0.0000	0.0000	0.0000	0.0000
7	0.0000	0.0000	0.0000	0.0000
8	0.0000	0.0000	0.0000	0.0000
9	0.0000	0.0000	0.0000	0.0000
10	0.0000	0.0000	0.0000	0.0000
11	0.0000	0.0000	0.0000	0.0000
12	0.0000	0.0000	0.0000	0.0000
13	0.0000	0.0000	0.0000	0.0000
14	0.0000	0.0000	0.0000	0.0000
15	0.0000	0.0000	0.0000	0.0000
16	0.0000	0.0000	0.0000	0.0000
17	0.0000	0.0000	0.0000	0.0000
18	0.0000	0.0000	0.0000	0.0000
19	0.0000	0.0000	0.0000	0.0000
20	0.0000	0.0000	0.0000	0.0000
21	0.0000	0.0000	0.0000	0.0000
22	0.0000	0.0000	0.0000	0.0000
23	0.0000	0.0000	0.0000	0.0000
24	0.0000	0.0000	0.0000	0.0000
25	0.0000	0.0000	0.0000	0.0000
26	0.0000	0.0000	0.0000	0.0000
27	0.0000	0.0000	0.0000	0.0000
28	0.0000	0.0000	0.0000	0.0000
29	1715692.3786	85784618.9317	0.0000	12009846.6504
30	3431384.7573	85784618.9317	0.0000	16810283.5329
31	3431384.7573	85784618.9317	0.0000	16810283.5329
32	3431384.7573	85784618.9317	0.0000	16810283.5329
33	3431384.7573	85784618.9317	0.0000	16810283.5329
34	8578461.8932	85784618.9317	0.0000	25735385.6795
35	22387356.6292	98102635.4472	0.0000	37826061.8359
36	38529582.8131	98102635.4472	0.0000	42089866.3235
37	63125352.4816	98102635.4472	0.0000	37961364.9673
38	76321731.2913	98102635.4472	0.0000	31231775.1336
39	86946717.2682	98102635.4472	0.0000	22793719.9685
40	89682017.5138	106436330.1096	0.0000	26636748.7006
41	89910186.2235	111627583.9654	0.0000	26929724.8643
42	99638512.5901	131179206.2320	98102635.4472	5442174.2039
43	90369246.9861	131179206.2320	0.0000	30690398.4829
44	101117525.4575	131179206.2320	0.0000	16169992.2520
45	107755144.0168	136898585.5961	0.0000	18485623.8927
46	108153372.1712	136898585.5961	0.0000	33866816.4855
47	123891793.3154	136898585.5961	0.0000	27592461.8551
48	133588675.9478	136898585.5961	0.0000	19160899.8462
49	126884381.4231	136898585.5961	0.0000	33884830.1928
=== Epoch 3 ===
gen	avg	max	min	std
0	827812.8367	41390641.8366	0.0000	5794689.8571
1	0.0000	0.0000	0.0000	0.0000
2	502382.0384	25119101.9193	0.0000	3516674.2687
3	0.0000	0.0000	0.0000	0.0000
4	0.0000	0.0000	0.0000	0.0000
5	0.0000	0.0000	0.0000	0.0000
6	668097.3699	33404868.4934	0.0000	4676681.5891
7	0.0000	0.0000	0.0000	0.0000
8	0.0000	0.0000	0.0000	0.0000
9	0.0000	0.0000	0.0000	0.0000
10	0.0000	0.0000	0.0000	0.0000
11	0.0000	0.0000	0.0000	0.0000
12	0.0000	0.0000	0.0000	0.0000
13	0.0000	0.0000	0.0000	0.0000
14	0.0000	0.0000	0.0000	0.0000
15	0.0000	0.0000	0.0000	0.0000
16	2053763.1922	102688159.6110	0.0000	14376342.3455
17	0.0000	0.0000	0.0000	0.0000
18	0.0000	0.0000	0.0000	0.0000
19	0.0000	0.0000	0.0000	0.0000
20	0.0000	0.0000	0.0000	0.0000
21	0.0000	0.0000	0.0000	0.0000
22	0.0000	0.0000	0.0000	0.0000
23	0.0000	0.0000	0.0000	0.0000
24	0.0000	0.0000	0.0000	0.0000
25	0.0000	0.0000	0.0000	0.0000
26	0.0000	0.0000	0.0000	0.0000
27	0.0000	0.0000	0.0000	0.0000
28	0.0000	0.0000	0.0000	0.0000
29	0.0000	0.0000	0.0000	0.0000
30	0.0000	0.0000	0.0000	0.0000
31	0.0000	0.0000	0.0000	0.0000
32	0.0000	0.0000	0.0000	0.0000
33	0.0000	0.0000	0.0000	0.0000
34	0.0000	0.0000	0.0000	0.0000
35	0.0000	0.0000	0.0000	0.0000
36	0.0000	0.0000	0.0000	0.0000
37	0.0000	0.0000	0.0000	0.0000
38	0.0000	0.0000	0.0000	0.0000
39	0.0000	0.0000	0.0000	0.0000
40	553151.1320	27657556.5986	0.0000	3872057.9238
41	2301664.9887	32110579.6404	0.0000	7824356.2672
42	4597632.7927	32110579.6404	0.0000	10560933.0647
43	9256500.2334	32110579.6404	0.0000	13537039.7397
44	13420130.8124	47034784.5638	0.0000	15393455.9147
45	24177464.9521	47034784.5638	0.0000	12519925.1482
46	29913501.8617	37255634.1336	0.0000	6469685.6563
47	29990065.5331	37255634.1336	0.0000	8930781.8962
48	31306294.1232	37255634.1336	0.0000	8093326.2094
49	31683433.9580	37255634.1336	0.0000	9578468.8726
=== Epoch 1 ===
gen	avg	max	min	std
0	1352122.8422	44948970.0783	0.0000	6989056.5121
1	3261884.5530	50539115.4657	0.0000	11468543.8629
2	5043919.6096	50251198.5435	0.0000	13912558.6357
3	10129059.0706	44974168.0853	0.0000	16847231.3788
4	19324660.2112	51776519.7415	0.0000	19870905.4300
5	31949619.2059	50539115.4657	0.0000	18729299.7001
6	40016001.4886	50539115.4657	0.0000	13374901.0692
7	47046421.4453	50539115.4657	0.0000	7174631.8802
8	46920140.5689	50539115.4657	0.0000	8265418.1810
9	45059357.4823	50539115.4657	0.0000	13561969.4891
10	45285529.6486	50539115.4657	0.0000	15126691.6616
11	48517550.8470	50539115.4657	0.0000	9903603.5954
12	44474421.6098	50539115.4657	0.0000	16423268.5992
13	43935746.4508	50539115.4657	0.0000	16501767.6976
14	49220943.3513	50539115.4657	9005896.8527	6681749.5595
15	47506768.5377	50539115.4657	0.0000	12002374.9163
16	47710476.2463	50539115.4657	0.0000	10881232.6442
17	49528333.1563	50539115.4657	0.0000	7075476.1652
18	46748351.3187	58389158.5118	0.0000	13287572.0245
19	47182067.2010	58389158.5118	0.0000	12433974.0290
20	49459556.0126	58389158.5118	0.0000	10411408.1741
21	52197347.7920	58389158.5118	0.0000	8323832.6012
22	53698579.2575	58389158.5118	0.0000	11526368.5641
23	53561024.9699	58389158.5118	0.0000	15832406.5308
24	57221375.3415	58389158.5118	0.0000	8174482.1916
25	54983779.9207	65155083.2248	0.0000	13926461.2650
26	56418032.8444	65155083.2248	0.0000	11632680.4768
27	54394618.3021	65155083.2248	0.0000	16166784.7382
28	58845197.2727	65155083.2248	0.0000	8886200.6626
29	59436554.5278	65155083.2248	0.0000	12576310.4075
30	60885687.8936	65155083.2248	0.0000	13447911.1669
31	59332013.0362	65155083.2248	0.0000	18009779.0259
32	62254658.3249	65155083.2248	0.0000	12873354.1411
33	65155083.2248	65155083.2248	65155083.2248	0.0000
34	62548879.8958	65155083.2248	0.0000	12767736.6439
35	60855405.9807	65155083.2248	0.0000	15615485.6633
36	57339549.5416	65308898.4137	0.0000	21174042.8552
37	57339549.5416	65308898.4137	0.0000	21174042.8552
38	63861210.4716	65308898.4137	0.0000	9123103.1040
39	61270388.6615	65308898.4137	0.0000	15479794.1139
40	63916583.9397	65308898.4137	0.0000	9131251.4886
41	61122427.6150	65308898.4137	0.0000	15530804.8309
42	61387288.2051	65308898.4137	0.0000	15509241.7376
43	60548656.8663	65308898.4137	0.0000	16391425.2251
44	60084186.5406	65308898.4137	0.0000	17717859.9951
45	61390364.5089	65308898.4137	0.0000	15510004.0218
46	53553296.6993	65308898.4137	0.0000	25090859.4212
47	58708460.9797	65308898.4137	0.0000	19575527.8412
48	64002720.4455	65308898.4137	0.0000	9143245.7779
49	60084186.5406	65308898.4137	0.0000	17717859.9951
=== Epoch 1 ===
gen	avg	max	min	std
0	0.0000	0.0000	0.0000	0.0000
1	254694.4557	12734722.7875	0.0000	1782861.1902
2	0.0000	0.0000	0.0000	0.0000
3	0.0000	0.0000	0.0000	0.0000
4	0.0000	0.0000	0.0000	0.0000
5	804004.6684	28558202.7421	0.0000	4286692.5404
6	1896345.2548	28558202.7421	0.0000	6059361.1850
7	2437292.4941	29821709.4578	0.0000	6470957.3990
8	4061267.3872	29821709.4578	0.0000	7360528.6492
9	8553257.3543	29821709.4578	0.0000	10098384.0389
10	13184169.7142	29821709.4578	0.0000	8673879.2530
11	16760611.6769	29821709.4578	0.0000	8449645.2044
12	23505676.5572	37371622.3856	0.0000	5791775.5530
13	26141516.2026	31634585.4911	0.0000	6491297.7864
14	27956121.1880	33713165.3243	0.0000	7095371.4806
15	26605364.8200	39346453.6402	0.0000	9179932.0973
16	29812255.6472	41522962.1994	0.0000	6883602.5618
17	30166329.2176	41522962.1994	0.0000	11023055.7306
18	34786991.9277	41522962.1994	0.0000	7355151.0646
19	37160973.1462	41522962.1994	0.0000	8535008.4324
20	39426741.9996	41522962.1994	0.0000	8094415.0109
21	38201125.2234	41522962.1994	0.0000	11264897.2605
22	38130617.0761	44811821.2378	0.0000	11294667.8640
23	38530011.1273	44811821.2378	0.0000	11404227.9196
24	40782924.2422	44811821.2378	0.0000	8452647.2582
25	39899698.3823	49069722.4685	0.0000	12276697.2946
26	41246256.3826	49069722.4685	0.0000	12186616.4053
27	43359980.4868	49069722.4685	0.0000	8925609.7366
28	41267377.3848	49069722.4685	0.0000	13864897.7304
29	40774386.4773	49069722.4685	0.0000	15182159.3840
30	42074301.4523	49069722.4685	0.0000	15643475.7114
31	47749128.9660	49069722.4685	0.0000	6968791.0306
32	49069722.4685	49069722.4685	49069722.4685	0.0000
33	44753143.7756	49069722.4685	0.0000	13477323.4156
34	45144144.6710	49069722.4685	0.0000	13312281.9985
35	49069722.4685	49069722.4685	49069722.4685	0.0000
36	44391817.0250	60523062.6363	0.0000	14883700.7157
37	43027356.3737	49069722.4685	0.0000	15925329.5818
38	46629404.8350	49069722.4685	0.0000	10087618.2025
39	47577070.5293	49069722.4685	0.0000	7243331.7836
40	47106933.5697	49069722.4685	0.0000	9615662.5494
41	46125539.1204	49069722.4685	0.0000	11653413.4141
42	45965485.2019	49069722.4685	0.0000	11666826.2017
43	45895561.1797	49069722.4685	0.0000	11706385.1193
44	48095825.9008	49444616.5541	0.0000	6871032.6480
45	44162875.1200	49444616.5541	0.0000	14721146.1635
46	45166763.2145	49444616.5541	0.0000	13319455.0866
47	47151920.8600	49444616.5541	0.0000	9625612.1356
48	46238007.3461	49444616.5541	0.0000	11683056.6602
49	46279189.5980	49444616.5541	0.0000	11697928.5069
=== Epoch 1 ===
gen	avg	max	min	std
0	344028.7103	17201435.5138	0.0000	2408200.9719
1	440499.8148	22024990.7421	0.0000	3083498.7039
2	815008.1272	22024990.7421	0.0000	4006318.7465
3	880999.6297	22024990.7421	0.0000	4315999.1126
4	1321499.4445	22024990.7421	0.0000	5230645.4907
5	1321499.4445	22024990.7421	0.0000	5230645.4907
6	2643215.2555	22035809.0636	0.0000	7157860.8853
7	3964931.0664	22035809.0636	0.0000	8462648.9522
8	6163307.9519	23816829.8218	0.0000	9897171.2022
9	9223594.9919	23816829.8218	0.0000	10897168.6999
10	15977636.8509	23816829.8218	0.0000	10044789.6650
11	19633241.9020	23816829.8218	0.0000	7603487.1830
12	21557178.5958	23816829.8218	0.0000	6404557.2235
13	22132789.3476	23816829.8218	0.0000	5782834.7430
14	23340493.2254	23816829.8218	0.0000	3334356.1751
15	23212802.6284	23816829.8218	0.0000	3434417.4516
16	23816829.8218	23816829.8218	23816829.8218	0.0000
17	22779101.3171	29292858.6906	0.0000	4909735.3837
18	23044943.4968	29292858.6906	0.0000	6085811.4929
19	24287924.1348	29292858.6906	0.0000	5501301.4300
20	26149773.9502	29292858.6906	0.0000	5936258.2750
21	27464020.8787	29292858.6906	0.0000	5880190.6542
22	28380032.3828	47412183.1718	0.0000	6371138.5004
23	27674202.9746	47412183.1718	0.0000	8897082.4477
24	32191950.6076	47412183.1718	29292858.6906	6642654.0781
25	35507789.9409	47412183.1718	0.0000	12542539.1536
26	41305973.7749	47412183.1718	0.0000	12517383.8771
27	45515695.8450	47412183.1718	0.0000	9290852.5090
28	45515695.8450	47412183.1718	0.0000	9290852.5090
29	43125004.6354	47412183.1718	0.0000	13178208.6464
30	42908973.6971	47412183.1718	0.0000	13593233.1887
31	44845775.2209	47412183.1718	0.0000	10284446.3575
32	42295448.7084	47412183.1718	0.0000	14340891.1351
33	43619208.5181	47412183.1718	0.0000	12862602.8597
34	42670964.8547	47412183.1718	0.0000	14223654.9516
35	45912699.2381	50388323.3289	0.0000	7271887.0198
36	46523462.3115	50388323.3289	0.0000	6659251.1365
37	43857299.7307	50388323.3289	0.0000	12957800.9549
38	46880599.1304	50388323.3289	0.0000	6776116.7421
39	46884720.3172	50388323.3289	0.0000	9680536.9773
40	44992354.1772	50388323.3289	0.0000	15028130.9194
41	48823680.9391	52555213.5695	0.0000	7578785.9821
42	46819392.8472	59051350.3531	0.0000	13902594.6113
43	48769220.4763	59051350.3531	0.0000	10627527.3765
44	51622310.8295	59051350.3531	0.0000	9611360.0206
45	47998850.2798	59051350.3531	0.0000	18682234.6574
46	56387524.0194	59051350.3531	0.0000	8519553.1810
47	56645414.0358	59051350.3531	0.0000	11564691.5649
48	55508269.3319	59051350.3531	0.0000	14023918.6959
49	53146215.3178	59051350.3531	0.0000	17715405.1059
=== Epoch 2 ===
gen	avg	max	min	std
0	0.0000	0.0000	0.0000	0.0000
1	0.0000	0.0000	0.0000	0.0000
2	0.0000	0.0000	0.0000	0.0000
3	0.0000	0.0000	0.0000	0.0000
4	0.0000	0.0000	0.0000	0.0000
5	1073780.1394	53689006.9683	0.0000	7516460.9756
6	785939.5367	39296976.8352	0.0000	5501576.7569
7	2357818.6101	39296976.8352	0.0000	9332514.9185
8	2357818.6101	39296976.8352	0.0000	9332514.9185
9	6892921.5230	69567238.3020	0.0000	16293402.9641
10	13273139.8606	69567238.3020	0.0000	21074179.3517
11	24213332.5066	74591029.0202	0.0000	26836037.0079
12	41419712.5066	74591029.0202	0.0000	26405378.2454
13	43205438.6112	74591029.0202	0.0000	28198572.2747
14	56094312.3225	74591029.0202	0.0000	26111178.3169
15	68316492.2605	74591029.0202	0.0000	14809686.9890
16	72194926.1105	74591029.0202	0.0000	10491808.6250
17	73099208.4398	74591029.0202	0.0000	10442744.0628
18	67131926.1182	74591029.0202	0.0000	22377308.7061
19	69751551.2709	74591029.0202	0.0000	17725396.2706
20	74591029.0202	74591029.0202	74591029.0202	0.0000
21	69369820.4115	74591029.0202	0.0000	18285928.9292
22	70115567.2790	74591029.0202	0.0000	17714387.9042
23	68623746.6986	74591029.0202	0.0000	20236038.9038
24	65640105.5378	74591029.0202	0.0000	24239215.3761
25	67131926.1182	74591029.0202	0.0000	22377308.7061
26	71607387.8594	74591029.0202	0.0000	14616796.8391
27	68623746.6986	74591029.0202	0.0000	20236038.9038
28	73099208.4398	74591029.0202	0.0000	10442744.0628
29	70115567.2790	74591029.0202	0.0000	17714387.9042
30	71607387.8594	74591029.0202	0.0000	14616796.8391
31	71607387.8594	74591029.0202	0.0000	14616796.8391
32	70068675.7920	74591029.0202	0.0000	17705579.8683
33	67962918.9471	74591029.0202	0.0000	20567171.6952
34	70115567.2790	74591029.0202	0.0000	17714387.9042
35	62598234.3381	74591029.0202	0.0000	26036242.9733
36	64349098.6523	102874601.3850	0.0000	26394945.6538
37	72017775.3824	102874601.3850	0.0000	23118809.4508
38	80092459.5688	102874601.3850	0.0000	20791230.5082
39	92126843.8864	102874601.3850	74591029.0202	13728462.6132
40	94936966.4800	102874601.3850	0.0000	22130258.3027
41	91862617.5109	102874601.3850	0.0000	30891997.0859
42	98759617.3296	102874601.3850	0.0000	20159222.4708
43	98759617.3296	102874601.3850	0.0000	20159222.4708
44	92587141.2465	102874601.3850	0.0000	30862380.4155
45	98346152.2561	102874601.3850	0.0000	20282212.9277
46	98759617.3296	102874601.3850	0.0000	20159222.4708
47	94644633.2742	102874601.3850	0.0000	27909179.7390
48	92587141.2465	102874601.3850	0.0000	30862380.4155
49	99900780.7116	102874601.3850	0.0000	15646180.7529
=== Epoch 1 ===
gen	avg	max	min	std
0	180653.2383	9032661.9174	0.0000	1264572.6684
1	0.0000	0.0000	0.0000	0.0000
2	140985.1236	7049256.1801	0.0000	986895.8652
3	1675722.9158	25072934.5137	0.0000	5028325.6381
4	1880410.9094	25072934.5137	0.0000	5909475.8004
5	1275959.9404	25072934.5137	0.0000	4421912.5274
6	2748694.3301	26494219.9797	0.0000	6567123.9383
7	5962641.5404	51654045.1639	0.0000	11069103.7383
8	7979329.8390	46257293.1014	0.0000	11462909.8503
9	10657752.0001	46758496.3597	0.0000	13070632.0166
10	16006030.1392	46758496.3597	0.0000	15340357.5287
11	27099307.0233	54775608.3023	0.0000	16839525.7021
12	39108501.9801	54775608.3023	0.0000	14649591.1899
13	43952907.0576	54775608.3023	0.0000	13794401.3821
14	48151599.6409	54775608.3023	0.0000	12610942.2196
15	49737704.0876	54775608.3023	0.0000	14714685.7024
16	51762960.3162	54775608.3023	0.0000	11530050.9647
17	47086937.6406	54775608.3023	0.0000	18998840.2779
18	52324277.8869	54775608.3023	0.0000	10760486.4386
19	53564105.7899	54775608.3023	0.0000	7694952.5653
20	49605854.8350	73595764.3034	0.0000	16752003.1611
21	47859829.3800	73595764.3034	0.0000	19656839.7729
22	55046390.7233	73595764.3034	0.0000	9446711.4752
23	53114059.9342	73595764.3034	0.0000	14696403.5098
24	59296506.1764	73595764.3034	54775608.3023	8035539.3114
25	63969088.4823	73595764.3034	0.0000	12944091.2010
26	67556727.4305	73595764.3034	0.0000	18665112.8751
27	69948880.4864	73595764.3034	0.0000	14721942.1216
28	63292357.3010	73595764.3034	0.0000	25536775.7835
29	67708103.1592	73595764.3034	0.0000	19966030.3546
30	69860642.7361	78825823.1226	0.0000	15600658.2320
31	68352248.0736	78825823.1226	0.0000	18040717.6432
32	71279540.7896	78825823.1226	0.0000	14648241.9218
33	69277120.8049	78825823.1226	0.0000	20563615.8003
34	74239400.6144	78825823.1226	0.0000	11801517.2272
35	70605111.0951	78825823.1226	0.0000	23567811.3523
36	70943240.8103	78825823.1226	0.0000	23647746.9368
37	69789533.6369	78825823.1226	0.0000	24622114.5219
38	72525100.7899	78825823.1226	0.0000	20158522.0287
39	73946451.6851	78825823.1226	0.0000	17388035.0562
40	72945498.9845	78825823.1226	0.0000	20110856.2182
41	74627237.6353	78825823.1226	0.0000	16898855.0967
42	72155725.3550	79254774.7484	0.0000	21436796.7068
43	77283622.7902	79254774.7484	0.0000	11041129.7390
44	72605547.5979	79254774.7484	0.0000	21410880.4951
45	74285012.4506	79254774.7484	0.0000	18768927.0252
46	71765689.5693	79254774.7484	0.0000	22446759.5438
47	73815901.7871	79254774.7484	0.0000	18728037.3125
48	74499488.2635	79254774.7484	0.0000	18821966.1479
49	76084583.7585	79254774.7484	0.0000	15530700.6250
=== Epoch 2 ===
gen	avg	max	min	std
0	0.0000	0.0000	0.0000	0.0000
1	0.0000	0.0000	0.0000	0.0000
2	0.0000	0.0000	0.0000	0.0000
3	0.0000	0.0000	0.0000	0.0000
4	0.0000	0.0000	0.0000	0.0000
5	0.0000	0.0000	0.0000	0.0000
6	0.0000	0.0000	0.0000	0.0000
7	0.0000	0.0000	0.0000	0.0000
8	0.0000	0.0000	0.0000	0.0000
9	0.0000	0.0000	0.0000	0.0000
10	0.0000	0.0000	0.0000	0.0000
11	0.0000	0.0000	0.0000	0.0000
12	0.0000	0.0000	0.0000	0.0000
13	0.0000	0.0000	0.0000	0.0000
14	0.0000	0.0000	0.0000	0.0000
15	0.0000	0.0000	0.0000	0.0000
16	0.0000	0.0000	0.0000	0.0000
17	0.0000	0.0000	0.0000	0.0000
18	0.0000	0.0000	0.0000	0.0000
19	0.0000	0.0000	0.0000	0.0000
20	0.0000	0.0000	0.0000	0.0000
21	0.0000	0.0000	0.0000	0.0000
22	0.0000	0.0000	0.0000	0.0000
23	0.0000	0.0000	0.0000	0.0000
24	0.0000	0.0000	0.0000	0.0000
25	0.0000	0.0000	0.0000	0.0000
26	0.0000	0.0000	0.0000	0.0000
27	0.0000	0.0000	0.0000	0.0000
28	0.0000	0.0000	0.0000	0.0000
29	0.0000	0.0000	0.0000	0.0000
30	0.0000	0.0000	0.0000	0.0000
31	0.0000	0.0000	0.0000	0.0000
32	0.0000	0.0000	0.0000	0.0000
33	2784124.5836	71029397.4782	0.0000	13642351.8517
34	4204712.5332	71029397.4782	0.0000	16645990.8801
35	2841175.8991	71029397.4782	0.0000	13918862.4447
36	2841175.8991	71029397.4782	0.0000	13918862.4447
37	4204712.5332	71029397.4782	0.0000	16645990.8801
38	9772961.7004	71029397.4782	0.0000	24227836.6132
39	18125335.4513	71029397.4782	0.0000	30587029.9860
40	33409495.0035	71029397.4782	0.0000	34787742.2167
41	53525931.5594	71029397.4782	0.0000	30096057.8039
42	62391767.1498	71029397.4782	0.0000	23046428.4501
43	68188221.5791	71029397.4782	0.0000	13918862.4447
44	68046745.6361	71029397.4782	0.0000	13925213.5479
45	63926457.7304	71029397.4782	0.0000	21308819.2435
46	63926457.7304	71029397.4782	0.0000	21308819.2435
47	66767633.6295	71029397.4782	0.0000	16868547.2778
48	69608809.5286	71029397.4782	0.0000	9944115.6469
49	68276481.1348	75442375.2650	0.0000	13950553.7994
=== Epoch 3 ===
gen	avg	max	min	std
0	1047334.2978	52366714.8895	0.0000	7331340.0845
1	1321731.3130	52366714.8895	0.0000	7540767.1361
2	2879021.5376	52366714.8895	0.0000	10401470.8857
3	4926062.6263	52366714.8895	0.0000	14392510.0720
4	11857199.7775	52366714.8895	0.0000	20281390.2797
5	16207087.4563	52366714.8895	0.0000	21868199.4854
6	29246142.3205	71173302.0248	0.0000	24761286.1171
7	40304733.8165	71173302.0248	0.0000	22702276.0351
8	49794655.9972	71173302.0248	0.0000	19346278.5638
9	57918029.2971	71173302.0248	0.0000	13464287.9824
10	63074576.8792	71173302.0248	0.0000	10281079.3039
11	62833970.1961	71173302.0248	0.0000	14355467.5848
12	67547447.4101	71173302.0248	0.0000	10063240.9537
13	67342733.7169	71173302.0248	0.0000	13847685.2373
14	69685525.6886	71173302.0248	0.0000	9956940.1995
15	65479437.8629	71173302.0248	0.0000	19308832.8128
16	68326369.9438	71173302.0248	0.0000	13947061.8616
17	65479437.8629	71173302.0248	0.0000	19308832.8128
18	63779936.5001	71173302.0248	0.0000	21347407.6479
19	65479437.8629	71173302.0248	0.0000	19308832.8128
20	65479437.8629	71173302.0248	0.0000	19308832.8128
21	68571400.6741	71173302.0248	0.0000	12805404.2032
22	68326369.9438	71173302.0248	0.0000	13947061.8616
23	64055971.8224	71173302.0248	0.0000	21351990.6075
24	64669575.6205	71173302.0248	0.0000	19893378.2733
25	66902903.9033	71173302.0248	0.0000	16902722.7141
26	68213585.0838	71173302.0248	0.0000	13946384.9691
27	68326369.9438	71173302.0248	0.0000	13947061.8616
28	69754322.1332	81604333.9379	0.0000	10176391.6745
29	64264592.4606	81604333.9379	0.0000	21471137.6691
30	70167077.2609	81604333.9379	0.0000	10229982.7574
31	67321096.4917	81604333.9379	0.0000	17384256.0228
32	66649930.2570	81604333.9379	0.0000	20874135.1177
33	68645625.8641	81604333.9379	0.0000	23410458.6268
34	74127716.9020	81604333.9379	0.0000	22049795.4648
35	76412388.2540	81604333.9379	0.0000	19415747.1958
36	79972247.2591	81604333.9379	0.0000	11424606.7513
37	77998276.1029	81604333.9379	0.0000	16100040.0430
38	78340160.5804	81604333.9379	0.0000	15991118.3158
39	79972247.2591	81604333.9379	0.0000	11424606.7513
40	73737918.1642	81604333.9379	0.0000	23672395.9191
41	79293499.1118	81604333.9379	0.0000	11812527.2856
42	76981320.1740	81604333.9379	0.0000	18366295.1879
43	70179727.1866	81604333.9379	0.0000	28315645.5872
44	76381984.1317	81604333.9379	0.0000	18306898.8244
45	71223429.1446	81604333.9379	0.0000	26620644.6718
46	75075987.2228	81604333.9379	0.0000	22138700.8328
47	79972247.2591	81604333.9379	0.0000	11424606.7513
48	70179727.1866	81604333.9379	0.0000	28315645.5872
49	81514587.8039	81604333.9379	77117027.2373	628222.9381
=== Epoch 1 ===
gen	avg	max	min	std
0	802765.8376	26609095.5969	0.0000	4144542.1245
1	950207.3153	20520778.8640	0.0000	3847715.8676
2	2248425.2482	20785361.5857	0.0000	5781701.5359
3	5582979.7047	43528012.8637	0.0000	10660750.3935
4	8833445.4387	43528012.8637	0.0000	12901331.1146
5	13581786.4856	45708359.6012	0.0000	13822415.9417
6	20111247.5419	49313564.0956	0.0000	15197482.5953
7	29317522.0523	49313564.0956	0.0000	13326420.1929
8	33756479.0020	49313564.0956	0.0000	14880961.5467
9	35715518.5439	49313564.0956	0.0000	16285079.1821
10	38451081.4450	49313564.0956	0.0000	17139962.8054
11	43243570.4246	53497289.8551	0.0000	14686851.7083
12	39352281.9662	53497289.8551	0.0000	19733270.8769
13	43496317.4786	51741536.1490	0.0000	16066437.8050
14	47564432.3051	51741536.1490	0.0000	9727162.8860
15	43909928.8942	51741536.1490	0.0000	15579232.3565
16	45422807.1183	51741536.1490	0.0000	15174503.8621
17	46254062.9517	51741536.1490	0.0000	15436055.4806
18	49401837.3393	51741536.1490	0.0000	10137160.8859
19	50706705.4260	51741536.1490	0.0000	7243815.0609
20	43890960.8322	51741536.1490	0.0000	18197931.9875
21	46567382.5341	51741536.1490	0.0000	15522460.8447
22	47602213.2571	51741536.1490	0.0000	14037126.8798
23	49555332.8854	51741536.1490	0.0000	10148254.9030
24	49438575.8170	51741536.1490	0.0000	10181340.0581
25	48588951.4581	51741536.1490	0.0000	12280392.8310
26	49671874.7030	51741536.1490	0.0000	10139228.9658
27	50672901.7267	51741536.1490	0.0000	7242850.6982
28	47602213.2571	51741536.1490	0.0000	14037126.8798
29	49671874.7030	51741536.1490	0.0000	10139228.9658
30	49542889.0805	51741536.1490	0.0000	10153092.0478
31	47602213.2571	51741536.1490	0.0000	14037126.8798
32	47398380.2940	51741536.1490	0.0000	14014201.4820
33	48579640.1896	51741536.1490	0.0000	11266383.0511
34	50568039.8959	51741536.1490	0.0000	7288898.7006
35	47602213.2571	51741536.1490	0.0000	14037126.8798
36	47435723.1577	51741536.1490	0.0000	14036411.4783
37	45473047.4289	51741536.1490	0.0000	16797186.5295
38	49671874.7030	51741536.1490	0.0000	10139228.9658
39	49671874.7030	51741536.1490	0.0000	10139228.9658
40	49671874.7030	51741536.1490	0.0000	10139228.9658
41	45808928.7379	51741536.1490	0.0000	16163607.7693
42	46478028.3623	51741536.1490	0.0000	15501561.8876
43	47240625.8429	51741536.1490	0.0000	14158178.0030
44	48797196.5492	59749164.6061	0.0000	12379196.2734
45	46173162.0877	59749164.6061	0.0000	17186778.8419
46	48883433.8102	59749164.6061	0.0000	14705975.4599
47	48621508.5534	59749164.6061	0.0000	18330310.5577
48	51578170.1061	59749164.6061	0.0000	17537210.2929
49	53453943.0072	59749164.6061	0.0000	17886624.5187
=== Epoch 2 ===
gen	avg	max	min	std
0	0.0000	0.0000	0.0000	0.0000
1	0.0000	0.0000	0.0000	0.0000
2	0.0000	0.0000	0.0000	0.0000
3	0.0000	0.0000	0.0000	0.0000
4	0.0000	0.0000	0.0000	0.0000
5	0.0000	0.0000	0.0000	0.0000
6	0.0000	0.0000	0.0000	0.0000
7	0.0000	0.0000	0.0000	0.0000
8	0.0000	0.0000	0.0000	0.0000
9	0.0000	0.0000	0.0000	0.0000
10	0.0000	0.0000	0.0000	0.0000
11	0.0000	0.0000	0.0000	0.0000
12	0.0000	0.0000	0.0000	0.0000
13	0.0000	0.0000	0.0000	0.0000
14	0.0000	0.0000	0.0000	0.0000
15	0.0000	0.0000	0.0000	0.0000
16	0.0000	0.0000	0.0000	0.0000
17	839589.3196	41979465.9811	0.0000	5877125.2374
18	1679178.6392	41979465.9811	0.0000	8226261.7063
19	5561540.4625	41979465.9811	0.0000	13938126.6144
20	7764723.6466	41979465.9811	0.0000	15783891.5746
21	17732630.4771	41979465.9811	0.0000	19713401.7907
22	35995175.7389	41979465.9811	0.0000	13805810.3891
23	38223269.1992	41979465.9811	0.0000	11609773.6577
24	40300287.3418	41979465.9811	0.0000	8226261.7063
25	37781519.3830	41979465.9811	0.0000	12593839.7943
26	40300287.3418	41979465.9811	0.0000	8226261.7063
27	38621108.7026	41979465.9811	0.0000	11388743.6320
28	41979465.9811	41979465.9811	41979465.9811	0.0000
29	40300287.3418	41979465.9811	0.0000	8226261.7063
30	40300287.3418	41979465.9811	0.0000	8226261.7063
31	39460698.0222	41979465.9811	0.0000	9969570.7938
32	41979465.9811	41979465.9811	41979465.9811	0.0000
33	40743344.9174	53676210.6656	0.0000	8595691.8748
34	41863394.9623	53676210.6656	0.0000	9379898.7943
35	43289050.0954	58707703.9195	0.0000	14272822.1889
36	49644719.2219	58707703.9195	0.0000	11383227.6758
37	53785354.3923	58707703.9195	0.0000	8056825.6196
38	54447428.3262	58707703.9195	0.0000	11372505.5774
39	54340673.8300	58707703.9195	0.0000	14021734.4015
40	55714159.1594	85153577.6713	0.0000	14554107.4790
41	55736092.2224	86250230.8204	0.0000	14599212.6381
42	58011947.3768	86250230.8204	0.0000	13523873.3393
43	61317050.6049	86250230.8204	0.0000	16358527.7978
44	66825555.9851	86250230.8204	0.0000	18979693.2877
45	77842566.7454	86250230.8204	0.0000	19063620.3099
46	78850727.7164	86250230.8204	0.0000	23512757.9058
47	82612129.5994	86250230.8204	0.0000	16914409.3000
48	83566368.0914	86250230.8204	0.0000	13694866.5996
49	80986947.3047	86250230.8204	0.0000	20470309.2876
=== Epoch 3 ===
gen	avg	max	min	std
0	0.0000	0.0000	0.0000	0.0000
1	0.0000	0.0000	0.0000	0.0000
2	0.0000	0.0000	0.0000	0.0000
3	0.0000	0.0000	0.0000	0.0000
4	0.0000	0.0000	0.0000	0.0000
5	0.0000	0.0000	0.0000	0.0000
6	0.0000	0.0000	0.0000	0.0000
7	0.0000	0.0000	0.0000	0.0000
8	0.0000	0.0000	0.0000	0.0000
9	1293523.7342	64676186.7079	0.0000	9054666.1391
10	1293523.7342	64676186.7079	0.0000	9054666.1391
11	1155380.4297	57769021.4842	0.0000	8087663.0078
12	1155380.4297	57769021.4842	0.0000	8087663.0078
13	3466141.2891	57769021.4842	0.0000	13719382.4627
14	4621521.7187	57769021.4842	0.0000	15672342.6603
15	4759665.0232	64676186.7079	0.0000	16162962.6617
16	10702512.0329	64676186.7079	0.0000	22874099.7627
17	15227592.7825	64676186.7079	0.0000	25706061.8251
18	31698146.8167	64676186.7079	0.0000	29288863.3282
19	48617581.8001	64676186.7079	0.0000	21590749.5998
20	53610578.8850	64676186.7079	0.0000	18017855.0727
21	56741516.7042	64676186.7079	0.0000	16937637.3930
22	62233608.1647	67022681.7944	0.0000	9115932.5657
23	60936691.2557	86379549.4908	0.0000	15887731.7150
24	62545775.0350	87235086.1479	0.0000	16699025.1562
25	62024336.7583	90631083.2313	0.0000	22011639.1777
26	73076518.6598	91972337.0818	0.0000	14520734.5267
27	76806304.1405	91972337.0818	0.0000	23857543.7409
28	77227219.8223	91972337.0818	0.0000	28849513.8835
29	86476177.5105	91972337.0818	0.0000	17800370.8857
30	89781873.0192	91972337.0818	0.0000	12906676.4885
31	88293443.5985	91972337.0818	0.0000	18022823.7041
32	89752431.3598	91972337.0818	0.0000	13086642.8476
33	84524017.7485	91972337.0818	0.0000	24932813.8734
34	82775103.3736	91972337.0818	0.0000	27591701.1245
35	91339789.4302	91972337.0818	60344954.5017	4427833.5612
36	91972337.0818	91972337.0818	91972337.0818	0.0000
37	88293443.5985	91972337.0818	0.0000	18022823.7041
38	87291934.8802	91972337.0818	0.0000	18845542.2534
39	85733819.2767	91972337.0818	0.0000	22238442.6218
40	91364896.9051	91972337.0818	61600328.2458	4252081.2370
41	83890483.6574	91972337.0818	0.0000	25082208.7024
42	84614550.1153	91972337.0818	0.0000	24951469.5763
43	87199158.6256	91972337.0818	0.0000	18718501.9283
44	84614550.1153	91972337.0818	0.0000	24951469.5763
45	89574262.1908	96306484.9105	0.0000	13587658.7573
46	90392939.2099	96306484.9105	0.0000	12954181.1155
47	87746999.9443	96306484.9105	0.0000	19484164.4757
48	84482086.6488	96306484.9105	0.0000	25646098.4518
49	91993822.5277	97698585.1468	0.0000	13341532.9845
=== Epoch 1 ===
gen	avg	max	min	std
0	878174.1233	43908706.1663	0.0000	6147218.8633
1	166608.5686	8330428.4305	0.0000	1166259.9803
2	1723722.4330	23917437.7259	0.0000	4881821.8199
3	2089864.6184	20455902.8692	0.0000	4958463.7256
4	4605436.3585	23636820.9969	0.0000	6720419.3340
5	7053943.6034	20455902.8692	0.0000	7067518.9725
6	11650211.7289	21079411.7285	0.0000	7607473.3814
7	13406013.5542	21079411.7285	0.0000	8182678.8014
8	15304619.0115	32933517.3757	0.0000	8672723.8069
9	17609066.5401	32933517.3757	0.0000	7401436.6755
10	17207333.6659	42684566.4947	0.0000	8934737.6948
11	15213763.7930	42684566.4947	0.0000	11008448.6937
12	18674799.3469	42684566.4947	0.0000	9825866.4965
13	22849358.0008	42684566.4947	0.0000	9939584.5058
14	31352870.5768	42684566.4947	0.0000	12457886.6342
15	38385652.5795	42910891.2991	0.0000	11350555.4121
16	39495556.9722	42910891.2991	0.0000	10955415.6107
17	37551368.4872	42910891.2991	0.0000	13876041.3697
18	37956588.4041	52158084.7874	0.0000	14092810.9778
19	40357137.7070	54868146.6017	0.0000	12184177.5737
20	41654951.7669	54868146.6017	0.0000	12799761.1396
21	47175320.4522	54868146.6017	0.0000	8008073.3382
22	48460158.7754	54868146.6017	0.0000	12675709.1179
23	50409713.7165	54868146.6017	0.0000	12365799.3331
24	54813945.3654	54868146.6017	52158084.7874	379408.6540
25	48283969.0095	54868146.6017	0.0000	17830037.2073
26	50288029.6939	54868146.6017	0.0000	14888964.7245
27	51576057.8056	54868146.6017	0.0000	13030462.8486
28	54596686.1964	54868146.6017	41295126.3395	1900222.8367
29	53770783.6696	54868146.6017	0.0000	7681540.5242
30	49005725.5110	54868146.6017	0.0000	16528089.0127
31	49810790.7768	54868146.6017	0.0000	15087812.9252
32	48283969.0095	54868146.6017	0.0000	17830037.2073
33	46089243.1454	54868146.6017	0.0000	20114994.8035
34	47186606.0774	54868146.6017	0.0000	19038535.3109
35	51576057.8056	54868146.6017	0.0000	13030462.8486
36	51576057.8056	54868146.6017	0.0000	13030462.8486
37	51576057.8056	54868146.6017	0.0000	13030462.8486
38	49380110.6071	54868146.6017	0.0000	16460039.0842
39	50478694.8735	54868146.6017	0.0000	14885355.0326
40	51576057.8056	54868146.6017	0.0000	13030462.8486
41	49088399.9724	54868146.6017	0.0000	16476967.6751
42	49098592.9854	54868146.6017	0.0000	16485165.0912
43	50114001.3285	54868146.6017	0.0000	14996307.9700
44	50478694.8735	54868146.6017	0.0000	14885355.0326
45	53770783.6696	54868146.6017	0.0000	7681540.5242
46	54868146.6017	54868146.6017	54868146.6017	0.0000
47	53767462.8672	54868146.6017	0.0000	7681101.2839
48	51113636.9627	54868146.6017	0.0000	13312630.0879
49	50478694.8735	54868146.6017	0.0000	14885355.0326
=== Epoch 2 ===
gen	avg	max	min	std
0	1521867.3861	60418986.7193	0.0000	8695212.7158
1	2554944.7709	67328251.8240	0.0000	12535677.3337
2	6083239.0628	78522944.1232	0.0000	18075807.6554
3	11298187.7361	78522944.1232	0.0000	24301085.3991
4	8645942.8858	78522944.1232	0.0000	20801443.1595
5	6065041.1117	78522944.1232	0.0000	17002982.0099
6	14249034.5427	78522944.1232	0.0000	24974383.9180
7	23419305.8307	78522944.1232	0.0000	28398682.0375
8	29475775.6114	78522944.1232	0.0000	30611392.8258
9	40223859.1545	85103373.1575	0.0000	31771933.8069
10	40706143.1552	81128963.4216	0.0000	33214745.0133
11	45899814.2403	81128963.4216	0.0000	33700900.5299
12	55203520.7619	81128963.4216	0.0000	34473853.6537
13	72685594.7246	81128963.4216	0.0000	21708207.0940
14	69936478.3807	81128963.4216	0.0000	26553651.2112
15	74534405.5760	81128963.4216	0.0000	21984907.4766
16	76261225.6163	81128963.4216	0.0000	19267061.2967
17	76394530.9769	87794231.4497	0.0000	19323255.1020
18	73462097.4925	87794231.4497	0.0000	22872112.6422
19	79413182.6633	87794231.4497	0.0000	13187146.0730
20	74749036.7668	87794231.4497	0.0000	25080632.2471
21	78126612.1914	87794231.4497	0.0000	23252188.2137
22	81460134.6783	87794231.4497	0.0000	20723343.6082
23	85063892.7058	87794231.4497	0.0000	12857181.5798
24	85977066.1486	87794231.4497	0.0000	12289923.4263
25	84282462.1918	87794231.4497	0.0000	17204085.5529
26	79678799.2845	87794231.4497	0.0000	24705819.4340
27	80770692.9338	87794231.4497	0.0000	23817977.9323
28	86038346.8208	87794231.4497	0.0000	12291192.4030
29	80188316.8843	87794231.4497	0.0000	23994464.4208
30	79014808.3048	87794231.4497	0.0000	26338269.4349
31	80671238.5749	87794231.4497	0.0000	23798817.1355
32	85880398.9664	87794231.4497	0.0000	12318326.3059
33	86038346.8208	87794231.4497	0.0000	12291192.4030
34	86038346.8208	87794231.4497	0.0000	12291192.4030
35	87794231.4497	87794231.4497	87794231.4497	0.0000
36	82601151.6917	91522937.8956	0.0000	20875335.0204
37	80994415.3205	91522937.8956	0.0000	23900269.0734
38	85638834.4183	91522937.8956	0.0000	13925453.5903
39	79473856.1206	91522937.8956	0.0000	27575558.7362
40	85136672.0748	91522937.8956	0.0000	21567087.8644
41	85935255.2367	91522937.8956	0.0000	20823850.8982
42	87862020.3798	91522937.8956	0.0000	17934759.8084
43	89692479.1377	91522937.8956	0.0000	12813211.3054
44	84563524.6778	91522937.8956	0.0000	23704642.5997
45	88941002.9033	91522937.8956	0.0000	13751305.4456
46	84888898.1680	91522937.8956	0.0000	22887996.7450
47	84201102.8639	91522937.8956	0.0000	24829550.6333
48	86031561.6219	91522937.8956	0.0000	21735493.4677
49	83494131.7012	91522937.8956	0.0000	25112636.9628
=== Epoch 3 ===
gen	avg	max	min	std
0	0.0000	0.0000	0.0000	0.0000
1	0.0000	0.0000	0.0000	0.0000
2	689614.0508	34480702.5412	0.0000	4827298.3558
3	2632913.5977	62684274.8024	0.0000	10918373.7821
4	4701224.6172	62684274.8024	0.0000	14672696.3658
5	11612739.3309	62684274.8024	0.0000	21551749.2685
6	20638885.5377	62684274.8024	0.0000	24441992.3272
7	26820863.6780	62684274.8024	0.0000	25897184.6167
8	36025018.6921	62684274.8024	0.0000	25685282.1908
9	27965787.6854	62684274.8024	0.0000	26785338.1984
10	29799368.3472	62103529.7588	0.0000	26581832.1453
11	33439822.9206	62103529.7588	0.0000	27332981.2475
12	47371818.7579	62103529.7588	0.0000	22826995.5497
13	58244584.6084	62103529.7588	0.0000	12958473.1801
14	60861459.1636	62103529.7588	0.0000	8694494.1662
15	57135247.3781	62103529.7588	0.0000	16848265.2776
16	57135247.3781	62103529.7588	0.0000	16848265.2776
17	58262982.6119	62103529.7588	0.0000	14741598.6537
18	57948476.9243	62103529.7588	0.0000	14944620.1931
19	57573263.5197	62103529.7588	0.0000	15068192.5251
20	60096859.7290	66822394.2662	0.0000	9262769.1563
21	59713765.8586	66822394.2662	0.0000	12206896.3494
22	55786434.2611	66822394.2662	0.0000	18737765.1956
23	56279964.9511	72434264.2076	0.0000	19152272.5317
24	60280422.2354	83401654.8143	0.0000	16229793.8683
25	56783210.5638	72434264.2076	0.0000	24185290.4195
26	62805391.4185	72434264.2076	0.0000	21119395.5910
27	67414783.9621	72434264.2076	0.0000	17128553.5306
28	64509411.1437	72434264.2076	0.0000	21879160.1420
29	67851937.6062	72434264.2076	0.0000	17221362.2954
30	67648607.0581	72434264.2076	0.0000	17365578.2668
31	70985578.9234	72434264.2076	0.0000	10140796.9891
32	68088208.3551	72434264.2076	0.0000	17202184.6405
33	68977131.7891	72434264.2076	0.0000	14614506.7361
34	68088208.3551	72434264.2076	0.0000	17202184.6405
35	67208487.5765	72434264.2076	0.0000	18060732.2359
36	71422777.8725	72434264.2076	21859947.4535	7080404.3456
37	70985578.9234	72434264.2076	0.0000	10140796.9891
38	70954517.9455	73125554.1928	0.0000	10141750.4605
39	70559297.6977	80331826.8079	0.0000	10942246.6849
40	68720013.3631	80331826.8079	0.0000	17492781.8869
41	73196896.4515	80331826.8079	0.0000	11037067.6945
42	70588304.3711	80331826.8079	0.0000	21154573.7442
43	77135972.9010	80331826.8079	0.0000	11801441.4959
44	75336551.2083	80331826.8079	0.0000	19072939.6561
45	77118553.7356	80331826.8079	0.0000	15741758.8628
46	77858505.2565	80331826.8079	0.0000	12669012.3630
47	75511917.1994	80331826.8079	0.0000	19077751.8399
48	70584818.6226	80331826.8079	0.0000	26075938.9664
49	69085371.0548	80331826.8079	0.0000	27874102.1157
=== Epoch 1 ===
gen	avg	max	min	std
0	0.0000	0.0000	0.0000	0.0000
1	0.0000	0.0000	0.0000	0.0000
2	0.0000	0.0000	0.0000	0.0000
3	0.0000	0.0000	0.0000	0.0000
4	0.0000	0.0000	0.0000	0.0000
5	0.0000	0.0000	0.0000	0.0000
6	0.0000	0.0000	0.0000	0.0000
7	0.0000	0.0000	0.0000	0.0000
8	0.0000	0.0000	0.0000	0.0000
9	0.0000	0.0000	0.0000	0.0000
10	0.0000	0.0000	0.0000	0.0000
11	0.0000	0.0000	0.0000	0.0000
12	0.0000	0.0000	0.0000	0.0000
13	0.0000	0.0000	0.0000	0.0000
14	0.0000	0.0000	0.0000	0.0000
15	0.0000	0.0000	0.0000	0.0000
16	0.0000	0.0000	0.0000	0.0000
17	0.0000	0.0000	0.0000	0.0000
18	0.0000	0.0000	0.0000	0.0000
19	0.0000	0.0000	0.0000	0.0000
20	0.0000	0.0000	0.0000	0.0000
21	0.0000	0.0000	0.0000	0.0000
22	0.0000	0.0000	0.0000	0.0000
23	0.0000	0.0000	0.0000	0.0000
24	0.0000	0.0000	0.0000	0.0000
25	0.0000	0.0000	0.0000	0.0000
26	0.0000	0.0000	0.0000	0.0000
27	0.0000	0.0000	0.0000	0.0000
28	0.0000	0.0000	0.0000	0.0000
29	0.0000	0.0000	0.0000	0.0000
30	0.0000	0.0000	0.0000	0.0000
31	0.0000	0.0000	0.0000	0.0000
32	0.0000	0.0000	0.0000	0.0000
33	0.0000	0.0000	0.0000	0.0000
34	0.0000	0.0000	0.0000	0.0000
35	0.0000	0.0000	0.0000	0.0000
36	0.0000	0.0000	0.0000	0.0000
37	0.0000	0.0000	0.0000	0.0000
38	0.0000	0.0000	0.0000	0.0000
39	0.0000	0.0000	0.0000	0.0000
40	0.0000	0.0000	0.0000	0.0000
41	0.0000	0.0000	0.0000	0.0000
42	0.0000	0.0000	0.0000	0.0000
43	0.0000	0.0000	0.0000	0.0000
44	0.0000	0.0000	0.0000	0.0000
45	0.0000	0.0000	0.0000	0.0000
46	0.0000	0.0000	0.0000	0.0000
47	0.0000	0.0000	0.0000	0.0000
48	0.0000	0.0000	0.0000	0.0000
49	0.0000	0.0000	0.0000	0.0000
=== Epoch 2 ===
gen	avg	max	min	std
0	0.0000	0.0000	0.0000	0.0000
1	0.0000	0.0000	0.0000	0.0000
2	0.0000	0.0000	0.0000	0.0000
3	0.0000	0.0000	0.0000	0.0000
4	0.0000	0.0000	0.0000	0.0000
5	0.0000	0.0000	0.0000	0.0000
6	0.0000	0.0000	0.0000	0.0000
7	0.0000	0.0000	0.0000	0.0000
8	0.0000	0.0000	0.0000	0.0000
9	0.0000	0.0000	0.0000	0.0000
10	0.0000	0.0000	0.0000	0.0000
11	0.0000	0.0000	0.0000	0.0000
12	0.0000	0.0000	0.0000	0.0000
13	0.0000	0.0000	0.0000	0.0000
14	0.0000	0.0000	0.0000	0.0000
15	0.0000	0.0000	0.0000	0.0000
16	0.0000	0.0000	0.0000	0.0000
17	0.0000	0.0000	0.0000	0.0000
18	0.0000	0.0000	0.0000	0.0000
19	0.0000	0.0000	0.0000	0.0000
20	0.0000	0.0000	0.0000	0.0000
21	0.0000	0.0000	0.0000	0.0000
22	0.0000	0.0000	0.0000	0.0000
23	0.0000	0.0000	0.0000	0.0000
24	0.0000	0.0000	0.0000	0.0000
25	0.0000	0.0000	0.0000	0.0000
26	0.0000	0.0000	0.0000	0.0000
27	0.0000	0.0000	0.0000	0.0000
28	0.0000	0.0000	0.0000	0.0000
29	0.0000	0.0000	0.0000	0.0000
30	0.0000	0.0000	0.0000	0.0000
31	0.0000	0.0000	0.0000	0.0000
32	0.0000	0.0000	0.0000	0.0000
33	0.0000	0.0000	0.0000	0.0000
34	0.0000	0.0000	0.0000	0.0000
35	0.0000	0.0000	0.0000	0.0000
36	0.0000	0.0000	0.0000	0.0000
37	0.0000	0.0000	0.0000	0.0000
38	0.0000	0.0000	0.0000	0.0000
39	0.0000	0.0000	0.0000	0.0000
40	0.0000	0.0000	0.0000	0.0000
41	0.0000	0.0000	0.0000	0.0000
42	0.0000	0.0000	0.0000	0.0000
43	0.0000	0.0000	0.0000	0.0000
44	0.0000	0.0000	0.0000	0.0000
45	0.0000	0.0000	0.0000	0.0000
46	0.0000	0.0000	0.0000	0.0000
47	0.0000	0.0000	0.0000	0.0000
48	0.0000	0.0000	0.0000	0.0000
49	0.0000	0.0000	0.0000	0.0000
=== Epoch 3 ===
gen	avg	max	min	std
0	0.0000	0.0000	0.0000	0.0000
1	0.0000	0.0000	0.0000	0.0000
2	0.0000	0.0000	0.0000	0.0000
3	0.0000	0.0000	0.0000	0.0000
4	0.0000	0.0000	0.0000	0.0000
5	0.0000	0.0000	0.0000	0.0000
6	0.0000	0.0000	0.0000	0.0000
7	0.0000	0.0000	0.0000	0.0000
8	0.0000	0.0000	0.0000	0.0000
9	0.0000	0.0000	0.0000	0.0000
10	0.0000	0.0000	0.0000	0.0000
11	0.0000	0.0000	0.0000	0.0000
12	0.0000	0.0000	0.0000	0.0000
13	0.0000	0.0000	0.0000	0.0000
14	0.0000	0.0000	0.0000	0.0000
15	0.0000	0.0000	0.0000	0.0000
16	0.0000	0.0000	0.0000	0.0000
17	0.0000	0.0000	0.0000	0.0000
18	0.0000	0.0000	0.0000	0.0000
19	0.0000	0.0000	0.0000	0.0000
20	0.0000	0.0000	0.0000	0.0000
21	0.0000	0.0000	0.0000	0.0000
22	0.0000	0.0000	0.0000	0.0000
23	0.0000	0.0000	0.0000	0.0000
24	0.0000	0.0000	0.0000	0.0000
25	0.0000	0.0000	0.0000	0.0000
26	0.0000	0.0000	0.0000	0.0000
27	0.0000	0.0000	0.0000	0.0000
28	0.0000	0.0000	0.0000	0.0000
29	0.0000	0.0000	0.0000	0.0000
30	0.0000	0.0000	0.0000	0.0000
31	0.0000	0.0000	0.0000	0.0000
32	0.0000	0.0000	0.0000	0.0000
33	0.0000	0.0000	0.0000	0.0000
34	0.0000	0.0000	0.0000	0.0000
35	0.0000	0.0000	0.0000	0.0000
36	0.0000	0.0000	0.0000	0.0000
37	0.0000	0.0000	0.0000	0.0000
38	0.0000	0.0000	0.0000	0.0000
39	0.0000	0.0000	0.0000	0.0000
40	0.0000	0.0000	0.0000	0.0000
41	0.0000	0.0000	0.0000	0.0000
42	0.0000	0.0000	0.0000	0.0000
43	0.0000	0.0000	0.0000	0.0000
44	0.0000	0.0000	0.0000	0.0000
45	0.0000	0.0000	0.0000	0.0000
46	0.0000	0.0000	0.0000	0.0000
47	0.0000	0.0000	0.0000	0.0000
48	0.0000	0.0000	0.0000	0.0000
49	0.0000	0.0000	0.0000	0.0000
=== Epoch 1 ===
gen	avg	max	min	std
0	2684089.5962	31260520.6277	0.0000	8232192.5980
1	3089814.9868	31260520.6277	0.0000	8544711.2287
2	8758941.6474	31958105.3857	0.0000	12479066.4230
3	18004605.6499	38284841.0344	0.0000	13035220.3282
4	26503432.5695	46506007.6734	0.0000	9551807.4775
5	31143863.6190	46506007.6734	0.0000	9467320.1918
6	35456064.1305	46506007.6734	0.0000	8447194.8997
7	37343618.0899	46506007.6734	0.0000	10050159.0631
8	39211868.6027	46506007.6734	0.0000	10708152.7348
9	44602788.9451	46506007.6734	29247861.1258	3827983.2314
10	42639715.3263	46506007.6734	0.0000	12598497.4850
11	43715647.2130	46506007.6734	0.0000	11044564.8843
12	43715647.2130	46506007.6734	0.0000	11044564.8843
13	43715647.2130	46506007.6734	0.0000	11044564.8843
14	44574435.0177	46506007.6734	0.0000	9112397.7231
15	42785527.0595	46506007.6734	0.0000	12616763.6096
16	45575887.5200	46506007.6734	0.0000	6510841.0743
17	44631825.7491	49240160.0747	0.0000	9131526.2210
18	45575887.5200	46506007.6734	0.0000	6510841.0743
19	41586648.1014	46506007.6734	0.0000	13989007.8679
20	44467704.4123	56414363.4249	0.0000	9560263.2457
21	46527545.2029	84180536.0678	0.0000	8579430.2374
22	47698907.5303	84180536.0678	0.0000	13345620.4951
23	50179083.8784	84180536.0678	0.0000	18076778.2080
24	57201741.1633	84180536.0678	0.0000	25110296.3913
25	66768008.9816	92125694.0340	0.0000	28813955.8542
26	84975051.8644	92125694.0340	84180536.0678	2383547.3899
27	75997717.3444	92125694.0340	0.0000	28300115.7081
28	79893964.6035	92125694.0340	0.0000	26890274.2382
29	88865412.6491	92125694.0340	0.0000	13955349.8673
30	88516858.0679	95935283.7940	0.0000	18076291.1711
31	85261650.6852	105997533.4462	0.0000	25230452.3548
32	87257897.6455	105997533.4462	0.0000	23101518.0298
33	90216429.4041	105997533.4462	0.0000	23214412.2752
34	97383319.9995	107523747.1980	0.0000	15035816.3066
35	98866090.2238	107523747.1980	0.0000	21984518.4047
36	94491741.6922	116328092.6137	0.0000	34921995.5547
37	95118633.9841	116328092.6137	0.0000	35187689.4381
38	101967510.2526	116328092.6137	0.0000	25898232.1795
39	104451071.5587	116328092.6137	0.0000	21865036.7251
40	109343478.5112	116328092.6137	0.0000	15999932.7976
41	109530731.1605	116328092.6137	0.0000	19407606.9935
42	108897299.5508	116328092.6137	0.0000	27545449.7539
43	109348407.0569	116328092.6137	0.0000	27626391.3206
44	109348407.0569	116328092.6137	0.0000	27626391.3206
45	109348407.0569	116328092.6137	0.0000	27626391.3206
46	112275675.1214	116328092.6137	0.0000	18240884.2375
47	107021845.2046	116328092.6137	0.0000	31559020.4165
48	111570379.2419	116328092.6137	0.0000	22785963.1932
49	109144216.7932	116328092.6137	0.0000	27611775.0109
=== Epoch 2 ===
gen	avg	max	min	std
0	1136140.4554	56807022.7709	0.0000	7952983.1879
1	2272280.9108	56807022.7709	0.0000	11131857.5676
2	9086524.1750	58521862.3547	0.0000	20822888.2789
3	9049627.9150	58521862.3547	0.0000	20739767.7372
4	16200772.6191	63170978.3313	0.0000	25998139.8543
5	25661472.3874	84216042.6304	0.0000	29203153.3230
6	44015197.1708	84216042.6304	0.0000	26619146.2705
7	55288383.3197	90188328.1533	0.0000	19719198.0721
8	58930062.2667	85180853.5518	0.0000	21503101.8670
9	68176168.7475	90188328.1533	0.0000	24629768.5578
10	76389274.6256	90188328.1533	0.0000	23095872.2740
11	80502443.5036	90188328.1533	0.0000	20664718.5694
12	80207874.0299	90188328.1533	0.0000	23729451.3108
13	80768470.1107	90188328.1533	0.0000	23887815.7677
14	79453652.0315	90188328.1533	0.0000	24639358.8486
15	81411307.9194	90188328.1533	0.0000	24110240.0126
16	78059933.2466	90188328.1533	0.0000	29131392.6543
17	86029660.5973	90188328.1533	0.0000	17979163.5943
18	79303136.7175	90188328.1533	0.0000	29287892.3772
19	86580795.0271	90188328.1533	0.0000	17673230.7784
20	88384561.5902	90188328.1533	0.0000	12626365.9415
21	84503233.8910	90188328.1533	0.0000	21435110.1874
22	82973261.9010	90188328.1533	0.0000	24467480.0865
23	86580795.0271	90188328.1533	0.0000	17673230.7784
24	84379085.2795	90188328.1533	0.0000	21498993.1914
25	88384561.5902	90188328.1533	0.0000	12626365.9415
26	79365728.7749	90188328.1533	0.0000	29307737.6627
27	82973261.9010	90188328.1533	0.0000	24467480.0865
28	84174353.2555	90188328.1533	0.0000	21680153.3294
29	88384561.5902	90188328.1533	0.0000	12626365.9415
30	86580795.0271	90188328.1533	0.0000	17673230.7784
31	84777028.4641	90188328.1533	0.0000	21418541.2150
32	84498193.8659	90188328.1533	0.0000	21437021.2612
33	82973261.9010	90188328.1533	0.0000	24467480.0865
34	86580795.0271	90188328.1533	0.0000	17673230.7784
35	86318978.4690	90188328.1533	0.0000	17669876.6371
36	84448753.8345	90188328.1533	0.0000	21458834.3198
37	86047175.8235	90188328.1533	0.0000	17956773.4159
38	81169495.3379	90188328.1533	0.0000	27056498.4460
39	82973261.9010	90188328.1533	0.0000	24467480.0865
40	86580795.0271	90188328.1533	0.0000	17673230.7784
41	88384561.5902	90188328.1533	0.0000	12626365.9415
42	81169495.3379	90188328.1533	0.0000	27056498.4460
43	88384561.5902	90188328.1533	0.0000	12626365.9415
44	82542146.2931	90188328.1533	0.0000	24526387.8127
45	79204257.9372	105569704.6890	0.0000	29515364.5504
46	83194082.2693	104978910.2783	0.0000	24626240.0352
47	82973261.9010	90188328.1533	0.0000	24467480.0865
48	84368632.4886	90188328.1533	0.0000	21505966.1051
49	86580795.0271	90188328.1533	0.0000	17673230.7784
=== Epoch 3 ===
gen	avg	max	min	std
0	0.0000	0.0000	0.0000	0.0000
1	0.0000	0.0000	0.0000	0.0000
2	0.0000	0.0000	0.0000	0.0000
3	0.0000	0.0000	0.0000	0.0000
4	0.0000	0.0000	0.0000	0.0000
5	0.0000	0.0000	0.0000	0.0000
6	740587.5761	37029378.8042	0.0000	5184113.0326
7	1302970.3266	37029378.8042	0.0000	6445113.1973
8	1291308.8907	33951495.1809	0.0000	6334893.8230
9	3504796.6698	42379919.7191	0.0000	10610213.0086
10	6530022.9790	46237585.8072	0.0000	14079908.4479
11	10907883.3666	42379919.7191	0.0000	16810253.1719
12	23001050.5274	46237585.8072	0.0000	17583316.4188
13	27197746.9855	69093313.4548	0.0000	17228884.0145
14	34838560.3848	69093313.4548	0.0000	15779756.0411
15	36714499.1349	69093313.4548	0.0000	17001759.1515
16	38525228.0786	69093313.4548	0.0000	21592725.9752
17	48508361.6116	69093313.4548	0.0000	18687277.3862
18	49854222.2174	125353032.3582	0.0000	29846325.8398
19	57261705.1695	134841139.0623	0.0000	26736564.9016
20	67051648.1239	134841139.0623	0.0000	31235438.5040
21	82282028.9120	134841139.0623	0.0000	38332495.0102
22	105157821.0508	134841139.0623	0.0000	38069558.7326
23	108514333.4348	134841139.0623	0.0000	41805522.1210
24	117032648.9763	134841139.0623	0.0000	34699368.7043
25	130097085.7102	134841139.0623	125353032.3582	4744053.3521
26	125991622.1822	134841139.0623	0.0000	31934557.3245
27	130751007.1680	134841139.0623	0.0000	21070808.9781
28	128824115.8396	134841139.0623	0.0000	26655407.1108
29	120179361.2445	134841139.0623	0.0000	40897312.4302
30	124053847.9373	134841139.0623	0.0000	36581484.0168
31	126750670.7186	134841139.0623	0.0000	32022996.2526
32	123731038.3094	134841139.0623	0.0000	36556074.5533
33	126750670.7186	134841139.0623	0.0000	32022996.2526
34	128164040.7969	134841139.0623	0.0000	27659794.1447
35	129447493.4998	134841139.0623	0.0000	26423358.9631
36	129447493.4998	134841139.0623	0.0000	26423358.9631
37	125887509.8051	134841139.0623	0.0000	32126500.9358
38	132144316.2810	134841139.0623	0.0000	18877759.4687
39	132144316.2810	134841139.0623	0.0000	18877759.4687
40	126750670.7186	134841139.0623	0.0000	32022996.2526
41	123254617.2958	134841139.0623	0.0000	36773109.9713
42	124941756.4045	134841139.0623	0.0000	34007921.7212
43	126081295.9311	134841139.0623	0.0000	30591703.8283
44	121023928.7767	134841139.0623	0.0000	38685184.9256
45	125722793.3616	134841139.0623	0.0000	32567012.9386
46	126322966.3271	134841139.0623	0.0000	32054878.7643
47	119086922.6396	134841139.0623	0.0000	41567767.5317
48	126750670.7186	134841139.0623	0.0000	32022996.2526
49	126750670.7186	134841139.0623	0.0000	32022996.2526
=== Epoch 1 ===
gen	avg	max	min	std
0	0.0000	0.0000	0.0000	0.0000
1	0.0000	0.0000	0.0000	0.0000
2	0.0000	0.0000	0.0000	0.0000
3	0.0000	0.0000	0.0000	0.0000
4	0.0000	0.0000	0.0000	0.0000
5	0.0000	0.0000	0.0000	0.0000
6	0.0000	0.0000	0.0000	0.0000
7	0.0000	0.0000	0.0000	0.0000
8	0.0000	0.0000	0.0000	0.0000
9	0.0000	0.0000	0.0000	0.0000
10	0.0000	0.0000	0.0000	0.0000
11	0.0000	0.0000	0.0000	0.0000
12	0.0000	0.0000	0.0000	0.0000
13	0.0000	0.0000	0.0000	0.0000
14	0.0000	0.0000	0.0000	0.0000
15	0.0000	0.0000	0.0000	0.0000
16	0.0000	0.0000	0.0000	0.0000
17	0.0000	0.0000	0.0000	0.0000
18	0.0000	0.0000	0.0000	0.0000
19	0.0000	0.0000	0.0000	0.0000
20	0.0000	0.0000	0.0000	0.0000
21	0.0000	0.0000	0.0000	0.0000
22	0.0000	0.0000	0.0000	0.0000
23	0.0000	0.0000	0.0000	0.0000
24	0.0000	0.0000	0.0000	0.0000
25	0.0000	0.0000	0.0000	0.0000
26	0.0000	0.0000	0.0000	0.0000
27	0.0000	0.0000	0.0000	0.0000
28	0.0000	0.0000	0.0000	0.0000
29	0.0000	0.0000	0.0000	0.0000
30	0.0000	0.0000	0.0000	0.0000
31	0.0000	0.0000	0.0000	0.0000
32	0.0000	0.0000	0.0000	0.0000
33	0.0000	0.0000	0.0000	0.0000
34	0.0000	0.0000	0.0000	0.0000
35	0.0000	0.0000	0.0000	0.0000
36	0.0000	0.0000	0.0000	0.0000
37	0.0000	0.0000	0.0000	0.0000
38	0.0000	0.0000	0.0000	0.0000
39	0.0000	0.0000	0.0000	0.0000
40	0.0000	0.0000	0.0000	0.0000
41	0.0000	0.0000	0.0000	0.0000
42	0.0000	0.0000	0.0000	0.0000
43	0.0000	0.0000	0.0000	0.0000
44	0.0000	0.0000	0.0000	0.0000
45	0.0000	0.0000	0.0000	0.0000
46	0.0000	0.0000	0.0000	0.0000
47	0.0000	0.0000	0.0000	0.0000
48	0.0000	0.0000	0.0000	0.0000
49	0.0000	0.0000	0.0000	0.0000
=== Epoch 2 ===
gen	avg	max	min	std
0	309227.0161	15461350.8036	0.0000	2164589.1125
1	309227.0161	15461350.8036	0.0000	2164589.1125
2	309227.0161	15461350.8036	0.0000	2164589.1125
3	563694.1865	14234913.5004	0.0000	2761673.4388
4	1121686.0195	14234913.5004	0.0000	3803982.6412
5	3074140.9322	14234913.5004	0.0000	5789440.4493
6	4518425.1550	17335786.1390	0.0000	6617441.6693
7	6401385.5708	17335786.1390	0.0000	7260299.6075
8	9905799.0811	18929585.4113	0.0000	7208147.1181
9	12744876.6049	18929585.4113	0.0000	5747164.3696
10	15832719.4569	18929585.4113	0.0000	4311237.0525
11	16900308.3188	18929585.4113	0.0000	4336755.6915
12	18156614.5711	18929585.4113	0.0000	2818997.8326
13	17353695.8713	18929585.4113	0.0000	5135383.2028
14	18550993.7031	18929585.4113	0.0000	2650141.9576
15	17713300.6684	18929585.4113	0.0000	4510487.0675
16	18458816.9484	18929585.4113	0.0000	2714735.5002
17	18172401.9948	18929585.4113	0.0000	3709426.0240
18	18792978.0682	49958389.0812	0.0000	5793983.0627
19	19276946.7986	49958389.0812	0.0000	9290472.3134
20	18004564.3308	49958389.0812	0.0000	11860291.9554
21	23347764.6263	49958389.0812	0.0000	16397596.2496
22	26231227.0791	49958389.0812	0.0000	20014232.3647
23	35789333.2541	49958389.0812	0.0000	20597150.8553
24	47339477.4445	49958389.0812	0.0000	10593897.3266
25	48320888.9489	49958389.0812	0.0000	8222458.0024
26	46143251.4811	49958389.0812	0.0000	12494426.3327
27	48959221.2996	49958389.0812	0.0000	6994174.4714
28	49009752.7791	52484963.0568	0.0000	7010319.0711
29	50244034.4606	56660936.1249	49958389.0812	1095401.3045
30	45217117.4881	62263356.6591	0.0000	15733599.8900
31	47570043.6964	62263356.6591	0.0000	13609185.0112
32	48679549.0660	62263356.6591	0.0000	16476297.4897
33	46803673.5682	62263356.6591	0.0000	22475296.2136
34	50860535.7289	62263356.6591	0.0000	22449083.8115
35	59660773.9820	62263356.6591	0.0000	12203414.6461
36	56227104.4433	71767529.1677	0.0000	18789433.2894
37	60152989.2931	71767529.1677	0.0000	12418878.5597
38	60092224.6667	71767529.1677	0.0000	12934549.9859
39	59183122.6281	71767529.1677	0.0000	17852620.6459
40	64230058.7647	71767529.1677	0.0000	16820618.1462
41	68401129.4315	78431246.2782	0.0000	14222762.6856
42	70066410.9742	78431246.2782	0.0000	11177325.8914
43	70096297.0809	78431246.2782	0.0000	14533514.2225
44	73130939.7707	78431246.2782	0.0000	10945447.8753
45	74227801.6894	78431246.2782	0.0000	15345823.1912
46	64824977.4763	78431246.2782	0.0000	29240281.1386
47	67450871.7992	78431246.2782	0.0000	27214625.3196
48	76309250.6275	78431246.2782	26550496.0102	9210834.2400
49	69019496.7248	78431246.2782	0.0000	25487138.2755
=== Epoch 3 ===
gen	avg	max	min	std
0	0.0000	0.0000	0.0000	0.0000
1	0.0000	0.0000	0.0000	0.0000
2	0.0000	0.0000	0.0000	0.0000
3	0.0000	0.0000	0.0000	0.0000
4	0.0000	0.0000	0.0000	0.0000
5	1652329.3096	82616465.4775	0.0000	11566305.1669
6	1652329.3096	82616465.4775	0.0000	11566305.1669
7	0.0000	0.0000	0.0000	0.0000
8	0.0000	0.0000	0.0000	0.0000
9	0.0000	0.0000	0.0000	0.0000
10	0.0000	0.0000	0.0000	0.0000
11	0.0000	0.0000	0.0000	0.0000
12	0.0000	0.0000	0.0000	0.0000
13	0.0000	0.0000	0.0000	0.0000
14	0.0000	0.0000	0.0000	0.0000
15	0.0000	0.0000	0.0000	0.0000
16	0.0000	0.0000	0.0000	0.0000
17	0.0000	0.0000	0.0000	0.0000
18	0.0000	0.0000	0.0000	0.0000
19	0.0000	0.0000	0.0000	0.0000
20	0.0000	0.0000	0.0000	0.0000
21	0.0000	0.0000	0.0000	0.0000
22	0.0000	0.0000	0.0000	0.0000
23	0.0000	0.0000	0.0000	0.0000
24	0.0000	0.0000	0.0000	0.0000
25	0.0000	0.0000	0.0000	0.0000
26	0.0000	0.0000	0.0000	0.0000
27	0.0000	0.0000	0.0000	0.0000
28	0.0000	0.0000	0.0000	0.0000
29	0.0000	0.0000	0.0000	0.0000
30	0.0000	0.0000	0.0000	0.0000
31	0.0000	0.0000	0.0000	0.0000
32	0.0000	0.0000	0.0000	0.0000
33	0.0000	0.0000	0.0000	0.0000
34	0.0000	0.0000	0.0000	0.0000
35	0.0000	0.0000	0.0000	0.0000
36	0.0000	0.0000	0.0000	0.0000
37	0.0000	0.0000	0.0000	0.0000
38	0.0000	0.0000	0.0000	0.0000
39	0.0000	0.0000	0.0000	0.0000
40	0.0000	0.0000	0.0000	0.0000
41	0.0000	0.0000	0.0000	0.0000
42	0.0000	0.0000	0.0000	0.0000
43	0.0000	0.0000	0.0000	0.0000
44	0.0000	0.0000	0.0000	0.0000
45	0.0000	0.0000	0.0000	0.0000
46	0.0000	0.0000	0.0000	0.0000
47	0.0000	0.0000	0.0000	0.0000
48	0.0000	0.0000	0.0000	0.0000
49	0.0000	0.0000	0.0000	0.0000
=== Epoch 4 ===
gen	avg	max	min	std
0	0.0000	0.0000	0.0000	0.0000
1	0.0000	0.0000	0.0000	0.0000
2	0.0000	0.0000	0.0000	0.0000
3	0.0000	0.0000	0.0000	0.0000
4	0.0000	0.0000	0.0000	0.0000
5	0.0000	0.0000	0.0000	0.0000
6	0.0000	0.0000	0.0000	0.0000
7	0.0000	0.0000	0.0000	0.0000
8	0.0000	0.0000	0.0000	0.0000
9	0.0000	0.0000	0.0000	0.0000
10	0.0000	0.0000	0.0000	0.0000
11	0.0000	0.0000	0.0000	0.0000
12	0.0000	0.0000	0.0000	0.0000
13	0.0000	0.0000	0.0000	0.0000
14	0.0000	0.0000	0.0000	0.0000
15	0.0000	0.0000	0.0000	0.0000
16	0.0000	0.0000	0.0000	0.0000
17	0.0000	0.0000	0.0000	0.0000
18	0.0000	0.0000	0.0000	0.0000
19	0.0000	0.0000	0.0000	0.0000
20	0.0000	0.0000	0.0000	0.0000
21	0.0000	0.0000	0.0000	0.0000
22	0.0000	0.0000	0.0000	0.0000
23	0.0000	0.0000	0.0000	0.0000
24	0.0000	0.0000	0.0000	0.0000
25	0.0000	0.0000	0.0000	0.0000
26	0.0000	0.0000	0.0000	0.0000
27	0.0000	0.0000	0.0000	0.0000
28	0.0000	0.0000	0.0000	0.0000
29	0.0000	0.0000	0.0000	0.0000
30	0.0000	0.0000	0.0000	0.0000
31	0.0000	0.0000	0.0000	0.0000
32	0.0000	0.0000	0.0000	0.0000
33	0.0000	0.0000	0.0000	0.0000
34	0.0000	0.0000	0.0000	0.0000
35	0.0000	0.0000	0.0000	0.0000
36	0.0000	0.0000	0.0000	0.0000
37	0.0000	0.0000	0.0000	0.0000
38	0.0000	0.0000	0.0000	0.0000
39	0.0000	0.0000	0.0000	0.0000
40	0.0000	0.0000	0.0000	0.0000
41	0.0000	0.0000	0.0000	0.0000
42	0.0000	0.0000	0.0000	0.0000
43	0.0000	0.0000	0.0000	0.0000
44	0.0000	0.0000	0.0000	0.0000
45	0.0000	0.0000	0.0000	0.0000
46	0.0000	0.0000	0.0000	0.0000
47	0.0000	0.0000	0.0000	0.0000
48	0.0000	0.0000	0.0000	0.0000
49	0.0000	0.0000	0.0000	0.0000
=== Epoch 5 ===
gen	avg	max	min	std
0	0.0000	0.0000	0.0000	0.0000
1	0.0000	0.0000	0.0000	0.0000
2	0.0000	0.0000	0.0000	0.0000
3	0.0000	0.0000	0.0000	0.0000
4	0.0000	0.0000	0.0000	0.0000
5	0.0000	0.0000	0.0000	0.0000
6	0.0000	0.0000	0.0000	0.0000
7	0.0000	0.0000	0.0000	0.0000
8	0.0000	0.0000	0.0000	0.0000
9	0.0000	0.0000	0.0000	0.0000
10	0.0000	0.0000	0.0000	0.0000
11	0.0000	0.0000	0.0000	0.0000
12	0.0000	0.0000	0.0000	0.0000
13	0.0000	0.0000	0.0000	0.0000
14	0.0000	0.0000	0.0000	0.0000
15	0.0000	0.0000	0.0000	0.0000
16	0.0000	0.0000	0.0000	0.0000
17	0.0000	0.0000	0.0000	0.0000
18	0.0000	0.0000	0.0000	0.0000
19	0.0000	0.0000	0.0000	0.0000
20	0.0000	0.0000	0.0000	0.0000
21	0.0000	0.0000	0.0000	0.0000
22	0.0000	0.0000	0.0000	0.0000
23	0.0000	0.0000	0.0000	0.0000
24	0.0000	0.0000	0.0000	0.0000
25	0.0000	0.0000	0.0000	0.0000
26	0.0000	0.0000	0.0000	0.0000
27	0.0000	0.0000	0.0000	0.0000
28	0.0000	0.0000	0.0000	0.0000
29	0.0000	0.0000	0.0000	0.0000
30	0.0000	0.0000	0.0000	0.0000
31	0.0000	0.0000	0.0000	0.0000
32	0.0000	0.0000	0.0000	0.0000
33	0.0000	0.0000	0.0000	0.0000
34	0.0000	0.0000	0.0000	0.0000
35	0.0000	0.0000	0.0000	0.0000
36	0.0000	0.0000	0.0000	0.0000
37	0.0000	0.0000	0.0000	0.0000
38	0.0000	0.0000	0.0000	0.0000
39	0.0000	0.0000	0.0000	0.0000
40	0.0000	0.0000	0.0000	0.0000
41	0.0000	0.0000	0.0000	0.0000
42	0.0000	0.0000	0.0000	0.0000
43	0.0000	0.0000	0.0000	0.0000
44	0.0000	0.0000	0.0000	0.0000
45	0.0000	0.0000	0.0000	0.0000
46	0.0000	0.0000	0.0000	0.0000
47	0.0000	0.0000	0.0000	0.0000
48	0.0000	0.0000	0.0000	0.0000
49	0.0000	0.0000	0.0000	0.0000
=== Epoch 6 ===
gen	avg	max	min	std
0	0.0000	0.0000	0.0000	0.0000
1	368117.1776	18405858.8808	0.0000	2576820.2433
2	368117.1776	18405858.8808	0.0000	2576820.2433
3	368117.1776	18405858.8808	0.0000	2576820.2433
4	368117.1776	18405858.8808	0.0000	2576820.2433
5	949011.5435	18405858.8808	0.0000	3861878.9892
6	1494052.4988	18405858.8808	0.0000	4682216.7130
7	2178472.9363	18405858.8808	0.0000	5584577.1832
8	2814579.7435	19134574.5288	0.0000	6121139.9528
9	5405264.0848	19134574.5288	0.0000	7748464.2997
10	9995146.4440	19134574.5288	0.0000	8030232.0006
11	15486870.9627	19134574.5288	0.0000	5578636.1436
12	17476471.9898	19134574.5288	0.0000	4488667.2302
13	18822714.2293	19134574.5288	4270275.2001	2081420.5664
14	17053539.3003	21376781.5036	0.0000	5885506.7719
15	16058241.1082	21376781.5036	0.0000	7061465.0610
16	19065792.0147	21376781.5036	0.0000	2832270.5927
17	17938623.3079	21376781.5036	0.0000	6065615.5825
18	19376668.3815	21376781.5036	0.0000	5002634.5283
19	20432021.9645	21376781.5036	0.0000	4193709.6461
20	20094174.6134	21376781.5036	0.0000	5076704.3259
21	20521710.2435	21376781.5036	0.0000	4188976.5621
22	21596083.3109	32341871.8671	21376781.5036	1535112.6509
23	21596083.3109	32341871.8671	21376781.5036	1535112.6509
24	19083358.5625	32341871.8671	0.0000	9168858.3478
25	21863992.3898	32341871.8671	0.0000	7538331.1232
26	27317708.0624	32559616.3179	0.0000	6616108.4301
27	30385713.3588	41125531.4256	0.0000	7014428.6051
28	31885316.9293	41125531.4256	0.0000	6921535.1002
29	30808112.0575	41358041.1792	0.0000	10800935.7418
30	31411334.2030	41358041.1792	0.0000	11408699.2926
31	35676185.5743	41358041.1792	0.0000	9766901.4916
32	32154421.3892	41358041.1792	0.0000	15400085.6960
33	34397792.6244	41358041.1792	0.0000	13757626.1422
34	37617590.0936	41358041.1792	0.0000	11231052.8492
35	37222237.0612	41358041.1792	0.0000	12407412.3537
36	38995669.0870	41358041.1792	0.0000	8753667.0542
37	38177701.7315	49311562.0900	0.0000	10724074.2074
38	39041034.5920	49311562.0900	0.0000	9638550.4293
39	37815115.1297	49311562.0900	0.0000	12385207.9761
40	38537597.2386	49311562.0900	0.0000	13112018.5475
41	38908394.1966	49311562.0900	0.0000	16125633.5483
42	44284952.9278	49311562.0900	0.0000	11708040.7560
43	46861888.3518	49311562.0900	0.0000	9749862.2810
44	44221335.4628	49311562.0900	0.0000	14782346.8488
45	44380405.8810	49311562.0900	0.0000	14793468.6270
46	43394174.6392	49311562.0900	0.0000	16024360.9685
47	45366637.1228	49311562.0900	0.0000	13377891.4431
48	48325330.8482	49311562.0900	0.0000	6903618.6926
49	45990003.9320	49311562.0900	0.0000	11893216.1576
=== Epoch 7 ===
gen	avg	max	min	std
0	946676.8924	47333844.6223	0.0000	6626738.2471
1	751291.2116	37564560.5799	0.0000	5259038.4812
2	751291.2116	37564560.5799	0.0000	5259038.4812
3	1502582.4232	37564560.5799	0.0000	7361120.4666
4	2316852.8816	40713522.9216	0.0000	9177573.7622
5	4093394.4997	46934338.0354	0.0000	12328684.7938
6	4171332.1050	49371141.4142	0.0000	12591075.7131
7	5764631.3757	57367968.5263	0.0000	14714780.0825
8	7418051.9548	51203787.5237	0.0000	15979706.5529
9	11504409.7574	51203787.5237	0.0000	18915582.7073
10	27937481.0336	51203787.5237	0.0000	20285652.2247
11	35936336.4424	56957685.3071	0.0000	19107781.4482
12	33660970.9346	56733285.7310	0.0000	22553361.1545
13	38849850.6940	56733285.7310	0.0000	21072991.5255
14	48091777.5533	56733285.7310	0.0000	14411342.3061
15	46938463.1965	56733285.7310	0.0000	17725403.4683
16	51781029.0891	56733285.7310	0.0000	13310003.5636
17	52997518.6947	56733285.7310	0.0000	13453568.6071
18	54463954.3018	56733285.7310	0.0000	11117408.1178
19	52052263.6942	56733285.7310	0.0000	15381631.7815
20	53329288.5872	56733285.7310	0.0000	13473408.8498
21	48790625.7287	56733285.7310	0.0000	19685714.4007
22	48790625.7287	56733285.7310	0.0000	19685714.4007
23	54463954.3018	56733285.7310	0.0000	11117408.1178
24	55645019.8223	64190955.0642	0.0000	8051660.8886
25	53821248.1857	64190955.0642	0.0000	13907644.3467
26	57148715.2617	64190955.0642	0.0000	12190000.2533
27	62012215.6430	64190955.0642	0.0000	9183500.8903
28	61474163.4750	64190955.0642	0.0000	12591684.8984
29	60339497.7604	64190955.0642	0.0000	15244507.1865
30	61734484.2889	69749326.4241	0.0000	12625482.5514
31	60673000.0420	69749326.4241	0.0000	15385267.1318
32	62179153.9977	69749326.4241	0.0000	12800834.1200
33	63394302.9017	69749326.4241	0.0000	9514933.8548
34	61056692.3487	69749326.4241	0.0000	18191675.8815
35	62501868.9022	69749326.4241	0.0000	18599475.5316
36	61157072.3988	69749326.4241	0.0000	22609847.7404
37	65564366.8387	69749326.4241	0.0000	16564547.2460
38	65564366.8387	69749326.4241	0.0000	16564547.2460
39	64221203.3260	72340477.2144	0.0000	18941267.6236
40	64532141.4208	72340477.2144	0.0000	19050418.1663
41	65709853.3527	72340477.2144	0.0000	16741436.4897
42	67111588.8882	72340477.2144	0.0000	14463519.9290
43	68654749.5224	72340477.2144	0.0000	14077922.1702
44	66397769.9899	72340477.2144	0.0000	19589248.2264
45	70893667.6701	72340477.2144	0.0000	10127666.8100
46	69446858.1259	72340477.2144	0.0000	14175780.5540
47	69446858.1259	72340477.2144	0.0000	14175780.5540
48	70893667.6701	72340477.2144	0.0000	10127666.8100
49	70893667.6701	72340477.2144	0.0000	10127666.8100
=== Epoch 8 ===
gen	avg	max	min	std
0	0.0000	0.0000	0.0000	0.0000
1	0.0000	0.0000	0.0000	0.0000
2	0.0000	0.0000	0.0000	0.0000
3	0.0000	0.0000	0.0000	0.0000
4	0.0000	0.0000	0.0000	0.0000
5	0.0000	0.0000	0.0000	0.0000
6	956154.4151	47807720.7545	0.0000	6693080.9056
7	1460669.6128	47807720.7545	0.0000	7503651.5639
8	941058.1226	25225759.8844	0.0000	4622734.5922
9	2340955.2359	44560341.8328	0.0000	8330521.3694
10	2490575.2332	30005441.5007	0.0000	7528635.9832
11	6891622.2141	48545070.5418	0.0000	12820017.5926
12	12930533.5792	48545070.5418	0.0000	14862407.3355
13	21553838.3549	48545070.5418	0.0000	14302623.4754
14	30451012.4873	48545070.5418	0.0000	11491419.8674
15	34790156.9606	48545070.5418	0.0000	12732426.5201
16	43271372.4583	48545070.5418	0.0000	8128778.0855
17	45408137.4813	48545070.5418	0.0000	9618717.7909
18	46192158.3960	48545070.5418	0.0000	9661863.7277
19	44661464.8985	48545070.5418	0.0000	13169947.4988
20	45632366.3093	48545070.5418	0.0000	11528815.4851
21	44661464.8985	48545070.5418	0.0000	13169947.4988
22	45432985.9603	48545070.5418	0.0000	11562871.1041
23	46603267.7202	48545070.5418	0.0000	9512852.1884
24	46603267.7202	48545070.5418	0.0000	9512852.1884
25	45632366.3093	48545070.5418	0.0000	11528815.4851
26	47574169.1310	48545070.5418	0.0000	6796309.8759
27	47574169.1310	48545070.5418	0.0000	6796309.8759
28	46603267.7202	48545070.5418	0.0000	9512852.1884
29	47486062.0653	48545070.5418	0.0000	6811690.0455
30	45632366.3093	48545070.5418	0.0000	11528815.4851
31	45604618.0138	48545070.5418	0.0000	11523440.0142
32	47545225.8619	48545070.5418	0.0000	6795194.9005
33	46286927.6692	48545070.5418	0.0000	9704086.6193
34	47574169.1310	48545070.5418	0.0000	6796309.8759
35	45209315.2800	48910659.3360	0.0000	11697657.9602
36	48574317.6454	48910659.3360	48545070.5418	99181.7536
37	45690860.5164	48910659.3360	0.0000	11544362.3640
38	45742042.9476	48910659.3360	0.0000	11557705.8835
39	45873654.9135	48910659.3360	0.0000	11590909.5150
40	48910659.3360	48910659.3360	48910659.3360	0.0000
41	43537353.2815	48910659.3360	0.0000	14757524.2680
42	44385921.4068	48910659.3360	0.0000	13426356.4716
43	44997806.5891	48910659.3360	0.0000	13269129.2524
44	48718171.2818	52657259.5626	35539656.4002	1954319.0641
45	45072738.5937	52657259.5626	0.0000	13301553.0061
46	43266176.2293	52657259.5626	0.0000	16001635.6306
47	43565904.2474	52657259.5626	0.0000	16139054.6966
48	45593165.4976	52657259.5626	0.0000	15300818.2745
49	48823435.9481	52657259.5626	0.0000	12417555.2327
=== Epoch 1 ===
gen	avg	max	min	std
0	0.0000	0.0000	0.0000	0.0000
1	0.0000	0.0000	0.0000	0.0000
2	0.0000	0.0000	0.0000	0.0000
3	0.0000	0.0000	0.0000	0.0000
4	0.0000	0.0000	0.0000	0.0000
5	481001.4607	24050073.0338	0.0000	3367010.2247
6	276814.8406	13840742.0311	0.0000	1937703.8844
7	0.0000	0.0000	0.0000	0.0000
8	0.0000	0.0000	0.0000	0.0000
9	0.0000	0.0000	0.0000	0.0000
10	0.0000	0.0000	0.0000	0.0000
11	0.0000	0.0000	0.0000	0.0000
12	0.0000	0.0000	0.0000	0.0000
13	0.0000	0.0000	0.0000	0.0000
14	0.0000	0.0000	0.0000	0.0000
15	0.0000	0.0000	0.0000	0.0000
16	0.0000	0.0000	0.0000	0.0000
17	0.0000	0.0000	0.0000	0.0000
18	0.0000	0.0000	0.0000	0.0000
19	0.0000	0.0000	0.0000	0.0000
20	0.0000	0.0000	0.0000	0.0000
21	0.0000	0.0000	0.0000	0.0000
22	566603.7850	28330189.2513	0.0000	3966226.4952
23	1133207.5701	28330189.2513	0.0000	5551560.6386
24	1133207.5701	28330189.2513	0.0000	5551560.6386
25	2266415.1401	28330189.2513	0.0000	7685787.6795
26	2833018.9251	28330189.2513	0.0000	8499056.7754
27	6799245.4203	28330189.2513	0.0000	12099345.9013
28	14033992.2430	33120567.6510	0.0000	14140435.7570
29	20366507.8292	36920676.8819	0.0000	12859768.7089
30	26111517.6437	29113813.9003	0.0000	7701736.9243
31	27862069.3691	29113813.9003	0.0000	3988875.8263
32	25783631.5213	29113813.9003	0.0000	8600158.0858
33	26050516.5869	29546411.8147	0.0000	8687548.1056
34	27370973.9671	29546411.8147	0.0000	6917528.1775
35	29208985.4415	29546411.8147	29113813.9003	179202.0870
36	27299212.7097	29546411.8147	0.0000	7207338.6978
37	27739019.2727	29546411.8147	0.0000	7009117.6722
38	28565997.7223	39618530.8224	0.0000	5998946.3974
39	27921331.1646	31689497.3229	0.0000	7072361.1726
40	28706369.5895	31689497.3229	0.0000	5901384.7229
41	29237913.5238	39618530.8224	0.0000	6170302.4703
42	30529291.7134	39618530.8224	0.0000	8664195.1480
43	34413434.7694	39618530.8224	0.0000	8193692.3069
44	37991243.1063	42227403.7494	0.0000	6286442.9161
45	37792737.2279	42227403.7494	0.0000	8373195.1014
46	37815371.0170	42227403.7494	0.0000	9613722.5744
47	38441500.5195	42227403.7494	0.0000	9794035.8890
48	40147698.5206	43567933.2242	0.0000	8253841.9245
49	36243464.8463	43567933.2242	0.0000	14674306.4063
=== Epoch 2 ===
gen	avg	max	min	std
0	0.0000	0.0000	0.0000	0.0000
1	0.0000	0.0000	0.0000	0.0000
2	0.0000	0.0000	0.0000	0.0000
3	0.0000	0.0000	0.0000	0.0000
4	0.0000	0.0000	0.0000	0.0000
5	0.0000	0.0000	0.0000	0.0000
6	0.0000	0.0000	0.0000	0.0000
7	0.0000	0.0000	0.0000	0.0000
8	0.0000	0.0000	0.0000	0.0000
9	0.0000	0.0000	0.0000	0.0000
10	0.0000	0.0000	0.0000	0.0000
11	0.0000	0.0000	0.0000	0.0000
12	0.0000	0.0000	0.0000	0.0000
13	0.0000	0.0000	0.0000	0.0000
14	0.0000	0.0000	0.0000	0.0000
15	0.0000	0.0000	0.0000	0.0000
16	0.0000	0.0000	0.0000	0.0000
17	0.0000	0.0000	0.0000	0.0000
18	0.0000	0.0000	0.0000	0.0000
19	0.0000	0.0000	0.0000	0.0000
20	0.0000	0.0000	0.0000	0.0000
21	0.0000	0.0000	0.0000	0.0000
22	0.0000	0.0000	0.0000	0.0000
23	0.0000	0.0000	0.0000	0.0000
24	0.0000	0.0000	0.0000	0.0000
25	0.0000	0.0000	0.0000	0.0000
26	0.0000	0.0000	0.0000	0.0000
27	0.0000	0.0000	0.0000	0.0000
28	0.0000	0.0000	0.0000	0.0000
29	0.0000	0.0000	0.0000	0.0000
30	0.0000	0.0000	0.0000	0.0000
31	0.0000	0.0000	0.0000	0.0000
32	0.0000	0.0000	0.0000	0.0000
33	0.0000	0.0000	0.0000	0.0000
34	0.0000	0.0000	0.0000	0.0000
35	116191.6624	5809583.1184	0.0000	813341.6366
36	0.0000	0.0000	0.0000	0.0000
37	116191.6624	5809583.1184	0.0000	813341.6366
38	240498.0360	6215318.6813	0.0000	1178893.3544
39	728451.2237	6215318.6813	0.0000	1973940.3908
40	2472749.7259	11125941.6250	0.0000	3255648.5774
41	4603856.8311	8995564.4527	0.0000	2969859.9479
42	6839900.0366	26595084.4218	0.0000	3740100.0816
43	9208905.6803	47614438.4684	0.0000	7294690.7581
44	15245056.8477	48923465.9083	0.0000	12191625.9528
45	19427196.6001	48923465.9083	0.0000	14862048.4583
46	28837683.2246	48923465.9083	0.0000	17790324.2034
47	35266313.7094	48923465.9083	0.0000	18968719.8424
48	44229972.2066	48923465.9083	0.0000	13998754.0933
49	45988057.9538	48923465.9083	0.0000	11618679.4056
=== Epoch 3 ===
gen	avg	max	min	std
0	0.0000	0.0000	0.0000	0.0000
1	0.0000	0.0000	0.0000	0.0000
2	0.0000	0.0000	0.0000	0.0000
3	0.0000	0.0000	0.0000	0.0000
4	0.0000	0.0000	0.0000	0.0000
5	0.0000	0.0000	0.0000	0.0000
6	0.0000	0.0000	0.0000	0.0000
7	0.0000	0.0000	0.0000	0.0000
8	0.0000	0.0000	0.0000	0.0000
9	0.0000	0.0000	0.0000	0.0000
10	0.0000	0.0000	0.0000	0.0000
11	0.0000	0.0000	0.0000	0.0000
12	1501015.4072	75050770.3622	0.0000	10507107.8507
13	4503046.2217	75050770.3622	0.0000	17823570.4235
14	0.0000	0.0000	0.0000	0.0000
15	0.0000	0.0000	0.0000	0.0000
16	0.0000	0.0000	0.0000	0.0000
17	0.0000	0.0000	0.0000	0.0000
18	0.0000	0.0000	0.0000	0.0000
19	0.0000	0.0000	0.0000	0.0000
20	1247019.1380	62350956.8978	0.0000	8729133.9657
21	0.0000	0.0000	0.0000	0.0000
22	0.0000	0.0000	0.0000	0.0000
23	0.0000	0.0000	0.0000	0.0000
24	0.0000	0.0000	0.0000	0.0000
25	0.0000	0.0000	0.0000	0.0000
26	0.0000	0.0000	0.0000	0.0000
27	0.0000	0.0000	0.0000	0.0000
28	0.0000	0.0000	0.0000	0.0000
29	0.0000	0.0000	0.0000	0.0000
30	0.0000	0.0000	0.0000	0.0000
31	0.0000	0.0000	0.0000	0.0000
32	0.0000	0.0000	0.0000	0.0000
33	0.0000	0.0000	0.0000	0.0000
34	0.0000	0.0000	0.0000	0.0000
35	0.0000	0.0000	0.0000	0.0000
36	0.0000	0.0000	0.0000	0.0000
37	0.0000	0.0000	0.0000	0.0000
38	1575618.7334	78780936.6712	0.0000	11029331.1340
39	1575618.7334	78780936.6712	0.0000	11029331.1340
40	3151237.4668	78780936.6712	0.0000	15437847.7042
41	6302474.9337	78780936.6712	0.0000	21372732.3553
42	13108244.2770	103945657.1524	0.0000	30218685.6495
43	21019209.4677	103945657.1524	0.0000	35954706.3483
44	46201831.9560	105868570.0594	0.0000	41783184.4547
45	83294490.1231	105868570.0594	0.0000	20588657.6823
46	92081244.6356	105868570.0594	0.0000	22242605.0273
47	93376477.8386	105868570.0594	0.0000	31478786.6759
48	92587467.7802	105868570.0594	0.0000	34200878.5798
49	99272592.1030	105868570.0594	0.0000	25100391.4094
=== Epoch 4 ===
gen	avg	max	min	std
0	776124.5748	38806228.7386	0.0000	5432872.0234
1	0.0000	0.0000	0.0000	0.0000
2	0.0000	0.0000	0.0000	0.0000
3	0.0000	0.0000	0.0000	0.0000
4	1359047.2737	67952363.6840	0.0000	9513330.9158
5	3968607.8031	67952363.6840	0.0000	15720695.6415
6	2501026.5115	62525662.7863	0.0000	12252477.5725
7	1250513.2557	62525662.7863	0.0000	8753592.7901
8	3751539.7672	62525662.7863	0.0000	14849022.1829
9	5002053.0229	62525662.7863	0.0000	16962787.0972
10	8448822.0445	62525662.7863	0.0000	21035062.9108
11	12855168.3122	67126962.5647	0.0000	24479880.8995
12	26040079.2705	67126962.5647	0.0000	29715679.1259
13	36979754.0737	67126962.5647	0.0000	29467942.6708
14	52099139.4827	67126962.5647	0.0000	24730685.3137
15	60976948.1786	70600568.2124	0.0000	18075481.9660
16	64339310.2997	67126962.5647	0.0000	13149112.5533
17	64449093.6645	67487442.6840	0.0000	13155712.8731
18	60323394.9402	67487442.6840	0.0000	20121478.1010
19	60307277.4942	67487442.6840	0.0000	20120561.5986
20	63051907.7635	67487442.6840	0.0000	15935877.2018
21	61771224.7643	67487442.6840	0.0000	18215476.9002
22	65738595.7567	67487442.6840	0.0000	9413045.2865
23	63200279.2443	67487442.6840	0.0000	15968070.9276
24	64629333.7242	67487442.6840	0.0000	13193581.2492
25	64766316.1695	67487442.6840	0.0000	13220645.3718
26	66137693.8304	67487442.6840	0.0000	9448241.9758
27	64787944.9767	67487442.6840	0.0000	13224783.8897
28	61455873.0421	72653674.1707	0.0000	18735041.8246
29	63748170.0122	72653674.1707	0.0000	16152168.0264
30	66654316.9790	72653674.1707	0.0000	9647071.8219
=== Epoch 1 ===
gen	avg	max	min	std
0	0.0000	0.0000	0.0000	0.0000
1	0.0000	0.0000	0.0000	0.0000
2	0.0000	0.0000	0.0000	0.0000
3	0.0000	0.0000	0.0000	0.0000
4	0.0000	0.0000	0.0000	0.0000
5	0.0000	0.0000	0.0000	0.0000
6	0.0000	0.0000	0.0000	0.0000
7	0.0000	0.0000	0.0000	0.0000
8	0.0000	0.0000	0.0000	0.0000
9	0.0000	0.0000	0.0000	0.0000
=== Epoch 2 ===
gen	avg	max	min	std
0	0.0000	0.0000	0.0000	0.0000
1	0.0000	0.0000	0.0000	0.0000
2	0.0000	0.0000	0.0000	0.0000
3	0.0000	0.0000	0.0000	0.0000
4	0.0000	0.0000	0.0000	0.0000
5	0.0000	0.0000	0.0000	0.0000
6	0.0000	0.0000	0.0000	0.0000
7	0.0000	0.0000	0.0000	0.0000
8	0.0000	0.0000	0.0000	0.0000
9	0.0000	0.0000	0.0000	0.0000
=== Epoch 3 ===
gen	avg	max	min	std
0	0.0000	0.0000	0.0000	0.0000
1	0.0000	0.0000	0.0000	0.0000
2	0.0000	0.0000	0.0000	0.0000
3	0.0000	0.0000	0.0000	0.0000
4	0.0000	0.0000	0.0000	0.0000
5	0.0000	0.0000	0.0000	0.0000
6	0.0000	0.0000	0.0000	0.0000
7	0.0000	0.0000	0.0000	0.0000
8	0.0000	0.0000	0.0000	0.0000
9	0.0000	0.0000	0.0000	0.0000
=== Epoch 4 ===
gen	avg	max	min	std
0	0.0000	0.0000	0.0000	0.0000
1	0.0000	0.0000	0.0000	0.0000
2	0.0000	0.0000	0.0000	0.0000
3	0.0000	0.0000	0.0000	0.0000
4	0.0000	0.0000	0.0000	0.0000
5	0.0000	0.0000	0.0000	0.0000
6	0.0000	0.0000	0.0000	0.0000
7	0.0000	0.0000	0.0000	0.0000
8	0.0000	0.0000	0.0000	0.0000
9	0.0000	0.0000	0.0000	0.0000
=== Epoch 5 ===
gen	avg	max	min	std
0	0.0000	0.0000	0.0000	0.0000
1	0.0000	0.0000	0.0000	0.0000
2	0.0000	0.0000	0.0000	0.0000
3	0.0000	0.0000	0.0000	0.0000
4	0.0000	0.0000	0.0000	0.0000
5	0.0000	0.0000	0.0000	0.0000
6	0.0000	0.0000	0.0000	0.0000
7	0.0000	0.0000	0.0000	0.0000
8	0.0000	0.0000	0.0000	0.0000
9	0.0000	0.0000	0.0000	0.0000
=== Epoch 6 ===
gen	avg	max	min	std
0	0.0000	0.0000	0.0000	0.0000
1	0.0000	0.0000	0.0000	0.0000
2	0.0000	0.0000	0.0000	0.0000
3	0.0000	0.0000	0.0000	0.0000
4	0.0000	0.0000	0.0000	0.0000
5	0.0000	0.0000	0.0000	0.0000
6	0.0000	0.0000	0.0000	0.0000
7	0.0000	0.0000	0.0000	0.0000
8	0.0000	0.0000	0.0000	0.0000
9	0.0000	0.0000	0.0000	0.0000
=== Epoch 7 ===
gen	avg	max	min	std
0	0.0000	0.0000	0.0000	0.0000
1	0.0000	0.0000	0.0000	0.0000
2	0.0000	0.0000	0.0000	0.0000
3	0.0000	0.0000	0.0000	0.0000
4	0.0000	0.0000	0.0000	0.0000
5	0.0000	0.0000	0.0000	0.0000
6	0.0000	0.0000	0.0000	0.0000
7	0.0000	0.0000	0.0000	0.0000
8	0.0000	0.0000	0.0000	0.0000
9	0.0000	0.0000	0.0000	0.0000
=== Epoch 8 ===
gen	avg	max	min	std
0	0.0000	0.0000	0.0000	0.0000
1	0.0000	0.0000	0.0000	0.0000
2	0.0000	0.0000	0.0000	0.0000
3	0.0000	0.0000	0.0000	0.0000
4	0.0000	0.0000	0.0000	0.0000
5	0.0000	0.0000	0.0000	0.0000
6	0.0000	0.0000	0.0000	0.0000
7	0.0000	0.0000	0.0000	0.0000
8	0.0000	0.0000	0.0000	0.0000
9	0.0000	0.0000	0.0000	0.0000
=== Epoch 1 ===
gen	avg	max	min	std
0	0.0000	0.0000	0.0000	0.0000
1	0.0000	0.0000	0.0000	0.0000
2	0.0000	0.0000	0.0000	0.0000
3	0.0000	0.0000	0.0000	0.0000
4	0.0000	0.0000	0.0000	0.0000
5	0.0000	0.0000	0.0000	0.0000
6	0.0000	0.0000	0.0000	0.0000
7	0.0000	0.0000	0.0000	0.0000
8	0.0000	0.0000	0.0000	0.0000
9	0.0000	0.0000	0.0000	0.0000
=== Epoch 2 ===
gen	avg	max	min	std
0	0.0000	0.0000	0.0000	0.0000
1	0.0000	0.0000	0.0000	0.0000
2	0.0000	0.0000	0.0000	0.0000
3	0.0000	0.0000	0.0000	0.0000
4	0.0000	0.0000	0.0000	0.0000
5	0.0000	0.0000	0.0000	0.0000
6	0.0000	0.0000	0.0000	0.0000
7	0.0000	0.0000	0.0000	0.0000
8	0.0000	0.0000	0.0000	0.0000
9	0.0000	0.0000	0.0000	0.0000
=== Epoch 3 ===
gen	avg	max	min	std
0	91452.4003	914524.0034	0.0000	274357.2010
1	91452.4003	914524.0034	0.0000	274357.2010
2	182904.8007	914524.0034	0.0000	365809.6014
3	182904.8007	914524.0034	0.0000	365809.6014
4	182904.8007	914524.0034	0.0000	365809.6014
5	91452.4003	914524.0034	0.0000	274357.2010
6	91452.4003	914524.0034	0.0000	274357.2010
7	91452.4003	914524.0034	0.0000	274357.2010
8	182904.8007	914524.0034	0.0000	365809.6014
9	365809.6014	914524.0034	0.0000	448023.4332
=== Epoch 4 ===
gen	avg	max	min	std
0	0.0000	0.0000	0.0000	0.0000
1	0.0000	0.0000	0.0000	0.0000
2	0.0000	0.0000	0.0000	0.0000
3	0.0000	0.0000	0.0000	0.0000
4	0.0000	0.0000	0.0000	0.0000
5	0.0000	0.0000	0.0000	0.0000
6	0.0000	0.0000	0.0000	0.0000
7	0.0000	0.0000	0.0000	0.0000
8	0.0000	0.0000	0.0000	0.0000
9	0.0000	0.0000	0.0000	0.0000
=== Epoch 5 ===
gen	avg	max	min	std
0	0.0000	0.0000	0.0000	0.0000
1	0.0000	0.0000	0.0000	0.0000
2	0.0000	0.0000	0.0000	0.0000
3	0.0000	0.0000	0.0000	0.0000
4	0.0000	0.0000	0.0000	0.0000
5	0.0000	0.0000	0.0000	0.0000
6	0.0000	0.0000	0.0000	0.0000
7	0.0000	0.0000	0.0000	0.0000
8	0.0000	0.0000	0.0000	0.0000
9	0.0000	0.0000	0.0000	0.0000
=== Epoch 6 ===
gen	avg	max	min	std
0	0.0000	0.0000	0.0000	0.0000
1	73458.5793	734585.7926	0.0000	220375.7378
2	73458.5793	734585.7926	0.0000	220375.7378
3	220375.7378	734585.7926	0.0000	336629.4999
4	868405.8238	3541957.6903	0.0000	937096.1284
5	1296060.1721	3541957.6903	734585.7926	1122948.7591
6	2345550.3520	3541957.6903	0.0000	1479039.2153
7	2833566.1523	3541957.6903	0.0000	1416783.0761
8	3541957.6903	3541957.6903	3541957.6903	0.0000
9	3541957.6903	3541957.6903	3541957.6903	0.0000
=== Epoch 7 ===
gen	avg	max	min	std
0	0.0000	0.0000	0.0000	0.0000
1	0.0000	0.0000	0.0000	0.0000
2	0.0000	0.0000	0.0000	0.0000
3	0.0000	0.0000	0.0000	0.0000
4	0.0000	0.0000	0.0000	0.0000
5	0.0000	0.0000	0.0000	0.0000
6	0.0000	0.0000	0.0000	0.0000
7	0.0000	0.0000	0.0000	0.0000
8	0.0000	0.0000	0.0000	0.0000
9	0.0000	0.0000	0.0000	0.0000
=== Epoch 8 ===
gen	avg	max	min	std
0	0.0000	0.0000	0.0000	0.0000
1	0.0000	0.0000	0.0000	0.0000
2	0.0000	0.0000	0.0000	0.0000
3	0.0000	0.0000	0.0000	0.0000
4	0.0000	0.0000	0.0000	0.0000
5	0.0000	0.0000	0.0000	0.0000
6	0.0000	0.0000	0.0000	0.0000
7	0.0000	0.0000	0.0000	0.0000
8	0.0000	0.0000	0.0000	0.0000
9	0.0000	0.0000	0.0000	0.0000
=== Epoch 9 ===
gen	avg	max	min	std
0	0.0000	0.0000	0.0000	0.0000
1	0.0000	0.0000	0.0000	0.0000
2	0.0000	0.0000	0.0000	0.0000
3	157087.1216	1570871.2155	0.0000	471261.3647
4	0.0000	0.0000	0.0000	0.0000
5	0.0000	0.0000	0.0000	0.0000
6	0.0000	0.0000	0.0000	0.0000
7	0.0000	0.0000	0.0000	0.0000
8	0.0000	0.0000	0.0000	0.0000
9	0.0000	0.0000	0.0000	0.0000
=== Epoch 10 ===
gen	avg	max	min	std
0	0.0000	0.0000	0.0000	0.0000
1	0.0000	0.0000	0.0000	0.0000
2	0.0000	0.0000	0.0000	0.0000
3	0.0000	0.0000	0.0000	0.0000
4	0.0000	0.0000	0.0000	0.0000
5	0.0000	0.0000	0.0000	0.0000
6	0.0000	0.0000	0.0000	0.0000
7	0.0000	0.0000	0.0000	0.0000
8	0.0000	0.0000	0.0000	0.0000
9	0.0000	0.0000	0.0000	0.0000
=== Epoch 11 ===
gen	avg	max	min	std
0	0.0000	0.0000	0.0000	0.0000
1	0.0000	0.0000	0.0000	0.0000
2	0.0000	0.0000	0.0000	0.0000
3	0.0000	0.0000	0.0000	0.0000
4	0.0000	0.0000	0.0000	0.0000
5	0.0000	0.0000	0.0000	0.0000
6	0.0000	0.0000	0.0000	0.0000
7	0.0000	0.0000	0.0000	0.0000
8	0.0000	0.0000	0.0000	0.0000
9	0.0000	0.0000	0.0000	0.0000
=== Epoch 1 ===
gen	avg	max	min	std
0	0.0000	0.0000	0.0000	0.0000
1	0.0000	0.0000	0.0000	0.0000
2	0.0000	0.0000	0.0000	0.0000
3	0.0000	0.0000	0.0000	0.0000
4	0.0000	0.0000	0.0000	0.0000
5	0.0000	0.0000	0.0000	0.0000
6	0.0000	0.0000	0.0000	0.0000
7	0.0000	0.0000	0.0000	0.0000
8	0.0000	0.0000	0.0000	0.0000
9	0.0000	0.0000	0.0000	0.0000
=== Epoch 2 ===
gen	avg	max	min	std
0	0.0000	0.0000	0.0000	0.0000
1	0.0000	0.0000	0.0000	0.0000
2	0.0000	0.0000	0.0000	0.0000
3	0.0000	0.0000	0.0000	0.0000
4	0.0000	0.0000	0.0000	0.0000
5	0.0000	0.0000	0.0000	0.0000
6	0.0000	0.0000	0.0000	0.0000
7	0.0000	0.0000	0.0000	0.0000
8	0.0000	0.0000	0.0000	0.0000
9	0.0000	0.0000	0.0000	0.0000
=== Epoch 3 ===
gen	avg	max	min	std
0	0.0000	0.0000	0.0000	0.0000
1	0.0000	0.0000	0.0000	0.0000
2	0.0000	0.0000	0.0000	0.0000
3	0.0000	0.0000	0.0000	0.0000
4	0.0000	0.0000	0.0000	0.0000
5	0.0000	0.0000	0.0000	0.0000
6	0.0000	0.0000	0.0000	0.0000
7	0.0000	0.0000	0.0000	0.0000
8	0.0000	0.0000	0.0000	0.0000
9	0.0000	0.0000	0.0000	0.0000
=== Epoch 1 ===
gen	avg	max	min	std
0	0.0000	0.0000	0.0000	0.0000
1	0.0000	0.0000	0.0000	0.0000
2	0.0000	0.0000	0.0000	0.0000
3	0.0000	0.0000	0.0000	0.0000
4	0.0000	0.0000	0.0000	0.0000
5	0.0000	0.0000	0.0000	0.0000
6	0.0000	0.0000	0.0000	0.0000
7	0.0000	0.0000	0.0000	0.0000
8	0.0000	0.0000	0.0000	0.0000
9	0.0000	0.0000	0.0000	0.0000
=== Epoch 2 ===
gen	avg	max	min	std
0	0.0000	0.0000	0.0000	0.0000
1	0.0000	0.0000	0.0000	0.0000
2	0.0000	0.0000	0.0000	0.0000
3	0.0000	0.0000	0.0000	0.0000
4	0.0000	0.0000	0.0000	0.0000
5	0.0000	0.0000	0.0000	0.0000
6	0.0000	0.0000	0.0000	0.0000
7	0.0000	0.0000	0.0000	0.0000
8	0.0000	0.0000	0.0000	0.0000
9	0.0000	0.0000	0.0000	0.0000
=== Epoch 3 ===
gen	avg	max	min	std
0	0.0000	0.0000	0.0000	0.0000
1	0.0000	0.0000	0.0000	0.0000
2	0.0000	0.0000	0.0000	0.0000
3	0.0000	0.0000	0.0000	0.0000
4	0.0000	0.0000	0.0000	0.0000
5	0.0000	0.0000	0.0000	0.0000
6	0.0000	0.0000	0.0000	0.0000
7	0.0000	0.0000	0.0000	0.0000
8	0.0000	0.0000	0.0000	0.0000
9	0.0000	0.0000	0.0000	0.0000
=== Epoch 1 ===
gen	avg	max	min	std
0	489076.7276	13538931.7635	0.0000	2410302.9426
1	646031.7173	10914904.6143	0.0000	2557579.0989
2	860935.7871	21216980.1282	0.0000	3609348.9988
3	552666.5253	16718421.6499	0.0000	2769002.5309
4	1119299.8792	16718421.6499	0.0000	3873944.3991
5	1612826.8933	20014303.0804	0.0000	4936976.3452
6	5356427.9304	20014303.0804	0.0000	7605908.8814
7	10836781.8065	20014303.0804	0.0000	7969834.8126
8	16215173.7919	20014303.0804	0.0000	5098476.6469
9	16667348.6816	20014303.0804	0.0000	6324406.6816
10	18879783.9820	20240094.1240	0.0000	4047037.5789
11	19170392.4329	20240094.1240	0.0000	3941200.6773
12	18381147.6094	20240094.1240	0.0000	5445336.8572
13	19200800.4114	20240094.1240	0.0000	3995392.3050
14	20190420.0944	20240094.1240	20014303.0804	93533.1052
15	19409021.6472	20297969.1525	0.0000	3965027.0124
16	19841195.7620	20297969.1525	0.0000	2834530.7330
17	18056210.8587	20297969.1525	0.0000	6143933.6769
18	18653296.6100	20297969.1525	0.0000	5500623.8003
19	19077776.0022	20297969.1525	0.0000	4819929.0202
20	19486050.3864	20297969.1525	0.0000	3977573.3791
21	18956255.3567	20297969.1525	0.0000	4829818.6199
22	18995207.7409	20297969.1525	0.0000	4835651.3749
23	19486050.3864	20297969.1525	0.0000	3977573.3791
24	18674131.6203	20297969.1525	0.0000	5506700.9912
25	19080091.0033	20297969.1525	0.0000	4820500.5878
26	18883802.2375	20297969.1525	0.0000	4964579.4402
27	18268172.2372	20297969.1525	0.0000	6089390.7457
28	19511070.7525	21548987.4605	0.0000	3986526.5474
29	19561111.4848	21548987.4605	0.0000	4003903.8019
30	17150375.5527	21548987.4605	0.0000	7492600.7868
31	18219771.3184	23163672.6666	0.0000	6757355.7206
32	19593484.4637	23163672.6666	0.0000	5845485.2482
33	19706200.1736	23163672.6666	0.0000	6615175.0176
34	20858466.9955	23163672.6666	0.0000	6191970.9023
35	22140244.6475	23163672.6666	0.0000	4535554.7450
36	21263922.1360	23163672.6666	0.0000	6275178.5160
37	21310578.8532	23163672.6666	0.0000	6284146.8658
38	20847305.3999	23163672.6666	0.0000	6949101.8000
39	21773852.3066	23163672.6666	0.0000	5501067.4647
40	20847305.3999	23163672.6666	0.0000	6949101.8000
41	21310578.8532	23163672.6666	0.0000	6284146.8658
42	22237125.7599	23163672.6666	0.0000	4539134.2882
43	22700399.2132	23163672.6666	0.0000	3242914.1733
44	21310578.8532	23163672.6666	0.0000	6284146.8658
45	22266954.5473	24655112.0377	0.0000	4550012.4943
46	21635600.0681	24655112.0377	0.0000	5596015.3153
47	21429894.0029	24655112.0377	0.0000	6332173.5107
48	22624899.9964	24655112.0377	0.0000	4663721.1569
49	24148022.6515	24655112.0377	23163672.6666	706507.9120
=== Epoch 2 ===
gen	avg	max	min	std
0	0.0000	0.0000	0.0000	0.0000
1	283121.9301	14156096.5041	0.0000	1981853.5106
2	283121.9301	14156096.5041	0.0000	1981853.5106
3	608434.8589	16908725.6269	0.0000	2999989.9685
4	1524009.1973	14027342.0288	0.0000	4179891.8095
5	1923046.4176	14991613.1361	0.0000	4782018.7432
6	2309833.1274	19403534.4180	0.0000	5377749.9320
7	3345363.3858	19403534.4180	0.0000	6433046.8300
8	5466773.7418	19403534.4180	0.0000	8117233.3506
9	8138968.6716	19403534.4180	0.0000	9005498.2175
10	10603885.2542	29999720.8830	0.0000	9706460.9137
11	16208103.9847	29999720.8830	0.0000	7387201.5625
12	17498957.7464	29999720.8830	0.0000	6785529.6150
13	20146635.9166	29999720.8830	0.0000	6499836.8599
14	20853960.6450	29999720.8830	0.0000	8454307.3154
15	25056658.4607	29999720.8830	0.0000	8632021.4526
16	28975879.0067	29999720.8830	0.0000	4630613.3047
17	27359396.2639	29999720.8830	0.0000	8241096.9495
18	27599743.2123	29999720.8830	0.0000	8138720.2572
19	26399754.3770	29999720.8830	0.0000	9748755.3833
20	26999748.7947	29999720.8830	0.0000	8999916.2649
21	28199737.6300	29999720.8830	0.0000	7124538.9656
22	29999720.8830	29999720.8830	29999720.8830	0.0000
23	26999748.7947	29999720.8830	0.0000	8999916.2649
24	27599743.2123	29999720.8830	0.0000	8138720.2572
25	28199737.6300	29999720.8830	0.0000	7124538.9656
26	28799732.0476	29999720.8830	0.0000	5878720.6871
27	28025269.0429	29999720.8830	0.0000	7184879.9230
28	29293919.8592	29999720.8830	0.0000	4249854.3352
29	29999720.8830	29999720.8830	29999720.8830	0.0000
30	26999748.7947	29999720.8830	0.0000	8999916.2649
31	26999748.7947	29999720.8830	0.0000	8999916.2649
32	28593854.4045	29999720.8830	0.0000	6011834.1431
33	27304178.8869	29999720.8830	0.0000	8184070.5685
34	29230634.6934	29999720.8830	0.0000	4340250.3224
35	28799732.0476	29999720.8830	0.0000	5878720.6871
36	29283880.6937	29999720.8830	0.0000	4261249.8196
37	29182633.4090	29999720.8830	0.0000	4421801.0353
38	28799732.0476	29999720.8830	0.0000	5878720.6871
39	26399754.3770	29999720.8830	0.0000	9748755.3833
40	26310344.6089	29999720.8830	0.0000	9735820.3767
41	26682134.9338	29999720.8830	0.0000	9167108.4321
42	29399726.4653	29999720.8830	0.0000	4199960.9236
43	27599743.2123	29999720.8830	0.0000	8138720.2572
44	26999748.7947	29999720.8830	0.0000	8999916.2649
45	26999748.7947	29999720.8830	0.0000	8999916.2649
46	29346391.9425	29999720.8830	0.0000	4208925.6257
47	27599743.2123	29999720.8830	0.0000	8138720.2572
48	26999748.7947	29999720.8830	0.0000	8999916.2649
49	28199737.6300	29999720.8830	0.0000	7124538.9656
=== Epoch 3 ===
gen	avg	max	min	std
0	0.0000	0.0000	0.0000	0.0000
1	0.0000	0.0000	0.0000	0.0000
2	0.0000	0.0000	0.0000	0.0000
3	0.0000	0.0000	0.0000	0.0000
4	0.0000	0.0000	0.0000	0.0000
5	0.0000	0.0000	0.0000	0.0000
6	0.0000	0.0000	0.0000	0.0000
7	0.0000	0.0000	0.0000	0.0000
8	0.0000	0.0000	0.0000	0.0000
9	0.0000	0.0000	0.0000	0.0000
10	0.0000	0.0000	0.0000	0.0000
11	0.0000	0.0000	0.0000	0.0000
12	0.0000	0.0000	0.0000	0.0000
13	0.0000	0.0000	0.0000	0.0000
14	0.0000	0.0000	0.0000	0.0000
15	0.0000	0.0000	0.0000	0.0000
16	0.0000	0.0000	0.0000	0.0000
17	0.0000	0.0000	0.0000	0.0000
18	0.0000	0.0000	0.0000	0.0000
19	0.0000	0.0000	0.0000	0.0000
20	0.0000	0.0000	0.0000	0.0000
21	0.0000	0.0000	0.0000	0.0000
22	0.0000	0.0000	0.0000	0.0000
23	0.0000	0.0000	0.0000	0.0000
24	0.0000	0.0000	0.0000	0.0000
25	0.0000	0.0000	0.0000	0.0000
26	0.0000	0.0000	0.0000	0.0000
27	0.0000	0.0000	0.0000	0.0000
28	0.0000	0.0000	0.0000	0.0000
29	284068.7371	14203436.8570	0.0000	1988481.1600
30	574615.2628	14495069.7754	0.0000	2815147.8766
31	1149230.5256	14495069.7754	0.0000	3897402.9474
32	1444319.4493	14495069.7754	0.0000	4333082.5590
33	4327770.8198	14495069.7754	0.0000	6611077.6348
34	9825522.2780	14495069.7754	0.0000	6740745.8488
35	13035187.7414	14495069.7754	0.0000	4345358.4744
36	13771569.8435	24153155.7241	0.0000	3749505.7504
37	13662506.8059	26026098.2815	0.0000	5167976.4915
38	14644269.9118	26026098.2815	0.0000	5581632.1612
39	18078172.1730	26026098.2815	0.0000	6263135.6261
40	22042048.1795	26026098.2815	0.0000	6245580.1041
41	23051349.0267	26026098.2815	0.0000	7718766.3990
42	24464532.3846	26026098.2815	0.0000	6180855.8837
43	25203484.7494	26026098.2815	0.0000	4175335.7398
44	23423488.4534	26026098.2815	0.0000	7807829.4845
45	23313117.2814	26026098.2815	0.0000	7809263.9249
46	24985054.3503	26026098.2815	0.0000	5100052.8628
47	23944010.4190	26026098.2815	0.0000	7060703.4687
48	24702603.6429	26026098.2815	0.0000	5415865.0017
49	22902966.4877	26026098.2815	0.0000	8457480.8785
=== Epoch 4 ===
gen	avg	max	min	std
0	295075.2693	7376881.7314	0.0000	1445567.6908
1	442612.9039	7376881.7314	0.0000	1751912.3443
2	737688.1731	7376881.7314	0.0000	2213064.5194
3	1475376.3463	7376881.7314	0.0000	2950752.6926
4	2784753.5533	8013924.2624	0.0000	3564905.7122
5	4780952.6695	8013924.2624	0.0000	3590701.2333
6	6833113.3842	8013924.2624	0.0000	2296115.0721
7	6539288.6990	8013924.2624	0.0000	2867071.5734
8	7513259.9469	8296566.3368	0.0000	1902772.9309
9	7886622.4752	8814832.9406	0.0000	1133964.8069
10	7555636.2081	13324674.5695	0.0000	2351592.3604
11	7744785.1409	8814832.9406	0.0000	1974358.6666
12	6715187.6384	9195454.4099	0.0000	3368499.8048
13	7066254.7373	9195454.4099	0.0000	3097260.2979
14	7437117.9689	9195454.4099	0.0000	2762801.7510
15	7756868.4447	9195454.4099	0.0000	2606393.1334
16	7593548.6367	9195454.4099	0.0000	3076356.7847
17	8613969.4279	12884182.1278	0.0000	2307171.5727
18	9166869.5222	12884182.1278	0.0000	2649077.6107
19	9560745.1166	12884182.1278	0.0000	3286280.2371
20	11103641.0047	12884182.1278	0.0000	2569548.6716
21	11388340.9915	12884182.1278	0.0000	3884094.0228
22	12111131.2002	12884182.1278	0.0000	3059823.7220
23	12875343.7763	12884182.1278	12442264.5522	61868.4606
24	12111131.2002	12884182.1278	0.0000	3059823.7220
25	12111131.2002	12884182.1278	0.0000	3059823.7220
26	12884182.1278	12884182.1278	12884182.1278	0.0000
27	12368814.8427	12884182.1278	0.0000	2524773.7573
28	11888519.7272	14637790.6077	0.0000	3514303.7954
29	12475602.0175	14637790.6077	0.0000	2648731.7646
30	12942148.0117	14637790.6077	0.0000	1967284.5815
31	13398086.2164	14637790.6077	0.0000	2099763.8815
32	14099529.6083	14637790.6077	0.0000	2103828.2611
33	14637790.6077	14637790.6077	14637790.6077	0.0000
34	13759523.1712	14637790.6077	0.0000	3476282.6615
35	13814143.0702	14637790.6077	0.0000	3097246.8792
36	13980714.5391	14637790.6077	0.0000	2897399.0197
37	13174011.5469	14637790.6077	0.0000	4391337.1823
38	14052278.9834	14637790.6077	0.0000	2868409.4360
39	12860690.8008	14637790.6077	0.0000	4751300.0081
40	14178719.8998	14637790.6077	0.0000	2336147.3819
41	14605503.9966	14637790.6077	13023460.0529	226006.2777
42	13143640.9441	14637790.6077	0.0000	4386356.8991
43	14345034.7955	14637790.6077	0.0000	2049290.6851
44	13113349.0042	14637790.6077	0.0000	4391647.3435
45	13466767.3591	14637790.6077	0.0000	3971133.0450
46	13915887.2180	14637790.6077	0.0000	2944308.1640
47	13624304.2675	14637790.6077	0.0000	3569726.5815
48	14052278.9834	14637790.6077	0.0000	2868409.4360
49	13466767.3591	14637790.6077	0.0000	3971133.0450
=== Epoch 1 ===
gen	avg	max	min	std
0	0.0000	0.0000	0.0000	0.0000
1	0.0000	0.0000	0.0000	0.0000
2	0.0000	0.0000	0.0000	0.0000
3	0.0000	0.0000	0.0000	0.0000
4	0.0000	0.0000	0.0000	0.0000
5	0.0000	0.0000	0.0000	0.0000
6	0.0000	0.0000	0.0000	0.0000
7	0.0000	0.0000	0.0000	0.0000
8	0.0000	0.0000	0.0000	0.0000
9	0.0000	0.0000	0.0000	0.0000
10	0.0000	0.0000	0.0000	0.0000
11	0.0000	0.0000	0.0000	0.0000
12	0.0000	0.0000	0.0000	0.0000
13	0.0000	0.0000	0.0000	0.0000
14	0.0000	0.0000	0.0000	0.0000
15	0.0000	0.0000	0.0000	0.0000
16	0.0000	0.0000	0.0000	0.0000
17	0.0000	0.0000	0.0000	0.0000
18	0.0000	0.0000	0.0000	0.0000
19	0.0000	0.0000	0.0000	0.0000
20	0.0000	0.0000	0.0000	0.0000
21	0.0000	0.0000	0.0000	0.0000
22	0.0000	0.0000	0.0000	0.0000
23	0.0000	0.0000	0.0000	0.0000
24	0.0000	0.0000	0.0000	0.0000
25	0.0000	0.0000	0.0000	0.0000
26	0.0000	0.0000	0.0000	0.0000
27	0.0000	0.0000	0.0000	0.0000
28	0.0000	0.0000	0.0000	0.0000
29	0.0000	0.0000	0.0000	0.0000
30	0.0000	0.0000	0.0000	0.0000
31	0.0000	0.0000	0.0000	0.0000
32	0.0000	0.0000	0.0000	0.0000
33	0.0000	0.0000	0.0000	0.0000
34	0.0000	0.0000	0.0000	0.0000
35	0.0000	0.0000	0.0000	0.0000
36	0.0000	0.0000	0.0000	0.0000
37	0.0000	0.0000	0.0000	0.0000
38	0.0000	0.0000	0.0000	0.0000
39	0.0000	0.0000	0.0000	0.0000
40	0.0000	0.0000	0.0000	0.0000
41	0.0000	0.0000	0.0000	0.0000
42	0.0000	0.0000	0.0000	0.0000
43	0.0000	0.0000	0.0000	0.0000
44	0.0000	0.0000	0.0000	0.0000
45	0.0000	0.0000	0.0000	0.0000
46	0.0000	0.0000	0.0000	0.0000
47	0.0000	0.0000	0.0000	0.0000
48	0.0000	0.0000	0.0000	0.0000
49	0.0000	0.0000	0.0000	0.0000
=== Epoch 2 ===
gen	avg	max	min	std
0	0.0000	0.0000	0.0000	0.0000
1	0.0000	0.0000	0.0000	0.0000
2	0.0000	0.0000	0.0000	0.0000
3	0.0000	0.0000	0.0000	0.0000
4	0.0000	0.0000	0.0000	0.0000
5	0.0000	0.0000	0.0000	0.0000
6	0.0000	0.0000	0.0000	0.0000
7	0.0000	0.0000	0.0000	0.0000
8	0.0000	0.0000	0.0000	0.0000
9	0.0000	0.0000	0.0000	0.0000
10	0.0000	0.0000	0.0000	0.0000
11	0.0000	0.0000	0.0000	0.0000
12	0.0000	0.0000	0.0000	0.0000
13	0.0000	0.0000	0.0000	0.0000
14	0.0000	0.0000	0.0000	0.0000
15	0.0000	0.0000	0.0000	0.0000
16	0.0000	0.0000	0.0000	0.0000
17	0.0000	0.0000	0.0000	0.0000
18	0.0000	0.0000	0.0000	0.0000
19	0.0000	0.0000	0.0000	0.0000
20	0.0000	0.0000	0.0000	0.0000
21	0.0000	0.0000	0.0000	0.0000
22	0.0000	0.0000	0.0000	0.0000
23	0.0000	0.0000	0.0000	0.0000
24	0.0000	0.0000	0.0000	0.0000
25	0.0000	0.0000	0.0000	0.0000
26	0.0000	0.0000	0.0000	0.0000
27	0.0000	0.0000	0.0000	0.0000
28	0.0000	0.0000	0.0000	0.0000
29	0.0000	0.0000	0.0000	0.0000
30	0.0000	0.0000	0.0000	0.0000
31	0.0000	0.0000	0.0000	0.0000
32	0.0000	0.0000	0.0000	0.0000
33	0.0000	0.0000	0.0000	0.0000
34	0.0000	0.0000	0.0000	0.0000
35	0.0000	0.0000	0.0000	0.0000
36	0.0000	0.0000	0.0000	0.0000
37	0.0000	0.0000	0.0000	0.0000
38	0.0000	0.0000	0.0000	0.0000
39	0.0000	0.0000	0.0000	0.0000
40	0.0000	0.0000	0.0000	0.0000
41	0.0000	0.0000	0.0000	0.0000
42	0.0000	0.0000	0.0000	0.0000
43	0.0000	0.0000	0.0000	0.0000
44	0.0000	0.0000	0.0000	0.0000
45	0.0000	0.0000	0.0000	0.0000
46	0.0000	0.0000	0.0000	0.0000
47	0.0000	0.0000	0.0000	0.0000
48	0.0000	0.0000	0.0000	0.0000
49	0.0000	0.0000	0.0000	0.0000
=== Epoch 3 ===
gen	avg	max	min	std
0	0.0000	0.0000	0.0000	0.0000
1	0.0000	0.0000	0.0000	0.0000
2	0.0000	0.0000	0.0000	0.0000
3	0.0000	0.0000	0.0000	0.0000
4	0.0000	0.0000	0.0000	0.0000
5	0.0000	0.0000	0.0000	0.0000
6	0.0000	0.0000	0.0000	0.0000
7	0.0000	0.0000	0.0000	0.0000
8	0.0000	0.0000	0.0000	0.0000
9	0.0000	0.0000	0.0000	0.0000
10	0.0000	0.0000	0.0000	0.0000
11	0.0000	0.0000	0.0000	0.0000
12	0.0000	0.0000	0.0000	0.0000
13	0.0000	0.0000	0.0000	0.0000
14	0.0000	0.0000	0.0000	0.0000
15	0.0000	0.0000	0.0000	0.0000
16	0.0000	0.0000	0.0000	0.0000
17	0.0000	0.0000	0.0000	0.0000
18	0.0000	0.0000	0.0000	0.0000
19	0.0000	0.0000	0.0000	0.0000
20	0.0000	0.0000	0.0000	0.0000
21	0.0000	0.0000	0.0000	0.0000
22	0.0000	0.0000	0.0000	0.0000
23	0.0000	0.0000	0.0000	0.0000
24	0.0000	0.0000	0.0000	0.0000
25	0.0000	0.0000	0.0000	0.0000
26	0.0000	0.0000	0.0000	0.0000
27	0.0000	0.0000	0.0000	0.0000
28	0.0000	0.0000	0.0000	0.0000
29	0.0000	0.0000	0.0000	0.0000
30	0.0000	0.0000	0.0000	0.0000
31	0.0000	0.0000	0.0000	0.0000
32	0.0000	0.0000	0.0000	0.0000
33	0.0000	0.0000	0.0000	0.0000
34	0.0000	0.0000	0.0000	0.0000
35	0.0000	0.0000	0.0000	0.0000
36	0.0000	0.0000	0.0000	0.0000
37	0.0000	0.0000	0.0000	0.0000
38	0.0000	0.0000	0.0000	0.0000
39	0.0000	0.0000	0.0000	0.0000
40	0.0000	0.0000	0.0000	0.0000
41	0.0000	0.0000	0.0000	0.0000
42	0.0000	0.0000	0.0000	0.0000
43	0.0000	0.0000	0.0000	0.0000
44	0.0000	0.0000	0.0000	0.0000
45	0.0000	0.0000	0.0000	0.0000
46	0.0000	0.0000	0.0000	0.0000
47	0.0000	0.0000	0.0000	0.0000
48	0.0000	0.0000	0.0000	0.0000
49	0.0000	0.0000	0.0000	0.0000
=== Epoch 4 ===
gen	avg	max	min	std
0	0.0000	0.0000	0.0000	0.0000
1	0.0000	0.0000	0.0000	0.0000
2	0.0000	0.0000	0.0000	0.0000
3	0.0000	0.0000	0.0000	0.0000
4	0.0000	0.0000	0.0000	0.0000
5	0.0000	0.0000	0.0000	0.0000
6	0.0000	0.0000	0.0000	0.0000
7	0.0000	0.0000	0.0000	0.0000
8	0.0000	0.0000	0.0000	0.0000
9	0.0000	0.0000	0.0000	0.0000
10	0.0000	0.0000	0.0000	0.0000
11	0.0000	0.0000	0.0000	0.0000
12	0.0000	0.0000	0.0000	0.0000
13	0.0000	0.0000	0.0000	0.0000
14	0.0000	0.0000	0.0000	0.0000
15	0.0000	0.0000	0.0000	0.0000
16	0.0000	0.0000	0.0000	0.0000
17	0.0000	0.0000	0.0000	0.0000
18	0.0000	0.0000	0.0000	0.0000
19	0.0000	0.0000	0.0000	0.0000
20	0.0000	0.0000	0.0000	0.0000
21	0.0000	0.0000	0.0000	0.0000
22	0.0000	0.0000	0.0000	0.0000
23	0.0000	0.0000	0.0000	0.0000
24	0.0000	0.0000	0.0000	0.0000
25	0.0000	0.0000	0.0000	0.0000
26	0.0000	0.0000	0.0000	0.0000
27	0.0000	0.0000	0.0000	0.0000
28	0.0000	0.0000	0.0000	0.0000
29	0.0000	0.0000	0.0000	0.0000
30	0.0000	0.0000	0.0000	0.0000
31	0.0000	0.0000	0.0000	0.0000
32	0.0000	0.0000	0.0000	0.0000
33	0.0000	0.0000	0.0000	0.0000
34	0.0000	0.0000	0.0000	0.0000
35	0.0000	0.0000	0.0000	0.0000
36	0.0000	0.0000	0.0000	0.0000
37	0.0000	0.0000	0.0000	0.0000
38	0.0000	0.0000	0.0000	0.0000
39	0.0000	0.0000	0.0000	0.0000
40	0.0000	0.0000	0.0000	0.0000
41	0.0000	0.0000	0.0000	0.0000
42	0.0000	0.0000	0.0000	0.0000
43	0.0000	0.0000	0.0000	0.0000
44	0.0000	0.0000	0.0000	0.0000
45	0.0000	0.0000	0.0000	0.0000
46	0.0000	0.0000	0.0000	0.0000
47	0.0000	0.0000	0.0000	0.0000
48	0.0000	0.0000	0.0000	0.0000
49	0.0000	0.0000	0.0000	0.0000
=== Epoch 1 ===
gen	avg	max	min	std
0	159507.3951	7975369.7557	0.0000	1116551.7658
1	159507.3951	7975369.7557	0.0000	1116551.7658
2	0.0000	0.0000	0.0000	0.0000
3	0.0000	0.0000	0.0000	0.0000
4	0.0000	0.0000	0.0000	0.0000
5	0.0000	0.0000	0.0000	0.0000
6	0.0000	0.0000	0.0000	0.0000
7	0.0000	0.0000	0.0000	0.0000
8	161474.3502	8073717.5086	0.0000	1130320.4512
9	981544.6780	25670675.7051	0.0000	3984662.5742
10	3025239.2419	25670675.7051	0.0000	7762198.1373
11	4835479.7688	25670675.7051	0.0000	9348465.7208
12	8992598.8945	25670675.7051	0.0000	11233144.3321
13	13968151.5060	28393116.5976	0.0000	11714881.6101
14	20143203.1085	28393116.5976	0.0000	10118044.8938
15	24710257.6233	28393116.5976	0.0000	6289233.0030
16	23948278.4146	28393116.5976	0.0000	8036020.0453
17	21551953.5674	28393116.5976	0.0000	10814645.3885
18	23595860.7931	28393116.5976	0.0000	9571643.5780
19	25319668.9737	28393116.5976	0.0000	8469994.4894
20	27257391.9337	28393116.5976	0.0000	5563891.8297
21	27257391.9337	28393116.5976	0.0000	5563891.8297
22	25553804.9378	28393116.5976	0.0000	8517934.9793
23	26321618.2072	28393116.5976	0.0000	7130706.7206
24	25809143.4836	28393116.5976	0.0000	7918343.5390
25	26689529.6017	28393116.5976	0.0000	6742991.5879
26	26689273.7390	28393116.5976	0.0000	6742927.1829
27	25553549.0751	28393116.5976	0.0000	8517849.8796
28	25602456.9728	30825718.3480	0.0000	8540929.5101
29	26835485.7067	30825718.3480	0.0000	6804335.6246
30	26695383.7884	30825718.3480	0.0000	7088539.1136
31	28348407.2292	30825718.3480	0.0000	4475644.6817
32	28545785.0339	30825718.3480	0.0000	6415405.0778
33	27645842.4432	30825718.3480	0.0000	9227544.7682
34	27568375.0206	30825718.3480	0.0000	9229078.1002
35	28359660.8802	30825718.3480	0.0000	8362807.7521
36	28042117.7861	30825718.3480	0.0000	8505949.1920
37	30209203.9811	30825718.3480	0.0000	4315600.5687
38	28976175.2472	30825718.3480	0.0000	7320702.4949
39	29255100.9833	30825718.3480	0.0000	6421873.6942
40	28990871.1344	31560512.7122	0.0000	7325136.7809
41	28852478.4479	31560512.7122	0.0000	7369750.4353
42	29093742.3454	31560512.7122	0.0000	7355279.8361
43	29211309.4437	31560512.7122	0.0000	7387824.7050
44	31340074.4029	31560512.7122	30825718.3480	336725.0794
45	29787050.1103	31560512.7122	0.0000	7001874.4045
46	31495774.8508	31560512.7122	29058414.0079	363066.6922
47	30929302.4579	31560512.7122	0.0000	4418471.7797
48	29035671.6952	31560512.7122	0.0000	8562152.4660
49	31190070.8306	31560512.7122	13038418.6351	2593093.1708
=== Epoch 2 ===
gen	avg	max	min	std
0	511855.4958	13152453.1117	0.0000	2508580.5703
1	1278665.4555	13152453.1117	0.0000	3837323.1084
2	979440.0981	13152453.1117	0.0000	3325891.4036
3	3713996.3561	13152453.1117	0.0000	5681663.0779
4	7251038.5983	13152453.1117	0.0000	6183141.7435
5	10773599.1749	13155755.8704	0.0000	4715037.3183
6	11766538.7040	13155755.8704	0.0000	3930389.7122
7	13177659.2185	15081780.5801	11745484.3116	477764.8805
8	13015872.0274	23896004.6833	0.0000	3802250.7223
9	14525556.7863	24742948.4745	0.0000	4511577.3092
10	12985054.4447	23896004.6833	0.0000	6965823.4481
11	16117462.6489	23896004.6833	0.0000	6511916.6633
12	17992646.6220	23896004.6833	0.0000	8013864.4084
13	21117144.8031	40278011.3264	0.0000	7695016.8755
14	20686560.7922	40278011.3264	0.0000	10745151.5384
15	24664476.2044	40278011.3264	0.0000	10513724.8852
16	30776903.3668	40278011.3264	0.0000	11974925.5451
17	35922570.0609	40278011.3264	0.0000	12191363.9047
18	37861330.6469	40278011.3264	0.0000	9565497.7015
19	36250210.1938	40278011.3264	0.0000	12083403.3979
20	37576895.3374	40278011.3264	0.0000	9699909.0956
21	37055770.4203	40278011.3264	0.0000	10927150.5552
22	38098403.7028	40278011.3264	0.0000	8735039.8750
23	37735202.9972	40278011.3264	0.0000	9574373.4409
24	39287645.8977	40278011.3264	0.0000	5759617.0345
25	39030131.3634	40278011.3264	0.0000	6377420.8730
26	37861330.6469	40278011.3264	0.0000	9565497.7015
27	38666890.8734	40278011.3264	0.0000	7892846.0483
28	37861330.6469	40278011.3264	0.0000	9565497.7015
29	36250210.1938	40278011.3264	0.0000	12083403.3979
30	37055770.4203	40278011.3264	0.0000	10927150.5552
31	38444871.3553	40278011.3264	0.0000	7999809.9367
32	37465498.4779	40278011.3264	0.0000	9862201.5068
33	38290119.5615	40278011.3264	0.0000	8054559.0173
34	37055770.4203	40278011.3264	0.0000	10927150.5552
35	39217341.4412	40278011.3264	0.0000	5880084.2018
36	37055770.4203	40278011.3264	0.0000	10927150.5552
37	36932242.1825	40278011.3264	0.0000	10924936.8797
38	39123645.1008	40278011.3264	0.0000	6098941.2029
39	36250210.1938	40278011.3264	0.0000	12083403.3979
40	39233233.8069	40278011.3264	0.0000	5849448.6514
41	38666890.8734	40278011.3264	0.0000	7892846.0483
42	38892517.4958	40784332.9176	0.0000	6923903.5455
43	38697270.1689	40784332.9176	0.0000	7899959.9330
44	39573715.4181	40784332.9176	0.0000	5656995.9795
45	38094238.5788	40784332.9176	0.0000	9627468.7580
46	36635014.6031	40784332.9176	0.0000	12212912.4002
47	37803717.4664	40784332.9176	0.0000	10254350.9072
48	36963464.9338	40784332.9176	0.0000	11577775.4712
49	37642138.5936	40784332.9176	0.0000	9918344.9598
=== Epoch 3 ===
gen	avg	max	min	std
0	1510945.9750	26725933.0043	0.0000	6004350.5076
1	2419446.7930	26725933.0043	0.0000	7296796.9119
2	3977221.9094	33460119.5702	0.0000	9248327.1436
3	5544936.9551	33460119.5702	0.0000	10640905.9257
4	9264558.1952	33460119.5702	0.0000	11524772.8953
5	15103558.2159	33460119.5702	0.0000	11222183.9192
6	16348916.3072	33460119.5702	0.0000	11618912.3109
7	21599850.4641	33460119.5702	0.0000	10639032.3587
8	23971545.6751	33460119.5702	0.0000	9352598.8599
9	25652095.1375	36453694.4503	0.0000	9174771.0091
10	25782657.8118	36453694.4503	0.0000	11043907.1211
11	28992012.2552	36453694.4503	0.0000	10135333.3726
12	33247898.8802	36453694.4503	0.0000	4928964.4187
13	33079658.7490	36453694.4503	0.0000	6892467.6720
14	30983937.3911	36453694.4503	0.0000	11781262.6276
15	34558819.4208	36453694.4503	0.0000	7539533.4709
16	32079251.1162	36453694.4503	0.0000	11846048.5482
17	35724620.5613	36453694.4503	0.0000	5103517.2230
18	31350177.2272	36453694.4503	0.0000	12648959.2230
19	33625611.4775	36453694.4503	0.0000	9056312.8633
20	33658984.7685	36453694.4503	0.0000	9029984.9144
21	35998353.3798	36453694.4503	16505377.3182	2812521.4905
22	35269635.2669	36453694.4503	0.0000	5960370.9226
23	34995546.6723	36453694.4503	0.0000	7143436.0514
24	34995546.6723	36453694.4503	0.0000	7143436.0514
25	34266472.7833	36453694.4503	0.0000	8657272.7648
26	34995546.6723	36453694.4503	0.0000	7143436.0514
27	33537398.8943	36453694.4503	0.0000	9889639.3946
28	35533427.4162	36453694.4503	0.0000	5249598.6802
29	34900129.0331	36453694.4503	0.0000	7155175.3543
30	31564621.6317	36453694.4503	0.0000	12198514.7858
31	34519366.5560	36453694.4503	0.0000	7430737.6939
32	34995546.6723	36453694.4503	0.0000	7143436.0514
33	34995546.6723	36453694.4503	0.0000	7143436.0514
34	34985396.2353	36453694.4503	0.0000	5922136.2886
35	34995546.6723	36453694.4503	0.0000	7143436.0514
36	34030048.0949	36453694.4503	0.0000	8755174.4901
37	32808325.0052	36453694.4503	0.0000	10936108.3351
38	34480035.9079	36453694.4503	0.0000	7908673.2725
39	32573236.1341	36453694.4503	0.0000	10981464.6578
40	35951309.9759	36453694.4503	11334470.7332	3516691.3204
41	32514262.3832	36453694.4503	0.0000	10968725.9796
42	35724620.5613	36453694.4503	0.0000	5103517.2230
43	32808325.0052	36453694.4503	0.0000	10936108.3351
44	32464341.1033	36453694.4503	0.0000	11085508.1083
45	34995546.6723	36453694.4503	0.0000	7143436.0514
46	35724620.5613	36453694.4503	0.0000	5103517.2230
47	33895129.2791	36453694.4503	0.0000	8754056.8647
48	34957499.7870	36453694.4503	0.0000	7140633.9611
49	35291758.2333	36453694.4503	0.0000	5881822.0609
=== Epoch 4 ===
gen	avg	max	min	std
0	0.0000	0.0000	0.0000	0.0000
1	0.0000	0.0000	0.0000	0.0000
2	0.0000	0.0000	0.0000	0.0000
3	0.0000	0.0000	0.0000	0.0000
4	0.0000	0.0000	0.0000	0.0000
5	0.0000	0.0000	0.0000	0.0000
6	0.0000	0.0000	0.0000	0.0000
7	0.0000	0.0000	0.0000	0.0000
8	0.0000	0.0000	0.0000	0.0000
9	0.0000	0.0000	0.0000	0.0000
10	0.0000	0.0000	0.0000	0.0000
11	0.0000	0.0000	0.0000	0.0000
12	0.0000	0.0000	0.0000	0.0000
13	0.0000	0.0000	0.0000	0.0000
14	0.0000	0.0000	0.0000	0.0000
15	0.0000	0.0000	0.0000	0.0000
16	0.0000	0.0000	0.0000	0.0000
17	0.0000	0.0000	0.0000	0.0000
18	0.0000	0.0000	0.0000	0.0000
19	0.0000	0.0000	0.0000	0.0000
20	0.0000	0.0000	0.0000	0.0000
21	0.0000	0.0000	0.0000	0.0000
22	0.0000	0.0000	0.0000	0.0000
23	0.0000	0.0000	0.0000	0.0000
24	0.0000	0.0000	0.0000	0.0000
25	0.0000	0.0000	0.0000	0.0000
26	0.0000	0.0000	0.0000	0.0000
27	0.0000	0.0000	0.0000	0.0000
28	0.0000	0.0000	0.0000	0.0000
29	0.0000	0.0000	0.0000	0.0000
30	0.0000	0.0000	0.0000	0.0000
31	0.0000	0.0000	0.0000	0.0000
32	0.0000	0.0000	0.0000	0.0000
33	0.0000	0.0000	0.0000	0.0000
34	0.0000	0.0000	0.0000	0.0000
35	0.0000	0.0000	0.0000	0.0000
36	0.0000	0.0000	0.0000	0.0000
37	0.0000	0.0000	0.0000	0.0000
38	0.0000	0.0000	0.0000	0.0000
39	0.0000	0.0000	0.0000	0.0000
40	0.0000	0.0000	0.0000	0.0000
41	0.0000	0.0000	0.0000	0.0000
42	0.0000	0.0000	0.0000	0.0000
43	0.0000	0.0000	0.0000	0.0000
44	0.0000	0.0000	0.0000	0.0000
45	0.0000	0.0000	0.0000	0.0000
46	0.0000	0.0000	0.0000	0.0000
47	0.0000	0.0000	0.0000	0.0000
48	0.0000	0.0000	0.0000	0.0000
49	0.0000	0.0000	0.0000	0.0000
=== Epoch 1 ===
gen	avg	max	min	std
0	0.0000	0.0000	0.0000	0.0000
1	0.0000	0.0000	0.0000	0.0000
2	0.0000	0.0000	0.0000	0.0000
3	0.0000	0.0000	0.0000	0.0000
4	0.0000	0.0000	0.0000	0.0000
5	0.0000	0.0000	0.0000	0.0000
6	0.0000	0.0000	0.0000	0.0000
7	0.0000	0.0000	0.0000	0.0000
8	0.0000	0.0000	0.0000	0.0000
9	0.0000	0.0000	0.0000	0.0000
10	0.0000	0.0000	0.0000	0.0000
11	0.0000	0.0000	0.0000	0.0000
12	157692.4862	7884624.3084	0.0000	1103847.4032
13	0.0000	0.0000	0.0000	0.0000
14	0.0000	0.0000	0.0000	0.0000
15	0.0000	0.0000	0.0000	0.0000
16	0.0000	0.0000	0.0000	0.0000
17	0.0000	0.0000	0.0000	0.0000
18	0.0000	0.0000	0.0000	0.0000
19	0.0000	0.0000	0.0000	0.0000
20	0.0000	0.0000	0.0000	0.0000
21	0.0000	0.0000	0.0000	0.0000
22	0.0000	0.0000	0.0000	0.0000
23	0.0000	0.0000	0.0000	0.0000
24	0.0000	0.0000	0.0000	0.0000
25	0.0000	0.0000	0.0000	0.0000
26	0.0000	0.0000	0.0000	0.0000
27	0.0000	0.0000	0.0000	0.0000
28	0.0000	0.0000	0.0000	0.0000
29	0.0000	0.0000	0.0000	0.0000
30	0.0000	0.0000	0.0000	0.0000
31	0.0000	0.0000	0.0000	0.0000
32	0.0000	0.0000	0.0000	0.0000
33	0.0000	0.0000	0.0000	0.0000
34	0.0000	0.0000	0.0000	0.0000
35	0.0000	0.0000	0.0000	0.0000
36	0.0000	0.0000	0.0000	0.0000
37	0.0000	0.0000	0.0000	0.0000
38	0.0000	0.0000	0.0000	0.0000
39	0.0000	0.0000	0.0000	0.0000
40	0.0000	0.0000	0.0000	0.0000
41	0.0000	0.0000	0.0000	0.0000
42	0.0000	0.0000	0.0000	0.0000
43	0.0000	0.0000	0.0000	0.0000
44	0.0000	0.0000	0.0000	0.0000
45	0.0000	0.0000	0.0000	0.0000
46	0.0000	0.0000	0.0000	0.0000
47	0.0000	0.0000	0.0000	0.0000
48	0.0000	0.0000	0.0000	0.0000
49	0.0000	0.0000	0.0000	0.0000
=== Epoch 2 ===
gen	avg	max	min	std
0	0.0000	0.0000	0.0000	0.0000
1	0.0000	0.0000	0.0000	0.0000
2	0.0000	0.0000	0.0000	0.0000
3	0.0000	0.0000	0.0000	0.0000
4	0.0000	0.0000	0.0000	0.0000
5	0.0000	0.0000	0.0000	0.0000
6	57865.1580	2893257.8977	0.0000	405056.1057
7	99610.6309	4980531.5438	0.0000	697274.4161
8	152256.1076	7612805.3820	0.0000	1065792.7535
9	210121.2656	7612805.3820	0.0000	1132415.1159
10	309731.8965	7612805.3820	0.0000	1314037.6640
11	525081.1167	7612805.3820	0.0000	1637430.5531
12	1696530.5463	7880463.9390	0.0000	2701403.1814
13	2917770.3329	7612805.3820	0.0000	3140328.2211
14	5087869.4500	7612805.3820	0.0000	3167971.7981
15	7243767.6142	9935091.5613	0.0000	1350427.3618
16	7055043.2111	9935091.5613	0.0000	2106897.5107
17	7279940.6626	9935091.5613	0.0000	1873992.5180
18	6841265.5591	9935091.5613	0.0000	2813712.2164
19	7337944.9027	9935091.5613	0.0000	2193101.1728
20	7512582.5103	10145510.2134	0.0000	2271735.8666
21	8163976.4665	10145510.2134	0.0000	1320940.7820
22	7495139.0965	10145510.2134	0.0000	3069960.0636
23	9190373.2639	13406802.8178	0.0000	1699032.2338
24	9311985.0898	13406802.8178	0.0000	3261192.6548
25	10042676.1217	13406802.8178	0.0000	4323158.4177
26	11670559.0505	13406802.8178	0.0000	4032908.6632
27	12648590.8322	13406802.8178	0.0000	2838220.1926
28	12870530.7051	13406802.8178	0.0000	2627186.0789
29	13138666.7615	13406802.8178	0.0000	1876952.3945
30	12602394.6488	13406802.8178	0.0000	3183939.2590
31	12634775.6256	15025851.6608	0.0000	3200147.2006
32	12431401.5230	15025851.6608	0.0000	3685818.8245
33	13344487.5280	15025851.6608	0.0000	1994912.6941
34	13656762.3912	15025851.6608	0.0000	2090739.0027
35	13735728.8389	15025851.6608	0.0000	3537127.7599
36	14538829.5542	15025851.6608	0.0000	2263681.9469
37	13823783.5280	15025851.6608	0.0000	4076411.3697
38	14566394.5261	15025851.6608	0.0000	2359559.5559
39	14424817.5944	15025851.6608	0.0000	2944453.5616
40	14424817.5944	15025851.6608	0.0000	2944453.5616
41	13229326.4335	15354700.2581	0.0000	4885468.8732
42	12321198.3619	15025851.6608	0.0000	5772743.6975
43	13826786.8109	15176015.8097	0.0000	4077351.0913
44	13832793.3769	15176015.8097	0.0000	4079223.2518
45	14755367.4574	15176015.8097	0.0000	2108760.8951
46	14208392.4846	15176015.8097	0.0000	3590398.4703
47	14863485.6446	15176015.8097	0.0000	2123654.1548
48	14872495.4936	15176015.8097	0.0000	2124642.2134
49	13961934.5450	15176015.8097	0.0000	4117149.8820
=== Epoch 3 ===
gen	avg	max	min	std
0	196213.8567	4905346.4179	0.0000	961247.6588
1	276659.8029	4905346.4179	0.0000	1099788.0730
2	377005.5344	4905346.4179	0.0000	1281971.3819
3	588059.8436	6173153.7784	0.0000	1534224.1270
4	1145633.9478	6173153.7784	0.0000	2014498.7243
5	2124612.5392	6173153.7784	0.0000	2209039.2390
6	3709658.2633	6173153.7784	0.0000	1977735.2861
7	4463675.0977	7092984.8557	0.0000	1714256.3498
8	5101153.3316	7092984.8557	0.0000	1491516.4904
9	5456443.2740	7262956.9032	0.0000	1820600.2534
10	5202849.9849	7262956.9032	0.0000	2546455.8741
11	6763844.1132	7262956.9032	3009220.5657	732860.3396
12	6727049.2289	7262956.9032	0.0000	1720721.1430
13	6681920.3509	7262956.9032	0.0000	1970390.8148
14	6827179.4890	7262956.9032	0.0000	1724856.6966
15	7117697.7651	7262956.9032	0.0000	1016813.9664
16	6876780.0848	9696061.3421	0.0000	1770407.8704
17	7171990.8962	9696061.3421	0.0000	1079537.0434
18	6843134.1090	7309882.2561	0.0000	1729025.7593
19	6563877.9175	7309882.2561	0.0000	2188063.0757
20	6876020.9917	7863972.7416	0.0000	1739535.4718
21	6758302.1275	7863972.7416	0.0000	1996899.0807
22	7420875.7936	8011983.5440	7309882.2561	217551.5023
23	7337816.9801	8011983.5440	0.0000	1520645.2826
24	7306935.3903	8011983.5440	0.0000	1889264.9898
25	7430617.1857	8011983.5440	0.0000	1878409.6652
26	7616426.8539	9126565.6092	0.0000	1572991.5584
27	7562750.7071	9884360.5610	0.0000	1955984.8124
28	7374776.2577	9884360.5610	0.0000	2497487.8306
29	8176513.6710	10744059.6177	0.0000	1786627.3182
30	8815793.1294	13194387.2644	0.0000	2066627.9558
31	8190820.9593	13194387.2644	0.0000	3999216.6650
32	9171401.0709	13194387.2644	0.0000	3590940.9839
33	10423917.2542	13194387.2644	0.0000	2823888.2597
34	10476085.2970	13194387.2644	0.0000	3619918.7178
35	10716610.7768	13194387.2644	0.0000	3716029.0374
36	11489542.9483	13194387.2644	0.0000	3453060.4982
37	12727715.8274	13194387.2644	0.0000	1868824.7989
38	11874948.5379	13194387.2644	0.0000	3958316.1793
39	12666611.7738	13194387.2644	0.0000	2585561.3013
40	12666611.7738	13194387.2644	0.0000	2585561.3013
41	12885025.4461	13790702.5520	0.0000	1886262.0134
42	12880228.4556	13790702.5520	0.0000	1942860.4745
43	12626977.5319	13790702.5520	0.0000	2609673.8768
44	12210394.1177	13790702.5520	0.0000	3605797.6844
45	12065769.4300	13790702.5520	0.0000	4031029.2392
46	12083066.2286	13790702.5520	0.0000	4114085.8934
47	13491035.8894	13790702.5520	0.0000	1930827.0523
48	12411632.2968	13790702.5520	0.0000	4137210.7656
49	13514888.5009	13790702.5520	0.0000	1930698.3573
=== Epoch 4 ===
gen	avg	max	min	std
0	0.0000	0.0000	0.0000	0.0000
1	0.0000	0.0000	0.0000	0.0000
2	0.0000	0.0000	0.0000	0.0000
3	0.0000	0.0000	0.0000	0.0000
4	0.0000	0.0000	0.0000	0.0000
5	0.0000	0.0000	0.0000	0.0000
6	89427.3193	4471365.9649	0.0000	625991.2351
7	64760.8378	3238041.8914	0.0000	453325.8648
8	64760.8378	3238041.8914	0.0000	453325.8648
9	129521.6757	3238041.8914	0.0000	634524.0320
10	131702.6955	3347092.8821	0.0000	645300.9539
11	503056.6843	3347092.8821	0.0000	1160371.9410
12	1152540.1732	3347092.8821	0.0000	1499889.3974
13	1709521.3605	4605509.3698	0.0000	1613115.6364
14	2661822.1991	6174953.4196	0.0000	1558120.9560
15	2917156.4975	6174953.4196	0.0000	1692356.2629
16	3136601.7490	6174953.4196	0.0000	1831409.7171
17	3744143.2149	6174953.4196	0.0000	1952030.3916
18	4279128.3148	6174953.4196	0.0000	2330495.4517
19	5183145.0625	6174953.4196	0.0000	1995428.4415
20	5995315.9119	6174953.4196	0.0000	942288.4794
21	5680957.1460	6174953.4196	0.0000	1675222.8689
22	5927955.2828	6174953.4196	0.0000	1210038.8051
23	5557458.0776	6174953.4196	0.0000	1852486.0259
24	5307372.3518	6174953.4196	0.0000	2064081.8629
25	6005505.6977	6174953.4196	0.0000	916216.3511
26	5767091.1037	6174953.4196	0.0000	1480290.1371
27	5680957.1460	6174953.4196	0.0000	1675222.8689
28	5680957.1460	6174953.4196	0.0000	1675222.8689
29	5804456.2144	6174953.4196	0.0000	1466470.1855
30	5857714.9561	6174953.4196	0.0000	1292767.1566
31	5927955.2828	6174953.4196	0.0000	1210038.8051
32	5715290.0667	7891599.4561	0.0000	1702366.3099
33	5680957.1460	6174953.4196	0.0000	1675222.8689
34	5680957.1460	6174953.4196	0.0000	1675222.8689
35	5310459.9408	6174953.4196	0.0000	2142628.7564
36	5833772.8840	7640786.9029	0.0000	1488076.6722
37	5892406.2234	7640786.9029	0.0000	1528689.0246
38	6285229.1296	7914477.4423	0.0000	1430477.9096
39	6795318.7144	7914477.4423	0.0000	1219496.9607
40	6980649.1961	7914477.4423	0.0000	1849294.8135
41	7126104.9291	7914477.4423	0.0000	2117324.4382
42	7248476.3822	7914477.4423	0.0000	2139286.7092
43	7335622.8794	7914477.4423	0.0000	1990959.0971
44	7740675.5472	7914477.4423	2897057.0213	862005.6788
45	7439608.7958	7914477.4423	0.0000	1879584.2518
46	6977807.2522	8567832.5902	0.0000	2578344.5844
47	7769254.9964	8567832.5902	0.0000	1113654.7777
48	7392134.0301	8567832.5902	0.0000	1971482.6965
49	7633128.6596	8567832.5902	0.0000	1734150.9706
=== Epoch 1 ===
gen	avg	max	min	std
0	0.0000	0.0000	0.0000	0.0000
1	0.0000	0.0000	0.0000	0.0000
2	0.0000	0.0000	0.0000	0.0000
3	0.0000	0.0000	0.0000	0.0000
4	0.0000	0.0000	0.0000	0.0000
5	0.0000	0.0000	0.0000	0.0000
6	0.0000	0.0000	0.0000	0.0000
7	0.0000	0.0000	0.0000	0.0000
8	0.0000	0.0000	0.0000	0.0000
9	0.0000	0.0000	0.0000	0.0000
10	0.0000	0.0000	0.0000	0.0000
11	287063.3563	14353167.8153	0.0000	2009443.4941
12	287063.3563	14353167.8153	0.0000	2009443.4941
13	287063.3563	14353167.8153	0.0000	2009443.4941
14	287063.3563	14353167.8153	0.0000	2009443.4941
15	951647.0693	18876017.8343	0.0000	3802760.2994
16	1762717.1053	18876017.8343	0.0000	4882818.2855
17	2897113.2530	18876017.8343	0.0000	5946871.2355
18	4165859.3802	22215369.7984	0.0000	7187351.8811
19	7521079.0963	22215369.7984	0.0000	8435717.9257
20	10076050.6526	22215369.7984	0.0000	9094433.5664
21	10816972.0899	23763853.4309	0.0000	9554685.5114
22	15089541.6078	23763853.4309	0.0000	8387184.7508
23	17629998.5189	24214302.1011	0.0000	8489589.0992
24	17330285.3004	23763853.4309	0.0000	9307141.7697
25	19619919.0906	23763853.4309	0.0000	7948194.4799
26	18613203.1944	23763853.4309	0.0000	9329665.4419
27	21365775.6948	25001640.5788	0.0000	7128625.7399
28	19560627.0422	25001640.5788	0.0000	9169217.3235
29	21560758.2885	25001640.5788	0.0000	7199509.7865
30	21659781.2604	25001640.5788	0.0000	7237542.3339
31	22031117.4047	25001640.5788	0.0000	7366573.1317
32	24501249.9543	27459324.2289	0.0000	3526093.9742
33	22877312.8513	27459324.2289	0.0000	6938953.9751
34	23698156.8361	27459324.2289	0.0000	6024040.8983
35	24967716.8144	27459324.2289	0.0000	3706866.5944
36	24476119.5225	27459324.2289	0.0000	7304417.5335
37	26016875.5487	27459324.2289	0.0000	5378247.9060
38	25213424.6176	27459324.2289	0.0000	7442976.4263
39	25262578.2906	27459324.2289	0.0000	7449527.9214
40	27290724.7038	27459324.2289	19029347.9764	1180196.6754
41	25193137.6731	27459324.2289	0.0000	7444908.1546
42	24713391.8060	27459324.2289	0.0000	8237797.2687
43	24088873.5340	27459324.2289	0.0000	8910978.8730
44	26360951.2597	27459324.2289	0.0000	5380906.6434
45	26910137.7443	27459324.2289	0.0000	3844305.3920
46	25262578.2906	27459324.2289	0.0000	7449527.9214
47	26360951.2597	27459324.2289	0.0000	5380906.6434
48	24164205.3214	27459324.2289	0.0000	8923224.1840
49	26360951.2597	27459324.2289	0.0000	5380906.6434
=== Epoch 2 ===
gen	avg	max	min	std
0	224086.9041	11204345.2061	0.0000	1568608.3288
1	229619.2091	11480960.4543	0.0000	1607334.4636
2	333072.5605	16653628.0249	0.0000	2331507.9235
3	999217.6815	16653628.0249	0.0000	3955017.5232
4	1332290.2420	16653628.0249	0.0000	4518016.0272
5	1558700.7998	16653628.0249	0.0000	4724511.0818
6	1891773.3603	16653628.0249	0.0000	5169005.0519
7	3181090.1064	16653628.0249	0.0000	6116382.4140
8	6872016.8999	16653628.0249	0.0000	7361061.5077
9	12264598.1312	16653628.0249	0.0000	6060895.6841
10	14495658.3456	16653628.0249	0.0000	5033232.5687
11	15321337.7829	16653628.0249	0.0000	4518016.0272
12	14655192.6619	16653628.0249	0.0000	5411788.5460
13	15321337.7829	16653628.0249	0.0000	4518016.0272
14	15987482.9039	16653628.0249	0.0000	3263431.2822
15	15654410.3434	16653628.0249	0.0000	3955017.5232
16	15321337.7829	16653628.0249	0.0000	4518016.0272
17	16312299.3853	16653628.0249	0.0000	2331044.7078
18	14325989.3889	16847092.4000	0.0000	5780217.3527
19	16271298.7694	16847092.4000	0.0000	2369221.1125
20	15991919.7041	16847092.4000	0.0000	3279182.1413
21	15425808.5455	16847092.4000	0.0000	4549740.3012
22	16146123.6915	16847092.4000	0.0000	3296492.6434
23	15499325.0080	16847092.4000	0.0000	4570501.5965
24	15836266.8560	16847092.4000	0.0000	4000962.7666
25	16173208.7040	16847092.4000	0.0000	3301342.4024
26	15752861.1971	16847092.4000	0.0000	4017659.1506
27	15499325.0080	16847092.4000	0.0000	4570501.5965
28	15162383.1600	16847092.4000	0.0000	5054127.7200
29	16005717.8483	16847092.4000	0.0000	3470983.8799
30	15684709.8040	16847092.4000	0.0000	4102050.1022
31	15162383.1600	16847092.4000	0.0000	5054127.7200
32	15862778.5717	18172678.1868	0.0000	4011949.7979
33	15881125.2924	18172678.1868	0.0000	4021193.7719
34	15835197.5859	18172678.1868	0.0000	4054112.0471
35	16305767.2827	18172678.1868	0.0000	3351964.4656
36	16296429.3380	19971429.6997	0.0000	4177155.0734
37	16385553.1696	19971429.6997	0.0000	4910937.5170
38	17558636.0093	19971429.6997	0.0000	3733776.3406
39	17674891.2351	20361324.6022	0.0000	4542558.8365
40	18848919.6594	20627289.4821	0.0000	3062255.7066
41	19192298.4793	20627289.4821	0.0000	3937980.3039
42	18932400.6455	20627289.4821	0.0000	4796331.4623
43	17350928.9890	20627289.4821	0.0000	7096820.2545
44	19245087.6737	20627289.4821	0.0000	4867998.2748
45	20198307.4415	20627289.4821	0.0000	2886162.0739
46	19389652.1132	20627289.4821	0.0000	4898709.8328
47	18152014.7443	20627289.4821	0.0000	6703075.6775
48	19389652.1132	20627289.4821	0.0000	4898709.8328
49	18564560.5339	20627289.4821	0.0000	6188186.8446
=== Epoch 3 ===
gen	avg	max	min	std
0	498683.7012	14267984.5242	0.0000	2469449.1066
1	498683.7012	14267984.5242	0.0000	2469449.1066
2	580262.2420	12463177.3399	0.0000	2356427.5399
3	144562.3406	7228117.0284	0.0000	1011936.3840
4	296345.0912	7589137.5316	0.0000	1452237.3332
5	600493.3709	7618276.4554	0.0000	2036881.0198
6	1483066.0416	9123105.4111	0.0000	2986733.5855
7	2755553.7762	13747269.5921	0.0000	4015893.2664
8	5177020.2484	13747269.5921	0.0000	4155110.1950
9	7963488.1386	13747269.5921	0.0000	3085969.1955
10	9153756.7652	14091473.2862	0.0000	4010885.0388
11	11488844.2848	14091473.2862	0.0000	2466722.9322
12	12279073.0051	14091473.2862	0.0000	3290473.7015
13	13271751.0148	14091473.2862	0.0000	2741153.9686
14	13211564.5196	14091473.2862	0.0000	3339428.8948
15	12957271.3495	14091473.2862	0.0000	3821194.1904
16	12828226.1970	14091473.2862	0.0000	3896925.9894
17	13674012.4425	14091473.2862	0.0000	2091519.4235
18	13245984.8891	14091473.2862	0.0000	3346539.4862
19	13245984.8891	14091473.2862	0.0000	3346539.4862
20	12682325.9576	14091473.2862	0.0000	4227441.9859
21	13429131.6126	14091473.2862	0.0000	2826836.1224
22	13737779.3949	14718601.1929	0.0000	2051922.4527
23	13244622.4700	14718601.1929	0.0000	3361045.9074
24	13847271.4949	14718601.1929	0.0000	1983772.9803
25	13533062.3751	14718601.1929	0.0000	2854122.8053
26	13461984.5910	14718601.1929	0.0000	3491490.3707
27	13465857.7487	14718601.1929	0.0000	3976028.9584
28	13797857.4469	14718601.1929	0.0000	3489134.7901
29	13246741.0736	14718601.1929	0.0000	4415580.3579
30	14424229.1690	14718601.1929	0.0000	2060604.1670
31	14399904.5513	14718601.1929	0.0000	2064161.1428
32	13541113.0975	14718601.1929	0.0000	3993056.4072
33	13541113.0975	14718601.1929	0.0000	3993056.4072
34	13848017.4998	15345220.1175	0.0000	3499738.6079
35	13434649.1863	15845142.1830	0.0000	4066292.3713
36	13854183.9604	15845142.1830	0.0000	3541197.6343
37	14186117.1043	15845142.1830	0.0000	3612069.0934
38	14800471.8142	15845142.1830	0.0000	3078847.2263
39	15138813.4693	15845142.1830	0.0000	3097452.9987
40	15213124.8429	15934559.5429	0.0000	3105391.3156
41	15535392.7281	15934559.5429	0.0000	2219474.1558
42	15126587.6588	15934559.5429	0.0000	3151163.3681
43	15893427.5574	15934559.5429	15845142.1830	44565.3825
44	14771485.0523	15934559.5429	0.0000	3989385.9253
45	14659794.7795	15934559.5429	0.0000	4322937.6382
46	15934559.5429	15934559.5429	15934559.5429	0.0000
47	14597194.6866	15934559.5429	0.0000	4323887.5910
48	15297177.1612	15934559.5429	0.0000	3122523.2125
49	14978485.9704	15934559.5429	0.0000	3784248.2204
=== Epoch 4 ===
gen	avg	max	min	std
0	0.0000	0.0000	0.0000	0.0000
1	0.0000	0.0000	0.0000	0.0000
2	0.0000	0.0000	0.0000	0.0000
3	0.0000	0.0000	0.0000	0.0000
4	0.0000	0.0000	0.0000	0.0000
5	0.0000	0.0000	0.0000	0.0000
6	0.0000	0.0000	0.0000	0.0000
7	0.0000	0.0000	0.0000	0.0000
8	0.0000	0.0000	0.0000	0.0000
9	0.0000	0.0000	0.0000	0.0000
10	0.0000	0.0000	0.0000	0.0000
11	0.0000	0.0000	0.0000	0.0000
12	0.0000	0.0000	0.0000	0.0000
13	0.0000	0.0000	0.0000	0.0000
14	0.0000	0.0000	0.0000	0.0000
15	0.0000	0.0000	0.0000	0.0000
16	0.0000	0.0000	0.0000	0.0000
17	0.0000	0.0000	0.0000	0.0000
18	0.0000	0.0000	0.0000	0.0000
19	0.0000	0.0000	0.0000	0.0000
20	110020.4179	5501020.8961	0.0000	770142.9255
21	323025.9711	5501020.8961	0.0000	1279218.6529
22	220040.8358	5501020.8961	0.0000	1077975.5408
23	350670.3952	6531477.9693	0.0000	1393084.2039
24	673696.3663	6531477.9693	0.0000	1830446.0307
25	1003757.6201	6531477.9693	0.0000	2147683.3936
26	1862071.4268	8330223.1907	0.0000	2747173.1966
27	3007317.3347	8547470.1180	0.0000	2930249.3359
28	4994586.3006	8547470.1180	0.0000	2266442.3608
29	5517694.8510	8547470.1180	0.0000	1896250.6498
30	6057037.9971	11512254.8339	0.0000	1749071.6695
31	6224470.3309	8547470.1180	0.0000	1428019.3301
32	6976647.4308	9062475.4076	0.0000	1463550.4482
33	7604044.6462	9062475.4076	0.0000	1557069.4277
34	8212378.9671	9062475.4076	0.0000	1757137.9834
35	8203677.2477	9062475.4076	0.0000	2429086.1247
36	8321649.9711	9062475.4076	0.0000	2455140.9698
37	8691524.2256	9062475.4076	0.0000	1775135.3741
38	9062475.4076	9062475.4076	9062475.4076	0.0000
39	8699976.3913	9062475.4076	0.0000	1775875.2444
40	8699976.3913	9062475.4076	0.0000	1775875.2444
41	8337477.3750	9062475.4076	0.0000	2458587.9471
42	8881225.8995	9062475.4076	0.0000	1268746.5571
43	8336652.4780	9062475.4076	0.0000	2305646.5764
44	8881225.8995	9062475.4076	0.0000	1268746.5571
45	8858804.2951	9062475.4076	0.0000	1270655.3933
46	8699976.3913	9062475.4076	0.0000	1775875.2444
47	8873044.9757	9062475.4076	0.0000	1268870.2445
48	8881225.8995	9062475.4076	0.0000	1268746.5571
49	8337477.3750	9062475.4076	0.0000	2458587.9471
=== Epoch 1 ===
gen	avg	max	min	std
0	444480.5114	22224025.5677	0.0000	3111363.5795
1	444480.5114	22224025.5677	0.0000	3111363.5795
2	0.0000	0.0000	0.0000	0.0000
3	356841.4197	17842070.9875	0.0000	2497889.9382
4	356841.4197	17842070.9875	0.0000	2497889.9382
5	0.0000	0.0000	0.0000	0.0000
6	360861.7729	18043088.6449	0.0000	2526032.4103
7	0.0000	0.0000	0.0000	0.0000
8	352644.1211	17632206.0568	0.0000	2468508.8479
9	0.0000	0.0000	0.0000	0.0000
10	0.0000	0.0000	0.0000	0.0000
11	511938.8753	25596943.7631	0.0000	3583572.1268
12	0.0000	0.0000	0.0000	0.0000
13	349225.8372	17461291.8581	0.0000	2444580.8601
14	889488.3988	27013128.0843	0.0000	4461045.4417
15	1429750.9605	27013128.0843	0.0000	5765597.1082
16	2477428.4720	27013128.0843	0.0000	6887847.9070
17	4438177.9498	28350084.4015	0.0000	8616220.6040
18	9251093.6759	28350084.4015	0.0000	10440163.0573
19	16116137.7091	28350084.4015	0.0000	9872659.1157
20	21316031.8540	28350084.4015	0.0000	7686784.0364
21	20398205.9867	28350084.4015	0.0000	11102967.3424
22	21864280.0940	28350084.4015	0.0000	9993632.5364
23	23985603.6085	28350084.4015	0.0000	9041422.9973
24	23121062.7038	28350084.4015	0.0000	9725861.1940
25	24545350.2765	28350084.4015	0.0000	9224645.5271
26	27088037.5240	54710190.0357	0.0000	7804955.3310
27	29830970.6316	55644120.9430	0.0000	11419957.0326
28	34692746.0328	55644120.9430	0.0000	12629888.7087
29	42857038.7924	55644120.9430	0.0000	17269618.3920
30	51488128.2441	57947710.7922	0.0000	13557499.5009
31	49403021.8022	57947710.7922	0.0000	17015676.2323
32	51330806.6585	57947710.7922	0.0000	15146457.2457
33	53833002.2781	57947710.7922	0.0000	11023871.9023
34	51001144.7884	57947710.7922	0.0000	17035028.6896
35	49143954.3265	57947710.7922	0.0000	19854395.8860
36	55491586.9695	57947710.7922	0.0000	11340341.0346
37	54531310.0276	60970804.9402	0.0000	13783585.1267
38	49796261.3852	60970804.9402	0.0000	20132206.6805
39	57030604.1082	60970804.9402	0.0000	8188332.3644
40	48750102.7189	60970804.9402	0.0000	21526085.4542
41	55315874.7739	60970804.9402	0.0000	14035095.1587
42	57399991.5522	60970804.9402	0.0000	11793560.8706
43	54710573.1154	60970804.9402	0.0000	18245167.3729
44	54873724.4462	60970804.9402	0.0000	18291241.4821
45	57312556.6438	60970804.9402	0.0000	14479763.9036
46	57050726.2505	60970804.9402	0.0000	14529524.5660
47	52905664.8430	87194618.1844	0.0000	21663170.4686
48	58867811.4788	87194618.1844	0.0000	16091873.6716
49	60045791.2564	87194618.1844	0.0000	22465067.6779
=== Epoch 2 ===
gen	avg	max	min	std
0	0.0000	0.0000	0.0000	0.0000
1	0.0000	0.0000	0.0000	0.0000
2	0.0000	0.0000	0.0000	0.0000
3	0.0000	0.0000	0.0000	0.0000
4	0.0000	0.0000	0.0000	0.0000
5	0.0000	0.0000	0.0000	0.0000
6	0.0000	0.0000	0.0000	0.0000
7	779824.2984	38991214.9211	0.0000	5458770.0890
8	779824.2984	38991214.9211	0.0000	5458770.0890
9	1079107.4030	53955370.1524	0.0000	7553751.8213
10	1112157.8259	55607891.2946	0.0000	7785104.7812
11	1597793.6867	55607891.2946	0.0000	8431127.8180
12	1597793.6867	55607891.2946	0.0000	8431127.8180
13	4073438.8001	58482197.5903	0.0000	13026768.8772
14	1966878.4780	38991214.9211	0.0000	7932791.3269
15	3119297.1937	38991214.9211	0.0000	10578051.4415
16	6203914.6144	46657354.6932	0.0000	14317822.7160
17	13226855.2303	69820676.0475	0.0000	20022507.8912
18	24029589.3347	78690261.9365	0.0000	24187842.9727
19	34619821.6819	78690261.9365	0.0000	25705558.6742
20	46494944.4926	81901080.4048	0.0000	25494072.4014
21	55784641.1554	81901080.4048	0.0000	24847465.3840
22	62049820.1703	81901080.4048	0.0000	26213906.4026
23	70705454.9182	81901080.4048	0.0000	21536671.5522
24	76173318.3093	81901080.4048	0.0000	19444679.2069
25	75348993.9724	81901080.4048	0.0000	22219206.1312
26	75333303.7248	81901080.4048	0.0000	22214850.3572
27	78355182.5604	81901080.4048	0.0000	16055825.9686
28	75348993.9724	81901080.4048	0.0000	22219206.1312
29	74887529.4843	85618277.0871	0.0000	22256932.6106
30	72138136.4134	85618277.0871	0.0000	26643946.8908
31	78922412.9232	85618277.0871	0.0000	16141388.5086
32	79591508.3260	85618277.0871	0.0000	16326969.0689
33	82541495.6846	88024221.0144	0.0000	11937740.3389
34	78593901.9977	88024221.0144	0.0000	23195735.1405
35	78865052.6772	88024221.0144	0.0000	23260796.4702
36	79394360.3412	88024221.0144	0.0000	23435166.6787
37	82520474.3534	88024221.0144	0.0000	18996874.9100
38	78617914.4191	88024221.0144	0.0000	26493532.9286
39	86263736.5941	88024221.0144	0.0000	12323390.9420
40	86263736.5941	88024221.0144	0.0000	12323390.9420
41	84109716.7622	88024221.0144	0.0000	16037294.6243
42	80982283.3333	88024221.0144	0.0000	23880372.5371
43	80436965.3916	88024221.0144	0.0000	24024221.3985
44	79808424.5135	88024221.0144	0.0000	24540741.1297
45	82742767.7536	88024221.0144	0.0000	20904594.2454
46	80982283.3333	88024221.0144	0.0000	23880372.5371
47	84503252.1739	88024221.0144	0.0000	17249154.1193
48	82742767.7536	88024221.0144	0.0000	20904594.2454
49	82742767.7536	88024221.0144	0.0000	20904594.2454
=== Epoch 3 ===
gen	avg	max	min	std
0	0.0000	0.0000	0.0000	0.0000
1	0.0000	0.0000	0.0000	0.0000
2	0.0000	0.0000	0.0000	0.0000
3	0.0000	0.0000	0.0000	0.0000
4	0.0000	0.0000	0.0000	0.0000
5	765624.2772	38281213.8577	0.0000	5359369.9401
6	765624.2772	38281213.8577	0.0000	5359369.9401
7	0.0000	0.0000	0.0000	0.0000
8	775857.1475	38792857.3730	0.0000	5431000.0322
9	1551714.2949	38792857.3730	0.0000	7601816.4983
10	3911600.0431	40408572.6629	0.0000	11736579.6827
11	9717435.1706	51583394.4908	0.0000	17374442.8665
12	12837398.6379	64006206.2155	0.0000	19982764.6421
13	24444381.9542	64006206.2155	0.0000	23509913.2823
14	35782860.6171	64006206.2155	0.0000	20784953.1707
15	48661535.7223	64006206.2155	0.0000	18991830.7051
16	54185604.9383	64006206.2155	0.0000	22112186.4538
17	58885709.7183	64006206.2155	0.0000	17364448.4609
18	56325461.4697	64006206.2155	0.0000	20799555.0972
19	60097141.4392	64006206.2155	0.0000	15190879.2022
20	60165833.8426	64006206.2155	0.0000	15200631.7659
21	61445957.9669	64006206.2155	0.0000	12542603.6480
22	57605585.5940	64006206.2155	0.0000	19201861.8647
23	60144464.3539	64006206.2155	0.0000	15195968.1690
24	61445957.9669	64006206.2155	0.0000	12542603.6480
25	57692781.0270	68365977.8668	0.0000	19240588.8157
26	54026799.5201	68365977.8668	0.0000	23601673.8389
27	53133964.4759	68365977.8668	0.0000	24947486.8793
28	51920674.3104	68365977.8668	0.0000	26039837.0146
29	53528559.6935	68365977.8668	0.0000	25202604.4002
30	59499103.0192	68365977.8668	0.0000	20390760.0325
31	63630912.6200	70681528.6478	0.0000	16209160.7130
32	65803385.6810	120636074.2932	0.0000	18267598.5263
33	73476006.5470	120636074.2932	0.0000	18858126.7284
34	79893622.4907	120636074.2932	68365977.8668	18547003.9784
35	88839950.3582	120636074.2932	0.0000	31505907.4843
36	104001798.4726	120636074.2932	0.0000	28373715.9166
37	115559756.0175	120636074.2932	0.0000	19351166.8395
38	115774423.3229	120636074.2932	0.0000	23633713.1580
39	118068856.6776	120636074.2932	0.0000	16901600.3632
40	113397909.8356	120636074.2932	0.0000	28649480.2839
41	114349724.5571	120636074.2932	0.0000	24494945.1575
42	115810631.3215	120636074.2932	0.0000	23639746.1273
43	115674544.1502	120636074.2932	0.0000	23631159.5438
44	108572466.8639	120636074.2932	0.0000	36190822.2880
45	108572466.8639	120636074.2932	0.0000	36190822.2880
46	120636074.2932	120636074.2932	120636074.2932	0.0000
47	110700421.9198	120636074.2932	0.0000	32704470.6664
48	110985188.3498	120636074.2932	0.0000	32727746.5490
49	120636074.2932	120636074.2932	120636074.2932	0.0000
