Jammer_X,Jammer_Y,Initial_X1,Initial_Y1,Initial_X2,Initial_Y2,Initial_X3,Initial_Y3,Initial_X4,Initial_Y4,Predicted_Final_X1,Predicted_Final_Y1,Predicted_Final_X2,Predicted_Final_Y2,Predicted_Final_X3,Predicted_Final_Y3,Predicted_Final_X4,Predicted_Final_Y4,Real_Final_X1,Real_Final_Y1,Real_Final_X2,Real_Final_Y2,Real_Final_X3,Real_Final_Y3,Real_Final_X4,Real_Final_Y4
0.0,500.0,12.185706071055533,9.871360616351224,38.18921908201288,21.308982164732328,58.72518985345108,37.79540027620673,2.5780299027295883,43.858517242007046,100.0,20.0,120.0,20.0,80.0,0.0,120.0,0.0,88.07020729837515,58.401382716964775,107.6455678852634,50.963687220267055,72.67610956708302,26.30327364302565,102.35905814415628,21.973700122985377
0.0,500.0,35.82627493799728,53.58846969708266,43.20819699126219,7.507231169927746,11.735130422584266,27.941518173983763,12.730123982247626,51.94818559507895,60.0,0.0,60.0,40.0,100.0,40.0,60.0,20.0,67.4397678626244,9.683569512462384,69.10647346894328,38.97044987963838,100.18341266673671,29.80142024194925,87.32396584560848,13.068052664722693
0.0,500.0,54.54792674276843,52.36671813014358,26.083593019704068,55.73514920181355,7.387638858235346,41.06335839119891,53.37758006349498,9.829793063811872,60.00000000000001,0.0,120.00000000000001,0.0,100.0,0.0,60.00000000000001,40.0,76.8392837549683,28.376319706135902,117.8823698972751,23.227130148963376,95.12634197352116,16.91412260428111,81.67486587330086,57.30020127797447
0.0,500.0,56.55109035401546,42.16580384118928,1.3107137636651212,1.4520721328146746,28.47421354476287,46.709608125055446,25.28609564503224,25.513188285786125,60.0,20.0,100.0,60.0,120.0,20.0,120.0,40.0,68.40753305497765,13.819067270531256,99.74479077165338,58.97927071641634,105.0718660989782,6.310932182032502,118.79774966084489,40.22231821511136
0.0,500.0,26.29761949961138,10.622057669513667,8.159263100887744,35.044372623225776,56.50747002159251,44.56407627355854,51.436652017042434,17.332232140959412,120.0,20.0,100.0,0.0,60.0,0.0,60.0,20.0,115.31541149998424,59.54249213506666,118.50147772915074,21.197064959364283,79.3249399072812,9.542051747714352,82.73647195109734,49.38150564271263
0.0,500.0,25.588670881418164,38.09203944321389,3.4764116466160577,46.7646209904263,51.89543429029944,57.23531273787504,19.04502096122945,3.7262675310507687,60.0,0.0,120.0,40.0,80.0,0.0,60.0,60.0,106.77934870068565,31.56277470050203,89.0448273616323,17.072080273935303,66.95983179630264,21.53360560350381,79.44192497421517,45.71705233444823
0.0,500.0,1.2944118027610885,40.88481364879613,50.35445727302164,6.084072657683919,37.37126712945376,39.609436053519474,26.24652777410228,16.961404311282003,120.0,0.0,60.0,60.0,60.0,0.0,80.0,20.0,91.4697360878103,9.1138932250727,67.25174916582226,39.55535686648157,65.96342188218124,9.84390806784366,88.31529400064312,30.747562673842065
0.0,500.0,4.986313481924669,28.443465478277947,39.262306054545846,45.08312330904238,32.20875713361245,6.580401820989456,58.59750221033434,55.27925142276624,119.99999999999999,40.0,119.99999999999999,0.0,119.99999999999999,59.99999999999999,80.0,0.0,118.7067943969232,38.39063083990913,69.6917260190353,21.434407044484928,104.75072623219332,53.81824521569625,91.56348739465732,22.483232264625016
0.0,500.0,5.211348800272397,8.376148412347781,57.369293262625085,17.95851595357707,9.102339826940264,33.941225583291185,36.03274430982172,41.498665211570525,120.0,60.0,60.0,40.0,120.0,0.0,60.0,0.0,115.65820775305704,51.163975176342575,79.56144618991958,44.307726667354665,103.19981142113858,32.3359708510942,69.0318202193705,26.03091150189935
0.0,500.0,44.34573782095048,36.33570249394532,0.3037399981834165,56.947888135775045,20.561475412279616,42.77581139119352,59.54855169804455,1.5227202548656282,100.00000000000001,20.0,100.00000000000001,0.0,80.0,20.0,60.0,40.0,64.49486002060819,21.51754100443354,92.267952553966,7.308231559571212,106.91926823460992,22.103483011448105,79.2964669023217,48.97313793953919
13.333333333333334,500.0,12.185706071055533,9.871360616351224,38.18921908201288,21.308982164732328,58.72518985345108,37.79540027620673,2.5780299027295883,43.858517242007046,80.0,20.0,100.0,0.0,80.0,0.0,119.99999999999999,0.0,91.8717171317787,51.1825704257864,62.77792082353288,32.52516176014672,61.012856294289705,11.81831720748912,107.8675072756015,0.8809714631061709
13.333333333333334,500.0,35.82627493799728,53.58846969708266,43.20819699126219,7.507231169927746,11.735130422584266,27.941518173983763,12.730123982247626,51.94818559507895,80.0,20.0,80.0,59.99999999999999,59.99999999999999,40.0,59.99999999999999,20.0,68.596817899001,4.506555374380604,75.0956855111275,35.771293827717145,117.54073909346562,25.44720031677176,90.1899910774404,7.455131056094224
13.333333333333334,500.0,54.54792674276843,52.36671813014358,26.083593019704068,55.73514920181355,7.387638858235346,41.06335839119891,53.37758006349498,9.829793063811872,60.0,0.0,80.0,20.0,60.0,20.0,60.0,40.0,68.20924565027539,4.879838035282532,90.16615376849288,2.3087631490802067,107.47165507289075,15.549033631161157,81.75463157054939,34.145275197785594
13.333333333333334,500.0,56.55109035401546,42.16580384118928,1.3107137636651212,1.4520721328146746,28.47421354476287,46.709608125055446,25.28609564503224,25.513188285786125,60.0,0.0,120.0,60.0,120.0,0.0,120.0,40.0,68.68021243220156,15.90684259375434,95.4797745503129,56.15764140480528,115.20014203033324,9.219279771923524,116.51012947611808,40.6968155678366
13.333333333333334,500.0,26.29761949961138,10.622057669513667,8.159263100887744,35.044372623225776,56.50747002159251,44.56407627355854,51.436652017042434,17.332232140959412,120.0,60.0,100.0,20.0,60.0,20.0,60.0,60.0,112.07020438449776,51.9676207339726,118.51781688338627,15.185217073317666,63.77933149586811,2.50385486584166,75.69705975547383,41.85079490474815
13.333333333333334,500.0,25.588670881418164,38.09203944321389,3.4764116466160577,46.7646209904263,51.89543429029944,57.23531273787504,19.04502096122945,3.7262675310507687,120.0,0.0,80.0,20.0,80.0,0.0,120.0,60.0,94.07313226439716,24.35449079816001,115.63337885280436,20.06710115071237,72.87184947365239,13.50284538518489,97.21422855094865,49.48816769397064
13.333333333333334,500.0,1.2944118027610885,40.88481364879613,50.35445727302164,6.084072657683919,37.37126712945376,39.609436053519474,26.24652777410228,16.961404311282003,120.00000000000001,0.0,60.00000000000001,60.00000000000001,60.00000000000001,0.0,80.0,20.0,96.2762249773769,19.86623247352449,62.54394841569941,43.05154886607152,60.064651569352975,17.49223648534777,82.64914402075183,35.112891895695185
13.333333333333334,500.0,4.986313481924669,28.443465478277947,39.262306054545846,45.08312330904238,32.20875713361245,6.580401820989456,58.59750221033434,55.27925142276624,100.0,40.0,120.00000000000001,0.0,120.00000000000001,60.00000000000001,60.00000000000001,0.0,117.67844173508182,40.470743893412006,93.90292756062016,30.84113979000406,96.8842226789748,55.89054033560933,73.27751012915581,24.481940912379063
13.333333333333334,500.0,5.211348800272397,8.376148412347781,57.369293262625085,17.95851595357707,9.102339826940264,33.941225583291185,36.03274430982172,41.498665211570525,120.0,60.0,60.0,40.0,120.0,0.0,60.0,0.0,98.26052343884184,38.74889133465392,63.79044313232234,32.26268953919509,85.88881334510941,21.283270877824386,60.471626947443866,9.789536250580095
13.333333333333334,500.0,44.34573782095048,36.33570249394532,0.3037399981834165,56.947888135775045,20.561475412279616,42.77581139119352,59.54855169804455,1.5227202548656282,80.0,20.0,100.0,0.0,100.0,20.0,60.0,40.0,82.52575161988297,28.358430112727586,104.20164841348586,13.38939101021235,117.64609061759862,31.6523280185724,73.78529730779418,51.96587585714395
26.666666666666668,500.0,12.185706071055533,9.871360616351224,38.18921908201288,21.308982164732328,58.72518985345108,37.79540027620673,2.5780299027295883,43.858517242007046,80.0,20.0,100.0,0.0,80.0,0.0,119.99999999999999,0.0,103.20262648167672,50.54764527443841,62.06976954349021,33.36361745207957,60.43086095110456,9.876699918448416,115.71287308455814,3.4147121914927467
26.666666666666668,500.0,35.82627493799728,53.58846969708266,43.20819699126219,7.507231169927746,11.735130422584266,27.941518173983763,12.730123982247626,51.94818559507895,80.0,20.0,80.0,59.99999999999999,59.99999999999999,40.0,59.99999999999999,20.0,89.86453582769734,1.3557310899454436,99.19980099949476,34.159646002065784,82.28613535309876,20.76596529987341,116.59848969803338,4.717472215463246
26.666666666666668,500.0,54.54792674276843,52.36671813014358,26.083593019704068,55.73514920181355,7.387638858235346,41.06335839119891,53.37758006349498,9.829793063811872,60.0,0.0,80.0,20.0,60.0,20.0,60.0,40.0,98.40224340911686,15.782864334027842,119.24007089567,14.355923183966103,76.88302930887264,17.226218211037615,105.631873111485,34.76240914213037
26.666666666666668,500.0,56.55109035401546,42.16580384118928,1.3107137636651212,1.4520721328146746,28.47421354476287,46.709608125055446,25.28609564503224,25.513188285786125,60.0,0.0,120.0,60.0,120.0,0.0,120.0,40.0,75.61624229322004,19.055894919755,86.72799783665452,48.4302110532937,95.97026549462292,15.687603225704098,114.03567949943482,44.36151296909642
26.666666666666668,500.0,26.29761949961138,10.622057669513667,8.159263100887744,35.044372623225776,56.50747002159251,44.56407627355854,51.436652017042434,17.332232140959412,120.0,60.0,100.0,20.0,60.0,20.0,60.0,60.0,111.91634073710917,47.28694439371688,111.6816036886411,14.420114369962771,64.19749720553054,8.177209004692436,71.99115135490194,37.06542618243744
26.666666666666668,500.0,25.588670881418164,38.09203944321389,3.4764116466160577,46.7646209904263,51.89543429029944,57.23531273787504,19.04502096122945,3.7262675310507687,120.0,0.0,80.0,20.0,80.0,0.0,120.0,60.0,83.58070009061944,29.59855130589956,104.40214223248888,22.14028371287727,61.64412832969531,13.92923097863038,90.77142432643016,52.11541525216136
26.666666666666668,500.0,1.2944118027610885,40.88481364879613,50.35445727302164,6.084072657683919,37.37126712945376,39.609436053519474,26.24652777410228,16.961404311282003,120.00000000000001,0.0,60.00000000000001,60.00000000000001,60.00000000000001,0.0,80.0,20.0,115.89264299902692,1.1585125268458327,68.82078030789484,55.321260809808095,89.45767455812991,4.577937414907453,103.51839195538216,38.8141926470805
26.666666666666668,500.0,4.986313481924669,28.443465478277947,39.262306054545846,45.08312330904238,32.20875713361245,6.580401820989456,58.59750221033434,55.27925142276624,100.0,40.0,120.00000000000001,0.0,120.00000000000001,60.00000000000001,60.00000000000001,0.0,80.87312578093477,18.76758999256441,118.35620472848822,12.528460891371571,110.77133741503386,34.870297411032254,94.42700170059618,2.920573147726756
26.666666666666668,500.0,5.211348800272397,8.376148412347781,57.369293262625085,17.95851595357707,9.102339826940264,33.941225583291185,36.03274430982172,41.498665211570525,119.99999999999999,59.99999999999999,59.99999999999999,40.0,119.99999999999999,0.0,59.99999999999999,0.0,115.01625076595369,49.64737292579381,62.91577986770067,40.67249333474293,100.31670182468582,28.3968282086516,79.80692241041484,25.936103341121807
26.666666666666668,500.0,44.34573782095048,36.33570249394532,0.3037399981834165,56.947888135775045,20.561475412279616,42.77581139119352,59.54855169804455,1.5227202548656282,80.0,20.0,100.00000000000001,0.0,100.00000000000001,20.0,60.0,40.0,69.0849093212156,16.707958903091875,99.42547142384328,3.310404909422872,113.69134097040856,17.424133968031562,86.10422011683957,44.52668005093302
40.0,500.0,12.185706071055533,9.871360616351224,38.18921908201288,21.308982164732328,58.72518985345108,37.79540027620673,2.5780299027295883,43.858517242007046,60.0,60.0,100.0,60.0,80.0,60.0,120.0,60.0,96.63098808597104,45.95962329971167,114.94865220405802,37.8845116305791,71.48640067527002,18.27015312029941,113.02051012184072,14.39819125675136
40.0,500.0,35.82627493799728,53.58846969708266,43.20819699126219,7.507231169927746,11.735130422584266,27.941518173983763,12.730123982247626,51.94818559507895,60.0,20.0,60.0,60.0,120.0,60.0,80.0,40.0,65.5397783158626,13.325410320817028,77.02701879002873,48.60470843399243,97.05746392671246,34.953767346116955,87.04873386864725,13.443946210610086
40.0,500.0,54.54792674276843,52.36671813014358,26.083593019704068,55.73514920181355,7.387638858235346,41.06335839119891,53.37758006349498,9.829793063811872,80.0,0.0,60.00000000000001,0.0,80.0,20.0,80.0,40.0,60.97417384551516,4.5955927783008335,102.22392816751528,1.78929702912027,86.14223584172152,13.80879846194462,61.41998484187424,33.12737596143065
40.0,500.0,56.55109035401546,42.16580384118928,1.3107137636651212,1.4520721328146746,28.47421354476287,46.709608125055446,25.28609564503224,25.513188285786125,60.0,20.0,80.0,60.0,120.0,20.0,120.0,40.0,84.59881441253629,10.080217229082578,93.79541668698344,45.290421699163225,106.65301610906197,7.858477258142024,114.51389171004408,40.16095951512114
40.0,500.0,26.29761949961138,10.622057669513667,8.159263100887744,35.044372623225776,56.50747002159251,44.56407627355854,51.436652017042434,17.332232140959412,120.0,0.0,80.0,0.0,120.0,20.0,60.0,0.0,105.00016352808726,59.84572319498382,117.41482089275472,20.68976905665034,61.74004588114013,8.485625496471023,62.83017091524127,48.21209530245196
40.0,500.0,25.588670881418164,38.09203944321389,3.4764116466160577,46.7646209904263,51.89543429029944,57.23531273787504,19.04502096122945,3.7262675310507687,60.0,0.0,120.0,40.0,100.0,0.0,60.0,60.0,83.31965078628917,31.61899608632946,104.86310136923508,26.09875542122021,66.57660779118073,18.63787704402693,94.53254263834609,56.18621765689507
40.0,500.0,1.2944118027610885,40.88481364879613,50.35445727302164,6.084072657683919,37.37126712945376,39.609436053519474,26.24652777410228,16.961404311282003,120.0,20.0,100.0,60.0,60.0,20.0,100.0,40.0,116.36546720372486,23.51656761552205,90.95889560123749,47.40698713861642,92.365925224135,24.348991011036944,116.37120929583946,43.97907949615794
40.0,500.0,4.986313481924669,28.443465478277947,39.262306054545846,45.08312330904238,32.20875713361245,6.580401820989456,58.59750221033434,55.27925142276624,119.99999999999999,40.0,59.99999999999999,0.0,59.99999999999999,59.99999999999999,119.99999999999999,0.0,86.73973999413727,29.727629518578063,106.5028653882519,21.30993215456401,106.81275924517048,47.71354937551722,78.21195408458577,6.128697882474455
40.0,500.0,5.211348800272397,8.376148412347781,57.369293262625085,17.95851595357707,9.102339826940264,33.941225583291185,36.03274430982172,41.498665211570525,120.0,60.0,60.0,40.0,120.0,0.0,60.0,0.0,118.4425703940569,47.79733396807298,61.58074898053042,32.87257660101192,116.25439718088624,11.101072061617147,86.39430728637268,2.2261418625402385
40.0,500.0,44.34573782095048,36.33570249394532,0.3037399981834165,56.947888135775045,20.561475412279616,42.77581139119352,59.54855169804455,1.5227202548656282,80.0,20.0,100.00000000000001,0.0,120.0,20.0,60.0,40.0,74.70980563016573,42.835090730179786,104.84395744162508,29.124984933302983,81.77753584455598,22.91448279022944,93.46758883845044,57.92205962340807
53.333333333333336,500.0,12.185706071055533,9.871360616351224,38.18921908201288,21.308982164732328,58.72518985345108,37.79540027620673,2.5780299027295883,43.858517242007046,100.0,59.99999999999999,59.99999999999999,40.0,59.99999999999999,20.0,100.0,20.0,70.67651700085732,58.782806067409226,93.47984271873813,44.091756237601885,63.59396661927521,19.20709313162819,83.06383358450975,7.855839638767549
53.333333333333336,500.0,35.82627493799728,53.58846969708266,43.20819699126219,7.507231169927746,11.735130422584266,27.941518173983763,12.730123982247626,51.94818559507895,100.0,20.0,100.0,59.99999999999999,119.99999999999999,40.0,80.0,20.0,78.79280117241618,17.835989645330528,90.96339439090416,45.91367887678327,113.2435712125633,38.12957031811745,110.05572241407972,16.077388115235124
53.333333333333336,500.0,54.54792674276843,52.36671813014358,26.083593019704068,55.73514920181355,7.387638858235346,41.06335839119891,53.37758006349498,9.829793063811872,120.0,20.0,120.0,0.0,100.0,20.0,120.0,60.0,61.15399990070183,18.23126230921704,101.81277490665263,13.570939698163912,82.5475294350561,29.45040674601375,77.8283747878079,57.04964445029363
53.333333333333336,500.0,56.55109035401546,42.16580384118928,1.3107137636651212,1.4520721328146746,28.47421354476287,46.709608125055446,25.28609564503224,25.513188285786125,60.0,0.0,120.0,60.0,120.0,0.0,120.0,20.0,106.48363639894922,6.939001919405051,119.808063304195,48.46478406402058,83.93109119540449,8.488846165228999,104.12763986753576,32.35577086087876
53.333333333333336,500.0,26.29761949961138,10.622057669513667,8.159263100887744,35.044372623225776,56.50747002159251,44.56407627355854,51.436652017042434,17.332232140959412,120.0,0.0,100.0,0.0,60.0,0.0,80.0,0.0,119.25186371164015,57.22397686044059,119.14377713789952,21.614216314022187,77.26709308829452,6.928806153278181,82.20018215155457,47.0782746558555
53.333333333333336,500.0,25.588670881418164,38.09203944321389,3.4764116466160577,46.7646209904263,51.89543429029944,57.23531273787504,19.04502096122945,3.7262675310507687,99.99999999999999,20.0,120.0,20.0,60.0,0.0,99.99999999999999,40.0,98.13829476868892,38.20005363743214,75.90671481697261,27.62880888980237,98.73216882826088,13.560611117534847,66.4628454876138,55.998206784236295
53.333333333333336,500.0,1.2944118027610885,40.88481364879613,50.35445727302164,6.084072657683919,37.37126712945376,39.609436053519474,26.24652777410228,16.961404311282003,120.00000000000001,0.0,60.00000000000001,60.00000000000001,60.00000000000001,0.0,80.0,40.0,117.76077032574749,16.071290609487804,79.97791198107439,39.10076950278792,86.32368832790735,17.15140629106089,108.34612604052258,33.90907292638031
53.333333333333336,500.0,4.986313481924669,28.443465478277947,39.262306054545846,45.08312330904238,32.20875713361245,6.580401820989456,58.59750221033434,55.27925142276624,120.00000000000001,40.0,100.0,0.0,100.0,60.00000000000001,120.00000000000001,0.0,115.36203138641234,26.538590672389347,84.60969698925152,19.63207145701846,90.63919456031124,41.72548230233032,63.16589387742636,9.813848129102595
53.333333333333336,500.0,5.211348800272397,8.376148412347781,57.369293262625085,17.95851595357707,9.102339826940264,33.941225583291185,36.03274430982172,41.498665211570525,120.0,60.0,60.0,60.0,80.0,20.0,60.0,0.0,113.69379553149642,30.557407305319945,86.31344094364309,19.167621595093724,115.97537053317804,8.493260864331706,71.68696461819184,3.922405272734032
53.333333333333336,500.0,44.34573782095048,36.33570249394532,0.3037399981834165,56.947888135775045,20.561475412279616,42.77581139119352,59.54855169804455,1.5227202548656282,120.0,40.0,60.0,0.0,120.0,0.0,60.0,60.0,95.47730773732604,41.85542426212207,100.06238630998376,12.612469231348555,70.09404371135467,29.2298391269216,63.26628393426155,50.28628418783077
66.66666666666667,500.0,12.185706071055533,9.871360616351224,38.18921908201288,21.308982164732328,58.72518985345108,37.79540027620673,2.5780299027295883,43.858517242007046,100.0,59.99999999999999,59.99999999999999,40.0,59.99999999999999,20.0,100.0,20.0,90.44039300808892,41.6529715822438,68.60394550933756,42.39511617010393,64.39938489525203,22.50649525952524,112.2843907167267,23.76854746557051
66.66666666666667,500.0,35.82627493799728,53.58846969708266,43.20819699126219,7.507231169927746,11.735130422584266,27.941518173983763,12.730123982247626,51.94818559507895,100.0,20.0,100.0,59.99999999999999,119.99999999999999,40.0,80.0,20.0,84.97923759201215,17.720762543601857,102.6453948843217,49.02685655482127,81.51572522589511,39.61786061276868,118.31084264476016,20.34023665717157
66.66666666666667,500.0,54.54792674276843,52.36671813014358,26.083593019704068,55.73514920181355,7.387638858235346,41.06335839119891,53.37758006349498,9.829793063811872,120.0,20.0,120.0,0.0,100.0,20.0,120.0,60.0,106.18515324672056,31.03080407783129,69.9492405695046,22.2907299413935,84.6406408794121,36.60267950806973,104.3490879929635,59.03203423153172
66.66666666666667,500.0,56.55109035401546,42.16580384118928,1.3107137636651212,1.4520721328146746,28.47421354476287,46.709608125055446,25.28609564503224,25.513188285786125,60.0,0.0,120.0,60.0,120.0,0.0,120.0,20.0,92.98424065911382,10.785960968188704,90.104017298984,32.625067346416024,70.23652502488987,2.901178000707901,112.00969092999574,22.004717007726367
66.66666666666667,500.0,26.29761949961138,10.622057669513667,8.159263100887744,35.044372623225776,56.50747002159251,44.56407627355854,51.436652017042434,17.332232140959412,120.0,0.0,100.0,0.0,60.0,0.0,80.0,0.0,105.30038217675508,45.08321124466267,119.56845217465256,28.62261902966263,74.08635815745451,21.845284357908,83.146247816355,40.94060317265589
66.66666666666667,500.0,25.588670881418164,38.09203944321389,3.4764116466160577,46.7646209904263,51.89543429029944,57.23531273787504,19.04502096122945,3.7262675310507687,99.99999999999999,20.0,120.0,20.0,60.0,0.0,99.99999999999999,40.0,102.93659973328366,34.7517026589182,66.79587789083097,36.247420167620994,83.91479743458888,21.866876685446243,111.88531731805612,58.53011504749708
66.66666666666667,500.0,1.2944118027610885,40.88481364879613,50.35445727302164,6.084072657683919,37.37126712945376,39.609436053519474,26.24652777410228,16.961404311282003,120.00000000000001,0.0,60.00000000000001,60.00000000000001,60.00000000000001,0.0,80.0,40.0,115.35534545979468,8.289829568689846,66.55156211168651,55.1240285649031,85.22639921297508,4.787996394791165,103.55664618036042,43.56451071128336
66.66666666666667,500.0,4.986313481924669,28.443465478277947,39.262306054545846,45.08312330904238,32.20875713361245,6.580401820989456,58.59750221033434,55.27925142276624,120.00000000000001,40.0,100.0,0.0,100.0,60.00000000000001,120.00000000000001,0.0,98.62443032497116,35.95691039306276,73.8690395490434,24.51623167675532,81.53346069879623,50.60232333407338,93.74063218515312,12.473896605758853
66.66666666666667,500.0,5.211348800272397,8.376148412347781,57.369293262625085,17.95851595357707,9.102339826940264,33.941225583291185,36.03274430982172,41.498665211570525,119.99999999999999,59.99999999999999,59.99999999999999,59.99999999999999,80.0,20.0,59.99999999999999,0.0,108.99071969499671,56.82313071602531,61.79333537236506,41.20472468095945,98.83459125056322,19.233606178650867,61.70390271665196,7.598113732394374
66.66666666666667,500.0,44.34573782095048,36.33570249394532,0.3037399981834165,56.947888135775045,20.561475412279616,42.77581139119352,59.54855169804455,1.5227202548656282,120.0,40.0,60.0,0.0,120.0,0.0,60.0,60.0,84.50095845184464,30.392251704324075,109.9617754455373,16.89743343587331,62.79724516039754,19.97015631273149,71.16292870414728,53.88133121051059
80.0,500.0,12.185706071055533,9.871360616351224,38.18921908201288,21.308982164732328,58.72518985345108,37.79540027620673,2.5780299027295883,43.858517242007046,80.0,40.0,100.0,20.0,60.0,0.0,100.0,0.0,101.2438859911932,58.47414677192197,63.79727433077691,42.65979347951206,68.56086947881361,13.085845319986287,112.57336526446493,8.874062491082135
80.0,500.0,35.82627493799728,53.58846969708266,43.20819699126219,7.507231169927746,11.735130422584266,27.941518173983763,12.730123982247626,51.94818559507895,80.0,20.0,80.0,60.0,80.0,40.0,100.0,20.0,88.2068871505551,13.830861331820827,81.84428013584656,44.91541255115753,117.93364864585656,33.20449779710289,113.01024274782972,13.06305554101356
80.0,500.0,54.54792674276843,52.36671813014358,26.083593019704068,55.73514920181355,7.387638858235346,41.06335839119891,53.37758006349498,9.829793063811872,60.00000000000001,20.0,120.00000000000001,20.0,100.0,40.0,60.00000000000001,60.00000000000001,96.55976074154889,15.5007396908099,117.30480220206266,13.9318830165359,80.09396767833502,27.08388506603898,97.31151354950428,45.06624892904424
80.0,500.0,56.55109035401546,42.16580384118928,1.3107137636651212,1.4520721328146746,28.47421354476287,46.709608125055446,25.28609564503224,25.513188285786125,60.0,20.0,80.0,60.0,120.0,20.0,120.0,40.0,96.69680018732429,4.070059598387623,118.30801872948018,54.4870771511337,70.70120042626311,14.683419822482357,118.85063406439784,14.960810959341291
80.0,500.0,26.29761949961138,10.622057669513667,8.159263100887744,35.044372623225776,56.50747002159251,44.56407627355854,51.436652017042434,17.332232140959412,120.0,40.0,100.0,20.0,60.0,20.0,60.0,40.0,109.82574186755002,50.809148090454585,119.646780016286,13.580289407504964,66.01124531068054,0.1779632149594689,70.04973708140999,39.47012488886384
80.0,500.0,25.588670881418164,38.09203944321389,3.4764116466160577,46.7646209904263,51.89543429029944,57.23531273787504,19.04502096122945,3.7262675310507687,60.0,20.0,100.0,20.0,60.0,0.0,80.0,40.0,91.4805684266014,26.55552940245411,119.77143712112026,20.980500044920845,73.56488785920988,14.076545970773653,97.71321074267613,49.234836571898185
80.0,500.0,1.2944118027610885,40.88481364879613,50.35445727302164,6.084072657683919,37.37126712945376,39.609436053519474,26.24652777410228,16.961404311282003,120.0,0.0,80.0,60.0,60.0,0.0,100.0,40.0,94.78890965067956,20.243764130924696,64.0147787240282,43.2275596117171,69.23396234261473,21.128558767730343,109.11411628724332,38.11732474001323
80.0,500.0,4.986313481924669,28.443465478277947,39.262306054545846,45.08312330904238,32.20875713361245,6.580401820989456,58.59750221033434,55.27925142276624,59.99999999999999,59.99999999999999,80.0,0.0,80.0,59.99999999999999,59.99999999999999,0.0,77.59597465724606,34.08425928616192,117.45074493368874,27.28888943196857,97.16155185209828,44.98358439705834,85.99332711636933,13.018865613996091
80.0,500.0,5.211348800272397,8.376148412347781,57.369293262625085,17.95851595357707,9.102339826940264,33.941225583291185,36.03274430982172,41.498665211570525,120.0,60.0,80.0,20.0,120.0,0.0,60.0,0.0,97.93623937867108,27.07834489990225,74.98548300090128,23.69337573732708,113.2125507753433,13.969647846726836,63.544467196191086,6.016938325149368
80.0,500.0,44.34573782095048,36.33570249394532,0.3037399981834165,56.947888135775045,20.561475412279616,42.77581139119352,59.54855169804455,1.5227202548656282,100.00000000000001,0.0,120.0,0.0,60.0,0.0,80.0,40.0,72.95640951767676,21.766711911498547,114.67319808932156,6.020268983066714,93.42303651614446,18.29181070275648,70.22484274175746,46.03088061608402
93.33333333333334,500.0,12.185706071055533,9.871360616351224,38.18921908201288,21.308982164732328,58.72518985345108,37.79540027620673,2.5780299027295883,43.858517242007046,119.99999999999999,40.0,80.0,20.0,59.99999999999999,20.0,100.00000000000001,20.0,108.10197590849646,49.44486838870017,73.93499520223932,39.59655267179408,86.80959979141255,24.239883759247945,116.35770815826606,26.069806321997525
93.33333333333334,500.0,35.82627493799728,53.58846969708266,43.20819699126219,7.507231169927746,11.735130422584266,27.941518173983763,12.730123982247626,51.94818559507895,59.99999999999999,20.0,59.99999999999999,59.99999999999999,100.0,40.0,100.0,20.0,64.97819895981867,10.794401256567768,77.99330694188333,34.011256162187365,104.92993609313052,19.971881892464587,87.47833205142285,7.412053024674755
93.33333333333334,500.0,54.54792674276843,52.36671813014358,26.083593019704068,55.73514920181355,7.387638858235346,41.06335839119891,53.37758006349498,9.829793063811872,60.0,0.0,120.0,0.0,100.0,20.0,60.0,40.0,64.00979874527908,24.995259964822505,107.47939513262476,19.42038959325168,90.31819677367749,31.40461812684697,62.85946600928932,53.931032992453545
93.33333333333334,500.0,56.55109035401546,42.16580384118928,1.3107137636651212,1.4520721328146746,28.47421354476287,46.709608125055446,25.28609564503224,25.513188285786125,60.0,0.0,120.0,60.0,120.0,0.0,120.0,20.0,65.12877390822253,12.687150241869915,87.74797458536308,54.23156517659393,99.36971653402291,15.400951294765118,70.94510284800047,38.50503221111527
93.33333333333334,500.0,26.29761949961138,10.622057669513667,8.159263100887744,35.044372623225776,56.50747002159251,44.56407627355854,51.436652017042434,17.332232140959412,120.0,0.0,80.0,0.0,100.0,0.0,60.0,0.0,104.87759362518725,38.50788728795259,119.88153245408716,22.970937617673144,86.48217772584808,12.550689723399929,77.98222039459422,34.47274032628582
93.33333333333334,500.0,25.588670881418164,38.09203944321389,3.4764116466160577,46.7646209904263,51.89543429029944,57.23531273787504,19.04502096122945,3.7262675310507687,60.0,20.0,80.0,20.0,60.0,0.0,80.0,40.0,81.17728006123201,24.229231007844923,101.19974908333388,20.773286951909785,63.293232565091046,11.59744188671879,86.42687518544676,47.20562025472166
93.33333333333334,500.0,1.2944118027610885,40.88481364879613,50.35445727302164,6.084072657683919,37.37126712945376,39.609436053519474,26.24652777410228,16.961404311282003,120.00000000000001,0.0,60.00000000000001,60.00000000000001,60.00000000000001,0.0,80.0,40.0,95.68308395430536,28.59738298830973,72.51692661799184,49.490148421264784,72.79360026964389,29.08299740764469,114.15742231922262,36.69945629369386
93.33333333333334,500.0,4.986313481924669,28.443465478277947,39.262306054545846,45.08312330904238,32.20875713361245,6.580401820989456,58.59750221033434,55.27925142276624,99.99999999999999,60.00000000000001,120.00000000000001,0.0,120.00000000000001,60.00000000000001,60.00000000000001,0.0,107.96617525810308,34.57128069675849,85.9109315734137,23.22331833399477,83.4645917010611,49.98802679522682,66.69662196527484,17.525688991834144
93.33333333333334,500.0,5.211348800272397,8.376148412347781,57.369293262625085,17.95851595357707,9.102339826940264,33.941225583291185,36.03274430982172,41.498665211570525,120.0,60.0,60.0,20.0,120.0,0.0,60.0,0.0,109.11893153023354,44.32752431703788,67.84187618343233,37.43001307977119,96.55173120079182,27.88391839702099,60.24524128540543,16.48550069305364
93.33333333333334,500.0,44.34573782095048,36.33570249394532,0.3037399981834165,56.947888135775045,20.561475412279616,42.77581139119352,59.54855169804455,1.5227202548656282,60.0,40.0,100.0,20.0,80.0,40.0,60.0,60.0,61.05560433400695,26.15723208081744,111.75364461694043,10.706470687589224,89.80857682643594,22.58203594057562,70.17276868900035,50.42682500833918
106.66666666666669,500.0,12.185706071055533,9.871360616351224,38.18921908201288,21.308982164732328,58.72518985345108,37.79540027620673,2.5780299027295883,43.858517242007046,120.0,40.0,80.0,20.0,60.0,20.0,100.0,20.0,110.41004781919553,46.32251147959308,61.944248004961736,31.335177385785048,61.41897222107678,7.274715837014455,119.3641750615662,6.043090609648303
106.66666666666669,500.0,35.82627493799728,53.58846969708266,43.20819699126219,7.507231169927746,11.735130422584266,27.941518173983763,12.730123982247626,51.94818559507895,59.99999999999999,20.0,59.99999999999999,59.99999999999999,100.0,40.0,100.0,20.0,84.44860051557842,32.11088002082684,91.1841347797256,58.05958688591653,69.52268232871418,57.59139497287266,67.11197725090419,21.60557043024688
106.66666666666669,500.0,54.54792674276843,52.36671813014358,26.083593019704068,55.73514920181355,7.387638858235346,41.06335839119891,53.37758006349498,9.829793063811872,60.0,0.0,120.0,0.0,100.0,20.0,60.0,40.0,63.00259889384208,20.74726429576524,108.46481207580302,14.671152895509143,93.77160996437831,28.84854858883105,68.02875208115944,48.87284911545183
106.66666666666669,500.0,56.55109035401546,42.16580384118928,1.3107137636651212,1.4520721328146746,28.47421354476287,46.709608125055446,25.28609564503224,25.513188285786125,60.0,0.0,120.0,60.0,120.0,0.0,120.0,20.0,75.36156192484319,33.37717381298344,100.87269110624936,59.79208990339454,99.68600489966023,30.04089412713244,116.45365363834075,44.5432266357763
106.66666666666669,500.0,26.29761949961138,10.622057669513667,8.159263100887744,35.044372623225776,56.50747002159251,44.56407627355854,51.436652017042434,17.332232140959412,120.0,0.0,80.0,0.0,100.0,0.0,60.0,0.0,104.97834073549603,36.58476327026132,117.26971728267526,20.3347364077202,87.57822077488377,13.699417757495546,81.78265142871737,33.98307727579429
106.66666666666669,500.0,25.588670881418164,38.09203944321389,3.4764116466160577,46.7646209904263,51.89543429029944,57.23531273787504,19.04502096122945,3.7262675310507687,60.0,20.0,80.0,20.0,60.0,0.0,80.0,40.0,95.82130124050164,34.455540517167975,115.92144718746924,30.328010180622588,77.19712029237446,22.27990308315082,101.79667346110978,59.76955952606937
106.66666666666669,500.0,1.2944118027610885,40.88481364879613,50.35445727302164,6.084072657683919,37.37126712945376,39.609436053519474,26.24652777410228,16.961404311282003,120.0,0.0,60.0,60.0,60.0,0.0,80.0,40.0,118.48756152194976,6.620835996265974,63.22741686900864,52.54599947795061,80.75300417864891,2.691817446187536,98.76098446635862,36.31732221384068
106.66666666666669,500.0,4.986313481924669,28.443465478277947,39.262306054545846,45.08312330904238,32.20875713361245,6.580401820989456,58.59750221033434,55.27925142276624,100.0,60.0,120.0,0.0,120.0,60.0,60.0,0.0,97.8565664684134,38.788603307077096,115.31734690274266,15.241919826780125,119.71574603463716,40.80172856956524,85.40471792412822,22.323012146923915
106.66666666666669,500.0,5.211348800272397,8.376148412347781,57.369293262625085,17.95851595357707,9.102339826940264,33.941225583291185,36.03274430982172,41.498665211570525,119.99999999999999,59.99999999999999,59.99999999999999,20.0,119.99999999999999,0.0,59.99999999999999,0.0,113.08982740139056,59.594305875218005,60.414394706866176,41.44339954533876,109.25446020059208,21.284059466497368,85.0133968173727,8.035708998530964
106.66666666666669,500.0,44.34573782095048,36.33570249394532,0.3037399981834165,56.947888135775045,20.561475412279616,42.77581139119352,59.54855169804455,1.5227202548656282,60.0,40.0,100.0,20.0,80.0,40.0,60.0,60.0,62.90709928428232,24.12860425044874,85.36622517834776,5.579882754172289,106.2991839013542,13.333430089690284,79.15445782132898,41.29639247518364
120.0,500.0,12.185706071055533,9.871360616351224,38.18921908201288,21.308982164732328,58.72518985345108,37.79540027620673,2.5780299027295883,43.858517242007046,100.0,60.0,60.0,60.0,80.0,60.0,120.0,60.0,87.6592701514791,57.4437314115439,97.83731545036017,35.73256324669131,63.99784552108212,10.938944541393028,97.74584825699132,6.850161302330143
120.0,500.0,35.82627493799728,53.58846969708266,43.20819699126219,7.507231169927746,11.735130422584266,27.941518173983763,12.730123982247626,51.94818559507895,100.0,0.0,100.0,40.0,100.0,20.0,80.0,0.0,76.27241059253842,17.44129897795584,66.47216994835034,47.93168165813952,86.22787804297877,35.790193440376186,102.98771365920592,16.604094235348782
120.0,500.0,54.54792674276843,52.36671813014358,26.083593019704068,55.73514920181355,7.387638858235346,41.06335839119891,53.37758006349498,9.829793063811872,60.00000000000001,0.0,120.00000000000001,0.0,100.0,20.0,60.00000000000001,40.0,69.3199824755342,12.69707736588753,90.1370840235608,6.789897539162375,104.6366447702107,21.51096483119882,77.1679311337883,37.256912154807374
120.0,500.0,56.55109035401546,42.16580384118928,1.3107137636651212,1.4520721328146746,28.47421354476287,46.709608125055446,25.28609564503224,25.513188285786125,60.0,20.0,80.0,60.0,120.0,20.0,120.0,40.0,100.06410886337842,12.335516231396582,90.2648130644248,49.492392776823664,73.02040898985764,18.629030958961643,117.5818287945246,24.194968066160392
120.0,500.0,26.29761949961138,10.622057669513667,8.159263100887744,35.044372623225776,56.50747002159251,44.56407627355854,51.436652017042434,17.332232140959412,120.0,0.0,100.0,0.0,60.0,0.0,80.0,0.0,112.45208845061576,45.03233126868648,118.78963844184136,16.823881880926756,62.11564497165423,3.1519495776495816,76.52199083264873,34.83270839462176
120.0,500.0,25.588670881418164,38.09203944321389,3.4764116466160577,46.7646209904263,51.89543429029944,57.23531273787504,19.04502096122945,3.7262675310507687,60.0,0.0,120.0,20.0,120.0,0.0,60.0,60.0,90.27811077829672,31.29946016918096,111.42251737450802,23.970880083555905,70.48456561195813,17.943135442588463,103.30954035467282,53.51944096112013
120.0,500.0,1.2944118027610885,40.88481364879613,50.35445727302164,6.084072657683919,37.37126712945376,39.609436053519474,26.24652777410228,16.961404311282003,120.0,0.0,60.0,60.0,60.0,0.0,100.0,40.0,112.93306361925438,8.608350533617902,62.83176914499672,54.73237370376599,73.75863316194436,8.434372617690485,92.46182710678232,42.56780367606179
120.0,500.0,4.986313481924669,28.443465478277947,39.262306054545846,45.08312330904238,32.20875713361245,6.580401820989456,58.59750221033434,55.27925142276624,80.0,59.99999999999999,59.99999999999999,0.0,59.99999999999999,59.99999999999999,100.0,0.0,83.84874763065181,32.373937639454404,103.77460423753982,7.036147629719693,109.13649680232405,32.66709903398134,79.26703605852384,11.284389490586392
120.0,500.0,5.211348800272397,8.376148412347781,57.369293262625085,17.95851595357707,9.102339826940264,33.941225583291185,36.03274430982172,41.498665211570525,120.0,60.0,60.0,20.0,120.0,0.0,60.0,0.0,107.5687083350734,39.18961012062787,70.32808607787038,32.970150894390805,92.13919327021804,24.89604433235884,109.15238443604804,12.87293397687095
120.0,500.0,44.34573782095048,36.33570249394532,0.3037399981834165,56.947888135775045,20.561475412279616,42.77581139119352,59.54855169804455,1.5227202548656282,80.0,40.0,120.0,20.0,100.00000000000001,40.0,80.0,60.0,88.23003465725628,38.83262758626736,109.23794703681313,19.25195420170584,68.56373624663352,32.19269166572894,67.05244251804618,56.57564564324505
0.0,500.0,12.185706071055533,9.871360616351224,38.18921908201288,21.308982164732328,2.5780299027295883,43.858517242007046,58.72518985345108,37.79540027620673,100.0,20.0,120.0,20.0,120.0,0.0,80.0,0.0,88.07020729837515,58.401382716964775,107.6455678852634,50.963687220267055,102.35905814415628,21.973700122985377,72.67610956708302,26.30327364302565
0.0,500.0,12.185706071055533,9.871360616351224,58.72518985345108,37.79540027620673,38.18921908201288,21.308982164732328,2.5780299027295883,43.858517242007046,100.0,20.0,80.0,0.0,120.0,20.0,120.0,0.0,88.07020729837515,58.401382716964775,72.67610956708302,26.30327364302565,107.6455678852634,50.963687220267055,102.35905814415628,21.973700122985377
0.0,500.0,12.185706071055533,9.871360616351224,58.72518985345108,37.79540027620673,2.5780299027295883,43.858517242007046,38.18921908201288,21.308982164732328,100.0,20.0,80.0,0.0,120.0,0.0,120.0,20.0,88.07020729837515,58.401382716964775,72.67610956708302,26.30327364302565,102.35905814415628,21.973700122985377,107.6455678852634,50.963687220267055
0.0,500.0,12.185706071055533,9.871360616351224,2.5780299027295883,43.858517242007046,38.18921908201288,21.308982164732328,58.72518985345108,37.79540027620673,100.0,20.0,120.0,0.0,120.0,20.0,80.0,0.0,88.07020729837515,58.401382716964775,102.35905814415628,21.973700122985377,107.6455678852634,50.963687220267055,72.67610956708302,26.30327364302565
0.0,500.0,12.185706071055533,9.871360616351224,2.5780299027295883,43.858517242007046,58.72518985345108,37.79540027620673,38.18921908201288,21.308982164732328,100.0,20.0,120.0,0.0,80.0,0.0,120.0,20.0,88.07020729837515,58.401382716964775,102.35905814415628,21.973700122985377,72.67610956708302,26.30327364302565,107.6455678852634,50.963687220267055
0.0,500.0,38.18921908201288,21.308982164732328,12.185706071055533,9.871360616351224,58.72518985345108,37.79540027620673,2.5780299027295883,43.858517242007046,120.0,20.0,100.0,20.0,80.0,0.0,120.0,0.0,107.6455678852634,50.963687220267055,88.07020729837515,58.401382716964775,72.67610956708302,26.30327364302565,102.35905814415628,21.973700122985377
0.0,500.0,38.18921908201288,21.308982164732328,12.185706071055533,9.871360616351224,2.5780299027295883,43.858517242007046,58.72518985345108,37.79540027620673,120.0,20.0,100.0,20.0,120.0,0.0,80.0,0.0,107.6455678852634,50.963687220267055,88.07020729837515,58.401382716964775,102.35905814415628,21.973700122985377,72.67610956708302,26.30327364302565
0.0,500.0,38.18921908201288,21.308982164732328,58.72518985345108,37.79540027620673,12.185706071055533,9.871360616351224,2.5780299027295883,43.858517242007046,120.0,20.0,80.0,0.0,100.0,20.0,120.0,0.0,107.6455678852634,50.963687220267055,72.67610956708302,26.30327364302565,88.07020729837515,58.401382716964775,102.35905814415628,21.973700122985377
0.0,500.0,38.18921908201288,21.308982164732328,58.72518985345108,37.79540027620673,2.5780299027295883,43.858517242007046,12.185706071055533,9.871360616351224,120.0,20.0,80.0,0.0,120.0,0.0,100.0,20.0,107.6455678852634,50.963687220267055,72.67610956708302,26.30327364302565,102.35905814415628,21.973700122985377,88.07020729837515,58.401382716964775
0.0,500.0,38.18921908201288,21.308982164732328,2.5780299027295883,43.858517242007046,12.185706071055533,9.871360616351224,58.72518985345108,37.79540027620673,120.0,20.0,120.0,0.0,100.0,20.0,80.0,0.0,107.6455678852634,50.963687220267055,102.35905814415628,21.973700122985377,88.07020729837515,58.401382716964775,72.67610956708302,26.30327364302565
0.0,500.0,38.18921908201288,21.308982164732328,2.5780299027295883,43.858517242007046,58.72518985345108,37.79540027620673,12.185706071055533,9.871360616351224,120.0,20.0,120.0,0.0,80.0,0.0,100.0,20.0,107.6455678852634,50.963687220267055,102.35905814415628,21.973700122985377,72.67610956708302,26.30327364302565,88.07020729837515,58.401382716964775
0.0,500.0,58.72518985345108,37.79540027620673,12.185706071055533,9.871360616351224,38.18921908201288,21.308982164732328,2.5780299027295883,43.858517242007046,80.0,0.0,100.0,20.0,120.0,20.0,120.0,0.0,72.67610956708302,26.30327364302565,88.07020729837515,58.401382716964775,107.6455678852634,50.963687220267055,102.35905814415628,21.973700122985377
0.0,500.0,58.72518985345108,37.79540027620673,12.185706071055533,9.871360616351224,2.5780299027295883,43.858517242007046,38.18921908201288,21.308982164732328,80.0,0.0,100.0,20.0,120.0,0.0,120.0,20.0,72.67610956708302,26.30327364302565,88.07020729837515,58.401382716964775,102.35905814415628,21.973700122985377,107.6455678852634,50.963687220267055
0.0,500.0,58.72518985345108,37.79540027620673,38.18921908201288,21.308982164732328,12.185706071055533,9.871360616351224,2.5780299027295883,43.858517242007046,80.0,0.0,120.0,20.0,100.0,20.0,120.0,0.0,72.67610956708302,26.30327364302565,107.6455678852634,50.963687220267055,88.07020729837515,58.401382716964775,102.35905814415628,21.973700122985377
0.0,500.0,58.72518985345108,37.79540027620673,38.18921908201288,21.308982164732328,2.5780299027295883,43.858517242007046,12.185706071055533,9.871360616351224,80.0,0.0,120.0,20.0,120.0,0.0,100.0,20.0,72.67610956708302,26.30327364302565,107.6455678852634,50.963687220267055,102.35905814415628,21.973700122985377,88.07020729837515,58.401382716964775
0.0,500.0,58.72518985345108,37.79540027620673,2.5780299027295883,43.858517242007046,12.185706071055533,9.871360616351224,38.18921908201288,21.308982164732328,80.0,0.0,120.0,0.0,100.0,20.0,120.0,20.0,72.67610956708302,26.30327364302565,102.35905814415628,21.973700122985377,88.07020729837515,58.401382716964775,107.6455678852634,50.963687220267055
0.0,500.0,58.72518985345108,37.79540027620673,2.5780299027295883,43.858517242007046,38.18921908201288,21.308982164732328,12.185706071055533,9.871360616351224,80.0,0.0,120.0,0.0,120.0,20.0,100.0,20.0,72.67610956708302,26.30327364302565,102.35905814415628,21.973700122985377,107.6455678852634,50.963687220267055,88.07020729837515,58.401382716964775
0.0,500.0,2.5780299027295883,43.858517242007046,12.185706071055533,9.871360616351224,38.18921908201288,21.308982164732328,58.72518985345108,37.79540027620673,120.0,0.0,100.0,20.0,120.0,20.0,80.0,0.0,102.35905814415628,21.973700122985377,88.07020729837515,58.401382716964775,107.6455678852634,50.963687220267055,72.67610956708302,26.30327364302565
0.0,500.0,2.5780299027295883,43.858517242007046,12.185706071055533,9.871360616351224,58.72518985345108,37.79540027620673,38.18921908201288,21.308982164732328,120.0,0.0,100.0,20.0,80.0,0.0,120.0,20.0,102.35905814415628,21.973700122985377,88.07020729837515,58.401382716964775,72.67610956708302,26.30327364302565,107.6455678852634,50.963687220267055
0.0,500.0,2.5780299027295883,43.858517242007046,38.18921908201288,21.308982164732328,12.185706071055533,9.871360616351224,58.72518985345108,37.79540027620673,120.0,0.0,120.0,20.0,100.0,20.0,80.0,0.0,102.35905814415628,21.973700122985377,107.6455678852634,50.963687220267055,88.07020729837515,58.401382716964775,72.67610956708302,26.30327364302565
0.0,500.0,2.5780299027295883,43.858517242007046,38.18921908201288,21.308982164732328,58.72518985345108,37.79540027620673,12.185706071055533,9.871360616351224,120.0,0.0,120.0,20.0,80.0,0.0,100.0,20.0,102.35905814415628,21.973700122985377,107.6455678852634,50.963687220267055,72.67610956708302,26.30327364302565,88.07020729837515,58.401382716964775
0.0,500.0,2.5780299027295883,43.858517242007046,58.72518985345108,37.79540027620673,12.185706071055533,9.871360616351224,38.18921908201288,21.308982164732328,120.0,0.0,80.0,0.0,100.0,20.0,120.0,20.0,102.35905814415628,21.973700122985377,72.67610956708302,26.30327364302565,88.07020729837515,58.401382716964775,107.6455678852634,50.963687220267055
0.0,500.0,2.5780299027295883,43.858517242007046,58.72518985345108,37.79540027620673,38.18921908201288,21.308982164732328,12.185706071055533,9.871360616351224,120.0,0.0,80.0,0.0,120.0,20.0,100.0,20.0,102.35905814415628,21.973700122985377,72.67610956708302,26.30327364302565,107.6455678852634,50.963687220267055,88.07020729837515,58.401382716964775
0.0,500.0,35.82627493799728,53.58846969708266,43.20819699126219,7.507231169927746,12.730123982247626,51.94818559507895,11.735130422584266,27.941518173983763,60.0,0.0,60.0,40.0,60.0,20.0,100.0,40.0,67.4397678626244,9.683569512462384,69.10647346894328,38.97044987963838,87.32396584560848,13.068052664722693,100.18341266673671,29.80142024194925
0.0,500.0,35.82627493799728,53.58846969708266,11.735130422584266,27.941518173983763,43.20819699126219,7.507231169927746,12.730123982247626,51.94818559507895,60.0,0.0,100.0,40.0,60.0,40.0,60.0,20.0,67.4397678626244,9.683569512462384,100.18341266673671,29.80142024194925,69.10647346894328,38.97044987963838,87.32396584560848,13.068052664722693
0.0,500.0,35.82627493799728,53.58846969708266,11.735130422584266,27.941518173983763,12.730123982247626,51.94818559507895,43.20819699126219,7.507231169927746,60.0,0.0,100.0,40.0,60.0,20.0,60.0,40.0,67.4397678626244,9.683569512462384,100.18341266673671,29.80142024194925,87.32396584560848,13.068052664722693,69.10647346894328,38.97044987963838
0.0,500.0,35.82627493799728,53.58846969708266,12.730123982247626,51.94818559507895,43.20819699126219,7.507231169927746,11.735130422584266,27.941518173983763,60.0,0.0,60.0,20.0,60.0,40.0,100.0,40.0,67.4397678626244,9.683569512462384,87.32396584560848,13.068052664722693,69.10647346894328,38.97044987963838,100.18341266673671,29.80142024194925
0.0,500.0,35.82627493799728,53.58846969708266,12.730123982247626,51.94818559507895,11.735130422584266,27.941518173983763,43.20819699126219,7.507231169927746,60.0,0.0,60.0,20.0,100.0,40.0,60.0,40.0,67.4397678626244,9.683569512462384,87.32396584560848,13.068052664722693,100.18341266673671,29.80142024194925,69.10647346894328,38.97044987963838
0.0,500.0,43.20819699126219,7.507231169927746,35.82627493799728,53.58846969708266,11.735130422584266,27.941518173983763,12.730123982247626,51.94818559507895,60.0,40.0,60.0,0.0,100.0,40.0,60.0,20.0,69.10647346894328,38.97044987963838,67.4397678626244,9.683569512462384,100.18341266673671,29.80142024194925,87.32396584560848,13.068052664722693
0.0,500.0,43.20819699126219,7.507231169927746,35.82627493799728,53.58846969708266,12.730123982247626,51.94818559507895,11.735130422584266,27.941518173983763,60.0,40.0,60.0,0.0,60.0,20.0,100.0,40.0,69.10647346894328,38.97044987963838,67.4397678626244,9.683569512462384,87.32396584560848,13.068052664722693,100.18341266673671,29.80142024194925
0.0,500.0,43.20819699126219,7.507231169927746,11.735130422584266,27.941518173983763,35.82627493799728,53.58846969708266,12.730123982247626,51.94818559507895,60.0,40.0,100.0,40.0,60.0,0.0,60.0,20.0,69.10647346894328,38.97044987963838,100.18341266673671,29.80142024194925,67.4397678626244,9.683569512462384,87.32396584560848,13.068052664722693
0.0,500.0,43.20819699126219,7.507231169927746,11.735130422584266,27.941518173983763,12.730123982247626,51.94818559507895,35.82627493799728,53.58846969708266,60.0,40.0,100.0,40.0,60.0,20.0,60.0,0.0,69.10647346894328,38.97044987963838,100.18341266673671,29.80142024194925,87.32396584560848,13.068052664722693,67.4397678626244,9.683569512462384
0.0,500.0,43.20819699126219,7.507231169927746,12.730123982247626,51.94818559507895,35.82627493799728,53.58846969708266,11.735130422584266,27.941518173983763,60.0,40.0,60.0,20.0,60.0,0.0,100.0,40.0,69.10647346894328,38.97044987963838,87.32396584560848,13.068052664722693,67.4397678626244,9.683569512462384,100.18341266673671,29.80142024194925
0.0,500.0,43.20819699126219,7.507231169927746,12.730123982247626,51.94818559507895,11.735130422584266,27.941518173983763,35.82627493799728,53.58846969708266,60.0,40.0,60.0,20.0,100.0,40.0,60.0,0.0,69.10647346894328,38.97044987963838,87.32396584560848,13.068052664722693,100.18341266673671,29.80142024194925,67.4397678626244,9.683569512462384
0.0,500.0,11.735130422584266,27.941518173983763,35.82627493799728,53.58846969708266,43.20819699126219,7.507231169927746,12.730123982247626,51.94818559507895,100.0,40.0,60.0,0.0,60.0,40.0,60.0,20.0,100.18341266673671,29.80142024194925,67.4397678626244,9.683569512462384,69.10647346894328,38.97044987963838,87.32396584560848,13.068052664722693
0.0,500.0,11.735130422584266,27.941518173983763,35.82627493799728,53.58846969708266,12.730123982247626,51.94818559507895,43.20819699126219,7.507231169927746,100.0,40.0,60.0,0.0,60.0,20.0,60.0,40.0,100.18341266673671,29.80142024194925,67.4397678626244,9.683569512462384,87.32396584560848,13.068052664722693,69.10647346894328,38.97044987963838
0.0,500.0,11.735130422584266,27.941518173983763,43.20819699126219,7.507231169927746,35.82627493799728,53.58846969708266,12.730123982247626,51.94818559507895,100.0,40.0,60.0,40.0,60.0,0.0,60.0,20.0,100.18341266673671,29.80142024194925,69.10647346894328,38.97044987963838,67.4397678626244,9.683569512462384,87.32396584560848,13.068052664722693
0.0,500.0,11.735130422584266,27.941518173983763,43.20819699126219,7.507231169927746,12.730123982247626,51.94818559507895,35.82627493799728,53.58846969708266,100.0,40.0,60.0,40.0,60.0,20.0,60.0,0.0,100.18341266673671,29.80142024194925,69.10647346894328,38.97044987963838,87.32396584560848,13.068052664722693,67.4397678626244,9.683569512462384
0.0,500.0,11.735130422584266,27.941518173983763,12.730123982247626,51.94818559507895,35.82627493799728,53.58846969708266,43.20819699126219,7.507231169927746,100.0,40.0,60.0,20.0,60.0,0.0,60.0,40.0,100.18341266673671,29.80142024194925,87.32396584560848,13.068052664722693,67.4397678626244,9.683569512462384,69.10647346894328,38.97044987963838
0.0,500.0,11.735130422584266,27.941518173983763,12.730123982247626,51.94818559507895,43.20819699126219,7.507231169927746,35.82627493799728,53.58846969708266,100.0,40.0,60.0,20.0,60.0,40.0,60.0,0.0,100.18341266673671,29.80142024194925,87.32396584560848,13.068052664722693,69.10647346894328,38.97044987963838,67.4397678626244,9.683569512462384
0.0,500.0,12.730123982247626,51.94818559507895,35.82627493799728,53.58846969708266,43.20819699126219,7.507231169927746,11.735130422584266,27.941518173983763,60.0,20.0,60.0,0.0,60.0,40.0,100.0,40.0,87.32396584560848,13.068052664722693,67.4397678626244,9.683569512462384,69.10647346894328,38.97044987963838,100.18341266673671,29.80142024194925
0.0,500.0,12.730123982247626,51.94818559507895,35.82627493799728,53.58846969708266,11.735130422584266,27.941518173983763,43.20819699126219,7.507231169927746,60.0,20.0,60.0,0.0,100.0,40.0,60.0,40.0,87.32396584560848,13.068052664722693,67.4397678626244,9.683569512462384,100.18341266673671,29.80142024194925,69.10647346894328,38.97044987963838
0.0,500.0,12.730123982247626,51.94818559507895,43.20819699126219,7.507231169927746,35.82627493799728,53.58846969708266,11.735130422584266,27.941518173983763,60.0,20.0,60.0,40.0,60.0,0.0,100.0,40.0,87.32396584560848,13.068052664722693,69.10647346894328,38.97044987963838,67.4397678626244,9.683569512462384,100.18341266673671,29.80142024194925
0.0,500.0,12.730123982247626,51.94818559507895,43.20819699126219,7.507231169927746,11.735130422584266,27.941518173983763,35.82627493799728,53.58846969708266,60.0,20.0,60.0,40.0,100.0,40.0,60.0,0.0,87.32396584560848,13.068052664722693,69.10647346894328,38.97044987963838,100.18341266673671,29.80142024194925,67.4397678626244,9.683569512462384
0.0,500.0,12.730123982247626,51.94818559507895,11.735130422584266,27.941518173983763,35.82627493799728,53.58846969708266,43.20819699126219,7.507231169927746,60.0,20.0,100.0,40.0,60.0,0.0,60.0,40.0,87.32396584560848,13.068052664722693,100.18341266673671,29.80142024194925,67.4397678626244,9.683569512462384,69.10647346894328,38.97044987963838
0.0,500.0,12.730123982247626,51.94818559507895,11.735130422584266,27.941518173983763,43.20819699126219,7.507231169927746,35.82627493799728,53.58846969708266,60.0,20.0,100.0,40.0,60.0,40.0,60.0,0.0,87.32396584560848,13.068052664722693,100.18341266673671,29.80142024194925,69.10647346894328,38.97044987963838,67.4397678626244,9.683569512462384
0.0,500.0,54.54792674276843,52.36671813014358,26.083593019704068,55.73514920181355,53.37758006349498,9.829793063811872,7.387638858235346,41.06335839119891,60.00000000000001,0.0,120.00000000000001,0.0,60.00000000000001,40.0,100.0,0.0,76.8392837549683,28.376319706135902,117.8823698972751,23.227130148963376,81.67486587330086,57.30020127797447,95.12634197352116,16.91412260428111
0.0,500.0,54.54792674276843,52.36671813014358,7.387638858235346,41.06335839119891,26.083593019704068,55.73514920181355,53.37758006349498,9.829793063811872,60.00000000000001,0.0,100.0,0.0,120.00000000000001,0.0,60.00000000000001,40.0,76.8392837549683,28.376319706135902,95.12634197352116,16.91412260428111,117.8823698972751,23.227130148963376,81.67486587330086,57.30020127797447
0.0,500.0,54.54792674276843,52.36671813014358,7.387638858235346,41.06335839119891,53.37758006349498,9.829793063811872,26.083593019704068,55.73514920181355,60.00000000000001,0.0,100.0,0.0,60.00000000000001,40.0,120.00000000000001,0.0,76.8392837549683,28.376319706135902,95.12634197352116,16.91412260428111,81.67486587330086,57.30020127797447,117.8823698972751,23.227130148963376
0.0,500.0,54.54792674276843,52.36671813014358,53.37758006349498,9.829793063811872,26.083593019704068,55.73514920181355,7.387638858235346,41.06335839119891,60.00000000000001,0.0,60.00000000000001,40.0,120.00000000000001,0.0,100.0,0.0,76.8392837549683,28.376319706135902,81.67486587330086,57.30020127797447,117.8823698972751,23.227130148963376,95.12634197352116,16.91412260428111
0.0,500.0,54.54792674276843,52.36671813014358,53.37758006349498,9.829793063811872,7.387638858235346,41.06335839119891,26.083593019704068,55.73514920181355,60.00000000000001,0.0,60.00000000000001,40.0,100.0,0.0,120.00000000000001,0.0,76.8392837549683,28.376319706135902,81.67486587330086,57.30020127797447,95.12634197352116,16.91412260428111,117.8823698972751,23.227130148963376
0.0,500.0,26.083593019704068,55.73514920181355,54.54792674276843,52.36671813014358,7.387638858235346,41.06335839119891,53.37758006349498,9.829793063811872,120.00000000000001,0.0,60.00000000000001,0.0,100.0,0.0,60.00000000000001,40.0,117.8823698972751,23.227130148963376,76.8392837549683,28.376319706135902,95.12634197352116,16.91412260428111,81.67486587330086,57.30020127797447
0.0,500.0,26.083593019704068,55.73514920181355,54.54792674276843,52.36671813014358,53.37758006349498,9.829793063811872,7.387638858235346,41.06335839119891,120.00000000000001,0.0,60.00000000000001,0.0,60.00000000000001,40.0,100.0,0.0,117.8823698972751,23.227130148963376,76.8392837549683,28.376319706135902,81.67486587330086,57.30020127797447,95.12634197352116,16.91412260428111
0.0,500.0,26.083593019704068,55.73514920181355,7.387638858235346,41.06335839119891,54.54792674276843,52.36671813014358,53.37758006349498,9.829793063811872,120.00000000000001,0.0,100.0,0.0,60.00000000000001,0.0,60.00000000000001,40.0,117.8823698972751,23.227130148963376,95.12634197352116,16.91412260428111,76.8392837549683,28.376319706135902,81.67486587330086,57.30020127797447
0.0,500.0,26.083593019704068,55.73514920181355,7.387638858235346,41.06335839119891,53.37758006349498,9.829793063811872,54.54792674276843,52.36671813014358,120.00000000000001,0.0,100.0,0.0,60.00000000000001,40.0,60.00000000000001,0.0,117.8823698972751,23.227130148963376,95.12634197352116,16.91412260428111,81.67486587330086,57.30020127797447,76.8392837549683,28.376319706135902
0.0,500.0,26.083593019704068,55.73514920181355,53.37758006349498,9.829793063811872,54.54792674276843,52.36671813014358,7.387638858235346,41.06335839119891,120.00000000000001,0.0,60.00000000000001,40.0,60.00000000000001,0.0,100.0,0.0,117.8823698972751,23.227130148963376,81.67486587330086,57.30020127797447,76.8392837549683,28.376319706135902,95.12634197352116,16.91412260428111
0.0,500.0,26.083593019704068,55.73514920181355,53.37758006349498,9.829793063811872,7.387638858235346,41.06335839119891,54.54792674276843,52.36671813014358,120.00000000000001,0.0,60.00000000000001,40.0,100.0,0.0,60.00000000000001,0.0,117.8823698972751,23.227130148963376,81.67486587330086,57.30020127797447,95.12634197352116,16.91412260428111,76.8392837549683,28.376319706135902
0.0,500.0,7.387638858235346,41.06335839119891,54.54792674276843,52.36671813014358,26.083593019704068,55.73514920181355,53.37758006349498,9.829793063811872,100.0,0.0,60.00000000000001,0.0,120.00000000000001,0.0,60.00000000000001,40.0,95.12634197352116,16.91412260428111,76.8392837549683,28.376319706135902,117.8823698972751,23.227130148963376,81.67486587330086,57.30020127797447
0.0,500.0,7.387638858235346,41.06335839119891,54.54792674276843,52.36671813014358,53.37758006349498,9.829793063811872,26.083593019704068,55.73514920181355,100.0,0.0,60.00000000000001,0.0,60.00000000000001,40.0,120.00000000000001,0.0,95.12634197352116,16.91412260428111,76.8392837549683,28.376319706135902,81.67486587330086,57.30020127797447,117.8823698972751,23.227130148963376
0.0,500.0,7.387638858235346,41.06335839119891,26.083593019704068,55.73514920181355,54.54792674276843,52.36671813014358,53.37758006349498,9.829793063811872,100.0,0.0,120.00000000000001,0.0,60.00000000000001,0.0,60.00000000000001,40.0,95.12634197352116,16.91412260428111,117.8823698972751,23.227130148963376,76.8392837549683,28.376319706135902,81.67486587330086,57.30020127797447
0.0,500.0,7.387638858235346,41.06335839119891,26.083593019704068,55.73514920181355,53.37758006349498,9.829793063811872,54.54792674276843,52.36671813014358,100.0,0.0,120.00000000000001,0.0,60.00000000000001,40.0,60.00000000000001,0.0,95.12634197352116,16.91412260428111,117.8823698972751,23.227130148963376,81.67486587330086,57.30020127797447,76.8392837549683,28.376319706135902
0.0,500.0,7.387638858235346,41.06335839119891,53.37758006349498,9.829793063811872,54.54792674276843,52.36671813014358,26.083593019704068,55.73514920181355,100.0,0.0,60.00000000000001,40.0,60.00000000000001,0.0,120.00000000000001,0.0,95.12634197352116,16.91412260428111,81.67486587330086,57.30020127797447,76.8392837549683,28.376319706135902,117.8823698972751,23.227130148963376
0.0,500.0,7.387638858235346,41.06335839119891,53.37758006349498,9.829793063811872,26.083593019704068,55.73514920181355,54.54792674276843,52.36671813014358,100.0,0.0,60.00000000000001,40.0,120.00000000000001,0.0,60.00000000000001,0.0,95.12634197352116,16.91412260428111,81.67486587330086,57.30020127797447,117.8823698972751,23.227130148963376,76.8392837549683,28.376319706135902
0.0,500.0,53.37758006349498,9.829793063811872,54.54792674276843,52.36671813014358,26.083593019704068,55.73514920181355,7.387638858235346,41.06335839119891,60.00000000000001,40.0,60.00000000000001,0.0,120.00000000000001,0.0,100.0,0.0,81.67486587330086,57.30020127797447,76.8392837549683,28.376319706135902,117.8823698972751,23.227130148963376,95.12634197352116,16.91412260428111
0.0,500.0,53.37758006349498,9.829793063811872,54.54792674276843,52.36671813014358,7.387638858235346,41.06335839119891,26.083593019704068,55.73514920181355,60.00000000000001,40.0,60.00000000000001,0.0,100.0,0.0,120.00000000000001,0.0,81.67486587330086,57.30020127797447,76.8392837549683,28.376319706135902,95.12634197352116,16.91412260428111,117.8823698972751,23.227130148963376
0.0,500.0,53.37758006349498,9.829793063811872,26.083593019704068,55.73514920181355,54.54792674276843,52.36671813014358,7.387638858235346,41.06335839119891,60.00000000000001,40.0,120.00000000000001,0.0,60.00000000000001,0.0,100.0,0.0,81.67486587330086,57.30020127797447,117.8823698972751,23.227130148963376,76.8392837549683,28.376319706135902,95.12634197352116,16.91412260428111
0.0,500.0,53.37758006349498,9.829793063811872,26.083593019704068,55.73514920181355,7.387638858235346,41.06335839119891,54.54792674276843,52.36671813014358,60.00000000000001,40.0,120.00000000000001,0.0,100.0,0.0,60.00000000000001,0.0,81.67486587330086,57.30020127797447,117.8823698972751,23.227130148963376,95.12634197352116,16.91412260428111,76.8392837549683,28.376319706135902
0.0,500.0,53.37758006349498,9.829793063811872,7.387638858235346,41.06335839119891,54.54792674276843,52.36671813014358,26.083593019704068,55.73514920181355,60.00000000000001,40.0,100.0,0.0,60.00000000000001,0.0,120.00000000000001,0.0,81.67486587330086,57.30020127797447,95.12634197352116,16.91412260428111,76.8392837549683,28.376319706135902,117.8823698972751,23.227130148963376
0.0,500.0,53.37758006349498,9.829793063811872,7.387638858235346,41.06335839119891,26.083593019704068,55.73514920181355,54.54792674276843,52.36671813014358,60.00000000000001,40.0,100.0,0.0,120.00000000000001,0.0,60.00000000000001,0.0,81.67486587330086,57.30020127797447,95.12634197352116,16.91412260428111,117.8823698972751,23.227130148963376,76.8392837549683,28.376319706135902
0.0,500.0,56.55109035401546,42.16580384118928,1.3107137636651212,1.4520721328146746,25.28609564503224,25.513188285786125,28.47421354476287,46.709608125055446,60.0,20.0,100.0,60.0,120.0,40.0,120.0,20.0,68.40753305497765,13.819067270531256,99.74479077165338,58.97927071641634,118.79774966084489,40.22231821511136,105.0718660989782,6.310932182032502
0.0,500.0,56.55109035401546,42.16580384118928,28.47421354476287,46.709608125055446,1.3107137636651212,1.4520721328146746,25.28609564503224,25.513188285786125,60.0,20.0,120.0,20.0,100.0,60.0,120.0,40.0,68.40753305497765,13.819067270531256,105.0718660989782,6.310932182032502,99.74479077165338,58.97927071641634,118.79774966084489,40.22231821511136
0.0,500.0,56.55109035401546,42.16580384118928,28.47421354476287,46.709608125055446,25.28609564503224,25.513188285786125,1.3107137636651212,1.4520721328146746,60.0,20.0,120.0,20.0,120.0,40.0,100.0,60.0,68.40753305497765,13.819067270531256,105.0718660989782,6.310932182032502,118.79774966084489,40.22231821511136,99.74479077165338,58.97927071641634
0.0,500.0,56.55109035401546,42.16580384118928,25.28609564503224,25.513188285786125,1.3107137636651212,1.4520721328146746,28.47421354476287,46.709608125055446,60.0,20.0,120.0,40.0,100.0,60.0,120.0,20.0,68.40753305497765,13.819067270531256,118.79774966084489,40.22231821511136,99.74479077165338,58.97927071641634,105.0718660989782,6.310932182032502
0.0,500.0,56.55109035401546,42.16580384118928,25.28609564503224,25.513188285786125,28.47421354476287,46.709608125055446,1.3107137636651212,1.4520721328146746,60.0,20.0,120.0,40.0,120.0,20.0,100.0,60.0,68.40753305497765,13.819067270531256,118.79774966084489,40.22231821511136,105.0718660989782,6.310932182032502,99.74479077165338,58.97927071641634
0.0,500.0,1.3107137636651212,1.4520721328146746,56.55109035401546,42.16580384118928,28.47421354476287,46.709608125055446,25.28609564503224,25.513188285786125,100.0,60.0,60.0,20.0,120.0,20.0,120.0,40.0,99.74479077165338,58.97927071641634,68.40753305497765,13.819067270531256,105.0718660989782,6.310932182032502,118.79774966084489,40.22231821511136
0.0,500.0,1.3107137636651212,1.4520721328146746,56.55109035401546,42.16580384118928,25.28609564503224,25.513188285786125,28.47421354476287,46.709608125055446,100.0,60.0,60.0,20.0,120.0,40.0,120.0,20.0,99.74479077165338,58.97927071641634,68.40753305497765,13.819067270531256,118.79774966084489,40.22231821511136,105.0718660989782,6.310932182032502
0.0,500.0,1.3107137636651212,1.4520721328146746,28.47421354476287,46.709608125055446,56.55109035401546,42.16580384118928,25.28609564503224,25.513188285786125,100.0,60.0,120.0,20.0,60.0,20.0,120.0,40.0,99.74479077165338,58.97927071641634,105.0718660989782,6.310932182032502,68.40753305497765,13.819067270531256,118.79774966084489,40.22231821511136
0.0,500.0,1.3107137636651212,1.4520721328146746,28.47421354476287,46.709608125055446,25.28609564503224,25.513188285786125,56.55109035401546,42.16580384118928,100.0,60.0,120.0,20.0,120.0,40.0,60.0,20.0,99.74479077165338,58.97927071641634,105.0718660989782,6.310932182032502,118.79774966084489,40.22231821511136,68.40753305497765,13.819067270531256
0.0,500.0,1.3107137636651212,1.4520721328146746,25.28609564503224,25.513188285786125,56.55109035401546,42.16580384118928,28.47421354476287,46.709608125055446,100.0,60.0,120.0,40.0,60.0,20.0,120.0,20.0,99.74479077165338,58.97927071641634,118.79774966084489,40.22231821511136,68.40753305497765,13.819067270531256,105.0718660989782,6.310932182032502
0.0,500.0,1.3107137636651212,1.4520721328146746,25.28609564503224,25.513188285786125,28.47421354476287,46.709608125055446,56.55109035401546,42.16580384118928,100.0,60.0,120.0,40.0,120.0,20.0,60.0,20.0,99.74479077165338,58.97927071641634,118.79774966084489,40.22231821511136,105.0718660989782,6.310932182032502,68.40753305497765,13.819067270531256
0.0,500.0,28.47421354476287,46.709608125055446,56.55109035401546,42.16580384118928,1.3107137636651212,1.4520721328146746,25.28609564503224,25.513188285786125,120.0,20.0,60.0,20.0,100.0,60.0,120.0,40.0,105.0718660989782,6.310932182032502,68.40753305497765,13.819067270531256,99.74479077165338,58.97927071641634,118.79774966084489,40.22231821511136
0.0,500.0,28.47421354476287,46.709608125055446,56.55109035401546,42.16580384118928,25.28609564503224,25.513188285786125,1.3107137636651212,1.4520721328146746,120.0,20.0,60.0,20.0,120.0,40.0,100.0,60.0,105.0718660989782,6.310932182032502,68.40753305497765,13.819067270531256,118.79774966084489,40.22231821511136,99.74479077165338,58.97927071641634
0.0,500.0,28.47421354476287,46.709608125055446,1.3107137636651212,1.4520721328146746,56.55109035401546,42.16580384118928,25.28609564503224,25.513188285786125,120.0,20.0,100.0,60.0,60.0,20.0,120.0,40.0,105.0718660989782,6.310932182032502,99.74479077165338,58.97927071641634,68.40753305497765,13.819067270531256,118.79774966084489,40.22231821511136
0.0,500.0,28.47421354476287,46.709608125055446,1.3107137636651212,1.4520721328146746,25.28609564503224,25.513188285786125,56.55109035401546,42.16580384118928,120.0,20.0,100.0,60.0,120.0,40.0,60.0,20.0,105.0718660989782,6.310932182032502,99.74479077165338,58.97927071641634,118.79774966084489,40.22231821511136,68.40753305497765,13.819067270531256
0.0,500.0,28.47421354476287,46.709608125055446,25.28609564503224,25.513188285786125,56.55109035401546,42.16580384118928,1.3107137636651212,1.4520721328146746,120.0,20.0,120.0,40.0,60.0,20.0,100.0,60.0,105.0718660989782,6.310932182032502,118.79774966084489,40.22231821511136,68.40753305497765,13.819067270531256,99.74479077165338,58.97927071641634
0.0,500.0,28.47421354476287,46.709608125055446,25.28609564503224,25.513188285786125,1.3107137636651212,1.4520721328146746,56.55109035401546,42.16580384118928,120.0,20.0,120.0,40.0,100.0,60.0,60.0,20.0,105.0718660989782,6.310932182032502,118.79774966084489,40.22231821511136,99.74479077165338,58.97927071641634,68.40753305497765,13.819067270531256
0.0,500.0,25.28609564503224,25.513188285786125,56.55109035401546,42.16580384118928,1.3107137636651212,1.4520721328146746,28.47421354476287,46.709608125055446,120.0,40.0,60.0,20.0,100.0,60.0,120.0,20.0,118.79774966084489,40.22231821511136,68.40753305497765,13.819067270531256,99.74479077165338,58.97927071641634,105.0718660989782,6.310932182032502
0.0,500.0,25.28609564503224,25.513188285786125,56.55109035401546,42.16580384118928,28.47421354476287,46.709608125055446,1.3107137636651212,1.4520721328146746,120.0,40.0,60.0,20.0,120.0,20.0,100.0,60.0,118.79774966084489,40.22231821511136,68.40753305497765,13.819067270531256,105.0718660989782,6.310932182032502,99.74479077165338,58.97927071641634
0.0,500.0,25.28609564503224,25.513188285786125,1.3107137636651212,1.4520721328146746,56.55109035401546,42.16580384118928,28.47421354476287,46.709608125055446,120.0,40.0,100.0,60.0,60.0,20.0,120.0,20.0,118.79774966084489,40.22231821511136,99.74479077165338,58.97927071641634,68.40753305497765,13.819067270531256,105.0718660989782,6.310932182032502
0.0,500.0,25.28609564503224,25.513188285786125,1.3107137636651212,1.4520721328146746,28.47421354476287,46.709608125055446,56.55109035401546,42.16580384118928,120.0,40.0,100.0,60.0,120.0,20.0,60.0,20.0,118.79774966084489,40.22231821511136,99.74479077165338,58.97927071641634,105.0718660989782,6.310932182032502,68.40753305497765,13.819067270531256
0.0,500.0,25.28609564503224,25.513188285786125,28.47421354476287,46.709608125055446,56.55109035401546,42.16580384118928,1.3107137636651212,1.4520721328146746,120.0,40.0,120.0,20.0,60.0,20.0,100.0,60.0,118.79774966084489,40.22231821511136,105.0718660989782,6.310932182032502,68.40753305497765,13.819067270531256,99.74479077165338,58.97927071641634
0.0,500.0,25.28609564503224,25.513188285786125,28.47421354476287,46.709608125055446,1.3107137636651212,1.4520721328146746,56.55109035401546,42.16580384118928,120.0,40.0,120.0,20.0,100.0,60.0,60.0,20.0,118.79774966084489,40.22231821511136,105.0718660989782,6.310932182032502,99.74479077165338,58.97927071641634,68.40753305497765,13.819067270531256
0.0,500.0,26.29761949961138,10.622057669513667,8.159263100887744,35.044372623225776,51.436652017042434,17.332232140959412,56.50747002159251,44.56407627355854,120.0,20.0,100.0,0.0,60.0,20.0,60.0,0.0,115.31541149998424,59.54249213506666,118.50147772915074,21.197064959364283,82.73647195109734,49.38150564271263,79.3249399072812,9.542051747714352
0.0,500.0,26.29761949961138,10.622057669513667,56.50747002159251,44.56407627355854,8.159263100887744,35.044372623225776,51.436652017042434,17.332232140959412,120.0,20.0,60.0,0.0,100.0,0.0,60.0,20.0,115.31541149998424,59.54249213506666,79.3249399072812,9.542051747714352,118.50147772915074,21.197064959364283,82.73647195109734,49.38150564271263
0.0,500.0,26.29761949961138,10.622057669513667,56.50747002159251,44.56407627355854,51.436652017042434,17.332232140959412,8.159263100887744,35.044372623225776,120.0,20.0,60.0,0.0,60.0,20.0,100.0,0.0,115.31541149998424,59.54249213506666,79.3249399072812,9.542051747714352,82.73647195109734,49.38150564271263,118.50147772915074,21.197064959364283
0.0,500.0,26.29761949961138,10.622057669513667,51.436652017042434,17.332232140959412,8.159263100887744,35.044372623225776,56.50747002159251,44.56407627355854,120.0,20.0,60.0,20.0,100.0,0.0,60.0,0.0,115.31541149998424,59.54249213506666,82.73647195109734,49.38150564271263,118.50147772915074,21.197064959364283,79.3249399072812,9.542051747714352
0.0,500.0,26.29761949961138,10.622057669513667,51.436652017042434,17.332232140959412,56.50747002159251,44.56407627355854,8.159263100887744,35.044372623225776,120.0,20.0,60.0,20.0,60.0,0.0,100.0,0.0,115.31541149998424,59.54249213506666,82.73647195109734,49.38150564271263,79.3249399072812,9.542051747714352,118.50147772915074,21.197064959364283
0.0,500.0,8.159263100887744,35.044372623225776,26.29761949961138,10.622057669513667,56.50747002159251,44.56407627355854,51.436652017042434,17.332232140959412,100.0,0.0,120.0,20.0,60.0,0.0,60.0,20.0,118.50147772915074,21.197064959364283,115.31541149998424,59.54249213506666,79.3249399072812,9.542051747714352,82.73647195109734,49.38150564271263
0.0,500.0,8.159263100887744,35.044372623225776,26.29761949961138,10.622057669513667,51.436652017042434,17.332232140959412,56.50747002159251,44.56407627355854,100.0,0.0,120.0,20.0,60.0,20.0,60.0,0.0,118.50147772915074,21.197064959364283,115.31541149998424,59.54249213506666,82.73647195109734,49.38150564271263,79.3249399072812,9.542051747714352
0.0,500.0,8.159263100887744,35.044372623225776,56.50747002159251,44.56407627355854,26.29761949961138,10.622057669513667,51.436652017042434,17.332232140959412,100.0,0.0,60.0,0.0,120.0,20.0,60.0,20.0,118.50147772915074,21.197064959364283,79.3249399072812,9.542051747714352,115.31541149998424,59.54249213506666,82.73647195109734,49.38150564271263
0.0,500.0,8.159263100887744,35.044372623225776,56.50747002159251,44.56407627355854,51.436652017042434,17.332232140959412,26.29761949961138,10.622057669513667,100.0,0.0,60.0,0.0,60.0,20.0,120.0,20.0,118.50147772915074,21.197064959364283,79.3249399072812,9.542051747714352,82.73647195109734,49.38150564271263,115.31541149998424,59.54249213506666
0.0,500.0,8.159263100887744,35.044372623225776,51.436652017042434,17.332232140959412,26.29761949961138,10.622057669513667,56.50747002159251,44.56407627355854,100.0,0.0,60.0,20.0,120.0,20.0,60.0,0.0,118.50147772915074,21.197064959364283,82.73647195109734,49.38150564271263,115.31541149998424,59.54249213506666,79.3249399072812,9.542051747714352
0.0,500.0,8.159263100887744,35.044372623225776,51.436652017042434,17.332232140959412,56.50747002159251,44.56407627355854,26.29761949961138,10.622057669513667,100.0,0.0,60.0,20.0,60.0,0.0,120.0,20.0,118.50147772915074,21.197064959364283,82.73647195109734,49.38150564271263,79.3249399072812,9.542051747714352,115.31541149998424,59.54249213506666
0.0,500.0,56.50747002159251,44.56407627355854,26.29761949961138,10.622057669513667,8.159263100887744,35.044372623225776,51.436652017042434,17.332232140959412,60.0,0.0,120.0,20.0,100.0,0.0,60.0,20.0,79.3249399072812,9.542051747714352,115.31541149998424,59.54249213506666,118.50147772915074,21.197064959364283,82.73647195109734,49.38150564271263
0.0,500.0,56.50747002159251,44.56407627355854,26.29761949961138,10.622057669513667,51.436652017042434,17.332232140959412,8.159263100887744,35.044372623225776,60.0,0.0,120.0,20.0,60.0,20.0,100.0,0.0,79.3249399072812,9.542051747714352,115.31541149998424,59.54249213506666,82.73647195109734,49.38150564271263,118.50147772915074,21.197064959364283
0.0,500.0,56.50747002159251,44.56407627355854,8.159263100887744,35.044372623225776,26.29761949961138,10.622057669513667,51.436652017042434,17.332232140959412,60.0,0.0,100.0,0.0,120.0,20.0,60.0,20.0,79.3249399072812,9.542051747714352,118.50147772915074,21.197064959364283,115.31541149998424,59.54249213506666,82.73647195109734,49.38150564271263
0.0,500.0,56.50747002159251,44.56407627355854,8.159263100887744,35.044372623225776,51.436652017042434,17.332232140959412,26.29761949961138,10.622057669513667,60.0,0.0,100.0,0.0,60.0,20.0,120.0,20.0,79.3249399072812,9.542051747714352,118.50147772915074,21.197064959364283,82.73647195109734,49.38150564271263,115.31541149998424,59.54249213506666
0.0,500.0,56.50747002159251,44.56407627355854,51.436652017042434,17.332232140959412,26.29761949961138,10.622057669513667,8.159263100887744,35.044372623225776,60.0,0.0,60.0,20.0,120.0,20.0,100.0,0.0,79.3249399072812,9.542051747714352,82.73647195109734,49.38150564271263,115.31541149998424,59.54249213506666,118.50147772915074,21.197064959364283
0.0,500.0,56.50747002159251,44.56407627355854,51.436652017042434,17.332232140959412,8.159263100887744,35.044372623225776,26.29761949961138,10.622057669513667,60.0,0.0,60.0,20.0,100.0,0.0,120.0,20.0,79.3249399072812,9.542051747714352,82.73647195109734,49.38150564271263,118.50147772915074,21.197064959364283,115.31541149998424,59.54249213506666
0.0,500.0,51.436652017042434,17.332232140959412,26.29761949961138,10.622057669513667,8.159263100887744,35.044372623225776,56.50747002159251,44.56407627355854,60.0,20.0,120.0,20.0,100.0,0.0,60.0,0.0,82.73647195109734,49.38150564271263,115.31541149998424,59.54249213506666,118.50147772915074,21.197064959364283,79.3249399072812,9.542051747714352
0.0,500.0,51.436652017042434,17.332232140959412,26.29761949961138,10.622057669513667,56.50747002159251,44.56407627355854,8.159263100887744,35.044372623225776,60.0,20.0,120.0,20.0,60.0,0.0,100.0,0.0,82.73647195109734,49.38150564271263,115.31541149998424,59.54249213506666,79.3249399072812,9.542051747714352,118.50147772915074,21.197064959364283
0.0,500.0,51.436652017042434,17.332232140959412,8.159263100887744,35.044372623225776,26.29761949961138,10.622057669513667,56.50747002159251,44.56407627355854,60.0,20.0,100.0,0.0,120.0,20.0,60.0,0.0,82.73647195109734,49.38150564271263,118.50147772915074,21.197064959364283,115.31541149998424,59.54249213506666,79.3249399072812,9.542051747714352
0.0,500.0,51.436652017042434,17.332232140959412,8.159263100887744,35.044372623225776,56.50747002159251,44.56407627355854,26.29761949961138,10.622057669513667,60.0,20.0,100.0,0.0,60.0,0.0,120.0,20.0,82.73647195109734,49.38150564271263,118.50147772915074,21.197064959364283,79.3249399072812,9.542051747714352,115.31541149998424,59.54249213506666
0.0,500.0,51.436652017042434,17.332232140959412,56.50747002159251,44.56407627355854,26.29761949961138,10.622057669513667,8.159263100887744,35.044372623225776,60.0,20.0,60.0,0.0,120.0,20.0,100.0,0.0,82.73647195109734,49.38150564271263,79.3249399072812,9.542051747714352,115.31541149998424,59.54249213506666,118.50147772915074,21.197064959364283
0.0,500.0,51.436652017042434,17.332232140959412,56.50747002159251,44.56407627355854,8.159263100887744,35.044372623225776,26.29761949961138,10.622057669513667,60.0,20.0,60.0,0.0,100.0,0.0,120.0,20.0,82.73647195109734,49.38150564271263,79.3249399072812,9.542051747714352,118.50147772915074,21.197064959364283,115.31541149998424,59.54249213506666
0.0,500.0,25.588670881418164,38.09203944321389,3.4764116466160577,46.7646209904263,19.04502096122945,3.7262675310507687,51.89543429029944,57.23531273787504,60.0,0.0,120.0,40.0,60.0,60.0,80.0,0.0,106.77934870068565,31.56277470050203,89.0448273616323,17.072080273935303,79.44192497421517,45.71705233444823,66.95983179630264,21.53360560350381
0.0,500.0,25.588670881418164,38.09203944321389,51.89543429029944,57.23531273787504,3.4764116466160577,46.7646209904263,19.04502096122945,3.7262675310507687,60.0,0.0,80.0,0.0,120.0,40.0,60.0,60.0,106.77934870068565,31.56277470050203,66.95983179630264,21.53360560350381,89.0448273616323,17.072080273935303,79.44192497421517,45.71705233444823
0.0,500.0,25.588670881418164,38.09203944321389,51.89543429029944,57.23531273787504,19.04502096122945,3.7262675310507687,3.4764116466160577,46.7646209904263,60.0,0.0,80.0,0.0,60.0,60.0,120.0,40.0,106.77934870068565,31.56277470050203,66.95983179630264,21.53360560350381,79.44192497421517,45.71705233444823,89.0448273616323,17.072080273935303
0.0,500.0,25.588670881418164,38.09203944321389,19.04502096122945,3.7262675310507687,3.4764116466160577,46.7646209904263,51.89543429029944,57.23531273787504,60.0,0.0,60.0,60.0,120.0,40.0,80.0,0.0,106.77934870068565,31.56277470050203,79.44192497421517,45.71705233444823,89.0448273616323,17.072080273935303,66.95983179630264,21.53360560350381
0.0,500.0,25.588670881418164,38.09203944321389,19.04502096122945,3.7262675310507687,51.89543429029944,57.23531273787504,3.4764116466160577,46.7646209904263,60.0,0.0,60.0,60.0,80.0,0.0,120.0,40.0,106.77934870068565,31.56277470050203,79.44192497421517,45.71705233444823,66.95983179630264,21.53360560350381,89.0448273616323,17.072080273935303
0.0,500.0,3.4764116466160577,46.7646209904263,25.588670881418164,38.09203944321389,51.89543429029944,57.23531273787504,19.04502096122945,3.7262675310507687,120.0,40.0,60.0,0.0,80.0,0.0,60.0,60.0,89.0448273616323,17.072080273935303,106.77934870068565,31.56277470050203,66.95983179630264,21.53360560350381,79.44192497421517,45.71705233444823
0.0,500.0,3.4764116466160577,46.7646209904263,25.588670881418164,38.09203944321389,19.04502096122945,3.7262675310507687,51.89543429029944,57.23531273787504,120.0,40.0,60.0,0.0,60.0,60.0,80.0,0.0,89.0448273616323,17.072080273935303,106.77934870068565,31.56277470050203,79.44192497421517,45.71705233444823,66.95983179630264,21.53360560350381
0.0,500.0,3.4764116466160577,46.7646209904263,51.89543429029944,57.23531273787504,25.588670881418164,38.09203944321389,19.04502096122945,3.7262675310507687,120.0,40.0,80.0,0.0,60.0,0.0,60.0,60.0,89.0448273616323,17.072080273935303,66.95983179630264,21.53360560350381,106.77934870068565,31.56277470050203,79.44192497421517,45.71705233444823
0.0,500.0,3.4764116466160577,46.7646209904263,51.89543429029944,57.23531273787504,19.04502096122945,3.7262675310507687,25.588670881418164,38.09203944321389,120.0,40.0,80.0,0.0,60.0,60.0,60.0,0.0,89.0448273616323,17.072080273935303,66.95983179630264,21.53360560350381,79.44192497421517,45.71705233444823,106.77934870068565,31.56277470050203
0.0,500.0,3.4764116466160577,46.7646209904263,19.04502096122945,3.7262675310507687,25.588670881418164,38.09203944321389,51.89543429029944,57.23531273787504,120.0,40.0,60.0,60.0,60.0,0.0,80.0,0.0,89.0448273616323,17.072080273935303,79.44192497421517,45.71705233444823,106.77934870068565,31.56277470050203,66.95983179630264,21.53360560350381
0.0,500.0,3.4764116466160577,46.7646209904263,19.04502096122945,3.7262675310507687,51.89543429029944,57.23531273787504,25.588670881418164,38.09203944321389,120.0,40.0,60.0,60.0,80.0,0.0,60.0,0.0,89.0448273616323,17.072080273935303,79.44192497421517,45.71705233444823,66.95983179630264,21.53360560350381,106.77934870068565,31.56277470050203
0.0,500.0,51.89543429029944,57.23531273787504,25.588670881418164,38.09203944321389,3.4764116466160577,46.7646209904263,19.04502096122945,3.7262675310507687,80.0,0.0,60.0,0.0,120.0,40.0,60.0,60.0,66.95983179630264,21.53360560350381,106.77934870068565,31.56277470050203,89.0448273616323,17.072080273935303,79.44192497421517,45.71705233444823
0.0,500.0,51.89543429029944,57.23531273787504,25.588670881418164,38.09203944321389,19.04502096122945,3.7262675310507687,3.4764116466160577,46.7646209904263,80.0,0.0,60.0,0.0,60.0,60.0,120.0,40.0,66.95983179630264,21.53360560350381,106.77934870068565,31.56277470050203,79.44192497421517,45.71705233444823,89.0448273616323,17.072080273935303
0.0,500.0,51.89543429029944,57.23531273787504,3.4764116466160577,46.7646209904263,25.588670881418164,38.09203944321389,19.04502096122945,3.7262675310507687,80.0,0.0,120.0,40.0,60.0,0.0,60.0,60.0,66.95983179630264,21.53360560350381,89.0448273616323,17.072080273935303,106.77934870068565,31.56277470050203,79.44192497421517,45.71705233444823
0.0,500.0,51.89543429029944,57.23531273787504,3.4764116466160577,46.7646209904263,19.04502096122945,3.7262675310507687,25.588670881418164,38.09203944321389,80.0,0.0,120.0,40.0,60.0,60.0,60.0,0.0,66.95983179630264,21.53360560350381,89.0448273616323,17.072080273935303,79.44192497421517,45.71705233444823,106.77934870068565,31.56277470050203
0.0,500.0,51.89543429029944,57.23531273787504,19.04502096122945,3.7262675310507687,25.588670881418164,38.09203944321389,3.4764116466160577,46.7646209904263,80.0,0.0,60.0,60.0,60.0,0.0,120.0,40.0,66.95983179630264,21.53360560350381,79.44192497421517,45.71705233444823,106.77934870068565,31.56277470050203,89.0448273616323,17.072080273935303
0.0,500.0,51.89543429029944,57.23531273787504,19.04502096122945,3.7262675310507687,3.4764116466160577,46.7646209904263,25.588670881418164,38.09203944321389,80.0,0.0,60.0,60.0,120.0,40.0,60.0,0.0,66.95983179630264,21.53360560350381,79.44192497421517,45.71705233444823,89.0448273616323,17.072080273935303,106.77934870068565,31.56277470050203
0.0,500.0,19.04502096122945,3.7262675310507687,25.588670881418164,38.09203944321389,3.4764116466160577,46.7646209904263,51.89543429029944,57.23531273787504,60.0,60.0,60.0,0.0,120.0,40.0,80.0,0.0,79.44192497421517,45.71705233444823,106.77934870068565,31.56277470050203,89.0448273616323,17.072080273935303,66.95983179630264,21.53360560350381
0.0,500.0,19.04502096122945,3.7262675310507687,25.588670881418164,38.09203944321389,51.89543429029944,57.23531273787504,3.4764116466160577,46.7646209904263,60.0,60.0,60.0,0.0,80.0,0.0,120.0,40.0,79.44192497421517,45.71705233444823,106.77934870068565,31.56277470050203,66.95983179630264,21.53360560350381,89.0448273616323,17.072080273935303
0.0,500.0,19.04502096122945,3.7262675310507687,3.4764116466160577,46.7646209904263,25.588670881418164,38.09203944321389,51.89543429029944,57.23531273787504,60.0,60.0,120.0,40.0,60.0,0.0,80.0,0.0,79.44192497421517,45.71705233444823,89.0448273616323,17.072080273935303,106.77934870068565,31.56277470050203,66.95983179630264,21.53360560350381
0.0,500.0,19.04502096122945,3.7262675310507687,3.4764116466160577,46.7646209904263,51.89543429029944,57.23531273787504,25.588670881418164,38.09203944321389,60.0,60.0,120.0,40.0,80.0,0.0,60.0,0.0,79.44192497421517,45.71705233444823,89.0448273616323,17.072080273935303,66.95983179630264,21.53360560350381,106.77934870068565,31.56277470050203
0.0,500.0,19.04502096122945,3.7262675310507687,51.89543429029944,57.23531273787504,25.588670881418164,38.09203944321389,3.4764116466160577,46.7646209904263,60.0,60.0,80.0,0.0,60.0,0.0,120.0,40.0,79.44192497421517,45.71705233444823,66.95983179630264,21.53360560350381,106.77934870068565,31.56277470050203,89.0448273616323,17.072080273935303
0.0,500.0,19.04502096122945,3.7262675310507687,51.89543429029944,57.23531273787504,3.4764116466160577,46.7646209904263,25.588670881418164,38.09203944321389,60.0,60.0,80.0,0.0,120.0,40.0,60.0,0.0,79.44192497421517,45.71705233444823,66.95983179630264,21.53360560350381,89.0448273616323,17.072080273935303,106.77934870068565,31.56277470050203
0.0,500.0,1.2944118027610885,40.88481364879613,50.35445727302164,6.084072657683919,26.24652777410228,16.961404311282003,37.37126712945376,39.609436053519474,120.0,0.0,60.0,60.0,80.0,20.0,60.0,0.0,91.4697360878103,9.1138932250727,67.25174916582226,39.55535686648157,88.31529400064312,30.747562673842065,65.96342188218124,9.84390806784366
0.0,500.0,1.2944118027610885,40.88481364879613,37.37126712945376,39.609436053519474,50.35445727302164,6.084072657683919,26.24652777410228,16.961404311282003,120.0,0.0,60.0,0.0,60.0,60.0,80.0,20.0,91.4697360878103,9.1138932250727,65.96342188218124,9.84390806784366,67.25174916582226,39.55535686648157,88.31529400064312,30.747562673842065
0.0,500.0,1.2944118027610885,40.88481364879613,37.37126712945376,39.609436053519474,26.24652777410228,16.961404311282003,50.35445727302164,6.084072657683919,120.0,0.0,60.0,0.0,80.0,20.0,60.0,60.0,91.4697360878103,9.1138932250727,65.96342188218124,9.84390806784366,88.31529400064312,30.747562673842065,67.25174916582226,39.55535686648157
0.0,500.0,1.2944118027610885,40.88481364879613,26.24652777410228,16.961404311282003,50.35445727302164,6.084072657683919,37.37126712945376,39.609436053519474,120.0,0.0,80.0,20.0,60.0,60.0,60.0,0.0,91.4697360878103,9.1138932250727,88.31529400064312,30.747562673842065,67.25174916582226,39.55535686648157,65.96342188218124,9.84390806784366
0.0,500.0,1.2944118027610885,40.88481364879613,26.24652777410228,16.961404311282003,37.37126712945376,39.609436053519474,50.35445727302164,6.084072657683919,120.0,0.0,80.0,20.0,60.0,0.0,60.0,60.0,91.4697360878103,9.1138932250727,88.31529400064312,30.747562673842065,65.96342188218124,9.84390806784366,67.25174916582226,39.55535686648157
0.0,500.0,50.35445727302164,6.084072657683919,1.2944118027610885,40.88481364879613,37.37126712945376,39.609436053519474,26.24652777410228,16.961404311282003,60.0,60.0,120.0,0.0,60.0,0.0,80.0,20.0,67.25174916582226,39.55535686648157,91.4697360878103,9.1138932250727,65.96342188218124,9.84390806784366,88.31529400064312,30.747562673842065
0.0,500.0,50.35445727302164,6.084072657683919,1.2944118027610885,40.88481364879613,26.24652777410228,16.961404311282003,37.37126712945376,39.609436053519474,60.0,60.0,120.0,0.0,80.0,20.0,60.0,0.0,67.25174916582226,39.55535686648157,91.4697360878103,9.1138932250727,88.31529400064312,30.747562673842065,65.96342188218124,9.84390806784366
0.0,500.0,50.35445727302164,6.084072657683919,37.37126712945376,39.609436053519474,1.2944118027610885,40.88481364879613,26.24652777410228,16.961404311282003,60.0,60.0,60.0,0.0,120.0,0.0,80.0,20.0,67.25174916582226,39.55535686648157,65.96342188218124,9.84390806784366,91.4697360878103,9.1138932250727,88.31529400064312,30.747562673842065
0.0,500.0,50.35445727302164,6.084072657683919,37.37126712945376,39.609436053519474,26.24652777410228,16.961404311282003,1.2944118027610885,40.88481364879613,60.0,60.0,60.0,0.0,80.0,20.0,120.0,0.0,67.25174916582226,39.55535686648157,65.96342188218124,9.84390806784366,88.31529400064312,30.747562673842065,91.4697360878103,9.1138932250727
0.0,500.0,50.35445727302164,6.084072657683919,26.24652777410228,16.961404311282003,1.2944118027610885,40.88481364879613,37.37126712945376,39.609436053519474,60.0,60.0,80.0,20.0,120.0,0.0,60.0,0.0,67.25174916582226,39.55535686648157,88.31529400064312,30.747562673842065,91.4697360878103,9.1138932250727,65.96342188218124,9.84390806784366
0.0,500.0,50.35445727302164,6.084072657683919,26.24652777410228,16.961404311282003,37.37126712945376,39.609436053519474,1.2944118027610885,40.88481364879613,60.0,60.0,80.0,20.0,60.0,0.0,120.0,0.0,67.25174916582226,39.55535686648157,88.31529400064312,30.747562673842065,65.96342188218124,9.84390806784366,91.4697360878103,9.1138932250727
0.0,500.0,37.37126712945376,39.609436053519474,1.2944118027610885,40.88481364879613,50.35445727302164,6.084072657683919,26.24652777410228,16.961404311282003,60.0,0.0,120.0,0.0,60.0,60.0,80.0,20.0,65.96342188218124,9.84390806784366,91.4697360878103,9.1138932250727,67.25174916582226,39.55535686648157,88.31529400064312,30.747562673842065
0.0,500.0,37.37126712945376,39.609436053519474,1.2944118027610885,40.88481364879613,26.24652777410228,16.961404311282003,50.35445727302164,6.084072657683919,60.0,0.0,120.0,0.0,80.0,20.0,60.0,60.0,65.96342188218124,9.84390806784366,91.4697360878103,9.1138932250727,88.31529400064312,30.747562673842065,67.25174916582226,39.55535686648157
0.0,500.0,37.37126712945376,39.609436053519474,50.35445727302164,6.084072657683919,1.2944118027610885,40.88481364879613,26.24652777410228,16.961404311282003,60.0,0.0,60.0,60.0,120.0,0.0,80.0,20.0,65.96342188218124,9.84390806784366,67.25174916582226,39.55535686648157,91.4697360878103,9.1138932250727,88.31529400064312,30.747562673842065
0.0,500.0,37.37126712945376,39.609436053519474,50.35445727302164,6.084072657683919,26.24652777410228,16.961404311282003,1.2944118027610885,40.88481364879613,60.0,0.0,60.0,60.0,80.0,20.0,120.0,0.0,65.96342188218124,9.84390806784366,67.25174916582226,39.55535686648157,88.31529400064312,30.747562673842065,91.4697360878103,9.1138932250727
0.0,500.0,37.37126712945376,39.609436053519474,26.24652777410228,16.961404311282003,1.2944118027610885,40.88481364879613,50.35445727302164,6.084072657683919,60.0,0.0,80.0,20.0,120.0,0.0,60.0,60.0,65.96342188218124,9.84390806784366,88.31529400064312,30.747562673842065,91.4697360878103,9.1138932250727,67.25174916582226,39.55535686648157
0.0,500.0,37.37126712945376,39.609436053519474,26.24652777410228,16.961404311282003,50.35445727302164,6.084072657683919,1.2944118027610885,40.88481364879613,60.0,0.0,80.0,20.0,60.0,60.0,120.0,0.0,65.96342188218124,9.84390806784366,88.31529400064312,30.747562673842065,67.25174916582226,39.55535686648157,91.4697360878103,9.1138932250727
0.0,500.0,26.24652777410228,16.961404311282003,1.2944118027610885,40.88481364879613,50.35445727302164,6.084072657683919,37.37126712945376,39.609436053519474,80.0,20.0,120.0,0.0,60.0,60.0,60.0,0.0,88.31529400064312,30.747562673842065,91.4697360878103,9.1138932250727,67.25174916582226,39.55535686648157,65.96342188218124,9.84390806784366
0.0,500.0,26.24652777410228,16.961404311282003,1.2944118027610885,40.88481364879613,37.37126712945376,39.609436053519474,50.35445727302164,6.084072657683919,80.0,20.0,120.0,0.0,60.0,0.0,60.0,60.0,88.31529400064312,30.747562673842065,91.4697360878103,9.1138932250727,65.96342188218124,9.84390806784366,67.25174916582226,39.55535686648157
0.0,500.0,26.24652777410228,16.961404311282003,50.35445727302164,6.084072657683919,1.2944118027610885,40.88481364879613,37.37126712945376,39.609436053519474,80.0,20.0,60.0,60.0,120.0,0.0,60.0,0.0,88.31529400064312,30.747562673842065,67.25174916582226,39.55535686648157,91.4697360878103,9.1138932250727,65.96342188218124,9.84390806784366
0.0,500.0,26.24652777410228,16.961404311282003,50.35445727302164,6.084072657683919,37.37126712945376,39.609436053519474,1.2944118027610885,40.88481364879613,80.0,20.0,60.0,60.0,60.0,0.0,120.0,0.0,88.31529400064312,30.747562673842065,67.25174916582226,39.55535686648157,65.96342188218124,9.84390806784366,91.4697360878103,9.1138932250727
0.0,500.0,26.24652777410228,16.961404311282003,37.37126712945376,39.609436053519474,1.2944118027610885,40.88481364879613,50.35445727302164,6.084072657683919,80.0,20.0,60.0,0.0,120.0,0.0,60.0,60.0,88.31529400064312,30.747562673842065,65.96342188218124,9.84390806784366,91.4697360878103,9.1138932250727,67.25174916582226,39.55535686648157
0.0,500.0,26.24652777410228,16.961404311282003,37.37126712945376,39.609436053519474,50.35445727302164,6.084072657683919,1.2944118027610885,40.88481364879613,80.0,20.0,60.0,0.0,60.0,60.0,120.0,0.0,88.31529400064312,30.747562673842065,65.96342188218124,9.84390806784366,67.25174916582226,39.55535686648157,91.4697360878103,9.1138932250727
0.0,500.0,4.986313481924669,28.443465478277947,39.262306054545846,45.08312330904238,58.59750221033434,55.27925142276624,32.20875713361245,6.580401820989456,119.99999999999999,40.0,119.99999999999999,0.0,80.0,0.0,119.99999999999999,59.99999999999999,118.7067943969232,38.39063083990913,69.6917260190353,21.434407044484928,91.56348739465732,22.483232264625016,104.75072623219332,53.81824521569625
0.0,500.0,4.986313481924669,28.443465478277947,32.20875713361245,6.580401820989456,39.262306054545846,45.08312330904238,58.59750221033434,55.27925142276624,119.99999999999999,40.0,119.99999999999999,59.99999999999999,119.99999999999999,0.0,80.0,0.0,118.7067943969232,38.39063083990913,104.75072623219332,53.81824521569625,69.6917260190353,21.434407044484928,91.56348739465732,22.483232264625016
0.0,500.0,4.986313481924669,28.443465478277947,32.20875713361245,6.580401820989456,58.59750221033434,55.27925142276624,39.262306054545846,45.08312330904238,119.99999999999999,40.0,119.99999999999999,59.99999999999999,80.0,0.0,119.99999999999999,0.0,118.7067943969232,38.39063083990913,104.75072623219332,53.81824521569625,91.56348739465732,22.483232264625016,69.6917260190353,21.434407044484928
0.0,500.0,4.986313481924669,28.443465478277947,58.59750221033434,55.27925142276624,39.262306054545846,45.08312330904238,32.20875713361245,6.580401820989456,119.99999999999999,40.0,80.0,0.0,119.99999999999999,0.0,119.99999999999999,59.99999999999999,118.7067943969232,38.39063083990913,91.56348739465732,22.483232264625016,69.6917260190353,21.434407044484928,104.75072623219332,53.81824521569625
0.0,500.0,4.986313481924669,28.443465478277947,58.59750221033434,55.27925142276624,32.20875713361245,6.580401820989456,39.262306054545846,45.08312330904238,119.99999999999999,40.0,80.0,0.0,119.99999999999999,59.99999999999999,119.99999999999999,0.0,118.7067943969232,38.39063083990913,91.56348739465732,22.483232264625016,104.75072623219332,53.81824521569625,69.6917260190353,21.434407044484928
0.0,500.0,39.262306054545846,45.08312330904238,4.986313481924669,28.443465478277947,32.20875713361245,6.580401820989456,58.59750221033434,55.27925142276624,119.99999999999999,0.0,119.99999999999999,40.0,119.99999999999999,59.99999999999999,80.0,0.0,69.6917260190353,21.434407044484928,118.7067943969232,38.39063083990913,104.75072623219332,53.81824521569625,91.56348739465732,22.483232264625016
0.0,500.0,39.262306054545846,45.08312330904238,4.986313481924669,28.443465478277947,58.59750221033434,55.27925142276624,32.20875713361245,6.580401820989456,119.99999999999999,0.0,119.99999999999999,40.0,80.0,0.0,119.99999999999999,59.99999999999999,69.6917260190353,21.434407044484928,118.7067943969232,38.39063083990913,91.56348739465732,22.483232264625016,104.75072623219332,53.81824521569625
0.0,500.0,39.262306054545846,45.08312330904238,32.20875713361245,6.580401820989456,4.986313481924669,28.443465478277947,58.59750221033434,55.27925142276624,119.99999999999999,0.0,119.99999999999999,59.99999999999999,119.99999999999999,40.0,80.0,0.0,69.6917260190353,21.434407044484928,104.75072623219332,53.81824521569625,118.7067943969232,38.39063083990913,91.56348739465732,22.483232264625016
0.0,500.0,39.262306054545846,45.08312330904238,32.20875713361245,6.580401820989456,58.59750221033434,55.27925142276624,4.986313481924669,28.443465478277947,119.99999999999999,0.0,119.99999999999999,59.99999999999999,80.0,0.0,119.99999999999999,40.0,69.6917260190353,21.434407044484928,104.75072623219332,53.81824521569625,91.56348739465732,22.483232264625016,118.7067943969232,38.39063083990913
0.0,500.0,39.262306054545846,45.08312330904238,58.59750221033434,55.27925142276624,4.986313481924669,28.443465478277947,32.20875713361245,6.580401820989456,119.99999999999999,0.0,80.0,0.0,119.99999999999999,40.0,119.99999999999999,59.99999999999999,69.6917260190353,21.434407044484928,91.56348739465732,22.483232264625016,118.7067943969232,38.39063083990913,104.75072623219332,53.81824521569625
0.0,500.0,39.262306054545846,45.08312330904238,58.59750221033434,55.27925142276624,32.20875713361245,6.580401820989456,4.986313481924669,28.443465478277947,119.99999999999999,0.0,80.0,0.0,119.99999999999999,59.99999999999999,119.99999999999999,40.0,69.6917260190353,21.434407044484928,91.56348739465732,22.483232264625016,104.75072623219332,53.81824521569625,118.7067943969232,38.39063083990913
0.0,500.0,32.20875713361245,6.580401820989456,4.986313481924669,28.443465478277947,39.262306054545846,45.08312330904238,58.59750221033434,55.27925142276624,119.99999999999999,59.99999999999999,119.99999999999999,40.0,119.99999999999999,0.0,80.0,0.0,104.75072623219332,53.81824521569625,118.7067943969232,38.39063083990913,69.6917260190353,21.434407044484928,91.56348739465732,22.483232264625016
0.0,500.0,32.20875713361245,6.580401820989456,4.986313481924669,28.443465478277947,58.59750221033434,55.27925142276624,39.262306054545846,45.08312330904238,119.99999999999999,59.99999999999999,119.99999999999999,40.0,80.0,0.0,119.99999999999999,0.0,104.75072623219332,53.81824521569625,118.7067943969232,38.39063083990913,91.56348739465732,22.483232264625016,69.6917260190353,21.434407044484928
0.0,500.0,32.20875713361245,6.580401820989456,39.262306054545846,45.08312330904238,4.986313481924669,28.443465478277947,58.59750221033434,55.27925142276624,119.99999999999999,59.99999999999999,119.99999999999999,0.0,119.99999999999999,40.0,80.0,0.0,104.75072623219332,53.81824521569625,69.6917260190353,21.434407044484928,118.7067943969232,38.39063083990913,91.56348739465732,22.483232264625016
0.0,500.0,32.20875713361245,6.580401820989456,39.262306054545846,45.08312330904238,58.59750221033434,55.27925142276624,4.986313481924669,28.443465478277947,119.99999999999999,59.99999999999999,119.99999999999999,0.0,80.0,0.0,119.99999999999999,40.0,104.75072623219332,53.81824521569625,69.6917260190353,21.434407044484928,91.56348739465732,22.483232264625016,118.7067943969232,38.39063083990913
0.0,500.0,32.20875713361245,6.580401820989456,58.59750221033434,55.27925142276624,4.986313481924669,28.443465478277947,39.262306054545846,45.08312330904238,119.99999999999999,59.99999999999999,80.0,0.0,119.99999999999999,40.0,119.99999999999999,0.0,104.75072623219332,53.81824521569625,91.56348739465732,22.483232264625016,118.7067943969232,38.39063083990913,69.6917260190353,21.434407044484928
0.0,500.0,32.20875713361245,6.580401820989456,58.59750221033434,55.27925142276624,39.262306054545846,45.08312330904238,4.986313481924669,28.443465478277947,119.99999999999999,59.99999999999999,80.0,0.0,119.99999999999999,0.0,119.99999999999999,40.0,104.75072623219332,53.81824521569625,91.56348739465732,22.483232264625016,69.6917260190353,21.434407044484928,118.7067943969232,38.39063083990913
0.0,500.0,58.59750221033434,55.27925142276624,4.986313481924669,28.443465478277947,39.262306054545846,45.08312330904238,32.20875713361245,6.580401820989456,80.0,0.0,119.99999999999999,40.0,119.99999999999999,0.0,119.99999999999999,59.99999999999999,91.56348739465732,22.483232264625016,118.7067943969232,38.39063083990913,69.6917260190353,21.434407044484928,104.75072623219332,53.81824521569625
0.0,500.0,58.59750221033434,55.27925142276624,4.986313481924669,28.443465478277947,32.20875713361245,6.580401820989456,39.262306054545846,45.08312330904238,80.0,0.0,119.99999999999999,40.0,119.99999999999999,59.99999999999999,119.99999999999999,0.0,91.56348739465732,22.483232264625016,118.7067943969232,38.39063083990913,104.75072623219332,53.81824521569625,69.6917260190353,21.434407044484928
0.0,500.0,58.59750221033434,55.27925142276624,39.262306054545846,45.08312330904238,4.986313481924669,28.443465478277947,32.20875713361245,6.580401820989456,80.0,0.0,119.99999999999999,0.0,119.99999999999999,40.0,119.99999999999999,59.99999999999999,91.56348739465732,22.483232264625016,69.6917260190353,21.434407044484928,118.7067943969232,38.39063083990913,104.75072623219332,53.81824521569625
0.0,500.0,58.59750221033434,55.27925142276624,39.262306054545846,45.08312330904238,32.20875713361245,6.580401820989456,4.986313481924669,28.443465478277947,80.0,0.0,119.99999999999999,0.0,119.99999999999999,59.99999999999999,119.99999999999999,40.0,91.56348739465732,22.483232264625016,69.6917260190353,21.434407044484928,104.75072623219332,53.81824521569625,118.7067943969232,38.39063083990913
0.0,500.0,58.59750221033434,55.27925142276624,32.20875713361245,6.580401820989456,4.986313481924669,28.443465478277947,39.262306054545846,45.08312330904238,80.0,0.0,119.99999999999999,59.99999999999999,119.99999999999999,40.0,119.99999999999999,0.0,91.56348739465732,22.483232264625016,104.75072623219332,53.81824521569625,118.7067943969232,38.39063083990913,69.6917260190353,21.434407044484928
0.0,500.0,58.59750221033434,55.27925142276624,32.20875713361245,6.580401820989456,39.262306054545846,45.08312330904238,4.986313481924669,28.443465478277947,80.0,0.0,119.99999999999999,59.99999999999999,119.99999999999999,0.0,119.99999999999999,40.0,91.56348739465732,22.483232264625016,104.75072623219332,53.81824521569625,69.6917260190353,21.434407044484928,118.7067943969232,38.39063083990913
0.0,500.0,5.211348800272397,8.376148412347781,57.369293262625085,17.95851595357707,36.03274430982172,41.498665211570525,9.102339826940264,33.941225583291185,120.0,60.0,60.0,40.0,60.0,0.0,120.0,0.0,115.65820775305704,51.163975176342575,79.56144618991958,44.307726667354665,69.0318202193705,26.03091150189935,103.19981142113858,32.3359708510942
0.0,500.0,5.211348800272397,8.376148412347781,9.102339826940264,33.941225583291185,57.369293262625085,17.95851595357707,36.03274430982172,41.498665211570525,120.0,60.0,120.0,0.0,60.0,40.0,60.0,0.0,115.65820775305704,51.163975176342575,103.19981142113858,32.3359708510942,79.56144618991958,44.307726667354665,69.0318202193705,26.03091150189935
0.0,500.0,5.211348800272397,8.376148412347781,9.102339826940264,33.941225583291185,36.03274430982172,41.498665211570525,57.369293262625085,17.95851595357707,120.0,60.0,120.0,0.0,60.0,0.0,60.0,40.0,115.65820775305704,51.163975176342575,103.19981142113858,32.3359708510942,69.0318202193705,26.03091150189935,79.56144618991958,44.307726667354665
0.0,500.0,5.211348800272397,8.376148412347781,36.03274430982172,41.498665211570525,57.369293262625085,17.95851595357707,9.102339826940264,33.941225583291185,120.0,60.0,60.0,0.0,60.0,40.0,120.0,0.0,115.65820775305704,51.163975176342575,69.0318202193705,26.03091150189935,79.56144618991958,44.307726667354665,103.19981142113858,32.3359708510942
0.0,500.0,5.211348800272397,8.376148412347781,36.03274430982172,41.498665211570525,9.102339826940264,33.941225583291185,57.369293262625085,17.95851595357707,120.0,60.0,60.0,0.0,120.0,0.0,60.0,40.0,115.65820775305704,51.163975176342575,69.0318202193705,26.03091150189935,103.19981142113858,32.3359708510942,79.56144618991958,44.307726667354665
0.0,500.0,57.369293262625085,17.95851595357707,5.211348800272397,8.376148412347781,9.102339826940264,33.941225583291185,36.03274430982172,41.498665211570525,60.0,40.0,120.0,60.0,120.0,0.0,60.0,0.0,79.56144618991958,44.307726667354665,115.65820775305704,51.163975176342575,103.19981142113858,32.3359708510942,69.0318202193705,26.03091150189935
0.0,500.0,57.369293262625085,17.95851595357707,5.211348800272397,8.376148412347781,36.03274430982172,41.498665211570525,9.102339826940264,33.941225583291185,60.0,40.0,120.0,60.0,60.0,0.0,120.0,0.0,79.56144618991958,44.307726667354665,115.65820775305704,51.163975176342575,69.0318202193705,26.03091150189935,103.19981142113858,32.3359708510942
0.0,500.0,57.369293262625085,17.95851595357707,9.102339826940264,33.941225583291185,5.211348800272397,8.376148412347781,36.03274430982172,41.498665211570525,60.0,40.0,120.0,0.0,120.0,60.0,60.0,0.0,79.56144618991958,44.307726667354665,103.19981142113858,32.3359708510942,115.65820775305704,51.163975176342575,69.0318202193705,26.03091150189935
0.0,500.0,57.369293262625085,17.95851595357707,9.102339826940264,33.941225583291185,36.03274430982172,41.498665211570525,5.211348800272397,8.376148412347781,60.0,40.0,120.0,0.0,60.0,0.0,120.0,60.0,79.56144618991958,44.307726667354665,103.19981142113858,32.3359708510942,69.0318202193705,26.03091150189935,115.65820775305704,51.163975176342575
0.0,500.0,57.369293262625085,17.95851595357707,36.03274430982172,41.498665211570525,5.211348800272397,8.376148412347781,9.102339826940264,33.941225583291185,60.0,40.0,60.0,0.0,120.0,60.0,120.0,0.0,79.56144618991958,44.307726667354665,69.0318202193705,26.03091150189935,115.65820775305704,51.163975176342575,103.19981142113858,32.3359708510942
0.0,500.0,57.369293262625085,17.95851595357707,36.03274430982172,41.498665211570525,9.102339826940264,33.941225583291185,5.211348800272397,8.376148412347781,60.0,40.0,60.0,0.0,120.0,0.0,120.0,60.0,79.56144618991958,44.307726667354665,69.0318202193705,26.03091150189935,103.19981142113858,32.3359708510942,115.65820775305704,51.163975176342575
0.0,500.0,9.102339826940264,33.941225583291185,5.211348800272397,8.376148412347781,57.369293262625085,17.95851595357707,36.03274430982172,41.498665211570525,120.0,0.0,120.0,60.0,60.0,40.0,60.0,0.0,103.19981142113858,32.3359708510942,115.65820775305704,51.163975176342575,79.56144618991958,44.307726667354665,69.0318202193705,26.03091150189935
0.0,500.0,9.102339826940264,33.941225583291185,5.211348800272397,8.376148412347781,36.03274430982172,41.498665211570525,57.369293262625085,17.95851595357707,120.0,0.0,120.0,60.0,60.0,0.0,60.0,40.0,103.19981142113858,32.3359708510942,115.65820775305704,51.163975176342575,69.0318202193705,26.03091150189935,79.56144618991958,44.307726667354665
0.0,500.0,9.102339826940264,33.941225583291185,57.369293262625085,17.95851595357707,5.211348800272397,8.376148412347781,36.03274430982172,41.498665211570525,120.0,0.0,60.0,40.0,120.0,60.0,60.0,0.0,103.19981142113858,32.3359708510942,79.56144618991958,44.307726667354665,115.65820775305704,51.163975176342575,69.0318202193705,26.03091150189935
0.0,500.0,9.102339826940264,33.941225583291185,57.369293262625085,17.95851595357707,36.03274430982172,41.498665211570525,5.211348800272397,8.376148412347781,120.0,0.0,60.0,40.0,60.0,0.0,120.0,60.0,103.19981142113858,32.3359708510942,79.56144618991958,44.307726667354665,69.0318202193705,26.03091150189935,115.65820775305704,51.163975176342575
0.0,500.0,9.102339826940264,33.941225583291185,36.03274430982172,41.498665211570525,5.211348800272397,8.376148412347781,57.369293262625085,17.95851595357707,120.0,0.0,60.0,0.0,120.0,60.0,60.0,40.0,103.19981142113858,32.3359708510942,69.0318202193705,26.03091150189935,115.65820775305704,51.163975176342575,79.56144618991958,44.307726667354665
0.0,500.0,9.102339826940264,33.941225583291185,36.03274430982172,41.498665211570525,57.369293262625085,17.95851595357707,5.211348800272397,8.376148412347781,120.0,0.0,60.0,0.0,60.0,40.0,120.0,60.0,103.19981142113858,32.3359708510942,69.0318202193705,26.03091150189935,79.56144618991958,44.307726667354665,115.65820775305704,51.163975176342575
0.0,500.0,36.03274430982172,41.498665211570525,5.211348800272397,8.376148412347781,57.369293262625085,17.95851595357707,9.102339826940264,33.941225583291185,60.0,0.0,120.0,60.0,60.0,40.0,120.0,0.0,69.0318202193705,26.03091150189935,115.65820775305704,51.163975176342575,79.56144618991958,44.307726667354665,103.19981142113858,32.3359708510942
0.0,500.0,36.03274430982172,41.498665211570525,5.211348800272397,8.376148412347781,9.102339826940264,33.941225583291185,57.369293262625085,17.95851595357707,60.0,0.0,120.0,60.0,120.0,0.0,60.0,40.0,69.0318202193705,26.03091150189935,115.65820775305704,51.163975176342575,103.19981142113858,32.3359708510942,79.56144618991958,44.307726667354665
0.0,500.0,36.03274430982172,41.498665211570525,57.369293262625085,17.95851595357707,5.211348800272397,8.376148412347781,9.102339826940264,33.941225583291185,60.0,0.0,60.0,40.0,120.0,60.0,120.0,0.0,69.0318202193705,26.03091150189935,79.56144618991958,44.307726667354665,115.65820775305704,51.163975176342575,103.19981142113858,32.3359708510942
0.0,500.0,36.03274430982172,41.498665211570525,57.369293262625085,17.95851595357707,9.102339826940264,33.941225583291185,5.211348800272397,8.376148412347781,60.0,0.0,60.0,40.0,120.0,0.0,120.0,60.0,69.0318202193705,26.03091150189935,79.56144618991958,44.307726667354665,103.19981142113858,32.3359708510942,115.65820775305704,51.163975176342575
0.0,500.0,36.03274430982172,41.498665211570525,9.102339826940264,33.941225583291185,5.211348800272397,8.376148412347781,57.369293262625085,17.95851595357707,60.0,0.0,120.0,0.0,120.0,60.0,60.0,40.0,69.0318202193705,26.03091150189935,103.19981142113858,32.3359708510942,115.65820775305704,51.163975176342575,79.56144618991958,44.307726667354665
0.0,500.0,36.03274430982172,41.498665211570525,9.102339826940264,33.941225583291185,57.369293262625085,17.95851595357707,5.211348800272397,8.376148412347781,60.0,0.0,120.0,0.0,60.0,40.0,120.0,60.0,69.0318202193705,26.03091150189935,103.19981142113858,32.3359708510942,79.56144618991958,44.307726667354665,115.65820775305704,51.163975176342575
0.0,500.0,44.34573782095048,36.33570249394532,0.3037399981834165,56.947888135775045,59.54855169804455,1.5227202548656282,20.561475412279616,42.77581139119352,100.00000000000001,20.0,100.00000000000001,0.0,60.0,40.0,80.0,20.0,64.49486002060819,21.51754100443354,92.267952553966,7.308231559571212,79.2964669023217,48.97313793953919,106.91926823460992,22.103483011448105
0.0,500.0,44.34573782095048,36.33570249394532,20.561475412279616,42.77581139119352,0.3037399981834165,56.947888135775045,59.54855169804455,1.5227202548656282,100.00000000000001,20.0,80.0,20.0,100.00000000000001,0.0,60.0,40.0,64.49486002060819,21.51754100443354,106.91926823460992,22.103483011448105,92.267952553966,7.308231559571212,79.2964669023217,48.97313793953919
0.0,500.0,44.34573782095048,36.33570249394532,20.561475412279616,42.77581139119352,59.54855169804455,1.5227202548656282,0.3037399981834165,56.947888135775045,100.00000000000001,20.0,80.0,20.0,60.0,40.0,100.00000000000001,0.0,64.49486002060819,21.51754100443354,106.91926823460992,22.103483011448105,79.2964669023217,48.97313793953919,92.267952553966,7.308231559571212
0.0,500.0,44.34573782095048,36.33570249394532,59.54855169804455,1.5227202548656282,0.3037399981834165,56.947888135775045,20.561475412279616,42.77581139119352,100.00000000000001,20.0,60.0,40.0,100.00000000000001,0.0,80.0,20.0,64.49486002060819,21.51754100443354,79.2964669023217,48.97313793953919,92.267952553966,7.308231559571212,106.91926823460992,22.103483011448105
0.0,500.0,44.34573782095048,36.33570249394532,59.54855169804455,1.5227202548656282,20.561475412279616,42.77581139119352,0.3037399981834165,56.947888135775045,100.00000000000001,20.0,60.0,40.0,80.0,20.0,100.00000000000001,0.0,64.49486002060819,21.51754100443354,79.2964669023217,48.97313793953919,106.91926823460992,22.103483011448105,92.267952553966,7.308231559571212
0.0,500.0,0.3037399981834165,56.947888135775045,44.34573782095048,36.33570249394532,20.561475412279616,42.77581139119352,59.54855169804455,1.5227202548656282,100.00000000000001,0.0,100.00000000000001,20.0,80.0,20.0,60.0,40.0,92.267952553966,7.308231559571212,64.49486002060819,21.51754100443354,106.91926823460992,22.103483011448105,79.2964669023217,48.97313793953919
0.0,500.0,0.3037399981834165,56.947888135775045,44.34573782095048,36.33570249394532,59.54855169804455,1.5227202548656282,20.561475412279616,42.77581139119352,100.00000000000001,0.0,100.00000000000001,20.0,60.0,40.0,80.0,20.0,92.267952553966,7.308231559571212,64.49486002060819,21.51754100443354,79.2964669023217,48.97313793953919,106.91926823460992,22.103483011448105
0.0,500.0,0.3037399981834165,56.947888135775045,20.561475412279616,42.77581139119352,44.34573782095048,36.33570249394532,59.54855169804455,1.5227202548656282,100.00000000000001,0.0,80.0,20.0,100.00000000000001,20.0,60.0,40.0,92.267952553966,7.308231559571212,106.91926823460992,22.103483011448105,64.49486002060819,21.51754100443354,79.2964669023217,48.97313793953919
0.0,500.0,0.3037399981834165,56.947888135775045,20.561475412279616,42.77581139119352,59.54855169804455,1.5227202548656282,44.34573782095048,36.33570249394532,100.00000000000001,0.0,80.0,20.0,60.0,40.0,100.00000000000001,20.0,92.267952553966,7.308231559571212,106.91926823460992,22.103483011448105,79.2964669023217,48.97313793953919,64.49486002060819,21.51754100443354
0.0,500.0,0.3037399981834165,56.947888135775045,59.54855169804455,1.5227202548656282,44.34573782095048,36.33570249394532,20.561475412279616,42.77581139119352,100.00000000000001,0.0,60.0,40.0,100.00000000000001,20.0,80.0,20.0,92.267952553966,7.308231559571212,79.2964669023217,48.97313793953919,64.49486002060819,21.51754100443354,106.91926823460992,22.103483011448105
0.0,500.0,0.3037399981834165,56.947888135775045,59.54855169804455,1.5227202548656282,20.561475412279616,42.77581139119352,44.34573782095048,36.33570249394532,100.00000000000001,0.0,60.0,40.0,80.0,20.0,100.00000000000001,20.0,92.267952553966,7.308231559571212,79.2964669023217,48.97313793953919,106.91926823460992,22.103483011448105,64.49486002060819,21.51754100443354
0.0,500.0,20.561475412279616,42.77581139119352,44.34573782095048,36.33570249394532,0.3037399981834165,56.947888135775045,59.54855169804455,1.5227202548656282,80.0,20.0,100.00000000000001,20.0,100.00000000000001,0.0,60.0,40.0,106.91926823460992,22.103483011448105,64.49486002060819,21.51754100443354,92.267952553966,7.308231559571212,79.2964669023217,48.97313793953919
0.0,500.0,20.561475412279616,42.77581139119352,44.34573782095048,36.33570249394532,59.54855169804455,1.5227202548656282,0.3037399981834165,56.947888135775045,80.0,20.0,100.00000000000001,20.0,60.0,40.0,100.00000000000001,0.0,106.91926823460992,22.103483011448105,64.49486002060819,21.51754100443354,79.2964669023217,48.97313793953919,92.267952553966,7.308231559571212
0.0,500.0,20.561475412279616,42.77581139119352,0.3037399981834165,56.947888135775045,44.34573782095048,36.33570249394532,59.54855169804455,1.5227202548656282,80.0,20.0,100.00000000000001,0.0,100.00000000000001,20.0,60.0,40.0,106.91926823460992,22.103483011448105,92.267952553966,7.308231559571212,64.49486002060819,21.51754100443354,79.2964669023217,48.97313793953919
0.0,500.0,20.561475412279616,42.77581139119352,0.3037399981834165,56.947888135775045,59.54855169804455,1.5227202548656282,44.34573782095048,36.33570249394532,80.0,20.0,100.00000000000001,0.0,60.0,40.0,100.00000000000001,20.0,106.91926823460992,22.103483011448105,92.267952553966,7.308231559571212,79.2964669023217,48.97313793953919,64.49486002060819,21.51754100443354
0.0,500.0,20.561475412279616,42.77581139119352,59.54855169804455,1.5227202548656282,44.34573782095048,36.33570249394532,0.3037399981834165,56.947888135775045,80.0,20.0,60.0,40.0,100.00000000000001,20.0,100.00000000000001,0.0,106.91926823460992,22.103483011448105,79.2964669023217,48.97313793953919,64.49486002060819,21.51754100443354,92.267952553966,7.308231559571212
0.0,500.0,20.561475412279616,42.77581139119352,59.54855169804455,1.5227202548656282,0.3037399981834165,56.947888135775045,44.34573782095048,36.33570249394532,80.0,20.0,60.0,40.0,100.00000000000001,0.0,100.00000000000001,20.0,106.91926823460992,22.103483011448105,79.2964669023217,48.97313793953919,92.267952553966,7.308231559571212,64.49486002060819,21.51754100443354
0.0,500.0,59.54855169804455,1.5227202548656282,44.34573782095048,36.33570249394532,0.3037399981834165,56.947888135775045,20.561475412279616,42.77581139119352,60.0,40.0,100.00000000000001,20.0,100.00000000000001,0.0,80.0,20.0,79.2964669023217,48.97313793953919,64.49486002060819,21.51754100443354,92.267952553966,7.308231559571212,106.91926823460992,22.103483011448105
0.0,500.0,59.54855169804455,1.5227202548656282,44.34573782095048,36.33570249394532,20.561475412279616,42.77581139119352,0.3037399981834165,56.947888135775045,60.0,40.0,100.00000000000001,20.0,80.0,20.0,100.00000000000001,0.0,79.2964669023217,48.97313793953919,64.49486002060819,21.51754100443354,106.91926823460992,22.103483011448105,92.267952553966,7.308231559571212
0.0,500.0,59.54855169804455,1.5227202548656282,0.3037399981834165,56.947888135775045,44.34573782095048,36.33570249394532,20.561475412279616,42.77581139119352,60.0,40.0,100.00000000000001,0.0,100.00000000000001,20.0,80.0,20.0,79.2964669023217,48.97313793953919,92.267952553966,7.308231559571212,64.49486002060819,21.51754100443354,106.91926823460992,22.103483011448105
0.0,500.0,59.54855169804455,1.5227202548656282,0.3037399981834165,56.947888135775045,20.561475412279616,42.77581139119352,44.34573782095048,36.33570249394532,60.0,40.0,100.00000000000001,0.0,80.0,20.0,100.00000000000001,20.0,79.2964669023217,48.97313793953919,92.267952553966,7.308231559571212,106.91926823460992,22.103483011448105,64.49486002060819,21.51754100443354
0.0,500.0,59.54855169804455,1.5227202548656282,20.561475412279616,42.77581139119352,44.34573782095048,36.33570249394532,0.3037399981834165,56.947888135775045,60.0,40.0,80.0,20.0,100.00000000000001,20.0,100.00000000000001,0.0,79.2964669023217,48.97313793953919,106.91926823460992,22.103483011448105,64.49486002060819,21.51754100443354,92.267952553966,7.308231559571212
0.0,500.0,59.54855169804455,1.5227202548656282,20.561475412279616,42.77581139119352,0.3037399981834165,56.947888135775045,44.34573782095048,36.33570249394532,60.0,40.0,80.0,20.0,100.00000000000001,0.0,100.00000000000001,20.0,79.2964669023217,48.97313793953919,106.91926823460992,22.103483011448105,92.267952553966,7.308231559571212,64.49486002060819,21.51754100443354
13.333333333333334,500.0,12.185706071055533,9.871360616351224,38.18921908201288,21.308982164732328,2.5780299027295883,43.858517242007046,58.72518985345108,37.79540027620673,80.0,20.0,100.0,0.0,119.99999999999999,0.0,80.0,0.0,91.8717171317787,51.1825704257864,62.77792082353288,32.52516176014672,107.8675072756015,0.8809714631061709,61.012856294289705,11.81831720748912
13.333333333333334,500.0,12.185706071055533,9.871360616351224,58.72518985345108,37.79540027620673,38.18921908201288,21.308982164732328,2.5780299027295883,43.858517242007046,80.0,20.0,80.0,0.0,100.0,0.0,119.99999999999999,0.0,91.8717171317787,51.1825704257864,61.012856294289705,11.81831720748912,62.77792082353288,32.52516176014672,107.8675072756015,0.8809714631061709
13.333333333333334,500.0,12.185706071055533,9.871360616351224,58.72518985345108,37.79540027620673,2.5780299027295883,43.858517242007046,38.18921908201288,21.308982164732328,80.0,20.0,80.0,0.0,119.99999999999999,0.0,100.0,0.0,91.8717171317787,51.1825704257864,61.012856294289705,11.81831720748912,107.8675072756015,0.8809714631061709,62.77792082353288,32.52516176014672
13.333333333333334,500.0,12.185706071055533,9.871360616351224,2.5780299027295883,43.858517242007046,38.18921908201288,21.308982164732328,58.72518985345108,37.79540027620673,80.0,20.0,119.99999999999999,0.0,100.0,0.0,80.0,0.0,91.8717171317787,51.1825704257864,107.8675072756015,0.8809714631061709,62.77792082353288,32.52516176014672,61.012856294289705,11.81831720748912
13.333333333333334,500.0,12.185706071055533,9.871360616351224,2.5780299027295883,43.858517242007046,58.72518985345108,37.79540027620673,38.18921908201288,21.308982164732328,80.0,20.0,119.99999999999999,0.0,80.0,0.0,100.0,0.0,91.8717171317787,51.1825704257864,107.8675072756015,0.8809714631061709,61.012856294289705,11.81831720748912,62.77792082353288,32.52516176014672
13.333333333333334,500.0,38.18921908201288,21.308982164732328,12.185706071055533,9.871360616351224,58.72518985345108,37.79540027620673,2.5780299027295883,43.858517242007046,100.0,0.0,80.0,20.0,80.0,0.0,119.99999999999999,0.0,62.77792082353288,32.52516176014672,91.8717171317787,51.1825704257864,61.012856294289705,11.81831720748912,107.8675072756015,0.8809714631061709
13.333333333333334,500.0,38.18921908201288,21.308982164732328,12.185706071055533,9.871360616351224,2.5780299027295883,43.858517242007046,58.72518985345108,37.79540027620673,100.0,0.0,80.0,20.0,119.99999999999999,0.0,80.0,0.0,62.77792082353288,32.52516176014672,91.8717171317787,51.1825704257864,107.8675072756015,0.8809714631061709,61.012856294289705,11.81831720748912
13.333333333333334,500.0,38.18921908201288,21.308982164732328,58.72518985345108,37.79540027620673,12.185706071055533,9.871360616351224,2.5780299027295883,43.858517242007046,100.0,0.0,80.0,0.0,80.0,20.0,119.99999999999999,0.0,62.77792082353288,32.52516176014672,61.012856294289705,11.81831720748912,91.8717171317787,51.1825704257864,107.8675072756015,0.8809714631061709
13.333333333333334,500.0,38.18921908201288,21.308982164732328,58.72518985345108,37.79540027620673,2.5780299027295883,43.858517242007046,12.185706071055533,9.871360616351224,100.0,0.0,80.0,0.0,119.99999999999999,0.0,80.0,20.0,62.77792082353288,32.52516176014672,61.012856294289705,11.81831720748912,107.8675072756015,0.8809714631061709,91.8717171317787,51.1825704257864
13.333333333333334,500.0,38.18921908201288,21.308982164732328,2.5780299027295883,43.858517242007046,12.185706071055533,9.871360616351224,58.72518985345108,37.79540027620673,100.0,0.0,119.99999999999999,0.0,80.0,20.0,80.0,0.0,62.77792082353288,32.52516176014672,107.8675072756015,0.8809714631061709,91.8717171317787,51.1825704257864,61.012856294289705,11.81831720748912
13.333333333333334,500.0,38.18921908201288,21.308982164732328,2.5780299027295883,43.858517242007046,58.72518985345108,37.79540027620673,12.185706071055533,9.871360616351224,100.0,0.0,119.99999999999999,0.0,80.0,0.0,80.0,20.0,62.77792082353288,32.52516176014672,107.8675072756015,0.8809714631061709,61.012856294289705,11.81831720748912,91.8717171317787,51.1825704257864
13.333333333333334,500.0,58.72518985345108,37.79540027620673,12.185706071055533,9.871360616351224,38.18921908201288,21.308982164732328,2.5780299027295883,43.858517242007046,80.0,0.0,80.0,20.0,100.0,0.0,119.99999999999999,0.0,61.012856294289705,11.81831720748912,91.8717171317787,51.1825704257864,62.77792082353288,32.52516176014672,107.8675072756015,0.8809714631061709
13.333333333333334,500.0,58.72518985345108,37.79540027620673,12.185706071055533,9.871360616351224,2.5780299027295883,43.858517242007046,38.18921908201288,21.308982164732328,80.0,0.0,80.0,20.0,119.99999999999999,0.0,100.0,0.0,61.012856294289705,11.81831720748912,91.8717171317787,51.1825704257864,107.8675072756015,0.8809714631061709,62.77792082353288,32.52516176014672
13.333333333333334,500.0,58.72518985345108,37.79540027620673,38.18921908201288,21.308982164732328,12.185706071055533,9.871360616351224,2.5780299027295883,43.858517242007046,80.0,0.0,100.0,0.0,80.0,20.0,119.99999999999999,0.0,61.012856294289705,11.81831720748912,62.77792082353288,32.52516176014672,91.8717171317787,51.1825704257864,107.8675072756015,0.8809714631061709
13.333333333333334,500.0,58.72518985345108,37.79540027620673,38.18921908201288,21.308982164732328,2.5780299027295883,43.858517242007046,12.185706071055533,9.871360616351224,80.0,0.0,100.0,0.0,119.99999999999999,0.0,80.0,20.0,61.012856294289705,11.81831720748912,62.77792082353288,32.52516176014672,107.8675072756015,0.8809714631061709,91.8717171317787,51.1825704257864
13.333333333333334,500.0,58.72518985345108,37.79540027620673,2.5780299027295883,43.858517242007046,12.185706071055533,9.871360616351224,38.18921908201288,21.308982164732328,80.0,0.0,119.99999999999999,0.0,80.0,20.0,100.0,0.0,61.012856294289705,11.81831720748912,107.8675072756015,0.8809714631061709,91.8717171317787,51.1825704257864,62.77792082353288,32.52516176014672
13.333333333333334,500.0,58.72518985345108,37.79540027620673,2.5780299027295883,43.858517242007046,38.18921908201288,21.308982164732328,12.185706071055533,9.871360616351224,80.0,0.0,119.99999999999999,0.0,100.0,0.0,80.0,20.0,61.012856294289705,11.81831720748912,107.8675072756015,0.8809714631061709,62.77792082353288,32.52516176014672,91.8717171317787,51.1825704257864
13.333333333333334,500.0,2.5780299027295883,43.858517242007046,12.185706071055533,9.871360616351224,38.18921908201288,21.308982164732328,58.72518985345108,37.79540027620673,119.99999999999999,0.0,80.0,20.0,100.0,0.0,80.0,0.0,107.8675072756015,0.8809714631061709,91.8717171317787,51.1825704257864,62.77792082353288,32.52516176014672,61.012856294289705,11.81831720748912
13.333333333333334,500.0,2.5780299027295883,43.858517242007046,12.185706071055533,9.871360616351224,58.72518985345108,37.79540027620673,38.18921908201288,21.308982164732328,119.99999999999999,0.0,80.0,20.0,80.0,0.0,100.0,0.0,107.8675072756015,0.8809714631061709,91.8717171317787,51.1825704257864,61.012856294289705,11.81831720748912,62.77792082353288,32.52516176014672
13.333333333333334,500.0,2.5780299027295883,43.858517242007046,38.18921908201288,21.308982164732328,12.185706071055533,9.871360616351224,58.72518985345108,37.79540027620673,119.99999999999999,0.0,100.0,0.0,80.0,20.0,80.0,0.0,107.8675072756015,0.8809714631061709,62.77792082353288,32.52516176014672,91.8717171317787,51.1825704257864,61.012856294289705,11.81831720748912
13.333333333333334,500.0,2.5780299027295883,43.858517242007046,38.18921908201288,21.308982164732328,58.72518985345108,37.79540027620673,12.185706071055533,9.871360616351224,119.99999999999999,0.0,100.0,0.0,80.0,0.0,80.0,20.0,107.8675072756015,0.8809714631061709,62.77792082353288,32.52516176014672,61.012856294289705,11.81831720748912,91.8717171317787,51.1825704257864
13.333333333333334,500.0,2.5780299027295883,43.858517242007046,58.72518985345108,37.79540027620673,12.185706071055533,9.871360616351224,38.18921908201288,21.308982164732328,119.99999999999999,0.0,80.0,0.0,80.0,20.0,100.0,0.0,107.8675072756015,0.8809714631061709,61.012856294289705,11.81831720748912,91.8717171317787,51.1825704257864,62.77792082353288,32.52516176014672
13.333333333333334,500.0,2.5780299027295883,43.858517242007046,58.72518985345108,37.79540027620673,38.18921908201288,21.308982164732328,12.185706071055533,9.871360616351224,119.99999999999999,0.0,80.0,0.0,100.0,0.0,80.0,20.0,107.8675072756015,0.8809714631061709,61.012856294289705,11.81831720748912,62.77792082353288,32.52516176014672,91.8717171317787,51.1825704257864
13.333333333333334,500.0,35.82627493799728,53.58846969708266,43.20819699126219,7.507231169927746,12.730123982247626,51.94818559507895,11.735130422584266,27.941518173983763,80.0,20.0,80.0,59.99999999999999,59.99999999999999,20.0,59.99999999999999,40.0,68.596817899001,4.506555374380604,75.0956855111275,35.771293827717145,90.1899910774404,7.455131056094224,117.54073909346562,25.44720031677176
13.333333333333334,500.0,35.82627493799728,53.58846969708266,11.735130422584266,27.941518173983763,43.20819699126219,7.507231169927746,12.730123982247626,51.94818559507895,80.0,20.0,59.99999999999999,40.0,80.0,59.99999999999999,59.99999999999999,20.0,68.596817899001,4.506555374380604,117.54073909346562,25.44720031677176,75.0956855111275,35.771293827717145,90.1899910774404,7.455131056094224
13.333333333333334,500.0,35.82627493799728,53.58846969708266,11.735130422584266,27.941518173983763,12.730123982247626,51.94818559507895,43.20819699126219,7.507231169927746,80.0,20.0,59.99999999999999,40.0,59.99999999999999,20.0,80.0,59.99999999999999,68.596817899001,4.506555374380604,117.54073909346562,25.44720031677176,90.1899910774404,7.455131056094224,75.0956855111275,35.771293827717145
13.333333333333334,500.0,35.82627493799728,53.58846969708266,12.730123982247626,51.94818559507895,43.20819699126219,7.507231169927746,11.735130422584266,27.941518173983763,80.0,20.0,59.99999999999999,20.0,80.0,59.99999999999999,59.99999999999999,40.0,68.596817899001,4.506555374380604,90.1899910774404,7.455131056094224,75.0956855111275,35.771293827717145,117.54073909346562,25.44720031677176
13.333333333333334,500.0,35.82627493799728,53.58846969708266,12.730123982247626,51.94818559507895,11.735130422584266,27.941518173983763,43.20819699126219,7.507231169927746,80.0,20.0,59.99999999999999,20.0,59.99999999999999,40.0,80.0,59.99999999999999,68.596817899001,4.506555374380604,90.1899910774404,7.455131056094224,117.54073909346562,25.44720031677176,75.0956855111275,35.771293827717145
13.333333333333334,500.0,43.20819699126219,7.507231169927746,35.82627493799728,53.58846969708266,11.735130422584266,27.941518173983763,12.730123982247626,51.94818559507895,80.0,59.99999999999999,80.0,20.0,59.99999999999999,40.0,59.99999999999999,20.0,75.0956855111275,35.771293827717145,68.596817899001,4.506555374380604,117.54073909346562,25.44720031677176,90.1899910774404,7.455131056094224
13.333333333333334,500.0,43.20819699126219,7.507231169927746,35.82627493799728,53.58846969708266,12.730123982247626,51.94818559507895,11.735130422584266,27.941518173983763,80.0,59.99999999999999,80.0,20.0,59.99999999999999,20.0,59.99999999999999,40.0,75.0956855111275,35.771293827717145,68.596817899001,4.506555374380604,90.1899910774404,7.455131056094224,117.54073909346562,25.44720031677176
13.333333333333334,500.0,43.20819699126219,7.507231169927746,11.735130422584266,27.941518173983763,35.82627493799728,53.58846969708266,12.730123982247626,51.94818559507895,80.0,59.99999999999999,59.99999999999999,40.0,80.0,20.0,59.99999999999999,20.0,75.0956855111275,35.771293827717145,117.54073909346562,25.44720031677176,68.596817899001,4.506555374380604,90.1899910774404,7.455131056094224
13.333333333333334,500.0,43.20819699126219,7.507231169927746,11.735130422584266,27.941518173983763,12.730123982247626,51.94818559507895,35.82627493799728,53.58846969708266,80.0,59.99999999999999,59.99999999999999,40.0,59.99999999999999,20.0,80.0,20.0,75.0956855111275,35.771293827717145,117.54073909346562,25.44720031677176,90.1899910774404,7.455131056094224,68.596817899001,4.506555374380604
13.333333333333334,500.0,43.20819699126219,7.507231169927746,12.730123982247626,51.94818559507895,35.82627493799728,53.58846969708266,11.735130422584266,27.941518173983763,80.0,59.99999999999999,59.99999999999999,20.0,80.0,20.0,59.99999999999999,40.0,75.0956855111275,35.771293827717145,90.1899910774404,7.455131056094224,68.596817899001,4.506555374380604,117.54073909346562,25.44720031677176
13.333333333333334,500.0,43.20819699126219,7.507231169927746,12.730123982247626,51.94818559507895,11.735130422584266,27.941518173983763,35.82627493799728,53.58846969708266,80.0,59.99999999999999,59.99999999999999,20.0,59.99999999999999,40.0,80.0,20.0,75.0956855111275,35.771293827717145,90.1899910774404,7.455131056094224,117.54073909346562,25.44720031677176,68.596817899001,4.506555374380604
13.333333333333334,500.0,11.735130422584266,27.941518173983763,35.82627493799728,53.58846969708266,43.20819699126219,7.507231169927746,12.730123982247626,51.94818559507895,59.99999999999999,40.0,80.0,20.0,80.0,59.99999999999999,59.99999999999999,20.0,117.54073909346562,25.44720031677176,68.596817899001,4.506555374380604,75.0956855111275,35.771293827717145,90.1899910774404,7.455131056094224
13.333333333333334,500.0,11.735130422584266,27.941518173983763,35.82627493799728,53.58846969708266,12.730123982247626,51.94818559507895,43.20819699126219,7.507231169927746,59.99999999999999,40.0,80.0,20.0,59.99999999999999,20.0,80.0,59.99999999999999,117.54073909346562,25.44720031677176,68.596817899001,4.506555374380604,90.1899910774404,7.455131056094224,75.0956855111275,35.771293827717145
13.333333333333334,500.0,11.735130422584266,27.941518173983763,43.20819699126219,7.507231169927746,35.82627493799728,53.58846969708266,12.730123982247626,51.94818559507895,59.99999999999999,40.0,80.0,59.99999999999999,80.0,20.0,59.99999999999999,20.0,117.54073909346562,25.44720031677176,75.0956855111275,35.771293827717145,68.596817899001,4.506555374380604,90.1899910774404,7.455131056094224
13.333333333333334,500.0,11.735130422584266,27.941518173983763,43.20819699126219,7.507231169927746,12.730123982247626,51.94818559507895,35.82627493799728,53.58846969708266,59.99999999999999,40.0,80.0,59.99999999999999,59.99999999999999,20.0,80.0,20.0,117.54073909346562,25.44720031677176,75.0956855111275,35.771293827717145,90.1899910774404,7.455131056094224,68.596817899001,4.506555374380604
13.333333333333334,500.0,11.735130422584266,27.941518173983763,12.730123982247626,51.94818559507895,35.82627493799728,53.58846969708266,43.20819699126219,7.507231169927746,59.99999999999999,40.0,59.99999999999999,20.0,80.0,20.0,80.0,59.99999999999999,117.54073909346562,25.44720031677176,90.1899910774404,7.455131056094224,68.596817899001,4.506555374380604,75.0956855111275,35.771293827717145
13.333333333333334,500.0,11.735130422584266,27.941518173983763,12.730123982247626,51.94818559507895,43.20819699126219,7.507231169927746,35.82627493799728,53.58846969708266,59.99999999999999,40.0,59.99999999999999,20.0,80.0,59.99999999999999,80.0,20.0,117.54073909346562,25.44720031677176,90.1899910774404,7.455131056094224,75.0956855111275,35.771293827717145,68.596817899001,4.506555374380604
13.333333333333334,500.0,12.730123982247626,51.94818559507895,35.82627493799728,53.58846969708266,43.20819699126219,7.507231169927746,11.735130422584266,27.941518173983763,59.99999999999999,20.0,80.0,20.0,80.0,59.99999999999999,59.99999999999999,40.0,90.1899910774404,7.455131056094224,68.596817899001,4.506555374380604,75.0956855111275,35.771293827717145,117.54073909346562,25.44720031677176
13.333333333333334,500.0,12.730123982247626,51.94818559507895,35.82627493799728,53.58846969708266,11.735130422584266,27.941518173983763,43.20819699126219,7.507231169927746,59.99999999999999,20.0,80.0,20.0,59.99999999999999,40.0,80.0,59.99999999999999,90.1899910774404,7.455131056094224,68.596817899001,4.506555374380604,117.54073909346562,25.44720031677176,75.0956855111275,35.771293827717145
13.333333333333334,500.0,12.730123982247626,51.94818559507895,43.20819699126219,7.507231169927746,35.82627493799728,53.58846969708266,11.735130422584266,27.941518173983763,59.99999999999999,20.0,80.0,59.99999999999999,80.0,20.0,59.99999999999999,40.0,90.1899910774404,7.455131056094224,75.0956855111275,35.771293827717145,68.596817899001,4.506555374380604,117.54073909346562,25.44720031677176
13.333333333333334,500.0,12.730123982247626,51.94818559507895,43.20819699126219,7.507231169927746,11.735130422584266,27.941518173983763,35.82627493799728,53.58846969708266,59.99999999999999,20.0,80.0,59.99999999999999,59.99999999999999,40.0,80.0,20.0,90.1899910774404,7.455131056094224,75.0956855111275,35.771293827717145,117.54073909346562,25.44720031677176,68.596817899001,4.506555374380604
13.333333333333334,500.0,12.730123982247626,51.94818559507895,11.735130422584266,27.941518173983763,35.82627493799728,53.58846969708266,43.20819699126219,7.507231169927746,59.99999999999999,20.0,59.99999999999999,40.0,80.0,20.0,80.0,59.99999999999999,90.1899910774404,7.455131056094224,117.54073909346562,25.44720031677176,68.596817899001,4.506555374380604,75.0956855111275,35.771293827717145
13.333333333333334,500.0,12.730123982247626,51.94818559507895,11.735130422584266,27.941518173983763,43.20819699126219,7.507231169927746,35.82627493799728,53.58846969708266,59.99999999999999,20.0,59.99999999999999,40.0,80.0,59.99999999999999,80.0,20.0,90.1899910774404,7.455131056094224,117.54073909346562,25.44720031677176,75.0956855111275,35.771293827717145,68.596817899001,4.506555374380604
13.333333333333334,500.0,54.54792674276843,52.36671813014358,26.083593019704068,55.73514920181355,53.37758006349498,9.829793063811872,7.387638858235346,41.06335839119891,60.0,0.0,80.0,20.0,60.0,40.0,60.0,20.0,68.20924565027539,4.879838035282532,90.16615376849288,2.3087631490802067,81.75463157054939,34.145275197785594,107.47165507289075,15.549033631161157
13.333333333333334,500.0,54.54792674276843,52.36671813014358,7.387638858235346,41.06335839119891,26.083593019704068,55.73514920181355,53.37758006349498,9.829793063811872,60.0,0.0,60.0,20.0,80.0,20.0,60.0,40.0,68.20924565027539,4.879838035282532,107.47165507289075,15.549033631161157,90.16615376849288,2.3087631490802067,81.75463157054939,34.145275197785594
13.333333333333334,500.0,54.54792674276843,52.36671813014358,7.387638858235346,41.06335839119891,53.37758006349498,9.829793063811872,26.083593019704068,55.73514920181355,60.0,0.0,60.0,20.0,60.0,40.0,80.0,20.0,68.20924565027539,4.879838035282532,107.47165507289075,15.549033631161157,81.75463157054939,34.145275197785594,90.16615376849288,2.3087631490802067
13.333333333333334,500.0,54.54792674276843,52.36671813014358,53.37758006349498,9.829793063811872,26.083593019704068,55.73514920181355,7.387638858235346,41.06335839119891,60.0,0.0,60.0,40.0,80.0,20.0,60.0,20.0,68.20924565027539,4.879838035282532,81.75463157054939,34.145275197785594,90.16615376849288,2.3087631490802067,107.47165507289075,15.549033631161157
13.333333333333334,500.0,54.54792674276843,52.36671813014358,53.37758006349498,9.829793063811872,7.387638858235346,41.06335839119891,26.083593019704068,55.73514920181355,60.0,0.0,60.0,40.0,60.0,20.0,80.0,20.0,68.20924565027539,4.879838035282532,81.75463157054939,34.145275197785594,107.47165507289075,15.549033631161157,90.16615376849288,2.3087631490802067
13.333333333333334,500.0,26.083593019704068,55.73514920181355,54.54792674276843,52.36671813014358,7.387638858235346,41.06335839119891,53.37758006349498,9.829793063811872,80.0,20.0,60.0,0.0,60.0,20.0,60.0,40.0,90.16615376849288,2.3087631490802067,68.20924565027539,4.879838035282532,107.47165507289075,15.549033631161157,81.75463157054939,34.145275197785594
13.333333333333334,500.0,26.083593019704068,55.73514920181355,54.54792674276843,52.36671813014358,53.37758006349498,9.829793063811872,7.387638858235346,41.06335839119891,80.0,20.0,60.0,0.0,60.0,40.0,60.0,20.0,90.16615376849288,2.3087631490802067,68.20924565027539,4.879838035282532,81.75463157054939,34.145275197785594,107.47165507289075,15.549033631161157
13.333333333333334,500.0,26.083593019704068,55.73514920181355,7.387638858235346,41.06335839119891,54.54792674276843,52.36671813014358,53.37758006349498,9.829793063811872,80.0,20.0,60.0,20.0,60.0,0.0,60.0,40.0,90.16615376849288,2.3087631490802067,107.47165507289075,15.549033631161157,68.20924565027539,4.879838035282532,81.75463157054939,34.145275197785594
13.333333333333334,500.0,26.083593019704068,55.73514920181355,7.387638858235346,41.06335839119891,53.37758006349498,9.829793063811872,54.54792674276843,52.36671813014358,80.0,20.0,60.0,20.0,60.0,40.0,60.0,0.0,90.16615376849288,2.3087631490802067,107.47165507289075,15.549033631161157,81.75463157054939,34.145275197785594,68.20924565027539,4.879838035282532
13.333333333333334,500.0,26.083593019704068,55.73514920181355,53.37758006349498,9.829793063811872,54.54792674276843,52.36671813014358,7.387638858235346,41.06335839119891,80.0,20.0,60.0,40.0,60.0,0.0,60.0,20.0,90.16615376849288,2.3087631490802067,81.75463157054939,34.145275197785594,68.20924565027539,4.879838035282532,107.47165507289075,15.549033631161157
13.333333333333334,500.0,26.083593019704068,55.73514920181355,53.37758006349498,9.829793063811872,7.387638858235346,41.06335839119891,54.54792674276843,52.36671813014358,80.0,20.0,60.0,40.0,60.0,20.0,60.0,0.0,90.16615376849288,2.3087631490802067,81.75463157054939,34.145275197785594,107.47165507289075,15.549033631161157,68.20924565027539,4.879838035282532
13.333333333333334,500.0,7.387638858235346,41.06335839119891,54.54792674276843,52.36671813014358,26.083593019704068,55.73514920181355,53.37758006349498,9.829793063811872,60.0,20.0,60.0,0.0,80.0,20.0,60.0,40.0,107.47165507289075,15.549033631161157,68.20924565027539,4.879838035282532,90.16615376849288,2.3087631490802067,81.75463157054939,34.145275197785594
13.333333333333334,500.0,7.387638858235346,41.06335839119891,54.54792674276843,52.36671813014358,53.37758006349498,9.829793063811872,26.083593019704068,55.73514920181355,60.0,20.0,60.0,0.0,60.0,40.0,80.0,20.0,107.47165507289075,15.549033631161157,68.20924565027539,4.879838035282532,81.75463157054939,34.145275197785594,90.16615376849288,2.3087631490802067
13.333333333333334,500.0,7.387638858235346,41.06335839119891,26.083593019704068,55.73514920181355,54.54792674276843,52.36671813014358,53.37758006349498,9.829793063811872,60.0,20.0,80.0,20.0,60.0,0.0,60.0,40.0,107.47165507289075,15.549033631161157,90.16615376849288,2.3087631490802067,68.20924565027539,4.879838035282532,81.75463157054939,34.145275197785594
13.333333333333334,500.0,7.387638858235346,41.06335839119891,26.083593019704068,55.73514920181355,53.37758006349498,9.829793063811872,54.54792674276843,52.36671813014358,60.0,20.0,80.0,20.0,60.0,40.0,60.0,0.0,107.47165507289075,15.549033631161157,90.16615376849288,2.3087631490802067,81.75463157054939,34.145275197785594,68.20924565027539,4.879838035282532
13.333333333333334,500.0,7.387638858235346,41.06335839119891,53.37758006349498,9.829793063811872,54.54792674276843,52.36671813014358,26.083593019704068,55.73514920181355,60.0,20.0,60.0,40.0,60.0,0.0,80.0,20.0,107.47165507289075,15.549033631161157,81.75463157054939,34.145275197785594,68.20924565027539,4.879838035282532,90.16615376849288,2.3087631490802067
13.333333333333334,500.0,7.387638858235346,41.06335839119891,53.37758006349498,9.829793063811872,26.083593019704068,55.73514920181355,54.54792674276843,52.36671813014358,60.0,20.0,60.0,40.0,80.0,20.0,60.0,0.0,107.47165507289075,15.549033631161157,81.75463157054939,34.145275197785594,90.16615376849288,2.3087631490802067,68.20924565027539,4.879838035282532
13.333333333333334,500.0,53.37758006349498,9.829793063811872,54.54792674276843,52.36671813014358,26.083593019704068,55.73514920181355,7.387638858235346,41.06335839119891,60.0,40.0,60.0,0.0,80.0,20.0,60.0,20.0,81.75463157054939,34.145275197785594,68.20924565027539,4.879838035282532,90.16615376849288,2.3087631490802067,107.47165507289075,15.549033631161157
13.333333333333334,500.0,53.37758006349498,9.829793063811872,54.54792674276843,52.36671813014358,7.387638858235346,41.06335839119891,26.083593019704068,55.73514920181355,60.0,40.0,60.0,0.0,60.0,20.0,80.0,20.0,81.75463157054939,34.145275197785594,68.20924565027539,4.879838035282532,107.47165507289075,15.549033631161157,90.16615376849288,2.3087631490802067
13.333333333333334,500.0,53.37758006349498,9.829793063811872,26.083593019704068,55.73514920181355,54.54792674276843,52.36671813014358,7.387638858235346,41.06335839119891,60.0,40.0,80.0,20.0,60.0,0.0,60.0,20.0,81.75463157054939,34.145275197785594,90.16615376849288,2.3087631490802067,68.20924565027539,4.879838035282532,107.47165507289075,15.549033631161157
13.333333333333334,500.0,53.37758006349498,9.829793063811872,26.083593019704068,55.73514920181355,7.387638858235346,41.06335839119891,54.54792674276843,52.36671813014358,60.0,40.0,80.0,20.0,60.0,20.0,60.0,0.0,81.75463157054939,34.145275197785594,90.16615376849288,2.3087631490802067,107.47165507289075,15.549033631161157,68.20924565027539,4.879838035282532
13.333333333333334,500.0,53.37758006349498,9.829793063811872,7.387638858235346,41.06335839119891,54.54792674276843,52.36671813014358,26.083593019704068,55.73514920181355,60.0,40.0,60.0,20.0,60.0,0.0,80.0,20.0,81.75463157054939,34.145275197785594,107.47165507289075,15.549033631161157,68.20924565027539,4.879838035282532,90.16615376849288,2.3087631490802067
13.333333333333334,500.0,53.37758006349498,9.829793063811872,7.387638858235346,41.06335839119891,26.083593019704068,55.73514920181355,54.54792674276843,52.36671813014358,60.0,40.0,60.0,20.0,80.0,20.0,60.0,0.0,81.75463157054939,34.145275197785594,107.47165507289075,15.549033631161157,90.16615376849288,2.3087631490802067,68.20924565027539,4.879838035282532
13.333333333333334,500.0,56.55109035401546,42.16580384118928,1.3107137636651212,1.4520721328146746,25.28609564503224,25.513188285786125,28.47421354476287,46.709608125055446,60.0,0.0,120.0,60.0,120.0,40.0,120.0,0.0,68.68021243220156,15.90684259375434,95.4797745503129,56.15764140480528,116.51012947611808,40.6968155678366,115.20014203033324,9.219279771923524
13.333333333333334,500.0,56.55109035401546,42.16580384118928,28.47421354476287,46.709608125055446,1.3107137636651212,1.4520721328146746,25.28609564503224,25.513188285786125,60.0,0.0,120.0,0.0,120.0,60.0,120.0,40.0,68.68021243220156,15.90684259375434,115.20014203033324,9.219279771923524,95.4797745503129,56.15764140480528,116.51012947611808,40.6968155678366
13.333333333333334,500.0,56.55109035401546,42.16580384118928,28.47421354476287,46.709608125055446,25.28609564503224,25.513188285786125,1.3107137636651212,1.4520721328146746,60.0,0.0,120.0,0.0,120.0,40.0,120.0,60.0,68.68021243220156,15.90684259375434,115.20014203033324,9.219279771923524,116.51012947611808,40.6968155678366,95.4797745503129,56.15764140480528
13.333333333333334,500.0,56.55109035401546,42.16580384118928,25.28609564503224,25.513188285786125,1.3107137636651212,1.4520721328146746,28.47421354476287,46.709608125055446,60.0,0.0,120.0,40.0,120.0,60.0,120.0,0.0,68.68021243220156,15.90684259375434,116.51012947611808,40.6968155678366,95.4797745503129,56.15764140480528,115.20014203033324,9.219279771923524
13.333333333333334,500.0,56.55109035401546,42.16580384118928,25.28609564503224,25.513188285786125,28.47421354476287,46.709608125055446,1.3107137636651212,1.4520721328146746,60.0,0.0,120.0,40.0,120.0,0.0,120.0,60.0,68.68021243220156,15.90684259375434,116.51012947611808,40.6968155678366,115.20014203033324,9.219279771923524,95.4797745503129,56.15764140480528
13.333333333333334,500.0,1.3107137636651212,1.4520721328146746,56.55109035401546,42.16580384118928,28.47421354476287,46.709608125055446,25.28609564503224,25.513188285786125,120.0,60.0,60.0,0.0,120.0,0.0,120.0,40.0,95.4797745503129,56.15764140480528,68.68021243220156,15.90684259375434,115.20014203033324,9.219279771923524,116.51012947611808,40.6968155678366
13.333333333333334,500.0,1.3107137636651212,1.4520721328146746,56.55109035401546,42.16580384118928,25.28609564503224,25.513188285786125,28.47421354476287,46.709608125055446,120.0,60.0,60.0,0.0,120.0,40.0,120.0,0.0,95.4797745503129,56.15764140480528,68.68021243220156,15.90684259375434,116.51012947611808,40.6968155678366,115.20014203033324,9.219279771923524
13.333333333333334,500.0,1.3107137636651212,1.4520721328146746,28.47421354476287,46.709608125055446,56.55109035401546,42.16580384118928,25.28609564503224,25.513188285786125,120.0,60.0,120.0,0.0,60.0,0.0,120.0,40.0,95.4797745503129,56.15764140480528,115.20014203033324,9.219279771923524,68.68021243220156,15.90684259375434,116.51012947611808,40.6968155678366
13.333333333333334,500.0,1.3107137636651212,1.4520721328146746,28.47421354476287,46.709608125055446,25.28609564503224,25.513188285786125,56.55109035401546,42.16580384118928,120.0,60.0,120.0,0.0,120.0,40.0,60.0,0.0,95.4797745503129,56.15764140480528,115.20014203033324,9.219279771923524,116.51012947611808,40.6968155678366,68.68021243220156,15.90684259375434
13.333333333333334,500.0,1.3107137636651212,1.4520721328146746,25.28609564503224,25.513188285786125,56.55109035401546,42.16580384118928,28.47421354476287,46.709608125055446,120.0,60.0,120.0,40.0,60.0,0.0,120.0,0.0,95.4797745503129,56.15764140480528,116.51012947611808,40.6968155678366,68.68021243220156,15.90684259375434,115.20014203033324,9.219279771923524
13.333333333333334,500.0,1.3107137636651212,1.4520721328146746,25.28609564503224,25.513188285786125,28.47421354476287,46.709608125055446,56.55109035401546,42.16580384118928,120.0,60.0,120.0,40.0,120.0,0.0,60.0,0.0,95.4797745503129,56.15764140480528,116.51012947611808,40.6968155678366,115.20014203033324,9.219279771923524,68.68021243220156,15.90684259375434
13.333333333333334,500.0,28.47421354476287,46.709608125055446,56.55109035401546,42.16580384118928,1.3107137636651212,1.4520721328146746,25.28609564503224,25.513188285786125,120.0,0.0,60.0,0.0,120.0,60.0,120.0,40.0,115.20014203033324,9.219279771923524,68.68021243220156,15.90684259375434,95.4797745503129,56.15764140480528,116.51012947611808,40.6968155678366
13.333333333333334,500.0,28.47421354476287,46.709608125055446,56.55109035401546,42.16580384118928,25.28609564503224,25.513188285786125,1.3107137636651212,1.4520721328146746,120.0,0.0,60.0,0.0,120.0,40.0,120.0,60.0,115.20014203033324,9.219279771923524,68.68021243220156,15.90684259375434,116.51012947611808,40.6968155678366,95.4797745503129,56.15764140480528
13.333333333333334,500.0,28.47421354476287,46.709608125055446,1.3107137636651212,1.4520721328146746,56.55109035401546,42.16580384118928,25.28609564503224,25.513188285786125,120.0,0.0,120.0,60.0,60.0,0.0,120.0,40.0,115.20014203033324,9.219279771923524,95.4797745503129,56.15764140480528,68.68021243220156,15.90684259375434,116.51012947611808,40.6968155678366
13.333333333333334,500.0,28.47421354476287,46.709608125055446,1.3107137636651212,1.4520721328146746,25.28609564503224,25.513188285786125,56.55109035401546,42.16580384118928,120.0,0.0,120.0,60.0,120.0,40.0,60.0,0.0,115.20014203033324,9.219279771923524,95.4797745503129,56.15764140480528,116.51012947611808,40.6968155678366,68.68021243220156,15.90684259375434
13.333333333333334,500.0,28.47421354476287,46.709608125055446,25.28609564503224,25.513188285786125,56.55109035401546,42.16580384118928,1.3107137636651212,1.4520721328146746,120.0,0.0,120.0,40.0,60.0,0.0,120.0,60.0,115.20014203033324,9.219279771923524,116.51012947611808,40.6968155678366,68.68021243220156,15.90684259375434,95.4797745503129,56.15764140480528
13.333333333333334,500.0,28.47421354476287,46.709608125055446,25.28609564503224,25.513188285786125,1.3107137636651212,1.4520721328146746,56.55109035401546,42.16580384118928,120.0,0.0,120.0,40.0,120.0,60.0,60.0,0.0,115.20014203033324,9.219279771923524,116.51012947611808,40.6968155678366,95.4797745503129,56.15764140480528,68.68021243220156,15.90684259375434
13.333333333333334,500.0,25.28609564503224,25.513188285786125,56.55109035401546,42.16580384118928,1.3107137636651212,1.4520721328146746,28.47421354476287,46.709608125055446,120.0,40.0,60.0,0.0,120.0,60.0,120.0,0.0,116.51012947611808,40.6968155678366,68.68021243220156,15.90684259375434,95.4797745503129,56.15764140480528,115.20014203033324,9.219279771923524
13.333333333333334,500.0,25.28609564503224,25.513188285786125,56.55109035401546,42.16580384118928,28.47421354476287,46.709608125055446,1.3107137636651212,1.4520721328146746,120.0,40.0,60.0,0.0,120.0,0.0,120.0,60.0,116.51012947611808,40.6968155678366,68.68021243220156,15.90684259375434,115.20014203033324,9.219279771923524,95.4797745503129,56.15764140480528
13.333333333333334,500.0,25.28609564503224,25.513188285786125,1.3107137636651212,1.4520721328146746,56.55109035401546,42.16580384118928,28.47421354476287,46.709608125055446,120.0,40.0,120.0,60.0,60.0,0.0,120.0,0.0,116.51012947611808,40.6968155678366,95.4797745503129,56.15764140480528,68.68021243220156,15.90684259375434,115.20014203033324,9.219279771923524
13.333333333333334,500.0,25.28609564503224,25.513188285786125,1.3107137636651212,1.4520721328146746,28.47421354476287,46.709608125055446,56.55109035401546,42.16580384118928,120.0,40.0,120.0,60.0,120.0,0.0,60.0,0.0,116.51012947611808,40.6968155678366,95.4797745503129,56.15764140480528,115.20014203033324,9.219279771923524,68.68021243220156,15.90684259375434
13.333333333333334,500.0,25.28609564503224,25.513188285786125,28.47421354476287,46.709608125055446,56.55109035401546,42.16580384118928,1.3107137636651212,1.4520721328146746,120.0,40.0,120.0,0.0,60.0,0.0,120.0,60.0,116.51012947611808,40.6968155678366,115.20014203033324,9.219279771923524,68.68021243220156,15.90684259375434,95.4797745503129,56.15764140480528
13.333333333333334,500.0,25.28609564503224,25.513188285786125,28.47421354476287,46.709608125055446,1.3107137636651212,1.4520721328146746,56.55109035401546,42.16580384118928,120.0,40.0,120.0,0.0,120.0,60.0,60.0,0.0,116.51012947611808,40.6968155678366,115.20014203033324,9.219279771923524,95.4797745503129,56.15764140480528,68.68021243220156,15.90684259375434
13.333333333333334,500.0,26.29761949961138,10.622057669513667,8.159263100887744,35.044372623225776,51.436652017042434,17.332232140959412,56.50747002159251,44.56407627355854,120.0,60.0,100.0,20.0,60.0,60.0,60.0,20.0,112.07020438449776,51.9676207339726,118.51781688338627,15.185217073317666,75.69705975547383,41.85079490474815,63.77933149586811,2.50385486584166
13.333333333333334,500.0,26.29761949961138,10.622057669513667,56.50747002159251,44.56407627355854,8.159263100887744,35.044372623225776,51.436652017042434,17.332232140959412,120.0,60.0,60.0,20.0,100.0,20.0,60.0,60.0,112.07020438449776,51.9676207339726,63.77933149586811,2.50385486584166,118.51781688338627,15.185217073317666,75.69705975547383,41.85079490474815
13.333333333333334,500.0,26.29761949961138,10.622057669513667,56.50747002159251,44.56407627355854,51.436652017042434,17.332232140959412,8.159263100887744,35.044372623225776,120.0,60.0,60.0,20.0,60.0,60.0,100.0,20.0,112.07020438449776,51.9676207339726,63.77933149586811,2.50385486584166,75.69705975547383,41.85079490474815,118.51781688338627,15.185217073317666
13.333333333333334,500.0,26.29761949961138,10.622057669513667,51.436652017042434,17.332232140959412,8.159263100887744,35.044372623225776,56.50747002159251,44.56407627355854,120.0,60.0,60.0,60.0,100.0,20.0,60.0,20.0,112.07020438449776,51.9676207339726,75.69705975547383,41.85079490474815,118.51781688338627,15.185217073317666,63.77933149586811,2.50385486584166
13.333333333333334,500.0,26.29761949961138,10.622057669513667,51.436652017042434,17.332232140959412,56.50747002159251,44.56407627355854,8.159263100887744,35.044372623225776,120.0,60.0,60.0,60.0,60.0,20.0,100.0,20.0,112.07020438449776,51.9676207339726,75.69705975547383,41.85079490474815,63.77933149586811,2.50385486584166,118.51781688338627,15.185217073317666
13.333333333333334,500.0,8.159263100887744,35.044372623225776,26.29761949961138,10.622057669513667,56.50747002159251,44.56407627355854,51.436652017042434,17.332232140959412,100.0,20.0,120.0,60.0,60.0,20.0,60.0,60.0,118.51781688338627,15.185217073317666,112.07020438449776,51.9676207339726,63.77933149586811,2.50385486584166,75.69705975547383,41.85079490474815
13.333333333333334,500.0,8.159263100887744,35.044372623225776,26.29761949961138,10.622057669513667,51.436652017042434,17.332232140959412,56.50747002159251,44.56407627355854,100.0,20.0,120.0,60.0,60.0,60.0,60.0,20.0,118.51781688338627,15.185217073317666,112.07020438449776,51.9676207339726,75.69705975547383,41.85079490474815,63.77933149586811,2.50385486584166
13.333333333333334,500.0,8.159263100887744,35.044372623225776,56.50747002159251,44.56407627355854,26.29761949961138,10.622057669513667,51.436652017042434,17.332232140959412,100.0,20.0,60.0,20.0,120.0,60.0,60.0,60.0,118.51781688338627,15.185217073317666,63.77933149586811,2.50385486584166,112.07020438449776,51.9676207339726,75.69705975547383,41.85079490474815
13.333333333333334,500.0,8.159263100887744,35.044372623225776,56.50747002159251,44.56407627355854,51.436652017042434,17.332232140959412,26.29761949961138,10.622057669513667,100.0,20.0,60.0,20.0,60.0,60.0,120.0,60.0,118.51781688338627,15.185217073317666,63.77933149586811,2.50385486584166,75.69705975547383,41.85079490474815,112.07020438449776,51.9676207339726
13.333333333333334,500.0,8.159263100887744,35.044372623225776,51.436652017042434,17.332232140959412,26.29761949961138,10.622057669513667,56.50747002159251,44.56407627355854,100.0,20.0,60.0,60.0,120.0,60.0,60.0,20.0,118.51781688338627,15.185217073317666,75.69705975547383,41.85079490474815,112.07020438449776,51.9676207339726,63.77933149586811,2.50385486584166
13.333333333333334,500.0,8.159263100887744,35.044372623225776,51.436652017042434,17.332232140959412,56.50747002159251,44.56407627355854,26.29761949961138,10.622057669513667,100.0,20.0,60.0,60.0,60.0,20.0,120.0,60.0,118.51781688338627,15.185217073317666,75.69705975547383,41.85079490474815,63.77933149586811,2.50385486584166,112.07020438449776,51.9676207339726
13.333333333333334,500.0,56.50747002159251,44.56407627355854,26.29761949961138,10.622057669513667,8.159263100887744,35.044372623225776,51.436652017042434,17.332232140959412,60.0,20.0,120.0,60.0,100.0,20.0,60.0,60.0,63.77933149586811,2.50385486584166,112.07020438449776,51.9676207339726,118.51781688338627,15.185217073317666,75.69705975547383,41.85079490474815
13.333333333333334,500.0,56.50747002159251,44.56407627355854,26.29761949961138,10.622057669513667,51.436652017042434,17.332232140959412,8.159263100887744,35.044372623225776,60.0,20.0,120.0,60.0,60.0,60.0,100.0,20.0,63.77933149586811,2.50385486584166,112.07020438449776,51.9676207339726,75.69705975547383,41.85079490474815,118.51781688338627,15.185217073317666
13.333333333333334,500.0,56.50747002159251,44.56407627355854,8.159263100887744,35.044372623225776,26.29761949961138,10.622057669513667,51.436652017042434,17.332232140959412,60.0,20.0,100.0,20.0,120.0,60.0,60.0,60.0,63.77933149586811,2.50385486584166,118.51781688338627,15.185217073317666,112.07020438449776,51.9676207339726,75.69705975547383,41.85079490474815
13.333333333333334,500.0,56.50747002159251,44.56407627355854,8.159263100887744,35.044372623225776,51.436652017042434,17.332232140959412,26.29761949961138,10.622057669513667,60.0,20.0,100.0,20.0,60.0,60.0,120.0,60.0,63.77933149586811,2.50385486584166,118.51781688338627,15.185217073317666,75.69705975547383,41.85079490474815,112.07020438449776,51.9676207339726
13.333333333333334,500.0,56.50747002159251,44.56407627355854,51.436652017042434,17.332232140959412,26.29761949961138,10.622057669513667,8.159263100887744,35.044372623225776,60.0,20.0,60.0,60.0,120.0,60.0,100.0,20.0,63.77933149586811,2.50385486584166,75.69705975547383,41.85079490474815,112.07020438449776,51.9676207339726,118.51781688338627,15.185217073317666
13.333333333333334,500.0,56.50747002159251,44.56407627355854,51.436652017042434,17.332232140959412,8.159263100887744,35.044372623225776,26.29761949961138,10.622057669513667,60.0,20.0,60.0,60.0,100.0,20.0,120.0,60.0,63.77933149586811,2.50385486584166,75.69705975547383,41.85079490474815,118.51781688338627,15.185217073317666,112.07020438449776,51.9676207339726
13.333333333333334,500.0,51.436652017042434,17.332232140959412,26.29761949961138,10.622057669513667,8.159263100887744,35.044372623225776,56.50747002159251,44.56407627355854,60.0,60.0,120.0,60.0,100.0,20.0,60.0,20.0,75.69705975547383,41.85079490474815,112.07020438449776,51.9676207339726,118.51781688338627,15.185217073317666,63.77933149586811,2.50385486584166
13.333333333333334,500.0,51.436652017042434,17.332232140959412,26.29761949961138,10.622057669513667,56.50747002159251,44.56407627355854,8.159263100887744,35.044372623225776,60.0,60.0,120.0,60.0,60.0,20.0,100.0,20.0,75.69705975547383,41.85079490474815,112.07020438449776,51.9676207339726,63.77933149586811,2.50385486584166,118.51781688338627,15.185217073317666
13.333333333333334,500.0,51.436652017042434,17.332232140959412,8.159263100887744,35.044372623225776,26.29761949961138,10.622057669513667,56.50747002159251,44.56407627355854,60.0,60.0,100.0,20.0,120.0,60.0,60.0,20.0,75.69705975547383,41.85079490474815,118.51781688338627,15.185217073317666,112.07020438449776,51.9676207339726,63.77933149586811,2.50385486584166
13.333333333333334,500.0,51.436652017042434,17.332232140959412,8.159263100887744,35.044372623225776,56.50747002159251,44.56407627355854,26.29761949961138,10.622057669513667,60.0,60.0,100.0,20.0,60.0,20.0,120.0,60.0,75.69705975547383,41.85079490474815,118.51781688338627,15.185217073317666,63.77933149586811,2.50385486584166,112.07020438449776,51.9676207339726
13.333333333333334,500.0,51.436652017042434,17.332232140959412,56.50747002159251,44.56407627355854,26.29761949961138,10.622057669513667,8.159263100887744,35.044372623225776,60.0,60.0,60.0,20.0,120.0,60.0,100.0,20.0,75.69705975547383,41.85079490474815,63.77933149586811,2.50385486584166,112.07020438449776,51.9676207339726,118.51781688338627,15.185217073317666
13.333333333333334,500.0,51.436652017042434,17.332232140959412,56.50747002159251,44.56407627355854,8.159263100887744,35.044372623225776,26.29761949961138,10.622057669513667,60.0,60.0,60.0,20.0,100.0,20.0,120.0,60.0,75.69705975547383,41.85079490474815,63.77933149586811,2.50385486584166,118.51781688338627,15.185217073317666,112.07020438449776,51.9676207339726
13.333333333333334,500.0,25.588670881418164,38.09203944321389,3.4764116466160577,46.7646209904263,19.04502096122945,3.7262675310507687,51.89543429029944,57.23531273787504,120.0,0.0,80.0,20.0,120.0,60.0,80.0,0.0,94.07313226439716,24.35449079816001,115.63337885280436,20.06710115071237,97.21422855094865,49.48816769397064,72.87184947365239,13.50284538518489
13.333333333333334,500.0,25.588670881418164,38.09203944321389,51.89543429029944,57.23531273787504,3.4764116466160577,46.7646209904263,19.04502096122945,3.7262675310507687,120.0,0.0,80.0,0.0,80.0,20.0,120.0,60.0,94.07313226439716,24.35449079816001,72.87184947365239,13.50284538518489,115.63337885280436,20.06710115071237,97.21422855094865,49.48816769397064
13.333333333333334,500.0,25.588670881418164,38.09203944321389,51.89543429029944,57.23531273787504,19.04502096122945,3.7262675310507687,3.4764116466160577,46.7646209904263,120.0,0.0,80.0,0.0,120.0,60.0,80.0,20.0,94.07313226439716,24.35449079816001,72.87184947365239,13.50284538518489,97.21422855094865,49.48816769397064,115.63337885280436,20.06710115071237
13.333333333333334,500.0,25.588670881418164,38.09203944321389,19.04502096122945,3.7262675310507687,3.4764116466160577,46.7646209904263,51.89543429029944,57.23531273787504,120.0,0.0,120.0,60.0,80.0,20.0,80.0,0.0,94.07313226439716,24.35449079816001,97.21422855094865,49.48816769397064,115.63337885280436,20.06710115071237,72.87184947365239,13.50284538518489
13.333333333333334,500.0,25.588670881418164,38.09203944321389,19.04502096122945,3.7262675310507687,51.89543429029944,57.23531273787504,3.4764116466160577,46.7646209904263,120.0,0.0,120.0,60.0,80.0,0.0,80.0,20.0,94.07313226439716,24.35449079816001,97.21422855094865,49.48816769397064,72.87184947365239,13.50284538518489,115.63337885280436,20.06710115071237
13.333333333333334,500.0,3.4764116466160577,46.7646209904263,25.588670881418164,38.09203944321389,51.89543429029944,57.23531273787504,19.04502096122945,3.7262675310507687,80.0,20.0,120.0,0.0,80.0,0.0,120.0,60.0,115.63337885280436,20.06710115071237,94.07313226439716,24.35449079816001,72.87184947365239,13.50284538518489,97.21422855094865,49.48816769397064
13.333333333333334,500.0,3.4764116466160577,46.7646209904263,25.588670881418164,38.09203944321389,19.04502096122945,3.7262675310507687,51.89543429029944,57.23531273787504,80.0,20.0,120.0,0.0,120.0,60.0,80.0,0.0,115.63337885280436,20.06710115071237,94.07313226439716,24.35449079816001,97.21422855094865,49.48816769397064,72.87184947365239,13.50284538518489
13.333333333333334,500.0,3.4764116466160577,46.7646209904263,51.89543429029944,57.23531273787504,25.588670881418164,38.09203944321389,19.04502096122945,3.7262675310507687,80.0,20.0,80.0,0.0,120.0,0.0,120.0,60.0,115.63337885280436,20.06710115071237,72.87184947365239,13.50284538518489,94.07313226439716,24.35449079816001,97.21422855094865,49.48816769397064
13.333333333333334,500.0,3.4764116466160577,46.7646209904263,51.89543429029944,57.23531273787504,19.04502096122945,3.7262675310507687,25.588670881418164,38.09203944321389,80.0,20.0,80.0,0.0,120.0,60.0,120.0,0.0,115.63337885280436,20.06710115071237,72.87184947365239,13.50284538518489,97.21422855094865,49.48816769397064,94.07313226439716,24.35449079816001
13.333333333333334,500.0,3.4764116466160577,46.7646209904263,19.04502096122945,3.7262675310507687,25.588670881418164,38.09203944321389,51.89543429029944,57.23531273787504,80.0,20.0,120.0,60.0,120.0,0.0,80.0,0.0,115.63337885280436,20.06710115071237,97.21422855094865,49.48816769397064,94.07313226439716,24.35449079816001,72.87184947365239,13.50284538518489
13.333333333333334,500.0,3.4764116466160577,46.7646209904263,19.04502096122945,3.7262675310507687,51.89543429029944,57.23531273787504,25.588670881418164,38.09203944321389,80.0,20.0,120.0,60.0,80.0,0.0,120.0,0.0,115.63337885280436,20.06710115071237,97.21422855094865,49.48816769397064,72.87184947365239,13.50284538518489,94.07313226439716,24.35449079816001
13.333333333333334,500.0,51.89543429029944,57.23531273787504,25.588670881418164,38.09203944321389,3.4764116466160577,46.7646209904263,19.04502096122945,3.7262675310507687,80.0,0.0,120.0,0.0,80.0,20.0,120.0,60.0,72.87184947365239,13.50284538518489,94.07313226439716,24.35449079816001,115.63337885280436,20.06710115071237,97.21422855094865,49.48816769397064
13.333333333333334,500.0,51.89543429029944,57.23531273787504,25.588670881418164,38.09203944321389,19.04502096122945,3.7262675310507687,3.4764116466160577,46.7646209904263,80.0,0.0,120.0,0.0,120.0,60.0,80.0,20.0,72.87184947365239,13.50284538518489,94.07313226439716,24.35449079816001,97.21422855094865,49.48816769397064,115.63337885280436,20.06710115071237
13.333333333333334,500.0,51.89543429029944,57.23531273787504,3.4764116466160577,46.7646209904263,25.588670881418164,38.09203944321389,19.04502096122945,3.7262675310507687,80.0,0.0,80.0,20.0,120.0,0.0,120.0,60.0,72.87184947365239,13.50284538518489,115.63337885280436,20.06710115071237,94.07313226439716,24.35449079816001,97.21422855094865,49.48816769397064
13.333333333333334,500.0,51.89543429029944,57.23531273787504,3.4764116466160577,46.7646209904263,19.04502096122945,3.7262675310507687,25.588670881418164,38.09203944321389,80.0,0.0,80.0,20.0,120.0,60.0,120.0,0.0,72.87184947365239,13.50284538518489,115.63337885280436,20.06710115071237,97.21422855094865,49.48816769397064,94.07313226439716,24.35449079816001
13.333333333333334,500.0,51.89543429029944,57.23531273787504,19.04502096122945,3.7262675310507687,25.588670881418164,38.09203944321389,3.4764116466160577,46.7646209904263,80.0,0.0,120.0,60.0,120.0,0.0,80.0,20.0,72.87184947365239,13.50284538518489,97.21422855094865,49.48816769397064,94.07313226439716,24.35449079816001,115.63337885280436,20.06710115071237
13.333333333333334,500.0,51.89543429029944,57.23531273787504,19.04502096122945,3.7262675310507687,3.4764116466160577,46.7646209904263,25.588670881418164,38.09203944321389,80.0,0.0,120.0,60.0,80.0,20.0,120.0,0.0,72.87184947365239,13.50284538518489,97.21422855094865,49.48816769397064,115.63337885280436,20.06710115071237,94.07313226439716,24.35449079816001
13.333333333333334,500.0,19.04502096122945,3.7262675310507687,25.588670881418164,38.09203944321389,3.4764116466160577,46.7646209904263,51.89543429029944,57.23531273787504,120.0,60.0,120.0,0.0,80.0,20.0,80.0,0.0,97.21422855094865,49.48816769397064,94.07313226439716,24.35449079816001,115.63337885280436,20.06710115071237,72.87184947365239,13.50284538518489
13.333333333333334,500.0,19.04502096122945,3.7262675310507687,25.588670881418164,38.09203944321389,51.89543429029944,57.23531273787504,3.4764116466160577,46.7646209904263,120.0,60.0,120.0,0.0,80.0,0.0,80.0,20.0,97.21422855094865,49.48816769397064,94.07313226439716,24.35449079816001,72.87184947365239,13.50284538518489,115.63337885280436,20.06710115071237
13.333333333333334,500.0,19.04502096122945,3.7262675310507687,3.4764116466160577,46.7646209904263,25.588670881418164,38.09203944321389,51.89543429029944,57.23531273787504,120.0,60.0,80.0,20.0,120.0,0.0,80.0,0.0,97.21422855094865,49.48816769397064,115.63337885280436,20.06710115071237,94.07313226439716,24.35449079816001,72.87184947365239,13.50284538518489
13.333333333333334,500.0,19.04502096122945,3.7262675310507687,3.4764116466160577,46.7646209904263,51.89543429029944,57.23531273787504,25.588670881418164,38.09203944321389,120.0,60.0,80.0,20.0,80.0,0.0,120.0,0.0,97.21422855094865,49.48816769397064,115.63337885280436,20.06710115071237,72.87184947365239,13.50284538518489,94.07313226439716,24.35449079816001
13.333333333333334,500.0,19.04502096122945,3.7262675310507687,51.89543429029944,57.23531273787504,25.588670881418164,38.09203944321389,3.4764116466160577,46.7646209904263,120.0,60.0,80.0,0.0,120.0,0.0,80.0,20.0,97.21422855094865,49.48816769397064,72.87184947365239,13.50284538518489,94.07313226439716,24.35449079816001,115.63337885280436,20.06710115071237
13.333333333333334,500.0,19.04502096122945,3.7262675310507687,51.89543429029944,57.23531273787504,3.4764116466160577,46.7646209904263,25.588670881418164,38.09203944321389,120.0,60.0,80.0,0.0,80.0,20.0,120.0,0.0,97.21422855094865,49.48816769397064,72.87184947365239,13.50284538518489,115.63337885280436,20.06710115071237,94.07313226439716,24.35449079816001
13.333333333333334,500.0,1.2944118027610885,40.88481364879613,50.35445727302164,6.084072657683919,26.24652777410228,16.961404311282003,37.37126712945376,39.609436053519474,120.00000000000001,0.0,60.00000000000001,60.00000000000001,80.0,20.0,60.00000000000001,0.0,96.2762249773769,19.86623247352449,62.54394841569941,43.05154886607152,82.64914402075183,35.112891895695185,60.064651569352975,17.49223648534777
13.333333333333334,500.0,1.2944118027610885,40.88481364879613,37.37126712945376,39.609436053519474,50.35445727302164,6.084072657683919,26.24652777410228,16.961404311282003,120.00000000000001,0.0,60.00000000000001,0.0,60.00000000000001,60.00000000000001,80.0,20.0,96.2762249773769,19.86623247352449,60.064651569352975,17.49223648534777,62.54394841569941,43.05154886607152,82.64914402075183,35.112891895695185
13.333333333333334,500.0,1.2944118027610885,40.88481364879613,37.37126712945376,39.609436053519474,26.24652777410228,16.961404311282003,50.35445727302164,6.084072657683919,120.00000000000001,0.0,60.00000000000001,0.0,80.0,20.0,60.00000000000001,60.00000000000001,96.2762249773769,19.86623247352449,60.064651569352975,17.49223648534777,82.64914402075183,35.112891895695185,62.54394841569941,43.05154886607152
13.333333333333334,500.0,1.2944118027610885,40.88481364879613,26.24652777410228,16.961404311282003,50.35445727302164,6.084072657683919,37.37126712945376,39.609436053519474,120.00000000000001,0.0,80.0,20.0,60.00000000000001,60.00000000000001,60.00000000000001,0.0,96.2762249773769,19.86623247352449,82.64914402075183,35.112891895695185,62.54394841569941,43.05154886607152,60.064651569352975,17.49223648534777
13.333333333333334,500.0,1.2944118027610885,40.88481364879613,26.24652777410228,16.961404311282003,37.37126712945376,39.609436053519474,50.35445727302164,6.084072657683919,120.00000000000001,0.0,80.0,20.0,60.00000000000001,0.0,60.00000000000001,60.00000000000001,96.2762249773769,19.86623247352449,82.64914402075183,35.112891895695185,60.064651569352975,17.49223648534777,62.54394841569941,43.05154886607152
13.333333333333334,500.0,50.35445727302164,6.084072657683919,1.2944118027610885,40.88481364879613,37.37126712945376,39.609436053519474,26.24652777410228,16.961404311282003,60.00000000000001,60.00000000000001,120.00000000000001,0.0,60.00000000000001,0.0,80.0,20.0,62.54394841569941,43.05154886607152,96.2762249773769,19.86623247352449,60.064651569352975,17.49223648534777,82.64914402075183,35.112891895695185
13.333333333333334,500.0,50.35445727302164,6.084072657683919,1.2944118027610885,40.88481364879613,26.24652777410228,16.961404311282003,37.37126712945376,39.609436053519474,60.00000000000001,60.00000000000001,120.00000000000001,0.0,80.0,20.0,60.00000000000001,0.0,62.54394841569941,43.05154886607152,96.2762249773769,19.86623247352449,82.64914402075183,35.112891895695185,60.064651569352975,17.49223648534777
13.333333333333334,500.0,50.35445727302164,6.084072657683919,37.37126712945376,39.609436053519474,1.2944118027610885,40.88481364879613,26.24652777410228,16.961404311282003,60.00000000000001,60.00000000000001,60.00000000000001,0.0,120.00000000000001,0.0,80.0,20.0,62.54394841569941,43.05154886607152,60.064651569352975,17.49223648534777,96.2762249773769,19.86623247352449,82.64914402075183,35.112891895695185
13.333333333333334,500.0,50.35445727302164,6.084072657683919,37.37126712945376,39.609436053519474,26.24652777410228,16.961404311282003,1.2944118027610885,40.88481364879613,60.00000000000001,60.00000000000001,60.00000000000001,0.0,80.0,20.0,120.00000000000001,0.0,62.54394841569941,43.05154886607152,60.064651569352975,17.49223648534777,82.64914402075183,35.112891895695185,96.2762249773769,19.86623247352449
13.333333333333334,500.0,50.35445727302164,6.084072657683919,26.24652777410228,16.961404311282003,1.2944118027610885,40.88481364879613,37.37126712945376,39.609436053519474,60.00000000000001,60.00000000000001,80.0,20.0,120.00000000000001,0.0,60.00000000000001,0.0,62.54394841569941,43.05154886607152,82.64914402075183,35.112891895695185,96.2762249773769,19.86623247352449,60.064651569352975,17.49223648534777
13.333333333333334,500.0,50.35445727302164,6.084072657683919,26.24652777410228,16.961404311282003,37.37126712945376,39.609436053519474,1.2944118027610885,40.88481364879613,60.00000000000001,60.00000000000001,80.0,20.0,60.00000000000001,0.0,120.00000000000001,0.0,62.54394841569941,43.05154886607152,82.64914402075183,35.112891895695185,60.064651569352975,17.49223648534777,96.2762249773769,19.86623247352449
13.333333333333334,500.0,37.37126712945376,39.609436053519474,1.2944118027610885,40.88481364879613,50.35445727302164,6.084072657683919,26.24652777410228,16.961404311282003,60.00000000000001,0.0,120.00000000000001,0.0,60.00000000000001,60.00000000000001,80.0,20.0,60.064651569352975,17.49223648534777,96.2762249773769,19.86623247352449,62.54394841569941,43.05154886607152,82.64914402075183,35.112891895695185
13.333333333333334,500.0,37.37126712945376,39.609436053519474,1.2944118027610885,40.88481364879613,26.24652777410228,16.961404311282003,50.35445727302164,6.084072657683919,60.00000000000001,0.0,120.00000000000001,0.0,80.0,20.0,60.00000000000001,60.00000000000001,60.064651569352975,17.49223648534777,96.2762249773769,19.86623247352449,82.64914402075183,35.112891895695185,62.54394841569941,43.05154886607152
13.333333333333334,500.0,37.37126712945376,39.609436053519474,50.35445727302164,6.084072657683919,1.2944118027610885,40.88481364879613,26.24652777410228,16.961404311282003,60.00000000000001,0.0,60.00000000000001,60.00000000000001,120.00000000000001,0.0,80.0,20.0,60.064651569352975,17.49223648534777,62.54394841569941,43.05154886607152,96.2762249773769,19.86623247352449,82.64914402075183,35.112891895695185
13.333333333333334,500.0,37.37126712945376,39.609436053519474,50.35445727302164,6.084072657683919,26.24652777410228,16.961404311282003,1.2944118027610885,40.88481364879613,60.00000000000001,0.0,60.00000000000001,60.00000000000001,80.0,20.0,120.00000000000001,0.0,60.064651569352975,17.49223648534777,62.54394841569941,43.05154886607152,82.64914402075183,35.112891895695185,96.2762249773769,19.86623247352449
13.333333333333334,500.0,37.37126712945376,39.609436053519474,26.24652777410228,16.961404311282003,1.2944118027610885,40.88481364879613,50.35445727302164,6.084072657683919,60.00000000000001,0.0,80.0,20.0,120.00000000000001,0.0,60.00000000000001,60.00000000000001,60.064651569352975,17.49223648534777,82.64914402075183,35.112891895695185,96.2762249773769,19.86623247352449,62.54394841569941,43.05154886607152
13.333333333333334,500.0,37.37126712945376,39.609436053519474,26.24652777410228,16.961404311282003,50.35445727302164,6.084072657683919,1.2944118027610885,40.88481364879613,60.00000000000001,0.0,80.0,20.0,60.00000000000001,60.00000000000001,120.00000000000001,0.0,60.064651569352975,17.49223648534777,82.64914402075183,35.112891895695185,62.54394841569941,43.05154886607152,96.2762249773769,19.86623247352449
13.333333333333334,500.0,26.24652777410228,16.961404311282003,1.2944118027610885,40.88481364879613,50.35445727302164,6.084072657683919,37.37126712945376,39.609436053519474,80.0,20.0,120.00000000000001,0.0,60.00000000000001,60.00000000000001,60.00000000000001,0.0,82.64914402075183,35.112891895695185,96.2762249773769,19.86623247352449,62.54394841569941,43.05154886607152,60.064651569352975,17.49223648534777
13.333333333333334,500.0,26.24652777410228,16.961404311282003,1.2944118027610885,40.88481364879613,37.37126712945376,39.609436053519474,50.35445727302164,6.084072657683919,80.0,20.0,120.00000000000001,0.0,60.00000000000001,0.0,60.00000000000001,60.00000000000001,82.64914402075183,35.112891895695185,96.2762249773769,19.86623247352449,60.064651569352975,17.49223648534777,62.54394841569941,43.05154886607152
13.333333333333334,500.0,26.24652777410228,16.961404311282003,50.35445727302164,6.084072657683919,1.2944118027610885,40.88481364879613,37.37126712945376,39.609436053519474,80.0,20.0,60.00000000000001,60.00000000000001,120.00000000000001,0.0,60.00000000000001,0.0,82.64914402075183,35.112891895695185,62.54394841569941,43.05154886607152,96.2762249773769,19.86623247352449,60.064651569352975,17.49223648534777
13.333333333333334,500.0,26.24652777410228,16.961404311282003,50.35445727302164,6.084072657683919,37.37126712945376,39.609436053519474,1.2944118027610885,40.88481364879613,80.0,20.0,60.00000000000001,60.00000000000001,60.00000000000001,0.0,120.00000000000001,0.0,82.64914402075183,35.112891895695185,62.54394841569941,43.05154886607152,60.064651569352975,17.49223648534777,96.2762249773769,19.86623247352449
13.333333333333334,500.0,26.24652777410228,16.961404311282003,37.37126712945376,39.609436053519474,1.2944118027610885,40.88481364879613,50.35445727302164,6.084072657683919,80.0,20.0,60.00000000000001,0.0,120.00000000000001,0.0,60.00000000000001,60.00000000000001,82.64914402075183,35.112891895695185,60.064651569352975,17.49223648534777,96.2762249773769,19.86623247352449,62.54394841569941,43.05154886607152
13.333333333333334,500.0,26.24652777410228,16.961404311282003,37.37126712945376,39.609436053519474,50.35445727302164,6.084072657683919,1.2944118027610885,40.88481364879613,80.0,20.0,60.00000000000001,0.0,60.00000000000001,60.00000000000001,120.00000000000001,0.0,82.64914402075183,35.112891895695185,60.064651569352975,17.49223648534777,62.54394841569941,43.05154886607152,96.2762249773769,19.86623247352449
13.333333333333334,500.0,4.986313481924669,28.443465478277947,39.262306054545846,45.08312330904238,58.59750221033434,55.27925142276624,32.20875713361245,6.580401820989456,100.0,40.0,120.00000000000001,0.0,60.00000000000001,0.0,120.00000000000001,60.00000000000001,117.67844173508182,40.470743893412006,93.90292756062016,30.84113979000406,73.27751012915581,24.481940912379063,96.8842226789748,55.89054033560933
13.333333333333334,500.0,4.986313481924669,28.443465478277947,32.20875713361245,6.580401820989456,39.262306054545846,45.08312330904238,58.59750221033434,55.27925142276624,99.99999999999999,40.0,120.00000000000001,60.00000000000001,120.00000000000001,0.0,60.00000000000001,0.0,117.67844173508182,40.470743893412006,96.8842226789748,55.89054033560933,93.90292756062016,30.84113979000406,73.27751012915581,24.481940912379063
13.333333333333334,500.0,4.986313481924669,28.443465478277947,32.20875713361245,6.580401820989456,58.59750221033434,55.27925142276624,39.262306054545846,45.08312330904238,99.99999999999999,40.0,120.00000000000001,60.00000000000001,60.00000000000001,0.0,120.00000000000001,0.0,117.67844173508182,40.470743893412006,96.8842226789748,55.89054033560933,73.27751012915581,24.481940912379063,93.90292756062016,30.84113979000406
13.333333333333334,500.0,4.986313481924669,28.443465478277947,58.59750221033434,55.27925142276624,39.262306054545846,45.08312330904238,32.20875713361245,6.580401820989456,99.99999999999999,40.0,60.00000000000001,0.0,120.00000000000001,0.0,120.00000000000001,60.00000000000001,117.67844173508182,40.470743893412006,73.27751012915581,24.481940912379063,93.90292756062016,30.84113979000406,96.8842226789748,55.89054033560933
13.333333333333334,500.0,4.986313481924669,28.443465478277947,58.59750221033434,55.27925142276624,32.20875713361245,6.580401820989456,39.262306054545846,45.08312330904238,99.99999999999999,40.0,60.00000000000001,0.0,120.00000000000001,60.00000000000001,120.00000000000001,0.0,117.67844173508182,40.470743893412006,73.27751012915581,24.481940912379063,96.8842226789748,55.89054033560933,93.90292756062016,30.84113979000406
13.333333333333334,500.0,39.262306054545846,45.08312330904238,4.986313481924669,28.443465478277947,32.20875713361245,6.580401820989456,58.59750221033434,55.27925142276624,120.00000000000001,0.0,100.0,40.0,120.00000000000001,60.00000000000001,60.00000000000001,0.0,93.90292756062016,30.84113979000406,117.67844173508182,40.470743893412006,96.8842226789748,55.89054033560933,73.27751012915581,24.481940912379063
13.333333333333334,500.0,39.262306054545846,45.08312330904238,4.986313481924669,28.443465478277947,58.59750221033434,55.27925142276624,32.20875713361245,6.580401820989456,120.00000000000001,0.0,100.0,40.0,60.00000000000001,0.0,120.00000000000001,60.00000000000001,93.90292756062016,30.84113979000406,117.67844173508182,40.470743893412006,73.27751012915581,24.481940912379063,96.8842226789748,55.89054033560933
13.333333333333334,500.0,39.262306054545846,45.08312330904238,32.20875713361245,6.580401820989456,4.986313481924669,28.443465478277947,58.59750221033434,55.27925142276624,120.00000000000001,0.0,120.00000000000001,60.00000000000001,100.0,40.0,60.00000000000001,0.0,93.90292756062016,30.84113979000406,96.8842226789748,55.89054033560933,117.67844173508182,40.470743893412006,73.27751012915581,24.481940912379063
13.333333333333334,500.0,39.262306054545846,45.08312330904238,32.20875713361245,6.580401820989456,58.59750221033434,55.27925142276624,4.986313481924669,28.443465478277947,120.00000000000001,0.0,120.00000000000001,60.00000000000001,60.00000000000001,0.0,99.99999999999999,40.0,93.90292756062016,30.84113979000406,96.8842226789748,55.89054033560933,73.27751012915581,24.481940912379063,117.67844173508182,40.470743893412006
13.333333333333334,500.0,39.262306054545846,45.08312330904238,58.59750221033434,55.27925142276624,4.986313481924669,28.443465478277947,32.20875713361245,6.580401820989456,120.00000000000001,0.0,60.00000000000001,0.0,100.0,40.0,120.00000000000001,60.00000000000001,93.90292756062016,30.84113979000406,73.27751012915581,24.481940912379063,117.67844173508182,40.470743893412006,96.8842226789748,55.89054033560933
13.333333333333334,500.0,39.262306054545846,45.08312330904238,58.59750221033434,55.27925142276624,32.20875713361245,6.580401820989456,4.986313481924669,28.443465478277947,120.00000000000001,0.0,60.00000000000001,0.0,120.00000000000001,60.00000000000001,99.99999999999999,40.0,93.90292756062016,30.84113979000406,73.27751012915581,24.481940912379063,96.8842226789748,55.89054033560933,117.67844173508182,40.470743893412006
13.333333333333334,500.0,32.20875713361245,6.580401820989456,4.986313481924669,28.443465478277947,39.262306054545846,45.08312330904238,58.59750221033434,55.27925142276624,120.00000000000001,60.00000000000001,100.0,40.0,120.00000000000001,0.0,60.00000000000001,0.0,96.8842226789748,55.89054033560933,117.67844173508182,40.470743893412006,93.90292756062016,30.84113979000406,73.27751012915581,24.481940912379063
13.333333333333334,500.0,32.20875713361245,6.580401820989456,4.986313481924669,28.443465478277947,58.59750221033434,55.27925142276624,39.262306054545846,45.08312330904238,120.00000000000001,60.00000000000001,99.99999999999999,40.0,60.00000000000001,0.0,120.00000000000001,0.0,96.8842226789748,55.89054033560933,117.67844173508182,40.470743893412006,73.27751012915581,24.481940912379063,93.90292756062016,30.84113979000406
13.333333333333334,500.0,32.20875713361245,6.580401820989456,39.262306054545846,45.08312330904238,4.986313481924669,28.443465478277947,58.59750221033434,55.27925142276624,120.00000000000001,60.00000000000001,120.00000000000001,0.0,100.0,40.0,60.00000000000001,0.0,96.8842226789748,55.89054033560933,93.90292756062016,30.84113979000406,117.67844173508182,40.470743893412006,73.27751012915581,24.481940912379063
13.333333333333334,500.0,32.20875713361245,6.580401820989456,39.262306054545846,45.08312330904238,58.59750221033434,55.27925142276624,4.986313481924669,28.443465478277947,120.00000000000001,60.00000000000001,120.00000000000001,0.0,60.00000000000001,0.0,99.99999999999999,40.0,96.8842226789748,55.89054033560933,93.90292756062016,30.84113979000406,73.27751012915581,24.481940912379063,117.67844173508182,40.470743893412006
13.333333333333334,500.0,32.20875713361245,6.580401820989456,58.59750221033434,55.27925142276624,4.986313481924669,28.443465478277947,39.262306054545846,45.08312330904238,120.00000000000001,60.00000000000001,60.00000000000001,0.0,99.99999999999999,40.0,120.00000000000001,0.0,96.8842226789748,55.89054033560933,73.27751012915581,24.481940912379063,117.67844173508182,40.470743893412006,93.90292756062016,30.84113979000406
13.333333333333334,500.0,32.20875713361245,6.580401820989456,58.59750221033434,55.27925142276624,39.262306054545846,45.08312330904238,4.986313481924669,28.443465478277947,120.00000000000001,60.00000000000001,60.00000000000001,0.0,120.00000000000001,0.0,99.99999999999999,40.0,96.8842226789748,55.89054033560933,73.27751012915581,24.481940912379063,93.90292756062016,30.84113979000406,117.67844173508182,40.470743893412006
13.333333333333334,500.0,58.59750221033434,55.27925142276624,4.986313481924669,28.443465478277947,39.262306054545846,45.08312330904238,32.20875713361245,6.580401820989456,60.00000000000001,0.0,100.0,40.0,120.00000000000001,0.0,120.00000000000001,60.00000000000001,73.27751012915581,24.481940912379063,117.67844173508182,40.470743893412006,93.90292756062016,30.84113979000406,96.8842226789748,55.89054033560933
13.333333333333334,500.0,58.59750221033434,55.27925142276624,4.986313481924669,28.443465478277947,32.20875713361245,6.580401820989456,39.262306054545846,45.08312330904238,60.00000000000001,0.0,99.99999999999999,40.0,120.00000000000001,60.00000000000001,120.00000000000001,0.0,73.27751012915581,24.481940912379063,117.67844173508182,40.470743893412006,96.8842226789748,55.89054033560933,93.90292756062016,30.84113979000406
13.333333333333334,500.0,58.59750221033434,55.27925142276624,39.262306054545846,45.08312330904238,4.986313481924669,28.443465478277947,32.20875713361245,6.580401820989456,60.00000000000001,0.0,120.00000000000001,0.0,100.0,40.0,120.00000000000001,60.00000000000001,73.27751012915581,24.481940912379063,93.90292756062016,30.84113979000406,117.67844173508182,40.470743893412006,96.8842226789748,55.89054033560933
13.333333333333334,500.0,58.59750221033434,55.27925142276624,39.262306054545846,45.08312330904238,32.20875713361245,6.580401820989456,4.986313481924669,28.443465478277947,60.00000000000001,0.0,120.00000000000001,0.0,120.00000000000001,60.00000000000001,99.99999999999999,40.0,73.27751012915581,24.481940912379063,93.90292756062016,30.84113979000406,96.8842226789748,55.89054033560933,117.67844173508182,40.470743893412006
13.333333333333334,500.0,58.59750221033434,55.27925142276624,32.20875713361245,6.580401820989456,4.986313481924669,28.443465478277947,39.262306054545846,45.08312330904238,60.00000000000001,0.0,120.00000000000001,60.00000000000001,99.99999999999999,40.0,120.00000000000001,0.0,73.27751012915581,24.481940912379063,96.8842226789748,55.89054033560933,117.67844173508182,40.470743893412006,93.90292756062016,30.84113979000406
13.333333333333334,500.0,58.59750221033434,55.27925142276624,32.20875713361245,6.580401820989456,39.262306054545846,45.08312330904238,4.986313481924669,28.443465478277947,60.00000000000001,0.0,120.00000000000001,60.00000000000001,120.00000000000001,0.0,99.99999999999999,40.0,73.27751012915581,24.481940912379063,96.8842226789748,55.89054033560933,93.90292756062016,30.84113979000406,117.67844173508182,40.470743893412006
13.333333333333334,500.0,5.211348800272397,8.376148412347781,57.369293262625085,17.95851595357707,36.03274430982172,41.498665211570525,9.102339826940264,33.941225583291185,120.0,60.0,60.0,40.0,60.0,0.0,120.0,0.0,98.26052343884184,38.74889133465392,63.79044313232234,32.26268953919509,60.471626947443866,9.789536250580095,85.88881334510941,21.283270877824386
13.333333333333334,500.0,5.211348800272397,8.376148412347781,9.102339826940264,33.941225583291185,57.369293262625085,17.95851595357707,36.03274430982172,41.498665211570525,120.0,60.0,120.0,0.0,60.0,40.0,60.0,0.0,98.26052343884184,38.74889133465392,85.88881334510941,21.283270877824386,63.79044313232234,32.26268953919509,60.471626947443866,9.789536250580095
13.333333333333334,500.0,5.211348800272397,8.376148412347781,9.102339826940264,33.941225583291185,36.03274430982172,41.498665211570525,57.369293262625085,17.95851595357707,120.0,60.0,120.0,0.0,60.0,0.0,60.0,40.0,98.26052343884184,38.74889133465392,85.88881334510941,21.283270877824386,60.471626947443866,9.789536250580095,63.79044313232234,32.26268953919509
13.333333333333334,500.0,5.211348800272397,8.376148412347781,36.03274430982172,41.498665211570525,57.369293262625085,17.95851595357707,9.102339826940264,33.941225583291185,120.0,60.0,60.0,0.0,60.0,40.0,120.0,0.0,98.26052343884184,38.74889133465392,60.471626947443866,9.789536250580095,63.79044313232234,32.26268953919509,85.88881334510941,21.283270877824386
13.333333333333334,500.0,5.211348800272397,8.376148412347781,36.03274430982172,41.498665211570525,9.102339826940264,33.941225583291185,57.369293262625085,17.95851595357707,119.99999999999999,59.99999999999999,59.99999999999999,0.0,119.99999999999999,0.0,59.99999999999999,40.0,98.26052343884184,38.74889133465392,60.471626947443866,9.789536250580095,85.88881334510941,21.283270877824386,63.79044313232234,32.26268953919509
13.333333333333334,500.0,57.369293262625085,17.95851595357707,5.211348800272397,8.376148412347781,9.102339826940264,33.941225583291185,36.03274430982172,41.498665211570525,60.0,40.0,120.0,60.0,120.0,0.0,60.0,0.0,63.79044313232234,32.26268953919509,98.26052343884184,38.74889133465392,85.88881334510941,21.283270877824386,60.471626947443866,9.789536250580095
13.333333333333334,500.0,57.369293262625085,17.95851595357707,5.211348800272397,8.376148412347781,36.03274430982172,41.498665211570525,9.102339826940264,33.941225583291185,60.0,40.0,120.0,60.0,60.0,0.0,120.0,0.0,63.79044313232234,32.26268953919509,98.26052343884184,38.74889133465392,60.471626947443866,9.789536250580095,85.88881334510941,21.283270877824386
13.333333333333334,500.0,57.369293262625085,17.95851595357707,9.102339826940264,33.941225583291185,5.211348800272397,8.376148412347781,36.03274430982172,41.498665211570525,60.0,40.0,120.0,0.0,120.0,60.0,60.0,0.0,63.79044313232234,32.26268953919509,85.88881334510941,21.283270877824386,98.26052343884184,38.74889133465392,60.471626947443866,9.789536250580095
13.333333333333334,500.0,57.369293262625085,17.95851595357707,9.102339826940264,33.941225583291185,36.03274430982172,41.498665211570525,5.211348800272397,8.376148412347781,60.0,40.0,120.0,0.0,60.0,0.0,120.0,60.0,63.79044313232234,32.26268953919509,85.88881334510941,21.283270877824386,60.471626947443866,9.789536250580095,98.26052343884184,38.74889133465392
13.333333333333334,500.0,57.369293262625085,17.95851595357707,36.03274430982172,41.498665211570525,5.211348800272397,8.376148412347781,9.102339826940264,33.941225583291185,60.0,40.0,60.0,0.0,120.0,60.0,120.0,0.0,63.79044313232234,32.26268953919509,60.471626947443866,9.789536250580095,98.26052343884184,38.74889133465392,85.88881334510941,21.283270877824386
13.333333333333334,500.0,57.369293262625085,17.95851595357707,36.03274430982172,41.498665211570525,9.102339826940264,33.941225583291185,5.211348800272397,8.376148412347781,60.0,40.0,60.0,0.0,120.0,0.0,120.0,60.0,63.79044313232234,32.26268953919509,60.471626947443866,9.789536250580095,85.88881334510941,21.283270877824386,98.26052343884184,38.74889133465392
13.333333333333334,500.0,9.102339826940264,33.941225583291185,5.211348800272397,8.376148412347781,57.369293262625085,17.95851595357707,36.03274430982172,41.498665211570525,120.0,0.0,120.0,60.0,60.0,40.0,60.0,0.0,85.88881334510941,21.283270877824386,98.26052343884184,38.74889133465392,63.79044313232234,32.26268953919509,60.471626947443866,9.789536250580095
13.333333333333334,500.0,9.102339826940264,33.941225583291185,5.211348800272397,8.376148412347781,36.03274430982172,41.498665211570525,57.369293262625085,17.95851595357707,120.0,0.0,120.0,60.0,60.0,0.0,60.0,40.0,85.88881334510941,21.283270877824386,98.26052343884184,38.74889133465392,60.471626947443866,9.789536250580095,63.79044313232234,32.26268953919509
13.333333333333334,500.0,9.102339826940264,33.941225583291185,57.369293262625085,17.95851595357707,5.211348800272397,8.376148412347781,36.03274430982172,41.498665211570525,120.0,0.0,60.0,40.0,120.0,60.0,60.0,0.0,85.88881334510941,21.283270877824386,63.79044313232234,32.26268953919509,98.26052343884184,38.74889133465392,60.471626947443866,9.789536250580095
13.333333333333334,500.0,9.102339826940264,33.941225583291185,57.369293262625085,17.95851595357707,36.03274430982172,41.498665211570525,5.211348800272397,8.376148412347781,120.0,0.0,60.0,40.0,60.0,0.0,120.0,60.0,85.88881334510941,21.283270877824386,63.79044313232234,32.26268953919509,60.471626947443866,9.789536250580095,98.26052343884184,38.74889133465392
13.333333333333334,500.0,9.102339826940264,33.941225583291185,36.03274430982172,41.498665211570525,5.211348800272397,8.376148412347781,57.369293262625085,17.95851595357707,120.0,0.0,60.0,0.0,120.0,60.0,60.0,40.0,85.88881334510941,21.283270877824386,60.471626947443866,9.789536250580095,98.26052343884184,38.74889133465392,63.79044313232234,32.26268953919509
13.333333333333334,500.0,9.102339826940264,33.941225583291185,36.03274430982172,41.498665211570525,57.369293262625085,17.95851595357707,5.211348800272397,8.376148412347781,120.0,0.0,60.0,0.0,60.0,40.0,120.0,60.0,85.88881334510941,21.283270877824386,60.471626947443866,9.789536250580095,63.79044313232234,32.26268953919509,98.26052343884184,38.74889133465392
13.333333333333334,500.0,36.03274430982172,41.498665211570525,5.211348800272397,8.376148412347781,57.369293262625085,17.95851595357707,9.102339826940264,33.941225583291185,60.0,0.0,120.0,60.0,60.0,40.0,120.0,0.0,60.471626947443866,9.789536250580095,98.26052343884184,38.74889133465392,63.79044313232234,32.26268953919509,85.88881334510941,21.283270877824386
13.333333333333334,500.0,36.03274430982172,41.498665211570525,5.211348800272397,8.376148412347781,9.102339826940264,33.941225583291185,57.369293262625085,17.95851595357707,60.0,0.0,120.0,60.0,120.0,0.0,60.0,40.0,60.471626947443866,9.789536250580095,98.26052343884184,38.74889133465392,85.88881334510941,21.283270877824386,63.79044313232234,32.26268953919509
13.333333333333334,500.0,36.03274430982172,41.498665211570525,57.369293262625085,17.95851595357707,5.211348800272397,8.376148412347781,9.102339826940264,33.941225583291185,60.0,0.0,60.0,40.0,120.0,60.0,120.0,0.0,60.471626947443866,9.789536250580095,63.79044313232234,32.26268953919509,98.26052343884184,38.74889133465392,85.88881334510941,21.283270877824386
13.333333333333334,500.0,36.03274430982172,41.498665211570525,57.369293262625085,17.95851595357707,9.102339826940264,33.941225583291185,5.211348800272397,8.376148412347781,60.0,0.0,60.0,40.0,120.0,0.0,120.0,60.0,60.471626947443866,9.789536250580095,63.79044313232234,32.26268953919509,85.88881334510941,21.283270877824386,98.26052343884184,38.74889133465392
13.333333333333334,500.0,36.03274430982172,41.498665211570525,9.102339826940264,33.941225583291185,5.211348800272397,8.376148412347781,57.369293262625085,17.95851595357707,60.0,0.0,120.0,0.0,120.0,60.0,60.0,40.0,60.471626947443866,9.789536250580095,85.88881334510941,21.283270877824386,98.26052343884184,38.74889133465392,63.79044313232234,32.26268953919509
13.333333333333334,500.0,36.03274430982172,41.498665211570525,9.102339826940264,33.941225583291185,57.369293262625085,17.95851595357707,5.211348800272397,8.376148412347781,60.0,0.0,120.0,0.0,60.0,40.0,120.0,60.0,60.471626947443866,9.789536250580095,85.88881334510941,21.283270877824386,63.79044313232234,32.26268953919509,98.26052343884184,38.74889133465392
13.333333333333334,500.0,44.34573782095048,36.33570249394532,0.3037399981834165,56.947888135775045,59.54855169804455,1.5227202548656282,20.561475412279616,42.77581139119352,80.0,20.0,100.0,0.0,60.0,40.0,100.0,20.0,82.52575161988297,28.358430112727586,104.20164841348586,13.38939101021235,73.78529730779418,51.96587585714395,117.64609061759862,31.6523280185724
13.333333333333334,500.0,44.34573782095048,36.33570249394532,20.561475412279616,42.77581139119352,0.3037399981834165,56.947888135775045,59.54855169804455,1.5227202548656282,80.0,20.0,100.0,20.0,100.0,0.0,60.0,40.0,82.52575161988297,28.358430112727586,117.64609061759862,31.6523280185724,104.20164841348586,13.38939101021235,73.78529730779418,51.96587585714395
13.333333333333334,500.0,44.34573782095048,36.33570249394532,20.561475412279616,42.77581139119352,59.54855169804455,1.5227202548656282,0.3037399981834165,56.947888135775045,80.0,20.0,100.0,20.0,60.0,40.0,100.0,0.0,82.52575161988297,28.358430112727586,117.64609061759862,31.6523280185724,73.78529730779418,51.96587585714395,104.20164841348586,13.38939101021235
13.333333333333334,500.0,44.34573782095048,36.33570249394532,59.54855169804455,1.5227202548656282,0.3037399981834165,56.947888135775045,20.561475412279616,42.77581139119352,80.0,20.0,60.0,40.0,100.0,0.0,100.0,20.0,82.52575161988297,28.358430112727586,73.78529730779418,51.96587585714395,104.20164841348586,13.38939101021235,117.64609061759862,31.6523280185724
13.333333333333334,500.0,44.34573782095048,36.33570249394532,59.54855169804455,1.5227202548656282,20.561475412279616,42.77581139119352,0.3037399981834165,56.947888135775045,80.0,20.0,60.0,40.0,100.0,20.0,100.0,0.0,82.52575161988297,28.358430112727586,73.78529730779418,51.96587585714395,117.64609061759862,31.6523280185724,104.20164841348586,13.38939101021235
13.333333333333334,500.0,0.3037399981834165,56.947888135775045,44.34573782095048,36.33570249394532,20.561475412279616,42.77581139119352,59.54855169804455,1.5227202548656282,100.0,0.0,80.0,20.0,100.0,20.0,60.0,40.0,104.20164841348586,13.38939101021235,82.52575161988297,28.358430112727586,117.64609061759862,31.6523280185724,73.78529730779418,51.96587585714395
13.333333333333334,500.0,0.3037399981834165,56.947888135775045,44.34573782095048,36.33570249394532,59.54855169804455,1.5227202548656282,20.561475412279616,42.77581139119352,100.0,0.0,80.0,20.0,60.0,40.0,100.0,20.0,104.20164841348586,13.38939101021235,82.52575161988297,28.358430112727586,73.78529730779418,51.96587585714395,117.64609061759862,31.6523280185724
13.333333333333334,500.0,0.3037399981834165,56.947888135775045,20.561475412279616,42.77581139119352,44.34573782095048,36.33570249394532,59.54855169804455,1.5227202548656282,100.0,0.0,100.0,20.0,80.0,20.0,60.0,40.0,104.20164841348586,13.38939101021235,117.64609061759862,31.6523280185724,82.52575161988297,28.358430112727586,73.78529730779418,51.96587585714395
13.333333333333334,500.0,0.3037399981834165,56.947888135775045,20.561475412279616,42.77581139119352,59.54855169804455,1.5227202548656282,44.34573782095048,36.33570249394532,100.0,0.0,100.0,20.0,60.0,40.0,80.0,20.0,104.20164841348586,13.38939101021235,117.64609061759862,31.6523280185724,73.78529730779418,51.96587585714395,82.52575161988297,28.358430112727586
13.333333333333334,500.0,0.3037399981834165,56.947888135775045,59.54855169804455,1.5227202548656282,44.34573782095048,36.33570249394532,20.561475412279616,42.77581139119352,100.0,0.0,60.0,40.0,80.0,20.0,100.0,20.0,104.20164841348586,13.38939101021235,73.78529730779418,51.96587585714395,82.52575161988297,28.358430112727586,117.64609061759862,31.6523280185724
13.333333333333334,500.0,0.3037399981834165,56.947888135775045,59.54855169804455,1.5227202548656282,20.561475412279616,42.77581139119352,44.34573782095048,36.33570249394532,100.0,0.0,60.0,40.0,100.0,20.0,80.0,20.0,104.20164841348586,13.38939101021235,73.78529730779418,51.96587585714395,117.64609061759862,31.6523280185724,82.52575161988297,28.358430112727586
13.333333333333334,500.0,20.561475412279616,42.77581139119352,44.34573782095048,36.33570249394532,0.3037399981834165,56.947888135775045,59.54855169804455,1.5227202548656282,100.0,20.0,80.0,20.0,100.0,0.0,60.0,40.0,117.64609061759862,31.6523280185724,82.52575161988297,28.358430112727586,104.20164841348586,13.38939101021235,73.78529730779418,51.96587585714395
13.333333333333334,500.0,20.561475412279616,42.77581139119352,44.34573782095048,36.33570249394532,59.54855169804455,1.5227202548656282,0.3037399981834165,56.947888135775045,100.0,20.0,80.0,20.0,60.0,40.0,100.0,0.0,117.64609061759862,31.6523280185724,82.52575161988297,28.358430112727586,73.78529730779418,51.96587585714395,104.20164841348586,13.38939101021235
13.333333333333334,500.0,20.561475412279616,42.77581139119352,0.3037399981834165,56.947888135775045,44.34573782095048,36.33570249394532,59.54855169804455,1.5227202548656282,100.0,20.0,100.0,0.0,80.0,20.0,60.0,40.0,117.64609061759862,31.6523280185724,104.20164841348586,13.38939101021235,82.52575161988297,28.358430112727586,73.78529730779418,51.96587585714395
13.333333333333334,500.0,20.561475412279616,42.77581139119352,0.3037399981834165,56.947888135775045,59.54855169804455,1.5227202548656282,44.34573782095048,36.33570249394532,100.0,20.0,100.0,0.0,60.0,40.0,80.0,20.0,117.64609061759862,31.6523280185724,104.20164841348586,13.38939101021235,73.78529730779418,51.96587585714395,82.52575161988297,28.358430112727586
13.333333333333334,500.0,20.561475412279616,42.77581139119352,59.54855169804455,1.5227202548656282,44.34573782095048,36.33570249394532,0.3037399981834165,56.947888135775045,100.0,20.0,60.0,40.0,80.0,20.0,100.0,0.0,117.64609061759862,31.6523280185724,73.78529730779418,51.96587585714395,82.52575161988297,28.358430112727586,104.20164841348586,13.38939101021235
13.333333333333334,500.0,20.561475412279616,42.77581139119352,59.54855169804455,1.5227202548656282,0.3037399981834165,56.947888135775045,44.34573782095048,36.33570249394532,100.0,20.0,60.0,40.0,100.0,0.0,80.0,20.0,117.64609061759862,31.6523280185724,73.78529730779418,51.96587585714395,104.20164841348586,13.38939101021235,82.52575161988297,28.358430112727586
13.333333333333334,500.0,59.54855169804455,1.5227202548656282,44.34573782095048,36.33570249394532,0.3037399981834165,56.947888135775045,20.561475412279616,42.77581139119352,60.0,40.0,80.0,20.0,100.0,0.0,100.0,20.0,73.78529730779418,51.96587585714395,82.52575161988297,28.358430112727586,104.20164841348586,13.38939101021235,117.64609061759862,31.6523280185724
13.333333333333334,500.0,59.54855169804455,1.5227202548656282,44.34573782095048,36.33570249394532,20.561475412279616,42.77581139119352,0.3037399981834165,56.947888135775045,60.0,40.0,80.0,20.0,100.0,20.0,100.0,0.0,73.78529730779418,51.96587585714395,82.52575161988297,28.358430112727586,117.64609061759862,31.6523280185724,104.20164841348586,13.38939101021235
13.333333333333334,500.0,59.54855169804455,1.5227202548656282,0.3037399981834165,56.947888135775045,44.34573782095048,36.33570249394532,20.561475412279616,42.77581139119352,60.0,40.0,100.0,0.0,80.0,20.0,100.0,20.0,73.78529730779418,51.96587585714395,104.20164841348586,13.38939101021235,82.52575161988297,28.358430112727586,117.64609061759862,31.6523280185724
13.333333333333334,500.0,59.54855169804455,1.5227202548656282,0.3037399981834165,56.947888135775045,20.561475412279616,42.77581139119352,44.34573782095048,36.33570249394532,60.0,40.0,100.0,0.0,100.0,20.0,80.0,20.0,73.78529730779418,51.96587585714395,104.20164841348586,13.38939101021235,117.64609061759862,31.6523280185724,82.52575161988297,28.358430112727586
13.333333333333334,500.0,59.54855169804455,1.5227202548656282,20.561475412279616,42.77581139119352,44.34573782095048,36.33570249394532,0.3037399981834165,56.947888135775045,60.0,40.0,100.0,20.0,80.0,20.0,100.0,0.0,73.78529730779418,51.96587585714395,117.64609061759862,31.6523280185724,82.52575161988297,28.358430112727586,104.20164841348586,13.38939101021235
13.333333333333334,500.0,59.54855169804455,1.5227202548656282,20.561475412279616,42.77581139119352,0.3037399981834165,56.947888135775045,44.34573782095048,36.33570249394532,60.0,40.0,100.0,20.0,100.0,0.0,80.0,20.0,73.78529730779418,51.96587585714395,117.64609061759862,31.6523280185724,104.20164841348586,13.38939101021235,82.52575161988297,28.358430112727586
26.666666666666668,500.0,12.185706071055533,9.871360616351224,38.18921908201288,21.308982164732328,2.5780299027295883,43.858517242007046,58.72518985345108,37.79540027620673,80.0,20.0,100.0,0.0,119.99999999999999,0.0,80.0,0.0,103.20262648167672,50.54764527443841,62.06976954349021,33.36361745207957,115.71287308455814,3.4147121914927467,60.43086095110456,9.876699918448416
26.666666666666668,500.0,12.185706071055533,9.871360616351224,58.72518985345108,37.79540027620673,38.18921908201288,21.308982164732328,2.5780299027295883,43.858517242007046,80.0,20.0,80.0,0.0,100.0,0.0,119.99999999999999,0.0,103.20262648167672,50.54764527443841,60.43086095110456,9.876699918448416,62.06976954349021,33.36361745207957,115.71287308455814,3.4147121914927467
26.666666666666668,500.0,12.185706071055533,9.871360616351224,58.72518985345108,37.79540027620673,2.5780299027295883,43.858517242007046,38.18921908201288,21.308982164732328,80.0,20.0,80.0,0.0,119.99999999999999,0.0,100.0,0.0,103.20262648167672,50.54764527443841,60.43086095110456,9.876699918448416,115.71287308455814,3.4147121914927467,62.06976954349021,33.36361745207957
26.666666666666668,500.0,12.185706071055533,9.871360616351224,2.5780299027295883,43.858517242007046,38.18921908201288,21.308982164732328,58.72518985345108,37.79540027620673,80.0,20.0,119.99999999999999,0.0,100.0,0.0,80.0,0.0,103.20262648167672,50.54764527443841,115.71287308455814,3.4147121914927467,62.06976954349021,33.36361745207957,60.43086095110456,9.876699918448416
26.666666666666668,500.0,12.185706071055533,9.871360616351224,2.5780299027295883,43.858517242007046,58.72518985345108,37.79540027620673,38.18921908201288,21.308982164732328,80.0,20.0,119.99999999999999,0.0,80.0,0.0,100.0,0.0,103.20262648167672,50.54764527443841,115.71287308455814,3.4147121914927467,60.43086095110456,9.876699918448416,62.06976954349021,33.36361745207957
26.666666666666668,500.0,38.18921908201288,21.308982164732328,12.185706071055533,9.871360616351224,58.72518985345108,37.79540027620673,2.5780299027295883,43.858517242007046,100.0,0.0,80.0,20.0,80.0,0.0,119.99999999999999,0.0,62.06976954349021,33.36361745207957,103.20262648167672,50.54764527443841,60.43086095110456,9.876699918448416,115.71287308455814,3.4147121914927467
26.666666666666668,500.0,38.18921908201288,21.308982164732328,12.185706071055533,9.871360616351224,2.5780299027295883,43.858517242007046,58.72518985345108,37.79540027620673,100.0,0.0,80.0,20.0,119.99999999999999,0.0,80.0,0.0,62.06976954349021,33.36361745207957,103.20262648167672,50.54764527443841,115.71287308455814,3.4147121914927467,60.43086095110456,9.876699918448416
26.666666666666668,500.0,38.18921908201288,21.308982164732328,58.72518985345108,37.79540027620673,12.185706071055533,9.871360616351224,2.5780299027295883,43.858517242007046,100.0,0.0,80.0,0.0,80.0,20.0,120.0,0.0,62.06976954349021,33.36361745207957,60.43086095110456,9.876699918448416,103.20262648167672,50.54764527443841,115.71287308455814,3.4147121914927467
26.666666666666668,500.0,38.18921908201288,21.308982164732328,58.72518985345108,37.79540027620673,2.5780299027295883,43.858517242007046,12.185706071055533,9.871360616351224,100.0,0.0,80.0,0.0,120.0,0.0,80.0,20.0,62.06976954349021,33.36361745207957,60.43086095110456,9.876699918448416,115.71287308455814,3.4147121914927467,103.20262648167672,50.54764527443841
26.666666666666668,500.0,38.18921908201288,21.308982164732328,2.5780299027295883,43.858517242007046,12.185706071055533,9.871360616351224,58.72518985345108,37.79540027620673,100.0,0.0,119.99999999999999,0.0,80.0,20.0,80.0,0.0,62.06976954349021,33.36361745207957,115.71287308455814,3.4147121914927467,103.20262648167672,50.54764527443841,60.43086095110456,9.876699918448416
26.666666666666668,500.0,38.18921908201288,21.308982164732328,2.5780299027295883,43.858517242007046,58.72518985345108,37.79540027620673,12.185706071055533,9.871360616351224,100.0,0.0,120.0,0.0,80.0,0.0,80.0,20.0,62.06976954349021,33.36361745207957,115.71287308455814,3.4147121914927467,60.43086095110456,9.876699918448416,103.20262648167672,50.54764527443841
26.666666666666668,500.0,58.72518985345108,37.79540027620673,12.185706071055533,9.871360616351224,38.18921908201288,21.308982164732328,2.5780299027295883,43.858517242007046,80.0,0.0,80.0,20.0,100.0,0.0,120.0,0.0,60.43086095110456,9.876699918448416,103.20262648167672,50.54764527443841,62.06976954349021,33.36361745207957,115.71287308455814,3.4147121914927467
26.666666666666668,500.0,58.72518985345108,37.79540027620673,12.185706071055533,9.871360616351224,2.5780299027295883,43.858517242007046,38.18921908201288,21.308982164732328,80.0,0.0,80.0,20.0,120.0,0.0,100.0,0.0,60.43086095110456,9.876699918448416,103.20262648167672,50.54764527443841,115.71287308455814,3.4147121914927467,62.06976954349021,33.36361745207957
26.666666666666668,500.0,58.72518985345108,37.79540027620673,38.18921908201288,21.308982164732328,12.185706071055533,9.871360616351224,2.5780299027295883,43.858517242007046,80.0,0.0,100.0,0.0,80.0,20.0,120.0,0.0,60.43086095110456,9.876699918448416,62.06976954349021,33.36361745207957,103.20262648167672,50.54764527443841,115.71287308455814,3.4147121914927467
26.666666666666668,500.0,58.72518985345108,37.79540027620673,38.18921908201288,21.308982164732328,2.5780299027295883,43.858517242007046,12.185706071055533,9.871360616351224,80.0,0.0,100.0,0.0,120.0,0.0,80.0,20.0,60.43086095110456,9.876699918448416,62.06976954349021,33.36361745207957,115.71287308455814,3.4147121914927467,103.20262648167672,50.54764527443841
26.666666666666668,500.0,58.72518985345108,37.79540027620673,2.5780299027295883,43.858517242007046,12.185706071055533,9.871360616351224,38.18921908201288,21.308982164732328,80.0,0.0,120.0,0.0,80.0,20.0,100.0,0.0,60.43086095110456,9.876699918448416,115.71287308455814,3.4147121914927467,103.20262648167672,50.54764527443841,62.06976954349021,33.36361745207957
26.666666666666668,500.0,58.72518985345108,37.79540027620673,2.5780299027295883,43.858517242007046,38.18921908201288,21.308982164732328,12.185706071055533,9.871360616351224,80.0,0.0,120.0,0.0,100.0,0.0,80.0,20.0,60.43086095110456,9.876699918448416,115.71287308455814,3.4147121914927467,62.06976954349021,33.36361745207957,103.20262648167672,50.54764527443841
26.666666666666668,500.0,2.5780299027295883,43.858517242007046,12.185706071055533,9.871360616351224,38.18921908201288,21.308982164732328,58.72518985345108,37.79540027620673,119.99999999999999,0.0,80.0,20.0,100.0,0.0,80.0,0.0,115.71287308455814,3.4147121914927467,103.20262648167672,50.54764527443841,62.06976954349021,33.36361745207957,60.43086095110456,9.876699918448416
26.666666666666668,500.0,2.5780299027295883,43.858517242007046,12.185706071055533,9.871360616351224,58.72518985345108,37.79540027620673,38.18921908201288,21.308982164732328,119.99999999999999,0.0,80.0,20.0,80.0,0.0,100.0,0.0,115.71287308455814,3.4147121914927467,103.20262648167672,50.54764527443841,60.43086095110456,9.876699918448416,62.06976954349021,33.36361745207957
26.666666666666668,500.0,2.5780299027295883,43.858517242007046,38.18921908201288,21.308982164732328,12.185706071055533,9.871360616351224,58.72518985345108,37.79540027620673,119.99999999999999,0.0,100.0,0.0,80.0,20.0,80.0,0.0,115.71287308455814,3.4147121914927467,62.06976954349021,33.36361745207957,103.20262648167672,50.54764527443841,60.43086095110456,9.876699918448416
26.666666666666668,500.0,2.5780299027295883,43.858517242007046,38.18921908201288,21.308982164732328,58.72518985345108,37.79540027620673,12.185706071055533,9.871360616351224,120.0,0.0,100.0,0.0,80.0,0.0,80.0,20.0,115.71287308455814,3.4147121914927467,62.06976954349021,33.36361745207957,60.43086095110456,9.876699918448416,103.20262648167672,50.54764527443841
26.666666666666668,500.0,2.5780299027295883,43.858517242007046,58.72518985345108,37.79540027620673,12.185706071055533,9.871360616351224,38.18921908201288,21.308982164732328,120.0,0.0,80.0,0.0,80.0,20.0,100.0,0.0,115.71287308455814,3.4147121914927467,60.43086095110456,9.876699918448416,103.20262648167672,50.54764527443841,62.06976954349021,33.36361745207957
26.666666666666668,500.0,2.5780299027295883,43.858517242007046,58.72518985345108,37.79540027620673,38.18921908201288,21.308982164732328,12.185706071055533,9.871360616351224,120.0,0.0,80.0,0.0,100.0,0.0,80.0,20.0,115.71287308455814,3.4147121914927467,60.43086095110456,9.876699918448416,62.06976954349021,33.36361745207957,103.20262648167672,50.54764527443841
26.666666666666668,500.0,35.82627493799728,53.58846969708266,43.20819699126219,7.507231169927746,12.730123982247626,51.94818559507895,11.735130422584266,27.941518173983763,80.0,20.0,80.0,59.99999999999999,59.99999999999999,20.0,59.99999999999999,40.0,89.86453582769734,1.3557310899454436,99.19980099949476,34.159646002065784,116.59848969803338,4.717472215463246,82.28613535309876,20.76596529987341
26.666666666666668,500.0,35.82627493799728,53.58846969708266,11.735130422584266,27.941518173983763,43.20819699126219,7.507231169927746,12.730123982247626,51.94818559507895,80.0,20.0,59.99999999999999,40.0,80.0,59.99999999999999,59.99999999999999,20.0,89.86453582769734,1.3557310899454436,82.28613535309876,20.76596529987341,99.19980099949476,34.159646002065784,116.59848969803338,4.717472215463246
26.666666666666668,500.0,35.82627493799728,53.58846969708266,11.735130422584266,27.941518173983763,12.730123982247626,51.94818559507895,43.20819699126219,7.507231169927746,80.0,20.0,59.99999999999999,40.0,59.99999999999999,20.0,80.0,59.99999999999999,89.86453582769734,1.3557310899454436,82.28613535309876,20.76596529987341,116.59848969803338,4.717472215463246,99.19980099949476,34.159646002065784
26.666666666666668,500.0,35.82627493799728,53.58846969708266,12.730123982247626,51.94818559507895,43.20819699126219,7.507231169927746,11.735130422584266,27.941518173983763,80.0,20.0,59.99999999999999,20.0,80.0,59.99999999999999,59.99999999999999,40.0,89.86453582769734,1.3557310899454436,116.59848969803338,4.717472215463246,99.19980099949476,34.159646002065784,82.28613535309876,20.76596529987341
26.666666666666668,500.0,35.82627493799728,53.58846969708266,12.730123982247626,51.94818559507895,11.735130422584266,27.941518173983763,43.20819699126219,7.507231169927746,80.0,20.0,59.99999999999999,20.0,59.99999999999999,40.0,80.0,59.99999999999999,89.86453582769734,1.3557310899454436,116.59848969803338,4.717472215463246,82.28613535309876,20.76596529987341,99.19980099949476,34.159646002065784
26.666666666666668,500.0,43.20819699126219,7.507231169927746,35.82627493799728,53.58846969708266,11.735130422584266,27.941518173983763,12.730123982247626,51.94818559507895,80.0,59.99999999999999,80.0,20.0,59.99999999999999,40.0,59.99999999999999,20.0,99.19980099949476,34.159646002065784,89.86453582769734,1.3557310899454436,82.28613535309876,20.76596529987341,116.59848969803338,4.717472215463246
26.666666666666668,500.0,43.20819699126219,7.507231169927746,35.82627493799728,53.58846969708266,12.730123982247626,51.94818559507895,11.735130422584266,27.941518173983763,80.0,59.99999999999999,80.0,20.0,59.99999999999999,20.0,59.99999999999999,40.0,99.19980099949476,34.159646002065784,89.86453582769734,1.3557310899454436,116.59848969803338,4.717472215463246,82.28613535309876,20.76596529987341
26.666666666666668,500.0,43.20819699126219,7.507231169927746,11.735130422584266,27.941518173983763,35.82627493799728,53.58846969708266,12.730123982247626,51.94818559507895,80.0,59.99999999999999,59.99999999999999,40.0,80.0,20.0,59.99999999999999,20.0,99.19980099949476,34.159646002065784,82.28613535309876,20.76596529987341,89.86453582769734,1.3557310899454436,116.59848969803338,4.717472215463246
26.666666666666668,500.0,43.20819699126219,7.507231169927746,11.735130422584266,27.941518173983763,12.730123982247626,51.94818559507895,35.82627493799728,53.58846969708266,80.0,59.99999999999999,59.99999999999999,40.0,59.99999999999999,20.0,80.0,20.0,99.19980099949476,34.159646002065784,82.28613535309876,20.76596529987341,116.59848969803338,4.717472215463246,89.86453582769734,1.3557310899454436
26.666666666666668,500.0,43.20819699126219,7.507231169927746,12.730123982247626,51.94818559507895,35.82627493799728,53.58846969708266,11.735130422584266,27.941518173983763,80.0,59.99999999999999,59.99999999999999,20.0,80.0,20.0,59.99999999999999,40.0,99.19980099949476,34.159646002065784,116.59848969803338,4.717472215463246,89.86453582769734,1.3557310899454436,82.28613535309876,20.76596529987341
26.666666666666668,500.0,43.20819699126219,7.507231169927746,12.730123982247626,51.94818559507895,11.735130422584266,27.941518173983763,35.82627493799728,53.58846969708266,80.0,59.99999999999999,59.99999999999999,20.0,59.99999999999999,40.0,80.0,20.0,99.19980099949476,34.159646002065784,116.59848969803338,4.717472215463246,82.28613535309876,20.76596529987341,89.86453582769734,1.3557310899454436
26.666666666666668,500.0,11.735130422584266,27.941518173983763,35.82627493799728,53.58846969708266,43.20819699126219,7.507231169927746,12.730123982247626,51.94818559507895,59.99999999999999,40.0,80.0,20.0,80.0,59.99999999999999,59.99999999999999,20.0,82.28613535309876,20.76596529987341,89.86453582769734,1.3557310899454436,99.19980099949476,34.159646002065784,116.59848969803338,4.717472215463246
26.666666666666668,500.0,11.735130422584266,27.941518173983763,35.82627493799728,53.58846969708266,12.730123982247626,51.94818559507895,43.20819699126219,7.507231169927746,59.99999999999999,40.0,80.0,20.0,59.99999999999999,20.0,80.0,59.99999999999999,82.28613535309876,20.76596529987341,89.86453582769734,1.3557310899454436,116.59848969803338,4.717472215463246,99.19980099949476,34.159646002065784
26.666666666666668,500.0,11.735130422584266,27.941518173983763,43.20819699126219,7.507231169927746,35.82627493799728,53.58846969708266,12.730123982247626,51.94818559507895,59.99999999999999,40.0,80.0,59.99999999999999,80.0,20.0,59.99999999999999,20.0,82.28613535309876,20.76596529987341,99.19980099949476,34.159646002065784,89.86453582769734,1.3557310899454436,116.59848969803338,4.717472215463246
26.666666666666668,500.0,11.735130422584266,27.941518173983763,43.20819699126219,7.507231169927746,12.730123982247626,51.94818559507895,35.82627493799728,53.58846969708266,59.99999999999999,40.0,80.0,59.99999999999999,59.99999999999999,20.0,80.0,20.0,82.28613535309876,20.76596529987341,99.19980099949476,34.159646002065784,116.59848969803338,4.717472215463246,89.86453582769734,1.3557310899454436
26.666666666666668,500.0,11.735130422584266,27.941518173983763,12.730123982247626,51.94818559507895,35.82627493799728,53.58846969708266,43.20819699126219,7.507231169927746,59.99999999999999,40.0,59.99999999999999,20.0,80.0,20.0,80.0,59.99999999999999,82.28613535309876,20.76596529987341,116.59848969803338,4.717472215463246,89.86453582769734,1.3557310899454436,99.19980099949476,34.159646002065784
26.666666666666668,500.0,11.735130422584266,27.941518173983763,12.730123982247626,51.94818559507895,43.20819699126219,7.507231169927746,35.82627493799728,53.58846969708266,59.99999999999999,40.0,59.99999999999999,20.0,80.0,59.99999999999999,80.0,20.0,82.28613535309876,20.76596529987341,116.59848969803338,4.717472215463246,99.19980099949476,34.159646002065784,89.86453582769734,1.3557310899454436
26.666666666666668,500.0,12.730123982247626,51.94818559507895,35.82627493799728,53.58846969708266,43.20819699126219,7.507231169927746,11.735130422584266,27.941518173983763,59.99999999999999,20.0,80.0,20.0,80.0,59.99999999999999,59.99999999999999,40.0,116.59848969803338,4.717472215463246,89.86453582769734,1.3557310899454436,99.19980099949476,34.159646002065784,82.28613535309876,20.76596529987341
26.666666666666668,500.0,12.730123982247626,51.94818559507895,35.82627493799728,53.58846969708266,11.735130422584266,27.941518173983763,43.20819699126219,7.507231169927746,59.99999999999999,20.0,80.0,20.0,59.99999999999999,40.0,80.0,59.99999999999999,116.59848969803338,4.717472215463246,89.86453582769734,1.3557310899454436,82.28613535309876,20.76596529987341,99.19980099949476,34.159646002065784
26.666666666666668,500.0,12.730123982247626,51.94818559507895,43.20819699126219,7.507231169927746,35.82627493799728,53.58846969708266,11.735130422584266,27.941518173983763,59.99999999999999,20.0,80.0,59.99999999999999,80.0,20.0,59.99999999999999,40.0,116.59848969803338,4.717472215463246,99.19980099949476,34.159646002065784,89.86453582769734,1.3557310899454436,82.28613535309876,20.76596529987341
26.666666666666668,500.0,12.730123982247626,51.94818559507895,43.20819699126219,7.507231169927746,11.735130422584266,27.941518173983763,35.82627493799728,53.58846969708266,59.99999999999999,20.0,80.0,59.99999999999999,59.99999999999999,40.0,80.0,20.0,116.59848969803338,4.717472215463246,99.19980099949476,34.159646002065784,82.28613535309876,20.76596529987341,89.86453582769734,1.3557310899454436
26.666666666666668,500.0,12.730123982247626,51.94818559507895,11.735130422584266,27.941518173983763,35.82627493799728,53.58846969708266,43.20819699126219,7.507231169927746,59.99999999999999,20.0,59.99999999999999,40.0,80.0,20.0,80.0,59.99999999999999,116.59848969803338,4.717472215463246,82.28613535309876,20.76596529987341,89.86453582769734,1.3557310899454436,99.19980099949476,34.159646002065784
26.666666666666668,500.0,12.730123982247626,51.94818559507895,11.735130422584266,27.941518173983763,43.20819699126219,7.507231169927746,35.82627493799728,53.58846969708266,59.99999999999999,20.0,59.99999999999999,40.0,80.0,59.99999999999999,80.0,20.0,116.59848969803338,4.717472215463246,82.28613535309876,20.76596529987341,99.19980099949476,34.159646002065784,89.86453582769734,1.3557310899454436
26.666666666666668,500.0,54.54792674276843,52.36671813014358,26.083593019704068,55.73514920181355,53.37758006349498,9.829793063811872,7.387638858235346,41.06335839119891,60.0,0.0,80.0,20.0,60.0,40.0,60.0,20.0,98.40224340911686,15.782864334027842,119.24007089567,14.355923183966103,105.631873111485,34.76240914213037,76.88302930887264,17.226218211037615
26.666666666666668,500.0,54.54792674276843,52.36671813014358,7.387638858235346,41.06335839119891,26.083593019704068,55.73514920181355,53.37758006349498,9.829793063811872,60.0,0.0,60.0,20.0,80.0,20.0,60.0,40.0,98.40224340911686,15.782864334027842,76.88302930887264,17.226218211037615,119.24007089567,14.355923183966103,105.631873111485,34.76240914213037
26.666666666666668,500.0,54.54792674276843,52.36671813014358,7.387638858235346,41.06335839119891,53.37758006349498,9.829793063811872,26.083593019704068,55.73514920181355,60.0,0.0,60.0,20.0,60.0,40.0,80.0,20.0,98.40224340911686,15.782864334027842,76.88302930887264,17.226218211037615,105.631873111485,34.76240914213037,119.24007089567,14.355923183966103
26.666666666666668,500.0,54.54792674276843,52.36671813014358,53.37758006349498,9.829793063811872,26.083593019704068,55.73514920181355,7.387638858235346,41.06335839119891,60.0,0.0,60.0,40.0,80.0,20.0,60.0,20.0,98.40224340911686,15.782864334027842,105.631873111485,34.76240914213037,119.24007089567,14.355923183966103,76.88302930887264,17.226218211037615
26.666666666666668,500.0,54.54792674276843,52.36671813014358,53.37758006349498,9.829793063811872,7.387638858235346,41.06335839119891,26.083593019704068,55.73514920181355,60.0,0.0,60.0,40.0,60.0,20.0,80.0,20.0,98.40224340911686,15.782864334027842,105.631873111485,34.76240914213037,76.88302930887264,17.226218211037615,119.24007089567,14.355923183966103
26.666666666666668,500.0,26.083593019704068,55.73514920181355,54.54792674276843,52.36671813014358,7.387638858235346,41.06335839119891,53.37758006349498,9.829793063811872,80.0,20.0,60.0,0.0,60.0,20.0,60.0,40.0,119.24007089567,14.355923183966103,98.40224340911686,15.782864334027842,76.88302930887264,17.226218211037615,105.631873111485,34.76240914213037
26.666666666666668,500.0,26.083593019704068,55.73514920181355,54.54792674276843,52.36671813014358,53.37758006349498,9.829793063811872,7.387638858235346,41.06335839119891,80.0,20.0,60.0,0.0,60.0,40.0,60.0,20.0,119.24007089567,14.355923183966103,98.40224340911686,15.782864334027842,105.631873111485,34.76240914213037,76.88302930887264,17.226218211037615
26.666666666666668,500.0,26.083593019704068,55.73514920181355,7.387638858235346,41.06335839119891,54.54792674276843,52.36671813014358,53.37758006349498,9.829793063811872,80.0,20.0,60.0,20.0,60.0,0.0,60.0,40.0,119.24007089567,14.355923183966103,76.88302930887264,17.226218211037615,98.40224340911686,15.782864334027842,105.631873111485,34.76240914213037
26.666666666666668,500.0,26.083593019704068,55.73514920181355,7.387638858235346,41.06335839119891,53.37758006349498,9.829793063811872,54.54792674276843,52.36671813014358,80.0,20.0,60.0,20.0,60.0,40.0,60.0,0.0,119.24007089567,14.355923183966103,76.88302930887264,17.226218211037615,105.631873111485,34.76240914213037,98.40224340911686,15.782864334027842
26.666666666666668,500.0,26.083593019704068,55.73514920181355,53.37758006349498,9.829793063811872,54.54792674276843,52.36671813014358,7.387638858235346,41.06335839119891,80.0,20.0,60.0,40.0,60.0,0.0,60.0,20.0,119.24007089567,14.355923183966103,105.631873111485,34.76240914213037,98.40224340911686,15.782864334027842,76.88302930887264,17.226218211037615
26.666666666666668,500.0,26.083593019704068,55.73514920181355,53.37758006349498,9.829793063811872,7.387638858235346,41.06335839119891,54.54792674276843,52.36671813014358,80.0,20.0,60.0,40.0,60.0,20.0,60.0,0.0,119.24007089567,14.355923183966103,105.631873111485,34.76240914213037,76.88302930887264,17.226218211037615,98.40224340911686,15.782864334027842
26.666666666666668,500.0,7.387638858235346,41.06335839119891,54.54792674276843,52.36671813014358,26.083593019704068,55.73514920181355,53.37758006349498,9.829793063811872,60.0,20.0,60.0,0.0,80.0,20.0,60.0,40.0,76.88302930887264,17.226218211037615,98.40224340911686,15.782864334027842,119.24007089567,14.355923183966103,105.631873111485,34.76240914213037
26.666666666666668,500.0,7.387638858235346,41.06335839119891,54.54792674276843,52.36671813014358,53.37758006349498,9.829793063811872,26.083593019704068,55.73514920181355,60.0,20.0,60.0,0.0,60.0,40.0,80.0,20.0,76.88302930887264,17.226218211037615,98.40224340911686,15.782864334027842,105.631873111485,34.76240914213037,119.24007089567,14.355923183966103
26.666666666666668,500.0,7.387638858235346,41.06335839119891,26.083593019704068,55.73514920181355,54.54792674276843,52.36671813014358,53.37758006349498,9.829793063811872,60.0,20.0,80.0,20.0,60.0,0.0,60.0,40.0,76.88302930887264,17.226218211037615,119.24007089567,14.355923183966103,98.40224340911686,15.782864334027842,105.631873111485,34.76240914213037
26.666666666666668,500.0,7.387638858235346,41.06335839119891,26.083593019704068,55.73514920181355,53.37758006349498,9.829793063811872,54.54792674276843,52.36671813014358,60.0,20.0,80.0,20.0,60.0,40.0,60.0,0.0,76.88302930887264,17.226218211037615,119.24007089567,14.355923183966103,105.631873111485,34.76240914213037,98.40224340911686,15.782864334027842
26.666666666666668,500.0,7.387638858235346,41.06335839119891,53.37758006349498,9.829793063811872,54.54792674276843,52.36671813014358,26.083593019704068,55.73514920181355,60.0,20.0,60.0,40.0,60.0,0.0,80.0,20.0,76.88302930887264,17.226218211037615,105.631873111485,34.76240914213037,98.40224340911686,15.782864334027842,119.24007089567,14.355923183966103
26.666666666666668,500.0,7.387638858235346,41.06335839119891,53.37758006349498,9.829793063811872,26.083593019704068,55.73514920181355,54.54792674276843,52.36671813014358,60.0,20.0,60.0,40.0,80.0,20.0,60.0,0.0,76.88302930887264,17.226218211037615,105.631873111485,34.76240914213037,119.24007089567,14.355923183966103,98.40224340911686,15.782864334027842
26.666666666666668,500.0,53.37758006349498,9.829793063811872,54.54792674276843,52.36671813014358,26.083593019704068,55.73514920181355,7.387638858235346,41.06335839119891,60.0,40.0,60.0,0.0,80.0,20.0,60.0,20.0,105.631873111485,34.76240914213037,98.40224340911686,15.782864334027842,119.24007089567,14.355923183966103,76.88302930887264,17.226218211037615
26.666666666666668,500.0,53.37758006349498,9.829793063811872,54.54792674276843,52.36671813014358,7.387638858235346,41.06335839119891,26.083593019704068,55.73514920181355,60.0,40.0,60.0,0.0,60.0,20.0,80.0,20.0,105.631873111485,34.76240914213037,98.40224340911686,15.782864334027842,76.88302930887264,17.226218211037615,119.24007089567,14.355923183966103
26.666666666666668,500.0,53.37758006349498,9.829793063811872,26.083593019704068,55.73514920181355,54.54792674276843,52.36671813014358,7.387638858235346,41.06335839119891,60.0,40.0,80.0,20.0,60.0,0.0,60.0,20.0,105.631873111485,34.76240914213037,119.24007089567,14.355923183966103,98.40224340911686,15.782864334027842,76.88302930887264,17.226218211037615
26.666666666666668,500.0,53.37758006349498,9.829793063811872,26.083593019704068,55.73514920181355,7.387638858235346,41.06335839119891,54.54792674276843,52.36671813014358,60.0,40.0,80.0,20.0,60.0,20.0,60.0,0.0,105.631873111485,34.76240914213037,119.24007089567,14.355923183966103,76.88302930887264,17.226218211037615,98.40224340911686,15.782864334027842
26.666666666666668,500.0,53.37758006349498,9.829793063811872,7.387638858235346,41.06335839119891,54.54792674276843,52.36671813014358,26.083593019704068,55.73514920181355,60.0,40.0,60.0,20.0,60.0,0.0,80.0,20.0,105.631873111485,34.76240914213037,76.88302930887264,17.226218211037615,98.40224340911686,15.782864334027842,119.24007089567,14.355923183966103
26.666666666666668,500.0,53.37758006349498,9.829793063811872,7.387638858235346,41.06335839119891,26.083593019704068,55.73514920181355,54.54792674276843,52.36671813014358,60.0,40.0,60.0,20.0,80.0,20.0,60.0,0.0,105.631873111485,34.76240914213037,76.88302930887264,17.226218211037615,119.24007089567,14.355923183966103,98.40224340911686,15.782864334027842
26.666666666666668,500.0,56.55109035401546,42.16580384118928,1.3107137636651212,1.4520721328146746,25.28609564503224,25.513188285786125,28.47421354476287,46.709608125055446,60.0,0.0,120.0,60.0,120.0,40.0,120.0,0.0,75.61624229322004,19.055894919755,86.72799783665452,48.4302110532937,114.03567949943482,44.36151296909642,95.97026549462292,15.687603225704098
26.666666666666668,500.0,56.55109035401546,42.16580384118928,28.47421354476287,46.709608125055446,1.3107137636651212,1.4520721328146746,25.28609564503224,25.513188285786125,60.0,0.0,120.0,0.0,120.0,60.0,120.0,40.0,75.61624229322004,19.055894919755,95.97026549462292,15.687603225704098,86.72799783665452,48.4302110532937,114.03567949943482,44.36151296909642
26.666666666666668,500.0,56.55109035401546,42.16580384118928,28.47421354476287,46.709608125055446,25.28609564503224,25.513188285786125,1.3107137636651212,1.4520721328146746,60.0,0.0,120.0,0.0,120.0,40.0,120.0,60.0,75.61624229322004,19.055894919755,95.97026549462292,15.687603225704098,114.03567949943482,44.36151296909642,86.72799783665452,48.4302110532937
26.666666666666668,500.0,56.55109035401546,42.16580384118928,25.28609564503224,25.513188285786125,1.3107137636651212,1.4520721328146746,28.47421354476287,46.709608125055446,60.0,0.0,120.0,40.0,120.0,60.0,120.0,0.0,75.61624229322004,19.055894919755,114.03567949943482,44.36151296909642,86.72799783665452,48.4302110532937,95.97026549462292,15.687603225704098
26.666666666666668,500.0,56.55109035401546,42.16580384118928,25.28609564503224,25.513188285786125,28.47421354476287,46.709608125055446,1.3107137636651212,1.4520721328146746,60.0,0.0,120.0,40.0,120.0,0.0,120.0,60.0,75.61624229322004,19.055894919755,114.03567949943482,44.36151296909642,95.97026549462292,15.687603225704098,86.72799783665452,48.4302110532937
26.666666666666668,500.0,1.3107137636651212,1.4520721328146746,56.55109035401546,42.16580384118928,28.47421354476287,46.709608125055446,25.28609564503224,25.513188285786125,120.0,60.0,60.0,0.0,120.0,0.0,120.0,40.0,86.72799783665452,48.4302110532937,75.61624229322004,19.055894919755,95.97026549462292,15.687603225704098,114.03567949943482,44.36151296909642
26.666666666666668,500.0,1.3107137636651212,1.4520721328146746,56.55109035401546,42.16580384118928,25.28609564503224,25.513188285786125,28.47421354476287,46.709608125055446,120.0,60.0,60.0,0.0,120.0,40.0,120.0,0.0,86.72799783665452,48.4302110532937,75.61624229322004,19.055894919755,114.03567949943482,44.36151296909642,95.97026549462292,15.687603225704098
26.666666666666668,500.0,1.3107137636651212,1.4520721328146746,28.47421354476287,46.709608125055446,56.55109035401546,42.16580384118928,25.28609564503224,25.513188285786125,120.0,60.0,120.0,0.0,60.0,0.0,120.0,40.0,86.72799783665452,48.4302110532937,95.97026549462292,15.687603225704098,75.61624229322004,19.055894919755,114.03567949943482,44.36151296909642
26.666666666666668,500.0,1.3107137636651212,1.4520721328146746,28.47421354476287,46.709608125055446,25.28609564503224,25.513188285786125,56.55109035401546,42.16580384118928,120.0,60.0,120.0,0.0,120.0,40.0,60.0,0.0,86.72799783665452,48.4302110532937,95.97026549462292,15.687603225704098,114.03567949943482,44.36151296909642,75.61624229322004,19.055894919755
26.666666666666668,500.0,1.3107137636651212,1.4520721328146746,25.28609564503224,25.513188285786125,56.55109035401546,42.16580384118928,28.47421354476287,46.709608125055446,120.0,60.0,120.0,40.0,60.0,0.0,120.0,0.0,86.72799783665452,48.4302110532937,114.03567949943482,44.36151296909642,75.61624229322004,19.055894919755,95.97026549462292,15.687603225704098
26.666666666666668,500.0,1.3107137636651212,1.4520721328146746,25.28609564503224,25.513188285786125,28.47421354476287,46.709608125055446,56.55109035401546,42.16580384118928,120.0,60.0,120.0,40.0,120.0,0.0,60.0,0.0,86.72799783665452,48.4302110532937,114.03567949943482,44.36151296909642,95.97026549462292,15.687603225704098,75.61624229322004,19.055894919755
26.666666666666668,500.0,28.47421354476287,46.709608125055446,56.55109035401546,42.16580384118928,1.3107137636651212,1.4520721328146746,25.28609564503224,25.513188285786125,120.0,0.0,60.0,0.0,120.0,60.0,120.0,40.0,95.97026549462292,15.687603225704098,75.61624229322004,19.055894919755,86.72799783665452,48.4302110532937,114.03567949943482,44.36151296909642
26.666666666666668,500.0,28.47421354476287,46.709608125055446,56.55109035401546,42.16580384118928,25.28609564503224,25.513188285786125,1.3107137636651212,1.4520721328146746,120.0,0.0,60.0,0.0,120.0,40.0,120.0,60.0,95.97026549462292,15.687603225704098,75.61624229322004,19.055894919755,114.03567949943482,44.36151296909642,86.72799783665452,48.4302110532937
26.666666666666668,500.0,28.47421354476287,46.709608125055446,1.3107137636651212,1.4520721328146746,56.55109035401546,42.16580384118928,25.28609564503224,25.513188285786125,120.0,0.0,120.0,60.0,60.0,0.0,120.0,40.0,95.97026549462292,15.687603225704098,86.72799783665452,48.4302110532937,75.61624229322004,19.055894919755,114.03567949943482,44.36151296909642
26.666666666666668,500.0,28.47421354476287,46.709608125055446,1.3107137636651212,1.4520721328146746,25.28609564503224,25.513188285786125,56.55109035401546,42.16580384118928,120.0,0.0,120.0,60.0,120.0,40.0,60.0,0.0,95.97026549462292,15.687603225704098,86.72799783665452,48.4302110532937,114.03567949943482,44.36151296909642,75.61624229322004,19.055894919755
26.666666666666668,500.0,28.47421354476287,46.709608125055446,25.28609564503224,25.513188285786125,56.55109035401546,42.16580384118928,1.3107137636651212,1.4520721328146746,120.0,0.0,120.0,40.0,60.0,0.0,120.0,60.0,95.97026549462292,15.687603225704098,114.03567949943482,44.36151296909642,75.61624229322004,19.055894919755,86.72799783665452,48.4302110532937
26.666666666666668,500.0,28.47421354476287,46.709608125055446,25.28609564503224,25.513188285786125,1.3107137636651212,1.4520721328146746,56.55109035401546,42.16580384118928,120.0,0.0,120.0,40.0,120.0,60.0,60.0,0.0,95.97026549462292,15.687603225704098,114.03567949943482,44.36151296909642,86.72799783665452,48.4302110532937,75.61624229322004,19.055894919755
26.666666666666668,500.0,25.28609564503224,25.513188285786125,56.55109035401546,42.16580384118928,1.3107137636651212,1.4520721328146746,28.47421354476287,46.709608125055446,120.0,40.0,60.0,0.0,120.0,60.0,120.0,0.0,114.03567949943482,44.36151296909642,75.61624229322004,19.055894919755,86.72799783665452,48.4302110532937,95.97026549462292,15.687603225704098
26.666666666666668,500.0,25.28609564503224,25.513188285786125,56.55109035401546,42.16580384118928,28.47421354476287,46.709608125055446,1.3107137636651212,1.4520721328146746,120.0,40.0,60.0,0.0,120.0,0.0,120.0,60.0,114.03567949943482,44.36151296909642,75.61624229322004,19.055894919755,95.97026549462292,15.687603225704098,86.72799783665452,48.4302110532937
26.666666666666668,500.0,25.28609564503224,25.513188285786125,1.3107137636651212,1.4520721328146746,56.55109035401546,42.16580384118928,28.47421354476287,46.709608125055446,120.0,40.0,120.0,60.0,60.0,0.0,120.0,0.0,114.03567949943482,44.36151296909642,86.72799783665452,48.4302110532937,75.61624229322004,19.055894919755,95.97026549462292,15.687603225704098
26.666666666666668,500.0,25.28609564503224,25.513188285786125,1.3107137636651212,1.4520721328146746,28.47421354476287,46.709608125055446,56.55109035401546,42.16580384118928,120.0,40.0,120.0,60.0,120.0,0.0,60.0,0.0,114.03567949943482,44.36151296909642,86.72799783665452,48.4302110532937,95.97026549462292,15.687603225704098,75.61624229322004,19.055894919755
26.666666666666668,500.0,25.28609564503224,25.513188285786125,28.47421354476287,46.709608125055446,56.55109035401546,42.16580384118928,1.3107137636651212,1.4520721328146746,120.0,40.0,120.0,0.0,60.0,0.0,120.0,60.0,114.03567949943482,44.36151296909642,95.97026549462292,15.687603225704098,75.61624229322004,19.055894919755,86.72799783665452,48.4302110532937
26.666666666666668,500.0,25.28609564503224,25.513188285786125,28.47421354476287,46.709608125055446,1.3107137636651212,1.4520721328146746,56.55109035401546,42.16580384118928,120.0,40.0,120.0,0.0,120.0,60.0,60.0,0.0,114.03567949943482,44.36151296909642,95.97026549462292,15.687603225704098,86.72799783665452,48.4302110532937,75.61624229322004,19.055894919755
26.666666666666668,500.0,26.29761949961138,10.622057669513667,8.159263100887744,35.044372623225776,51.436652017042434,17.332232140959412,56.50747002159251,44.56407627355854,120.0,60.0,100.0,20.0,60.0,60.0,60.0,20.0,111.91634073710917,47.28694439371688,111.6816036886411,14.420114369962771,71.99115135490194,37.06542618243744,64.19749720553054,8.177209004692436
26.666666666666668,500.0,26.29761949961138,10.622057669513667,56.50747002159251,44.56407627355854,8.159263100887744,35.044372623225776,51.436652017042434,17.332232140959412,120.0,60.0,60.0,20.0,100.0,20.0,60.0,60.0,111.91634073710917,47.28694439371688,64.19749720553054,8.177209004692436,111.6816036886411,14.420114369962771,71.99115135490194,37.06542618243744
26.666666666666668,500.0,26.29761949961138,10.622057669513667,56.50747002159251,44.56407627355854,51.436652017042434,17.332232140959412,8.159263100887744,35.044372623225776,120.0,60.0,60.0,20.0,60.0,60.0,100.0,20.0,111.91634073710917,47.28694439371688,64.19749720553054,8.177209004692436,71.99115135490194,37.06542618243744,111.6816036886411,14.420114369962771
26.666666666666668,500.0,26.29761949961138,10.622057669513667,51.436652017042434,17.332232140959412,8.159263100887744,35.044372623225776,56.50747002159251,44.56407627355854,120.0,60.0,60.0,60.0,100.0,20.0,60.0,20.0,111.91634073710917,47.28694439371688,71.99115135490194,37.06542618243744,111.6816036886411,14.420114369962771,64.19749720553054,8.177209004692436
26.666666666666668,500.0,26.29761949961138,10.622057669513667,51.436652017042434,17.332232140959412,56.50747002159251,44.56407627355854,8.159263100887744,35.044372623225776,120.0,60.0,60.0,60.0,60.0,20.0,100.0,20.0,111.91634073710917,47.28694439371688,71.99115135490194,37.06542618243744,64.19749720553054,8.177209004692436,111.6816036886411,14.420114369962771
26.666666666666668,500.0,8.159263100887744,35.044372623225776,26.29761949961138,10.622057669513667,56.50747002159251,44.56407627355854,51.436652017042434,17.332232140959412,100.0,20.0,120.0,60.0,60.0,20.0,60.0,60.0,111.6816036886411,14.420114369962771,111.91634073710917,47.28694439371688,64.19749720553054,8.177209004692436,71.99115135490194,37.06542618243744
26.666666666666668,500.0,8.159263100887744,35.044372623225776,26.29761949961138,10.622057669513667,51.436652017042434,17.332232140959412,56.50747002159251,44.56407627355854,100.0,20.0,120.0,60.0,60.0,60.0,60.0,20.0,111.6816036886411,14.420114369962771,111.91634073710917,47.28694439371688,71.99115135490194,37.06542618243744,64.19749720553054,8.177209004692436
26.666666666666668,500.0,8.159263100887744,35.044372623225776,56.50747002159251,44.56407627355854,26.29761949961138,10.622057669513667,51.436652017042434,17.332232140959412,100.0,20.0,60.0,20.0,120.0,60.0,60.0,60.0,111.6816036886411,14.420114369962771,64.19749720553054,8.177209004692436,111.91634073710917,47.28694439371688,71.99115135490194,37.06542618243744
26.666666666666668,500.0,8.159263100887744,35.044372623225776,56.50747002159251,44.56407627355854,51.436652017042434,17.332232140959412,26.29761949961138,10.622057669513667,100.0,20.0,60.0,20.0,60.0,60.0,120.0,60.0,111.6816036886411,14.420114369962771,64.19749720553054,8.177209004692436,71.99115135490194,37.06542618243744,111.91634073710917,47.28694439371688
26.666666666666668,500.0,8.159263100887744,35.044372623225776,51.436652017042434,17.332232140959412,26.29761949961138,10.622057669513667,56.50747002159251,44.56407627355854,100.0,20.0,60.0,60.0,120.0,60.0,60.0,20.0,111.6816036886411,14.420114369962771,71.99115135490194,37.06542618243744,111.91634073710917,47.28694439371688,64.19749720553054,8.177209004692436
26.666666666666668,500.0,8.159263100887744,35.044372623225776,51.436652017042434,17.332232140959412,56.50747002159251,44.56407627355854,26.29761949961138,10.622057669513667,100.0,20.0,60.0,60.0,60.0,20.0,120.0,60.0,111.6816036886411,14.420114369962771,71.99115135490194,37.06542618243744,64.19749720553054,8.177209004692436,111.91634073710917,47.28694439371688
26.666666666666668,500.0,56.50747002159251,44.56407627355854,26.29761949961138,10.622057669513667,8.159263100887744,35.044372623225776,51.436652017042434,17.332232140959412,60.0,20.0,120.0,60.0,100.0,20.0,60.0,60.0,64.19749720553054,8.177209004692436,111.91634073710917,47.28694439371688,111.6816036886411,14.420114369962771,71.99115135490194,37.06542618243744
26.666666666666668,500.0,56.50747002159251,44.56407627355854,26.29761949961138,10.622057669513667,51.436652017042434,17.332232140959412,8.159263100887744,35.044372623225776,60.0,20.0,120.0,60.0,60.0,60.0,100.0,20.0,64.19749720553054,8.177209004692436,111.91634073710917,47.28694439371688,71.99115135490194,37.06542618243744,111.6816036886411,14.420114369962771
26.666666666666668,500.0,56.50747002159251,44.56407627355854,8.159263100887744,35.044372623225776,26.29761949961138,10.622057669513667,51.436652017042434,17.332232140959412,60.0,20.0,100.0,20.0,120.0,60.0,60.0,60.0,64.19749720553054,8.177209004692436,111.6816036886411,14.420114369962771,111.91634073710917,47.28694439371688,71.99115135490194,37.06542618243744
26.666666666666668,500.0,56.50747002159251,44.56407627355854,8.159263100887744,35.044372623225776,51.436652017042434,17.332232140959412,26.29761949961138,10.622057669513667,60.0,20.0,100.0,20.0,60.0,60.0,120.0,60.0,64.19749720553054,8.177209004692436,111.6816036886411,14.420114369962771,71.99115135490194,37.06542618243744,111.91634073710917,47.28694439371688
26.666666666666668,500.0,56.50747002159251,44.56407627355854,51.436652017042434,17.332232140959412,26.29761949961138,10.622057669513667,8.159263100887744,35.044372623225776,60.0,20.0,60.0,60.0,120.0,60.0,100.0,20.0,64.19749720553054,8.177209004692436,71.99115135490194,37.06542618243744,111.91634073710917,47.28694439371688,111.6816036886411,14.420114369962771
26.666666666666668,500.0,56.50747002159251,44.56407627355854,51.436652017042434,17.332232140959412,8.159263100887744,35.044372623225776,26.29761949961138,10.622057669513667,60.0,20.0,60.0,60.0,100.0,20.0,120.0,60.0,64.19749720553054,8.177209004692436,71.99115135490194,37.06542618243744,111.6816036886411,14.420114369962771,111.91634073710917,47.28694439371688
26.666666666666668,500.0,51.436652017042434,17.332232140959412,26.29761949961138,10.622057669513667,8.159263100887744,35.044372623225776,56.50747002159251,44.56407627355854,60.0,60.0,120.0,60.0,100.0,20.0,60.0,20.0,71.99115135490194,37.06542618243744,111.91634073710917,47.28694439371688,111.6816036886411,14.420114369962771,64.19749720553054,8.177209004692436
26.666666666666668,500.0,51.436652017042434,17.332232140959412,26.29761949961138,10.622057669513667,56.50747002159251,44.56407627355854,8.159263100887744,35.044372623225776,60.0,60.0,120.0,60.0,60.0,20.0,100.0,20.0,71.99115135490194,37.06542618243744,111.91634073710917,47.28694439371688,64.19749720553054,8.177209004692436,111.6816036886411,14.420114369962771
26.666666666666668,500.0,51.436652017042434,17.332232140959412,8.159263100887744,35.044372623225776,26.29761949961138,10.622057669513667,56.50747002159251,44.56407627355854,60.0,60.0,100.0,20.0,120.0,60.0,60.0,20.0,71.99115135490194,37.06542618243744,111.6816036886411,14.420114369962771,111.91634073710917,47.28694439371688,64.19749720553054,8.177209004692436
26.666666666666668,500.0,51.436652017042434,17.332232140959412,8.159263100887744,35.044372623225776,56.50747002159251,44.56407627355854,26.29761949961138,10.622057669513667,60.0,60.0,100.0,20.0,60.0,20.0,120.0,60.0,71.99115135490194,37.06542618243744,111.6816036886411,14.420114369962771,64.19749720553054,8.177209004692436,111.91634073710917,47.28694439371688
26.666666666666668,500.0,51.436652017042434,17.332232140959412,56.50747002159251,44.56407627355854,26.29761949961138,10.622057669513667,8.159263100887744,35.044372623225776,60.0,60.0,60.0,20.0,120.0,60.0,100.0,20.0,71.99115135490194,37.06542618243744,64.19749720553054,8.177209004692436,111.91634073710917,47.28694439371688,111.6816036886411,14.420114369962771
26.666666666666668,500.0,51.436652017042434,17.332232140959412,56.50747002159251,44.56407627355854,8.159263100887744,35.044372623225776,26.29761949961138,10.622057669513667,60.0,60.0,60.0,20.0,100.0,20.0,120.0,60.0,71.99115135490194,37.06542618243744,64.19749720553054,8.177209004692436,111.6816036886411,14.420114369962771,111.91634073710917,47.28694439371688
26.666666666666668,500.0,25.588670881418164,38.09203944321389,3.4764116466160577,46.7646209904263,19.04502096122945,3.7262675310507687,51.89543429029944,57.23531273787504,120.0,0.0,80.0,20.0,120.0,60.0,80.0,0.0,83.58070009061944,29.59855130589956,104.40214223248888,22.14028371287727,90.77142432643016,52.11541525216136,61.64412832969531,13.92923097863038
26.666666666666668,500.0,25.588670881418164,38.09203944321389,51.89543429029944,57.23531273787504,3.4764116466160577,46.7646209904263,19.04502096122945,3.7262675310507687,120.0,0.0,80.0,0.0,80.0,20.0,120.0,60.0,83.58070009061944,29.59855130589956,61.64412832969531,13.92923097863038,104.40214223248888,22.14028371287727,90.77142432643016,52.11541525216136
26.666666666666668,500.0,25.588670881418164,38.09203944321389,51.89543429029944,57.23531273787504,19.04502096122945,3.7262675310507687,3.4764116466160577,46.7646209904263,120.0,0.0,80.0,0.0,120.0,60.0,80.0,20.0,83.58070009061944,29.59855130589956,61.64412832969531,13.92923097863038,90.77142432643016,52.11541525216136,104.40214223248888,22.14028371287727
26.666666666666668,500.0,25.588670881418164,38.09203944321389,19.04502096122945,3.7262675310507687,3.4764116466160577,46.7646209904263,51.89543429029944,57.23531273787504,120.0,0.0,120.0,60.0,80.0,20.0,80.0,0.0,83.58070009061944,29.59855130589956,90.77142432643016,52.11541525216136,104.40214223248888,22.14028371287727,61.64412832969531,13.92923097863038
26.666666666666668,500.0,25.588670881418164,38.09203944321389,19.04502096122945,3.7262675310507687,51.89543429029944,57.23531273787504,3.4764116466160577,46.7646209904263,120.0,0.0,120.0,60.0,80.0,0.0,80.0,20.0,83.58070009061944,29.59855130589956,90.77142432643016,52.11541525216136,61.64412832969531,13.92923097863038,104.40214223248888,22.14028371287727
26.666666666666668,500.0,3.4764116466160577,46.7646209904263,25.588670881418164,38.09203944321389,51.89543429029944,57.23531273787504,19.04502096122945,3.7262675310507687,80.0,20.0,120.0,0.0,80.0,0.0,120.0,60.0,104.40214223248888,22.14028371287727,83.58070009061944,29.59855130589956,61.64412832969531,13.92923097863038,90.77142432643016,52.11541525216136
26.666666666666668,500.0,3.4764116466160577,46.7646209904263,25.588670881418164,38.09203944321389,19.04502096122945,3.7262675310507687,51.89543429029944,57.23531273787504,80.0,20.0,120.0,0.0,120.0,60.0,80.0,0.0,104.40214223248888,22.14028371287727,83.58070009061944,29.59855130589956,90.77142432643016,52.11541525216136,61.64412832969531,13.92923097863038
26.666666666666668,500.0,3.4764116466160577,46.7646209904263,51.89543429029944,57.23531273787504,25.588670881418164,38.09203944321389,19.04502096122945,3.7262675310507687,80.0,20.0,80.0,0.0,120.0,0.0,120.0,60.0,104.40214223248888,22.14028371287727,61.64412832969531,13.92923097863038,83.58070009061944,29.59855130589956,90.77142432643016,52.11541525216136
26.666666666666668,500.0,3.4764116466160577,46.7646209904263,51.89543429029944,57.23531273787504,19.04502096122945,3.7262675310507687,25.588670881418164,38.09203944321389,80.0,20.0,80.0,0.0,120.0,60.0,120.0,0.0,104.40214223248888,22.14028371287727,61.64412832969531,13.92923097863038,90.77142432643016,52.11541525216136,83.58070009061944,29.59855130589956
26.666666666666668,500.0,3.4764116466160577,46.7646209904263,19.04502096122945,3.7262675310507687,25.588670881418164,38.09203944321389,51.89543429029944,57.23531273787504,80.0,20.0,120.0,60.0,120.0,0.0,80.0,0.0,104.40214223248888,22.14028371287727,90.77142432643016,52.11541525216136,83.58070009061944,29.59855130589956,61.64412832969531,13.92923097863038
26.666666666666668,500.0,3.4764116466160577,46.7646209904263,19.04502096122945,3.7262675310507687,51.89543429029944,57.23531273787504,25.588670881418164,38.09203944321389,80.0,20.0,120.0,60.0,80.0,0.0,120.0,0.0,104.40214223248888,22.14028371287727,90.77142432643016,52.11541525216136,61.64412832969531,13.92923097863038,83.58070009061944,29.59855130589956
26.666666666666668,500.0,51.89543429029944,57.23531273787504,25.588670881418164,38.09203944321389,3.4764116466160577,46.7646209904263,19.04502096122945,3.7262675310507687,80.0,0.0,120.0,0.0,80.0,20.0,120.0,60.0,61.64412832969531,13.92923097863038,83.58070009061944,29.59855130589956,104.40214223248888,22.14028371287727,90.77142432643016,52.11541525216136
26.666666666666668,500.0,51.89543429029944,57.23531273787504,25.588670881418164,38.09203944321389,19.04502096122945,3.7262675310507687,3.4764116466160577,46.7646209904263,80.0,0.0,120.0,0.0,120.0,60.0,80.0,20.0,61.64412832969531,13.92923097863038,83.58070009061944,29.59855130589956,90.77142432643016,52.11541525216136,104.40214223248888,22.14028371287727
26.666666666666668,500.0,51.89543429029944,57.23531273787504,3.4764116466160577,46.7646209904263,25.588670881418164,38.09203944321389,19.04502096122945,3.7262675310507687,80.0,0.0,80.0,20.0,120.0,0.0,120.0,60.0,61.64412832969531,13.92923097863038,104.40214223248888,22.14028371287727,83.58070009061944,29.59855130589956,90.77142432643016,52.11541525216136
26.666666666666668,500.0,51.89543429029944,57.23531273787504,3.4764116466160577,46.7646209904263,19.04502096122945,3.7262675310507687,25.588670881418164,38.09203944321389,80.0,0.0,80.0,20.0,120.0,60.0,120.0,0.0,61.64412832969531,13.92923097863038,104.40214223248888,22.14028371287727,90.77142432643016,52.11541525216136,83.58070009061944,29.59855130589956
26.666666666666668,500.0,51.89543429029944,57.23531273787504,19.04502096122945,3.7262675310507687,25.588670881418164,38.09203944321389,3.4764116466160577,46.7646209904263,80.0,0.0,120.0,60.0,120.0,0.0,80.0,20.0,61.64412832969531,13.92923097863038,90.77142432643016,52.11541525216136,83.58070009061944,29.59855130589956,104.40214223248888,22.14028371287727
26.666666666666668,500.0,51.89543429029944,57.23531273787504,19.04502096122945,3.7262675310507687,3.4764116466160577,46.7646209904263,25.588670881418164,38.09203944321389,80.0,0.0,120.0,60.0,80.0,20.0,120.0,0.0,61.64412832969531,13.92923097863038,90.77142432643016,52.11541525216136,104.40214223248888,22.14028371287727,83.58070009061944,29.59855130589956
26.666666666666668,500.0,19.04502096122945,3.7262675310507687,25.588670881418164,38.09203944321389,3.4764116466160577,46.7646209904263,51.89543429029944,57.23531273787504,120.0,60.0,120.0,0.0,80.0,20.0,80.0,0.0,90.77142432643016,52.11541525216136,83.58070009061944,29.59855130589956,104.40214223248888,22.14028371287727,61.64412832969531,13.92923097863038
26.666666666666668,500.0,19.04502096122945,3.7262675310507687,25.588670881418164,38.09203944321389,51.89543429029944,57.23531273787504,3.4764116466160577,46.7646209904263,120.0,60.0,120.0,0.0,80.0,0.0,80.0,20.0,90.77142432643016,52.11541525216136,83.58070009061944,29.59855130589956,61.64412832969531,13.92923097863038,104.40214223248888,22.14028371287727
26.666666666666668,500.0,19.04502096122945,3.7262675310507687,3.4764116466160577,46.7646209904263,25.588670881418164,38.09203944321389,51.89543429029944,57.23531273787504,120.0,60.0,80.0,20.0,120.0,0.0,80.0,0.0,90.77142432643016,52.11541525216136,104.40214223248888,22.14028371287727,83.58070009061944,29.59855130589956,61.64412832969531,13.92923097863038
26.666666666666668,500.0,19.04502096122945,3.7262675310507687,3.4764116466160577,46.7646209904263,51.89543429029944,57.23531273787504,25.588670881418164,38.09203944321389,120.0,60.0,80.0,20.0,80.0,0.0,120.0,0.0,90.77142432643016,52.11541525216136,104.40214223248888,22.14028371287727,61.64412832969531,13.92923097863038,83.58070009061944,29.59855130589956
26.666666666666668,500.0,19.04502096122945,3.7262675310507687,51.89543429029944,57.23531273787504,25.588670881418164,38.09203944321389,3.4764116466160577,46.7646209904263,120.0,60.0,80.0,0.0,120.0,0.0,80.0,20.0,90.77142432643016,52.11541525216136,61.64412832969531,13.92923097863038,83.58070009061944,29.59855130589956,104.40214223248888,22.14028371287727
26.666666666666668,500.0,19.04502096122945,3.7262675310507687,51.89543429029944,57.23531273787504,3.4764116466160577,46.7646209904263,25.588670881418164,38.09203944321389,120.0,60.0,80.0,0.0,80.0,20.0,120.0,0.0,90.77142432643016,52.11541525216136,61.64412832969531,13.92923097863038,104.40214223248888,22.14028371287727,83.58070009061944,29.59855130589956
26.666666666666668,500.0,1.2944118027610885,40.88481364879613,50.35445727302164,6.084072657683919,26.24652777410228,16.961404311282003,37.37126712945376,39.609436053519474,120.0,0.0,60.0,60.0,80.0,20.0,60.0,0.0,115.89264299902692,1.1585125268458327,68.82078030789484,55.321260809808095,103.51839195538216,38.8141926470805,89.45767455812991,4.577937414907453
26.666666666666668,500.0,1.2944118027610885,40.88481364879613,37.37126712945376,39.609436053519474,50.35445727302164,6.084072657683919,26.24652777410228,16.961404311282003,120.00000000000001,0.0,60.00000000000001,0.0,60.00000000000001,60.00000000000001,80.0,20.0,115.89264299902692,1.1585125268458327,89.45767455812991,4.577937414907453,68.82078030789484,55.321260809808095,103.51839195538216,38.8141926470805
26.666666666666668,500.0,1.2944118027610885,40.88481364879613,37.37126712945376,39.609436053519474,26.24652777410228,16.961404311282003,50.35445727302164,6.084072657683919,120.00000000000001,0.0,60.00000000000001,0.0,80.0,20.0,60.00000000000001,60.00000000000001,115.89264299902692,1.1585125268458327,89.45767455812991,4.577937414907453,103.51839195538216,38.8141926470805,68.82078030789484,55.321260809808095
26.666666666666668,500.0,1.2944118027610885,40.88481364879613,26.24652777410228,16.961404311282003,50.35445727302164,6.084072657683919,37.37126712945376,39.609436053519474,120.00000000000001,0.0,80.0,20.0,60.00000000000001,60.00000000000001,60.00000000000001,0.0,115.89264299902692,1.1585125268458327,103.51839195538216,38.8141926470805,68.82078030789484,55.321260809808095,89.45767455812991,4.577937414907453
26.666666666666668,500.0,1.2944118027610885,40.88481364879613,26.24652777410228,16.961404311282003,37.37126712945376,39.609436053519474,50.35445727302164,6.084072657683919,120.00000000000001,0.0,80.0,20.0,60.00000000000001,0.0,60.00000000000001,60.00000000000001,115.89264299902692,1.1585125268458327,103.51839195538216,38.8141926470805,89.45767455812991,4.577937414907453,68.82078030789484,55.321260809808095
26.666666666666668,500.0,50.35445727302164,6.084072657683919,1.2944118027610885,40.88481364879613,37.37126712945376,39.609436053519474,26.24652777410228,16.961404311282003,60.00000000000001,60.00000000000001,120.00000000000001,0.0,60.00000000000001,0.0,80.0,20.0,68.82078030789484,55.321260809808095,115.89264299902692,1.1585125268458327,89.45767455812991,4.577937414907453,103.51839195538216,38.8141926470805
26.666666666666668,500.0,50.35445727302164,6.084072657683919,1.2944118027610885,40.88481364879613,26.24652777410228,16.961404311282003,37.37126712945376,39.609436053519474,60.0,60.0,120.0,0.0,80.0,20.0,60.0,0.0,68.82078030789484,55.321260809808095,115.89264299902692,1.1585125268458327,103.51839195538216,38.8141926470805,89.45767455812991,4.577937414907453
26.666666666666668,500.0,50.35445727302164,6.084072657683919,37.37126712945376,39.609436053519474,1.2944118027610885,40.88481364879613,26.24652777410228,16.961404311282003,60.00000000000001,60.00000000000001,60.00000000000001,0.0,120.00000000000001,0.0,80.0,20.0,68.82078030789484,55.321260809808095,89.45767455812991,4.577937414907453,115.89264299902692,1.1585125268458327,103.51839195538216,38.8141926470805
26.666666666666668,500.0,50.35445727302164,6.084072657683919,37.37126712945376,39.609436053519474,26.24652777410228,16.961404311282003,1.2944118027610885,40.88481364879613,60.00000000000001,60.00000000000001,60.00000000000001,0.0,80.0,20.0,120.00000000000001,0.0,68.82078030789484,55.321260809808095,89.45767455812991,4.577937414907453,103.51839195538216,38.8141926470805,115.89264299902692,1.1585125268458327
26.666666666666668,500.0,50.35445727302164,6.084072657683919,26.24652777410228,16.961404311282003,1.2944118027610885,40.88481364879613,37.37126712945376,39.609436053519474,60.0,60.0,80.0,20.0,120.0,0.0,60.0,0.0,68.82078030789484,55.321260809808095,103.51839195538216,38.8141926470805,115.89264299902692,1.1585125268458327,89.45767455812991,4.577937414907453
26.666666666666668,500.0,50.35445727302164,6.084072657683919,26.24652777410228,16.961404311282003,37.37126712945376,39.609436053519474,1.2944118027610885,40.88481364879613,60.0,60.0,80.0,20.0,60.0,0.0,120.0,0.0,68.82078030789484,55.321260809808095,103.51839195538216,38.8141926470805,89.45767455812991,4.577937414907453,115.89264299902692,1.1585125268458327
26.666666666666668,500.0,37.37126712945376,39.609436053519474,1.2944118027610885,40.88481364879613,50.35445727302164,6.084072657683919,26.24652777410228,16.961404311282003,60.00000000000001,0.0,120.00000000000001,0.0,60.00000000000001,60.00000000000001,80.0,20.0,89.45767455812991,4.577937414907453,115.89264299902692,1.1585125268458327,68.82078030789484,55.321260809808095,103.51839195538216,38.8141926470805
26.666666666666668,500.0,37.37126712945376,39.609436053519474,1.2944118027610885,40.88481364879613,26.24652777410228,16.961404311282003,50.35445727302164,6.084072657683919,60.00000000000001,0.0,120.00000000000001,0.0,80.0,20.0,60.00000000000001,60.00000000000001,89.45767455812991,4.577937414907453,115.89264299902692,1.1585125268458327,103.51839195538216,38.8141926470805,68.82078030789484,55.321260809808095
26.666666666666668,500.0,37.37126712945376,39.609436053519474,50.35445727302164,6.084072657683919,1.2944118027610885,40.88481364879613,26.24652777410228,16.961404311282003,60.0,0.0,60.0,60.0,120.0,0.0,80.0,20.0,89.45767455812991,4.577937414907453,68.82078030789484,55.321260809808095,115.89264299902692,1.1585125268458327,103.51839195538216,38.8141926470805
26.666666666666668,500.0,37.37126712945376,39.609436053519474,50.35445727302164,6.084072657683919,26.24652777410228,16.961404311282003,1.2944118027610885,40.88481364879613,60.0,0.0,60.0,60.0,80.0,20.0,120.0,0.0,89.45767455812991,4.577937414907453,68.82078030789484,55.321260809808095,103.51839195538216,38.8141926470805,115.89264299902692,1.1585125268458327
26.666666666666668,500.0,37.37126712945376,39.609436053519474,26.24652777410228,16.961404311282003,1.2944118027610885,40.88481364879613,50.35445727302164,6.084072657683919,60.00000000000001,0.0,80.0,20.0,120.00000000000001,0.0,60.00000000000001,60.00000000000001,89.45767455812991,4.577937414907453,103.51839195538216,38.8141926470805,115.89264299902692,1.1585125268458327,68.82078030789484,55.321260809808095
26.666666666666668,500.0,37.37126712945376,39.609436053519474,26.24652777410228,16.961404311282003,50.35445727302164,6.084072657683919,1.2944118027610885,40.88481364879613,60.00000000000001,0.0,80.0,20.0,60.00000000000001,60.00000000000001,120.00000000000001,0.0,89.45767455812991,4.577937414907453,103.51839195538216,38.8141926470805,68.82078030789484,55.321260809808095,115.89264299902692,1.1585125268458327
26.666666666666668,500.0,26.24652777410228,16.961404311282003,1.2944118027610885,40.88481364879613,50.35445727302164,6.084072657683919,37.37126712945376,39.609436053519474,80.0,20.0,120.00000000000001,0.0,60.00000000000001,60.00000000000001,60.00000000000001,0.0,103.51839195538216,38.8141926470805,115.89264299902692,1.1585125268458327,68.82078030789484,55.321260809808095,89.45767455812991,4.577937414907453
26.666666666666668,500.0,26.24652777410228,16.961404311282003,1.2944118027610885,40.88481364879613,37.37126712945376,39.609436053519474,50.35445727302164,6.084072657683919,80.0,20.0,120.00000000000001,0.0,60.00000000000001,0.0,60.00000000000001,60.00000000000001,103.51839195538216,38.8141926470805,115.89264299902692,1.1585125268458327,89.45767455812991,4.577937414907453,68.82078030789484,55.321260809808095
26.666666666666668,500.0,26.24652777410228,16.961404311282003,50.35445727302164,6.084072657683919,1.2944118027610885,40.88481364879613,37.37126712945376,39.609436053519474,80.0,20.0,60.00000000000001,60.00000000000001,120.00000000000001,0.0,60.00000000000001,0.0,103.51839195538216,38.8141926470805,68.82078030789484,55.321260809808095,115.89264299902692,1.1585125268458327,89.45767455812991,4.577937414907453
26.666666666666668,500.0,26.24652777410228,16.961404311282003,50.35445727302164,6.084072657683919,37.37126712945376,39.609436053519474,1.2944118027610885,40.88481364879613,80.0,20.0,60.00000000000001,60.00000000000001,60.00000000000001,0.0,120.00000000000001,0.0,103.51839195538216,38.8141926470805,68.82078030789484,55.321260809808095,89.45767455812991,4.577937414907453,115.89264299902692,1.1585125268458327
26.666666666666668,500.0,26.24652777410228,16.961404311282003,37.37126712945376,39.609436053519474,1.2944118027610885,40.88481364879613,50.35445727302164,6.084072657683919,80.0,20.0,60.00000000000001,0.0,120.00000000000001,0.0,60.00000000000001,60.00000000000001,103.51839195538216,38.8141926470805,89.45767455812991,4.577937414907453,115.89264299902692,1.1585125268458327,68.82078030789484,55.321260809808095
26.666666666666668,500.0,26.24652777410228,16.961404311282003,37.37126712945376,39.609436053519474,50.35445727302164,6.084072657683919,1.2944118027610885,40.88481364879613,80.0,20.0,60.00000000000001,0.0,60.00000000000001,60.00000000000001,120.00000000000001,0.0,103.51839195538216,38.8141926470805,89.45767455812991,4.577937414907453,68.82078030789484,55.321260809808095,115.89264299902692,1.1585125268458327
26.666666666666668,500.0,4.986313481924669,28.443465478277947,39.262306054545846,45.08312330904238,58.59750221033434,55.27925142276624,32.20875713361245,6.580401820989456,100.0,40.0,120.00000000000001,0.0,60.00000000000001,0.0,120.00000000000001,60.00000000000001,80.87312578093477,18.76758999256441,118.35620472848822,12.528460891371571,94.42700170059618,2.920573147726756,110.77133741503386,34.870297411032254
26.666666666666668,500.0,4.986313481924669,28.443465478277947,32.20875713361245,6.580401820989456,39.262306054545846,45.08312330904238,58.59750221033434,55.27925142276624,100.0,40.0,120.00000000000001,60.00000000000001,120.00000000000001,0.0,60.00000000000001,0.0,80.87312578093477,18.76758999256441,110.77133741503386,34.870297411032254,118.35620472848822,12.528460891371571,94.42700170059618,2.920573147726756
26.666666666666668,500.0,4.986313481924669,28.443465478277947,32.20875713361245,6.580401820989456,58.59750221033434,55.27925142276624,39.262306054545846,45.08312330904238,100.0,40.0,120.00000000000001,60.00000000000001,60.00000000000001,0.0,120.00000000000001,0.0,80.87312578093477,18.76758999256441,110.77133741503386,34.870297411032254,94.42700170059618,2.920573147726756,118.35620472848822,12.528460891371571
26.666666666666668,500.0,4.986313481924669,28.443465478277947,58.59750221033434,55.27925142276624,39.262306054545846,45.08312330904238,32.20875713361245,6.580401820989456,100.0,40.0,60.00000000000001,0.0,120.00000000000001,0.0,120.00000000000001,60.00000000000001,80.87312578093477,18.76758999256441,94.42700170059618,2.920573147726756,118.35620472848822,12.528460891371571,110.77133741503386,34.870297411032254
26.666666666666668,500.0,4.986313481924669,28.443465478277947,58.59750221033434,55.27925142276624,32.20875713361245,6.580401820989456,39.262306054545846,45.08312330904238,100.0,40.0,60.00000000000001,0.0,120.00000000000001,60.00000000000001,120.00000000000001,0.0,80.87312578093477,18.76758999256441,94.42700170059618,2.920573147726756,110.77133741503386,34.870297411032254,118.35620472848822,12.528460891371571
26.666666666666668,500.0,39.262306054545846,45.08312330904238,4.986313481924669,28.443465478277947,32.20875713361245,6.580401820989456,58.59750221033434,55.27925142276624,120.00000000000001,0.0,100.0,40.0,120.00000000000001,60.00000000000001,60.00000000000001,0.0,118.35620472848822,12.528460891371571,80.87312578093477,18.76758999256441,110.77133741503386,34.870297411032254,94.42700170059618,2.920573147726756
26.666666666666668,500.0,39.262306054545846,45.08312330904238,4.986313481924669,28.443465478277947,58.59750221033434,55.27925142276624,32.20875713361245,6.580401820989456,120.00000000000001,0.0,100.0,40.0,60.00000000000001,0.0,120.00000000000001,60.00000000000001,118.35620472848822,12.528460891371571,80.87312578093477,18.76758999256441,94.42700170059618,2.920573147726756,110.77133741503386,34.870297411032254
26.666666666666668,500.0,39.262306054545846,45.08312330904238,32.20875713361245,6.580401820989456,4.986313481924669,28.443465478277947,58.59750221033434,55.27925142276624,120.00000000000001,0.0,120.00000000000001,60.00000000000001,100.0,40.0,60.00000000000001,0.0,118.35620472848822,12.528460891371571,110.77133741503386,34.870297411032254,80.87312578093477,18.76758999256441,94.42700170059618,2.920573147726756
26.666666666666668,500.0,39.262306054545846,45.08312330904238,32.20875713361245,6.580401820989456,58.59750221033434,55.27925142276624,4.986313481924669,28.443465478277947,120.00000000000001,0.0,120.00000000000001,60.00000000000001,60.00000000000001,0.0,100.0,40.0,118.35620472848822,12.528460891371571,110.77133741503386,34.870297411032254,94.42700170059618,2.920573147726756,80.87312578093477,18.76758999256441
26.666666666666668,500.0,39.262306054545846,45.08312330904238,58.59750221033434,55.27925142276624,4.986313481924669,28.443465478277947,32.20875713361245,6.580401820989456,120.00000000000001,0.0,60.00000000000001,0.0,100.0,40.0,120.00000000000001,60.00000000000001,118.35620472848822,12.528460891371571,94.42700170059618,2.920573147726756,80.87312578093477,18.76758999256441,110.77133741503386,34.870297411032254
26.666666666666668,500.0,39.262306054545846,45.08312330904238,58.59750221033434,55.27925142276624,32.20875713361245,6.580401820989456,4.986313481924669,28.443465478277947,120.00000000000001,0.0,60.00000000000001,0.0,120.00000000000001,60.00000000000001,100.0,40.0,118.35620472848822,12.528460891371571,94.42700170059618,2.920573147726756,110.77133741503386,34.870297411032254,80.87312578093477,18.76758999256441
26.666666666666668,500.0,32.20875713361245,6.580401820989456,4.986313481924669,28.443465478277947,39.262306054545846,45.08312330904238,58.59750221033434,55.27925142276624,120.00000000000001,60.00000000000001,100.0,40.0,120.00000000000001,0.0,60.00000000000001,0.0,110.77133741503386,34.870297411032254,80.87312578093477,18.76758999256441,118.35620472848822,12.528460891371571,94.42700170059618,2.920573147726756
26.666666666666668,500.0,32.20875713361245,6.580401820989456,4.986313481924669,28.443465478277947,58.59750221033434,55.27925142276624,39.262306054545846,45.08312330904238,120.00000000000001,60.00000000000001,100.0,40.0,60.00000000000001,0.0,120.00000000000001,0.0,110.77133741503386,34.870297411032254,80.87312578093477,18.76758999256441,94.42700170059618,2.920573147726756,118.35620472848822,12.528460891371571
26.666666666666668,500.0,32.20875713361245,6.580401820989456,39.262306054545846,45.08312330904238,4.986313481924669,28.443465478277947,58.59750221033434,55.27925142276624,120.00000000000001,60.00000000000001,120.00000000000001,0.0,100.0,40.0,60.00000000000001,0.0,110.77133741503386,34.870297411032254,118.35620472848822,12.528460891371571,80.87312578093477,18.76758999256441,94.42700170059618,2.920573147726756
26.666666666666668,500.0,32.20875713361245,6.580401820989456,39.262306054545846,45.08312330904238,58.59750221033434,55.27925142276624,4.986313481924669,28.443465478277947,120.00000000000001,60.00000000000001,120.00000000000001,0.0,60.00000000000001,0.0,100.0,40.0,110.77133741503386,34.870297411032254,118.35620472848822,12.528460891371571,94.42700170059618,2.920573147726756,80.87312578093477,18.76758999256441
26.666666666666668,500.0,32.20875713361245,6.580401820989456,58.59750221033434,55.27925142276624,4.986313481924669,28.443465478277947,39.262306054545846,45.08312330904238,120.00000000000001,60.00000000000001,60.00000000000001,0.0,100.0,40.0,120.00000000000001,0.0,110.77133741503386,34.870297411032254,94.42700170059618,2.920573147726756,80.87312578093477,18.76758999256441,118.35620472848822,12.528460891371571
26.666666666666668,500.0,32.20875713361245,6.580401820989456,58.59750221033434,55.27925142276624,39.262306054545846,45.08312330904238,4.986313481924669,28.443465478277947,120.00000000000001,60.00000000000001,60.00000000000001,0.0,120.00000000000001,0.0,100.0,40.0,110.77133741503386,34.870297411032254,94.42700170059618,2.920573147726756,118.35620472848822,12.528460891371571,80.87312578093477,18.76758999256441
26.666666666666668,500.0,58.59750221033434,55.27925142276624,4.986313481924669,28.443465478277947,39.262306054545846,45.08312330904238,32.20875713361245,6.580401820989456,60.00000000000001,0.0,100.0,40.0,120.00000000000001,0.0,120.00000000000001,60.00000000000001,94.42700170059618,2.920573147726756,80.87312578093477,18.76758999256441,118.35620472848822,12.528460891371571,110.77133741503386,34.870297411032254
26.666666666666668,500.0,58.59750221033434,55.27925142276624,4.986313481924669,28.443465478277947,32.20875713361245,6.580401820989456,39.262306054545846,45.08312330904238,60.00000000000001,0.0,100.0,40.0,120.00000000000001,60.00000000000001,120.00000000000001,0.0,94.42700170059618,2.920573147726756,80.87312578093477,18.76758999256441,110.77133741503386,34.870297411032254,118.35620472848822,12.528460891371571
26.666666666666668,500.0,58.59750221033434,55.27925142276624,39.262306054545846,45.08312330904238,4.986313481924669,28.443465478277947,32.20875713361245,6.580401820989456,60.00000000000001,0.0,120.00000000000001,0.0,100.0,40.0,120.00000000000001,60.00000000000001,94.42700170059618,2.920573147726756,118.35620472848822,12.528460891371571,80.87312578093477,18.76758999256441,110.77133741503386,34.870297411032254
26.666666666666668,500.0,58.59750221033434,55.27925142276624,39.262306054545846,45.08312330904238,32.20875713361245,6.580401820989456,4.986313481924669,28.443465478277947,60.00000000000001,0.0,120.00000000000001,0.0,120.00000000000001,60.00000000000001,100.0,40.0,94.42700170059618,2.920573147726756,118.35620472848822,12.528460891371571,110.77133741503386,34.870297411032254,80.87312578093477,18.76758999256441
26.666666666666668,500.0,58.59750221033434,55.27925142276624,32.20875713361245,6.580401820989456,4.986313481924669,28.443465478277947,39.262306054545846,45.08312330904238,60.00000000000001,0.0,120.00000000000001,60.00000000000001,100.0,40.0,120.00000000000001,0.0,94.42700170059618,2.920573147726756,110.77133741503386,34.870297411032254,80.87312578093477,18.76758999256441,118.35620472848822,12.528460891371571
26.666666666666668,500.0,58.59750221033434,55.27925142276624,32.20875713361245,6.580401820989456,39.262306054545846,45.08312330904238,4.986313481924669,28.443465478277947,60.00000000000001,0.0,120.00000000000001,60.00000000000001,120.00000000000001,0.0,100.0,40.0,94.42700170059618,2.920573147726756,110.77133741503386,34.870297411032254,118.35620472848822,12.528460891371571,80.87312578093477,18.76758999256441
26.666666666666668,500.0,5.211348800272397,8.376148412347781,57.369293262625085,17.95851595357707,36.03274430982172,41.498665211570525,9.102339826940264,33.941225583291185,119.99999999999999,59.99999999999999,59.99999999999999,40.0,59.99999999999999,0.0,119.99999999999999,0.0,115.01625076595369,49.64737292579381,62.91577986770067,40.67249333474293,79.80692241041484,25.936103341121807,100.31670182468582,28.3968282086516
26.666666666666668,500.0,5.211348800272397,8.376148412347781,9.102339826940264,33.941225583291185,57.369293262625085,17.95851595357707,36.03274430982172,41.498665211570525,119.99999999999999,59.99999999999999,119.99999999999999,0.0,59.99999999999999,40.0,59.99999999999999,0.0,115.01625076595369,49.64737292579381,100.31670182468582,28.3968282086516,62.91577986770067,40.67249333474293,79.80692241041484,25.936103341121807
26.666666666666668,500.0,5.211348800272397,8.376148412347781,9.102339826940264,33.941225583291185,36.03274430982172,41.498665211570525,57.369293262625085,17.95851595357707,119.99999999999999,59.99999999999999,119.99999999999999,0.0,59.99999999999999,0.0,59.99999999999999,40.0,115.01625076595369,49.64737292579381,100.31670182468582,28.3968282086516,79.80692241041484,25.936103341121807,62.91577986770067,40.67249333474293
26.666666666666668,500.0,5.211348800272397,8.376148412347781,36.03274430982172,41.498665211570525,57.369293262625085,17.95851595357707,9.102339826940264,33.941225583291185,119.99999999999999,59.99999999999999,59.99999999999999,0.0,59.99999999999999,40.0,119.99999999999999,0.0,115.01625076595369,49.64737292579381,79.80692241041484,25.936103341121807,62.91577986770067,40.67249333474293,100.31670182468582,28.3968282086516
26.666666666666668,500.0,5.211348800272397,8.376148412347781,36.03274430982172,41.498665211570525,9.102339826940264,33.941225583291185,57.369293262625085,17.95851595357707,119.99999999999999,59.99999999999999,59.99999999999999,0.0,119.99999999999999,0.0,59.99999999999999,40.0,115.01625076595369,49.64737292579381,79.80692241041484,25.936103341121807,100.31670182468582,28.3968282086516,62.91577986770067,40.67249333474293
26.666666666666668,500.0,57.369293262625085,17.95851595357707,5.211348800272397,8.376148412347781,9.102339826940264,33.941225583291185,36.03274430982172,41.498665211570525,60.0,40.0,120.0,60.0,120.0,0.0,60.0,0.0,62.91577986770067,40.67249333474293,115.01625076595369,49.64737292579381,100.31670182468582,28.3968282086516,79.80692241041484,25.936103341121807
26.666666666666668,500.0,57.369293262625085,17.95851595357707,5.211348800272397,8.376148412347781,36.03274430982172,41.498665211570525,9.102339826940264,33.941225583291185,59.99999999999999,40.0,119.99999999999999,59.99999999999999,59.99999999999999,0.0,119.99999999999999,0.0,62.91577986770067,40.67249333474293,115.01625076595369,49.64737292579381,79.80692241041484,25.936103341121807,100.31670182468582,28.3968282086516
26.666666666666668,500.0,57.369293262625085,17.95851595357707,9.102339826940264,33.941225583291185,5.211348800272397,8.376148412347781,36.03274430982172,41.498665211570525,60.0,40.0,120.0,0.0,120.0,60.0,60.0,0.0,62.91577986770067,40.67249333474293,100.31670182468582,28.3968282086516,115.01625076595369,49.64737292579381,79.80692241041484,25.936103341121807
26.666666666666668,500.0,57.369293262625085,17.95851595357707,9.102339826940264,33.941225583291185,36.03274430982172,41.498665211570525,5.211348800272397,8.376148412347781,59.99999999999999,40.0,119.99999999999999,0.0,59.99999999999999,0.0,119.99999999999999,59.99999999999999,62.91577986770067,40.67249333474293,100.31670182468582,28.3968282086516,79.80692241041484,25.936103341121807,115.01625076595369,49.64737292579381
26.666666666666668,500.0,57.369293262625085,17.95851595357707,36.03274430982172,41.498665211570525,5.211348800272397,8.376148412347781,9.102339826940264,33.941225583291185,59.99999999999999,40.0,59.99999999999999,0.0,119.99999999999999,59.99999999999999,119.99999999999999,0.0,62.91577986770067,40.67249333474293,79.80692241041484,25.936103341121807,115.01625076595369,49.64737292579381,100.31670182468582,28.3968282086516
26.666666666666668,500.0,57.369293262625085,17.95851595357707,36.03274430982172,41.498665211570525,9.102339826940264,33.941225583291185,5.211348800272397,8.376148412347781,59.99999999999999,40.0,59.99999999999999,0.0,119.99999999999999,0.0,119.99999999999999,59.99999999999999,62.91577986770067,40.67249333474293,79.80692241041484,25.936103341121807,100.31670182468582,28.3968282086516,115.01625076595369,49.64737292579381
26.666666666666668,500.0,9.102339826940264,33.941225583291185,5.211348800272397,8.376148412347781,57.369293262625085,17.95851595357707,36.03274430982172,41.498665211570525,119.99999999999999,0.0,119.99999999999999,59.99999999999999,59.99999999999999,40.0,59.99999999999999,0.0,100.31670182468582,28.3968282086516,115.01625076595369,49.64737292579381,62.91577986770067,40.67249333474293,79.80692241041484,25.936103341121807
26.666666666666668,500.0,9.102339826940264,33.941225583291185,5.211348800272397,8.376148412347781,36.03274430982172,41.498665211570525,57.369293262625085,17.95851595357707,119.99999999999999,0.0,119.99999999999999,59.99999999999999,59.99999999999999,0.0,59.99999999999999,40.0,100.31670182468582,28.3968282086516,115.01625076595369,49.64737292579381,79.80692241041484,25.936103341121807,62.91577986770067,40.67249333474293
26.666666666666668,500.0,9.102339826940264,33.941225583291185,57.369293262625085,17.95851595357707,5.211348800272397,8.376148412347781,36.03274430982172,41.498665211570525,120.0,0.0,60.0,40.0,120.0,60.0,60.0,0.0,100.31670182468582,28.3968282086516,62.91577986770067,40.67249333474293,115.01625076595369,49.64737292579381,79.80692241041484,25.936103341121807
26.666666666666668,500.0,9.102339826940264,33.941225583291185,57.369293262625085,17.95851595357707,36.03274430982172,41.498665211570525,5.211348800272397,8.376148412347781,119.99999999999999,0.0,59.99999999999999,40.0,59.99999999999999,0.0,119.99999999999999,59.99999999999999,100.31670182468582,28.3968282086516,62.91577986770067,40.67249333474293,79.80692241041484,25.936103341121807,115.01625076595369,49.64737292579381
26.666666666666668,500.0,9.102339826940264,33.941225583291185,36.03274430982172,41.498665211570525,5.211348800272397,8.376148412347781,57.369293262625085,17.95851595357707,119.99999999999999,0.0,59.99999999999999,0.0,119.99999999999999,59.99999999999999,59.99999999999999,40.0,100.31670182468582,28.3968282086516,79.80692241041484,25.936103341121807,115.01625076595369,49.64737292579381,62.91577986770067,40.67249333474293
26.666666666666668,500.0,9.102339826940264,33.941225583291185,36.03274430982172,41.498665211570525,57.369293262625085,17.95851595357707,5.211348800272397,8.376148412347781,119.99999999999999,0.0,59.99999999999999,0.0,59.99999999999999,40.0,119.99999999999999,59.99999999999999,100.31670182468582,28.3968282086516,79.80692241041484,25.936103341121807,62.91577986770067,40.67249333474293,115.01625076595369,49.64737292579381
26.666666666666668,500.0,36.03274430982172,41.498665211570525,5.211348800272397,8.376148412347781,57.369293262625085,17.95851595357707,9.102339826940264,33.941225583291185,60.0,0.0,120.0,60.0,60.0,40.0,120.0,0.0,79.80692241041484,25.936103341121807,115.01625076595369,49.64737292579381,62.91577986770067,40.67249333474293,100.31670182468582,28.3968282086516
26.666666666666668,500.0,36.03274430982172,41.498665211570525,5.211348800272397,8.376148412347781,9.102339826940264,33.941225583291185,57.369293262625085,17.95851595357707,59.99999999999999,0.0,119.99999999999999,59.99999999999999,119.99999999999999,0.0,59.99999999999999,40.0,79.80692241041484,25.936103341121807,115.01625076595369,49.64737292579381,100.31670182468582,28.3968282086516,62.91577986770067,40.67249333474293
26.666666666666668,500.0,36.03274430982172,41.498665211570525,57.369293262625085,17.95851595357707,5.211348800272397,8.376148412347781,9.102339826940264,33.941225583291185,59.99999999999999,0.0,59.99999999999999,40.0,119.99999999999999,59.99999999999999,119.99999999999999,0.0,79.80692241041484,25.936103341121807,62.91577986770067,40.67249333474293,115.01625076595369,49.64737292579381,100.31670182468582,28.3968282086516
26.666666666666668,500.0,36.03274430982172,41.498665211570525,57.369293262625085,17.95851595357707,9.102339826940264,33.941225583291185,5.211348800272397,8.376148412347781,59.99999999999999,0.0,59.99999999999999,40.0,119.99999999999999,0.0,119.99999999999999,59.99999999999999,79.80692241041484,25.936103341121807,62.91577986770067,40.67249333474293,100.31670182468582,28.3968282086516,115.01625076595369,49.64737292579381
26.666666666666668,500.0,36.03274430982172,41.498665211570525,9.102339826940264,33.941225583291185,5.211348800272397,8.376148412347781,57.369293262625085,17.95851595357707,59.99999999999999,0.0,119.99999999999999,0.0,119.99999999999999,59.99999999999999,59.99999999999999,40.0,79.80692241041484,25.936103341121807,100.31670182468582,28.3968282086516,115.01625076595369,49.64737292579381,62.91577986770067,40.67249333474293
26.666666666666668,500.0,36.03274430982172,41.498665211570525,9.102339826940264,33.941225583291185,57.369293262625085,17.95851595357707,5.211348800272397,8.376148412347781,60.0,0.0,120.0,0.0,60.0,40.0,120.0,60.0,79.80692241041484,25.936103341121807,100.31670182468582,28.3968282086516,62.91577986770067,40.67249333474293,115.01625076595369,49.64737292579381
26.666666666666668,500.0,44.34573782095048,36.33570249394532,0.3037399981834165,56.947888135775045,59.54855169804455,1.5227202548656282,20.561475412279616,42.77581139119352,80.0,20.0,100.00000000000001,0.0,60.0,40.0,100.00000000000001,20.0,69.0849093212156,16.707958903091875,99.42547142384328,3.310404909422872,86.10422011683957,44.52668005093302,113.69134097040856,17.424133968031562
26.666666666666668,500.0,44.34573782095048,36.33570249394532,20.561475412279616,42.77581139119352,0.3037399981834165,56.947888135775045,59.54855169804455,1.5227202548656282,80.0,20.0,100.00000000000001,20.0,100.00000000000001,0.0,60.0,40.0,69.0849093212156,16.707958903091875,113.69134097040856,17.424133968031562,99.42547142384328,3.310404909422872,86.10422011683957,44.52668005093302
26.666666666666668,500.0,44.34573782095048,36.33570249394532,20.561475412279616,42.77581139119352,59.54855169804455,1.5227202548656282,0.3037399981834165,56.947888135775045,80.0,20.0,100.00000000000001,20.0,60.0,40.0,100.00000000000001,0.0,69.0849093212156,16.707958903091875,113.69134097040856,17.424133968031562,86.10422011683957,44.52668005093302,99.42547142384328,3.310404909422872
26.666666666666668,500.0,44.34573782095048,36.33570249394532,59.54855169804455,1.5227202548656282,0.3037399981834165,56.947888135775045,20.561475412279616,42.77581139119352,80.0,20.0,60.0,40.0,100.00000000000001,0.0,100.00000000000001,20.0,69.0849093212156,16.707958903091875,86.10422011683957,44.52668005093302,99.42547142384328,3.310404909422872,113.69134097040856,17.424133968031562
26.666666666666668,500.0,44.34573782095048,36.33570249394532,59.54855169804455,1.5227202548656282,20.561475412279616,42.77581139119352,0.3037399981834165,56.947888135775045,80.0,20.0,60.0,40.0,100.00000000000001,20.0,100.00000000000001,0.0,69.0849093212156,16.707958903091875,86.10422011683957,44.52668005093302,113.69134097040856,17.424133968031562,99.42547142384328,3.310404909422872
26.666666666666668,500.0,0.3037399981834165,56.947888135775045,44.34573782095048,36.33570249394532,20.561475412279616,42.77581139119352,59.54855169804455,1.5227202548656282,100.00000000000001,0.0,80.0,20.0,100.00000000000001,20.0,60.0,40.0,99.42547142384328,3.310404909422872,69.0849093212156,16.707958903091875,113.69134097040856,17.424133968031562,86.10422011683957,44.52668005093302
26.666666666666668,500.0,0.3037399981834165,56.947888135775045,44.34573782095048,36.33570249394532,59.54855169804455,1.5227202548656282,20.561475412279616,42.77581139119352,100.00000000000001,0.0,80.0,20.0,60.0,40.0,100.00000000000001,20.0,99.42547142384328,3.310404909422872,69.0849093212156,16.707958903091875,86.10422011683957,44.52668005093302,113.69134097040856,17.424133968031562
26.666666666666668,500.0,0.3037399981834165,56.947888135775045,20.561475412279616,42.77581139119352,44.34573782095048,36.33570249394532,59.54855169804455,1.5227202548656282,100.00000000000001,0.0,100.00000000000001,20.0,80.0,20.0,60.0,40.0,99.42547142384328,3.310404909422872,113.69134097040856,17.424133968031562,69.0849093212156,16.707958903091875,86.10422011683957,44.52668005093302
26.666666666666668,500.0,0.3037399981834165,56.947888135775045,20.561475412279616,42.77581139119352,59.54855169804455,1.5227202548656282,44.34573782095048,36.33570249394532,100.00000000000001,0.0,100.00000000000001,20.0,60.0,40.0,80.0,20.0,99.42547142384328,3.310404909422872,113.69134097040856,17.424133968031562,86.10422011683957,44.52668005093302,69.0849093212156,16.707958903091875
26.666666666666668,500.0,0.3037399981834165,56.947888135775045,59.54855169804455,1.5227202548656282,44.34573782095048,36.33570249394532,20.561475412279616,42.77581139119352,100.00000000000001,0.0,60.0,40.0,80.0,20.0,100.00000000000001,20.0,99.42547142384328,3.310404909422872,86.10422011683957,44.52668005093302,69.0849093212156,16.707958903091875,113.69134097040856,17.424133968031562
26.666666666666668,500.0,0.3037399981834165,56.947888135775045,59.54855169804455,1.5227202548656282,20.561475412279616,42.77581139119352,44.34573782095048,36.33570249394532,100.00000000000001,0.0,60.0,40.0,100.00000000000001,20.0,80.0,20.0,99.42547142384328,3.310404909422872,86.10422011683957,44.52668005093302,113.69134097040856,17.424133968031562,69.0849093212156,16.707958903091875
26.666666666666668,500.0,20.561475412279616,42.77581139119352,44.34573782095048,36.33570249394532,0.3037399981834165,56.947888135775045,59.54855169804455,1.5227202548656282,100.00000000000001,20.0,80.0,20.0,100.00000000000001,0.0,60.0,40.0,113.69134097040856,17.424133968031562,69.0849093212156,16.707958903091875,99.42547142384328,3.310404909422872,86.10422011683957,44.52668005093302
26.666666666666668,500.0,20.561475412279616,42.77581139119352,44.34573782095048,36.33570249394532,59.54855169804455,1.5227202548656282,0.3037399981834165,56.947888135775045,100.00000000000001,20.0,80.0,20.0,60.0,40.0,100.00000000000001,0.0,113.69134097040856,17.424133968031562,69.0849093212156,16.707958903091875,86.10422011683957,44.52668005093302,99.42547142384328,3.310404909422872
26.666666666666668,500.0,20.561475412279616,42.77581139119352,0.3037399981834165,56.947888135775045,44.34573782095048,36.33570249394532,59.54855169804455,1.5227202548656282,100.00000000000001,20.0,100.00000000000001,0.0,80.0,20.0,60.0,40.0,113.69134097040856,17.424133968031562,99.42547142384328,3.310404909422872,69.0849093212156,16.707958903091875,86.10422011683957,44.52668005093302
26.666666666666668,500.0,20.561475412279616,42.77581139119352,0.3037399981834165,56.947888135775045,59.54855169804455,1.5227202548656282,44.34573782095048,36.33570249394532,100.00000000000001,20.0,100.00000000000001,0.0,60.0,40.0,80.0,20.0,113.69134097040856,17.424133968031562,99.42547142384328,3.310404909422872,86.10422011683957,44.52668005093302,69.0849093212156,16.707958903091875
26.666666666666668,500.0,20.561475412279616,42.77581139119352,59.54855169804455,1.5227202548656282,44.34573782095048,36.33570249394532,0.3037399981834165,56.947888135775045,100.00000000000001,20.0,60.0,40.0,80.0,20.0,100.00000000000001,0.0,113.69134097040856,17.424133968031562,86.10422011683957,44.52668005093302,69.0849093212156,16.707958903091875,99.42547142384328,3.310404909422872
26.666666666666668,500.0,20.561475412279616,42.77581139119352,59.54855169804455,1.5227202548656282,0.3037399981834165,56.947888135775045,44.34573782095048,36.33570249394532,99.99999999999999,20.0,60.0,40.0,99.99999999999999,0.0,80.0,20.0,113.69134097040856,17.424133968031562,86.10422011683957,44.52668005093302,99.42547142384328,3.310404909422872,69.0849093212156,16.707958903091875
26.666666666666668,500.0,59.54855169804455,1.5227202548656282,44.34573782095048,36.33570249394532,0.3037399981834165,56.947888135775045,20.561475412279616,42.77581139119352,60.0,40.0,80.0,20.0,100.00000000000001,0.0,100.00000000000001,20.0,86.10422011683957,44.52668005093302,69.0849093212156,16.707958903091875,99.42547142384328,3.310404909422872,113.69134097040856,17.424133968031562
26.666666666666668,500.0,59.54855169804455,1.5227202548656282,44.34573782095048,36.33570249394532,20.561475412279616,42.77581139119352,0.3037399981834165,56.947888135775045,60.0,40.0,80.0,20.0,100.00000000000001,20.0,100.00000000000001,0.0,86.10422011683957,44.52668005093302,69.0849093212156,16.707958903091875,113.69134097040856,17.424133968031562,99.42547142384328,3.310404909422872
26.666666666666668,500.0,59.54855169804455,1.5227202548656282,0.3037399981834165,56.947888135775045,44.34573782095048,36.33570249394532,20.561475412279616,42.77581139119352,60.0,40.0,99.99999999999999,0.0,80.0,20.0,99.99999999999999,20.0,86.10422011683957,44.52668005093302,99.42547142384328,3.310404909422872,69.0849093212156,16.707958903091875,113.69134097040856,17.424133968031562
26.666666666666668,500.0,59.54855169804455,1.5227202548656282,0.3037399981834165,56.947888135775045,20.561475412279616,42.77581139119352,44.34573782095048,36.33570249394532,60.0,40.0,99.99999999999999,0.0,99.99999999999999,20.0,80.0,20.0,86.10422011683957,44.52668005093302,99.42547142384328,3.310404909422872,113.69134097040856,17.424133968031562,69.0849093212156,16.707958903091875
26.666666666666668,500.0,59.54855169804455,1.5227202548656282,20.561475412279616,42.77581139119352,44.34573782095048,36.33570249394532,0.3037399981834165,56.947888135775045,60.0,40.0,100.00000000000001,20.0,80.0,20.0,100.00000000000001,0.0,86.10422011683957,44.52668005093302,113.69134097040856,17.424133968031562,69.0849093212156,16.707958903091875,99.42547142384328,3.310404909422872
26.666666666666668,500.0,59.54855169804455,1.5227202548656282,20.561475412279616,42.77581139119352,0.3037399981834165,56.947888135775045,44.34573782095048,36.33570249394532,60.0,40.0,100.00000000000001,20.0,100.00000000000001,0.0,80.0,20.0,86.10422011683957,44.52668005093302,113.69134097040856,17.424133968031562,99.42547142384328,3.310404909422872,69.0849093212156,16.707958903091875
40.0,500.0,12.185706071055533,9.871360616351224,38.18921908201288,21.308982164732328,2.5780299027295883,43.858517242007046,58.72518985345108,37.79540027620673,60.0,60.0,100.0,60.0,120.0,60.0,80.0,60.0,96.63098808597104,45.95962329971167,114.94865220405802,37.8845116305791,113.02051012184072,14.39819125675136,71.48640067527002,18.27015312029941
40.0,500.0,12.185706071055533,9.871360616351224,58.72518985345108,37.79540027620673,38.18921908201288,21.308982164732328,2.5780299027295883,43.858517242007046,60.0,60.0,80.0,60.0,100.0,60.0,120.0,60.0,96.63098808597104,45.95962329971167,71.48640067527002,18.27015312029941,114.94865220405802,37.8845116305791,113.02051012184072,14.39819125675136
40.0,500.0,12.185706071055533,9.871360616351224,58.72518985345108,37.79540027620673,2.5780299027295883,43.858517242007046,38.18921908201288,21.308982164732328,60.0,60.0,80.0,60.0,120.0,60.0,100.0,60.0,96.63098808597104,45.95962329971167,71.48640067527002,18.27015312029941,113.02051012184072,14.39819125675136,114.94865220405802,37.8845116305791
40.0,500.0,12.185706071055533,9.871360616351224,2.5780299027295883,43.858517242007046,38.18921908201288,21.308982164732328,58.72518985345108,37.79540027620673,60.0,60.0,120.0,60.0,100.0,60.0,80.0,60.0,96.63098808597104,45.95962329971167,113.02051012184072,14.39819125675136,114.94865220405802,37.8845116305791,71.48640067527002,18.27015312029941
40.0,500.0,12.185706071055533,9.871360616351224,2.5780299027295883,43.858517242007046,58.72518985345108,37.79540027620673,38.18921908201288,21.308982164732328,60.0,60.0,120.0,60.0,80.0,60.0,100.0,60.0,96.63098808597104,45.95962329971167,113.02051012184072,14.39819125675136,71.48640067527002,18.27015312029941,114.94865220405802,37.8845116305791
40.0,500.0,38.18921908201288,21.308982164732328,12.185706071055533,9.871360616351224,58.72518985345108,37.79540027620673,2.5780299027295883,43.858517242007046,100.0,60.0,60.0,60.0,80.0,60.0,120.0,60.0,114.94865220405802,37.8845116305791,96.63098808597104,45.95962329971167,71.48640067527002,18.27015312029941,113.02051012184072,14.39819125675136
40.0,500.0,38.18921908201288,21.308982164732328,12.185706071055533,9.871360616351224,2.5780299027295883,43.858517242007046,58.72518985345108,37.79540027620673,100.0,60.0,60.0,60.0,120.0,60.0,80.0,60.0,114.94865220405802,37.8845116305791,96.63098808597104,45.95962329971167,113.02051012184072,14.39819125675136,71.48640067527002,18.27015312029941
40.0,500.0,38.18921908201288,21.308982164732328,58.72518985345108,37.79540027620673,12.185706071055533,9.871360616351224,2.5780299027295883,43.858517242007046,100.0,60.0,80.0,60.0,60.0,60.0,120.0,60.0,114.94865220405802,37.8845116305791,71.48640067527002,18.27015312029941,96.63098808597104,45.95962329971167,113.02051012184072,14.39819125675136
40.0,500.0,38.18921908201288,21.308982164732328,58.72518985345108,37.79540027620673,2.5780299027295883,43.858517242007046,12.185706071055533,9.871360616351224,100.0,60.0,80.0,60.0,120.0,60.0,60.0,60.0,114.94865220405802,37.8845116305791,71.48640067527002,18.27015312029941,113.02051012184072,14.39819125675136,96.63098808597104,45.95962329971167
40.0,500.0,38.18921908201288,21.308982164732328,2.5780299027295883,43.858517242007046,12.185706071055533,9.871360616351224,58.72518985345108,37.79540027620673,100.0,60.0,120.0,60.0,60.0,60.0,80.0,60.0,114.94865220405802,37.8845116305791,113.02051012184072,14.39819125675136,96.63098808597104,45.95962329971167,71.48640067527002,18.27015312029941
40.0,500.0,38.18921908201288,21.308982164732328,2.5780299027295883,43.858517242007046,58.72518985345108,37.79540027620673,12.185706071055533,9.871360616351224,100.0,60.0,120.0,60.0,80.0,60.0,60.0,60.0,114.94865220405802,37.8845116305791,113.02051012184072,14.39819125675136,71.48640067527002,18.27015312029941,96.63098808597104,45.95962329971167
40.0,500.0,58.72518985345108,37.79540027620673,12.185706071055533,9.871360616351224,38.18921908201288,21.308982164732328,2.5780299027295883,43.858517242007046,80.0,60.0,60.0,60.0,100.0,60.0,120.0,60.0,71.48640067527002,18.27015312029941,96.63098808597104,45.95962329971167,114.94865220405802,37.8845116305791,113.02051012184072,14.39819125675136
40.0,500.0,58.72518985345108,37.79540027620673,12.185706071055533,9.871360616351224,2.5780299027295883,43.858517242007046,38.18921908201288,21.308982164732328,80.0,60.0,60.0,60.0,120.0,60.0,100.0,60.0,71.48640067527002,18.27015312029941,96.63098808597104,45.95962329971167,113.02051012184072,14.39819125675136,114.94865220405802,37.8845116305791
40.0,500.0,58.72518985345108,37.79540027620673,38.18921908201288,21.308982164732328,12.185706071055533,9.871360616351224,2.5780299027295883,43.858517242007046,80.0,60.0,100.0,60.0,60.0,60.0,120.0,60.0,71.48640067527002,18.27015312029941,114.94865220405802,37.8845116305791,96.63098808597104,45.95962329971167,113.02051012184072,14.39819125675136
40.0,500.0,58.72518985345108,37.79540027620673,38.18921908201288,21.308982164732328,2.5780299027295883,43.858517242007046,12.185706071055533,9.871360616351224,80.0,60.0,100.0,60.0,120.0,60.0,60.0,60.0,71.48640067527002,18.27015312029941,114.94865220405802,37.8845116305791,113.02051012184072,14.39819125675136,96.63098808597104,45.95962329971167
40.0,500.0,58.72518985345108,37.79540027620673,2.5780299027295883,43.858517242007046,12.185706071055533,9.871360616351224,38.18921908201288,21.308982164732328,80.0,60.0,120.0,60.0,60.0,60.0,100.0,60.0,71.48640067527002,18.27015312029941,113.02051012184072,14.39819125675136,96.63098808597104,45.95962329971167,114.94865220405802,37.8845116305791
40.0,500.0,58.72518985345108,37.79540027620673,2.5780299027295883,43.858517242007046,38.18921908201288,21.308982164732328,12.185706071055533,9.871360616351224,80.0,60.0,120.0,60.0,100.0,60.0,60.0,60.0,71.48640067527002,18.27015312029941,113.02051012184072,14.39819125675136,114.94865220405802,37.8845116305791,96.63098808597104,45.95962329971167
40.0,500.0,2.5780299027295883,43.858517242007046,12.185706071055533,9.871360616351224,38.18921908201288,21.308982164732328,58.72518985345108,37.79540027620673,120.0,60.0,60.0,60.0,100.0,60.0,80.0,60.0,113.02051012184072,14.39819125675136,96.63098808597104,45.95962329971167,114.94865220405802,37.8845116305791,71.48640067527002,18.27015312029941
40.0,500.0,2.5780299027295883,43.858517242007046,12.185706071055533,9.871360616351224,58.72518985345108,37.79540027620673,38.18921908201288,21.308982164732328,120.0,60.0,60.0,60.0,80.0,60.0,100.0,60.0,113.02051012184072,14.39819125675136,96.63098808597104,45.95962329971167,71.48640067527002,18.27015312029941,114.94865220405802,37.8845116305791
40.0,500.0,2.5780299027295883,43.858517242007046,38.18921908201288,21.308982164732328,12.185706071055533,9.871360616351224,58.72518985345108,37.79540027620673,120.0,60.0,100.0,60.0,60.0,60.0,80.0,60.0,113.02051012184072,14.39819125675136,114.94865220405802,37.8845116305791,96.63098808597104,45.95962329971167,71.48640067527002,18.27015312029941
40.0,500.0,2.5780299027295883,43.858517242007046,38.18921908201288,21.308982164732328,58.72518985345108,37.79540027620673,12.185706071055533,9.871360616351224,120.0,60.0,100.0,60.0,80.0,60.0,60.0,60.0,113.02051012184072,14.39819125675136,114.94865220405802,37.8845116305791,71.48640067527002,18.27015312029941,96.63098808597104,45.95962329971167
40.0,500.0,2.5780299027295883,43.858517242007046,58.72518985345108,37.79540027620673,12.185706071055533,9.871360616351224,38.18921908201288,21.308982164732328,120.0,60.0,80.0,60.0,60.0,60.0,100.0,60.0,113.02051012184072,14.39819125675136,71.48640067527002,18.27015312029941,96.63098808597104,45.95962329971167,114.94865220405802,37.8845116305791
40.0,500.0,2.5780299027295883,43.858517242007046,58.72518985345108,37.79540027620673,38.18921908201288,21.308982164732328,12.185706071055533,9.871360616351224,120.0,60.0,80.0,60.0,100.0,60.0,60.0,60.0,113.02051012184072,14.39819125675136,71.48640067527002,18.27015312029941,114.94865220405802,37.8845116305791,96.63098808597104,45.95962329971167
40.0,500.0,35.82627493799728,53.58846969708266,43.20819699126219,7.507231169927746,12.730123982247626,51.94818559507895,11.735130422584266,27.941518173983763,60.0,20.0,60.0,60.0,80.0,40.0,120.0,60.0,65.5397783158626,13.325410320817028,77.02701879002873,48.60470843399243,87.04873386864725,13.443946210610086,97.05746392671246,34.953767346116955
40.0,500.0,35.82627493799728,53.58846969708266,11.735130422584266,27.941518173983763,43.20819699126219,7.507231169927746,12.730123982247626,51.94818559507895,60.0,20.0,120.0,60.0,60.0,60.0,80.0,40.0,65.5397783158626,13.325410320817028,97.05746392671246,34.953767346116955,77.02701879002873,48.60470843399243,87.04873386864725,13.443946210610086
40.0,500.0,35.82627493799728,53.58846969708266,11.735130422584266,27.941518173983763,12.730123982247626,51.94818559507895,43.20819699126219,7.507231169927746,60.0,20.0,120.0,60.0,80.0,40.0,60.0,60.0,65.5397783158626,13.325410320817028,97.05746392671246,34.953767346116955,87.04873386864725,13.443946210610086,77.02701879002873,48.60470843399243
40.0,500.0,35.82627493799728,53.58846969708266,12.730123982247626,51.94818559507895,43.20819699126219,7.507231169927746,11.735130422584266,27.941518173983763,60.0,20.0,80.0,40.0,60.0,60.0,120.0,60.0,65.5397783158626,13.325410320817028,87.04873386864725,13.443946210610086,77.02701879002873,48.60470843399243,97.05746392671246,34.953767346116955
40.0,500.0,35.82627493799728,53.58846969708266,12.730123982247626,51.94818559507895,11.735130422584266,27.941518173983763,43.20819699126219,7.507231169927746,60.0,20.0,80.0,40.0,120.0,60.0,60.0,60.0,65.5397783158626,13.325410320817028,87.04873386864725,13.443946210610086,97.05746392671246,34.953767346116955,77.02701879002873,48.60470843399243
40.0,500.0,43.20819699126219,7.507231169927746,35.82627493799728,53.58846969708266,11.735130422584266,27.941518173983763,12.730123982247626,51.94818559507895,60.0,60.0,60.0,20.0,120.0,60.0,80.0,40.0,77.02701879002873,48.60470843399243,65.5397783158626,13.325410320817028,97.05746392671246,34.953767346116955,87.04873386864725,13.443946210610086
40.0,500.0,43.20819699126219,7.507231169927746,35.82627493799728,53.58846969708266,12.730123982247626,51.94818559507895,11.735130422584266,27.941518173983763,60.0,60.0,60.0,20.0,80.0,40.0,120.0,60.0,77.02701879002873,48.60470843399243,65.5397783158626,13.325410320817028,87.04873386864725,13.443946210610086,97.05746392671246,34.953767346116955
40.0,500.0,43.20819699126219,7.507231169927746,11.735130422584266,27.941518173983763,35.82627493799728,53.58846969708266,12.730123982247626,51.94818559507895,60.0,60.0,120.0,60.0,60.0,20.0,80.0,40.0,77.02701879002873,48.60470843399243,97.05746392671246,34.953767346116955,65.5397783158626,13.325410320817028,87.04873386864725,13.443946210610086
40.0,500.0,43.20819699126219,7.507231169927746,11.735130422584266,27.941518173983763,12.730123982247626,51.94818559507895,35.82627493799728,53.58846969708266,60.0,60.0,120.0,60.0,80.0,40.0,60.0,20.0,77.02701879002873,48.60470843399243,97.05746392671246,34.953767346116955,87.04873386864725,13.443946210610086,65.5397783158626,13.325410320817028
40.0,500.0,43.20819699126219,7.507231169927746,12.730123982247626,51.94818559507895,35.82627493799728,53.58846969708266,11.735130422584266,27.941518173983763,60.0,60.0,80.0,40.0,60.0,20.0,120.0,60.0,77.02701879002873,48.60470843399243,87.04873386864725,13.443946210610086,65.5397783158626,13.325410320817028,97.05746392671246,34.953767346116955
40.0,500.0,43.20819699126219,7.507231169927746,12.730123982247626,51.94818559507895,11.735130422584266,27.941518173983763,35.82627493799728,53.58846969708266,60.0,60.0,80.0,40.0,120.0,60.0,60.0,20.0,77.02701879002873,48.60470843399243,87.04873386864725,13.443946210610086,97.05746392671246,34.953767346116955,65.5397783158626,13.325410320817028
40.0,500.0,11.735130422584266,27.941518173983763,35.82627493799728,53.58846969708266,43.20819699126219,7.507231169927746,12.730123982247626,51.94818559507895,120.0,60.0,60.0,20.0,60.0,60.0,80.0,40.0,97.05746392671246,34.953767346116955,65.5397783158626,13.325410320817028,77.02701879002873,48.60470843399243,87.04873386864725,13.443946210610086
40.0,500.0,11.735130422584266,27.941518173983763,35.82627493799728,53.58846969708266,12.730123982247626,51.94818559507895,43.20819699126219,7.507231169927746,120.0,60.0,60.0,20.0,80.0,40.0,60.0,60.0,97.05746392671246,34.953767346116955,65.5397783158626,13.325410320817028,87.04873386864725,13.443946210610086,77.02701879002873,48.60470843399243
40.0,500.0,11.735130422584266,27.941518173983763,43.20819699126219,7.507231169927746,35.82627493799728,53.58846969708266,12.730123982247626,51.94818559507895,120.0,60.0,60.0,60.0,60.0,20.0,80.0,40.0,97.05746392671246,34.953767346116955,77.02701879002873,48.60470843399243,65.5397783158626,13.325410320817028,87.04873386864725,13.443946210610086
40.0,500.0,11.735130422584266,27.941518173983763,43.20819699126219,7.507231169927746,12.730123982247626,51.94818559507895,35.82627493799728,53.58846969708266,120.0,60.0,60.0,60.0,80.0,40.0,60.0,20.0,97.05746392671246,34.953767346116955,77.02701879002873,48.60470843399243,87.04873386864725,13.443946210610086,65.5397783158626,13.325410320817028
40.0,500.0,11.735130422584266,27.941518173983763,12.730123982247626,51.94818559507895,35.82627493799728,53.58846969708266,43.20819699126219,7.507231169927746,120.0,60.0,80.0,40.0,60.0,20.0,60.0,60.0,97.05746392671246,34.953767346116955,87.04873386864725,13.443946210610086,65.5397783158626,13.325410320817028,77.02701879002873,48.60470843399243
40.0,500.0,11.735130422584266,27.941518173983763,12.730123982247626,51.94818559507895,43.20819699126219,7.507231169927746,35.82627493799728,53.58846969708266,120.0,60.0,80.0,40.0,60.0,60.0,60.0,20.0,97.05746392671246,34.953767346116955,87.04873386864725,13.443946210610086,77.02701879002873,48.60470843399243,65.5397783158626,13.325410320817028
40.0,500.0,12.730123982247626,51.94818559507895,35.82627493799728,53.58846969708266,43.20819699126219,7.507231169927746,11.735130422584266,27.941518173983763,80.0,40.0,60.0,20.0,60.0,60.0,120.0,60.0,87.04873386864725,13.443946210610086,65.5397783158626,13.325410320817028,77.02701879002873,48.60470843399243,97.05746392671246,34.953767346116955
40.0,500.0,12.730123982247626,51.94818559507895,35.82627493799728,53.58846969708266,11.735130422584266,27.941518173983763,43.20819699126219,7.507231169927746,80.0,40.0,60.0,20.0,120.0,60.0,60.0,60.0,87.04873386864725,13.443946210610086,65.5397783158626,13.325410320817028,97.05746392671246,34.953767346116955,77.02701879002873,48.60470843399243
40.0,500.0,12.730123982247626,51.94818559507895,43.20819699126219,7.507231169927746,35.82627493799728,53.58846969708266,11.735130422584266,27.941518173983763,80.0,40.0,60.0,60.0,60.0,20.0,120.0,60.0,87.04873386864725,13.443946210610086,77.02701879002873,48.60470843399243,65.5397783158626,13.325410320817028,97.05746392671246,34.953767346116955
40.0,500.0,12.730123982247626,51.94818559507895,43.20819699126219,7.507231169927746,11.735130422584266,27.941518173983763,35.82627493799728,53.58846969708266,80.0,40.0,60.0,60.0,120.0,60.0,60.0,20.0,87.04873386864725,13.443946210610086,77.02701879002873,48.60470843399243,97.05746392671246,34.953767346116955,65.5397783158626,13.325410320817028
40.0,500.0,12.730123982247626,51.94818559507895,11.735130422584266,27.941518173983763,35.82627493799728,53.58846969708266,43.20819699126219,7.507231169927746,80.0,40.0,120.0,60.0,60.0,20.0,60.0,60.0,87.04873386864725,13.443946210610086,97.05746392671246,34.953767346116955,65.5397783158626,13.325410320817028,77.02701879002873,48.60470843399243
40.0,500.0,12.730123982247626,51.94818559507895,11.735130422584266,27.941518173983763,43.20819699126219,7.507231169927746,35.82627493799728,53.58846969708266,80.0,40.0,120.0,60.0,60.0,60.0,60.0,20.0,87.04873386864725,13.443946210610086,97.05746392671246,34.953767346116955,77.02701879002873,48.60470843399243,65.5397783158626,13.325410320817028
40.0,500.0,54.54792674276843,52.36671813014358,26.083593019704068,55.73514920181355,53.37758006349498,9.829793063811872,7.387638858235346,41.06335839119891,80.0,0.0,60.00000000000001,0.0,80.0,40.0,80.0,20.0,60.97417384551516,4.5955927783008335,102.22392816751528,1.78929702912027,61.41998484187424,33.12737596143065,86.14223584172152,13.80879846194462
40.0,500.0,54.54792674276843,52.36671813014358,7.387638858235346,41.06335839119891,26.083593019704068,55.73514920181355,53.37758006349498,9.829793063811872,80.0,0.0,80.0,20.0,60.00000000000001,0.0,80.0,40.0,60.97417384551516,4.5955927783008335,86.14223584172152,13.80879846194462,102.22392816751528,1.78929702912027,61.41998484187424,33.12737596143065
40.0,500.0,54.54792674276843,52.36671813014358,7.387638858235346,41.06335839119891,53.37758006349498,9.829793063811872,26.083593019704068,55.73514920181355,80.0,0.0,80.0,20.0,80.0,40.0,60.00000000000001,0.0,60.97417384551516,4.5955927783008335,86.14223584172152,13.80879846194462,61.41998484187424,33.12737596143065,102.22392816751528,1.78929702912027
40.0,500.0,54.54792674276843,52.36671813014358,53.37758006349498,9.829793063811872,26.083593019704068,55.73514920181355,7.387638858235346,41.06335839119891,80.0,0.0,80.0,40.0,60.00000000000001,0.0,80.0,20.0,60.97417384551516,4.5955927783008335,61.41998484187424,33.12737596143065,102.22392816751528,1.78929702912027,86.14223584172152,13.80879846194462
40.0,500.0,54.54792674276843,52.36671813014358,53.37758006349498,9.829793063811872,7.387638858235346,41.06335839119891,26.083593019704068,55.73514920181355,80.0,0.0,80.0,40.0,80.0,20.0,60.00000000000001,0.0,60.97417384551516,4.5955927783008335,61.41998484187424,33.12737596143065,86.14223584172152,13.80879846194462,102.22392816751528,1.78929702912027
40.0,500.0,26.083593019704068,55.73514920181355,54.54792674276843,52.36671813014358,7.387638858235346,41.06335839119891,53.37758006349498,9.829793063811872,60.00000000000001,0.0,80.0,0.0,80.0,20.0,80.0,40.0,102.22392816751528,1.78929702912027,60.97417384551516,4.5955927783008335,86.14223584172152,13.80879846194462,61.41998484187424,33.12737596143065
40.0,500.0,26.083593019704068,55.73514920181355,54.54792674276843,52.36671813014358,53.37758006349498,9.829793063811872,7.387638858235346,41.06335839119891,60.00000000000001,0.0,80.0,0.0,80.0,40.0,80.0,20.0,102.22392816751528,1.78929702912027,60.97417384551516,4.5955927783008335,61.41998484187424,33.12737596143065,86.14223584172152,13.80879846194462
40.0,500.0,26.083593019704068,55.73514920181355,7.387638858235346,41.06335839119891,54.54792674276843,52.36671813014358,53.37758006349498,9.829793063811872,60.00000000000001,0.0,80.0,20.0,80.0,0.0,80.0,40.0,102.22392816751528,1.78929702912027,86.14223584172152,13.80879846194462,60.97417384551516,4.5955927783008335,61.41998484187424,33.12737596143065
40.0,500.0,26.083593019704068,55.73514920181355,7.387638858235346,41.06335839119891,53.37758006349498,9.829793063811872,54.54792674276843,52.36671813014358,60.00000000000001,0.0,80.0,20.0,80.0,40.0,80.0,0.0,102.22392816751528,1.78929702912027,86.14223584172152,13.80879846194462,61.41998484187424,33.12737596143065,60.97417384551516,4.5955927783008335
40.0,500.0,26.083593019704068,55.73514920181355,53.37758006349498,9.829793063811872,54.54792674276843,52.36671813014358,7.387638858235346,41.06335839119891,60.00000000000001,0.0,80.0,40.0,80.0,0.0,80.0,20.0,102.22392816751528,1.78929702912027,61.41998484187424,33.12737596143065,60.97417384551516,4.5955927783008335,86.14223584172152,13.80879846194462
40.0,500.0,26.083593019704068,55.73514920181355,53.37758006349498,9.829793063811872,7.387638858235346,41.06335839119891,54.54792674276843,52.36671813014358,60.00000000000001,0.0,80.0,40.0,80.0,20.0,80.0,0.0,102.22392816751528,1.78929702912027,61.41998484187424,33.12737596143065,86.14223584172152,13.80879846194462,60.97417384551516,4.5955927783008335
40.0,500.0,7.387638858235346,41.06335839119891,54.54792674276843,52.36671813014358,26.083593019704068,55.73514920181355,53.37758006349498,9.829793063811872,80.0,20.0,80.0,0.0,60.00000000000001,0.0,80.0,40.0,86.14223584172152,13.80879846194462,60.97417384551516,4.5955927783008335,102.22392816751528,1.78929702912027,61.41998484187424,33.12737596143065
40.0,500.0,7.387638858235346,41.06335839119891,54.54792674276843,52.36671813014358,53.37758006349498,9.829793063811872,26.083593019704068,55.73514920181355,80.0,20.0,80.0,0.0,80.0,40.0,60.00000000000001,0.0,86.14223584172152,13.80879846194462,60.97417384551516,4.5955927783008335,61.41998484187424,33.12737596143065,102.22392816751528,1.78929702912027
40.0,500.0,7.387638858235346,41.06335839119891,26.083593019704068,55.73514920181355,54.54792674276843,52.36671813014358,53.37758006349498,9.829793063811872,80.0,20.0,60.00000000000001,0.0,80.0,0.0,80.0,40.0,86.14223584172152,13.80879846194462,102.22392816751528,1.78929702912027,60.97417384551516,4.5955927783008335,61.41998484187424,33.12737596143065
40.0,500.0,7.387638858235346,41.06335839119891,26.083593019704068,55.73514920181355,53.37758006349498,9.829793063811872,54.54792674276843,52.36671813014358,80.0,20.0,60.00000000000001,0.0,80.0,40.0,80.0,0.0,86.14223584172152,13.80879846194462,102.22392816751528,1.78929702912027,61.41998484187424,33.12737596143065,60.97417384551516,4.5955927783008335
40.0,500.0,7.387638858235346,41.06335839119891,53.37758006349498,9.829793063811872,54.54792674276843,52.36671813014358,26.083593019704068,55.73514920181355,80.0,20.0,80.0,40.0,80.0,0.0,60.00000000000001,0.0,86.14223584172152,13.80879846194462,61.41998484187424,33.12737596143065,60.97417384551516,4.5955927783008335,102.22392816751528,1.78929702912027
40.0,500.0,7.387638858235346,41.06335839119891,53.37758006349498,9.829793063811872,26.083593019704068,55.73514920181355,54.54792674276843,52.36671813014358,80.0,20.0,80.0,40.0,60.00000000000001,0.0,80.0,0.0,86.14223584172152,13.80879846194462,61.41998484187424,33.12737596143065,102.22392816751528,1.78929702912027,60.97417384551516,4.5955927783008335
40.0,500.0,53.37758006349498,9.829793063811872,54.54792674276843,52.36671813014358,26.083593019704068,55.73514920181355,7.387638858235346,41.06335839119891,80.0,40.0,80.0,0.0,60.00000000000001,0.0,80.0,20.0,61.41998484187424,33.12737596143065,60.97417384551516,4.5955927783008335,102.22392816751528,1.78929702912027,86.14223584172152,13.80879846194462
40.0,500.0,53.37758006349498,9.829793063811872,54.54792674276843,52.36671813014358,7.387638858235346,41.06335839119891,26.083593019704068,55.73514920181355,80.0,40.0,80.0,0.0,80.0,20.0,60.00000000000001,0.0,61.41998484187424,33.12737596143065,60.97417384551516,4.5955927783008335,86.14223584172152,13.80879846194462,102.22392816751528,1.78929702912027
40.0,500.0,53.37758006349498,9.829793063811872,26.083593019704068,55.73514920181355,54.54792674276843,52.36671813014358,7.387638858235346,41.06335839119891,80.0,40.0,60.00000000000001,0.0,80.0,0.0,80.0,20.0,61.41998484187424,33.12737596143065,102.22392816751528,1.78929702912027,60.97417384551516,4.5955927783008335,86.14223584172152,13.80879846194462
40.0,500.0,53.37758006349498,9.829793063811872,26.083593019704068,55.73514920181355,7.387638858235346,41.06335839119891,54.54792674276843,52.36671813014358,80.0,40.0,60.00000000000001,0.0,80.0,20.0,80.0,0.0,61.41998484187424,33.12737596143065,102.22392816751528,1.78929702912027,86.14223584172152,13.80879846194462,60.97417384551516,4.5955927783008335
40.0,500.0,53.37758006349498,9.829793063811872,7.387638858235346,41.06335839119891,54.54792674276843,52.36671813014358,26.083593019704068,55.73514920181355,80.0,40.0,80.0,20.0,80.0,0.0,60.00000000000001,0.0,61.41998484187424,33.12737596143065,86.14223584172152,13.80879846194462,60.97417384551516,4.5955927783008335,102.22392816751528,1.78929702912027
40.0,500.0,53.37758006349498,9.829793063811872,7.387638858235346,41.06335839119891,26.083593019704068,55.73514920181355,54.54792674276843,52.36671813014358,80.0,40.0,80.0,20.0,60.00000000000001,0.0,80.0,0.0,61.41998484187424,33.12737596143065,86.14223584172152,13.80879846194462,102.22392816751528,1.78929702912027,60.97417384551516,4.5955927783008335
40.0,500.0,56.55109035401546,42.16580384118928,1.3107137636651212,1.4520721328146746,25.28609564503224,25.513188285786125,28.47421354476287,46.709608125055446,60.0,20.0,80.0,60.0,120.0,40.0,120.0,20.0,84.59881441253629,10.080217229082578,93.79541668698344,45.290421699163225,114.51389171004408,40.16095951512114,106.65301610906197,7.858477258142024
40.0,500.0,56.55109035401546,42.16580384118928,28.47421354476287,46.709608125055446,1.3107137636651212,1.4520721328146746,25.28609564503224,25.513188285786125,60.0,20.0,120.0,20.0,80.0,60.0,120.0,40.0,84.59881441253629,10.080217229082578,106.65301610906197,7.858477258142024,93.79541668698344,45.290421699163225,114.51389171004408,40.16095951512114
40.0,500.0,56.55109035401546,42.16580384118928,28.47421354476287,46.709608125055446,25.28609564503224,25.513188285786125,1.3107137636651212,1.4520721328146746,60.0,20.0,120.0,20.0,120.0,40.0,80.0,60.0,84.59881441253629,10.080217229082578,106.65301610906197,7.858477258142024,114.51389171004408,40.16095951512114,93.79541668698344,45.290421699163225
40.0,500.0,56.55109035401546,42.16580384118928,25.28609564503224,25.513188285786125,1.3107137636651212,1.4520721328146746,28.47421354476287,46.709608125055446,60.0,20.0,120.0,40.0,80.0,60.0,120.0,20.0,84.59881441253629,10.080217229082578,114.51389171004408,40.16095951512114,93.79541668698344,45.290421699163225,106.65301610906197,7.858477258142024
40.0,500.0,56.55109035401546,42.16580384118928,25.28609564503224,25.513188285786125,28.47421354476287,46.709608125055446,1.3107137636651212,1.4520721328146746,60.0,20.0,120.0,40.0,120.0,20.0,80.0,60.0,84.59881441253629,10.080217229082578,114.51389171004408,40.16095951512114,106.65301610906197,7.858477258142024,93.79541668698344,45.290421699163225
40.0,500.0,1.3107137636651212,1.4520721328146746,56.55109035401546,42.16580384118928,28.47421354476287,46.709608125055446,25.28609564503224,25.513188285786125,80.0,60.0,60.0,20.0,120.0,20.0,120.0,40.0,93.79541668698344,45.290421699163225,84.59881441253629,10.080217229082578,106.65301610906197,7.858477258142024,114.51389171004408,40.16095951512114
40.0,500.0,1.3107137636651212,1.4520721328146746,56.55109035401546,42.16580384118928,25.28609564503224,25.513188285786125,28.47421354476287,46.709608125055446,80.0,60.0,60.0,20.0,120.0,40.0,120.0,20.0,93.79541668698344,45.290421699163225,84.59881441253629,10.080217229082578,114.51389171004408,40.16095951512114,106.65301610906197,7.858477258142024
40.0,500.0,1.3107137636651212,1.4520721328146746,28.47421354476287,46.709608125055446,56.55109035401546,42.16580384118928,25.28609564503224,25.513188285786125,80.0,60.0,120.0,20.0,60.0,20.0,120.0,40.0,93.79541668698344,45.290421699163225,106.65301610906197,7.858477258142024,84.59881441253629,10.080217229082578,114.51389171004408,40.16095951512114
40.0,500.0,1.3107137636651212,1.4520721328146746,28.47421354476287,46.709608125055446,25.28609564503224,25.513188285786125,56.55109035401546,42.16580384118928,80.0,60.0,120.0,20.0,120.0,40.0,60.0,20.0,93.79541668698344,45.290421699163225,106.65301610906197,7.858477258142024,114.51389171004408,40.16095951512114,84.59881441253629,10.080217229082578
40.0,500.0,1.3107137636651212,1.4520721328146746,25.28609564503224,25.513188285786125,56.55109035401546,42.16580384118928,28.47421354476287,46.709608125055446,80.0,60.0,120.0,40.0,60.0,20.0,120.0,20.0,93.79541668698344,45.290421699163225,114.51389171004408,40.16095951512114,84.59881441253629,10.080217229082578,106.65301610906197,7.858477258142024
40.0,500.0,1.3107137636651212,1.4520721328146746,25.28609564503224,25.513188285786125,28.47421354476287,46.709608125055446,56.55109035401546,42.16580384118928,80.0,60.0,120.0,40.0,120.0,20.0,60.0,20.0,93.79541668698344,45.290421699163225,114.51389171004408,40.16095951512114,106.65301610906197,7.858477258142024,84.59881441253629,10.080217229082578
40.0,500.0,28.47421354476287,46.709608125055446,56.55109035401546,42.16580384118928,1.3107137636651212,1.4520721328146746,25.28609564503224,25.513188285786125,120.0,20.0,60.0,20.0,80.0,60.0,120.0,40.0,106.65301610906197,7.858477258142024,84.59881441253629,10.080217229082578,93.79541668698344,45.290421699163225,114.51389171004408,40.16095951512114
40.0,500.0,28.47421354476287,46.709608125055446,56.55109035401546,42.16580384118928,25.28609564503224,25.513188285786125,1.3107137636651212,1.4520721328146746,120.0,20.0,60.0,20.0,120.0,40.0,80.0,60.0,106.65301610906197,7.858477258142024,84.59881441253629,10.080217229082578,114.51389171004408,40.16095951512114,93.79541668698344,45.290421699163225
40.0,500.0,28.47421354476287,46.709608125055446,1.3107137636651212,1.4520721328146746,56.55109035401546,42.16580384118928,25.28609564503224,25.513188285786125,120.0,20.0,80.0,60.0,60.0,20.0,120.0,40.0,106.65301610906197,7.858477258142024,93.79541668698344,45.290421699163225,84.59881441253629,10.080217229082578,114.51389171004408,40.16095951512114
40.0,500.0,28.47421354476287,46.709608125055446,1.3107137636651212,1.4520721328146746,25.28609564503224,25.513188285786125,56.55109035401546,42.16580384118928,120.0,20.0,80.0,60.0,120.0,40.0,60.0,20.0,106.65301610906197,7.858477258142024,93.79541668698344,45.290421699163225,114.51389171004408,40.16095951512114,84.59881441253629,10.080217229082578
40.0,500.0,28.47421354476287,46.709608125055446,25.28609564503224,25.513188285786125,56.55109035401546,42.16580384118928,1.3107137636651212,1.4520721328146746,120.0,20.0,120.0,40.0,60.0,20.0,80.0,60.0,106.65301610906197,7.858477258142024,114.51389171004408,40.16095951512114,84.59881441253629,10.080217229082578,93.79541668698344,45.290421699163225
40.0,500.0,28.47421354476287,46.709608125055446,25.28609564503224,25.513188285786125,1.3107137636651212,1.4520721328146746,56.55109035401546,42.16580384118928,120.0,20.0,120.0,40.0,80.0,60.0,60.0,20.0,106.65301610906197,7.858477258142024,114.51389171004408,40.16095951512114,93.79541668698344,45.290421699163225,84.59881441253629,10.080217229082578
40.0,500.0,25.28609564503224,25.513188285786125,56.55109035401546,42.16580384118928,1.3107137636651212,1.4520721328146746,28.47421354476287,46.709608125055446,120.0,40.0,60.0,20.0,80.0,60.0,120.0,20.0,114.51389171004408,40.16095951512114,84.59881441253629,10.080217229082578,93.79541668698344,45.290421699163225,106.65301610906197,7.858477258142024
40.0,500.0,25.28609564503224,25.513188285786125,56.55109035401546,42.16580384118928,28.47421354476287,46.709608125055446,1.3107137636651212,1.4520721328146746,120.0,40.0,60.0,20.0,120.0,20.0,80.0,60.0,114.51389171004408,40.16095951512114,84.59881441253629,10.080217229082578,106.65301610906197,7.858477258142024,93.79541668698344,45.290421699163225
40.0,500.0,25.28609564503224,25.513188285786125,1.3107137636651212,1.4520721328146746,56.55109035401546,42.16580384118928,28.47421354476287,46.709608125055446,120.0,40.0,80.0,60.0,60.0,20.0,120.0,20.0,114.51389171004408,40.16095951512114,93.79541668698344,45.290421699163225,84.59881441253629,10.080217229082578,106.65301610906197,7.858477258142024
40.0,500.0,25.28609564503224,25.513188285786125,1.3107137636651212,1.4520721328146746,28.47421354476287,46.709608125055446,56.55109035401546,42.16580384118928,120.0,40.0,80.0,60.0,120.0,20.0,60.0,20.0,114.51389171004408,40.16095951512114,93.79541668698344,45.290421699163225,106.65301610906197,7.858477258142024,84.59881441253629,10.080217229082578
40.0,500.0,25.28609564503224,25.513188285786125,28.47421354476287,46.709608125055446,56.55109035401546,42.16580384118928,1.3107137636651212,1.4520721328146746,120.0,40.0,120.0,20.0,60.0,20.0,80.0,60.0,114.51389171004408,40.16095951512114,106.65301610906197,7.858477258142024,84.59881441253629,10.080217229082578,93.79541668698344,45.290421699163225
40.0,500.0,25.28609564503224,25.513188285786125,28.47421354476287,46.709608125055446,1.3107137636651212,1.4520721328146746,56.55109035401546,42.16580384118928,120.0,40.0,120.0,20.0,80.0,60.0,60.0,20.0,114.51389171004408,40.16095951512114,106.65301610906197,7.858477258142024,93.79541668698344,45.290421699163225,84.59881441253629,10.080217229082578
40.0,500.0,26.29761949961138,10.622057669513667,8.159263100887744,35.044372623225776,51.436652017042434,17.332232140959412,56.50747002159251,44.56407627355854,120.0,0.0,80.0,0.0,60.0,0.0,120.0,20.0,105.00016352808726,59.84572319498382,117.41482089275472,20.68976905665034,62.83017091524127,48.21209530245196,61.74004588114013,8.485625496471023
40.0,500.0,26.29761949961138,10.622057669513667,56.50747002159251,44.56407627355854,8.159263100887744,35.044372623225776,51.436652017042434,17.332232140959412,120.0,0.0,120.0,20.0,80.0,0.0,60.0,0.0,105.00016352808726,59.84572319498382,61.74004588114013,8.485625496471023,117.41482089275472,20.68976905665034,62.83017091524127,48.21209530245196
40.0,500.0,26.29761949961138,10.622057669513667,56.50747002159251,44.56407627355854,51.436652017042434,17.332232140959412,8.159263100887744,35.044372623225776,120.0,0.0,120.0,20.0,60.0,0.0,80.0,0.0,105.00016352808726,59.84572319498382,61.74004588114013,8.485625496471023,62.83017091524127,48.21209530245196,117.41482089275472,20.68976905665034
40.0,500.0,26.29761949961138,10.622057669513667,51.436652017042434,17.332232140959412,8.159263100887744,35.044372623225776,56.50747002159251,44.56407627355854,120.0,0.0,60.0,0.0,80.0,0.0,120.0,20.0,105.00016352808726,59.84572319498382,62.83017091524127,48.21209530245196,117.41482089275472,20.68976905665034,61.74004588114013,8.485625496471023
40.0,500.0,26.29761949961138,10.622057669513667,51.436652017042434,17.332232140959412,56.50747002159251,44.56407627355854,8.159263100887744,35.044372623225776,120.0,0.0,60.0,0.0,120.0,20.0,80.0,0.0,105.00016352808726,59.84572319498382,62.83017091524127,48.21209530245196,61.74004588114013,8.485625496471023,117.41482089275472,20.68976905665034
40.0,500.0,8.159263100887744,35.044372623225776,26.29761949961138,10.622057669513667,56.50747002159251,44.56407627355854,51.436652017042434,17.332232140959412,80.0,0.0,120.0,0.0,120.0,20.0,60.0,0.0,117.41482089275472,20.68976905665034,105.00016352808726,59.84572319498382,61.74004588114013,8.485625496471023,62.83017091524127,48.21209530245196
40.0,500.0,8.159263100887744,35.044372623225776,26.29761949961138,10.622057669513667,51.436652017042434,17.332232140959412,56.50747002159251,44.56407627355854,80.0,0.0,120.0,0.0,60.0,0.0,120.0,20.0,117.41482089275472,20.68976905665034,105.00016352808726,59.84572319498382,62.83017091524127,48.21209530245196,61.74004588114013,8.485625496471023
40.0,500.0,8.159263100887744,35.044372623225776,56.50747002159251,44.56407627355854,26.29761949961138,10.622057669513667,51.436652017042434,17.332232140959412,80.0,0.0,120.0,20.0,120.0,0.0,60.0,0.0,117.41482089275472,20.68976905665034,61.74004588114013,8.485625496471023,105.00016352808726,59.84572319498382,62.83017091524127,48.21209530245196
40.0,500.0,8.159263100887744,35.044372623225776,56.50747002159251,44.56407627355854,51.436652017042434,17.332232140959412,26.29761949961138,10.622057669513667,80.0,0.0,120.0,20.0,60.0,0.0,120.0,0.0,117.41482089275472,20.68976905665034,61.74004588114013,8.485625496471023,62.83017091524127,48.21209530245196,105.00016352808726,59.84572319498382
40.0,500.0,8.159263100887744,35.044372623225776,51.436652017042434,17.332232140959412,26.29761949961138,10.622057669513667,56.50747002159251,44.56407627355854,80.0,0.0,60.0,0.0,120.0,0.0,120.0,20.0,117.41482089275472,20.68976905665034,62.83017091524127,48.21209530245196,105.00016352808726,59.84572319498382,61.74004588114013,8.485625496471023
40.0,500.0,8.159263100887744,35.044372623225776,51.436652017042434,17.332232140959412,56.50747002159251,44.56407627355854,26.29761949961138,10.622057669513667,80.0,0.0,60.0,0.0,120.0,20.0,120.0,0.0,117.41482089275472,20.68976905665034,62.83017091524127,48.21209530245196,61.74004588114013,8.485625496471023,105.00016352808726,59.84572319498382
40.0,500.0,56.50747002159251,44.56407627355854,26.29761949961138,10.622057669513667,8.159263100887744,35.044372623225776,51.436652017042434,17.332232140959412,120.0,20.0,120.0,0.0,80.0,0.0,60.0,0.0,61.74004588114013,8.485625496471023,105.00016352808726,59.84572319498382,117.41482089275472,20.68976905665034,62.83017091524127,48.21209530245196
40.0,500.0,56.50747002159251,44.56407627355854,26.29761949961138,10.622057669513667,51.436652017042434,17.332232140959412,8.159263100887744,35.044372623225776,120.0,20.0,120.0,0.0,60.0,0.0,80.0,0.0,61.74004588114013,8.485625496471023,105.00016352808726,59.84572319498382,62.83017091524127,48.21209530245196,117.41482089275472,20.68976905665034
40.0,500.0,56.50747002159251,44.56407627355854,8.159263100887744,35.044372623225776,26.29761949961138,10.622057669513667,51.436652017042434,17.332232140959412,120.0,20.0,80.0,0.0,120.0,0.0,60.0,0.0,61.74004588114013,8.485625496471023,117.41482089275472,20.68976905665034,105.00016352808726,59.84572319498382,62.83017091524127,48.21209530245196
40.0,500.0,56.50747002159251,44.56407627355854,8.159263100887744,35.044372623225776,51.436652017042434,17.332232140959412,26.29761949961138,10.622057669513667,120.0,20.0,80.0,0.0,60.0,0.0,120.0,0.0,61.74004588114013,8.485625496471023,117.41482089275472,20.68976905665034,62.83017091524127,48.21209530245196,105.00016352808726,59.84572319498382
40.0,500.0,56.50747002159251,44.56407627355854,51.436652017042434,17.332232140959412,26.29761949961138,10.622057669513667,8.159263100887744,35.044372623225776,120.0,20.0,60.0,0.0,120.0,0.0,80.0,0.0,61.74004588114013,8.485625496471023,62.83017091524127,48.21209530245196,105.00016352808726,59.84572319498382,117.41482089275472,20.68976905665034
40.0,500.0,56.50747002159251,44.56407627355854,51.436652017042434,17.332232140959412,8.159263100887744,35.044372623225776,26.29761949961138,10.622057669513667,120.0,20.0,60.0,0.0,80.0,0.0,120.0,0.0,61.74004588114013,8.485625496471023,62.83017091524127,48.21209530245196,117.41482089275472,20.68976905665034,105.00016352808726,59.84572319498382
40.0,500.0,51.436652017042434,17.332232140959412,26.29761949961138,10.622057669513667,8.159263100887744,35.044372623225776,56.50747002159251,44.56407627355854,60.0,0.0,120.0,0.0,80.0,0.0,120.0,20.0,62.83017091524127,48.21209530245196,105.00016352808726,59.84572319498382,117.41482089275472,20.68976905665034,61.74004588114013,8.485625496471023
40.0,500.0,51.436652017042434,17.332232140959412,26.29761949961138,10.622057669513667,56.50747002159251,44.56407627355854,8.159263100887744,35.044372623225776,60.0,0.0,120.0,0.0,120.0,20.0,80.0,0.0,62.83017091524127,48.21209530245196,105.00016352808726,59.84572319498382,61.74004588114013,8.485625496471023,117.41482089275472,20.68976905665034
40.0,500.0,51.436652017042434,17.332232140959412,8.159263100887744,35.044372623225776,26.29761949961138,10.622057669513667,56.50747002159251,44.56407627355854,60.0,0.0,80.0,0.0,120.0,0.0,120.0,20.0,62.83017091524127,48.21209530245196,117.41482089275472,20.68976905665034,105.00016352808726,59.84572319498382,61.74004588114013,8.485625496471023
40.0,500.0,51.436652017042434,17.332232140959412,8.159263100887744,35.044372623225776,56.50747002159251,44.56407627355854,26.29761949961138,10.622057669513667,60.0,0.0,80.0,0.0,120.0,20.0,120.0,0.0,62.83017091524127,48.21209530245196,117.41482089275472,20.68976905665034,61.74004588114013,8.485625496471023,105.00016352808726,59.84572319498382
40.0,500.0,51.436652017042434,17.332232140959412,56.50747002159251,44.56407627355854,26.29761949961138,10.622057669513667,8.159263100887744,35.044372623225776,60.0,0.0,120.0,20.0,120.0,0.0,80.0,0.0,62.83017091524127,48.21209530245196,61.74004588114013,8.485625496471023,105.00016352808726,59.84572319498382,117.41482089275472,20.68976905665034
40.0,500.0,51.436652017042434,17.332232140959412,56.50747002159251,44.56407627355854,8.159263100887744,35.044372623225776,26.29761949961138,10.622057669513667,60.0,0.0,120.0,20.0,80.0,0.0,120.0,0.0,62.83017091524127,48.21209530245196,61.74004588114013,8.485625496471023,117.41482089275472,20.68976905665034,105.00016352808726,59.84572319498382
40.0,500.0,25.588670881418164,38.09203944321389,3.4764116466160577,46.7646209904263,19.04502096122945,3.7262675310507687,51.89543429029944,57.23531273787504,60.0,0.0,120.0,40.0,60.0,60.0,100.0,0.0,83.31965078628917,31.61899608632946,104.86310136923508,26.09875542122021,94.53254263834609,56.18621765689507,66.57660779118073,18.63787704402693
40.0,500.0,25.588670881418164,38.09203944321389,51.89543429029944,57.23531273787504,3.4764116466160577,46.7646209904263,19.04502096122945,3.7262675310507687,60.0,0.0,100.0,0.0,120.0,40.0,60.0,60.0,83.31965078628917,31.61899608632946,66.57660779118073,18.63787704402693,104.86310136923508,26.09875542122021,94.53254263834609,56.18621765689507
40.0,500.0,25.588670881418164,38.09203944321389,51.89543429029944,57.23531273787504,19.04502096122945,3.7262675310507687,3.4764116466160577,46.7646209904263,60.0,0.0,100.0,0.0,60.0,60.0,120.0,40.0,83.31965078628917,31.61899608632946,66.57660779118073,18.63787704402693,94.53254263834609,56.18621765689507,104.86310136923508,26.09875542122021
40.0,500.0,25.588670881418164,38.09203944321389,19.04502096122945,3.7262675310507687,3.4764116466160577,46.7646209904263,51.89543429029944,57.23531273787504,60.0,0.0,60.0,60.0,120.0,40.0,100.0,0.0,83.31965078628917,31.61899608632946,94.53254263834609,56.18621765689507,104.86310136923508,26.09875542122021,66.57660779118073,18.63787704402693
40.0,500.0,25.588670881418164,38.09203944321389,19.04502096122945,3.7262675310507687,51.89543429029944,57.23531273787504,3.4764116466160577,46.7646209904263,60.0,0.0,60.0,60.0,100.0,0.0,120.0,40.0,83.31965078628917,31.61899608632946,94.53254263834609,56.18621765689507,66.57660779118073,18.63787704402693,104.86310136923508,26.09875542122021
40.0,500.0,3.4764116466160577,46.7646209904263,25.588670881418164,38.09203944321389,51.89543429029944,57.23531273787504,19.04502096122945,3.7262675310507687,120.0,40.0,60.0,0.0,100.0,0.0,60.0,60.0,104.86310136923508,26.09875542122021,83.31965078628917,31.61899608632946,66.57660779118073,18.63787704402693,94.53254263834609,56.18621765689507
40.0,500.0,3.4764116466160577,46.7646209904263,25.588670881418164,38.09203944321389,19.04502096122945,3.7262675310507687,51.89543429029944,57.23531273787504,120.0,40.0,60.0,0.0,60.0,60.0,100.0,0.0,104.86310136923508,26.09875542122021,83.31965078628917,31.61899608632946,94.53254263834609,56.18621765689507,66.57660779118073,18.63787704402693
40.0,500.0,3.4764116466160577,46.7646209904263,51.89543429029944,57.23531273787504,25.588670881418164,38.09203944321389,19.04502096122945,3.7262675310507687,120.0,40.0,100.0,0.0,60.0,0.0,60.0,60.0,104.86310136923508,26.09875542122021,66.57660779118073,18.63787704402693,83.31965078628917,31.61899608632946,94.53254263834609,56.18621765689507
40.0,500.0,3.4764116466160577,46.7646209904263,51.89543429029944,57.23531273787504,19.04502096122945,3.7262675310507687,25.588670881418164,38.09203944321389,120.0,40.0,100.0,0.0,60.0,60.0,60.0,0.0,104.86310136923508,26.09875542122021,66.57660779118073,18.63787704402693,94.53254263834609,56.18621765689507,83.31965078628917,31.61899608632946
40.0,500.0,3.4764116466160577,46.7646209904263,19.04502096122945,3.7262675310507687,25.588670881418164,38.09203944321389,51.89543429029944,57.23531273787504,120.0,40.0,60.0,60.0,60.0,0.0,100.0,0.0,104.86310136923508,26.09875542122021,94.53254263834609,56.18621765689507,83.31965078628917,31.61899608632946,66.57660779118073,18.63787704402693
40.0,500.0,3.4764116466160577,46.7646209904263,19.04502096122945,3.7262675310507687,51.89543429029944,57.23531273787504,25.588670881418164,38.09203944321389,120.0,40.0,60.0,60.0,100.0,0.0,60.0,0.0,104.86310136923508,26.09875542122021,94.53254263834609,56.18621765689507,66.57660779118073,18.63787704402693,83.31965078628917,31.61899608632946
40.0,500.0,51.89543429029944,57.23531273787504,25.588670881418164,38.09203944321389,3.4764116466160577,46.7646209904263,19.04502096122945,3.7262675310507687,100.0,0.0,60.0,0.0,120.0,40.0,60.0,60.0,66.57660779118073,18.63787704402693,83.31965078628917,31.61899608632946,104.86310136923508,26.09875542122021,94.53254263834609,56.18621765689507
40.0,500.0,51.89543429029944,57.23531273787504,25.588670881418164,38.09203944321389,19.04502096122945,3.7262675310507687,3.4764116466160577,46.7646209904263,100.0,0.0,60.0,0.0,60.0,60.0,120.0,40.0,66.57660779118073,18.63787704402693,83.31965078628917,31.61899608632946,94.53254263834609,56.18621765689507,104.86310136923508,26.09875542122021
40.0,500.0,51.89543429029944,57.23531273787504,3.4764116466160577,46.7646209904263,25.588670881418164,38.09203944321389,19.04502096122945,3.7262675310507687,100.0,0.0,120.0,40.0,60.0,0.0,60.0,60.0,66.57660779118073,18.63787704402693,104.86310136923508,26.09875542122021,83.31965078628917,31.61899608632946,94.53254263834609,56.18621765689507
40.0,500.0,51.89543429029944,57.23531273787504,3.4764116466160577,46.7646209904263,19.04502096122945,3.7262675310507687,25.588670881418164,38.09203944321389,100.0,0.0,120.0,40.0,60.0,60.0,60.0,0.0,66.57660779118073,18.63787704402693,104.86310136923508,26.09875542122021,94.53254263834609,56.18621765689507,83.31965078628917,31.61899608632946
40.0,500.0,51.89543429029944,57.23531273787504,19.04502096122945,3.7262675310507687,25.588670881418164,38.09203944321389,3.4764116466160577,46.7646209904263,100.0,0.0,60.0,60.0,60.0,0.0,120.0,40.0,66.57660779118073,18.63787704402693,94.53254263834609,56.18621765689507,83.31965078628917,31.61899608632946,104.86310136923508,26.09875542122021
40.0,500.0,51.89543429029944,57.23531273787504,19.04502096122945,3.7262675310507687,3.4764116466160577,46.7646209904263,25.588670881418164,38.09203944321389,100.0,0.0,60.0,60.0,120.0,40.0,60.0,0.0,66.57660779118073,18.63787704402693,94.53254263834609,56.18621765689507,104.86310136923508,26.09875542122021,83.31965078628917,31.61899608632946
40.0,500.0,19.04502096122945,3.7262675310507687,25.588670881418164,38.09203944321389,3.4764116466160577,46.7646209904263,51.89543429029944,57.23531273787504,60.0,60.0,60.0,0.0,120.0,40.0,100.0,0.0,94.53254263834609,56.18621765689507,83.31965078628917,31.61899608632946,104.86310136923508,26.09875542122021,66.57660779118073,18.63787704402693
40.0,500.0,19.04502096122945,3.7262675310507687,25.588670881418164,38.09203944321389,51.89543429029944,57.23531273787504,3.4764116466160577,46.7646209904263,60.0,60.0,60.0,0.0,100.0,0.0,120.0,40.0,94.53254263834609,56.18621765689507,83.31965078628917,31.61899608632946,66.57660779118073,18.63787704402693,104.86310136923508,26.09875542122021
40.0,500.0,19.04502096122945,3.7262675310507687,3.4764116466160577,46.7646209904263,25.588670881418164,38.09203944321389,51.89543429029944,57.23531273787504,60.0,60.0,120.0,40.0,60.0,0.0,100.0,0.0,94.53254263834609,56.18621765689507,104.86310136923508,26.09875542122021,83.31965078628917,31.61899608632946,66.57660779118073,18.63787704402693
40.0,500.0,19.04502096122945,3.7262675310507687,3.4764116466160577,46.7646209904263,51.89543429029944,57.23531273787504,25.588670881418164,38.09203944321389,60.0,60.0,120.0,40.0,100.0,0.0,60.0,0.0,94.53254263834609,56.18621765689507,104.86310136923508,26.09875542122021,66.57660779118073,18.63787704402693,83.31965078628917,31.61899608632946
40.0,500.0,19.04502096122945,3.7262675310507687,51.89543429029944,57.23531273787504,25.588670881418164,38.09203944321389,3.4764116466160577,46.7646209904263,60.0,60.0,100.0,0.0,60.0,0.0,120.0,40.0,94.53254263834609,56.18621765689507,66.57660779118073,18.63787704402693,83.31965078628917,31.61899608632946,104.86310136923508,26.09875542122021
40.0,500.0,19.04502096122945,3.7262675310507687,51.89543429029944,57.23531273787504,3.4764116466160577,46.7646209904263,25.588670881418164,38.09203944321389,60.0,60.0,100.0,0.0,120.0,40.0,60.0,0.0,94.53254263834609,56.18621765689507,66.57660779118073,18.63787704402693,104.86310136923508,26.09875542122021,83.31965078628917,31.61899608632946
40.0,500.0,1.2944118027610885,40.88481364879613,50.35445727302164,6.084072657683919,26.24652777410228,16.961404311282003,37.37126712945376,39.609436053519474,120.0,20.0,100.0,60.0,100.0,40.0,60.0,20.0,116.36546720372486,23.51656761552205,90.95889560123749,47.40698713861642,116.37120929583946,43.97907949615794,92.365925224135,24.348991011036944
40.0,500.0,1.2944118027610885,40.88481364879613,37.37126712945376,39.609436053519474,50.35445727302164,6.084072657683919,26.24652777410228,16.961404311282003,120.0,20.0,60.0,20.0,100.0,60.0,100.0,40.0,116.36546720372486,23.51656761552205,92.365925224135,24.348991011036944,90.95889560123749,47.40698713861642,116.37120929583946,43.97907949615794
40.0,500.0,1.2944118027610885,40.88481364879613,37.37126712945376,39.609436053519474,26.24652777410228,16.961404311282003,50.35445727302164,6.084072657683919,120.0,20.0,60.0,20.0,100.0,40.0,100.0,60.0,116.36546720372486,23.51656761552205,92.365925224135,24.348991011036944,116.37120929583946,43.97907949615794,90.95889560123749,47.40698713861642
40.0,500.0,1.2944118027610885,40.88481364879613,26.24652777410228,16.961404311282003,50.35445727302164,6.084072657683919,37.37126712945376,39.609436053519474,120.0,20.0,100.0,40.0,100.0,60.0,60.0,20.0,116.36546720372486,23.51656761552205,116.37120929583946,43.97907949615794,90.95889560123749,47.40698713861642,92.365925224135,24.348991011036944
40.0,500.0,1.2944118027610885,40.88481364879613,26.24652777410228,16.961404311282003,37.37126712945376,39.609436053519474,50.35445727302164,6.084072657683919,120.0,20.0,100.0,40.0,60.0,20.0,100.0,60.0,116.36546720372486,23.51656761552205,116.37120929583946,43.97907949615794,92.365925224135,24.348991011036944,90.95889560123749,47.40698713861642
40.0,500.0,50.35445727302164,6.084072657683919,1.2944118027610885,40.88481364879613,37.37126712945376,39.609436053519474,26.24652777410228,16.961404311282003,100.0,60.0,120.0,20.0,60.0,20.0,100.0,40.0,90.95889560123749,47.40698713861642,116.36546720372486,23.51656761552205,92.365925224135,24.348991011036944,116.37120929583946,43.97907949615794
40.0,500.0,50.35445727302164,6.084072657683919,1.2944118027610885,40.88481364879613,26.24652777410228,16.961404311282003,37.37126712945376,39.609436053519474,100.0,60.0,120.0,20.0,100.0,40.0,60.0,20.0,90.95889560123749,47.40698713861642,116.36546720372486,23.51656761552205,116.37120929583946,43.97907949615794,92.365925224135,24.348991011036944
40.0,500.0,50.35445727302164,6.084072657683919,37.37126712945376,39.609436053519474,1.2944118027610885,40.88481364879613,26.24652777410228,16.961404311282003,100.0,60.0,60.0,20.0,120.0,20.0,100.0,40.0,90.95889560123749,47.40698713861642,92.365925224135,24.348991011036944,116.36546720372486,23.51656761552205,116.37120929583946,43.97907949615794
40.0,500.0,50.35445727302164,6.084072657683919,37.37126712945376,39.609436053519474,26.24652777410228,16.961404311282003,1.2944118027610885,40.88481364879613,100.0,60.0,60.0,20.0,100.0,40.0,120.0,20.0,90.95889560123749,47.40698713861642,92.365925224135,24.348991011036944,116.37120929583946,43.97907949615794,116.36546720372486,23.51656761552205
40.0,500.0,50.35445727302164,6.084072657683919,26.24652777410228,16.961404311282003,1.2944118027610885,40.88481364879613,37.37126712945376,39.609436053519474,100.0,60.0,100.0,40.0,120.0,20.0,60.0,20.0,90.95889560123749,47.40698713861642,116.37120929583946,43.97907949615794,116.36546720372486,23.51656761552205,92.365925224135,24.348991011036944
40.0,500.0,50.35445727302164,6.084072657683919,26.24652777410228,16.961404311282003,37.37126712945376,39.609436053519474,1.2944118027610885,40.88481364879613,100.0,60.0,100.0,40.0,60.0,20.0,120.0,20.0,90.95889560123749,47.40698713861642,116.37120929583946,43.97907949615794,92.365925224135,24.348991011036944,116.36546720372486,23.51656761552205
40.0,500.0,37.37126712945376,39.609436053519474,1.2944118027610885,40.88481364879613,50.35445727302164,6.084072657683919,26.24652777410228,16.961404311282003,60.0,20.0,120.0,20.0,100.0,60.0,100.0,40.0,92.365925224135,24.348991011036944,116.36546720372486,23.51656761552205,90.95889560123749,47.40698713861642,116.37120929583946,43.97907949615794
40.0,500.0,37.37126712945376,39.609436053519474,1.2944118027610885,40.88481364879613,26.24652777410228,16.961404311282003,50.35445727302164,6.084072657683919,60.0,20.0,120.0,20.0,100.0,40.0,100.0,60.0,92.365925224135,24.348991011036944,116.36546720372486,23.51656761552205,116.37120929583946,43.97907949615794,90.95889560123749,47.40698713861642
40.0,500.0,37.37126712945376,39.609436053519474,50.35445727302164,6.084072657683919,1.2944118027610885,40.88481364879613,26.24652777410228,16.961404311282003,60.0,20.0,100.0,60.0,120.0,20.0,100.0,40.0,92.365925224135,24.348991011036944,90.95889560123749,47.40698713861642,116.36546720372486,23.51656761552205,116.37120929583946,43.97907949615794
40.0,500.0,37.37126712945376,39.609436053519474,50.35445727302164,6.084072657683919,26.24652777410228,16.961404311282003,1.2944118027610885,40.88481364879613,60.0,20.0,100.0,60.0,100.0,40.0,120.0,20.0,92.365925224135,24.348991011036944,90.95889560123749,47.40698713861642,116.37120929583946,43.97907949615794,116.36546720372486,23.51656761552205
40.0,500.0,37.37126712945376,39.609436053519474,26.24652777410228,16.961404311282003,1.2944118027610885,40.88481364879613,50.35445727302164,6.084072657683919,60.0,20.0,100.0,40.0,120.0,20.0,100.0,60.0,92.365925224135,24.348991011036944,116.37120929583946,43.97907949615794,116.36546720372486,23.51656761552205,90.95889560123749,47.40698713861642
40.0,500.0,37.37126712945376,39.609436053519474,26.24652777410228,16.961404311282003,50.35445727302164,6.084072657683919,1.2944118027610885,40.88481364879613,60.0,20.0,100.0,40.0,100.0,60.0,120.0,20.0,92.365925224135,24.348991011036944,116.37120929583946,43.97907949615794,90.95889560123749,47.40698713861642,116.36546720372486,23.51656761552205
40.0,500.0,26.24652777410228,16.961404311282003,1.2944118027610885,40.88481364879613,50.35445727302164,6.084072657683919,37.37126712945376,39.609436053519474,100.0,40.0,120.0,20.0,100.0,60.0,60.0,20.0,116.37120929583946,43.97907949615794,116.36546720372486,23.51656761552205,90.95889560123749,47.40698713861642,92.365925224135,24.348991011036944
40.0,500.0,26.24652777410228,16.961404311282003,1.2944118027610885,40.88481364879613,37.37126712945376,39.609436053519474,50.35445727302164,6.084072657683919,100.0,40.0,120.0,20.0,60.0,20.0,100.0,60.0,116.37120929583946,43.97907949615794,116.36546720372486,23.51656761552205,92.365925224135,24.348991011036944,90.95889560123749,47.40698713861642
40.0,500.0,26.24652777410228,16.961404311282003,50.35445727302164,6.084072657683919,1.2944118027610885,40.88481364879613,37.37126712945376,39.609436053519474,100.0,40.0,100.0,60.0,120.0,20.0,60.0,20.0,116.37120929583946,43.97907949615794,90.95889560123749,47.40698713861642,116.36546720372486,23.51656761552205,92.365925224135,24.348991011036944
40.0,500.0,26.24652777410228,16.961404311282003,50.35445727302164,6.084072657683919,37.37126712945376,39.609436053519474,1.2944118027610885,40.88481364879613,100.0,40.0,100.0,60.0,60.0,20.0,120.0,20.0,116.37120929583946,43.97907949615794,90.95889560123749,47.40698713861642,92.365925224135,24.348991011036944,116.36546720372486,23.51656761552205
40.0,500.0,26.24652777410228,16.961404311282003,37.37126712945376,39.609436053519474,1.2944118027610885,40.88481364879613,50.35445727302164,6.084072657683919,100.0,40.0,60.0,20.0,120.0,20.0,100.0,60.0,116.37120929583946,43.97907949615794,92.365925224135,24.348991011036944,116.36546720372486,23.51656761552205,90.95889560123749,47.40698713861642
40.0,500.0,26.24652777410228,16.961404311282003,37.37126712945376,39.609436053519474,50.35445727302164,6.084072657683919,1.2944118027610885,40.88481364879613,100.0,40.0,60.0,20.0,100.0,60.0,120.0,20.0,116.37120929583946,43.97907949615794,92.365925224135,24.348991011036944,90.95889560123749,47.40698713861642,116.36546720372486,23.51656761552205
40.0,500.0,4.986313481924669,28.443465478277947,39.262306054545846,45.08312330904238,58.59750221033434,55.27925142276624,32.20875713361245,6.580401820989456,119.99999999999999,40.0,59.99999999999999,0.0,119.99999999999999,0.0,59.99999999999999,59.99999999999999,86.73973999413727,29.727629518578063,106.5028653882519,21.30993215456401,78.21195408458577,6.128697882474455,106.81275924517048,47.71354937551722
40.0,500.0,4.986313481924669,28.443465478277947,32.20875713361245,6.580401820989456,39.262306054545846,45.08312330904238,58.59750221033434,55.27925142276624,119.99999999999999,40.0,59.99999999999999,59.99999999999999,59.99999999999999,0.0,119.99999999999999,0.0,86.73973999413727,29.727629518578063,106.81275924517048,47.71354937551722,106.5028653882519,21.30993215456401,78.21195408458577,6.128697882474455
40.0,500.0,4.986313481924669,28.443465478277947,32.20875713361245,6.580401820989456,58.59750221033434,55.27925142276624,39.262306054545846,45.08312330904238,119.99999999999999,40.0,59.99999999999999,59.99999999999999,119.99999999999999,0.0,59.99999999999999,0.0,86.73973999413727,29.727629518578063,106.81275924517048,47.71354937551722,78.21195408458577,6.128697882474455,106.5028653882519,21.30993215456401
40.0,500.0,4.986313481924669,28.443465478277947,58.59750221033434,55.27925142276624,39.262306054545846,45.08312330904238,32.20875713361245,6.580401820989456,119.99999999999999,40.0,119.99999999999999,0.0,59.99999999999999,0.0,59.99999999999999,59.99999999999999,86.73973999413727,29.727629518578063,78.21195408458577,6.128697882474455,106.5028653882519,21.30993215456401,106.81275924517048,47.71354937551722
40.0,500.0,4.986313481924669,28.443465478277947,58.59750221033434,55.27925142276624,32.20875713361245,6.580401820989456,39.262306054545846,45.08312330904238,119.99999999999999,40.0,119.99999999999999,0.0,59.99999999999999,59.99999999999999,59.99999999999999,0.0,86.73973999413727,29.727629518578063,78.21195408458577,6.128697882474455,106.81275924517048,47.71354937551722,106.5028653882519,21.30993215456401
40.0,500.0,39.262306054545846,45.08312330904238,4.986313481924669,28.443465478277947,32.20875713361245,6.580401820989456,58.59750221033434,55.27925142276624,59.99999999999999,0.0,119.99999999999999,40.0,59.99999999999999,59.99999999999999,119.99999999999999,0.0,106.5028653882519,21.30993215456401,86.73973999413727,29.727629518578063,106.81275924517048,47.71354937551722,78.21195408458577,6.128697882474455
40.0,500.0,39.262306054545846,45.08312330904238,4.986313481924669,28.443465478277947,58.59750221033434,55.27925142276624,32.20875713361245,6.580401820989456,59.99999999999999,0.0,119.99999999999999,40.0,119.99999999999999,0.0,59.99999999999999,59.99999999999999,106.5028653882519,21.30993215456401,86.73973999413727,29.727629518578063,78.21195408458577,6.128697882474455,106.81275924517048,47.71354937551722
40.0,500.0,39.262306054545846,45.08312330904238,32.20875713361245,6.580401820989456,4.986313481924669,28.443465478277947,58.59750221033434,55.27925142276624,59.99999999999999,0.0,59.99999999999999,59.99999999999999,119.99999999999999,40.0,119.99999999999999,0.0,106.5028653882519,21.30993215456401,106.81275924517048,47.71354937551722,86.73973999413727,29.727629518578063,78.21195408458577,6.128697882474455
40.0,500.0,39.262306054545846,45.08312330904238,32.20875713361245,6.580401820989456,58.59750221033434,55.27925142276624,4.986313481924669,28.443465478277947,59.99999999999999,0.0,59.99999999999999,59.99999999999999,119.99999999999999,0.0,119.99999999999999,40.0,106.5028653882519,21.30993215456401,106.81275924517048,47.71354937551722,78.21195408458577,6.128697882474455,86.73973999413727,29.727629518578063
40.0,500.0,39.262306054545846,45.08312330904238,58.59750221033434,55.27925142276624,4.986313481924669,28.443465478277947,32.20875713361245,6.580401820989456,59.99999999999999,0.0,119.99999999999999,0.0,119.99999999999999,40.0,59.99999999999999,59.99999999999999,106.5028653882519,21.30993215456401,78.21195408458577,6.128697882474455,86.73973999413727,29.727629518578063,106.81275924517048,47.71354937551722
40.0,500.0,39.262306054545846,45.08312330904238,58.59750221033434,55.27925142276624,32.20875713361245,6.580401820989456,4.986313481924669,28.443465478277947,59.99999999999999,0.0,119.99999999999999,0.0,59.99999999999999,59.99999999999999,119.99999999999999,40.0,106.5028653882519,21.30993215456401,78.21195408458577,6.128697882474455,106.81275924517048,47.71354937551722,86.73973999413727,29.727629518578063
40.0,500.0,32.20875713361245,6.580401820989456,4.986313481924669,28.443465478277947,39.262306054545846,45.08312330904238,58.59750221033434,55.27925142276624,59.99999999999999,59.99999999999999,119.99999999999999,40.0,59.99999999999999,0.0,119.99999999999999,0.0,106.81275924517048,47.71354937551722,86.73973999413727,29.727629518578063,106.5028653882519,21.30993215456401,78.21195408458577,6.128697882474455
40.0,500.0,32.20875713361245,6.580401820989456,4.986313481924669,28.443465478277947,58.59750221033434,55.27925142276624,39.262306054545846,45.08312330904238,59.99999999999999,59.99999999999999,119.99999999999999,40.0,119.99999999999999,0.0,59.99999999999999,0.0,106.81275924517048,47.71354937551722,86.73973999413727,29.727629518578063,78.21195408458577,6.128697882474455,106.5028653882519,21.30993215456401
40.0,500.0,32.20875713361245,6.580401820989456,39.262306054545846,45.08312330904238,4.986313481924669,28.443465478277947,58.59750221033434,55.27925142276624,59.99999999999999,59.99999999999999,59.99999999999999,0.0,119.99999999999999,40.0,119.99999999999999,0.0,106.81275924517048,47.71354937551722,106.5028653882519,21.30993215456401,86.73973999413727,29.727629518578063,78.21195408458577,6.128697882474455
40.0,500.0,32.20875713361245,6.580401820989456,39.262306054545846,45.08312330904238,58.59750221033434,55.27925142276624,4.986313481924669,28.443465478277947,59.99999999999999,59.99999999999999,59.99999999999999,0.0,119.99999999999999,0.0,119.99999999999999,40.0,106.81275924517048,47.71354937551722,106.5028653882519,21.30993215456401,78.21195408458577,6.128697882474455,86.73973999413727,29.727629518578063
40.0,500.0,32.20875713361245,6.580401820989456,58.59750221033434,55.27925142276624,4.986313481924669,28.443465478277947,39.262306054545846,45.08312330904238,59.99999999999999,59.99999999999999,119.99999999999999,0.0,119.99999999999999,40.0,59.99999999999999,0.0,106.81275924517048,47.71354937551722,78.21195408458577,6.128697882474455,86.73973999413727,29.727629518578063,106.5028653882519,21.30993215456401
40.0,500.0,32.20875713361245,6.580401820989456,58.59750221033434,55.27925142276624,39.262306054545846,45.08312330904238,4.986313481924669,28.443465478277947,59.99999999999999,59.99999999999999,119.99999999999999,0.0,59.99999999999999,0.0,119.99999999999999,40.0,106.81275924517048,47.71354937551722,78.21195408458577,6.128697882474455,106.5028653882519,21.30993215456401,86.73973999413727,29.727629518578063
40.0,500.0,58.59750221033434,55.27925142276624,4.986313481924669,28.443465478277947,39.262306054545846,45.08312330904238,32.20875713361245,6.580401820989456,119.99999999999999,0.0,119.99999999999999,40.0,59.99999999999999,0.0,59.99999999999999,59.99999999999999,78.21195408458577,6.128697882474455,86.73973999413727,29.727629518578063,106.5028653882519,21.30993215456401,106.81275924517048,47.71354937551722
40.0,500.0,58.59750221033434,55.27925142276624,4.986313481924669,28.443465478277947,32.20875713361245,6.580401820989456,39.262306054545846,45.08312330904238,119.99999999999999,0.0,119.99999999999999,40.0,59.99999999999999,59.99999999999999,59.99999999999999,0.0,78.21195408458577,6.128697882474455,86.73973999413727,29.727629518578063,106.81275924517048,47.71354937551722,106.5028653882519,21.30993215456401
40.0,500.0,58.59750221033434,55.27925142276624,39.262306054545846,45.08312330904238,4.986313481924669,28.443465478277947,32.20875713361245,6.580401820989456,119.99999999999999,0.0,59.99999999999999,0.0,119.99999999999999,40.0,59.99999999999999,59.99999999999999,78.21195408458577,6.128697882474455,106.5028653882519,21.30993215456401,86.73973999413727,29.727629518578063,106.81275924517048,47.71354937551722
40.0,500.0,58.59750221033434,55.27925142276624,39.262306054545846,45.08312330904238,32.20875713361245,6.580401820989456,4.986313481924669,28.443465478277947,119.99999999999999,0.0,59.99999999999999,0.0,59.99999999999999,59.99999999999999,119.99999999999999,40.0,78.21195408458577,6.128697882474455,106.5028653882519,21.30993215456401,106.81275924517048,47.71354937551722,86.73973999413727,29.727629518578063
40.0,500.0,58.59750221033434,55.27925142276624,32.20875713361245,6.580401820989456,4.986313481924669,28.443465478277947,39.262306054545846,45.08312330904238,119.99999999999999,0.0,59.99999999999999,59.99999999999999,119.99999999999999,40.0,59.99999999999999,0.0,78.21195408458577,6.128697882474455,106.81275924517048,47.71354937551722,86.73973999413727,29.727629518578063,106.5028653882519,21.30993215456401
40.0,500.0,58.59750221033434,55.27925142276624,32.20875713361245,6.580401820989456,39.262306054545846,45.08312330904238,4.986313481924669,28.443465478277947,119.99999999999999,0.0,59.99999999999999,59.99999999999999,59.99999999999999,0.0,119.99999999999999,40.0,78.21195408458577,6.128697882474455,106.81275924517048,47.71354937551722,106.5028653882519,21.30993215456401,86.73973999413727,29.727629518578063
40.0,500.0,5.211348800272397,8.376148412347781,57.369293262625085,17.95851595357707,36.03274430982172,41.498665211570525,9.102339826940264,33.941225583291185,120.0,60.0,60.0,40.0,60.0,0.0,120.0,0.0,118.4425703940569,47.79733396807298,61.58074898053042,32.87257660101192,86.39430728637268,2.2261418625402385,116.25439718088624,11.101072061617147
40.0,500.0,5.211348800272397,8.376148412347781,9.102339826940264,33.941225583291185,57.369293262625085,17.95851595357707,36.03274430982172,41.498665211570525,120.0,60.0,120.0,0.0,60.0,40.0,60.0,0.0,118.4425703940569,47.79733396807298,116.25439718088624,11.101072061617147,61.58074898053042,32.87257660101192,86.39430728637268,2.2261418625402385
40.0,500.0,5.211348800272397,8.376148412347781,9.102339826940264,33.941225583291185,36.03274430982172,41.498665211570525,57.369293262625085,17.95851595357707,120.0,60.0,120.0,0.0,60.0,0.0,60.0,40.0,118.4425703940569,47.79733396807298,116.25439718088624,11.101072061617147,86.39430728637268,2.2261418625402385,61.58074898053042,32.87257660101192
40.0,500.0,5.211348800272397,8.376148412347781,36.03274430982172,41.498665211570525,57.369293262625085,17.95851595357707,9.102339826940264,33.941225583291185,120.0,60.0,60.0,0.0,60.0,40.0,120.0,0.0,118.4425703940569,47.79733396807298,86.39430728637268,2.2261418625402385,61.58074898053042,32.87257660101192,116.25439718088624,11.101072061617147
40.0,500.0,5.211348800272397,8.376148412347781,36.03274430982172,41.498665211570525,9.102339826940264,33.941225583291185,57.369293262625085,17.95851595357707,120.0,60.0,60.0,0.0,120.0,0.0,60.0,40.0,118.4425703940569,47.79733396807298,86.39430728637268,2.2261418625402385,116.25439718088624,11.101072061617147,61.58074898053042,32.87257660101192
40.0,500.0,57.369293262625085,17.95851595357707,5.211348800272397,8.376148412347781,9.102339826940264,33.941225583291185,36.03274430982172,41.498665211570525,60.0,40.0,120.0,60.0,120.0,0.0,60.0,0.0,61.58074898053042,32.87257660101192,118.4425703940569,47.79733396807298,116.25439718088624,11.101072061617147,86.39430728637268,2.2261418625402385
40.0,500.0,57.369293262625085,17.95851595357707,5.211348800272397,8.376148412347781,36.03274430982172,41.498665211570525,9.102339826940264,33.941225583291185,60.0,40.0,120.0,60.0,60.0,0.0,120.0,0.0,61.58074898053042,32.87257660101192,118.4425703940569,47.79733396807298,86.39430728637268,2.2261418625402385,116.25439718088624,11.101072061617147
40.0,500.0,57.369293262625085,17.95851595357707,9.102339826940264,33.941225583291185,5.211348800272397,8.376148412347781,36.03274430982172,41.498665211570525,60.0,40.0,120.0,0.0,120.0,60.0,60.0,0.0,61.58074898053042,32.87257660101192,116.25439718088624,11.101072061617147,118.4425703940569,47.79733396807298,86.39430728637268,2.2261418625402385
40.0,500.0,57.369293262625085,17.95851595357707,9.102339826940264,33.941225583291185,36.03274430982172,41.498665211570525,5.211348800272397,8.376148412347781,60.0,40.0,120.0,0.0,60.0,0.0,120.0,60.0,61.58074898053042,32.87257660101192,116.25439718088624,11.101072061617147,86.39430728637268,2.2261418625402385,118.4425703940569,47.79733396807298
40.0,500.0,57.369293262625085,17.95851595357707,36.03274430982172,41.498665211570525,5.211348800272397,8.376148412347781,9.102339826940264,33.941225583291185,60.0,40.0,60.0,0.0,120.0,60.0,120.0,0.0,61.58074898053042,32.87257660101192,86.39430728637268,2.2261418625402385,118.4425703940569,47.79733396807298,116.25439718088624,11.101072061617147
40.0,500.0,57.369293262625085,17.95851595357707,36.03274430982172,41.498665211570525,9.102339826940264,33.941225583291185,5.211348800272397,8.376148412347781,60.0,40.0,60.0,0.0,120.0,0.0,120.0,60.0,61.58074898053042,32.87257660101192,86.39430728637268,2.2261418625402385,116.25439718088624,11.101072061617147,118.4425703940569,47.79733396807298
40.0,500.0,9.102339826940264,33.941225583291185,5.211348800272397,8.376148412347781,57.369293262625085,17.95851595357707,36.03274430982172,41.498665211570525,120.0,0.0,120.0,60.0,60.0,40.0,60.0,0.0,116.25439718088624,11.101072061617147,118.4425703940569,47.79733396807298,61.58074898053042,32.87257660101192,86.39430728637268,2.2261418625402385
40.0,500.0,9.102339826940264,33.941225583291185,5.211348800272397,8.376148412347781,36.03274430982172,41.498665211570525,57.369293262625085,17.95851595357707,120.0,0.0,120.0,60.0,60.0,0.0,60.0,40.0,116.25439718088624,11.101072061617147,118.4425703940569,47.79733396807298,86.39430728637268,2.2261418625402385,61.58074898053042,32.87257660101192
40.0,500.0,9.102339826940264,33.941225583291185,57.369293262625085,17.95851595357707,5.211348800272397,8.376148412347781,36.03274430982172,41.498665211570525,120.0,0.0,60.0,40.0,120.0,60.0,60.0,0.0,116.25439718088624,11.101072061617147,61.58074898053042,32.87257660101192,118.4425703940569,47.79733396807298,86.39430728637268,2.2261418625402385
40.0,500.0,9.102339826940264,33.941225583291185,57.369293262625085,17.95851595357707,36.03274430982172,41.498665211570525,5.211348800272397,8.376148412347781,120.0,0.0,60.0,40.0,60.0,0.0,120.0,60.0,116.25439718088624,11.101072061617147,61.58074898053042,32.87257660101192,86.39430728637268,2.2261418625402385,118.4425703940569,47.79733396807298
40.0,500.0,9.102339826940264,33.941225583291185,36.03274430982172,41.498665211570525,5.211348800272397,8.376148412347781,57.369293262625085,17.95851595357707,120.0,0.0,60.0,0.0,120.0,60.0,60.0,40.0,116.25439718088624,11.101072061617147,86.39430728637268,2.2261418625402385,118.4425703940569,47.79733396807298,61.58074898053042,32.87257660101192
40.0,500.0,9.102339826940264,33.941225583291185,36.03274430982172,41.498665211570525,57.369293262625085,17.95851595357707,5.211348800272397,8.376148412347781,120.0,0.0,60.0,0.0,60.0,40.0,120.0,60.0,116.25439718088624,11.101072061617147,86.39430728637268,2.2261418625402385,61.58074898053042,32.87257660101192,118.4425703940569,47.79733396807298
40.0,500.0,36.03274430982172,41.498665211570525,5.211348800272397,8.376148412347781,57.369293262625085,17.95851595357707,9.102339826940264,33.941225583291185,60.0,0.0,120.0,60.0,60.0,40.0,120.0,0.0,86.39430728637268,2.2261418625402385,118.4425703940569,47.79733396807298,61.58074898053042,32.87257660101192,116.25439718088624,11.101072061617147
40.0,500.0,36.03274430982172,41.498665211570525,5.211348800272397,8.376148412347781,9.102339826940264,33.941225583291185,57.369293262625085,17.95851595357707,60.0,0.0,120.0,60.0,120.0,0.0,60.0,40.0,86.39430728637268,2.2261418625402385,118.4425703940569,47.79733396807298,116.25439718088624,11.101072061617147,61.58074898053042,32.87257660101192
40.0,500.0,36.03274430982172,41.498665211570525,57.369293262625085,17.95851595357707,5.211348800272397,8.376148412347781,9.102339826940264,33.941225583291185,60.0,0.0,60.0,40.0,120.0,60.0,120.0,0.0,86.39430728637268,2.2261418625402385,61.58074898053042,32.87257660101192,118.4425703940569,47.79733396807298,116.25439718088624,11.101072061617147
40.0,500.0,36.03274430982172,41.498665211570525,57.369293262625085,17.95851595357707,9.102339826940264,33.941225583291185,5.211348800272397,8.376148412347781,60.0,0.0,60.0,40.0,120.0,0.0,120.0,60.0,86.39430728637268,2.2261418625402385,61.58074898053042,32.87257660101192,116.25439718088624,11.101072061617147,118.4425703940569,47.79733396807298
40.0,500.0,36.03274430982172,41.498665211570525,9.102339826940264,33.941225583291185,5.211348800272397,8.376148412347781,57.369293262625085,17.95851595357707,60.0,0.0,120.0,0.0,120.0,60.0,60.0,40.0,86.39430728637268,2.2261418625402385,116.25439718088624,11.101072061617147,118.4425703940569,47.79733396807298,61.58074898053042,32.87257660101192
40.0,500.0,36.03274430982172,41.498665211570525,9.102339826940264,33.941225583291185,57.369293262625085,17.95851595357707,5.211348800272397,8.376148412347781,60.0,0.0,120.0,0.0,60.0,40.0,120.0,60.0,86.39430728637268,2.2261418625402385,116.25439718088624,11.101072061617147,61.58074898053042,32.87257660101192,118.4425703940569,47.79733396807298
40.0,500.0,44.34573782095048,36.33570249394532,0.3037399981834165,56.947888135775045,59.54855169804455,1.5227202548656282,20.561475412279616,42.77581139119352,80.0,20.0,100.00000000000001,0.0,60.0,40.0,120.0,20.0,74.70980563016573,42.835090730179786,104.84395744162508,29.124984933302983,93.46758883845044,57.92205962340807,81.77753584455598,22.91448279022944
40.0,500.0,44.34573782095048,36.33570249394532,20.561475412279616,42.77581139119352,0.3037399981834165,56.947888135775045,59.54855169804455,1.5227202548656282,80.0,20.0,120.0,20.0,100.00000000000001,0.0,60.0,40.0,74.70980563016573,42.835090730179786,81.77753584455598,22.91448279022944,104.84395744162508,29.124984933302983,93.46758883845044,57.92205962340807
40.0,500.0,44.34573782095048,36.33570249394532,20.561475412279616,42.77581139119352,59.54855169804455,1.5227202548656282,0.3037399981834165,56.947888135775045,80.0,20.0,120.0,20.0,60.0,40.0,100.00000000000001,0.0,74.70980563016573,42.835090730179786,81.77753584455598,22.91448279022944,93.46758883845044,57.92205962340807,104.84395744162508,29.124984933302983
40.0,500.0,44.34573782095048,36.33570249394532,59.54855169804455,1.5227202548656282,0.3037399981834165,56.947888135775045,20.561475412279616,42.77581139119352,80.0,20.0,60.0,40.0,100.00000000000001,0.0,120.0,20.0,74.70980563016573,42.835090730179786,93.46758883845044,57.92205962340807,104.84395744162508,29.124984933302983,81.77753584455598,22.91448279022944
40.0,500.0,44.34573782095048,36.33570249394532,59.54855169804455,1.5227202548656282,20.561475412279616,42.77581139119352,0.3037399981834165,56.947888135775045,80.0,20.0,60.0,40.0,120.0,20.0,100.00000000000001,0.0,74.70980563016573,42.835090730179786,93.46758883845044,57.92205962340807,81.77753584455598,22.91448279022944,104.84395744162508,29.124984933302983
40.0,500.0,0.3037399981834165,56.947888135775045,44.34573782095048,36.33570249394532,20.561475412279616,42.77581139119352,59.54855169804455,1.5227202548656282,100.00000000000001,0.0,80.0,20.0,120.0,20.0,60.0,40.0,104.84395744162508,29.124984933302983,74.70980563016573,42.835090730179786,81.77753584455598,22.91448279022944,93.46758883845044,57.92205962340807
40.0,500.0,0.3037399981834165,56.947888135775045,44.34573782095048,36.33570249394532,59.54855169804455,1.5227202548656282,20.561475412279616,42.77581139119352,100.00000000000001,0.0,80.0,20.0,60.0,40.0,120.0,20.0,104.84395744162508,29.124984933302983,74.70980563016573,42.835090730179786,93.46758883845044,57.92205962340807,81.77753584455598,22.91448279022944
40.0,500.0,0.3037399981834165,56.947888135775045,20.561475412279616,42.77581139119352,44.34573782095048,36.33570249394532,59.54855169804455,1.5227202548656282,100.00000000000001,0.0,120.0,20.0,80.0,20.0,60.0,40.0,104.84395744162508,29.124984933302983,81.77753584455598,22.91448279022944,74.70980563016573,42.835090730179786,93.46758883845044,57.92205962340807
40.0,500.0,0.3037399981834165,56.947888135775045,20.561475412279616,42.77581139119352,59.54855169804455,1.5227202548656282,44.34573782095048,36.33570249394532,100.00000000000001,0.0,120.0,20.0,60.0,40.0,80.0,20.0,104.84395744162508,29.124984933302983,81.77753584455598,22.91448279022944,93.46758883845044,57.92205962340807,74.70980563016573,42.835090730179786
40.0,500.0,0.3037399981834165,56.947888135775045,59.54855169804455,1.5227202548656282,44.34573782095048,36.33570249394532,20.561475412279616,42.77581139119352,100.00000000000001,0.0,60.0,40.0,80.0,20.0,120.0,20.0,104.84395744162508,29.124984933302983,93.46758883845044,57.92205962340807,74.70980563016573,42.835090730179786,81.77753584455598,22.91448279022944
40.0,500.0,0.3037399981834165,56.947888135775045,59.54855169804455,1.5227202548656282,20.561475412279616,42.77581139119352,44.34573782095048,36.33570249394532,100.00000000000001,0.0,60.0,40.0,120.0,20.0,80.0,20.0,104.84395744162508,29.124984933302983,93.46758883845044,57.92205962340807,81.77753584455598,22.91448279022944,74.70980563016573,42.835090730179786
40.0,500.0,20.561475412279616,42.77581139119352,44.34573782095048,36.33570249394532,0.3037399981834165,56.947888135775045,59.54855169804455,1.5227202548656282,120.0,20.0,80.0,20.0,100.00000000000001,0.0,60.0,40.0,81.77753584455598,22.91448279022944,74.70980563016573,42.835090730179786,104.84395744162508,29.124984933302983,93.46758883845044,57.92205962340807
40.0,500.0,20.561475412279616,42.77581139119352,44.34573782095048,36.33570249394532,59.54855169804455,1.5227202548656282,0.3037399981834165,56.947888135775045,120.0,20.0,80.0,20.0,60.0,40.0,100.00000000000001,0.0,81.77753584455598,22.91448279022944,74.70980563016573,42.835090730179786,93.46758883845044,57.92205962340807,104.84395744162508,29.124984933302983
40.0,500.0,20.561475412279616,42.77581139119352,0.3037399981834165,56.947888135775045,44.34573782095048,36.33570249394532,59.54855169804455,1.5227202548656282,120.0,20.0,100.00000000000001,0.0,80.0,20.0,60.0,40.0,81.77753584455598,22.91448279022944,104.84395744162508,29.124984933302983,74.70980563016573,42.835090730179786,93.46758883845044,57.92205962340807
40.0,500.0,20.561475412279616,42.77581139119352,0.3037399981834165,56.947888135775045,59.54855169804455,1.5227202548656282,44.34573782095048,36.33570249394532,120.0,20.0,100.00000000000001,0.0,60.0,40.0,80.0,20.0,81.77753584455598,22.91448279022944,104.84395744162508,29.124984933302983,93.46758883845044,57.92205962340807,74.70980563016573,42.835090730179786
40.0,500.0,20.561475412279616,42.77581139119352,59.54855169804455,1.5227202548656282,44.34573782095048,36.33570249394532,0.3037399981834165,56.947888135775045,120.0,20.0,60.0,40.0,80.0,20.0,100.00000000000001,0.0,81.77753584455598,22.91448279022944,93.46758883845044,57.92205962340807,74.70980563016573,42.835090730179786,104.84395744162508,29.124984933302983
40.0,500.0,20.561475412279616,42.77581139119352,59.54855169804455,1.5227202548656282,0.3037399981834165,56.947888135775045,44.34573782095048,36.33570249394532,120.0,20.0,60.0,40.0,100.00000000000001,0.0,80.0,20.0,81.77753584455598,22.91448279022944,93.46758883845044,57.92205962340807,104.84395744162508,29.124984933302983,74.70980563016573,42.835090730179786
40.0,500.0,59.54855169804455,1.5227202548656282,44.34573782095048,36.33570249394532,0.3037399981834165,56.947888135775045,20.561475412279616,42.77581139119352,60.0,40.0,80.0,20.0,100.00000000000001,0.0,120.0,20.0,93.46758883845044,57.92205962340807,74.70980563016573,42.835090730179786,104.84395744162508,29.124984933302983,81.77753584455598,22.91448279022944
40.0,500.0,59.54855169804455,1.5227202548656282,44.34573782095048,36.33570249394532,20.561475412279616,42.77581139119352,0.3037399981834165,56.947888135775045,60.0,40.0,80.0,20.0,120.0,20.0,100.00000000000001,0.0,93.46758883845044,57.92205962340807,74.70980563016573,42.835090730179786,81.77753584455598,22.91448279022944,104.84395744162508,29.124984933302983
40.0,500.0,59.54855169804455,1.5227202548656282,0.3037399981834165,56.947888135775045,44.34573782095048,36.33570249394532,20.561475412279616,42.77581139119352,60.0,40.0,100.00000000000001,0.0,80.0,20.0,120.0,20.0,93.46758883845044,57.92205962340807,104.84395744162508,29.124984933302983,74.70980563016573,42.835090730179786,81.77753584455598,22.91448279022944
40.0,500.0,59.54855169804455,1.5227202548656282,0.3037399981834165,56.947888135775045,20.561475412279616,42.77581139119352,44.34573782095048,36.33570249394532,60.0,40.0,100.00000000000001,0.0,120.0,20.0,80.0,20.0,93.46758883845044,57.92205962340807,104.84395744162508,29.124984933302983,81.77753584455598,22.91448279022944,74.70980563016573,42.835090730179786
40.0,500.0,59.54855169804455,1.5227202548656282,20.561475412279616,42.77581139119352,44.34573782095048,36.33570249394532,0.3037399981834165,56.947888135775045,60.0,40.0,120.0,20.0,80.0,20.0,100.00000000000001,0.0,93.46758883845044,57.92205962340807,81.77753584455598,22.91448279022944,74.70980563016573,42.835090730179786,104.84395744162508,29.124984933302983
40.0,500.0,59.54855169804455,1.5227202548656282,20.561475412279616,42.77581139119352,0.3037399981834165,56.947888135775045,44.34573782095048,36.33570249394532,60.0,40.0,120.0,20.0,100.00000000000001,0.0,80.0,20.0,93.46758883845044,57.92205962340807,81.77753584455598,22.91448279022944,104.84395744162508,29.124984933302983,74.70980563016573,42.835090730179786
53.333333333333336,500.0,12.185706071055533,9.871360616351224,38.18921908201288,21.308982164732328,2.5780299027295883,43.858517242007046,58.72518985345108,37.79540027620673,100.0,59.99999999999999,59.99999999999999,40.0,100.0,20.0,59.99999999999999,20.0,70.67651700085732,58.782806067409226,93.47984271873813,44.091756237601885,83.06383358450975,7.855839638767549,63.59396661927521,19.20709313162819
53.333333333333336,500.0,12.185706071055533,9.871360616351224,58.72518985345108,37.79540027620673,38.18921908201288,21.308982164732328,2.5780299027295883,43.858517242007046,100.0,59.99999999999999,59.99999999999999,20.0,59.99999999999999,40.0,100.0,20.0,70.67651700085732,58.782806067409226,63.59396661927521,19.20709313162819,93.47984271873813,44.091756237601885,83.06383358450975,7.855839638767549
53.333333333333336,500.0,12.185706071055533,9.871360616351224,58.72518985345108,37.79540027620673,2.5780299027295883,43.858517242007046,38.18921908201288,21.308982164732328,100.0,59.99999999999999,59.99999999999999,20.0,100.0,20.0,59.99999999999999,40.0,70.67651700085732,58.782806067409226,63.59396661927521,19.20709313162819,83.06383358450975,7.855839638767549,93.47984271873813,44.091756237601885
53.333333333333336,500.0,12.185706071055533,9.871360616351224,2.5780299027295883,43.858517242007046,38.18921908201288,21.308982164732328,58.72518985345108,37.79540027620673,100.0,59.99999999999999,100.0,20.0,59.99999999999999,40.0,59.99999999999999,20.0,70.67651700085732,58.782806067409226,83.06383358450975,7.855839638767549,93.47984271873813,44.091756237601885,63.59396661927521,19.20709313162819
53.333333333333336,500.0,12.185706071055533,9.871360616351224,2.5780299027295883,43.858517242007046,58.72518985345108,37.79540027620673,38.18921908201288,21.308982164732328,100.0,59.99999999999999,100.0,20.0,59.99999999999999,20.0,59.99999999999999,40.0,70.67651700085732,58.782806067409226,83.06383358450975,7.855839638767549,63.59396661927521,19.20709313162819,93.47984271873813,44.091756237601885
53.333333333333336,500.0,38.18921908201288,21.308982164732328,12.185706071055533,9.871360616351224,58.72518985345108,37.79540027620673,2.5780299027295883,43.858517242007046,59.99999999999999,40.0,100.0,59.99999999999999,59.99999999999999,20.0,100.0,20.0,93.47984271873813,44.091756237601885,70.67651700085732,58.782806067409226,63.59396661927521,19.20709313162819,83.06383358450975,7.855839638767549
53.333333333333336,500.0,38.18921908201288,21.308982164732328,12.185706071055533,9.871360616351224,2.5780299027295883,43.858517242007046,58.72518985345108,37.79540027620673,59.99999999999999,40.0,100.0,59.99999999999999,100.0,20.0,59.99999999999999,20.0,93.47984271873813,44.091756237601885,70.67651700085732,58.782806067409226,83.06383358450975,7.855839638767549,63.59396661927521,19.20709313162819
53.333333333333336,500.0,38.18921908201288,21.308982164732328,58.72518985345108,37.79540027620673,12.185706071055533,9.871360616351224,2.5780299027295883,43.858517242007046,60.0,40.0,60.0,20.0,100.0,60.0,100.0,20.0,93.47984271873813,44.091756237601885,63.59396661927521,19.20709313162819,70.67651700085732,58.782806067409226,83.06383358450975,7.855839638767549
53.333333333333336,500.0,38.18921908201288,21.308982164732328,58.72518985345108,37.79540027620673,2.5780299027295883,43.858517242007046,12.185706071055533,9.871360616351224,60.0,40.0,60.0,20.0,100.0,20.0,100.0,60.0,93.47984271873813,44.091756237601885,63.59396661927521,19.20709313162819,83.06383358450975,7.855839638767549,70.67651700085732,58.782806067409226
53.333333333333336,500.0,38.18921908201288,21.308982164732328,2.5780299027295883,43.858517242007046,12.185706071055533,9.871360616351224,58.72518985345108,37.79540027620673,59.99999999999999,40.0,100.0,20.0,100.0,59.99999999999999,59.99999999999999,20.0,93.47984271873813,44.091756237601885,83.06383358450975,7.855839638767549,70.67651700085732,58.782806067409226,63.59396661927521,19.20709313162819
53.333333333333336,500.0,38.18921908201288,21.308982164732328,2.5780299027295883,43.858517242007046,58.72518985345108,37.79540027620673,12.185706071055533,9.871360616351224,60.0,40.0,100.0,20.0,60.0,20.0,100.0,60.0,93.47984271873813,44.091756237601885,83.06383358450975,7.855839638767549,63.59396661927521,19.20709313162819,70.67651700085732,58.782806067409226
53.333333333333336,500.0,58.72518985345108,37.79540027620673,12.185706071055533,9.871360616351224,38.18921908201288,21.308982164732328,2.5780299027295883,43.858517242007046,59.99999999999999,20.0,100.0,59.99999999999999,59.99999999999999,40.0,100.0,20.0,63.59396661927521,19.20709313162819,70.67651700085732,58.782806067409226,93.47984271873813,44.091756237601885,83.06383358450975,7.855839638767549
53.333333333333336,500.0,58.72518985345108,37.79540027620673,12.185706071055533,9.871360616351224,2.5780299027295883,43.858517242007046,38.18921908201288,21.308982164732328,59.99999999999999,20.0,100.0,59.99999999999999,100.0,20.0,59.99999999999999,40.0,63.59396661927521,19.20709313162819,70.67651700085732,58.782806067409226,83.06383358450975,7.855839638767549,93.47984271873813,44.091756237601885
53.333333333333336,500.0,58.72518985345108,37.79540027620673,38.18921908201288,21.308982164732328,12.185706071055533,9.871360616351224,2.5780299027295883,43.858517242007046,60.0,20.0,60.0,40.0,100.0,60.0,100.0,20.0,63.59396661927521,19.20709313162819,93.47984271873813,44.091756237601885,70.67651700085732,58.782806067409226,83.06383358450975,7.855839638767549
53.333333333333336,500.0,58.72518985345108,37.79540027620673,38.18921908201288,21.308982164732328,2.5780299027295883,43.858517242007046,12.185706071055533,9.871360616351224,60.0,20.0,60.0,40.0,100.0,20.0,100.0,60.0,63.59396661927521,19.20709313162819,93.47984271873813,44.091756237601885,83.06383358450975,7.855839638767549,70.67651700085732,58.782806067409226
53.333333333333336,500.0,58.72518985345108,37.79540027620673,2.5780299027295883,43.858517242007046,12.185706071055533,9.871360616351224,38.18921908201288,21.308982164732328,59.99999999999999,20.0,100.0,20.0,100.0,59.99999999999999,59.99999999999999,40.0,63.59396661927521,19.20709313162819,83.06383358450975,7.855839638767549,70.67651700085732,58.782806067409226,93.47984271873813,44.091756237601885
53.333333333333336,500.0,58.72518985345108,37.79540027620673,2.5780299027295883,43.858517242007046,38.18921908201288,21.308982164732328,12.185706071055533,9.871360616351224,60.0,20.0,100.0,20.0,60.0,40.0,100.0,60.0,63.59396661927521,19.20709313162819,83.06383358450975,7.855839638767549,93.47984271873813,44.091756237601885,70.67651700085732,58.782806067409226
53.333333333333336,500.0,2.5780299027295883,43.858517242007046,12.185706071055533,9.871360616351224,38.18921908201288,21.308982164732328,58.72518985345108,37.79540027620673,100.0,20.0,100.0,59.99999999999999,59.99999999999999,40.0,59.99999999999999,20.0,83.06383358450975,7.855839638767549,70.67651700085732,58.782806067409226,93.47984271873813,44.091756237601885,63.59396661927521,19.20709313162819
53.333333333333336,500.0,2.5780299027295883,43.858517242007046,12.185706071055533,9.871360616351224,58.72518985345108,37.79540027620673,38.18921908201288,21.308982164732328,100.0,20.0,100.0,59.99999999999999,59.99999999999999,20.0,59.99999999999999,40.0,83.06383358450975,7.855839638767549,70.67651700085732,58.782806067409226,63.59396661927521,19.20709313162819,93.47984271873813,44.091756237601885
53.333333333333336,500.0,2.5780299027295883,43.858517242007046,38.18921908201288,21.308982164732328,12.185706071055533,9.871360616351224,58.72518985345108,37.79540027620673,100.0,20.0,59.99999999999999,40.0,100.0,59.99999999999999,59.99999999999999,20.0,83.06383358450975,7.855839638767549,93.47984271873813,44.091756237601885,70.67651700085732,58.782806067409226,63.59396661927521,19.20709313162819
53.333333333333336,500.0,2.5780299027295883,43.858517242007046,38.18921908201288,21.308982164732328,58.72518985345108,37.79540027620673,12.185706071055533,9.871360616351224,100.0,20.0,60.0,40.0,60.0,20.0,100.0,60.0,83.06383358450975,7.855839638767549,93.47984271873813,44.091756237601885,63.59396661927521,19.20709313162819,70.67651700085732,58.782806067409226
53.333333333333336,500.0,2.5780299027295883,43.858517242007046,58.72518985345108,37.79540027620673,12.185706071055533,9.871360616351224,38.18921908201288,21.308982164732328,100.0,20.0,59.99999999999999,20.0,100.0,59.99999999999999,59.99999999999999,40.0,83.06383358450975,7.855839638767549,63.59396661927521,19.20709313162819,70.67651700085732,58.782806067409226,93.47984271873813,44.091756237601885
53.333333333333336,500.0,2.5780299027295883,43.858517242007046,58.72518985345108,37.79540027620673,38.18921908201288,21.308982164732328,12.185706071055533,9.871360616351224,100.0,20.0,60.0,20.0,60.0,40.0,100.0,60.0,83.06383358450975,7.855839638767549,63.59396661927521,19.20709313162819,93.47984271873813,44.091756237601885,70.67651700085732,58.782806067409226
53.333333333333336,500.0,35.82627493799728,53.58846969708266,43.20819699126219,7.507231169927746,12.730123982247626,51.94818559507895,11.735130422584266,27.941518173983763,100.0,20.0,100.0,59.99999999999999,80.0,20.0,119.99999999999999,40.0,78.79280117241618,17.835989645330528,90.96339439090416,45.91367887678327,110.05572241407972,16.077388115235124,113.2435712125633,38.12957031811745
53.333333333333336,500.0,35.82627493799728,53.58846969708266,11.735130422584266,27.941518173983763,43.20819699126219,7.507231169927746,12.730123982247626,51.94818559507895,100.0,20.0,119.99999999999999,40.0,100.0,59.99999999999999,80.0,20.0,78.79280117241618,17.835989645330528,113.2435712125633,38.12957031811745,90.96339439090416,45.91367887678327,110.05572241407972,16.077388115235124
53.333333333333336,500.0,35.82627493799728,53.58846969708266,11.735130422584266,27.941518173983763,12.730123982247626,51.94818559507895,43.20819699126219,7.507231169927746,100.0,20.0,119.99999999999999,40.0,80.0,20.0,100.0,59.99999999999999,78.79280117241618,17.835989645330528,113.2435712125633,38.12957031811745,110.05572241407972,16.077388115235124,90.96339439090416,45.91367887678327
53.333333333333336,500.0,35.82627493799728,53.58846969708266,12.730123982247626,51.94818559507895,43.20819699126219,7.507231169927746,11.735130422584266,27.941518173983763,100.0,20.0,80.0,20.0,100.0,59.99999999999999,119.99999999999999,40.0,78.79280117241618,17.835989645330528,110.05572241407972,16.077388115235124,90.96339439090416,45.91367887678327,113.2435712125633,38.12957031811745
53.333333333333336,500.0,35.82627493799728,53.58846969708266,12.730123982247626,51.94818559507895,11.735130422584266,27.941518173983763,43.20819699126219,7.507231169927746,100.0,20.0,80.0,20.0,119.99999999999999,40.0,100.0,59.99999999999999,78.79280117241618,17.835989645330528,110.05572241407972,16.077388115235124,113.2435712125633,38.12957031811745,90.96339439090416,45.91367887678327
53.333333333333336,500.0,43.20819699126219,7.507231169927746,35.82627493799728,53.58846969708266,11.735130422584266,27.941518173983763,12.730123982247626,51.94818559507895,100.0,59.99999999999999,100.0,20.0,119.99999999999999,40.0,80.0,20.0,90.96339439090416,45.91367887678327,78.79280117241618,17.835989645330528,113.2435712125633,38.12957031811745,110.05572241407972,16.077388115235124
53.333333333333336,500.0,43.20819699126219,7.507231169927746,35.82627493799728,53.58846969708266,12.730123982247626,51.94818559507895,11.735130422584266,27.941518173983763,100.0,59.99999999999999,100.0,20.0,80.0,20.0,119.99999999999999,40.0,90.96339439090416,45.91367887678327,78.79280117241618,17.835989645330528,110.05572241407972,16.077388115235124,113.2435712125633,38.12957031811745
53.333333333333336,500.0,43.20819699126219,7.507231169927746,11.735130422584266,27.941518173983763,35.82627493799728,53.58846969708266,12.730123982247626,51.94818559507895,100.0,59.99999999999999,119.99999999999999,40.0,100.0,20.0,80.0,20.0,90.96339439090416,45.91367887678327,113.2435712125633,38.12957031811745,78.79280117241618,17.835989645330528,110.05572241407972,16.077388115235124
53.333333333333336,500.0,43.20819699126219,7.507231169927746,11.735130422584266,27.941518173983763,12.730123982247626,51.94818559507895,35.82627493799728,53.58846969708266,100.0,59.99999999999999,119.99999999999999,40.0,80.0,20.0,100.0,20.0,90.96339439090416,45.91367887678327,113.2435712125633,38.12957031811745,110.05572241407972,16.077388115235124,78.79280117241618,17.835989645330528
53.333333333333336,500.0,43.20819699126219,7.507231169927746,12.730123982247626,51.94818559507895,35.82627493799728,53.58846969708266,11.735130422584266,27.941518173983763,100.0,59.99999999999999,80.0,20.0,100.0,20.0,119.99999999999999,40.0,90.96339439090416,45.91367887678327,110.05572241407972,16.077388115235124,78.79280117241618,17.835989645330528,113.2435712125633,38.12957031811745
53.333333333333336,500.0,43.20819699126219,7.507231169927746,12.730123982247626,51.94818559507895,11.735130422584266,27.941518173983763,35.82627493799728,53.58846969708266,100.0,59.99999999999999,80.0,20.0,119.99999999999999,40.0,100.0,20.0,90.96339439090416,45.91367887678327,110.05572241407972,16.077388115235124,113.2435712125633,38.12957031811745,78.79280117241618,17.835989645330528
53.333333333333336,500.0,11.735130422584266,27.941518173983763,35.82627493799728,53.58846969708266,43.20819699126219,7.507231169927746,12.730123982247626,51.94818559507895,119.99999999999999,40.0,100.0,20.0,100.0,59.99999999999999,80.0,20.0,113.2435712125633,38.12957031811745,78.79280117241618,17.835989645330528,90.96339439090416,45.91367887678327,110.05572241407972,16.077388115235124
53.333333333333336,500.0,11.735130422584266,27.941518173983763,35.82627493799728,53.58846969708266,12.730123982247626,51.94818559507895,43.20819699126219,7.507231169927746,119.99999999999999,40.0,100.0,20.0,80.0,20.0,100.0,59.99999999999999,113.2435712125633,38.12957031811745,78.79280117241618,17.835989645330528,110.05572241407972,16.077388115235124,90.96339439090416,45.91367887678327
53.333333333333336,500.0,11.735130422584266,27.941518173983763,43.20819699126219,7.507231169927746,35.82627493799728,53.58846969708266,12.730123982247626,51.94818559507895,119.99999999999999,40.0,100.0,59.99999999999999,100.0,20.0,80.0,20.0,113.2435712125633,38.12957031811745,90.96339439090416,45.91367887678327,78.79280117241618,17.835989645330528,110.05572241407972,16.077388115235124
53.333333333333336,500.0,11.735130422584266,27.941518173983763,43.20819699126219,7.507231169927746,12.730123982247626,51.94818559507895,35.82627493799728,53.58846969708266,119.99999999999999,40.0,100.0,59.99999999999999,80.0,20.0,100.0,20.0,113.2435712125633,38.12957031811745,90.96339439090416,45.91367887678327,110.05572241407972,16.077388115235124,78.79280117241618,17.835989645330528
53.333333333333336,500.0,11.735130422584266,27.941518173983763,12.730123982247626,51.94818559507895,35.82627493799728,53.58846969708266,43.20819699126219,7.507231169927746,119.99999999999999,40.0,80.0,20.0,100.0,20.0,100.0,59.99999999999999,113.2435712125633,38.12957031811745,110.05572241407972,16.077388115235124,78.79280117241618,17.835989645330528,90.96339439090416,45.91367887678327
53.333333333333336,500.0,11.735130422584266,27.941518173983763,12.730123982247626,51.94818559507895,43.20819699126219,7.507231169927746,35.82627493799728,53.58846969708266,119.99999999999999,40.0,80.0,20.0,100.0,59.99999999999999,100.0,20.0,113.2435712125633,38.12957031811745,110.05572241407972,16.077388115235124,90.96339439090416,45.91367887678327,78.79280117241618,17.835989645330528
53.333333333333336,500.0,12.730123982247626,51.94818559507895,35.82627493799728,53.58846969708266,43.20819699126219,7.507231169927746,11.735130422584266,27.941518173983763,80.0,20.0,100.0,20.0,100.0,59.99999999999999,119.99999999999999,40.0,110.05572241407972,16.077388115235124,78.79280117241618,17.835989645330528,90.96339439090416,45.91367887678327,113.2435712125633,38.12957031811745
53.333333333333336,500.0,12.730123982247626,51.94818559507895,35.82627493799728,53.58846969708266,11.735130422584266,27.941518173983763,43.20819699126219,7.507231169927746,80.0,20.0,100.0,20.0,119.99999999999999,40.0,100.0,59.99999999999999,110.05572241407972,16.077388115235124,78.79280117241618,17.835989645330528,113.2435712125633,38.12957031811745,90.96339439090416,45.91367887678327
53.333333333333336,500.0,12.730123982247626,51.94818559507895,43.20819699126219,7.507231169927746,35.82627493799728,53.58846969708266,11.735130422584266,27.941518173983763,80.0,20.0,100.0,59.99999999999999,100.0,20.0,119.99999999999999,40.0,110.05572241407972,16.077388115235124,90.96339439090416,45.91367887678327,78.79280117241618,17.835989645330528,113.2435712125633,38.12957031811745
53.333333333333336,500.0,12.730123982247626,51.94818559507895,43.20819699126219,7.507231169927746,11.735130422584266,27.941518173983763,35.82627493799728,53.58846969708266,80.0,20.0,100.0,59.99999999999999,119.99999999999999,40.0,100.0,20.0,110.05572241407972,16.077388115235124,90.96339439090416,45.91367887678327,113.2435712125633,38.12957031811745,78.79280117241618,17.835989645330528
53.333333333333336,500.0,12.730123982247626,51.94818559507895,11.735130422584266,27.941518173983763,35.82627493799728,53.58846969708266,43.20819699126219,7.507231169927746,80.0,20.0,119.99999999999999,40.0,100.0,20.0,100.0,59.99999999999999,110.05572241407972,16.077388115235124,113.2435712125633,38.12957031811745,78.79280117241618,17.835989645330528,90.96339439090416,45.91367887678327
53.333333333333336,500.0,12.730123982247626,51.94818559507895,11.735130422584266,27.941518173983763,43.20819699126219,7.507231169927746,35.82627493799728,53.58846969708266,80.0,20.0,119.99999999999999,40.0,100.0,59.99999999999999,100.0,20.0,110.05572241407972,16.077388115235124,113.2435712125633,38.12957031811745,90.96339439090416,45.91367887678327,78.79280117241618,17.835989645330528
53.333333333333336,500.0,54.54792674276843,52.36671813014358,26.083593019704068,55.73514920181355,53.37758006349498,9.829793063811872,7.387638858235346,41.06335839119891,120.0,20.0,120.0,0.0,120.0,60.0,100.0,20.0,61.15399990070183,18.23126230921704,101.81277490665263,13.570939698163912,77.8283747878079,57.04964445029363,82.5475294350561,29.45040674601375
53.333333333333336,500.0,54.54792674276843,52.36671813014358,7.387638858235346,41.06335839119891,26.083593019704068,55.73514920181355,53.37758006349498,9.829793063811872,120.0,20.0,100.0,20.0,120.0,0.0,120.0,60.0,61.15399990070183,18.23126230921704,82.5475294350561,29.45040674601375,101.81277490665263,13.570939698163912,77.8283747878079,57.04964445029363
53.333333333333336,500.0,54.54792674276843,52.36671813014358,7.387638858235346,41.06335839119891,53.37758006349498,9.829793063811872,26.083593019704068,55.73514920181355,120.0,20.0,100.0,20.0,120.0,60.0,120.0,0.0,61.15399990070183,18.23126230921704,82.5475294350561,29.45040674601375,77.8283747878079,57.04964445029363,101.81277490665263,13.570939698163912
53.333333333333336,500.0,54.54792674276843,52.36671813014358,53.37758006349498,9.829793063811872,26.083593019704068,55.73514920181355,7.387638858235346,41.06335839119891,120.0,20.0,120.0,60.0,120.0,0.0,100.0,20.0,61.15399990070183,18.23126230921704,77.8283747878079,57.04964445029363,101.81277490665263,13.570939698163912,82.5475294350561,29.45040674601375
53.333333333333336,500.0,54.54792674276843,52.36671813014358,53.37758006349498,9.829793063811872,7.387638858235346,41.06335839119891,26.083593019704068,55.73514920181355,120.0,20.0,120.0,60.0,100.0,20.0,120.0,0.0,61.15399990070183,18.23126230921704,77.8283747878079,57.04964445029363,82.5475294350561,29.45040674601375,101.81277490665263,13.570939698163912
53.333333333333336,500.0,26.083593019704068,55.73514920181355,54.54792674276843,52.36671813014358,7.387638858235346,41.06335839119891,53.37758006349498,9.829793063811872,120.0,0.0,120.0,20.0,100.0,20.0,120.0,60.0,101.81277490665263,13.570939698163912,61.15399990070183,18.23126230921704,82.5475294350561,29.45040674601375,77.8283747878079,57.04964445029363
53.333333333333336,500.0,26.083593019704068,55.73514920181355,54.54792674276843,52.36671813014358,53.37758006349498,9.829793063811872,7.387638858235346,41.06335839119891,120.0,0.0,120.0,20.0,120.0,60.0,100.0,20.0,101.81277490665263,13.570939698163912,61.15399990070183,18.23126230921704,77.8283747878079,57.04964445029363,82.5475294350561,29.45040674601375
53.333333333333336,500.0,26.083593019704068,55.73514920181355,7.387638858235346,41.06335839119891,54.54792674276843,52.36671813014358,53.37758006349498,9.829793063811872,120.0,0.0,100.0,20.0,120.0,20.0,120.0,60.0,101.81277490665263,13.570939698163912,82.5475294350561,29.45040674601375,61.15399990070183,18.23126230921704,77.8283747878079,57.04964445029363
53.333333333333336,500.0,26.083593019704068,55.73514920181355,7.387638858235346,41.06335839119891,53.37758006349498,9.829793063811872,54.54792674276843,52.36671813014358,120.0,0.0,100.0,20.0,120.0,60.0,120.0,20.0,101.81277490665263,13.570939698163912,82.5475294350561,29.45040674601375,77.8283747878079,57.04964445029363,61.15399990070183,18.23126230921704
53.333333333333336,500.0,26.083593019704068,55.73514920181355,53.37758006349498,9.829793063811872,54.54792674276843,52.36671813014358,7.387638858235346,41.06335839119891,120.0,0.0,120.0,60.0,120.0,20.0,100.0,20.0,101.81277490665263,13.570939698163912,77.8283747878079,57.04964445029363,61.15399990070183,18.23126230921704,82.5475294350561,29.45040674601375
53.333333333333336,500.0,26.083593019704068,55.73514920181355,53.37758006349498,9.829793063811872,7.387638858235346,41.06335839119891,54.54792674276843,52.36671813014358,120.0,0.0,120.0,60.0,100.0,20.0,120.0,20.0,101.81277490665263,13.570939698163912,77.8283747878079,57.04964445029363,82.5475294350561,29.45040674601375,61.15399990070183,18.23126230921704
53.333333333333336,500.0,7.387638858235346,41.06335839119891,54.54792674276843,52.36671813014358,26.083593019704068,55.73514920181355,53.37758006349498,9.829793063811872,100.0,20.0,120.0,20.0,120.0,0.0,120.0,60.0,82.5475294350561,29.45040674601375,61.15399990070183,18.23126230921704,101.81277490665263,13.570939698163912,77.8283747878079,57.04964445029363
53.333333333333336,500.0,7.387638858235346,41.06335839119891,54.54792674276843,52.36671813014358,53.37758006349498,9.829793063811872,26.083593019704068,55.73514920181355,100.0,20.0,120.0,20.0,120.0,60.0,120.0,0.0,82.5475294350561,29.45040674601375,61.15399990070183,18.23126230921704,77.8283747878079,57.04964445029363,101.81277490665263,13.570939698163912
53.333333333333336,500.0,7.387638858235346,41.06335839119891,26.083593019704068,55.73514920181355,54.54792674276843,52.36671813014358,53.37758006349498,9.829793063811872,100.0,20.0,120.0,0.0,120.0,20.0,120.0,60.0,82.5475294350561,29.45040674601375,101.81277490665263,13.570939698163912,61.15399990070183,18.23126230921704,77.8283747878079,57.04964445029363
53.333333333333336,500.0,7.387638858235346,41.06335839119891,26.083593019704068,55.73514920181355,53.37758006349498,9.829793063811872,54.54792674276843,52.36671813014358,100.0,20.0,120.0,0.0,120.0,60.0,120.0,20.0,82.5475294350561,29.45040674601375,101.81277490665263,13.570939698163912,77.8283747878079,57.04964445029363,61.15399990070183,18.23126230921704
53.333333333333336,500.0,7.387638858235346,41.06335839119891,53.37758006349498,9.829793063811872,54.54792674276843,52.36671813014358,26.083593019704068,55.73514920181355,100.0,20.0,120.0,60.0,120.0,20.0,120.0,0.0,82.5475294350561,29.45040674601375,77.8283747878079,57.04964445029363,61.15399990070183,18.23126230921704,101.81277490665263,13.570939698163912
53.333333333333336,500.0,7.387638858235346,41.06335839119891,53.37758006349498,9.829793063811872,26.083593019704068,55.73514920181355,54.54792674276843,52.36671813014358,100.0,20.0,120.0,60.0,120.0,0.0,120.0,20.0,82.5475294350561,29.45040674601375,77.8283747878079,57.04964445029363,101.81277490665263,13.570939698163912,61.15399990070183,18.23126230921704
53.333333333333336,500.0,53.37758006349498,9.829793063811872,54.54792674276843,52.36671813014358,26.083593019704068,55.73514920181355,7.387638858235346,41.06335839119891,120.0,60.0,120.0,20.0,120.0,0.0,100.0,20.0,77.8283747878079,57.04964445029363,61.15399990070183,18.23126230921704,101.81277490665263,13.570939698163912,82.5475294350561,29.45040674601375
53.333333333333336,500.0,53.37758006349498,9.829793063811872,54.54792674276843,52.36671813014358,7.387638858235346,41.06335839119891,26.083593019704068,55.73514920181355,120.0,60.0,120.0,20.0,100.0,20.0,120.0,0.0,77.8283747878079,57.04964445029363,61.15399990070183,18.23126230921704,82.5475294350561,29.45040674601375,101.81277490665263,13.570939698163912
53.333333333333336,500.0,53.37758006349498,9.829793063811872,26.083593019704068,55.73514920181355,54.54792674276843,52.36671813014358,7.387638858235346,41.06335839119891,120.0,60.0,120.0,0.0,120.0,20.0,100.0,20.0,77.8283747878079,57.04964445029363,101.81277490665263,13.570939698163912,61.15399990070183,18.23126230921704,82.5475294350561,29.45040674601375
53.333333333333336,500.0,53.37758006349498,9.829793063811872,26.083593019704068,55.73514920181355,7.387638858235346,41.06335839119891,54.54792674276843,52.36671813014358,120.0,60.0,120.0,0.0,100.0,20.0,120.0,20.0,77.8283747878079,57.04964445029363,101.81277490665263,13.570939698163912,82.5475294350561,29.45040674601375,61.15399990070183,18.23126230921704
53.333333333333336,500.0,53.37758006349498,9.829793063811872,7.387638858235346,41.06335839119891,54.54792674276843,52.36671813014358,26.083593019704068,55.73514920181355,120.0,60.0,100.0,20.0,120.0,20.0,120.0,0.0,77.8283747878079,57.04964445029363,82.5475294350561,29.45040674601375,61.15399990070183,18.23126230921704,101.81277490665263,13.570939698163912
53.333333333333336,500.0,53.37758006349498,9.829793063811872,7.387638858235346,41.06335839119891,26.083593019704068,55.73514920181355,54.54792674276843,52.36671813014358,120.0,60.0,100.0,20.0,120.0,0.0,120.0,20.0,77.8283747878079,57.04964445029363,82.5475294350561,29.45040674601375,101.81277490665263,13.570939698163912,61.15399990070183,18.23126230921704
53.333333333333336,500.0,56.55109035401546,42.16580384118928,1.3107137636651212,1.4520721328146746,25.28609564503224,25.513188285786125,28.47421354476287,46.709608125055446,60.0,0.0,120.0,60.0,120.0,20.0,120.0,0.0,106.48363639894922,6.939001919405051,119.808063304195,48.46478406402058,104.12763986753576,32.35577086087876,83.93109119540449,8.488846165228999
53.333333333333336,500.0,56.55109035401546,42.16580384118928,28.47421354476287,46.709608125055446,1.3107137636651212,1.4520721328146746,25.28609564503224,25.513188285786125,60.0,0.0,120.0,0.0,120.0,60.0,120.0,20.0,106.48363639894922,6.939001919405051,83.93109119540449,8.488846165228999,119.808063304195,48.46478406402058,104.12763986753576,32.35577086087876
53.333333333333336,500.0,56.55109035401546,42.16580384118928,28.47421354476287,46.709608125055446,25.28609564503224,25.513188285786125,1.3107137636651212,1.4520721328146746,60.0,0.0,120.0,0.0,120.0,20.0,120.0,60.0,106.48363639894922,6.939001919405051,83.93109119540449,8.488846165228999,104.12763986753576,32.35577086087876,119.808063304195,48.46478406402058
53.333333333333336,500.0,56.55109035401546,42.16580384118928,25.28609564503224,25.513188285786125,1.3107137636651212,1.4520721328146746,28.47421354476287,46.709608125055446,60.0,0.0,120.0,20.0,120.0,60.0,120.0,0.0,106.48363639894922,6.939001919405051,104.12763986753576,32.35577086087876,119.808063304195,48.46478406402058,83.93109119540449,8.488846165228999
53.333333333333336,500.0,56.55109035401546,42.16580384118928,25.28609564503224,25.513188285786125,28.47421354476287,46.709608125055446,1.3107137636651212,1.4520721328146746,60.0,0.0,120.0,20.0,120.0,0.0,120.0,60.0,106.48363639894922,6.939001919405051,104.12763986753576,32.35577086087876,83.93109119540449,8.488846165228999,119.808063304195,48.46478406402058
53.333333333333336,500.0,1.3107137636651212,1.4520721328146746,56.55109035401546,42.16580384118928,28.47421354476287,46.709608125055446,25.28609564503224,25.513188285786125,120.0,60.0,60.0,0.0,120.0,0.0,120.0,20.0,119.808063304195,48.46478406402058,106.48363639894922,6.939001919405051,83.93109119540449,8.488846165228999,104.12763986753576,32.35577086087876
53.333333333333336,500.0,1.3107137636651212,1.4520721328146746,56.55109035401546,42.16580384118928,25.28609564503224,25.513188285786125,28.47421354476287,46.709608125055446,120.0,60.0,60.0,0.0,120.0,20.0,120.0,0.0,119.808063304195,48.46478406402058,106.48363639894922,6.939001919405051,104.12763986753576,32.35577086087876,83.93109119540449,8.488846165228999
53.333333333333336,500.0,1.3107137636651212,1.4520721328146746,28.47421354476287,46.709608125055446,56.55109035401546,42.16580384118928,25.28609564503224,25.513188285786125,120.0,60.0,120.0,0.0,60.0,0.0,120.0,20.0,119.808063304195,48.46478406402058,83.93109119540449,8.488846165228999,106.48363639894922,6.939001919405051,104.12763986753576,32.35577086087876
53.333333333333336,500.0,1.3107137636651212,1.4520721328146746,28.47421354476287,46.709608125055446,25.28609564503224,25.513188285786125,56.55109035401546,42.16580384118928,120.0,60.0,120.0,0.0,120.0,20.0,60.0,0.0,119.808063304195,48.46478406402058,83.93109119540449,8.488846165228999,104.12763986753576,32.35577086087876,106.48363639894922,6.939001919405051
53.333333333333336,500.0,1.3107137636651212,1.4520721328146746,25.28609564503224,25.513188285786125,56.55109035401546,42.16580384118928,28.47421354476287,46.709608125055446,120.0,60.0,120.0,20.0,60.0,0.0,120.0,0.0,119.808063304195,48.46478406402058,104.12763986753576,32.35577086087876,106.48363639894922,6.939001919405051,83.93109119540449,8.488846165228999
53.333333333333336,500.0,1.3107137636651212,1.4520721328146746,25.28609564503224,25.513188285786125,28.47421354476287,46.709608125055446,56.55109035401546,42.16580384118928,120.0,60.0,120.0,20.0,120.0,0.0,60.0,0.0,119.808063304195,48.46478406402058,104.12763986753576,32.35577086087876,83.93109119540449,8.488846165228999,106.48363639894922,6.939001919405051
53.333333333333336,500.0,28.47421354476287,46.709608125055446,56.55109035401546,42.16580384118928,1.3107137636651212,1.4520721328146746,25.28609564503224,25.513188285786125,120.0,0.0,60.0,0.0,120.0,60.0,120.0,20.0,83.93109119540449,8.488846165228999,106.48363639894922,6.939001919405051,119.808063304195,48.46478406402058,104.12763986753576,32.35577086087876
53.333333333333336,500.0,28.47421354476287,46.709608125055446,56.55109035401546,42.16580384118928,25.28609564503224,25.513188285786125,1.3107137636651212,1.4520721328146746,120.0,0.0,60.0,0.0,120.0,20.0,120.0,60.0,83.93109119540449,8.488846165228999,106.48363639894922,6.939001919405051,104.12763986753576,32.35577086087876,119.808063304195,48.46478406402058
53.333333333333336,500.0,28.47421354476287,46.709608125055446,1.3107137636651212,1.4520721328146746,56.55109035401546,42.16580384118928,25.28609564503224,25.513188285786125,120.0,0.0,120.0,60.0,60.0,0.0,120.0,20.0,83.93109119540449,8.488846165228999,119.808063304195,48.46478406402058,106.48363639894922,6.939001919405051,104.12763986753576,32.35577086087876
53.333333333333336,500.0,28.47421354476287,46.709608125055446,1.3107137636651212,1.4520721328146746,25.28609564503224,25.513188285786125,56.55109035401546,42.16580384118928,120.0,0.0,120.0,60.0,120.0,20.0,60.0,0.0,83.93109119540449,8.488846165228999,119.808063304195,48.46478406402058,104.12763986753576,32.35577086087876,106.48363639894922,6.939001919405051
53.333333333333336,500.0,28.47421354476287,46.709608125055446,25.28609564503224,25.513188285786125,56.55109035401546,42.16580384118928,1.3107137636651212,1.4520721328146746,120.0,0.0,120.0,20.0,60.0,0.0,120.0,60.0,83.93109119540449,8.488846165228999,104.12763986753576,32.35577086087876,106.48363639894922,6.939001919405051,119.808063304195,48.46478406402058
53.333333333333336,500.0,28.47421354476287,46.709608125055446,25.28609564503224,25.513188285786125,1.3107137636651212,1.4520721328146746,56.55109035401546,42.16580384118928,120.0,0.0,120.0,20.0,120.0,60.0,60.0,0.0,83.93109119540449,8.488846165228999,104.12763986753576,32.35577086087876,119.808063304195,48.46478406402058,106.48363639894922,6.939001919405051
53.333333333333336,500.0,25.28609564503224,25.513188285786125,56.55109035401546,42.16580384118928,1.3107137636651212,1.4520721328146746,28.47421354476287,46.709608125055446,120.0,20.0,60.0,0.0,120.0,60.0,120.0,0.0,104.12763986753576,32.35577086087876,106.48363639894922,6.939001919405051,119.808063304195,48.46478406402058,83.93109119540449,8.488846165228999
53.333333333333336,500.0,25.28609564503224,25.513188285786125,56.55109035401546,42.16580384118928,28.47421354476287,46.709608125055446,1.3107137636651212,1.4520721328146746,120.0,20.0,60.0,0.0,120.0,0.0,120.0,60.0,104.12763986753576,32.35577086087876,106.48363639894922,6.939001919405051,83.93109119540449,8.488846165228999,119.808063304195,48.46478406402058
53.333333333333336,500.0,25.28609564503224,25.513188285786125,1.3107137636651212,1.4520721328146746,56.55109035401546,42.16580384118928,28.47421354476287,46.709608125055446,120.0,20.0,120.0,60.0,60.0,0.0,120.0,0.0,104.12763986753576,32.35577086087876,119.808063304195,48.46478406402058,106.48363639894922,6.939001919405051,83.93109119540449,8.488846165228999
53.333333333333336,500.0,25.28609564503224,25.513188285786125,1.3107137636651212,1.4520721328146746,28.47421354476287,46.709608125055446,56.55109035401546,42.16580384118928,120.0,20.0,120.0,60.0,120.0,0.0,60.0,0.0,104.12763986753576,32.35577086087876,119.808063304195,48.46478406402058,83.93109119540449,8.488846165228999,106.48363639894922,6.939001919405051
53.333333333333336,500.0,25.28609564503224,25.513188285786125,28.47421354476287,46.709608125055446,56.55109035401546,42.16580384118928,1.3107137636651212,1.4520721328146746,120.0,20.0,120.0,0.0,60.0,0.0,120.0,60.0,104.12763986753576,32.35577086087876,83.93109119540449,8.488846165228999,106.48363639894922,6.939001919405051,119.808063304195,48.46478406402058
53.333333333333336,500.0,25.28609564503224,25.513188285786125,28.47421354476287,46.709608125055446,1.3107137636651212,1.4520721328146746,56.55109035401546,42.16580384118928,120.0,20.0,120.0,0.0,120.0,60.0,60.0,0.0,104.12763986753576,32.35577086087876,83.93109119540449,8.488846165228999,119.808063304195,48.46478406402058,106.48363639894922,6.939001919405051
53.333333333333336,500.0,26.29761949961138,10.622057669513667,8.159263100887744,35.044372623225776,51.436652017042434,17.332232140959412,56.50747002159251,44.56407627355854,120.0,0.0,100.0,0.0,80.0,0.0,60.0,0.0,119.25186371164015,57.22397686044059,119.14377713789952,21.614216314022187,82.20018215155457,47.0782746558555,77.26709308829452,6.928806153278181
53.333333333333336,500.0,26.29761949961138,10.622057669513667,56.50747002159251,44.56407627355854,8.159263100887744,35.044372623225776,51.436652017042434,17.332232140959412,120.0,0.0,60.0,0.0,100.0,0.0,80.0,0.0,119.25186371164015,57.22397686044059,77.26709308829452,6.928806153278181,119.14377713789952,21.614216314022187,82.20018215155457,47.0782746558555
53.333333333333336,500.0,26.29761949961138,10.622057669513667,56.50747002159251,44.56407627355854,51.436652017042434,17.332232140959412,8.159263100887744,35.044372623225776,120.0,0.0,60.0,0.0,80.0,0.0,100.0,0.0,119.25186371164015,57.22397686044059,77.26709308829452,6.928806153278181,82.20018215155457,47.0782746558555,119.14377713789952,21.614216314022187
53.333333333333336,500.0,26.29761949961138,10.622057669513667,51.436652017042434,17.332232140959412,8.159263100887744,35.044372623225776,56.50747002159251,44.56407627355854,120.0,0.0,80.0,0.0,100.0,0.0,60.0,0.0,119.25186371164015,57.22397686044059,82.20018215155457,47.0782746558555,119.14377713789952,21.614216314022187,77.26709308829452,6.928806153278181
53.333333333333336,500.0,26.29761949961138,10.622057669513667,51.436652017042434,17.332232140959412,56.50747002159251,44.56407627355854,8.159263100887744,35.044372623225776,120.0,0.0,80.0,0.0,60.0,0.0,100.0,0.0,119.25186371164015,57.22397686044059,82.20018215155457,47.0782746558555,77.26709308829452,6.928806153278181,119.14377713789952,21.614216314022187
53.333333333333336,500.0,8.159263100887744,35.044372623225776,26.29761949961138,10.622057669513667,56.50747002159251,44.56407627355854,51.436652017042434,17.332232140959412,100.0,0.0,120.0,0.0,60.0,0.0,80.0,0.0,119.14377713789952,21.614216314022187,119.25186371164015,57.22397686044059,77.26709308829452,6.928806153278181,82.20018215155457,47.0782746558555
53.333333333333336,500.0,8.159263100887744,35.044372623225776,26.29761949961138,10.622057669513667,51.436652017042434,17.332232140959412,56.50747002159251,44.56407627355854,100.0,0.0,120.0,0.0,80.0,0.0,60.0,0.0,119.14377713789952,21.614216314022187,119.25186371164015,57.22397686044059,82.20018215155457,47.0782746558555,77.26709308829452,6.928806153278181
53.333333333333336,500.0,8.159263100887744,35.044372623225776,56.50747002159251,44.56407627355854,26.29761949961138,10.622057669513667,51.436652017042434,17.332232140959412,100.0,0.0,60.0,0.0,120.0,0.0,80.0,0.0,119.14377713789952,21.614216314022187,77.26709308829452,6.928806153278181,119.25186371164015,57.22397686044059,82.20018215155457,47.0782746558555
53.333333333333336,500.0,8.159263100887744,35.044372623225776,56.50747002159251,44.56407627355854,51.436652017042434,17.332232140959412,26.29761949961138,10.622057669513667,100.0,0.0,60.0,0.0,80.0,0.0,120.0,0.0,119.14377713789952,21.614216314022187,77.26709308829452,6.928806153278181,82.20018215155457,47.0782746558555,119.25186371164015,57.22397686044059
53.333333333333336,500.0,8.159263100887744,35.044372623225776,51.436652017042434,17.332232140959412,26.29761949961138,10.622057669513667,56.50747002159251,44.56407627355854,100.0,0.0,80.0,0.0,120.0,0.0,60.0,0.0,119.14377713789952,21.614216314022187,82.20018215155457,47.0782746558555,119.25186371164015,57.22397686044059,77.26709308829452,6.928806153278181
53.333333333333336,500.0,8.159263100887744,35.044372623225776,51.436652017042434,17.332232140959412,56.50747002159251,44.56407627355854,26.29761949961138,10.622057669513667,100.0,0.0,80.0,0.0,60.0,0.0,120.0,0.0,119.14377713789952,21.614216314022187,82.20018215155457,47.0782746558555,77.26709308829452,6.928806153278181,119.25186371164015,57.22397686044059
53.333333333333336,500.0,56.50747002159251,44.56407627355854,26.29761949961138,10.622057669513667,8.159263100887744,35.044372623225776,51.436652017042434,17.332232140959412,60.0,0.0,120.0,0.0,100.0,0.0,80.0,0.0,77.26709308829452,6.928806153278181,119.25186371164015,57.22397686044059,119.14377713789952,21.614216314022187,82.20018215155457,47.0782746558555
53.333333333333336,500.0,56.50747002159251,44.56407627355854,26.29761949961138,10.622057669513667,51.436652017042434,17.332232140959412,8.159263100887744,35.044372623225776,60.0,0.0,120.0,0.0,80.0,0.0,100.0,0.0,77.26709308829452,6.928806153278181,119.25186371164015,57.22397686044059,82.20018215155457,47.0782746558555,119.14377713789952,21.614216314022187
53.333333333333336,500.0,56.50747002159251,44.56407627355854,8.159263100887744,35.044372623225776,26.29761949961138,10.622057669513667,51.436652017042434,17.332232140959412,60.0,0.0,100.0,0.0,120.0,0.0,80.0,0.0,77.26709308829452,6.928806153278181,119.14377713789952,21.614216314022187,119.25186371164015,57.22397686044059,82.20018215155457,47.0782746558555
53.333333333333336,500.0,56.50747002159251,44.56407627355854,8.159263100887744,35.044372623225776,51.436652017042434,17.332232140959412,26.29761949961138,10.622057669513667,60.0,0.0,100.0,0.0,80.0,0.0,120.0,0.0,77.26709308829452,6.928806153278181,119.14377713789952,21.614216314022187,82.20018215155457,47.0782746558555,119.25186371164015,57.22397686044059
53.333333333333336,500.0,56.50747002159251,44.56407627355854,51.436652017042434,17.332232140959412,26.29761949961138,10.622057669513667,8.159263100887744,35.044372623225776,60.0,0.0,80.0,0.0,120.0,0.0,100.0,0.0,77.26709308829452,6.928806153278181,82.20018215155457,47.0782746558555,119.25186371164015,57.22397686044059,119.14377713789952,21.614216314022187
53.333333333333336,500.0,56.50747002159251,44.56407627355854,51.436652017042434,17.332232140959412,8.159263100887744,35.044372623225776,26.29761949961138,10.622057669513667,60.0,0.0,80.0,0.0,100.0,0.0,120.0,0.0,77.26709308829452,6.928806153278181,82.20018215155457,47.0782746558555,119.14377713789952,21.614216314022187,119.25186371164015,57.22397686044059
53.333333333333336,500.0,51.436652017042434,17.332232140959412,26.29761949961138,10.622057669513667,8.159263100887744,35.044372623225776,56.50747002159251,44.56407627355854,80.0,0.0,120.0,0.0,100.0,0.0,60.0,0.0,82.20018215155457,47.0782746558555,119.25186371164015,57.22397686044059,119.14377713789952,21.614216314022187,77.26709308829452,6.928806153278181
53.333333333333336,500.0,51.436652017042434,17.332232140959412,26.29761949961138,10.622057669513667,56.50747002159251,44.56407627355854,8.159263100887744,35.044372623225776,80.0,0.0,120.0,0.0,60.0,0.0,100.0,0.0,82.20018215155457,47.0782746558555,119.25186371164015,57.22397686044059,77.26709308829452,6.928806153278181,119.14377713789952,21.614216314022187
53.333333333333336,500.0,51.436652017042434,17.332232140959412,8.159263100887744,35.044372623225776,26.29761949961138,10.622057669513667,56.50747002159251,44.56407627355854,80.0,0.0,100.0,0.0,120.0,0.0,60.0,0.0,82.20018215155457,47.0782746558555,119.14377713789952,21.614216314022187,119.25186371164015,57.22397686044059,77.26709308829452,6.928806153278181
53.333333333333336,500.0,51.436652017042434,17.332232140959412,8.159263100887744,35.044372623225776,56.50747002159251,44.56407627355854,26.29761949961138,10.622057669513667,80.0,0.0,100.0,0.0,60.0,0.0,120.0,0.0,82.20018215155457,47.0782746558555,119.14377713789952,21.614216314022187,77.26709308829452,6.928806153278181,119.25186371164015,57.22397686044059
53.333333333333336,500.0,51.436652017042434,17.332232140959412,56.50747002159251,44.56407627355854,26.29761949961138,10.622057669513667,8.159263100887744,35.044372623225776,80.0,0.0,60.0,0.0,120.0,0.0,100.0,0.0,82.20018215155457,47.0782746558555,77.26709308829452,6.928806153278181,119.25186371164015,57.22397686044059,119.14377713789952,21.614216314022187
53.333333333333336,500.0,51.436652017042434,17.332232140959412,56.50747002159251,44.56407627355854,8.159263100887744,35.044372623225776,26.29761949961138,10.622057669513667,80.0,0.0,60.0,0.0,100.0,0.0,120.0,0.0,82.20018215155457,47.0782746558555,77.26709308829452,6.928806153278181,119.14377713789952,21.614216314022187,119.25186371164015,57.22397686044059
53.333333333333336,500.0,25.588670881418164,38.09203944321389,3.4764116466160577,46.7646209904263,19.04502096122945,3.7262675310507687,51.89543429029944,57.23531273787504,99.99999999999999,20.0,120.0,20.0,99.99999999999999,40.0,60.0,0.0,98.13829476868892,38.20005363743214,75.90671481697261,27.62880888980237,66.4628454876138,55.998206784236295,98.73216882826088,13.560611117534847
53.333333333333336,500.0,25.588670881418164,38.09203944321389,51.89543429029944,57.23531273787504,3.4764116466160577,46.7646209904263,19.04502096122945,3.7262675310507687,99.99999999999999,20.0,60.0,0.0,120.0,20.0,99.99999999999999,40.0,98.13829476868892,38.20005363743214,98.73216882826088,13.560611117534847,75.90671481697261,27.62880888980237,66.4628454876138,55.998206784236295
53.333333333333336,500.0,25.588670881418164,38.09203944321389,51.89543429029944,57.23531273787504,19.04502096122945,3.7262675310507687,3.4764116466160577,46.7646209904263,99.99999999999999,20.0,60.0,0.0,99.99999999999999,40.0,120.0,20.0,98.13829476868892,38.20005363743214,98.73216882826088,13.560611117534847,66.4628454876138,55.998206784236295,75.90671481697261,27.62880888980237
53.333333333333336,500.0,25.588670881418164,38.09203944321389,19.04502096122945,3.7262675310507687,3.4764116466160577,46.7646209904263,51.89543429029944,57.23531273787504,99.99999999999999,20.0,99.99999999999999,40.0,120.0,20.0,60.0,0.0,98.13829476868892,38.20005363743214,66.4628454876138,55.998206784236295,75.90671481697261,27.62880888980237,98.73216882826088,13.560611117534847
53.333333333333336,500.0,25.588670881418164,38.09203944321389,19.04502096122945,3.7262675310507687,51.89543429029944,57.23531273787504,3.4764116466160577,46.7646209904263,99.99999999999999,20.0,99.99999999999999,40.0,60.0,0.0,120.0,20.0,98.13829476868892,38.20005363743214,66.4628454876138,55.998206784236295,98.73216882826088,13.560611117534847,75.90671481697261,27.62880888980237
53.333333333333336,500.0,3.4764116466160577,46.7646209904263,25.588670881418164,38.09203944321389,51.89543429029944,57.23531273787504,19.04502096122945,3.7262675310507687,120.0,20.0,99.99999999999999,20.0,60.0,0.0,99.99999999999999,40.0,75.90671481697261,27.62880888980237,98.13829476868892,38.20005363743214,98.73216882826088,13.560611117534847,66.4628454876138,55.998206784236295
53.333333333333336,500.0,3.4764116466160577,46.7646209904263,25.588670881418164,38.09203944321389,19.04502096122945,3.7262675310507687,51.89543429029944,57.23531273787504,120.0,20.0,99.99999999999999,20.0,99.99999999999999,40.0,60.0,0.0,75.90671481697261,27.62880888980237,98.13829476868892,38.20005363743214,66.4628454876138,55.998206784236295,98.73216882826088,13.560611117534847
53.333333333333336,500.0,3.4764116466160577,46.7646209904263,51.89543429029944,57.23531273787504,25.588670881418164,38.09203944321389,19.04502096122945,3.7262675310507687,120.0,20.0,60.0,0.0,99.99999999999999,20.0,99.99999999999999,40.0,75.90671481697261,27.62880888980237,98.73216882826088,13.560611117534847,98.13829476868892,38.20005363743214,66.4628454876138,55.998206784236295
53.333333333333336,500.0,3.4764116466160577,46.7646209904263,51.89543429029944,57.23531273787504,19.04502096122945,3.7262675310507687,25.588670881418164,38.09203944321389,120.0,20.0,60.0,0.0,99.99999999999999,40.0,99.99999999999999,20.0,75.90671481697261,27.62880888980237,98.73216882826088,13.560611117534847,66.4628454876138,55.998206784236295,98.13829476868892,38.20005363743214
53.333333333333336,500.0,3.4764116466160577,46.7646209904263,19.04502096122945,3.7262675310507687,25.588670881418164,38.09203944321389,51.89543429029944,57.23531273787504,120.0,20.0,99.99999999999999,40.0,99.99999999999999,20.0,60.0,0.0,75.90671481697261,27.62880888980237,66.4628454876138,55.998206784236295,98.13829476868892,38.20005363743214,98.73216882826088,13.560611117534847
53.333333333333336,500.0,3.4764116466160577,46.7646209904263,19.04502096122945,3.7262675310507687,51.89543429029944,57.23531273787504,25.588670881418164,38.09203944321389,120.0,20.0,99.99999999999999,40.0,60.0,0.0,99.99999999999999,20.0,75.90671481697261,27.62880888980237,66.4628454876138,55.998206784236295,98.73216882826088,13.560611117534847,98.13829476868892,38.20005363743214
53.333333333333336,500.0,51.89543429029944,57.23531273787504,25.588670881418164,38.09203944321389,3.4764116466160577,46.7646209904263,19.04502096122945,3.7262675310507687,60.0,0.0,99.99999999999999,20.0,120.0,20.0,99.99999999999999,40.0,98.73216882826088,13.560611117534847,98.13829476868892,38.20005363743214,75.90671481697261,27.62880888980237,66.4628454876138,55.998206784236295
53.333333333333336,500.0,51.89543429029944,57.23531273787504,25.588670881418164,38.09203944321389,19.04502096122945,3.7262675310507687,3.4764116466160577,46.7646209904263,60.0,0.0,99.99999999999999,20.0,99.99999999999999,40.0,120.0,20.0,98.73216882826088,13.560611117534847,98.13829476868892,38.20005363743214,66.4628454876138,55.998206784236295,75.90671481697261,27.62880888980237
53.333333333333336,500.0,51.89543429029944,57.23531273787504,3.4764116466160577,46.7646209904263,25.588670881418164,38.09203944321389,19.04502096122945,3.7262675310507687,60.0,0.0,120.0,20.0,99.99999999999999,20.0,99.99999999999999,40.0,98.73216882826088,13.560611117534847,75.90671481697261,27.62880888980237,98.13829476868892,38.20005363743214,66.4628454876138,55.998206784236295
53.333333333333336,500.0,51.89543429029944,57.23531273787504,3.4764116466160577,46.7646209904263,19.04502096122945,3.7262675310507687,25.588670881418164,38.09203944321389,60.0,0.0,120.0,20.0,99.99999999999999,40.0,99.99999999999999,20.0,98.73216882826088,13.560611117534847,75.90671481697261,27.62880888980237,66.4628454876138,55.998206784236295,98.13829476868892,38.20005363743214
53.333333333333336,500.0,51.89543429029944,57.23531273787504,19.04502096122945,3.7262675310507687,25.588670881418164,38.09203944321389,3.4764116466160577,46.7646209904263,60.0,0.0,99.99999999999999,40.0,99.99999999999999,20.0,120.0,20.0,98.73216882826088,13.560611117534847,66.4628454876138,55.998206784236295,98.13829476868892,38.20005363743214,75.90671481697261,27.62880888980237
53.333333333333336,500.0,51.89543429029944,57.23531273787504,19.04502096122945,3.7262675310507687,3.4764116466160577,46.7646209904263,25.588670881418164,38.09203944321389,60.0,0.0,99.99999999999999,40.0,120.0,20.0,99.99999999999999,20.0,98.73216882826088,13.560611117534847,66.4628454876138,55.998206784236295,75.90671481697261,27.62880888980237,98.13829476868892,38.20005363743214
53.333333333333336,500.0,19.04502096122945,3.7262675310507687,25.588670881418164,38.09203944321389,3.4764116466160577,46.7646209904263,51.89543429029944,57.23531273787504,99.99999999999999,40.0,99.99999999999999,20.0,120.0,20.0,60.0,0.0,66.4628454876138,55.998206784236295,98.13829476868892,38.20005363743214,75.90671481697261,27.62880888980237,98.73216882826088,13.560611117534847
53.333333333333336,500.0,19.04502096122945,3.7262675310507687,25.588670881418164,38.09203944321389,51.89543429029944,57.23531273787504,3.4764116466160577,46.7646209904263,99.99999999999999,40.0,99.99999999999999,20.0,60.0,0.0,120.0,20.0,66.4628454876138,55.998206784236295,98.13829476868892,38.20005363743214,98.73216882826088,13.560611117534847,75.90671481697261,27.62880888980237
53.333333333333336,500.0,19.04502096122945,3.7262675310507687,3.4764116466160577,46.7646209904263,25.588670881418164,38.09203944321389,51.89543429029944,57.23531273787504,99.99999999999999,40.0,120.0,20.0,99.99999999999999,20.0,60.0,0.0,66.4628454876138,55.998206784236295,75.90671481697261,27.62880888980237,98.13829476868892,38.20005363743214,98.73216882826088,13.560611117534847
53.333333333333336,500.0,19.04502096122945,3.7262675310507687,3.4764116466160577,46.7646209904263,51.89543429029944,57.23531273787504,25.588670881418164,38.09203944321389,99.99999999999999,40.0,120.0,20.0,60.0,0.0,99.99999999999999,20.0,66.4628454876138,55.998206784236295,75.90671481697261,27.62880888980237,98.73216882826088,13.560611117534847,98.13829476868892,38.20005363743214
53.333333333333336,500.0,19.04502096122945,3.7262675310507687,51.89543429029944,57.23531273787504,25.588670881418164,38.09203944321389,3.4764116466160577,46.7646209904263,99.99999999999999,40.0,60.0,0.0,99.99999999999999,20.0,120.0,20.0,66.4628454876138,55.998206784236295,98.73216882826088,13.560611117534847,98.13829476868892,38.20005363743214,75.90671481697261,27.62880888980237
53.333333333333336,500.0,19.04502096122945,3.7262675310507687,51.89543429029944,57.23531273787504,3.4764116466160577,46.7646209904263,25.588670881418164,38.09203944321389,99.99999999999999,40.0,60.0,0.0,120.0,20.0,99.99999999999999,20.0,66.4628454876138,55.998206784236295,98.73216882826088,13.560611117534847,75.90671481697261,27.62880888980237,98.13829476868892,38.20005363743214
53.333333333333336,500.0,1.2944118027610885,40.88481364879613,50.35445727302164,6.084072657683919,26.24652777410228,16.961404311282003,37.37126712945376,39.609436053519474,120.00000000000001,0.0,60.00000000000001,60.00000000000001,80.0,40.0,60.00000000000001,0.0,117.76077032574749,16.071290609487804,79.97791198107439,39.10076950278792,108.34612604052258,33.90907292638031,86.32368832790735,17.15140629106089
53.333333333333336,500.0,1.2944118027610885,40.88481364879613,37.37126712945376,39.609436053519474,50.35445727302164,6.084072657683919,26.24652777410228,16.961404311282003,120.00000000000001,0.0,60.00000000000001,0.0,60.00000000000001,60.00000000000001,80.0,40.0,117.76077032574749,16.071290609487804,86.32368832790735,17.15140629106089,79.97791198107439,39.10076950278792,108.34612604052258,33.90907292638031
53.333333333333336,500.0,1.2944118027610885,40.88481364879613,37.37126712945376,39.609436053519474,26.24652777410228,16.961404311282003,50.35445727302164,6.084072657683919,120.00000000000001,0.0,60.00000000000001,0.0,80.0,40.0,60.00000000000001,60.00000000000001,117.76077032574749,16.071290609487804,86.32368832790735,17.15140629106089,108.34612604052258,33.90907292638031,79.97791198107439,39.10076950278792
53.333333333333336,500.0,1.2944118027610885,40.88481364879613,26.24652777410228,16.961404311282003,50.35445727302164,6.084072657683919,37.37126712945376,39.609436053519474,120.00000000000001,0.0,80.0,40.0,60.00000000000001,60.00000000000001,60.00000000000001,0.0,117.76077032574749,16.071290609487804,108.34612604052258,33.90907292638031,79.97791198107439,39.10076950278792,86.32368832790735,17.15140629106089
53.333333333333336,500.0,1.2944118027610885,40.88481364879613,26.24652777410228,16.961404311282003,37.37126712945376,39.609436053519474,50.35445727302164,6.084072657683919,120.00000000000001,0.0,80.0,40.0,60.00000000000001,0.0,60.00000000000001,60.00000000000001,117.76077032574749,16.071290609487804,108.34612604052258,33.90907292638031,86.32368832790735,17.15140629106089,79.97791198107439,39.10076950278792
53.333333333333336,500.0,50.35445727302164,6.084072657683919,1.2944118027610885,40.88481364879613,37.37126712945376,39.609436053519474,26.24652777410228,16.961404311282003,60.00000000000001,60.00000000000001,120.00000000000001,0.0,60.00000000000001,0.0,80.0,40.0,79.97791198107439,39.10076950278792,117.76077032574749,16.071290609487804,86.32368832790735,17.15140629106089,108.34612604052258,33.90907292638031
53.333333333333336,500.0,50.35445727302164,6.084072657683919,1.2944118027610885,40.88481364879613,26.24652777410228,16.961404311282003,37.37126712945376,39.609436053519474,60.00000000000001,60.00000000000001,120.00000000000001,0.0,80.0,40.0,60.00000000000001,0.0,79.97791198107439,39.10076950278792,117.76077032574749,16.071290609487804,108.34612604052258,33.90907292638031,86.32368832790735,17.15140629106089
53.333333333333336,500.0,50.35445727302164,6.084072657683919,37.37126712945376,39.609436053519474,1.2944118027610885,40.88481364879613,26.24652777410228,16.961404311282003,60.00000000000001,60.00000000000001,60.00000000000001,0.0,120.00000000000001,0.0,80.0,40.0,79.97791198107439,39.10076950278792,86.32368832790735,17.15140629106089,117.76077032574749,16.071290609487804,108.34612604052258,33.90907292638031
53.333333333333336,500.0,50.35445727302164,6.084072657683919,37.37126712945376,39.609436053519474,26.24652777410228,16.961404311282003,1.2944118027610885,40.88481364879613,60.00000000000001,60.00000000000001,60.00000000000001,0.0,80.0,40.0,120.00000000000001,0.0,79.97791198107439,39.10076950278792,86.32368832790735,17.15140629106089,108.34612604052258,33.90907292638031,117.76077032574749,16.071290609487804
53.333333333333336,500.0,50.35445727302164,6.084072657683919,26.24652777410228,16.961404311282003,1.2944118027610885,40.88481364879613,37.37126712945376,39.609436053519474,60.00000000000001,60.00000000000001,80.0,40.0,120.00000000000001,0.0,60.00000000000001,0.0,79.97791198107439,39.10076950278792,108.34612604052258,33.90907292638031,117.76077032574749,16.071290609487804,86.32368832790735,17.15140629106089
53.333333333333336,500.0,50.35445727302164,6.084072657683919,26.24652777410228,16.961404311282003,37.37126712945376,39.609436053519474,1.2944118027610885,40.88481364879613,60.00000000000001,60.00000000000001,80.0,40.0,60.00000000000001,0.0,120.00000000000001,0.0,79.97791198107439,39.10076950278792,108.34612604052258,33.90907292638031,86.32368832790735,17.15140629106089,117.76077032574749,16.071290609487804
53.333333333333336,500.0,37.37126712945376,39.609436053519474,1.2944118027610885,40.88481364879613,50.35445727302164,6.084072657683919,26.24652777410228,16.961404311282003,60.00000000000001,0.0,120.00000000000001,0.0,60.00000000000001,60.00000000000001,80.0,40.0,86.32368832790735,17.15140629106089,117.76077032574749,16.071290609487804,79.97791198107439,39.10076950278792,108.34612604052258,33.90907292638031
53.333333333333336,500.0,37.37126712945376,39.609436053519474,1.2944118027610885,40.88481364879613,26.24652777410228,16.961404311282003,50.35445727302164,6.084072657683919,60.00000000000001,0.0,120.00000000000001,0.0,80.0,40.0,60.00000000000001,60.00000000000001,86.32368832790735,17.15140629106089,117.76077032574749,16.071290609487804,108.34612604052258,33.90907292638031,79.97791198107439,39.10076950278792
53.333333333333336,500.0,37.37126712945376,39.609436053519474,50.35445727302164,6.084072657683919,1.2944118027610885,40.88481364879613,26.24652777410228,16.961404311282003,60.00000000000001,0.0,60.00000000000001,60.00000000000001,120.00000000000001,0.0,80.0,40.0,86.32368832790735,17.15140629106089,79.97791198107439,39.10076950278792,117.76077032574749,16.071290609487804,108.34612604052258,33.90907292638031
53.333333333333336,500.0,37.37126712945376,39.609436053519474,50.35445727302164,6.084072657683919,26.24652777410228,16.961404311282003,1.2944118027610885,40.88481364879613,60.00000000000001,0.0,60.00000000000001,60.00000000000001,80.0,40.0,120.00000000000001,0.0,86.32368832790735,17.15140629106089,79.97791198107439,39.10076950278792,108.34612604052258,33.90907292638031,117.76077032574749,16.071290609487804
53.333333333333336,500.0,37.37126712945376,39.609436053519474,26.24652777410228,16.961404311282003,1.2944118027610885,40.88481364879613,50.35445727302164,6.084072657683919,60.00000000000001,0.0,80.0,40.0,120.00000000000001,0.0,60.00000000000001,60.00000000000001,86.32368832790735,17.15140629106089,108.34612604052258,33.90907292638031,117.76077032574749,16.071290609487804,79.97791198107439,39.10076950278792
53.333333333333336,500.0,37.37126712945376,39.609436053519474,26.24652777410228,16.961404311282003,50.35445727302164,6.084072657683919,1.2944118027610885,40.88481364879613,60.00000000000001,0.0,80.0,40.0,60.00000000000001,60.00000000000001,120.00000000000001,0.0,86.32368832790735,17.15140629106089,108.34612604052258,33.90907292638031,79.97791198107439,39.10076950278792,117.76077032574749,16.071290609487804
53.333333333333336,500.0,26.24652777410228,16.961404311282003,1.2944118027610885,40.88481364879613,50.35445727302164,6.084072657683919,37.37126712945376,39.609436053519474,80.0,40.0,120.00000000000001,0.0,60.00000000000001,60.00000000000001,60.00000000000001,0.0,108.34612604052258,33.90907292638031,117.76077032574749,16.071290609487804,79.97791198107439,39.10076950278792,86.32368832790735,17.15140629106089
53.333333333333336,500.0,26.24652777410228,16.961404311282003,1.2944118027610885,40.88481364879613,37.37126712945376,39.609436053519474,50.35445727302164,6.084072657683919,80.0,40.0,120.00000000000001,0.0,60.00000000000001,0.0,60.00000000000001,60.00000000000001,108.34612604052258,33.90907292638031,117.76077032574749,16.071290609487804,86.32368832790735,17.15140629106089,79.97791198107439,39.10076950278792
53.333333333333336,500.0,26.24652777410228,16.961404311282003,50.35445727302164,6.084072657683919,1.2944118027610885,40.88481364879613,37.37126712945376,39.609436053519474,80.0,40.0,60.00000000000001,60.00000000000001,120.00000000000001,0.0,60.00000000000001,0.0,108.34612604052258,33.90907292638031,79.97791198107439,39.10076950278792,117.76077032574749,16.071290609487804,86.32368832790735,17.15140629106089
53.333333333333336,500.0,26.24652777410228,16.961404311282003,50.35445727302164,6.084072657683919,37.37126712945376,39.609436053519474,1.2944118027610885,40.88481364879613,80.0,40.0,60.00000000000001,60.00000000000001,60.00000000000001,0.0,120.00000000000001,0.0,108.34612604052258,33.90907292638031,79.97791198107439,39.10076950278792,86.32368832790735,17.15140629106089,117.76077032574749,16.071290609487804
53.333333333333336,500.0,26.24652777410228,16.961404311282003,37.37126712945376,39.609436053519474,1.2944118027610885,40.88481364879613,50.35445727302164,6.084072657683919,80.0,40.0,60.00000000000001,0.0,120.00000000000001,0.0,60.00000000000001,60.00000000000001,108.34612604052258,33.90907292638031,86.32368832790735,17.15140629106089,117.76077032574749,16.071290609487804,79.97791198107439,39.10076950278792
53.333333333333336,500.0,26.24652777410228,16.961404311282003,37.37126712945376,39.609436053519474,50.35445727302164,6.084072657683919,1.2944118027610885,40.88481364879613,80.0,40.0,60.00000000000001,0.0,60.00000000000001,60.00000000000001,120.00000000000001,0.0,108.34612604052258,33.90907292638031,86.32368832790735,17.15140629106089,79.97791198107439,39.10076950278792,117.76077032574749,16.071290609487804
53.333333333333336,500.0,4.986313481924669,28.443465478277947,39.262306054545846,45.08312330904238,58.59750221033434,55.27925142276624,32.20875713361245,6.580401820989456,120.00000000000001,40.0,100.0,0.0,120.00000000000001,0.0,100.0,60.00000000000001,115.36203138641234,26.538590672389347,84.60969698925152,19.63207145701846,63.16589387742636,9.813848129102595,90.63919456031124,41.72548230233032
53.333333333333336,500.0,4.986313481924669,28.443465478277947,32.20875713361245,6.580401820989456,39.262306054545846,45.08312330904238,58.59750221033434,55.27925142276624,120.00000000000001,40.0,100.0,60.00000000000001,100.0,0.0,120.00000000000001,0.0,115.36203138641234,26.538590672389347,90.63919456031124,41.72548230233032,84.60969698925152,19.63207145701846,63.16589387742636,9.813848129102595
53.333333333333336,500.0,4.986313481924669,28.443465478277947,32.20875713361245,6.580401820989456,58.59750221033434,55.27925142276624,39.262306054545846,45.08312330904238,120.00000000000001,40.0,99.99999999999999,60.00000000000001,120.00000000000001,0.0,99.99999999999999,0.0,115.36203138641234,26.538590672389347,90.63919456031124,41.72548230233032,63.16589387742636,9.813848129102595,84.60969698925152,19.63207145701846
53.333333333333336,500.0,4.986313481924669,28.443465478277947,58.59750221033434,55.27925142276624,39.262306054545846,45.08312330904238,32.20875713361245,6.580401820989456,120.00000000000001,40.0,120.00000000000001,0.0,100.0,0.0,100.0,60.00000000000001,115.36203138641234,26.538590672389347,63.16589387742636,9.813848129102595,84.60969698925152,19.63207145701846,90.63919456031124,41.72548230233032
53.333333333333336,500.0,4.986313481924669,28.443465478277947,58.59750221033434,55.27925142276624,32.20875713361245,6.580401820989456,39.262306054545846,45.08312330904238,120.00000000000001,40.0,120.00000000000001,0.0,99.99999999999999,60.00000000000001,99.99999999999999,0.0,115.36203138641234,26.538590672389347,63.16589387742636,9.813848129102595,90.63919456031124,41.72548230233032,84.60969698925152,19.63207145701846
53.333333333333336,500.0,39.262306054545846,45.08312330904238,4.986313481924669,28.443465478277947,32.20875713361245,6.580401820989456,58.59750221033434,55.27925142276624,100.0,0.0,120.00000000000001,40.0,100.0,60.00000000000001,120.00000000000001,0.0,84.60969698925152,19.63207145701846,115.36203138641234,26.538590672389347,90.63919456031124,41.72548230233032,63.16589387742636,9.813848129102595
53.333333333333336,500.0,39.262306054545846,45.08312330904238,4.986313481924669,28.443465478277947,58.59750221033434,55.27925142276624,32.20875713361245,6.580401820989456,100.0,0.0,120.00000000000001,40.0,120.00000000000001,0.0,100.0,60.00000000000001,84.60969698925152,19.63207145701846,115.36203138641234,26.538590672389347,63.16589387742636,9.813848129102595,90.63919456031124,41.72548230233032
53.333333333333336,500.0,39.262306054545846,45.08312330904238,32.20875713361245,6.580401820989456,4.986313481924669,28.443465478277947,58.59750221033434,55.27925142276624,100.0,0.0,100.0,60.00000000000001,120.00000000000001,40.0,120.00000000000001,0.0,84.60969698925152,19.63207145701846,90.63919456031124,41.72548230233032,115.36203138641234,26.538590672389347,63.16589387742636,9.813848129102595
53.333333333333336,500.0,39.262306054545846,45.08312330904238,32.20875713361245,6.580401820989456,58.59750221033434,55.27925142276624,4.986313481924669,28.443465478277947,99.99999999999999,0.0,99.99999999999999,60.00000000000001,120.00000000000001,0.0,120.00000000000001,40.0,84.60969698925152,19.63207145701846,90.63919456031124,41.72548230233032,63.16589387742636,9.813848129102595,115.36203138641234,26.538590672389347
53.333333333333336,500.0,39.262306054545846,45.08312330904238,58.59750221033434,55.27925142276624,4.986313481924669,28.443465478277947,32.20875713361245,6.580401820989456,100.0,0.0,120.00000000000001,0.0,120.00000000000001,40.0,100.0,60.00000000000001,84.60969698925152,19.63207145701846,63.16589387742636,9.813848129102595,115.36203138641234,26.538590672389347,90.63919456031124,41.72548230233032
53.333333333333336,500.0,39.262306054545846,45.08312330904238,58.59750221033434,55.27925142276624,32.20875713361245,6.580401820989456,4.986313481924669,28.443465478277947,99.99999999999999,0.0,120.00000000000001,0.0,99.99999999999999,60.00000000000001,120.00000000000001,40.0,84.60969698925152,19.63207145701846,63.16589387742636,9.813848129102595,90.63919456031124,41.72548230233032,115.36203138641234,26.538590672389347
53.333333333333336,500.0,32.20875713361245,6.580401820989456,4.986313481924669,28.443465478277947,39.262306054545846,45.08312330904238,58.59750221033434,55.27925142276624,100.0,60.00000000000001,120.00000000000001,40.0,100.0,0.0,120.00000000000001,0.0,90.63919456031124,41.72548230233032,115.36203138641234,26.538590672389347,84.60969698925152,19.63207145701846,63.16589387742636,9.813848129102595
53.333333333333336,500.0,32.20875713361245,6.580401820989456,4.986313481924669,28.443465478277947,58.59750221033434,55.27925142276624,39.262306054545846,45.08312330904238,99.99999999999999,60.00000000000001,120.00000000000001,40.0,120.00000000000001,0.0,99.99999999999999,0.0,90.63919456031124,41.72548230233032,115.36203138641234,26.538590672389347,63.16589387742636,9.813848129102595,84.60969698925152,19.63207145701846
53.333333333333336,500.0,32.20875713361245,6.580401820989456,39.262306054545846,45.08312330904238,4.986313481924669,28.443465478277947,58.59750221033434,55.27925142276624,100.0,60.00000000000001,100.0,0.0,120.00000000000001,40.0,120.00000000000001,0.0,90.63919456031124,41.72548230233032,84.60969698925152,19.63207145701846,115.36203138641234,26.538590672389347,63.16589387742636,9.813848129102595
53.333333333333336,500.0,32.20875713361245,6.580401820989456,39.262306054545846,45.08312330904238,58.59750221033434,55.27925142276624,4.986313481924669,28.443465478277947,99.99999999999999,60.00000000000001,99.99999999999999,0.0,120.00000000000001,0.0,120.00000000000001,40.0,90.63919456031124,41.72548230233032,84.60969698925152,19.63207145701846,63.16589387742636,9.813848129102595,115.36203138641234,26.538590672389347
53.333333333333336,500.0,32.20875713361245,6.580401820989456,58.59750221033434,55.27925142276624,4.986313481924669,28.443465478277947,39.262306054545846,45.08312330904238,99.99999999999999,60.00000000000001,120.00000000000001,0.0,120.00000000000001,40.0,99.99999999999999,0.0,90.63919456031124,41.72548230233032,63.16589387742636,9.813848129102595,115.36203138641234,26.538590672389347,84.60969698925152,19.63207145701846
53.333333333333336,500.0,32.20875713361245,6.580401820989456,58.59750221033434,55.27925142276624,39.262306054545846,45.08312330904238,4.986313481924669,28.443465478277947,99.99999999999999,60.00000000000001,120.00000000000001,0.0,99.99999999999999,0.0,120.00000000000001,40.0,90.63919456031124,41.72548230233032,63.16589387742636,9.813848129102595,84.60969698925152,19.63207145701846,115.36203138641234,26.538590672389347
53.333333333333336,500.0,58.59750221033434,55.27925142276624,4.986313481924669,28.443465478277947,39.262306054545846,45.08312330904238,32.20875713361245,6.580401820989456,120.00000000000001,0.0,120.00000000000001,40.0,100.0,0.0,100.0,60.00000000000001,63.16589387742636,9.813848129102595,115.36203138641234,26.538590672389347,84.60969698925152,19.63207145701846,90.63919456031124,41.72548230233032
53.333333333333336,500.0,58.59750221033434,55.27925142276624,4.986313481924669,28.443465478277947,32.20875713361245,6.580401820989456,39.262306054545846,45.08312330904238,120.00000000000001,0.0,120.00000000000001,40.0,99.99999999999999,60.00000000000001,99.99999999999999,0.0,63.16589387742636,9.813848129102595,115.36203138641234,26.538590672389347,90.63919456031124,41.72548230233032,84.60969698925152,19.63207145701846
53.333333333333336,500.0,58.59750221033434,55.27925142276624,39.262306054545846,45.08312330904238,4.986313481924669,28.443465478277947,32.20875713361245,6.580401820989456,120.00000000000001,0.0,100.0,0.0,120.00000000000001,40.0,100.0,60.00000000000001,63.16589387742636,9.813848129102595,84.60969698925152,19.63207145701846,115.36203138641234,26.538590672389347,90.63919456031124,41.72548230233032
53.333333333333336,500.0,58.59750221033434,55.27925142276624,39.262306054545846,45.08312330904238,32.20875713361245,6.580401820989456,4.986313481924669,28.443465478277947,120.00000000000001,0.0,99.99999999999999,0.0,99.99999999999999,60.00000000000001,120.00000000000001,40.0,63.16589387742636,9.813848129102595,84.60969698925152,19.63207145701846,90.63919456031124,41.72548230233032,115.36203138641234,26.538590672389347
53.333333333333336,500.0,58.59750221033434,55.27925142276624,32.20875713361245,6.580401820989456,4.986313481924669,28.443465478277947,39.262306054545846,45.08312330904238,120.00000000000001,0.0,99.99999999999999,60.00000000000001,120.00000000000001,40.0,99.99999999999999,0.0,63.16589387742636,9.813848129102595,90.63919456031124,41.72548230233032,115.36203138641234,26.538590672389347,84.60969698925152,19.63207145701846
53.333333333333336,500.0,58.59750221033434,55.27925142276624,32.20875713361245,6.580401820989456,39.262306054545846,45.08312330904238,4.986313481924669,28.443465478277947,120.00000000000001,0.0,99.99999999999999,60.00000000000001,99.99999999999999,0.0,120.00000000000001,40.0,63.16589387742636,9.813848129102595,90.63919456031124,41.72548230233032,84.60969698925152,19.63207145701846,115.36203138641234,26.538590672389347
53.333333333333336,500.0,5.211348800272397,8.376148412347781,57.369293262625085,17.95851595357707,36.03274430982172,41.498665211570525,9.102339826940264,33.941225583291185,119.99999999999999,59.99999999999999,59.99999999999999,59.99999999999999,59.99999999999999,0.0,80.0,20.0,113.69379553149642,30.557407305319945,86.31344094364309,19.167621595093724,71.68696461819184,3.922405272734032,115.97537053317804,8.493260864331706
53.333333333333336,500.0,5.211348800272397,8.376148412347781,9.102339826940264,33.941225583291185,57.369293262625085,17.95851595357707,36.03274430982172,41.498665211570525,120.0,60.0,80.0,20.0,60.0,60.0,60.0,0.0,113.69379553149642,30.557407305319945,115.97537053317804,8.493260864331706,86.31344094364309,19.167621595093724,71.68696461819184,3.922405272734032
53.333333333333336,500.0,5.211348800272397,8.376148412347781,9.102339826940264,33.941225583291185,36.03274430982172,41.498665211570525,57.369293262625085,17.95851595357707,120.0,60.0,80.0,20.0,60.0,0.0,60.0,60.0,113.69379553149642,30.557407305319945,115.97537053317804,8.493260864331706,71.68696461819184,3.922405272734032,86.31344094364309,19.167621595093724
53.333333333333336,500.0,5.211348800272397,8.376148412347781,36.03274430982172,41.498665211570525,57.369293262625085,17.95851595357707,9.102339826940264,33.941225583291185,120.0,60.0,60.0,0.0,60.0,60.0,80.0,20.0,113.69379553149642,30.557407305319945,71.68696461819184,3.922405272734032,86.31344094364309,19.167621595093724,115.97537053317804,8.493260864331706
53.333333333333336,500.0,5.211348800272397,8.376148412347781,36.03274430982172,41.498665211570525,9.102339826940264,33.941225583291185,57.369293262625085,17.95851595357707,119.99999999999999,59.99999999999999,59.99999999999999,0.0,80.0,20.0,59.99999999999999,59.99999999999999,113.69379553149642,30.557407305319945,71.68696461819184,3.922405272734032,115.97537053317804,8.493260864331706,86.31344094364309,19.167621595093724
53.333333333333336,500.0,57.369293262625085,17.95851595357707,5.211348800272397,8.376148412347781,9.102339826940264,33.941225583291185,36.03274430982172,41.498665211570525,60.0,60.0,120.0,60.0,80.0,20.0,60.0,0.0,86.31344094364309,19.167621595093724,113.69379553149642,30.557407305319945,115.97537053317804,8.493260864331706,71.68696461819184,3.922405272734032
53.333333333333336,500.0,57.369293262625085,17.95851595357707,5.211348800272397,8.376148412347781,36.03274430982172,41.498665211570525,9.102339826940264,33.941225583291185,60.0,60.0,120.0,60.0,60.0,0.0,80.0,20.0,86.31344094364309,19.167621595093724,113.69379553149642,30.557407305319945,71.68696461819184,3.922405272734032,115.97537053317804,8.493260864331706
53.333333333333336,500.0,57.369293262625085,17.95851595357707,9.102339826940264,33.941225583291185,5.211348800272397,8.376148412347781,36.03274430982172,41.498665211570525,60.0,60.0,80.0,20.0,120.0,60.0,60.0,0.0,86.31344094364309,19.167621595093724,115.97537053317804,8.493260864331706,113.69379553149642,30.557407305319945,71.68696461819184,3.922405272734032
53.333333333333336,500.0,57.369293262625085,17.95851595357707,9.102339826940264,33.941225583291185,36.03274430982172,41.498665211570525,5.211348800272397,8.376148412347781,60.0,60.0,80.0,20.0,60.0,0.0,120.0,60.0,86.31344094364309,19.167621595093724,115.97537053317804,8.493260864331706,71.68696461819184,3.922405272734032,113.69379553149642,30.557407305319945
53.333333333333336,500.0,57.369293262625085,17.95851595357707,36.03274430982172,41.498665211570525,5.211348800272397,8.376148412347781,9.102339826940264,33.941225583291185,60.0,60.0,60.0,0.0,120.0,60.0,80.0,20.0,86.31344094364309,19.167621595093724,71.68696461819184,3.922405272734032,113.69379553149642,30.557407305319945,115.97537053317804,8.493260864331706
53.333333333333336,500.0,57.369293262625085,17.95851595357707,36.03274430982172,41.498665211570525,9.102339826940264,33.941225583291185,5.211348800272397,8.376148412347781,60.0,60.0,60.0,0.0,80.0,20.0,120.0,60.0,86.31344094364309,19.167621595093724,71.68696461819184,3.922405272734032,115.97537053317804,8.493260864331706,113.69379553149642,30.557407305319945
53.333333333333336,500.0,9.102339826940264,33.941225583291185,5.211348800272397,8.376148412347781,57.369293262625085,17.95851595357707,36.03274430982172,41.498665211570525,80.0,20.0,120.0,60.0,60.0,60.0,60.0,0.0,115.97537053317804,8.493260864331706,113.69379553149642,30.557407305319945,86.31344094364309,19.167621595093724,71.68696461819184,3.922405272734032
53.333333333333336,500.0,9.102339826940264,33.941225583291185,5.211348800272397,8.376148412347781,36.03274430982172,41.498665211570525,57.369293262625085,17.95851595357707,80.0,20.0,120.0,60.0,60.0,0.0,60.0,60.0,115.97537053317804,8.493260864331706,113.69379553149642,30.557407305319945,71.68696461819184,3.922405272734032,86.31344094364309,19.167621595093724
53.333333333333336,500.0,9.102339826940264,33.941225583291185,57.369293262625085,17.95851595357707,5.211348800272397,8.376148412347781,36.03274430982172,41.498665211570525,80.0,20.0,60.0,60.0,120.0,60.0,60.0,0.0,115.97537053317804,8.493260864331706,86.31344094364309,19.167621595093724,113.69379553149642,30.557407305319945,71.68696461819184,3.922405272734032
53.333333333333336,500.0,9.102339826940264,33.941225583291185,57.369293262625085,17.95851595357707,36.03274430982172,41.498665211570525,5.211348800272397,8.376148412347781,80.0,20.0,60.0,60.0,60.0,0.0,120.0,60.0,115.97537053317804,8.493260864331706,86.31344094364309,19.167621595093724,71.68696461819184,3.922405272734032,113.69379553149642,30.557407305319945
53.333333333333336,500.0,9.102339826940264,33.941225583291185,36.03274430982172,41.498665211570525,5.211348800272397,8.376148412347781,57.369293262625085,17.95851595357707,80.0,20.0,59.99999999999999,0.0,119.99999999999999,59.99999999999999,59.99999999999999,59.99999999999999,115.97537053317804,8.493260864331706,71.68696461819184,3.922405272734032,113.69379553149642,30.557407305319945,86.31344094364309,19.167621595093724
53.333333333333336,500.0,9.102339826940264,33.941225583291185,36.03274430982172,41.498665211570525,57.369293262625085,17.95851595357707,5.211348800272397,8.376148412347781,80.0,20.0,60.0,0.0,60.0,60.0,120.0,60.0,115.97537053317804,8.493260864331706,71.68696461819184,3.922405272734032,86.31344094364309,19.167621595093724,113.69379553149642,30.557407305319945
53.333333333333336,500.0,36.03274430982172,41.498665211570525,5.211348800272397,8.376148412347781,57.369293262625085,17.95851595357707,9.102339826940264,33.941225583291185,60.0,0.0,120.0,60.0,60.0,60.0,80.0,20.0,71.68696461819184,3.922405272734032,113.69379553149642,30.557407305319945,86.31344094364309,19.167621595093724,115.97537053317804,8.493260864331706
53.333333333333336,500.0,36.03274430982172,41.498665211570525,5.211348800272397,8.376148412347781,9.102339826940264,33.941225583291185,57.369293262625085,17.95851595357707,59.99999999999999,0.0,119.99999999999999,59.99999999999999,80.0,20.0,59.99999999999999,59.99999999999999,71.68696461819184,3.922405272734032,113.69379553149642,30.557407305319945,115.97537053317804,8.493260864331706,86.31344094364309,19.167621595093724
53.333333333333336,500.0,36.03274430982172,41.498665211570525,57.369293262625085,17.95851595357707,5.211348800272397,8.376148412347781,9.102339826940264,33.941225583291185,60.0,0.0,60.0,60.0,120.0,60.0,80.0,20.0,71.68696461819184,3.922405272734032,86.31344094364309,19.167621595093724,113.69379553149642,30.557407305319945,115.97537053317804,8.493260864331706
53.333333333333336,500.0,36.03274430982172,41.498665211570525,57.369293262625085,17.95851595357707,9.102339826940264,33.941225583291185,5.211348800272397,8.376148412347781,60.0,0.0,60.0,60.0,80.0,20.0,120.0,60.0,71.68696461819184,3.922405272734032,86.31344094364309,19.167621595093724,115.97537053317804,8.493260864331706,113.69379553149642,30.557407305319945
53.333333333333336,500.0,36.03274430982172,41.498665211570525,9.102339826940264,33.941225583291185,5.211348800272397,8.376148412347781,57.369293262625085,17.95851595357707,59.99999999999999,0.0,80.0,20.0,119.99999999999999,59.99999999999999,59.99999999999999,59.99999999999999,71.68696461819184,3.922405272734032,115.97537053317804,8.493260864331706,113.69379553149642,30.557407305319945,86.31344094364309,19.167621595093724
53.333333333333336,500.0,36.03274430982172,41.498665211570525,9.102339826940264,33.941225583291185,57.369293262625085,17.95851595357707,5.211348800272397,8.376148412347781,60.0,0.0,80.0,20.0,60.0,60.0,120.0,60.0,71.68696461819184,3.922405272734032,115.97537053317804,8.493260864331706,86.31344094364309,19.167621595093724,113.69379553149642,30.557407305319945
53.333333333333336,500.0,44.34573782095048,36.33570249394532,0.3037399981834165,56.947888135775045,59.54855169804455,1.5227202548656282,20.561475412279616,42.77581139119352,120.0,40.0,60.0,0.0,60.0,60.0,120.0,0.0,95.47730773732604,41.85542426212207,100.06238630998376,12.612469231348555,63.26628393426155,50.28628418783077,70.09404371135467,29.2298391269216
53.333333333333336,500.0,44.34573782095048,36.33570249394532,20.561475412279616,42.77581139119352,0.3037399981834165,56.947888135775045,59.54855169804455,1.5227202548656282,120.0,40.0,120.0,0.0,60.0,0.0,60.0,60.0,95.47730773732604,41.85542426212207,70.09404371135467,29.2298391269216,100.06238630998376,12.612469231348555,63.26628393426155,50.28628418783077
53.333333333333336,500.0,44.34573782095048,36.33570249394532,20.561475412279616,42.77581139119352,59.54855169804455,1.5227202548656282,0.3037399981834165,56.947888135775045,120.0,40.0,120.0,0.0,60.0,60.0,60.0,0.0,95.47730773732604,41.85542426212207,70.09404371135467,29.2298391269216,63.26628393426155,50.28628418783077,100.06238630998376,12.612469231348555
53.333333333333336,500.0,44.34573782095048,36.33570249394532,59.54855169804455,1.5227202548656282,0.3037399981834165,56.947888135775045,20.561475412279616,42.77581139119352,120.0,40.0,60.0,60.0,60.0,0.0,120.0,0.0,95.47730773732604,41.85542426212207,63.26628393426155,50.28628418783077,100.06238630998376,12.612469231348555,70.09404371135467,29.2298391269216
53.333333333333336,500.0,44.34573782095048,36.33570249394532,59.54855169804455,1.5227202548656282,20.561475412279616,42.77581139119352,0.3037399981834165,56.947888135775045,120.0,40.0,60.0,60.0,120.0,0.0,60.0,0.0,95.47730773732604,41.85542426212207,63.26628393426155,50.28628418783077,70.09404371135467,29.2298391269216,100.06238630998376,12.612469231348555
53.333333333333336,500.0,0.3037399981834165,56.947888135775045,44.34573782095048,36.33570249394532,20.561475412279616,42.77581139119352,59.54855169804455,1.5227202548656282,60.0,0.0,120.0,40.0,120.0,0.0,60.0,60.0,100.06238630998376,12.612469231348555,95.47730773732604,41.85542426212207,70.09404371135467,29.2298391269216,63.26628393426155,50.28628418783077
53.333333333333336,500.0,0.3037399981834165,56.947888135775045,44.34573782095048,36.33570249394532,59.54855169804455,1.5227202548656282,20.561475412279616,42.77581139119352,60.0,0.0,120.0,40.0,60.0,60.0,120.0,0.0,100.06238630998376,12.612469231348555,95.47730773732604,41.85542426212207,63.26628393426155,50.28628418783077,70.09404371135467,29.2298391269216
53.333333333333336,500.0,0.3037399981834165,56.947888135775045,20.561475412279616,42.77581139119352,44.34573782095048,36.33570249394532,59.54855169804455,1.5227202548656282,60.0,0.0,120.0,0.0,120.0,40.0,60.0,60.0,100.06238630998376,12.612469231348555,70.09404371135467,29.2298391269216,95.47730773732604,41.85542426212207,63.26628393426155,50.28628418783077
53.333333333333336,500.0,0.3037399981834165,56.947888135775045,20.561475412279616,42.77581139119352,59.54855169804455,1.5227202548656282,44.34573782095048,36.33570249394532,60.0,0.0,120.0,0.0,60.0,60.0,120.0,40.0,100.06238630998376,12.612469231348555,70.09404371135467,29.2298391269216,63.26628393426155,50.28628418783077,95.47730773732604,41.85542426212207
53.333333333333336,500.0,0.3037399981834165,56.947888135775045,59.54855169804455,1.5227202548656282,44.34573782095048,36.33570249394532,20.561475412279616,42.77581139119352,60.0,0.0,60.0,60.0,120.0,40.0,120.0,0.0,100.06238630998376,12.612469231348555,63.26628393426155,50.28628418783077,95.47730773732604,41.85542426212207,70.09404371135467,29.2298391269216
53.333333333333336,500.0,0.3037399981834165,56.947888135775045,59.54855169804455,1.5227202548656282,20.561475412279616,42.77581139119352,44.34573782095048,36.33570249394532,60.0,0.0,60.0,60.0,120.0,0.0,120.0,40.0,100.06238630998376,12.612469231348555,63.26628393426155,50.28628418783077,70.09404371135467,29.2298391269216,95.47730773732604,41.85542426212207
53.333333333333336,500.0,20.561475412279616,42.77581139119352,44.34573782095048,36.33570249394532,0.3037399981834165,56.947888135775045,59.54855169804455,1.5227202548656282,120.0,0.0,120.0,40.0,60.0,0.0,60.0,60.0,70.09404371135467,29.2298391269216,95.47730773732604,41.85542426212207,100.06238630998376,12.612469231348555,63.26628393426155,50.28628418783077
53.333333333333336,500.0,20.561475412279616,42.77581139119352,44.34573782095048,36.33570249394532,59.54855169804455,1.5227202548656282,0.3037399981834165,56.947888135775045,120.0,0.0,120.0,40.0,60.0,60.0,60.0,0.0,70.09404371135467,29.2298391269216,95.47730773732604,41.85542426212207,63.26628393426155,50.28628418783077,100.06238630998376,12.612469231348555
53.333333333333336,500.0,20.561475412279616,42.77581139119352,0.3037399981834165,56.947888135775045,44.34573782095048,36.33570249394532,59.54855169804455,1.5227202548656282,120.0,0.0,60.0,0.0,120.0,40.0,60.0,60.0,70.09404371135467,29.2298391269216,100.06238630998376,12.612469231348555,95.47730773732604,41.85542426212207,63.26628393426155,50.28628418783077
53.333333333333336,500.0,20.561475412279616,42.77581139119352,0.3037399981834165,56.947888135775045,59.54855169804455,1.5227202548656282,44.34573782095048,36.33570249394532,120.0,0.0,60.0,0.0,60.0,60.0,120.0,40.0,70.09404371135467,29.2298391269216,100.06238630998376,12.612469231348555,63.26628393426155,50.28628418783077,95.47730773732604,41.85542426212207
53.333333333333336,500.0,20.561475412279616,42.77581139119352,59.54855169804455,1.5227202548656282,44.34573782095048,36.33570249394532,0.3037399981834165,56.947888135775045,120.0,0.0,60.0,60.0,120.0,40.0,60.0,0.0,70.09404371135467,29.2298391269216,63.26628393426155,50.28628418783077,95.47730773732604,41.85542426212207,100.06238630998376,12.612469231348555
53.333333333333336,500.0,20.561475412279616,42.77581139119352,59.54855169804455,1.5227202548656282,0.3037399981834165,56.947888135775045,44.34573782095048,36.33570249394532,120.0,0.0,60.0,60.0,60.0,0.0,120.0,40.0,70.09404371135467,29.2298391269216,63.26628393426155,50.28628418783077,100.06238630998376,12.612469231348555,95.47730773732604,41.85542426212207
53.333333333333336,500.0,59.54855169804455,1.5227202548656282,44.34573782095048,36.33570249394532,0.3037399981834165,56.947888135775045,20.561475412279616,42.77581139119352,60.0,60.0,120.0,40.0,60.0,0.0,120.0,0.0,63.26628393426155,50.28628418783077,95.47730773732604,41.85542426212207,100.06238630998376,12.612469231348555,70.09404371135467,29.2298391269216
53.333333333333336,500.0,59.54855169804455,1.5227202548656282,44.34573782095048,36.33570249394532,20.561475412279616,42.77581139119352,0.3037399981834165,56.947888135775045,60.0,60.0,120.0,40.0,120.0,0.0,60.0,0.0,63.26628393426155,50.28628418783077,95.47730773732604,41.85542426212207,70.09404371135467,29.2298391269216,100.06238630998376,12.612469231348555
53.333333333333336,500.0,59.54855169804455,1.5227202548656282,0.3037399981834165,56.947888135775045,44.34573782095048,36.33570249394532,20.561475412279616,42.77581139119352,60.0,60.0,60.0,0.0,120.0,40.0,120.0,0.0,63.26628393426155,50.28628418783077,100.06238630998376,12.612469231348555,95.47730773732604,41.85542426212207,70.09404371135467,29.2298391269216
53.333333333333336,500.0,59.54855169804455,1.5227202548656282,0.3037399981834165,56.947888135775045,20.561475412279616,42.77581139119352,44.34573782095048,36.33570249394532,60.0,60.0,60.0,0.0,120.0,0.0,120.0,40.0,63.26628393426155,50.28628418783077,100.06238630998376,12.612469231348555,70.09404371135467,29.2298391269216,95.47730773732604,41.85542426212207
53.333333333333336,500.0,59.54855169804455,1.5227202548656282,20.561475412279616,42.77581139119352,44.34573782095048,36.33570249394532,0.3037399981834165,56.947888135775045,60.0,60.0,120.0,0.0,120.0,40.0,60.0,0.0,63.26628393426155,50.28628418783077,70.09404371135467,29.2298391269216,95.47730773732604,41.85542426212207,100.06238630998376,12.612469231348555
53.333333333333336,500.0,59.54855169804455,1.5227202548656282,20.561475412279616,42.77581139119352,0.3037399981834165,56.947888135775045,44.34573782095048,36.33570249394532,60.0,60.0,120.0,0.0,60.0,0.0,120.0,40.0,63.26628393426155,50.28628418783077,70.09404371135467,29.2298391269216,100.06238630998376,12.612469231348555,95.47730773732604,41.85542426212207
66.66666666666667,500.0,12.185706071055533,9.871360616351224,38.18921908201288,21.308982164732328,2.5780299027295883,43.858517242007046,58.72518985345108,37.79540027620673,100.0,59.99999999999999,59.99999999999999,40.0,100.0,20.0,59.99999999999999,20.0,90.44039300808892,41.6529715822438,68.60394550933756,42.39511617010393,112.2843907167267,23.76854746557051,64.39938489525203,22.50649525952524
66.66666666666667,500.0,12.185706071055533,9.871360616351224,58.72518985345108,37.79540027620673,38.18921908201288,21.308982164732328,2.5780299027295883,43.858517242007046,100.0,59.99999999999999,59.99999999999999,20.0,59.99999999999999,40.0,100.0,20.0,90.44039300808892,41.6529715822438,64.39938489525203,22.50649525952524,68.60394550933756,42.39511617010393,112.2843907167267,23.76854746557051
66.66666666666667,500.0,12.185706071055533,9.871360616351224,58.72518985345108,37.79540027620673,2.5780299027295883,43.858517242007046,38.18921908201288,21.308982164732328,100.0,59.99999999999999,59.99999999999999,20.0,100.0,20.0,59.99999999999999,40.0,90.44039300808892,41.6529715822438,64.39938489525203,22.50649525952524,112.2843907167267,23.76854746557051,68.60394550933756,42.39511617010393
66.66666666666667,500.0,12.185706071055533,9.871360616351224,2.5780299027295883,43.858517242007046,38.18921908201288,21.308982164732328,58.72518985345108,37.79540027620673,100.0,59.99999999999999,100.0,20.0,59.99999999999999,40.0,59.99999999999999,20.0,90.44039300808892,41.6529715822438,112.2843907167267,23.76854746557051,68.60394550933756,42.39511617010393,64.39938489525203,22.50649525952524
66.66666666666667,500.0,12.185706071055533,9.871360616351224,2.5780299027295883,43.858517242007046,58.72518985345108,37.79540027620673,38.18921908201288,21.308982164732328,100.0,59.99999999999999,100.0,20.0,59.99999999999999,20.0,59.99999999999999,40.0,90.44039300808892,41.6529715822438,112.2843907167267,23.76854746557051,64.39938489525203,22.50649525952524,68.60394550933756,42.39511617010393
66.66666666666667,500.0,38.18921908201288,21.308982164732328,12.185706071055533,9.871360616351224,58.72518985345108,37.79540027620673,2.5780299027295883,43.858517242007046,60.0,40.0,100.0,60.0,60.0,20.0,100.0,20.0,68.60394550933756,42.39511617010393,90.44039300808892,41.6529715822438,64.39938489525203,22.50649525952524,112.2843907167267,23.76854746557051
66.66666666666667,500.0,38.18921908201288,21.308982164732328,12.185706071055533,9.871360616351224,2.5780299027295883,43.858517242007046,58.72518985345108,37.79540027620673,60.0,40.0,100.0,60.0,100.0,20.0,60.0,20.0,68.60394550933756,42.39511617010393,90.44039300808892,41.6529715822438,112.2843907167267,23.76854746557051,64.39938489525203,22.50649525952524
66.66666666666667,500.0,38.18921908201288,21.308982164732328,58.72518985345108,37.79540027620673,12.185706071055533,9.871360616351224,2.5780299027295883,43.858517242007046,60.0,40.0,60.0,20.0,100.0,60.0,100.0,20.0,68.60394550933756,42.39511617010393,64.39938489525203,22.50649525952524,90.44039300808892,41.6529715822438,112.2843907167267,23.76854746557051
66.66666666666667,500.0,38.18921908201288,21.308982164732328,58.72518985345108,37.79540027620673,2.5780299027295883,43.858517242007046,12.185706071055533,9.871360616351224,60.0,40.0,60.0,20.0,100.0,20.0,100.0,60.0,68.60394550933756,42.39511617010393,64.39938489525203,22.50649525952524,112.2843907167267,23.76854746557051,90.44039300808892,41.6529715822438
66.66666666666667,500.0,38.18921908201288,21.308982164732328,2.5780299027295883,43.858517242007046,12.185706071055533,9.871360616351224,58.72518985345108,37.79540027620673,60.0,40.0,100.0,20.0,100.0,60.0,60.0,20.0,68.60394550933756,42.39511617010393,112.2843907167267,23.76854746557051,90.44039300808892,41.6529715822438,64.39938489525203,22.50649525952524
66.66666666666667,500.0,38.18921908201288,21.308982164732328,2.5780299027295883,43.858517242007046,58.72518985345108,37.79540027620673,12.185706071055533,9.871360616351224,60.0,40.0,100.0,20.0,60.0,20.0,100.0,60.0,68.60394550933756,42.39511617010393,112.2843907167267,23.76854746557051,64.39938489525203,22.50649525952524,90.44039300808892,41.6529715822438
66.66666666666667,500.0,58.72518985345108,37.79540027620673,12.185706071055533,9.871360616351224,38.18921908201288,21.308982164732328,2.5780299027295883,43.858517242007046,60.0,20.0,100.0,60.0,60.0,40.0,100.0,20.0,64.39938489525203,22.50649525952524,90.44039300808892,41.6529715822438,68.60394550933756,42.39511617010393,112.2843907167267,23.76854746557051
66.66666666666667,500.0,58.72518985345108,37.79540027620673,12.185706071055533,9.871360616351224,2.5780299027295883,43.858517242007046,38.18921908201288,21.308982164732328,60.0,20.0,100.0,60.0,100.0,20.0,60.0,40.0,64.39938489525203,22.50649525952524,90.44039300808892,41.6529715822438,112.2843907167267,23.76854746557051,68.60394550933756,42.39511617010393
66.66666666666667,500.0,58.72518985345108,37.79540027620673,38.18921908201288,21.308982164732328,12.185706071055533,9.871360616351224,2.5780299027295883,43.858517242007046,60.0,20.0,60.0,40.0,100.0,60.0,100.0,20.0,64.39938489525203,22.50649525952524,68.60394550933756,42.39511617010393,90.44039300808892,41.6529715822438,112.2843907167267,23.76854746557051
66.66666666666667,500.0,58.72518985345108,37.79540027620673,38.18921908201288,21.308982164732328,2.5780299027295883,43.858517242007046,12.185706071055533,9.871360616351224,60.0,20.0,60.0,40.0,100.0,20.0,100.0,60.0,64.39938489525203,22.50649525952524,68.60394550933756,42.39511617010393,112.2843907167267,23.76854746557051,90.44039300808892,41.6529715822438
66.66666666666667,500.0,58.72518985345108,37.79540027620673,2.5780299027295883,43.858517242007046,12.185706071055533,9.871360616351224,38.18921908201288,21.308982164732328,60.0,20.0,100.0,20.0,100.0,60.0,60.0,40.0,64.39938489525203,22.50649525952524,112.2843907167267,23.76854746557051,90.44039300808892,41.6529715822438,68.60394550933756,42.39511617010393
66.66666666666667,500.0,58.72518985345108,37.79540027620673,2.5780299027295883,43.858517242007046,38.18921908201288,21.308982164732328,12.185706071055533,9.871360616351224,60.0,20.0,100.0,20.0,60.0,40.0,100.0,60.0,64.39938489525203,22.50649525952524,112.2843907167267,23.76854746557051,68.60394550933756,42.39511617010393,90.44039300808892,41.6529715822438
66.66666666666667,500.0,2.5780299027295883,43.858517242007046,12.185706071055533,9.871360616351224,38.18921908201288,21.308982164732328,58.72518985345108,37.79540027620673,100.0,20.0,100.0,59.99999999999999,59.99999999999999,40.0,59.99999999999999,20.0,112.2843907167267,23.76854746557051,90.44039300808892,41.6529715822438,68.60394550933756,42.39511617010393,64.39938489525203,22.50649525952524
66.66666666666667,500.0,2.5780299027295883,43.858517242007046,12.185706071055533,9.871360616351224,58.72518985345108,37.79540027620673,38.18921908201288,21.308982164732328,100.0,20.0,100.0,59.99999999999999,59.99999999999999,20.0,59.99999999999999,40.0,112.2843907167267,23.76854746557051,90.44039300808892,41.6529715822438,64.39938489525203,22.50649525952524,68.60394550933756,42.39511617010393
66.66666666666667,500.0,2.5780299027295883,43.858517242007046,38.18921908201288,21.308982164732328,12.185706071055533,9.871360616351224,58.72518985345108,37.79540027620673,100.0,20.0,59.99999999999999,40.0,100.0,59.99999999999999,59.99999999999999,20.0,112.2843907167267,23.76854746557051,68.60394550933756,42.39511617010393,90.44039300808892,41.6529715822438,64.39938489525203,22.50649525952524
66.66666666666667,500.0,2.5780299027295883,43.858517242007046,38.18921908201288,21.308982164732328,58.72518985345108,37.79540027620673,12.185706071055533,9.871360616351224,100.0,20.0,60.0,40.0,60.0,20.0,100.0,60.0,112.2843907167267,23.76854746557051,68.60394550933756,42.39511617010393,64.39938489525203,22.50649525952524,90.44039300808892,41.6529715822438
66.66666666666667,500.0,2.5780299027295883,43.858517242007046,58.72518985345108,37.79540027620673,12.185706071055533,9.871360616351224,38.18921908201288,21.308982164732328,100.0,20.0,60.0,20.0,100.0,60.0,60.0,40.0,112.2843907167267,23.76854746557051,64.39938489525203,22.50649525952524,90.44039300808892,41.6529715822438,68.60394550933756,42.39511617010393
66.66666666666667,500.0,2.5780299027295883,43.858517242007046,58.72518985345108,37.79540027620673,38.18921908201288,21.308982164732328,12.185706071055533,9.871360616351224,100.0,20.0,60.0,20.0,60.0,40.0,100.0,60.0,112.2843907167267,23.76854746557051,64.39938489525203,22.50649525952524,68.60394550933756,42.39511617010393,90.44039300808892,41.6529715822438
66.66666666666667,500.0,35.82627493799728,53.58846969708266,43.20819699126219,7.507231169927746,12.730123982247626,51.94818559507895,11.735130422584266,27.941518173983763,100.0,20.0,100.0,59.99999999999999,80.0,20.0,119.99999999999999,40.0,84.97923759201215,17.720762543601857,102.6453948843217,49.02685655482127,118.31084264476016,20.34023665717157,81.51572522589511,39.61786061276868
66.66666666666667,500.0,35.82627493799728,53.58846969708266,11.735130422584266,27.941518173983763,43.20819699126219,7.507231169927746,12.730123982247626,51.94818559507895,100.0,20.0,119.99999999999999,40.0,100.0,59.99999999999999,80.0,20.0,84.97923759201215,17.720762543601857,81.51572522589511,39.61786061276868,102.6453948843217,49.02685655482127,118.31084264476016,20.34023665717157
66.66666666666667,500.0,35.82627493799728,53.58846969708266,11.735130422584266,27.941518173983763,12.730123982247626,51.94818559507895,43.20819699126219,7.507231169927746,100.0,20.0,119.99999999999999,40.0,80.0,20.0,100.0,59.99999999999999,84.97923759201215,17.720762543601857,81.51572522589511,39.61786061276868,118.31084264476016,20.34023665717157,102.6453948843217,49.02685655482127
66.66666666666667,500.0,35.82627493799728,53.58846969708266,12.730123982247626,51.94818559507895,43.20819699126219,7.507231169927746,11.735130422584266,27.941518173983763,100.0,20.0,80.0,20.0,100.0,59.99999999999999,119.99999999999999,40.0,84.97923759201215,17.720762543601857,118.31084264476016,20.34023665717157,102.6453948843217,49.02685655482127,81.51572522589511,39.61786061276868
66.66666666666667,500.0,35.82627493799728,53.58846969708266,12.730123982247626,51.94818559507895,11.735130422584266,27.941518173983763,43.20819699126219,7.507231169927746,100.0,20.0,80.0,20.0,119.99999999999999,40.0,100.0,59.99999999999999,84.97923759201215,17.720762543601857,118.31084264476016,20.34023665717157,81.51572522589511,39.61786061276868,102.6453948843217,49.02685655482127
66.66666666666667,500.0,43.20819699126219,7.507231169927746,35.82627493799728,53.58846969708266,11.735130422584266,27.941518173983763,12.730123982247626,51.94818559507895,100.0,59.99999999999999,100.0,20.0,119.99999999999999,40.0,80.0,20.0,102.6453948843217,49.02685655482127,84.97923759201215,17.720762543601857,81.51572522589511,39.61786061276868,118.31084264476016,20.34023665717157
66.66666666666667,500.0,43.20819699126219,7.507231169927746,35.82627493799728,53.58846969708266,12.730123982247626,51.94818559507895,11.735130422584266,27.941518173983763,100.0,59.99999999999999,100.0,20.0,80.0,20.0,119.99999999999999,40.0,102.6453948843217,49.02685655482127,84.97923759201215,17.720762543601857,118.31084264476016,20.34023665717157,81.51572522589511,39.61786061276868
66.66666666666667,500.0,43.20819699126219,7.507231169927746,11.735130422584266,27.941518173983763,35.82627493799728,53.58846969708266,12.730123982247626,51.94818559507895,100.0,59.99999999999999,119.99999999999999,40.0,100.0,20.0,80.0,20.0,102.6453948843217,49.02685655482127,81.51572522589511,39.61786061276868,84.97923759201215,17.720762543601857,118.31084264476016,20.34023665717157
66.66666666666667,500.0,43.20819699126219,7.507231169927746,11.735130422584266,27.941518173983763,12.730123982247626,51.94818559507895,35.82627493799728,53.58846969708266,100.0,59.99999999999999,119.99999999999999,40.0,80.0,20.0,100.0,20.0,102.6453948843217,49.02685655482127,81.51572522589511,39.61786061276868,118.31084264476016,20.34023665717157,84.97923759201215,17.720762543601857
66.66666666666667,500.0,43.20819699126219,7.507231169927746,12.730123982247626,51.94818559507895,35.82627493799728,53.58846969708266,11.735130422584266,27.941518173983763,100.0,59.99999999999999,80.0,20.0,100.0,20.0,119.99999999999999,40.0,102.6453948843217,49.02685655482127,118.31084264476016,20.34023665717157,84.97923759201215,17.720762543601857,81.51572522589511,39.61786061276868
66.66666666666667,500.0,43.20819699126219,7.507231169927746,12.730123982247626,51.94818559507895,11.735130422584266,27.941518173983763,35.82627493799728,53.58846969708266,100.0,59.99999999999999,80.0,20.0,119.99999999999999,40.0,100.0,20.0,102.6453948843217,49.02685655482127,118.31084264476016,20.34023665717157,81.51572522589511,39.61786061276868,84.97923759201215,17.720762543601857
66.66666666666667,500.0,11.735130422584266,27.941518173983763,35.82627493799728,53.58846969708266,43.20819699126219,7.507231169927746,12.730123982247626,51.94818559507895,119.99999999999999,40.0,100.0,20.0,100.0,59.99999999999999,80.0,20.0,81.51572522589511,39.61786061276868,84.97923759201215,17.720762543601857,102.6453948843217,49.02685655482127,118.31084264476016,20.34023665717157
66.66666666666667,500.0,11.735130422584266,27.941518173983763,35.82627493799728,53.58846969708266,12.730123982247626,51.94818559507895,43.20819699126219,7.507231169927746,119.99999999999999,40.0,100.0,20.0,80.0,20.0,100.0,59.99999999999999,81.51572522589511,39.61786061276868,84.97923759201215,17.720762543601857,118.31084264476016,20.34023665717157,102.6453948843217,49.02685655482127
66.66666666666667,500.0,11.735130422584266,27.941518173983763,43.20819699126219,7.507231169927746,35.82627493799728,53.58846969708266,12.730123982247626,51.94818559507895,119.99999999999999,40.0,100.0,59.99999999999999,100.0,20.0,80.0,20.0,81.51572522589511,39.61786061276868,102.6453948843217,49.02685655482127,84.97923759201215,17.720762543601857,118.31084264476016,20.34023665717157
66.66666666666667,500.0,11.735130422584266,27.941518173983763,43.20819699126219,7.507231169927746,12.730123982247626,51.94818559507895,35.82627493799728,53.58846969708266,119.99999999999999,40.0,100.0,59.99999999999999,80.0,20.0,100.0,20.0,81.51572522589511,39.61786061276868,102.6453948843217,49.02685655482127,118.31084264476016,20.34023665717157,84.97923759201215,17.720762543601857
66.66666666666667,500.0,11.735130422584266,27.941518173983763,12.730123982247626,51.94818559507895,35.82627493799728,53.58846969708266,43.20819699126219,7.507231169927746,119.99999999999999,40.0,80.0,20.0,100.0,20.0,100.0,59.99999999999999,81.51572522589511,39.61786061276868,118.31084264476016,20.34023665717157,84.97923759201215,17.720762543601857,102.6453948843217,49.02685655482127
66.66666666666667,500.0,11.735130422584266,27.941518173983763,12.730123982247626,51.94818559507895,43.20819699126219,7.507231169927746,35.82627493799728,53.58846969708266,119.99999999999999,40.0,80.0,20.0,100.0,59.99999999999999,100.0,20.0,81.51572522589511,39.61786061276868,118.31084264476016,20.34023665717157,102.6453948843217,49.02685655482127,84.97923759201215,17.720762543601857
66.66666666666667,500.0,12.730123982247626,51.94818559507895,35.82627493799728,53.58846969708266,43.20819699126219,7.507231169927746,11.735130422584266,27.941518173983763,80.0,20.0,100.0,20.0,100.0,59.99999999999999,119.99999999999999,40.0,118.31084264476016,20.34023665717157,84.97923759201215,17.720762543601857,102.6453948843217,49.02685655482127,81.51572522589511,39.61786061276868
66.66666666666667,500.0,12.730123982247626,51.94818559507895,35.82627493799728,53.58846969708266,11.735130422584266,27.941518173983763,43.20819699126219,7.507231169927746,80.0,20.0,100.0,20.0,119.99999999999999,40.0,100.0,59.99999999999999,118.31084264476016,20.34023665717157,84.97923759201215,17.720762543601857,81.51572522589511,39.61786061276868,102.6453948843217,49.02685655482127
66.66666666666667,500.0,12.730123982247626,51.94818559507895,43.20819699126219,7.507231169927746,35.82627493799728,53.58846969708266,11.735130422584266,27.941518173983763,80.0,20.0,100.0,59.99999999999999,100.0,20.0,119.99999999999999,40.0,118.31084264476016,20.34023665717157,102.6453948843217,49.02685655482127,84.97923759201215,17.720762543601857,81.51572522589511,39.61786061276868
66.66666666666667,500.0,12.730123982247626,51.94818559507895,43.20819699126219,7.507231169927746,11.735130422584266,27.941518173983763,35.82627493799728,53.58846969708266,80.0,20.0,100.0,59.99999999999999,119.99999999999999,40.0,100.0,20.0,118.31084264476016,20.34023665717157,102.6453948843217,49.02685655482127,81.51572522589511,39.61786061276868,84.97923759201215,17.720762543601857
66.66666666666667,500.0,12.730123982247626,51.94818559507895,11.735130422584266,27.941518173983763,35.82627493799728,53.58846969708266,43.20819699126219,7.507231169927746,80.0,20.0,119.99999999999999,40.0,100.0,20.0,100.0,59.99999999999999,118.31084264476016,20.34023665717157,81.51572522589511,39.61786061276868,84.97923759201215,17.720762543601857,102.6453948843217,49.02685655482127
66.66666666666667,500.0,12.730123982247626,51.94818559507895,11.735130422584266,27.941518173983763,43.20819699126219,7.507231169927746,35.82627493799728,53.58846969708266,80.0,20.0,119.99999999999999,40.0,100.0,59.99999999999999,100.0,20.0,118.31084264476016,20.34023665717157,81.51572522589511,39.61786061276868,102.6453948843217,49.02685655482127,84.97923759201215,17.720762543601857
66.66666666666667,500.0,54.54792674276843,52.36671813014358,26.083593019704068,55.73514920181355,53.37758006349498,9.829793063811872,7.387638858235346,41.06335839119891,120.0,20.0,120.0,0.0,120.0,60.0,100.0,20.0,106.18515324672056,31.03080407783129,69.9492405695046,22.2907299413935,104.3490879929635,59.03203423153172,84.6406408794121,36.60267950806973
66.66666666666667,500.0,54.54792674276843,52.36671813014358,7.387638858235346,41.06335839119891,26.083593019704068,55.73514920181355,53.37758006349498,9.829793063811872,120.0,20.0,100.0,20.0,120.0,0.0,120.0,60.0,106.18515324672056,31.03080407783129,84.6406408794121,36.60267950806973,69.9492405695046,22.2907299413935,104.3490879929635,59.03203423153172
66.66666666666667,500.0,54.54792674276843,52.36671813014358,7.387638858235346,41.06335839119891,53.37758006349498,9.829793063811872,26.083593019704068,55.73514920181355,120.0,20.0,100.0,20.0,120.0,60.0,120.0,0.0,106.18515324672056,31.03080407783129,84.6406408794121,36.60267950806973,104.3490879929635,59.03203423153172,69.9492405695046,22.2907299413935
66.66666666666667,500.0,54.54792674276843,52.36671813014358,53.37758006349498,9.829793063811872,26.083593019704068,55.73514920181355,7.387638858235346,41.06335839119891,120.0,20.0,120.0,60.0,120.0,0.0,100.0,20.0,106.18515324672056,31.03080407783129,104.3490879929635,59.03203423153172,69.9492405695046,22.2907299413935,84.6406408794121,36.60267950806973
66.66666666666667,500.0,54.54792674276843,52.36671813014358,53.37758006349498,9.829793063811872,7.387638858235346,41.06335839119891,26.083593019704068,55.73514920181355,120.0,20.0,120.0,60.0,100.0,20.0,120.0,0.0,106.18515324672056,31.03080407783129,104.3490879929635,59.03203423153172,84.6406408794121,36.60267950806973,69.9492405695046,22.2907299413935
66.66666666666667,500.0,26.083593019704068,55.73514920181355,54.54792674276843,52.36671813014358,7.387638858235346,41.06335839119891,53.37758006349498,9.829793063811872,120.0,0.0,120.0,20.0,100.0,20.0,120.0,60.0,69.9492405695046,22.2907299413935,106.18515324672056,31.03080407783129,84.6406408794121,36.60267950806973,104.3490879929635,59.03203423153172
66.66666666666667,500.0,26.083593019704068,55.73514920181355,54.54792674276843,52.36671813014358,53.37758006349498,9.829793063811872,7.387638858235346,41.06335839119891,120.0,0.0,120.0,20.0,120.0,60.0,100.0,20.0,69.9492405695046,22.2907299413935,106.18515324672056,31.03080407783129,104.3490879929635,59.03203423153172,84.6406408794121,36.60267950806973
66.66666666666667,500.0,26.083593019704068,55.73514920181355,7.387638858235346,41.06335839119891,54.54792674276843,52.36671813014358,53.37758006349498,9.829793063811872,120.0,0.0,100.0,20.0,120.0,20.0,120.0,60.0,69.9492405695046,22.2907299413935,84.6406408794121,36.60267950806973,106.18515324672056,31.03080407783129,104.3490879929635,59.03203423153172
66.66666666666667,500.0,26.083593019704068,55.73514920181355,7.387638858235346,41.06335839119891,53.37758006349498,9.829793063811872,54.54792674276843,52.36671813014358,120.0,0.0,100.0,20.0,120.0,60.0,120.0,20.0,69.9492405695046,22.2907299413935,84.6406408794121,36.60267950806973,104.3490879929635,59.03203423153172,106.18515324672056,31.03080407783129
66.66666666666667,500.0,26.083593019704068,55.73514920181355,53.37758006349498,9.829793063811872,54.54792674276843,52.36671813014358,7.387638858235346,41.06335839119891,120.0,0.0,120.0,60.0,120.0,20.0,100.0,20.0,69.9492405695046,22.2907299413935,104.3490879929635,59.03203423153172,106.18515324672056,31.03080407783129,84.6406408794121,36.60267950806973
66.66666666666667,500.0,26.083593019704068,55.73514920181355,53.37758006349498,9.829793063811872,7.387638858235346,41.06335839119891,54.54792674276843,52.36671813014358,120.0,0.0,120.0,60.0,100.0,20.0,120.0,20.0,69.9492405695046,22.2907299413935,104.3490879929635,59.03203423153172,84.6406408794121,36.60267950806973,106.18515324672056,31.03080407783129
66.66666666666667,500.0,7.387638858235346,41.06335839119891,54.54792674276843,52.36671813014358,26.083593019704068,55.73514920181355,53.37758006349498,9.829793063811872,100.0,20.0,120.0,20.0,120.0,0.0,120.0,60.0,84.6406408794121,36.60267950806973,106.18515324672056,31.03080407783129,69.9492405695046,22.2907299413935,104.3490879929635,59.03203423153172
66.66666666666667,500.0,7.387638858235346,41.06335839119891,54.54792674276843,52.36671813014358,53.37758006349498,9.829793063811872,26.083593019704068,55.73514920181355,100.0,20.0,120.0,20.0,120.0,60.0,120.0,0.0,84.6406408794121,36.60267950806973,106.18515324672056,31.03080407783129,104.3490879929635,59.03203423153172,69.9492405695046,22.2907299413935
66.66666666666667,500.0,7.387638858235346,41.06335839119891,26.083593019704068,55.73514920181355,54.54792674276843,52.36671813014358,53.37758006349498,9.829793063811872,100.0,20.0,120.0,0.0,120.0,20.0,120.0,60.0,84.6406408794121,36.60267950806973,69.9492405695046,22.2907299413935,106.18515324672056,31.03080407783129,104.3490879929635,59.03203423153172
66.66666666666667,500.0,7.387638858235346,41.06335839119891,26.083593019704068,55.73514920181355,53.37758006349498,9.829793063811872,54.54792674276843,52.36671813014358,100.0,20.0,120.0,0.0,120.0,60.0,120.0,20.0,84.6406408794121,36.60267950806973,69.9492405695046,22.2907299413935,104.3490879929635,59.03203423153172,106.18515324672056,31.03080407783129
66.66666666666667,500.0,7.387638858235346,41.06335839119891,53.37758006349498,9.829793063811872,54.54792674276843,52.36671813014358,26.083593019704068,55.73514920181355,100.0,20.0,120.0,60.0,120.0,20.0,120.0,0.0,84.6406408794121,36.60267950806973,104.3490879929635,59.03203423153172,106.18515324672056,31.03080407783129,69.9492405695046,22.2907299413935
66.66666666666667,500.0,7.387638858235346,41.06335839119891,53.37758006349498,9.829793063811872,26.083593019704068,55.73514920181355,54.54792674276843,52.36671813014358,100.0,20.0,120.0,60.0,120.0,0.0,120.0,20.0,84.6406408794121,36.60267950806973,104.3490879929635,59.03203423153172,69.9492405695046,22.2907299413935,106.18515324672056,31.03080407783129
66.66666666666667,500.0,53.37758006349498,9.829793063811872,54.54792674276843,52.36671813014358,26.083593019704068,55.73514920181355,7.387638858235346,41.06335839119891,120.0,60.0,120.0,20.0,120.0,0.0,100.0,20.0,104.3490879929635,59.03203423153172,106.18515324672056,31.03080407783129,69.9492405695046,22.2907299413935,84.6406408794121,36.60267950806973
66.66666666666667,500.0,53.37758006349498,9.829793063811872,54.54792674276843,52.36671813014358,7.387638858235346,41.06335839119891,26.083593019704068,55.73514920181355,120.0,60.0,120.0,20.0,100.0,20.0,120.0,0.0,104.3490879929635,59.03203423153172,106.18515324672056,31.03080407783129,84.6406408794121,36.60267950806973,69.9492405695046,22.2907299413935
66.66666666666667,500.0,53.37758006349498,9.829793063811872,26.083593019704068,55.73514920181355,54.54792674276843,52.36671813014358,7.387638858235346,41.06335839119891,120.0,60.0,120.0,0.0,120.0,20.0,100.0,20.0,104.3490879929635,59.03203423153172,69.9492405695046,22.2907299413935,106.18515324672056,31.03080407783129,84.6406408794121,36.60267950806973
66.66666666666667,500.0,53.37758006349498,9.829793063811872,26.083593019704068,55.73514920181355,7.387638858235346,41.06335839119891,54.54792674276843,52.36671813014358,120.0,60.0,120.0,0.0,100.0,20.0,120.0,20.0,104.3490879929635,59.03203423153172,69.9492405695046,22.2907299413935,84.6406408794121,36.60267950806973,106.18515324672056,31.03080407783129
66.66666666666667,500.0,53.37758006349498,9.829793063811872,7.387638858235346,41.06335839119891,54.54792674276843,52.36671813014358,26.083593019704068,55.73514920181355,120.0,60.0,100.0,20.0,120.0,20.0,120.0,0.0,104.3490879929635,59.03203423153172,84.6406408794121,36.60267950806973,106.18515324672056,31.03080407783129,69.9492405695046,22.2907299413935
66.66666666666667,500.0,53.37758006349498,9.829793063811872,7.387638858235346,41.06335839119891,26.083593019704068,55.73514920181355,54.54792674276843,52.36671813014358,120.0,60.0,100.0,20.0,120.0,0.0,120.0,20.0,104.3490879929635,59.03203423153172,84.6406408794121,36.60267950806973,69.9492405695046,22.2907299413935,106.18515324672056,31.03080407783129
66.66666666666667,500.0,56.55109035401546,42.16580384118928,1.3107137636651212,1.4520721328146746,25.28609564503224,25.513188285786125,28.47421354476287,46.709608125055446,60.0,0.0,120.0,60.0,120.0,20.0,120.0,0.0,92.98424065911382,10.785960968188704,90.104017298984,32.625067346416024,112.00969092999574,22.004717007726367,70.23652502488987,2.901178000707901
66.66666666666667,500.0,56.55109035401546,42.16580384118928,28.47421354476287,46.709608125055446,1.3107137636651212,1.4520721328146746,25.28609564503224,25.513188285786125,60.0,0.0,120.0,0.0,120.0,60.0,120.0,20.0,92.98424065911382,10.785960968188704,70.23652502488987,2.901178000707901,90.104017298984,32.625067346416024,112.00969092999574,22.004717007726367
66.66666666666667,500.0,56.55109035401546,42.16580384118928,28.47421354476287,46.709608125055446,25.28609564503224,25.513188285786125,1.3107137636651212,1.4520721328146746,60.0,0.0,120.0,0.0,120.0,20.0,120.0,60.0,92.98424065911382,10.785960968188704,70.23652502488987,2.901178000707901,112.00969092999574,22.004717007726367,90.104017298984,32.625067346416024
66.66666666666667,500.0,56.55109035401546,42.16580384118928,25.28609564503224,25.513188285786125,1.3107137636651212,1.4520721328146746,28.47421354476287,46.709608125055446,60.0,0.0,120.0,20.0,120.0,60.0,120.0,0.0,92.98424065911382,10.785960968188704,112.00969092999574,22.004717007726367,90.104017298984,32.625067346416024,70.23652502488987,2.901178000707901
66.66666666666667,500.0,56.55109035401546,42.16580384118928,25.28609564503224,25.513188285786125,28.47421354476287,46.709608125055446,1.3107137636651212,1.4520721328146746,60.0,0.0,120.0,20.0,120.0,0.0,120.0,60.0,92.98424065911382,10.785960968188704,112.00969092999574,22.004717007726367,70.23652502488987,2.901178000707901,90.104017298984,32.625067346416024
66.66666666666667,500.0,1.3107137636651212,1.4520721328146746,56.55109035401546,42.16580384118928,28.47421354476287,46.709608125055446,25.28609564503224,25.513188285786125,120.0,60.0,60.0,0.0,120.0,0.0,120.0,20.0,90.104017298984,32.625067346416024,92.98424065911382,10.785960968188704,70.23652502488987,2.901178000707901,112.00969092999574,22.004717007726367
66.66666666666667,500.0,1.3107137636651212,1.4520721328146746,56.55109035401546,42.16580384118928,25.28609564503224,25.513188285786125,28.47421354476287,46.709608125055446,120.0,60.0,60.0,0.0,120.0,20.0,120.0,0.0,90.104017298984,32.625067346416024,92.98424065911382,10.785960968188704,112.00969092999574,22.004717007726367,70.23652502488987,2.901178000707901
66.66666666666667,500.0,1.3107137636651212,1.4520721328146746,28.47421354476287,46.709608125055446,56.55109035401546,42.16580384118928,25.28609564503224,25.513188285786125,120.0,60.0,120.0,0.0,60.0,0.0,120.0,20.0,90.104017298984,32.625067346416024,70.23652502488987,2.901178000707901,92.98424065911382,10.785960968188704,112.00969092999574,22.004717007726367
66.66666666666667,500.0,1.3107137636651212,1.4520721328146746,28.47421354476287,46.709608125055446,25.28609564503224,25.513188285786125,56.55109035401546,42.16580384118928,120.0,60.0,120.0,0.0,120.0,20.0,60.0,0.0,90.104017298984,32.625067346416024,70.23652502488987,2.901178000707901,112.00969092999574,22.004717007726367,92.98424065911382,10.785960968188704
66.66666666666667,500.0,1.3107137636651212,1.4520721328146746,25.28609564503224,25.513188285786125,56.55109035401546,42.16580384118928,28.47421354476287,46.709608125055446,120.0,60.0,120.0,20.0,60.0,0.0,120.0,0.0,90.104017298984,32.625067346416024,112.00969092999574,22.004717007726367,92.98424065911382,10.785960968188704,70.23652502488987,2.901178000707901
66.66666666666667,500.0,1.3107137636651212,1.4520721328146746,25.28609564503224,25.513188285786125,28.47421354476287,46.709608125055446,56.55109035401546,42.16580384118928,120.0,60.0,120.0,20.0,120.0,0.0,60.0,0.0,90.104017298984,32.625067346416024,112.00969092999574,22.004717007726367,70.23652502488987,2.901178000707901,92.98424065911382,10.785960968188704
66.66666666666667,500.0,28.47421354476287,46.709608125055446,56.55109035401546,42.16580384118928,1.3107137636651212,1.4520721328146746,25.28609564503224,25.513188285786125,120.0,0.0,60.0,0.0,120.0,60.0,120.0,20.0,70.23652502488987,2.901178000707901,92.98424065911382,10.785960968188704,90.104017298984,32.625067346416024,112.00969092999574,22.004717007726367
66.66666666666667,500.0,28.47421354476287,46.709608125055446,56.55109035401546,42.16580384118928,25.28609564503224,25.513188285786125,1.3107137636651212,1.4520721328146746,120.0,0.0,60.0,0.0,120.0,20.0,120.0,60.0,70.23652502488987,2.901178000707901,92.98424065911382,10.785960968188704,112.00969092999574,22.004717007726367,90.104017298984,32.625067346416024
66.66666666666667,500.0,28.47421354476287,46.709608125055446,1.3107137636651212,1.4520721328146746,56.55109035401546,42.16580384118928,25.28609564503224,25.513188285786125,120.0,0.0,120.0,60.0,60.0,0.0,120.0,20.0,70.23652502488987,2.901178000707901,90.104017298984,32.625067346416024,92.98424065911382,10.785960968188704,112.00969092999574,22.004717007726367
66.66666666666667,500.0,28.47421354476287,46.709608125055446,1.3107137636651212,1.4520721328146746,25.28609564503224,25.513188285786125,56.55109035401546,42.16580384118928,120.0,0.0,120.0,60.0,120.0,20.0,60.0,0.0,70.23652502488987,2.901178000707901,90.104017298984,32.625067346416024,112.00969092999574,22.004717007726367,92.98424065911382,10.785960968188704
66.66666666666667,500.0,28.47421354476287,46.709608125055446,25.28609564503224,25.513188285786125,56.55109035401546,42.16580384118928,1.3107137636651212,1.4520721328146746,120.0,0.0,120.0,20.0,60.0,0.0,120.0,60.0,70.23652502488987,2.901178000707901,112.00969092999574,22.004717007726367,92.98424065911382,10.785960968188704,90.104017298984,32.625067346416024
66.66666666666667,500.0,28.47421354476287,46.709608125055446,25.28609564503224,25.513188285786125,1.3107137636651212,1.4520721328146746,56.55109035401546,42.16580384118928,120.0,0.0,120.0,20.0,120.0,60.0,60.0,0.0,70.23652502488987,2.901178000707901,112.00969092999574,22.004717007726367,90.104017298984,32.625067346416024,92.98424065911382,10.785960968188704
66.66666666666667,500.0,25.28609564503224,25.513188285786125,56.55109035401546,42.16580384118928,1.3107137636651212,1.4520721328146746,28.47421354476287,46.709608125055446,120.0,20.0,60.0,0.0,120.0,60.0,120.0,0.0,112.00969092999574,22.004717007726367,92.98424065911382,10.785960968188704,90.104017298984,32.625067346416024,70.23652502488987,2.901178000707901
66.66666666666667,500.0,25.28609564503224,25.513188285786125,56.55109035401546,42.16580384118928,28.47421354476287,46.709608125055446,1.3107137636651212,1.4520721328146746,120.0,20.0,60.0,0.0,120.0,0.0,120.0,60.0,112.00969092999574,22.004717007726367,92.98424065911382,10.785960968188704,70.23652502488987,2.901178000707901,90.104017298984,32.625067346416024
66.66666666666667,500.0,25.28609564503224,25.513188285786125,1.3107137636651212,1.4520721328146746,56.55109035401546,42.16580384118928,28.47421354476287,46.709608125055446,120.0,20.0,120.0,60.0,60.0,0.0,120.0,0.0,112.00969092999574,22.004717007726367,90.104017298984,32.625067346416024,92.98424065911382,10.785960968188704,70.23652502488987,2.901178000707901
66.66666666666667,500.0,25.28609564503224,25.513188285786125,1.3107137636651212,1.4520721328146746,28.47421354476287,46.709608125055446,56.55109035401546,42.16580384118928,120.0,20.0,120.0,60.0,120.0,0.0,60.0,0.0,112.00969092999574,22.004717007726367,90.104017298984,32.625067346416024,70.23652502488987,2.901178000707901,92.98424065911382,10.785960968188704
66.66666666666667,500.0,25.28609564503224,25.513188285786125,28.47421354476287,46.709608125055446,56.55109035401546,42.16580384118928,1.3107137636651212,1.4520721328146746,120.0,20.0,120.0,0.0,60.0,0.0,120.0,60.0,112.00969092999574,22.004717007726367,70.23652502488987,2.901178000707901,92.98424065911382,10.785960968188704,90.104017298984,32.625067346416024
66.66666666666667,500.0,25.28609564503224,25.513188285786125,28.47421354476287,46.709608125055446,1.3107137636651212,1.4520721328146746,56.55109035401546,42.16580384118928,120.0,20.0,120.0,0.0,120.0,60.0,60.0,0.0,112.00969092999574,22.004717007726367,70.23652502488987,2.901178000707901,90.104017298984,32.625067346416024,92.98424065911382,10.785960968188704
66.66666666666667,500.0,26.29761949961138,10.622057669513667,8.159263100887744,35.044372623225776,51.436652017042434,17.332232140959412,56.50747002159251,44.56407627355854,120.0,0.0,100.0,0.0,80.0,0.0,60.0,0.0,105.30038217675508,45.08321124466267,119.56845217465256,28.62261902966263,83.146247816355,40.94060317265589,74.08635815745451,21.845284357908
66.66666666666667,500.0,26.29761949961138,10.622057669513667,56.50747002159251,44.56407627355854,8.159263100887744,35.044372623225776,51.436652017042434,17.332232140959412,120.0,0.0,60.0,0.0,100.0,0.0,80.0,0.0,105.30038217675508,45.08321124466267,74.08635815745451,21.845284357908,119.56845217465256,28.62261902966263,83.146247816355,40.94060317265589
66.66666666666667,500.0,26.29761949961138,10.622057669513667,56.50747002159251,44.56407627355854,51.436652017042434,17.332232140959412,8.159263100887744,35.044372623225776,120.0,0.0,60.0,0.0,80.0,0.0,100.0,0.0,105.30038217675508,45.08321124466267,74.08635815745451,21.845284357908,83.146247816355,40.94060317265589,119.56845217465256,28.62261902966263
66.66666666666667,500.0,26.29761949961138,10.622057669513667,51.436652017042434,17.332232140959412,8.159263100887744,35.044372623225776,56.50747002159251,44.56407627355854,120.0,0.0,80.0,0.0,100.0,0.0,60.0,0.0,105.30038217675508,45.08321124466267,83.146247816355,40.94060317265589,119.56845217465256,28.62261902966263,74.08635815745451,21.845284357908
66.66666666666667,500.0,26.29761949961138,10.622057669513667,51.436652017042434,17.332232140959412,56.50747002159251,44.56407627355854,8.159263100887744,35.044372623225776,120.0,0.0,80.0,0.0,60.0,0.0,100.0,0.0,105.30038217675508,45.08321124466267,83.146247816355,40.94060317265589,74.08635815745451,21.845284357908,119.56845217465256,28.62261902966263
66.66666666666667,500.0,8.159263100887744,35.044372623225776,26.29761949961138,10.622057669513667,56.50747002159251,44.56407627355854,51.436652017042434,17.332232140959412,100.0,0.0,120.0,0.0,60.0,0.0,80.0,0.0,119.56845217465256,28.62261902966263,105.30038217675508,45.08321124466267,74.08635815745451,21.845284357908,83.146247816355,40.94060317265589
66.66666666666667,500.0,8.159263100887744,35.044372623225776,26.29761949961138,10.622057669513667,51.436652017042434,17.332232140959412,56.50747002159251,44.56407627355854,100.0,0.0,120.0,0.0,80.0,0.0,60.0,0.0,119.56845217465256,28.62261902966263,105.30038217675508,45.08321124466267,83.146247816355,40.94060317265589,74.08635815745451,21.845284357908
66.66666666666667,500.0,8.159263100887744,35.044372623225776,56.50747002159251,44.56407627355854,26.29761949961138,10.622057669513667,51.436652017042434,17.332232140959412,100.0,0.0,60.0,0.0,120.0,0.0,80.0,0.0,119.56845217465256,28.62261902966263,74.08635815745451,21.845284357908,105.30038217675508,45.08321124466267,83.146247816355,40.94060317265589
66.66666666666667,500.0,8.159263100887744,35.044372623225776,56.50747002159251,44.56407627355854,51.436652017042434,17.332232140959412,26.29761949961138,10.622057669513667,100.0,0.0,60.0,0.0,80.0,0.0,120.0,0.0,119.56845217465256,28.62261902966263,74.08635815745451,21.845284357908,83.146247816355,40.94060317265589,105.30038217675508,45.08321124466267
66.66666666666667,500.0,8.159263100887744,35.044372623225776,51.436652017042434,17.332232140959412,26.29761949961138,10.622057669513667,56.50747002159251,44.56407627355854,100.0,0.0,80.0,0.0,120.0,0.0,60.0,0.0,119.56845217465256,28.62261902966263,83.146247816355,40.94060317265589,105.30038217675508,45.08321124466267,74.08635815745451,21.845284357908
66.66666666666667,500.0,8.159263100887744,35.044372623225776,51.436652017042434,17.332232140959412,56.50747002159251,44.56407627355854,26.29761949961138,10.622057669513667,100.0,0.0,80.0,0.0,60.0,0.0,120.0,0.0,119.56845217465256,28.62261902966263,83.146247816355,40.94060317265589,74.08635815745451,21.845284357908,105.30038217675508,45.08321124466267
66.66666666666667,500.0,56.50747002159251,44.56407627355854,26.29761949961138,10.622057669513667,8.159263100887744,35.044372623225776,51.436652017042434,17.332232140959412,60.0,0.0,120.0,0.0,100.0,0.0,80.0,0.0,74.08635815745451,21.845284357908,105.30038217675508,45.08321124466267,119.56845217465256,28.62261902966263,83.146247816355,40.94060317265589
66.66666666666667,500.0,56.50747002159251,44.56407627355854,26.29761949961138,10.622057669513667,51.436652017042434,17.332232140959412,8.159263100887744,35.044372623225776,60.0,0.0,120.0,0.0,80.0,0.0,100.0,0.0,74.08635815745451,21.845284357908,105.30038217675508,45.08321124466267,83.146247816355,40.94060317265589,119.56845217465256,28.62261902966263
66.66666666666667,500.0,56.50747002159251,44.56407627355854,8.159263100887744,35.044372623225776,26.29761949961138,10.622057669513667,51.436652017042434,17.332232140959412,60.0,0.0,100.0,0.0,120.0,0.0,80.0,0.0,74.08635815745451,21.845284357908,119.56845217465256,28.62261902966263,105.30038217675508,45.08321124466267,83.146247816355,40.94060317265589
66.66666666666667,500.0,56.50747002159251,44.56407627355854,8.159263100887744,35.044372623225776,51.436652017042434,17.332232140959412,26.29761949961138,10.622057669513667,60.0,0.0,100.0,0.0,80.0,0.0,120.0,0.0,74.08635815745451,21.845284357908,119.56845217465256,28.62261902966263,83.146247816355,40.94060317265589,105.30038217675508,45.08321124466267
66.66666666666667,500.0,56.50747002159251,44.56407627355854,51.436652017042434,17.332232140959412,26.29761949961138,10.622057669513667,8.159263100887744,35.044372623225776,60.0,0.0,80.0,0.0,120.0,0.0,100.0,0.0,74.08635815745451,21.845284357908,83.146247816355,40.94060317265589,105.30038217675508,45.08321124466267,119.56845217465256,28.62261902966263
66.66666666666667,500.0,56.50747002159251,44.56407627355854,51.436652017042434,17.332232140959412,8.159263100887744,35.044372623225776,26.29761949961138,10.622057669513667,60.0,0.0,80.0,0.0,100.0,0.0,120.0,0.0,74.08635815745451,21.845284357908,83.146247816355,40.94060317265589,119.56845217465256,28.62261902966263,105.30038217675508,45.08321124466267
66.66666666666667,500.0,51.436652017042434,17.332232140959412,26.29761949961138,10.622057669513667,8.159263100887744,35.044372623225776,56.50747002159251,44.56407627355854,80.0,0.0,120.0,0.0,100.0,0.0,60.0,0.0,83.146247816355,40.94060317265589,105.30038217675508,45.08321124466267,119.56845217465256,28.62261902966263,74.08635815745451,21.845284357908
66.66666666666667,500.0,51.436652017042434,17.332232140959412,26.29761949961138,10.622057669513667,56.50747002159251,44.56407627355854,8.159263100887744,35.044372623225776,80.0,0.0,120.0,0.0,60.0,0.0,100.0,0.0,83.146247816355,40.94060317265589,105.30038217675508,45.08321124466267,74.08635815745451,21.845284357908,119.56845217465256,28.62261902966263
66.66666666666667,500.0,51.436652017042434,17.332232140959412,8.159263100887744,35.044372623225776,26.29761949961138,10.622057669513667,56.50747002159251,44.56407627355854,80.0,0.0,100.0,0.0,120.0,0.0,60.0,0.0,83.146247816355,40.94060317265589,119.56845217465256,28.62261902966263,105.30038217675508,45.08321124466267,74.08635815745451,21.845284357908
66.66666666666667,500.0,51.436652017042434,17.332232140959412,8.159263100887744,35.044372623225776,56.50747002159251,44.56407627355854,26.29761949961138,10.622057669513667,80.0,0.0,100.0,0.0,60.0,0.0,120.0,0.0,83.146247816355,40.94060317265589,119.56845217465256,28.62261902966263,74.08635815745451,21.845284357908,105.30038217675508,45.08321124466267
66.66666666666667,500.0,51.436652017042434,17.332232140959412,56.50747002159251,44.56407627355854,26.29761949961138,10.622057669513667,8.159263100887744,35.044372623225776,80.0,0.0,60.0,0.0,120.0,0.0,100.0,0.0,83.146247816355,40.94060317265589,74.08635815745451,21.845284357908,105.30038217675508,45.08321124466267,119.56845217465256,28.62261902966263
66.66666666666667,500.0,51.436652017042434,17.332232140959412,56.50747002159251,44.56407627355854,8.159263100887744,35.044372623225776,26.29761949961138,10.622057669513667,80.0,0.0,60.0,0.0,100.0,0.0,120.0,0.0,83.146247816355,40.94060317265589,74.08635815745451,21.845284357908,119.56845217465256,28.62261902966263,105.30038217675508,45.08321124466267
66.66666666666667,500.0,25.588670881418164,38.09203944321389,3.4764116466160577,46.7646209904263,19.04502096122945,3.7262675310507687,51.89543429029944,57.23531273787504,99.99999999999999,20.0,120.0,20.0,99.99999999999999,40.0,60.0,0.0,102.93659973328366,34.7517026589182,66.79587789083097,36.247420167620994,111.88531731805612,58.53011504749708,83.91479743458888,21.866876685446243
66.66666666666667,500.0,25.588670881418164,38.09203944321389,51.89543429029944,57.23531273787504,3.4764116466160577,46.7646209904263,19.04502096122945,3.7262675310507687,100.0,20.0,60.0,0.0,120.0,20.0,100.0,40.0,102.93659973328366,34.7517026589182,83.91479743458888,21.866876685446243,66.79587789083097,36.247420167620994,111.88531731805612,58.53011504749708
66.66666666666667,500.0,25.588670881418164,38.09203944321389,51.89543429029944,57.23531273787504,19.04502096122945,3.7262675310507687,3.4764116466160577,46.7646209904263,99.99999999999999,20.0,60.0,0.0,99.99999999999999,40.0,120.0,20.0,102.93659973328366,34.7517026589182,83.91479743458888,21.866876685446243,111.88531731805612,58.53011504749708,66.79587789083097,36.247420167620994
66.66666666666667,500.0,25.588670881418164,38.09203944321389,19.04502096122945,3.7262675310507687,3.4764116466160577,46.7646209904263,51.89543429029944,57.23531273787504,99.99999999999999,20.0,99.99999999999999,40.0,120.0,20.0,60.0,0.0,102.93659973328366,34.7517026589182,111.88531731805612,58.53011504749708,66.79587789083097,36.247420167620994,83.91479743458888,21.866876685446243
66.66666666666667,500.0,25.588670881418164,38.09203944321389,19.04502096122945,3.7262675310507687,51.89543429029944,57.23531273787504,3.4764116466160577,46.7646209904263,99.99999999999999,20.0,99.99999999999999,40.0,60.0,0.0,120.0,20.0,102.93659973328366,34.7517026589182,111.88531731805612,58.53011504749708,83.91479743458888,21.866876685446243,66.79587789083097,36.247420167620994
66.66666666666667,500.0,3.4764116466160577,46.7646209904263,25.588670881418164,38.09203944321389,51.89543429029944,57.23531273787504,19.04502096122945,3.7262675310507687,120.0,20.0,100.0,20.0,60.0,0.0,100.0,40.0,66.79587789083097,36.247420167620994,102.93659973328366,34.7517026589182,83.91479743458888,21.866876685446243,111.88531731805612,58.53011504749708
66.66666666666667,500.0,3.4764116466160577,46.7646209904263,25.588670881418164,38.09203944321389,19.04502096122945,3.7262675310507687,51.89543429029944,57.23531273787504,120.0,20.0,99.99999999999999,20.0,99.99999999999999,40.0,60.0,0.0,66.79587789083097,36.247420167620994,102.93659973328366,34.7517026589182,111.88531731805612,58.53011504749708,83.91479743458888,21.866876685446243
66.66666666666667,500.0,3.4764116466160577,46.7646209904263,51.89543429029944,57.23531273787504,25.588670881418164,38.09203944321389,19.04502096122945,3.7262675310507687,120.0,20.0,60.0,0.0,99.99999999999999,20.0,99.99999999999999,40.0,66.79587789083097,36.247420167620994,83.91479743458888,21.866876685446243,102.93659973328366,34.7517026589182,111.88531731805612,58.53011504749708
66.66666666666667,500.0,3.4764116466160577,46.7646209904263,51.89543429029944,57.23531273787504,19.04502096122945,3.7262675310507687,25.588670881418164,38.09203944321389,120.0,20.0,60.0,0.0,99.99999999999999,40.0,99.99999999999999,20.0,66.79587789083097,36.247420167620994,83.91479743458888,21.866876685446243,111.88531731805612,58.53011504749708,102.93659973328366,34.7517026589182
66.66666666666667,500.0,3.4764116466160577,46.7646209904263,19.04502096122945,3.7262675310507687,25.588670881418164,38.09203944321389,51.89543429029944,57.23531273787504,120.0,20.0,99.99999999999999,40.0,99.99999999999999,20.0,60.0,0.0,66.79587789083097,36.247420167620994,111.88531731805612,58.53011504749708,102.93659973328366,34.7517026589182,83.91479743458888,21.866876685446243
66.66666666666667,500.0,3.4764116466160577,46.7646209904263,19.04502096122945,3.7262675310507687,51.89543429029944,57.23531273787504,25.588670881418164,38.09203944321389,120.0,20.0,99.99999999999999,40.0,60.0,0.0,99.99999999999999,20.0,66.79587789083097,36.247420167620994,111.88531731805612,58.53011504749708,83.91479743458888,21.866876685446243,102.93659973328366,34.7517026589182
66.66666666666667,500.0,51.89543429029944,57.23531273787504,25.588670881418164,38.09203944321389,3.4764116466160577,46.7646209904263,19.04502096122945,3.7262675310507687,60.0,0.0,100.0,20.0,120.0,20.0,100.0,40.0,83.91479743458888,21.866876685446243,102.93659973328366,34.7517026589182,66.79587789083097,36.247420167620994,111.88531731805612,58.53011504749708
66.66666666666667,500.0,51.89543429029944,57.23531273787504,25.588670881418164,38.09203944321389,19.04502096122945,3.7262675310507687,3.4764116466160577,46.7646209904263,60.0,0.0,100.0,20.0,100.0,40.0,120.0,20.0,83.91479743458888,21.866876685446243,102.93659973328366,34.7517026589182,111.88531731805612,58.53011504749708,66.79587789083097,36.247420167620994
66.66666666666667,500.0,51.89543429029944,57.23531273787504,3.4764116466160577,46.7646209904263,25.588670881418164,38.09203944321389,19.04502096122945,3.7262675310507687,60.0,0.0,120.0,20.0,99.99999999999999,20.0,99.99999999999999,40.0,83.91479743458888,21.866876685446243,66.79587789083097,36.247420167620994,102.93659973328366,34.7517026589182,111.88531731805612,58.53011504749708
66.66666666666667,500.0,51.89543429029944,57.23531273787504,3.4764116466160577,46.7646209904263,19.04502096122945,3.7262675310507687,25.588670881418164,38.09203944321389,60.0,0.0,120.0,20.0,99.99999999999999,40.0,99.99999999999999,20.0,83.91479743458888,21.866876685446243,66.79587789083097,36.247420167620994,111.88531731805612,58.53011504749708,102.93659973328366,34.7517026589182
66.66666666666667,500.0,51.89543429029944,57.23531273787504,19.04502096122945,3.7262675310507687,25.588670881418164,38.09203944321389,3.4764116466160577,46.7646209904263,60.0,0.0,99.99999999999999,40.0,99.99999999999999,20.0,120.0,20.0,83.91479743458888,21.866876685446243,111.88531731805612,58.53011504749708,102.93659973328366,34.7517026589182,66.79587789083097,36.247420167620994
66.66666666666667,500.0,51.89543429029944,57.23531273787504,19.04502096122945,3.7262675310507687,3.4764116466160577,46.7646209904263,25.588670881418164,38.09203944321389,60.0,0.0,99.99999999999999,40.0,120.0,20.0,99.99999999999999,20.0,83.91479743458888,21.866876685446243,111.88531731805612,58.53011504749708,66.79587789083097,36.247420167620994,102.93659973328366,34.7517026589182
66.66666666666667,500.0,19.04502096122945,3.7262675310507687,25.588670881418164,38.09203944321389,3.4764116466160577,46.7646209904263,51.89543429029944,57.23531273787504,99.99999999999999,40.0,99.99999999999999,20.0,120.0,20.0,60.0,0.0,111.88531731805612,58.53011504749708,102.93659973328366,34.7517026589182,66.79587789083097,36.247420167620994,83.91479743458888,21.866876685446243
66.66666666666667,500.0,19.04502096122945,3.7262675310507687,25.588670881418164,38.09203944321389,51.89543429029944,57.23531273787504,3.4764116466160577,46.7646209904263,99.99999999999999,40.0,99.99999999999999,20.0,60.0,0.0,120.0,20.0,111.88531731805612,58.53011504749708,102.93659973328366,34.7517026589182,83.91479743458888,21.866876685446243,66.79587789083097,36.247420167620994
66.66666666666667,500.0,19.04502096122945,3.7262675310507687,3.4764116466160577,46.7646209904263,25.588670881418164,38.09203944321389,51.89543429029944,57.23531273787504,99.99999999999999,40.0,120.0,20.0,99.99999999999999,20.0,60.0,0.0,111.88531731805612,58.53011504749708,66.79587789083097,36.247420167620994,102.93659973328366,34.7517026589182,83.91479743458888,21.866876685446243
66.66666666666667,500.0,19.04502096122945,3.7262675310507687,3.4764116466160577,46.7646209904263,51.89543429029944,57.23531273787504,25.588670881418164,38.09203944321389,99.99999999999999,40.0,120.0,20.0,60.0,0.0,99.99999999999999,20.0,111.88531731805612,58.53011504749708,66.79587789083097,36.247420167620994,83.91479743458888,21.866876685446243,102.93659973328366,34.7517026589182
66.66666666666667,500.0,19.04502096122945,3.7262675310507687,51.89543429029944,57.23531273787504,25.588670881418164,38.09203944321389,3.4764116466160577,46.7646209904263,99.99999999999999,40.0,60.0,0.0,99.99999999999999,20.0,120.0,20.0,111.88531731805612,58.53011504749708,83.91479743458888,21.866876685446243,102.93659973328366,34.7517026589182,66.79587789083097,36.247420167620994
66.66666666666667,500.0,19.04502096122945,3.7262675310507687,51.89543429029944,57.23531273787504,3.4764116466160577,46.7646209904263,25.588670881418164,38.09203944321389,99.99999999999999,40.0,60.0,0.0,120.0,20.0,99.99999999999999,20.0,111.88531731805612,58.53011504749708,83.91479743458888,21.866876685446243,66.79587789083097,36.247420167620994,102.93659973328366,34.7517026589182
66.66666666666667,500.0,1.2944118027610885,40.88481364879613,50.35445727302164,6.084072657683919,26.24652777410228,16.961404311282003,37.37126712945376,39.609436053519474,120.0,0.0,60.0,60.0,80.0,40.0,60.0,0.0,115.35534545979468,8.289829568689846,66.55156211168651,55.1240285649031,103.55664618036042,43.56451071128336,85.22639921297508,4.787996394791165
66.66666666666667,500.0,1.2944118027610885,40.88481364879613,37.37126712945376,39.609436053519474,50.35445727302164,6.084072657683919,26.24652777410228,16.961404311282003,120.0,0.0,60.0,0.0,60.0,60.0,80.0,40.0,115.35534545979468,8.289829568689846,85.22639921297508,4.787996394791165,66.55156211168651,55.1240285649031,103.55664618036042,43.56451071128336
66.66666666666667,500.0,1.2944118027610885,40.88481364879613,37.37126712945376,39.609436053519474,26.24652777410228,16.961404311282003,50.35445727302164,6.084072657683919,120.00000000000001,0.0,60.00000000000001,0.0,80.0,40.0,60.00000000000001,60.00000000000001,115.35534545979468,8.289829568689846,85.22639921297508,4.787996394791165,103.55664618036042,43.56451071128336,66.55156211168651,55.1240285649031
66.66666666666667,500.0,1.2944118027610885,40.88481364879613,26.24652777410228,16.961404311282003,50.35445727302164,6.084072657683919,37.37126712945376,39.609436053519474,120.00000000000001,0.0,80.0,40.0,60.00000000000001,60.00000000000001,60.00000000000001,0.0,115.35534545979468,8.289829568689846,103.55664618036042,43.56451071128336,66.55156211168651,55.1240285649031,85.22639921297508,4.787996394791165
66.66666666666667,500.0,1.2944118027610885,40.88481364879613,26.24652777410228,16.961404311282003,37.37126712945376,39.609436053519474,50.35445727302164,6.084072657683919,120.00000000000001,0.0,80.0,40.0,60.00000000000001,0.0,60.00000000000001,60.00000000000001,115.35534545979468,8.289829568689846,103.55664618036042,43.56451071128336,85.22639921297508,4.787996394791165,66.55156211168651,55.1240285649031
66.66666666666667,500.0,50.35445727302164,6.084072657683919,1.2944118027610885,40.88481364879613,37.37126712945376,39.609436053519474,26.24652777410228,16.961404311282003,60.00000000000001,60.00000000000001,120.00000000000001,0.0,60.00000000000001,0.0,80.0,40.0,66.55156211168651,55.1240285649031,115.35534545979468,8.289829568689846,85.22639921297508,4.787996394791165,103.55664618036042,43.56451071128336
66.66666666666667,500.0,50.35445727302164,6.084072657683919,1.2944118027610885,40.88481364879613,26.24652777410228,16.961404311282003,37.37126712945376,39.609436053519474,60.0,60.0,120.0,0.0,80.0,40.0,60.0,0.0,66.55156211168651,55.1240285649031,115.35534545979468,8.289829568689846,103.55664618036042,43.56451071128336,85.22639921297508,4.787996394791165
66.66666666666667,500.0,50.35445727302164,6.084072657683919,37.37126712945376,39.609436053519474,1.2944118027610885,40.88481364879613,26.24652777410228,16.961404311282003,60.00000000000001,60.00000000000001,60.00000000000001,0.0,120.00000000000001,0.0,80.0,40.0,66.55156211168651,55.1240285649031,85.22639921297508,4.787996394791165,115.35534545979468,8.289829568689846,103.55664618036042,43.56451071128336
66.66666666666667,500.0,50.35445727302164,6.084072657683919,37.37126712945376,39.609436053519474,26.24652777410228,16.961404311282003,1.2944118027610885,40.88481364879613,60.00000000000001,60.00000000000001,60.00000000000001,0.0,80.0,40.0,120.00000000000001,0.0,66.55156211168651,55.1240285649031,85.22639921297508,4.787996394791165,103.55664618036042,43.56451071128336,115.35534545979468,8.289829568689846
66.66666666666667,500.0,50.35445727302164,6.084072657683919,26.24652777410228,16.961404311282003,1.2944118027610885,40.88481364879613,37.37126712945376,39.609436053519474,60.0,60.0,80.0,40.0,120.0,0.0,60.0,0.0,66.55156211168651,55.1240285649031,103.55664618036042,43.56451071128336,115.35534545979468,8.289829568689846,85.22639921297508,4.787996394791165
66.66666666666667,500.0,50.35445727302164,6.084072657683919,26.24652777410228,16.961404311282003,37.37126712945376,39.609436053519474,1.2944118027610885,40.88481364879613,60.0,60.0,80.0,40.0,60.0,0.0,120.0,0.0,66.55156211168651,55.1240285649031,103.55664618036042,43.56451071128336,85.22639921297508,4.787996394791165,115.35534545979468,8.289829568689846
66.66666666666667,500.0,37.37126712945376,39.609436053519474,1.2944118027610885,40.88481364879613,50.35445727302164,6.084072657683919,26.24652777410228,16.961404311282003,60.0,0.0,120.0,0.0,60.0,60.0,80.0,40.0,85.22639921297508,4.787996394791165,115.35534545979468,8.289829568689846,66.55156211168651,55.1240285649031,103.55664618036042,43.56451071128336
66.66666666666667,500.0,37.37126712945376,39.609436053519474,1.2944118027610885,40.88481364879613,26.24652777410228,16.961404311282003,50.35445727302164,6.084072657683919,60.00000000000001,0.0,120.00000000000001,0.0,80.0,40.0,60.00000000000001,60.00000000000001,85.22639921297508,4.787996394791165,115.35534545979468,8.289829568689846,103.55664618036042,43.56451071128336,66.55156211168651,55.1240285649031
66.66666666666667,500.0,37.37126712945376,39.609436053519474,50.35445727302164,6.084072657683919,1.2944118027610885,40.88481364879613,26.24652777410228,16.961404311282003,60.0,0.0,60.0,60.0,120.0,0.0,80.0,40.0,85.22639921297508,4.787996394791165,66.55156211168651,55.1240285649031,115.35534545979468,8.289829568689846,103.55664618036042,43.56451071128336
66.66666666666667,500.0,37.37126712945376,39.609436053519474,50.35445727302164,6.084072657683919,26.24652777410228,16.961404311282003,1.2944118027610885,40.88481364879613,60.0,0.0,60.0,60.0,80.0,40.0,120.0,0.0,85.22639921297508,4.787996394791165,66.55156211168651,55.1240285649031,103.55664618036042,43.56451071128336,115.35534545979468,8.289829568689846
66.66666666666667,500.0,37.37126712945376,39.609436053519474,26.24652777410228,16.961404311282003,1.2944118027610885,40.88481364879613,50.35445727302164,6.084072657683919,60.00000000000001,0.0,80.0,40.0,120.00000000000001,0.0,60.00000000000001,60.00000000000001,85.22639921297508,4.787996394791165,103.55664618036042,43.56451071128336,115.35534545979468,8.289829568689846,66.55156211168651,55.1240285649031
66.66666666666667,500.0,37.37126712945376,39.609436053519474,26.24652777410228,16.961404311282003,50.35445727302164,6.084072657683919,1.2944118027610885,40.88481364879613,60.00000000000001,0.0,80.0,40.0,60.00000000000001,60.00000000000001,120.00000000000001,0.0,85.22639921297508,4.787996394791165,103.55664618036042,43.56451071128336,66.55156211168651,55.1240285649031,115.35534545979468,8.289829568689846
66.66666666666667,500.0,26.24652777410228,16.961404311282003,1.2944118027610885,40.88481364879613,50.35445727302164,6.084072657683919,37.37126712945376,39.609436053519474,80.0,40.0,120.00000000000001,0.0,60.00000000000001,60.00000000000001,60.00000000000001,0.0,103.55664618036042,43.56451071128336,115.35534545979468,8.289829568689846,66.55156211168651,55.1240285649031,85.22639921297508,4.787996394791165
66.66666666666667,500.0,26.24652777410228,16.961404311282003,1.2944118027610885,40.88481364879613,37.37126712945376,39.609436053519474,50.35445727302164,6.084072657683919,80.0,40.0,120.00000000000001,0.0,60.00000000000001,0.0,60.00000000000001,60.00000000000001,103.55664618036042,43.56451071128336,115.35534545979468,8.289829568689846,85.22639921297508,4.787996394791165,66.55156211168651,55.1240285649031
66.66666666666667,500.0,26.24652777410228,16.961404311282003,50.35445727302164,6.084072657683919,1.2944118027610885,40.88481364879613,37.37126712945376,39.609436053519474,80.0,40.0,60.0,60.0,120.0,0.0,60.0,0.0,103.55664618036042,43.56451071128336,66.55156211168651,55.1240285649031,115.35534545979468,8.289829568689846,85.22639921297508,4.787996394791165
66.66666666666667,500.0,26.24652777410228,16.961404311282003,50.35445727302164,6.084072657683919,37.37126712945376,39.609436053519474,1.2944118027610885,40.88481364879613,80.0,40.0,60.0,60.0,60.0,0.0,120.0,0.0,103.55664618036042,43.56451071128336,66.55156211168651,55.1240285649031,85.22639921297508,4.787996394791165,115.35534545979468,8.289829568689846
66.66666666666667,500.0,26.24652777410228,16.961404311282003,37.37126712945376,39.609436053519474,1.2944118027610885,40.88481364879613,50.35445727302164,6.084072657683919,80.0,40.0,60.00000000000001,0.0,120.00000000000001,0.0,60.00000000000001,60.00000000000001,103.55664618036042,43.56451071128336,85.22639921297508,4.787996394791165,115.35534545979468,8.289829568689846,66.55156211168651,55.1240285649031
66.66666666666667,500.0,26.24652777410228,16.961404311282003,37.37126712945376,39.609436053519474,50.35445727302164,6.084072657683919,1.2944118027610885,40.88481364879613,80.0,40.0,60.0,0.0,60.0,60.0,120.0,0.0,103.55664618036042,43.56451071128336,85.22639921297508,4.787996394791165,66.55156211168651,55.1240285649031,115.35534545979468,8.289829568689846
66.66666666666667,500.0,4.986313481924669,28.443465478277947,39.262306054545846,45.08312330904238,58.59750221033434,55.27925142276624,32.20875713361245,6.580401820989456,120.00000000000001,40.0,100.0,0.0,120.00000000000001,0.0,100.0,60.00000000000001,98.62443032497116,35.95691039306276,73.8690395490434,24.51623167675532,93.74063218515312,12.473896605758853,81.53346069879623,50.60232333407338
66.66666666666667,500.0,4.986313481924669,28.443465478277947,32.20875713361245,6.580401820989456,39.262306054545846,45.08312330904238,58.59750221033434,55.27925142276624,120.00000000000001,40.0,100.0,60.00000000000001,100.0,0.0,120.00000000000001,0.0,98.62443032497116,35.95691039306276,81.53346069879623,50.60232333407338,73.8690395490434,24.51623167675532,93.74063218515312,12.473896605758853
66.66666666666667,500.0,4.986313481924669,28.443465478277947,32.20875713361245,6.580401820989456,58.59750221033434,55.27925142276624,39.262306054545846,45.08312330904238,120.00000000000001,40.0,100.0,60.00000000000001,120.00000000000001,0.0,100.0,0.0,98.62443032497116,35.95691039306276,81.53346069879623,50.60232333407338,93.74063218515312,12.473896605758853,73.8690395490434,24.51623167675532
66.66666666666667,500.0,4.986313481924669,28.443465478277947,58.59750221033434,55.27925142276624,39.262306054545846,45.08312330904238,32.20875713361245,6.580401820989456,120.00000000000001,40.0,120.00000000000001,0.0,100.0,0.0,100.0,60.00000000000001,98.62443032497116,35.95691039306276,93.74063218515312,12.473896605758853,73.8690395490434,24.51623167675532,81.53346069879623,50.60232333407338
66.66666666666667,500.0,4.986313481924669,28.443465478277947,58.59750221033434,55.27925142276624,32.20875713361245,6.580401820989456,39.262306054545846,45.08312330904238,120.00000000000001,40.0,120.00000000000001,0.0,100.0,60.00000000000001,100.0,0.0,98.62443032497116,35.95691039306276,93.74063218515312,12.473896605758853,81.53346069879623,50.60232333407338,73.8690395490434,24.51623167675532
66.66666666666667,500.0,39.262306054545846,45.08312330904238,4.986313481924669,28.443465478277947,32.20875713361245,6.580401820989456,58.59750221033434,55.27925142276624,100.0,0.0,120.00000000000001,40.0,100.0,60.00000000000001,120.00000000000001,0.0,73.8690395490434,24.51623167675532,98.62443032497116,35.95691039306276,81.53346069879623,50.60232333407338,93.74063218515312,12.473896605758853
66.66666666666667,500.0,39.262306054545846,45.08312330904238,4.986313481924669,28.443465478277947,58.59750221033434,55.27925142276624,32.20875713361245,6.580401820989456,100.0,0.0,120.00000000000001,40.0,120.00000000000001,0.0,100.0,60.00000000000001,73.8690395490434,24.51623167675532,98.62443032497116,35.95691039306276,93.74063218515312,12.473896605758853,81.53346069879623,50.60232333407338
66.66666666666667,500.0,39.262306054545846,45.08312330904238,32.20875713361245,6.580401820989456,4.986313481924669,28.443465478277947,58.59750221033434,55.27925142276624,100.0,0.0,100.0,60.00000000000001,120.00000000000001,40.0,120.00000000000001,0.0,73.8690395490434,24.51623167675532,81.53346069879623,50.60232333407338,98.62443032497116,35.95691039306276,93.74063218515312,12.473896605758853
66.66666666666667,500.0,39.262306054545846,45.08312330904238,32.20875713361245,6.580401820989456,58.59750221033434,55.27925142276624,4.986313481924669,28.443465478277947,100.0,0.0,100.0,60.00000000000001,120.00000000000001,0.0,120.00000000000001,40.0,73.8690395490434,24.51623167675532,81.53346069879623,50.60232333407338,93.74063218515312,12.473896605758853,98.62443032497116,35.95691039306276
66.66666666666667,500.0,39.262306054545846,45.08312330904238,58.59750221033434,55.27925142276624,4.986313481924669,28.443465478277947,32.20875713361245,6.580401820989456,100.0,0.0,120.00000000000001,0.0,120.00000000000001,40.0,100.0,60.00000000000001,73.8690395490434,24.51623167675532,93.74063218515312,12.473896605758853,98.62443032497116,35.95691039306276,81.53346069879623,50.60232333407338
66.66666666666667,500.0,39.262306054545846,45.08312330904238,58.59750221033434,55.27925142276624,32.20875713361245,6.580401820989456,4.986313481924669,28.443465478277947,100.0,0.0,120.00000000000001,0.0,100.0,60.00000000000001,120.00000000000001,40.0,73.8690395490434,24.51623167675532,93.74063218515312,12.473896605758853,81.53346069879623,50.60232333407338,98.62443032497116,35.95691039306276
66.66666666666667,500.0,32.20875713361245,6.580401820989456,4.986313481924669,28.443465478277947,39.262306054545846,45.08312330904238,58.59750221033434,55.27925142276624,100.0,60.0,120.0,40.0,100.0,0.0,120.0,0.0,81.53346069879623,50.60232333407338,98.62443032497116,35.95691039306276,73.8690395490434,24.51623167675532,93.74063218515312,12.473896605758853
66.66666666666667,500.0,32.20875713361245,6.580401820989456,4.986313481924669,28.443465478277947,58.59750221033434,55.27925142276624,39.262306054545846,45.08312330904238,100.0,60.0,120.0,40.0,120.0,0.0,100.0,0.0,81.53346069879623,50.60232333407338,98.62443032497116,35.95691039306276,93.74063218515312,12.473896605758853,73.8690395490434,24.51623167675532
66.66666666666667,500.0,32.20875713361245,6.580401820989456,39.262306054545846,45.08312330904238,4.986313481924669,28.443465478277947,58.59750221033434,55.27925142276624,100.0,60.0,100.0,0.0,120.0,40.0,120.0,0.0,81.53346069879623,50.60232333407338,73.8690395490434,24.51623167675532,98.62443032497116,35.95691039306276,93.74063218515312,12.473896605758853
66.66666666666667,500.0,32.20875713361245,6.580401820989456,39.262306054545846,45.08312330904238,58.59750221033434,55.27925142276624,4.986313481924669,28.443465478277947,100.0,60.0,100.0,0.0,120.0,0.0,120.0,40.0,81.53346069879623,50.60232333407338,73.8690395490434,24.51623167675532,93.74063218515312,12.473896605758853,98.62443032497116,35.95691039306276
66.66666666666667,500.0,32.20875713361245,6.580401820989456,58.59750221033434,55.27925142276624,4.986313481924669,28.443465478277947,39.262306054545846,45.08312330904238,100.0,60.0,120.0,0.0,120.0,40.0,100.0,0.0,81.53346069879623,50.60232333407338,93.74063218515312,12.473896605758853,98.62443032497116,35.95691039306276,73.8690395490434,24.51623167675532
66.66666666666667,500.0,32.20875713361245,6.580401820989456,58.59750221033434,55.27925142276624,39.262306054545846,45.08312330904238,4.986313481924669,28.443465478277947,100.0,60.0,120.0,0.0,100.0,0.0,120.0,40.0,81.53346069879623,50.60232333407338,93.74063218515312,12.473896605758853,73.8690395490434,24.51623167675532,98.62443032497116,35.95691039306276
66.66666666666667,500.0,58.59750221033434,55.27925142276624,4.986313481924669,28.443465478277947,39.262306054545846,45.08312330904238,32.20875713361245,6.580401820989456,120.00000000000001,0.0,120.00000000000001,40.0,100.0,0.0,100.0,60.00000000000001,93.74063218515312,12.473896605758853,98.62443032497116,35.95691039306276,73.8690395490434,24.51623167675532,81.53346069879623,50.60232333407338
66.66666666666667,500.0,58.59750221033434,55.27925142276624,4.986313481924669,28.443465478277947,32.20875713361245,6.580401820989456,39.262306054545846,45.08312330904238,120.00000000000001,0.0,120.00000000000001,40.0,100.0,60.00000000000001,100.0,0.0,93.74063218515312,12.473896605758853,98.62443032497116,35.95691039306276,81.53346069879623,50.60232333407338,73.8690395490434,24.51623167675532
66.66666666666667,500.0,58.59750221033434,55.27925142276624,39.262306054545846,45.08312330904238,4.986313481924669,28.443465478277947,32.20875713361245,6.580401820989456,120.00000000000001,0.0,100.0,0.0,120.00000000000001,40.0,100.0,60.00000000000001,93.74063218515312,12.473896605758853,73.8690395490434,24.51623167675532,98.62443032497116,35.95691039306276,81.53346069879623,50.60232333407338
66.66666666666667,500.0,58.59750221033434,55.27925142276624,39.262306054545846,45.08312330904238,32.20875713361245,6.580401820989456,4.986313481924669,28.443465478277947,120.00000000000001,0.0,100.0,0.0,100.0,60.00000000000001,120.00000000000001,40.0,93.74063218515312,12.473896605758853,73.8690395490434,24.51623167675532,81.53346069879623,50.60232333407338,98.62443032497116,35.95691039306276
66.66666666666667,500.0,58.59750221033434,55.27925142276624,32.20875713361245,6.580401820989456,4.986313481924669,28.443465478277947,39.262306054545846,45.08312330904238,120.00000000000001,0.0,100.0,60.00000000000001,120.00000000000001,40.0,100.0,0.0,93.74063218515312,12.473896605758853,81.53346069879623,50.60232333407338,98.62443032497116,35.95691039306276,73.8690395490434,24.51623167675532
66.66666666666667,500.0,58.59750221033434,55.27925142276624,32.20875713361245,6.580401820989456,39.262306054545846,45.08312330904238,4.986313481924669,28.443465478277947,120.00000000000001,0.0,100.0,60.00000000000001,100.0,0.0,120.00000000000001,40.0,93.74063218515312,12.473896605758853,81.53346069879623,50.60232333407338,73.8690395490434,24.51623167675532,98.62443032497116,35.95691039306276
66.66666666666667,500.0,5.211348800272397,8.376148412347781,57.369293262625085,17.95851595357707,36.03274430982172,41.498665211570525,9.102339826940264,33.941225583291185,119.99999999999999,59.99999999999999,59.99999999999999,59.99999999999999,59.99999999999999,0.0,80.0,20.0,108.99071969499671,56.82313071602531,61.79333537236506,41.20472468095945,61.70390271665196,7.598113732394374,98.83459125056322,19.233606178650867
66.66666666666667,500.0,5.211348800272397,8.376148412347781,9.102339826940264,33.941225583291185,57.369293262625085,17.95851595357707,36.03274430982172,41.498665211570525,119.99999999999999,59.99999999999999,80.0,20.0,59.99999999999999,59.99999999999999,59.99999999999999,0.0,108.99071969499671,56.82313071602531,98.83459125056322,19.233606178650867,61.79333537236506,41.20472468095945,61.70390271665196,7.598113732394374
66.66666666666667,500.0,5.211348800272397,8.376148412347781,9.102339826940264,33.941225583291185,36.03274430982172,41.498665211570525,57.369293262625085,17.95851595357707,119.99999999999999,59.99999999999999,80.0,20.0,59.99999999999999,0.0,59.99999999999999,59.99999999999999,108.99071969499671,56.82313071602531,98.83459125056322,19.233606178650867,61.70390271665196,7.598113732394374,61.79333537236506,41.20472468095945
66.66666666666667,500.0,5.211348800272397,8.376148412347781,36.03274430982172,41.498665211570525,57.369293262625085,17.95851595357707,9.102339826940264,33.941225583291185,119.99999999999999,59.99999999999999,59.99999999999999,0.0,59.99999999999999,59.99999999999999,80.0,20.0,108.99071969499671,56.82313071602531,61.70390271665196,7.598113732394374,61.79333537236506,41.20472468095945,98.83459125056322,19.233606178650867
66.66666666666667,500.0,5.211348800272397,8.376148412347781,36.03274430982172,41.498665211570525,9.102339826940264,33.941225583291185,57.369293262625085,17.95851595357707,119.99999999999999,59.99999999999999,59.99999999999999,0.0,80.0,20.0,59.99999999999999,59.99999999999999,108.99071969499671,56.82313071602531,61.70390271665196,7.598113732394374,98.83459125056322,19.233606178650867,61.79333537236506,41.20472468095945
66.66666666666667,500.0,57.369293262625085,17.95851595357707,5.211348800272397,8.376148412347781,9.102339826940264,33.941225583291185,36.03274430982172,41.498665211570525,59.99999999999999,59.99999999999999,119.99999999999999,59.99999999999999,80.0,20.0,59.99999999999999,0.0,61.79333537236506,41.20472468095945,108.99071969499671,56.82313071602531,98.83459125056322,19.233606178650867,61.70390271665196,7.598113732394374
66.66666666666667,500.0,57.369293262625085,17.95851595357707,5.211348800272397,8.376148412347781,36.03274430982172,41.498665211570525,9.102339826940264,33.941225583291185,59.99999999999999,59.99999999999999,119.99999999999999,59.99999999999999,59.99999999999999,0.0,80.0,20.0,61.79333537236506,41.20472468095945,108.99071969499671,56.82313071602531,61.70390271665196,7.598113732394374,98.83459125056322,19.233606178650867
66.66666666666667,500.0,57.369293262625085,17.95851595357707,9.102339826940264,33.941225583291185,5.211348800272397,8.376148412347781,36.03274430982172,41.498665211570525,60.0,60.0,80.0,20.0,120.0,60.0,60.0,0.0,61.79333537236506,41.20472468095945,98.83459125056322,19.233606178650867,108.99071969499671,56.82313071602531,61.70390271665196,7.598113732394374
66.66666666666667,500.0,57.369293262625085,17.95851595357707,9.102339826940264,33.941225583291185,36.03274430982172,41.498665211570525,5.211348800272397,8.376148412347781,59.99999999999999,59.99999999999999,80.0,20.0,59.99999999999999,0.0,119.99999999999999,59.99999999999999,61.79333537236506,41.20472468095945,98.83459125056322,19.233606178650867,61.70390271665196,7.598113732394374,108.99071969499671,56.82313071602531
66.66666666666667,500.0,57.369293262625085,17.95851595357707,36.03274430982172,41.498665211570525,5.211348800272397,8.376148412347781,9.102339826940264,33.941225583291185,59.99999999999999,59.99999999999999,59.99999999999999,0.0,119.99999999999999,59.99999999999999,80.0,20.0,61.79333537236506,41.20472468095945,61.70390271665196,7.598113732394374,108.99071969499671,56.82313071602531,98.83459125056322,19.233606178650867
66.66666666666667,500.0,57.369293262625085,17.95851595357707,36.03274430982172,41.498665211570525,9.102339826940264,33.941225583291185,5.211348800272397,8.376148412347781,59.99999999999999,59.99999999999999,59.99999999999999,0.0,80.0,20.0,119.99999999999999,59.99999999999999,61.79333537236506,41.20472468095945,61.70390271665196,7.598113732394374,98.83459125056322,19.233606178650867,108.99071969499671,56.82313071602531
66.66666666666667,500.0,9.102339826940264,33.941225583291185,5.211348800272397,8.376148412347781,57.369293262625085,17.95851595357707,36.03274430982172,41.498665211570525,80.0,20.0,119.99999999999999,59.99999999999999,59.99999999999999,59.99999999999999,59.99999999999999,0.0,98.83459125056322,19.233606178650867,108.99071969499671,56.82313071602531,61.79333537236506,41.20472468095945,61.70390271665196,7.598113732394374
66.66666666666667,500.0,9.102339826940264,33.941225583291185,5.211348800272397,8.376148412347781,36.03274430982172,41.498665211570525,57.369293262625085,17.95851595357707,80.0,20.0,119.99999999999999,59.99999999999999,59.99999999999999,0.0,59.99999999999999,59.99999999999999,98.83459125056322,19.233606178650867,108.99071969499671,56.82313071602531,61.70390271665196,7.598113732394374,61.79333537236506,41.20472468095945
66.66666666666667,500.0,9.102339826940264,33.941225583291185,57.369293262625085,17.95851595357707,5.211348800272397,8.376148412347781,36.03274430982172,41.498665211570525,80.0,20.0,60.0,60.0,120.0,60.0,60.0,0.0,98.83459125056322,19.233606178650867,61.79333537236506,41.20472468095945,108.99071969499671,56.82313071602531,61.70390271665196,7.598113732394374
66.66666666666667,500.0,9.102339826940264,33.941225583291185,57.369293262625085,17.95851595357707,36.03274430982172,41.498665211570525,5.211348800272397,8.376148412347781,80.0,20.0,59.99999999999999,59.99999999999999,59.99999999999999,0.0,119.99999999999999,59.99999999999999,98.83459125056322,19.233606178650867,61.79333537236506,41.20472468095945,61.70390271665196,7.598113732394374,108.99071969499671,56.82313071602531
66.66666666666667,500.0,9.102339826940264,33.941225583291185,36.03274430982172,41.498665211570525,5.211348800272397,8.376148412347781,57.369293262625085,17.95851595357707,80.0,20.0,59.99999999999999,0.0,119.99999999999999,59.99999999999999,59.99999999999999,59.99999999999999,98.83459125056322,19.233606178650867,61.70390271665196,7.598113732394374,108.99071969499671,56.82313071602531,61.79333537236506,41.20472468095945
66.66666666666667,500.0,9.102339826940264,33.941225583291185,36.03274430982172,41.498665211570525,57.369293262625085,17.95851595357707,5.211348800272397,8.376148412347781,80.0,20.0,59.99999999999999,0.0,59.99999999999999,59.99999999999999,119.99999999999999,59.99999999999999,98.83459125056322,19.233606178650867,61.70390271665196,7.598113732394374,61.79333537236506,41.20472468095945,108.99071969499671,56.82313071602531
66.66666666666667,500.0,36.03274430982172,41.498665211570525,5.211348800272397,8.376148412347781,57.369293262625085,17.95851595357707,9.102339826940264,33.941225583291185,59.99999999999999,0.0,119.99999999999999,59.99999999999999,59.99999999999999,59.99999999999999,80.0,20.0,61.70390271665196,7.598113732394374,108.99071969499671,56.82313071602531,61.79333537236506,41.20472468095945,98.83459125056322,19.233606178650867
66.66666666666667,500.0,36.03274430982172,41.498665211570525,5.211348800272397,8.376148412347781,9.102339826940264,33.941225583291185,57.369293262625085,17.95851595357707,59.99999999999999,0.0,119.99999999999999,59.99999999999999,80.0,20.0,59.99999999999999,59.99999999999999,61.70390271665196,7.598113732394374,108.99071969499671,56.82313071602531,98.83459125056322,19.233606178650867,61.79333537236506,41.20472468095945
66.66666666666667,500.0,36.03274430982172,41.498665211570525,57.369293262625085,17.95851595357707,5.211348800272397,8.376148412347781,9.102339826940264,33.941225583291185,59.99999999999999,0.0,59.99999999999999,59.99999999999999,119.99999999999999,59.99999999999999,80.0,20.0,61.70390271665196,7.598113732394374,61.79333537236506,41.20472468095945,108.99071969499671,56.82313071602531,98.83459125056322,19.233606178650867
66.66666666666667,500.0,36.03274430982172,41.498665211570525,57.369293262625085,17.95851595357707,9.102339826940264,33.941225583291185,5.211348800272397,8.376148412347781,59.99999999999999,0.0,59.99999999999999,59.99999999999999,80.0,20.0,119.99999999999999,59.99999999999999,61.70390271665196,7.598113732394374,61.79333537236506,41.20472468095945,98.83459125056322,19.233606178650867,108.99071969499671,56.82313071602531
66.66666666666667,500.0,36.03274430982172,41.498665211570525,9.102339826940264,33.941225583291185,5.211348800272397,8.376148412347781,57.369293262625085,17.95851595357707,59.99999999999999,0.0,80.0,20.0,119.99999999999999,59.99999999999999,59.99999999999999,59.99999999999999,61.70390271665196,7.598113732394374,98.83459125056322,19.233606178650867,108.99071969499671,56.82313071602531,61.79333537236506,41.20472468095945
66.66666666666667,500.0,36.03274430982172,41.498665211570525,9.102339826940264,33.941225583291185,57.369293262625085,17.95851595357707,5.211348800272397,8.376148412347781,59.99999999999999,0.0,80.0,20.0,59.99999999999999,59.99999999999999,119.99999999999999,59.99999999999999,61.70390271665196,7.598113732394374,98.83459125056322,19.233606178650867,61.79333537236506,41.20472468095945,108.99071969499671,56.82313071602531
66.66666666666667,500.0,44.34573782095048,36.33570249394532,0.3037399981834165,56.947888135775045,59.54855169804455,1.5227202548656282,20.561475412279616,42.77581139119352,120.0,40.0,60.0,0.0,60.0,60.0,120.0,0.0,84.50095845184464,30.392251704324075,109.9617754455373,16.89743343587331,71.16292870414728,53.88133121051059,62.79724516039754,19.97015631273149
66.66666666666667,500.0,44.34573782095048,36.33570249394532,20.561475412279616,42.77581139119352,0.3037399981834165,56.947888135775045,59.54855169804455,1.5227202548656282,120.0,40.0,120.0,0.0,60.0,0.0,60.0,60.0,84.50095845184464,30.392251704324075,62.79724516039754,19.97015631273149,109.9617754455373,16.89743343587331,71.16292870414728,53.88133121051059
66.66666666666667,500.0,44.34573782095048,36.33570249394532,20.561475412279616,42.77581139119352,59.54855169804455,1.5227202548656282,0.3037399981834165,56.947888135775045,120.0,40.0,120.0,0.0,60.0,60.0,60.0,0.0,84.50095845184464,30.392251704324075,62.79724516039754,19.97015631273149,71.16292870414728,53.88133121051059,109.9617754455373,16.89743343587331
66.66666666666667,500.0,44.34573782095048,36.33570249394532,59.54855169804455,1.5227202548656282,0.3037399981834165,56.947888135775045,20.561475412279616,42.77581139119352,120.0,40.0,60.0,60.0,60.0,0.0,120.0,0.0,84.50095845184464,30.392251704324075,71.16292870414728,53.88133121051059,109.9617754455373,16.89743343587331,62.79724516039754,19.97015631273149
66.66666666666667,500.0,44.34573782095048,36.33570249394532,59.54855169804455,1.5227202548656282,20.561475412279616,42.77581139119352,0.3037399981834165,56.947888135775045,120.0,40.0,60.0,60.0,120.0,0.0,60.0,0.0,84.50095845184464,30.392251704324075,71.16292870414728,53.88133121051059,62.79724516039754,19.97015631273149,109.9617754455373,16.89743343587331
66.66666666666667,500.0,0.3037399981834165,56.947888135775045,44.34573782095048,36.33570249394532,20.561475412279616,42.77581139119352,59.54855169804455,1.5227202548656282,60.0,0.0,120.0,40.0,120.0,0.0,60.0,60.0,109.9617754455373,16.89743343587331,84.50095845184464,30.392251704324075,62.79724516039754,19.97015631273149,71.16292870414728,53.88133121051059
66.66666666666667,500.0,0.3037399981834165,56.947888135775045,44.34573782095048,36.33570249394532,59.54855169804455,1.5227202548656282,20.561475412279616,42.77581139119352,60.0,0.0,120.0,40.0,60.0,60.0,120.0,0.0,109.9617754455373,16.89743343587331,84.50095845184464,30.392251704324075,71.16292870414728,53.88133121051059,62.79724516039754,19.97015631273149
66.66666666666667,500.0,0.3037399981834165,56.947888135775045,20.561475412279616,42.77581139119352,44.34573782095048,36.33570249394532,59.54855169804455,1.5227202548656282,60.0,0.0,120.0,0.0,120.0,40.0,60.0,60.0,109.9617754455373,16.89743343587331,62.79724516039754,19.97015631273149,84.50095845184464,30.392251704324075,71.16292870414728,53.88133121051059
66.66666666666667,500.0,0.3037399981834165,56.947888135775045,20.561475412279616,42.77581139119352,59.54855169804455,1.5227202548656282,44.34573782095048,36.33570249394532,60.0,0.0,120.0,0.0,60.0,60.0,120.0,40.0,109.9617754455373,16.89743343587331,62.79724516039754,19.97015631273149,71.16292870414728,53.88133121051059,84.50095845184464,30.392251704324075
66.66666666666667,500.0,0.3037399981834165,56.947888135775045,59.54855169804455,1.5227202548656282,44.34573782095048,36.33570249394532,20.561475412279616,42.77581139119352,60.0,0.0,60.0,60.0,120.0,40.0,120.0,0.0,109.9617754455373,16.89743343587331,71.16292870414728,53.88133121051059,84.50095845184464,30.392251704324075,62.79724516039754,19.97015631273149
66.66666666666667,500.0,0.3037399981834165,56.947888135775045,59.54855169804455,1.5227202548656282,20.561475412279616,42.77581139119352,44.34573782095048,36.33570249394532,60.0,0.0,60.0,60.0,120.0,0.0,120.0,40.0,109.9617754455373,16.89743343587331,71.16292870414728,53.88133121051059,62.79724516039754,19.97015631273149,84.50095845184464,30.392251704324075
66.66666666666667,500.0,20.561475412279616,42.77581139119352,44.34573782095048,36.33570249394532,0.3037399981834165,56.947888135775045,59.54855169804455,1.5227202548656282,120.0,0.0,120.0,40.0,60.0,0.0,60.0,60.0,62.79724516039754,19.97015631273149,84.50095845184464,30.392251704324075,109.9617754455373,16.89743343587331,71.16292870414728,53.88133121051059
66.66666666666667,500.0,20.561475412279616,42.77581139119352,44.34573782095048,36.33570249394532,59.54855169804455,1.5227202548656282,0.3037399981834165,56.947888135775045,120.0,0.0,120.0,40.0,60.0,60.0,60.0,0.0,62.79724516039754,19.97015631273149,84.50095845184464,30.392251704324075,71.16292870414728,53.88133121051059,109.9617754455373,16.89743343587331
66.66666666666667,500.0,20.561475412279616,42.77581139119352,0.3037399981834165,56.947888135775045,44.34573782095048,36.33570249394532,59.54855169804455,1.5227202548656282,120.0,0.0,60.0,0.0,120.0,40.0,60.0,60.0,62.79724516039754,19.97015631273149,109.9617754455373,16.89743343587331,84.50095845184464,30.392251704324075,71.16292870414728,53.88133121051059
66.66666666666667,500.0,20.561475412279616,42.77581139119352,0.3037399981834165,56.947888135775045,59.54855169804455,1.5227202548656282,44.34573782095048,36.33570249394532,120.0,0.0,60.0,0.0,60.0,60.0,120.0,40.0,62.79724516039754,19.97015631273149,109.9617754455373,16.89743343587331,71.16292870414728,53.88133121051059,84.50095845184464,30.392251704324075
66.66666666666667,500.0,20.561475412279616,42.77581139119352,59.54855169804455,1.5227202548656282,44.34573782095048,36.33570249394532,0.3037399981834165,56.947888135775045,120.0,0.0,60.0,60.0,120.0,40.0,60.0,0.0,62.79724516039754,19.97015631273149,71.16292870414728,53.88133121051059,84.50095845184464,30.392251704324075,109.9617754455373,16.89743343587331
66.66666666666667,500.0,20.561475412279616,42.77581139119352,59.54855169804455,1.5227202548656282,0.3037399981834165,56.947888135775045,44.34573782095048,36.33570249394532,120.0,0.0,60.0,60.0,60.0,0.0,120.0,40.0,62.79724516039754,19.97015631273149,71.16292870414728,53.88133121051059,109.9617754455373,16.89743343587331,84.50095845184464,30.392251704324075
66.66666666666667,500.0,59.54855169804455,1.5227202548656282,44.34573782095048,36.33570249394532,0.3037399981834165,56.947888135775045,20.561475412279616,42.77581139119352,60.0,60.0,120.0,40.0,60.0,0.0,120.0,0.0,71.16292870414728,53.88133121051059,84.50095845184464,30.392251704324075,109.9617754455373,16.89743343587331,62.79724516039754,19.97015631273149
66.66666666666667,500.0,59.54855169804455,1.5227202548656282,44.34573782095048,36.33570249394532,20.561475412279616,42.77581139119352,0.3037399981834165,56.947888135775045,60.0,60.0,120.0,40.0,120.0,0.0,60.0,0.0,71.16292870414728,53.88133121051059,84.50095845184464,30.392251704324075,62.79724516039754,19.97015631273149,109.9617754455373,16.89743343587331
66.66666666666667,500.0,59.54855169804455,1.5227202548656282,0.3037399981834165,56.947888135775045,44.34573782095048,36.33570249394532,20.561475412279616,42.77581139119352,60.0,60.0,60.0,0.0,120.0,40.0,120.0,0.0,71.16292870414728,53.88133121051059,109.9617754455373,16.89743343587331,84.50095845184464,30.392251704324075,62.79724516039754,19.97015631273149
66.66666666666667,500.0,59.54855169804455,1.5227202548656282,0.3037399981834165,56.947888135775045,20.561475412279616,42.77581139119352,44.34573782095048,36.33570249394532,60.0,60.0,60.0,0.0,120.0,0.0,120.0,40.0,71.16292870414728,53.88133121051059,109.9617754455373,16.89743343587331,62.79724516039754,19.97015631273149,84.50095845184464,30.392251704324075
66.66666666666667,500.0,59.54855169804455,1.5227202548656282,20.561475412279616,42.77581139119352,44.34573782095048,36.33570249394532,0.3037399981834165,56.947888135775045,60.0,60.0,120.0,0.0,120.0,40.0,60.0,0.0,71.16292870414728,53.88133121051059,62.79724516039754,19.97015631273149,84.50095845184464,30.392251704324075,109.9617754455373,16.89743343587331
66.66666666666667,500.0,59.54855169804455,1.5227202548656282,20.561475412279616,42.77581139119352,0.3037399981834165,56.947888135775045,44.34573782095048,36.33570249394532,60.0,60.0,120.0,0.0,60.0,0.0,120.0,40.0,71.16292870414728,53.88133121051059,62.79724516039754,19.97015631273149,109.9617754455373,16.89743343587331,84.50095845184464,30.392251704324075
80.0,500.0,12.185706071055533,9.871360616351224,38.18921908201288,21.308982164732328,2.5780299027295883,43.858517242007046,58.72518985345108,37.79540027620673,80.0,40.0,100.0,20.0,100.0,0.0,60.0,0.0,101.2438859911932,58.47414677192197,63.79727433077691,42.65979347951206,112.57336526446493,8.874062491082135,68.56086947881361,13.085845319986287
80.0,500.0,12.185706071055533,9.871360616351224,58.72518985345108,37.79540027620673,38.18921908201288,21.308982164732328,2.5780299027295883,43.858517242007046,80.0,40.0,60.0,0.0,100.0,20.0,100.0,0.0,101.2438859911932,58.47414677192197,68.56086947881361,13.085845319986287,63.79727433077691,42.65979347951206,112.57336526446493,8.874062491082135
80.0,500.0,12.185706071055533,9.871360616351224,58.72518985345108,37.79540027620673,2.5780299027295883,43.858517242007046,38.18921908201288,21.308982164732328,80.0,40.0,60.0,0.0,100.0,0.0,100.0,20.0,101.2438859911932,58.47414677192197,68.56086947881361,13.085845319986287,112.57336526446493,8.874062491082135,63.79727433077691,42.65979347951206
80.0,500.0,12.185706071055533,9.871360616351224,2.5780299027295883,43.858517242007046,38.18921908201288,21.308982164732328,58.72518985345108,37.79540027620673,80.0,40.0,100.0,0.0,100.0,20.0,60.0,0.0,101.2438859911932,58.47414677192197,112.57336526446493,8.874062491082135,63.79727433077691,42.65979347951206,68.56086947881361,13.085845319986287
80.0,500.0,12.185706071055533,9.871360616351224,2.5780299027295883,43.858517242007046,58.72518985345108,37.79540027620673,38.18921908201288,21.308982164732328,80.0,40.0,100.0,0.0,60.0,0.0,100.0,20.0,101.2438859911932,58.47414677192197,112.57336526446493,8.874062491082135,68.56086947881361,13.085845319986287,63.79727433077691,42.65979347951206
80.0,500.0,38.18921908201288,21.308982164732328,12.185706071055533,9.871360616351224,58.72518985345108,37.79540027620673,2.5780299027295883,43.858517242007046,100.0,20.0,80.0,40.0,60.0,0.0,100.0,0.0,63.79727433077691,42.65979347951206,101.2438859911932,58.47414677192197,68.56086947881361,13.085845319986287,112.57336526446493,8.874062491082135
80.0,500.0,38.18921908201288,21.308982164732328,12.185706071055533,9.871360616351224,2.5780299027295883,43.858517242007046,58.72518985345108,37.79540027620673,100.0,20.0,80.0,40.0,100.0,0.0,60.0,0.0,63.79727433077691,42.65979347951206,101.2438859911932,58.47414677192197,112.57336526446493,8.874062491082135,68.56086947881361,13.085845319986287
80.0,500.0,38.18921908201288,21.308982164732328,58.72518985345108,37.79540027620673,12.185706071055533,9.871360616351224,2.5780299027295883,43.858517242007046,100.0,20.0,60.0,0.0,80.0,40.0,100.0,0.0,63.79727433077691,42.65979347951206,68.56086947881361,13.085845319986287,101.2438859911932,58.47414677192197,112.57336526446493,8.874062491082135
80.0,500.0,38.18921908201288,21.308982164732328,58.72518985345108,37.79540027620673,2.5780299027295883,43.858517242007046,12.185706071055533,9.871360616351224,100.0,20.0,60.0,0.0,100.0,0.0,80.0,40.0,63.79727433077691,42.65979347951206,68.56086947881361,13.085845319986287,112.57336526446493,8.874062491082135,101.2438859911932,58.47414677192197
80.0,500.0,38.18921908201288,21.308982164732328,2.5780299027295883,43.858517242007046,12.185706071055533,9.871360616351224,58.72518985345108,37.79540027620673,100.0,20.0,100.0,0.0,80.0,40.0,60.0,0.0,63.79727433077691,42.65979347951206,112.57336526446493,8.874062491082135,101.2438859911932,58.47414677192197,68.56086947881361,13.085845319986287
80.0,500.0,38.18921908201288,21.308982164732328,2.5780299027295883,43.858517242007046,58.72518985345108,37.79540027620673,12.185706071055533,9.871360616351224,100.0,20.0,100.0,0.0,60.0,0.0,80.0,40.0,63.79727433077691,42.65979347951206,112.57336526446493,8.874062491082135,68.56086947881361,13.085845319986287,101.2438859911932,58.47414677192197
80.0,500.0,58.72518985345108,37.79540027620673,12.185706071055533,9.871360616351224,38.18921908201288,21.308982164732328,2.5780299027295883,43.858517242007046,60.0,0.0,80.0,40.0,100.0,20.0,100.0,0.0,68.56086947881361,13.085845319986287,101.2438859911932,58.47414677192197,63.79727433077691,42.65979347951206,112.57336526446493,8.874062491082135
80.0,500.0,58.72518985345108,37.79540027620673,12.185706071055533,9.871360616351224,2.5780299027295883,43.858517242007046,38.18921908201288,21.308982164732328,60.0,0.0,80.0,40.0,100.0,0.0,100.0,20.0,68.56086947881361,13.085845319986287,101.2438859911932,58.47414677192197,112.57336526446493,8.874062491082135,63.79727433077691,42.65979347951206
80.0,500.0,58.72518985345108,37.79540027620673,38.18921908201288,21.308982164732328,12.185706071055533,9.871360616351224,2.5780299027295883,43.858517242007046,60.0,0.0,100.0,20.0,80.0,40.0,100.0,0.0,68.56086947881361,13.085845319986287,63.79727433077691,42.65979347951206,101.2438859911932,58.47414677192197,112.57336526446493,8.874062491082135
80.0,500.0,58.72518985345108,37.79540027620673,38.18921908201288,21.308982164732328,2.5780299027295883,43.858517242007046,12.185706071055533,9.871360616351224,60.0,0.0,100.0,20.0,100.0,0.0,80.0,40.0,68.56086947881361,13.085845319986287,63.79727433077691,42.65979347951206,112.57336526446493,8.874062491082135,101.2438859911932,58.47414677192197
80.0,500.0,58.72518985345108,37.79540027620673,2.5780299027295883,43.858517242007046,12.185706071055533,9.871360616351224,38.18921908201288,21.308982164732328,60.0,0.0,100.0,0.0,80.0,40.0,100.0,20.0,68.56086947881361,13.085845319986287,112.57336526446493,8.874062491082135,101.2438859911932,58.47414677192197,63.79727433077691,42.65979347951206
80.0,500.0,58.72518985345108,37.79540027620673,2.5780299027295883,43.858517242007046,38.18921908201288,21.308982164732328,12.185706071055533,9.871360616351224,60.0,0.0,100.0,0.0,100.0,20.0,80.0,40.0,68.56086947881361,13.085845319986287,112.57336526446493,8.874062491082135,63.79727433077691,42.65979347951206,101.2438859911932,58.47414677192197
80.0,500.0,2.5780299027295883,43.858517242007046,12.185706071055533,9.871360616351224,38.18921908201288,21.308982164732328,58.72518985345108,37.79540027620673,100.0,0.0,80.0,40.0,100.0,20.0,60.0,0.0,112.57336526446493,8.874062491082135,101.2438859911932,58.47414677192197,63.79727433077691,42.65979347951206,68.56086947881361,13.085845319986287
80.0,500.0,2.5780299027295883,43.858517242007046,12.185706071055533,9.871360616351224,58.72518985345108,37.79540027620673,38.18921908201288,21.308982164732328,100.0,0.0,80.0,40.0,60.0,0.0,100.0,20.0,112.57336526446493,8.874062491082135,101.2438859911932,58.47414677192197,68.56086947881361,13.085845319986287,63.79727433077691,42.65979347951206
80.0,500.0,2.5780299027295883,43.858517242007046,38.18921908201288,21.308982164732328,12.185706071055533,9.871360616351224,58.72518985345108,37.79540027620673,100.0,0.0,100.0,20.0,80.0,40.0,60.0,0.0,112.57336526446493,8.874062491082135,63.79727433077691,42.65979347951206,101.2438859911932,58.47414677192197,68.56086947881361,13.085845319986287
80.0,500.0,2.5780299027295883,43.858517242007046,38.18921908201288,21.308982164732328,58.72518985345108,37.79540027620673,12.185706071055533,9.871360616351224,100.0,0.0,100.0,20.0,60.0,0.0,80.0,40.0,112.57336526446493,8.874062491082135,63.79727433077691,42.65979347951206,68.56086947881361,13.085845319986287,101.2438859911932,58.47414677192197
80.0,500.0,2.5780299027295883,43.858517242007046,58.72518985345108,37.79540027620673,12.185706071055533,9.871360616351224,38.18921908201288,21.308982164732328,100.0,0.0,60.0,0.0,80.0,40.0,100.0,20.0,112.57336526446493,8.874062491082135,68.56086947881361,13.085845319986287,101.2438859911932,58.47414677192197,63.79727433077691,42.65979347951206
80.0,500.0,2.5780299027295883,43.858517242007046,58.72518985345108,37.79540027620673,38.18921908201288,21.308982164732328,12.185706071055533,9.871360616351224,100.0,0.0,60.0,0.0,100.0,20.0,80.0,40.0,112.57336526446493,8.874062491082135,68.56086947881361,13.085845319986287,63.79727433077691,42.65979347951206,101.2438859911932,58.47414677192197
80.0,500.0,35.82627493799728,53.58846969708266,43.20819699126219,7.507231169927746,12.730123982247626,51.94818559507895,11.735130422584266,27.941518173983763,80.0,20.0,80.0,60.0,100.0,20.0,80.0,40.0,88.2068871505551,13.830861331820827,81.84428013584656,44.91541255115753,113.01024274782972,13.06305554101356,117.93364864585656,33.20449779710289
80.0,500.0,35.82627493799728,53.58846969708266,11.735130422584266,27.941518173983763,43.20819699126219,7.507231169927746,12.730123982247626,51.94818559507895,80.0,20.0,80.0,40.0,80.0,60.0,100.0,20.0,88.2068871505551,13.830861331820827,117.93364864585656,33.20449779710289,81.84428013584656,44.91541255115753,113.01024274782972,13.06305554101356
80.0,500.0,35.82627493799728,53.58846969708266,11.735130422584266,27.941518173983763,12.730123982247626,51.94818559507895,43.20819699126219,7.507231169927746,80.0,20.0,80.0,40.0,100.0,20.0,80.0,60.0,88.2068871505551,13.830861331820827,117.93364864585656,33.20449779710289,113.01024274782972,13.06305554101356,81.84428013584656,44.91541255115753
80.0,500.0,35.82627493799728,53.58846969708266,12.730123982247626,51.94818559507895,43.20819699126219,7.507231169927746,11.735130422584266,27.941518173983763,80.0,20.0,100.0,20.0,80.0,60.0,80.0,40.0,88.2068871505551,13.830861331820827,113.01024274782972,13.06305554101356,81.84428013584656,44.91541255115753,117.93364864585656,33.20449779710289
80.0,500.0,35.82627493799728,53.58846969708266,12.730123982247626,51.94818559507895,11.735130422584266,27.941518173983763,43.20819699126219,7.507231169927746,80.0,20.0,100.0,20.0,80.0,40.0,80.0,60.0,88.2068871505551,13.830861331820827,113.01024274782972,13.06305554101356,117.93364864585656,33.20449779710289,81.84428013584656,44.91541255115753
80.0,500.0,43.20819699126219,7.507231169927746,35.82627493799728,53.58846969708266,11.735130422584266,27.941518173983763,12.730123982247626,51.94818559507895,80.0,60.0,80.0,20.0,80.0,40.0,100.0,20.0,81.84428013584656,44.91541255115753,88.2068871505551,13.830861331820827,117.93364864585656,33.20449779710289,113.01024274782972,13.06305554101356
80.0,500.0,43.20819699126219,7.507231169927746,35.82627493799728,53.58846969708266,12.730123982247626,51.94818559507895,11.735130422584266,27.941518173983763,80.0,60.0,80.0,20.0,100.0,20.0,80.0,40.0,81.84428013584656,44.91541255115753,88.2068871505551,13.830861331820827,113.01024274782972,13.06305554101356,117.93364864585656,33.20449779710289
80.0,500.0,43.20819699126219,7.507231169927746,11.735130422584266,27.941518173983763,35.82627493799728,53.58846969708266,12.730123982247626,51.94818559507895,80.0,60.0,80.0,40.0,80.0,20.0,100.0,20.0,81.84428013584656,44.91541255115753,117.93364864585656,33.20449779710289,88.2068871505551,13.830861331820827,113.01024274782972,13.06305554101356
80.0,500.0,43.20819699126219,7.507231169927746,11.735130422584266,27.941518173983763,12.730123982247626,51.94818559507895,35.82627493799728,53.58846969708266,80.0,60.0,80.0,40.0,100.0,20.0,80.0,20.0,81.84428013584656,44.91541255115753,117.93364864585656,33.20449779710289,113.01024274782972,13.06305554101356,88.2068871505551,13.830861331820827
80.0,500.0,43.20819699126219,7.507231169927746,12.730123982247626,51.94818559507895,35.82627493799728,53.58846969708266,11.735130422584266,27.941518173983763,80.0,60.0,100.0,20.0,80.0,20.0,80.0,40.0,81.84428013584656,44.91541255115753,113.01024274782972,13.06305554101356,88.2068871505551,13.830861331820827,117.93364864585656,33.20449779710289
80.0,500.0,43.20819699126219,7.507231169927746,12.730123982247626,51.94818559507895,11.735130422584266,27.941518173983763,35.82627493799728,53.58846969708266,80.0,60.0,100.0,20.0,80.0,40.0,80.0,20.0,81.84428013584656,44.91541255115753,113.01024274782972,13.06305554101356,117.93364864585656,33.20449779710289,88.2068871505551,13.830861331820827
80.0,500.0,11.735130422584266,27.941518173983763,35.82627493799728,53.58846969708266,43.20819699126219,7.507231169927746,12.730123982247626,51.94818559507895,80.0,40.0,80.0,20.0,80.0,60.0,100.0,20.0,117.93364864585656,33.20449779710289,88.2068871505551,13.830861331820827,81.84428013584656,44.91541255115753,113.01024274782972,13.06305554101356
80.0,500.0,11.735130422584266,27.941518173983763,35.82627493799728,53.58846969708266,12.730123982247626,51.94818559507895,43.20819699126219,7.507231169927746,80.0,40.0,80.0,20.0,100.0,20.0,80.0,60.0,117.93364864585656,33.20449779710289,88.2068871505551,13.830861331820827,113.01024274782972,13.06305554101356,81.84428013584656,44.91541255115753
80.0,500.0,11.735130422584266,27.941518173983763,43.20819699126219,7.507231169927746,35.82627493799728,53.58846969708266,12.730123982247626,51.94818559507895,80.0,40.0,80.0,60.0,80.0,20.0,100.0,20.0,117.93364864585656,33.20449779710289,81.84428013584656,44.91541255115753,88.2068871505551,13.830861331820827,113.01024274782972,13.06305554101356
80.0,500.0,11.735130422584266,27.941518173983763,43.20819699126219,7.507231169927746,12.730123982247626,51.94818559507895,35.82627493799728,53.58846969708266,80.0,40.0,80.0,60.0,100.0,20.0,80.0,20.0,117.93364864585656,33.20449779710289,81.84428013584656,44.91541255115753,113.01024274782972,13.06305554101356,88.2068871505551,13.830861331820827
80.0,500.0,11.735130422584266,27.941518173983763,12.730123982247626,51.94818559507895,35.82627493799728,53.58846969708266,43.20819699126219,7.507231169927746,80.0,40.0,100.0,20.0,80.0,20.0,80.0,60.0,117.93364864585656,33.20449779710289,113.01024274782972,13.06305554101356,88.2068871505551,13.830861331820827,81.84428013584656,44.91541255115753
80.0,500.0,11.735130422584266,27.941518173983763,12.730123982247626,51.94818559507895,43.20819699126219,7.507231169927746,35.82627493799728,53.58846969708266,80.0,40.0,100.0,20.0,80.0,60.0,80.0,20.0,117.93364864585656,33.20449779710289,113.01024274782972,13.06305554101356,81.84428013584656,44.91541255115753,88.2068871505551,13.830861331820827
80.0,500.0,12.730123982247626,51.94818559507895,35.82627493799728,53.58846969708266,43.20819699126219,7.507231169927746,11.735130422584266,27.941518173983763,100.0,20.0,80.0,20.0,80.0,60.0,80.0,40.0,113.01024274782972,13.06305554101356,88.2068871505551,13.830861331820827,81.84428013584656,44.91541255115753,117.93364864585656,33.20449779710289
80.0,500.0,12.730123982247626,51.94818559507895,35.82627493799728,53.58846969708266,11.735130422584266,27.941518173983763,43.20819699126219,7.507231169927746,100.0,20.0,80.0,20.0,80.0,40.0,80.0,60.0,113.01024274782972,13.06305554101356,88.2068871505551,13.830861331820827,117.93364864585656,33.20449779710289,81.84428013584656,44.91541255115753
80.0,500.0,12.730123982247626,51.94818559507895,43.20819699126219,7.507231169927746,35.82627493799728,53.58846969708266,11.735130422584266,27.941518173983763,100.0,20.0,80.0,60.0,80.0,20.0,80.0,40.0,113.01024274782972,13.06305554101356,81.84428013584656,44.91541255115753,88.2068871505551,13.830861331820827,117.93364864585656,33.20449779710289
80.0,500.0,12.730123982247626,51.94818559507895,43.20819699126219,7.507231169927746,11.735130422584266,27.941518173983763,35.82627493799728,53.58846969708266,100.0,20.0,80.0,60.0,80.0,40.0,80.0,20.0,113.01024274782972,13.06305554101356,81.84428013584656,44.91541255115753,117.93364864585656,33.20449779710289,88.2068871505551,13.830861331820827
80.0,500.0,12.730123982247626,51.94818559507895,11.735130422584266,27.941518173983763,35.82627493799728,53.58846969708266,43.20819699126219,7.507231169927746,100.0,20.0,80.0,40.0,80.0,20.0,80.0,60.0,113.01024274782972,13.06305554101356,117.93364864585656,33.20449779710289,88.2068871505551,13.830861331820827,81.84428013584656,44.91541255115753
80.0,500.0,12.730123982247626,51.94818559507895,11.735130422584266,27.941518173983763,43.20819699126219,7.507231169927746,35.82627493799728,53.58846969708266,100.0,20.0,80.0,40.0,80.0,60.0,80.0,20.0,113.01024274782972,13.06305554101356,117.93364864585656,33.20449779710289,81.84428013584656,44.91541255115753,88.2068871505551,13.830861331820827
80.0,500.0,54.54792674276843,52.36671813014358,26.083593019704068,55.73514920181355,53.37758006349498,9.829793063811872,7.387638858235346,41.06335839119891,60.00000000000001,20.0,120.00000000000001,20.0,60.00000000000001,60.00000000000001,100.0,40.0,96.55976074154889,15.5007396908099,117.30480220206266,13.9318830165359,97.31151354950428,45.06624892904424,80.09396767833502,27.08388506603898
80.0,500.0,54.54792674276843,52.36671813014358,7.387638858235346,41.06335839119891,26.083593019704068,55.73514920181355,53.37758006349498,9.829793063811872,60.00000000000001,20.0,100.0,40.0,120.00000000000001,20.0,60.00000000000001,60.00000000000001,96.55976074154889,15.5007396908099,80.09396767833502,27.08388506603898,117.30480220206266,13.9318830165359,97.31151354950428,45.06624892904424
80.0,500.0,54.54792674276843,52.36671813014358,7.387638858235346,41.06335839119891,53.37758006349498,9.829793063811872,26.083593019704068,55.73514920181355,60.00000000000001,20.0,100.0,40.0,60.00000000000001,60.00000000000001,120.00000000000001,20.0,96.55976074154889,15.5007396908099,80.09396767833502,27.08388506603898,97.31151354950428,45.06624892904424,117.30480220206266,13.9318830165359
80.0,500.0,54.54792674276843,52.36671813014358,53.37758006349498,9.829793063811872,26.083593019704068,55.73514920181355,7.387638858235346,41.06335839119891,60.00000000000001,20.0,60.00000000000001,60.00000000000001,120.00000000000001,20.0,100.0,40.0,96.55976074154889,15.5007396908099,97.31151354950428,45.06624892904424,117.30480220206266,13.9318830165359,80.09396767833502,27.08388506603898
80.0,500.0,54.54792674276843,52.36671813014358,53.37758006349498,9.829793063811872,7.387638858235346,41.06335839119891,26.083593019704068,55.73514920181355,60.00000000000001,20.0,60.00000000000001,60.00000000000001,100.0,40.0,120.00000000000001,20.0,96.55976074154889,15.5007396908099,97.31151354950428,45.06624892904424,80.09396767833502,27.08388506603898,117.30480220206266,13.9318830165359
80.0,500.0,26.083593019704068,55.73514920181355,54.54792674276843,52.36671813014358,7.387638858235346,41.06335839119891,53.37758006349498,9.829793063811872,120.00000000000001,20.0,60.00000000000001,20.0,100.0,40.0,60.00000000000001,60.00000000000001,117.30480220206266,13.9318830165359,96.55976074154889,15.5007396908099,80.09396767833502,27.08388506603898,97.31151354950428,45.06624892904424
80.0,500.0,26.083593019704068,55.73514920181355,54.54792674276843,52.36671813014358,53.37758006349498,9.829793063811872,7.387638858235346,41.06335839119891,120.00000000000001,20.0,60.00000000000001,20.0,60.00000000000001,60.00000000000001,100.0,40.0,117.30480220206266,13.9318830165359,96.55976074154889,15.5007396908099,97.31151354950428,45.06624892904424,80.09396767833502,27.08388506603898
80.0,500.0,26.083593019704068,55.73514920181355,7.387638858235346,41.06335839119891,54.54792674276843,52.36671813014358,53.37758006349498,9.829793063811872,120.00000000000001,20.0,100.0,40.0,60.00000000000001,20.0,60.00000000000001,60.00000000000001,117.30480220206266,13.9318830165359,80.09396767833502,27.08388506603898,96.55976074154889,15.5007396908099,97.31151354950428,45.06624892904424
80.0,500.0,26.083593019704068,55.73514920181355,7.387638858235346,41.06335839119891,53.37758006349498,9.829793063811872,54.54792674276843,52.36671813014358,120.00000000000001,20.0,100.0,40.0,60.00000000000001,60.00000000000001,60.00000000000001,20.0,117.30480220206266,13.9318830165359,80.09396767833502,27.08388506603898,97.31151354950428,45.06624892904424,96.55976074154889,15.5007396908099
80.0,500.0,26.083593019704068,55.73514920181355,53.37758006349498,9.829793063811872,54.54792674276843,52.36671813014358,7.387638858235346,41.06335839119891,120.00000000000001,20.0,60.00000000000001,60.00000000000001,60.00000000000001,20.0,100.0,40.0,117.30480220206266,13.9318830165359,97.31151354950428,45.06624892904424,96.55976074154889,15.5007396908099,80.09396767833502,27.08388506603898
80.0,500.0,26.083593019704068,55.73514920181355,53.37758006349498,9.829793063811872,7.387638858235346,41.06335839119891,54.54792674276843,52.36671813014358,120.00000000000001,20.0,60.00000000000001,60.00000000000001,100.0,40.0,60.00000000000001,20.0,117.30480220206266,13.9318830165359,97.31151354950428,45.06624892904424,80.09396767833502,27.08388506603898,96.55976074154889,15.5007396908099
80.0,500.0,7.387638858235346,41.06335839119891,54.54792674276843,52.36671813014358,26.083593019704068,55.73514920181355,53.37758006349498,9.829793063811872,100.0,40.0,60.00000000000001,20.0,120.00000000000001,20.0,60.00000000000001,60.00000000000001,80.09396767833502,27.08388506603898,96.55976074154889,15.5007396908099,117.30480220206266,13.9318830165359,97.31151354950428,45.06624892904424
80.0,500.0,7.387638858235346,41.06335839119891,54.54792674276843,52.36671813014358,53.37758006349498,9.829793063811872,26.083593019704068,55.73514920181355,100.0,40.0,60.00000000000001,20.0,60.00000000000001,60.00000000000001,120.00000000000001,20.0,80.09396767833502,27.08388506603898,96.55976074154889,15.5007396908099,97.31151354950428,45.06624892904424,117.30480220206266,13.9318830165359
80.0,500.0,7.387638858235346,41.06335839119891,26.083593019704068,55.73514920181355,54.54792674276843,52.36671813014358,53.37758006349498,9.829793063811872,100.0,40.0,120.00000000000001,20.0,60.00000000000001,20.0,60.00000000000001,60.00000000000001,80.09396767833502,27.08388506603898,117.30480220206266,13.9318830165359,96.55976074154889,15.5007396908099,97.31151354950428,45.06624892904424
80.0,500.0,7.387638858235346,41.06335839119891,26.083593019704068,55.73514920181355,53.37758006349498,9.829793063811872,54.54792674276843,52.36671813014358,100.0,40.0,120.00000000000001,20.0,60.00000000000001,60.00000000000001,60.00000000000001,20.0,80.09396767833502,27.08388506603898,117.30480220206266,13.9318830165359,97.31151354950428,45.06624892904424,96.55976074154889,15.5007396908099
80.0,500.0,7.387638858235346,41.06335839119891,53.37758006349498,9.829793063811872,54.54792674276843,52.36671813014358,26.083593019704068,55.73514920181355,100.0,40.0,60.00000000000001,60.00000000000001,60.00000000000001,20.0,120.00000000000001,20.0,80.09396767833502,27.08388506603898,97.31151354950428,45.06624892904424,96.55976074154889,15.5007396908099,117.30480220206266,13.9318830165359
80.0,500.0,7.387638858235346,41.06335839119891,53.37758006349498,9.829793063811872,26.083593019704068,55.73514920181355,54.54792674276843,52.36671813014358,100.0,40.0,60.00000000000001,60.00000000000001,120.00000000000001,20.0,60.00000000000001,20.0,80.09396767833502,27.08388506603898,97.31151354950428,45.06624892904424,117.30480220206266,13.9318830165359,96.55976074154889,15.5007396908099
80.0,500.0,53.37758006349498,9.829793063811872,54.54792674276843,52.36671813014358,26.083593019704068,55.73514920181355,7.387638858235346,41.06335839119891,60.00000000000001,60.00000000000001,60.00000000000001,20.0,120.00000000000001,20.0,100.0,40.0,97.31151354950428,45.06624892904424,96.55976074154889,15.5007396908099,117.30480220206266,13.9318830165359,80.09396767833502,27.08388506603898
80.0,500.0,53.37758006349498,9.829793063811872,54.54792674276843,52.36671813014358,7.387638858235346,41.06335839119891,26.083593019704068,55.73514920181355,60.00000000000001,60.00000000000001,60.00000000000001,20.0,100.0,40.0,120.00000000000001,20.0,97.31151354950428,45.06624892904424,96.55976074154889,15.5007396908099,80.09396767833502,27.08388506603898,117.30480220206266,13.9318830165359
80.0,500.0,53.37758006349498,9.829793063811872,26.083593019704068,55.73514920181355,54.54792674276843,52.36671813014358,7.387638858235346,41.06335839119891,60.00000000000001,60.00000000000001,120.00000000000001,20.0,60.00000000000001,20.0,100.0,40.0,97.31151354950428,45.06624892904424,117.30480220206266,13.9318830165359,96.55976074154889,15.5007396908099,80.09396767833502,27.08388506603898
80.0,500.0,53.37758006349498,9.829793063811872,26.083593019704068,55.73514920181355,7.387638858235346,41.06335839119891,54.54792674276843,52.36671813014358,60.00000000000001,60.00000000000001,120.00000000000001,20.0,100.0,40.0,60.00000000000001,20.0,97.31151354950428,45.06624892904424,117.30480220206266,13.9318830165359,80.09396767833502,27.08388506603898,96.55976074154889,15.5007396908099
80.0,500.0,53.37758006349498,9.829793063811872,7.387638858235346,41.06335839119891,54.54792674276843,52.36671813014358,26.083593019704068,55.73514920181355,60.00000000000001,60.00000000000001,100.0,40.0,60.00000000000001,20.0,120.00000000000001,20.0,97.31151354950428,45.06624892904424,80.09396767833502,27.08388506603898,96.55976074154889,15.5007396908099,117.30480220206266,13.9318830165359
80.0,500.0,53.37758006349498,9.829793063811872,7.387638858235346,41.06335839119891,26.083593019704068,55.73514920181355,54.54792674276843,52.36671813014358,60.00000000000001,60.00000000000001,100.0,40.0,120.00000000000001,20.0,60.00000000000001,20.0,97.31151354950428,45.06624892904424,80.09396767833502,27.08388506603898,117.30480220206266,13.9318830165359,96.55976074154889,15.5007396908099
80.0,500.0,56.55109035401546,42.16580384118928,1.3107137636651212,1.4520721328146746,25.28609564503224,25.513188285786125,28.47421354476287,46.709608125055446,60.0,20.0,80.0,60.0,120.0,40.0,120.0,20.0,96.69680018732429,4.070059598387623,118.30801872948018,54.4870771511337,118.85063406439784,14.960810959341291,70.70120042626311,14.683419822482357
80.0,500.0,56.55109035401546,42.16580384118928,28.47421354476287,46.709608125055446,1.3107137636651212,1.4520721328146746,25.28609564503224,25.513188285786125,60.0,20.0,120.0,20.0,80.0,60.0,120.0,40.0,96.69680018732429,4.070059598387623,70.70120042626311,14.683419822482357,118.30801872948018,54.4870771511337,118.85063406439784,14.960810959341291
80.0,500.0,56.55109035401546,42.16580384118928,28.47421354476287,46.709608125055446,25.28609564503224,25.513188285786125,1.3107137636651212,1.4520721328146746,60.0,20.0,120.0,20.0,120.0,40.0,80.0,60.0,96.69680018732429,4.070059598387623,70.70120042626311,14.683419822482357,118.85063406439784,14.960810959341291,118.30801872948018,54.4870771511337
80.0,500.0,56.55109035401546,42.16580384118928,25.28609564503224,25.513188285786125,1.3107137636651212,1.4520721328146746,28.47421354476287,46.709608125055446,60.0,20.0,120.0,40.0,80.0,60.0,120.0,20.0,96.69680018732429,4.070059598387623,118.85063406439784,14.960810959341291,118.30801872948018,54.4870771511337,70.70120042626311,14.683419822482357
80.0,500.0,56.55109035401546,42.16580384118928,25.28609564503224,25.513188285786125,28.47421354476287,46.709608125055446,1.3107137636651212,1.4520721328146746,60.0,20.0,120.0,40.0,120.0,20.0,80.0,60.0,96.69680018732429,4.070059598387623,118.85063406439784,14.960810959341291,70.70120042626311,14.683419822482357,118.30801872948018,54.4870771511337
80.0,500.0,1.3107137636651212,1.4520721328146746,56.55109035401546,42.16580384118928,28.47421354476287,46.709608125055446,25.28609564503224,25.513188285786125,80.0,60.0,60.0,20.0,120.0,20.0,120.0,40.0,118.30801872948018,54.4870771511337,96.69680018732429,4.070059598387623,70.70120042626311,14.683419822482357,118.85063406439784,14.960810959341291
80.0,500.0,1.3107137636651212,1.4520721328146746,56.55109035401546,42.16580384118928,25.28609564503224,25.513188285786125,28.47421354476287,46.709608125055446,80.0,60.0,60.0,20.0,120.0,40.0,120.0,20.0,118.30801872948018,54.4870771511337,96.69680018732429,4.070059598387623,118.85063406439784,14.960810959341291,70.70120042626311,14.683419822482357
80.0,500.0,1.3107137636651212,1.4520721328146746,28.47421354476287,46.709608125055446,56.55109035401546,42.16580384118928,25.28609564503224,25.513188285786125,80.0,60.0,120.0,20.0,60.0,20.0,120.0,40.0,118.30801872948018,54.4870771511337,70.70120042626311,14.683419822482357,96.69680018732429,4.070059598387623,118.85063406439784,14.960810959341291
80.0,500.0,1.3107137636651212,1.4520721328146746,28.47421354476287,46.709608125055446,25.28609564503224,25.513188285786125,56.55109035401546,42.16580384118928,80.0,60.0,120.0,20.0,120.0,40.0,60.0,20.0,118.30801872948018,54.4870771511337,70.70120042626311,14.683419822482357,118.85063406439784,14.960810959341291,96.69680018732429,4.070059598387623
80.0,500.0,1.3107137636651212,1.4520721328146746,25.28609564503224,25.513188285786125,56.55109035401546,42.16580384118928,28.47421354476287,46.709608125055446,80.0,60.0,120.0,40.0,60.0,20.0,120.0,20.0,118.30801872948018,54.4870771511337,118.85063406439784,14.960810959341291,96.69680018732429,4.070059598387623,70.70120042626311,14.683419822482357
80.0,500.0,1.3107137636651212,1.4520721328146746,25.28609564503224,25.513188285786125,28.47421354476287,46.709608125055446,56.55109035401546,42.16580384118928,80.0,60.0,120.0,40.0,120.0,20.0,60.0,20.0,118.30801872948018,54.4870771511337,118.85063406439784,14.960810959341291,70.70120042626311,14.683419822482357,96.69680018732429,4.070059598387623
80.0,500.0,28.47421354476287,46.709608125055446,56.55109035401546,42.16580384118928,1.3107137636651212,1.4520721328146746,25.28609564503224,25.513188285786125,120.0,20.0,60.0,20.0,80.0,60.0,120.0,40.0,70.70120042626311,14.683419822482357,96.69680018732429,4.070059598387623,118.30801872948018,54.4870771511337,118.85063406439784,14.960810959341291
80.0,500.0,28.47421354476287,46.709608125055446,56.55109035401546,42.16580384118928,25.28609564503224,25.513188285786125,1.3107137636651212,1.4520721328146746,120.0,20.0,60.0,20.0,120.0,40.0,80.0,60.0,70.70120042626311,14.683419822482357,96.69680018732429,4.070059598387623,118.85063406439784,14.960810959341291,118.30801872948018,54.4870771511337
80.0,500.0,28.47421354476287,46.709608125055446,1.3107137636651212,1.4520721328146746,56.55109035401546,42.16580384118928,25.28609564503224,25.513188285786125,120.0,20.0,80.0,60.0,60.0,20.0,120.0,40.0,70.70120042626311,14.683419822482357,118.30801872948018,54.4870771511337,96.69680018732429,4.070059598387623,118.85063406439784,14.960810959341291
80.0,500.0,28.47421354476287,46.709608125055446,1.3107137636651212,1.4520721328146746,25.28609564503224,25.513188285786125,56.55109035401546,42.16580384118928,120.0,20.0,80.0,60.0,120.0,40.0,60.0,20.0,70.70120042626311,14.683419822482357,118.30801872948018,54.4870771511337,118.85063406439784,14.960810959341291,96.69680018732429,4.070059598387623
80.0,500.0,28.47421354476287,46.709608125055446,25.28609564503224,25.513188285786125,56.55109035401546,42.16580384118928,1.3107137636651212,1.4520721328146746,120.0,20.0,120.0,40.0,60.0,20.0,80.0,60.0,70.70120042626311,14.683419822482357,118.85063406439784,14.960810959341291,96.69680018732429,4.070059598387623,118.30801872948018,54.4870771511337
80.0,500.0,28.47421354476287,46.709608125055446,25.28609564503224,25.513188285786125,1.3107137636651212,1.4520721328146746,56.55109035401546,42.16580384118928,120.0,20.0,120.0,40.0,80.0,60.0,60.0,20.0,70.70120042626311,14.683419822482357,118.85063406439784,14.960810959341291,118.30801872948018,54.4870771511337,96.69680018732429,4.070059598387623
80.0,500.0,25.28609564503224,25.513188285786125,56.55109035401546,42.16580384118928,1.3107137636651212,1.4520721328146746,28.47421354476287,46.709608125055446,120.0,40.0,60.0,20.0,80.0,60.0,120.0,20.0,118.85063406439784,14.960810959341291,96.69680018732429,4.070059598387623,118.30801872948018,54.4870771511337,70.70120042626311,14.683419822482357
80.0,500.0,25.28609564503224,25.513188285786125,56.55109035401546,42.16580384118928,28.47421354476287,46.709608125055446,1.3107137636651212,1.4520721328146746,120.0,40.0,60.0,20.0,120.0,20.0,80.0,60.0,118.85063406439784,14.960810959341291,96.69680018732429,4.070059598387623,70.70120042626311,14.683419822482357,118.30801872948018,54.4870771511337
80.0,500.0,25.28609564503224,25.513188285786125,1.3107137636651212,1.4520721328146746,56.55109035401546,42.16580384118928,28.47421354476287,46.709608125055446,120.0,40.0,80.0,60.0,60.0,20.0,120.0,20.0,118.85063406439784,14.960810959341291,118.30801872948018,54.4870771511337,96.69680018732429,4.070059598387623,70.70120042626311,14.683419822482357
80.0,500.0,25.28609564503224,25.513188285786125,1.3107137636651212,1.4520721328146746,28.47421354476287,46.709608125055446,56.55109035401546,42.16580384118928,120.0,40.0,80.0,60.0,120.0,20.0,60.0,20.0,118.85063406439784,14.960810959341291,118.30801872948018,54.4870771511337,70.70120042626311,14.683419822482357,96.69680018732429,4.070059598387623
80.0,500.0,25.28609564503224,25.513188285786125,28.47421354476287,46.709608125055446,56.55109035401546,42.16580384118928,1.3107137636651212,1.4520721328146746,120.0,40.0,120.0,20.0,60.0,20.0,80.0,60.0,118.85063406439784,14.960810959341291,70.70120042626311,14.683419822482357,96.69680018732429,4.070059598387623,118.30801872948018,54.4870771511337
80.0,500.0,25.28609564503224,25.513188285786125,28.47421354476287,46.709608125055446,1.3107137636651212,1.4520721328146746,56.55109035401546,42.16580384118928,120.0,40.0,120.0,20.0,80.0,60.0,60.0,20.0,118.85063406439784,14.960810959341291,70.70120042626311,14.683419822482357,118.30801872948018,54.4870771511337,96.69680018732429,4.070059598387623
80.0,500.0,26.29761949961138,10.622057669513667,8.159263100887744,35.044372623225776,51.436652017042434,17.332232140959412,56.50747002159251,44.56407627355854,120.0,40.0,100.0,20.0,60.0,40.0,60.0,20.0,109.82574186755002,50.809148090454585,119.646780016286,13.580289407504964,70.04973708140999,39.47012488886384,66.01124531068054,0.1779632149594689
80.0,500.0,26.29761949961138,10.622057669513667,56.50747002159251,44.56407627355854,8.159263100887744,35.044372623225776,51.436652017042434,17.332232140959412,120.0,40.0,60.0,20.0,100.0,20.0,60.0,40.0,109.82574186755002,50.809148090454585,66.01124531068054,0.1779632149594689,119.646780016286,13.580289407504964,70.04973708140999,39.47012488886384
80.0,500.0,26.29761949961138,10.622057669513667,56.50747002159251,44.56407627355854,51.436652017042434,17.332232140959412,8.159263100887744,35.044372623225776,120.0,40.0,60.0,20.0,60.0,40.0,100.0,20.0,109.82574186755002,50.809148090454585,66.01124531068054,0.1779632149594689,70.04973708140999,39.47012488886384,119.646780016286,13.580289407504964
80.0,500.0,26.29761949961138,10.622057669513667,51.436652017042434,17.332232140959412,8.159263100887744,35.044372623225776,56.50747002159251,44.56407627355854,120.0,40.0,60.0,40.0,100.0,20.0,60.0,20.0,109.82574186755002,50.809148090454585,70.04973708140999,39.47012488886384,119.646780016286,13.580289407504964,66.01124531068054,0.1779632149594689
80.0,500.0,26.29761949961138,10.622057669513667,51.436652017042434,17.332232140959412,56.50747002159251,44.56407627355854,8.159263100887744,35.044372623225776,120.0,40.0,60.0,40.0,60.0,20.0,100.0,20.0,109.82574186755002,50.809148090454585,70.04973708140999,39.47012488886384,66.01124531068054,0.1779632149594689,119.646780016286,13.580289407504964
80.0,500.0,8.159263100887744,35.044372623225776,26.29761949961138,10.622057669513667,56.50747002159251,44.56407627355854,51.436652017042434,17.332232140959412,100.0,20.0,120.0,40.0,60.0,20.0,60.0,40.0,119.646780016286,13.580289407504964,109.82574186755002,50.809148090454585,66.01124531068054,0.1779632149594689,70.04973708140999,39.47012488886384
80.0,500.0,8.159263100887744,35.044372623225776,26.29761949961138,10.622057669513667,51.436652017042434,17.332232140959412,56.50747002159251,44.56407627355854,100.0,20.0,120.0,40.0,60.0,40.0,60.0,20.0,119.646780016286,13.580289407504964,109.82574186755002,50.809148090454585,70.04973708140999,39.47012488886384,66.01124531068054,0.1779632149594689
80.0,500.0,8.159263100887744,35.044372623225776,56.50747002159251,44.56407627355854,26.29761949961138,10.622057669513667,51.436652017042434,17.332232140959412,100.0,20.0,60.0,20.0,120.0,40.0,60.0,40.0,119.646780016286,13.580289407504964,66.01124531068054,0.1779632149594689,109.82574186755002,50.809148090454585,70.04973708140999,39.47012488886384
80.0,500.0,8.159263100887744,35.044372623225776,56.50747002159251,44.56407627355854,51.436652017042434,17.332232140959412,26.29761949961138,10.622057669513667,100.0,20.0,60.0,20.0,60.0,40.0,120.0,40.0,119.646780016286,13.580289407504964,66.01124531068054,0.1779632149594689,70.04973708140999,39.47012488886384,109.82574186755002,50.809148090454585
80.0,500.0,8.159263100887744,35.044372623225776,51.436652017042434,17.332232140959412,26.29761949961138,10.622057669513667,56.50747002159251,44.56407627355854,100.0,20.0,60.0,40.0,120.0,40.0,60.0,20.0,119.646780016286,13.580289407504964,70.04973708140999,39.47012488886384,109.82574186755002,50.809148090454585,66.01124531068054,0.1779632149594689
80.0,500.0,8.159263100887744,35.044372623225776,51.436652017042434,17.332232140959412,56.50747002159251,44.56407627355854,26.29761949961138,10.622057669513667,100.0,20.0,60.0,40.0,60.0,20.0,120.0,40.0,119.646780016286,13.580289407504964,70.04973708140999,39.47012488886384,66.01124531068054,0.1779632149594689,109.82574186755002,50.809148090454585
80.0,500.0,56.50747002159251,44.56407627355854,26.29761949961138,10.622057669513667,8.159263100887744,35.044372623225776,51.436652017042434,17.332232140959412,60.0,20.0,120.0,40.0,100.0,20.0,60.0,40.0,66.01124531068054,0.1779632149594689,109.82574186755002,50.809148090454585,119.646780016286,13.580289407504964,70.04973708140999,39.47012488886384
80.0,500.0,56.50747002159251,44.56407627355854,26.29761949961138,10.622057669513667,51.436652017042434,17.332232140959412,8.159263100887744,35.044372623225776,60.0,20.0,120.0,40.0,60.0,40.0,100.0,20.0,66.01124531068054,0.1779632149594689,109.82574186755002,50.809148090454585,70.04973708140999,39.47012488886384,119.646780016286,13.580289407504964
80.0,500.0,56.50747002159251,44.56407627355854,8.159263100887744,35.044372623225776,26.29761949961138,10.622057669513667,51.436652017042434,17.332232140959412,60.0,20.0,100.0,20.0,120.0,40.0,60.0,40.0,66.01124531068054,0.1779632149594689,119.646780016286,13.580289407504964,109.82574186755002,50.809148090454585,70.04973708140999,39.47012488886384
80.0,500.0,56.50747002159251,44.56407627355854,8.159263100887744,35.044372623225776,51.436652017042434,17.332232140959412,26.29761949961138,10.622057669513667,60.0,20.0,100.0,20.0,60.0,40.0,120.0,40.0,66.01124531068054,0.1779632149594689,119.646780016286,13.580289407504964,70.04973708140999,39.47012488886384,109.82574186755002,50.809148090454585
80.0,500.0,56.50747002159251,44.56407627355854,51.436652017042434,17.332232140959412,26.29761949961138,10.622057669513667,8.159263100887744,35.044372623225776,60.0,20.0,60.0,40.0,120.0,40.0,100.0,20.0,66.01124531068054,0.1779632149594689,70.04973708140999,39.47012488886384,109.82574186755002,50.809148090454585,119.646780016286,13.580289407504964
80.0,500.0,56.50747002159251,44.56407627355854,51.436652017042434,17.332232140959412,8.159263100887744,35.044372623225776,26.29761949961138,10.622057669513667,60.0,20.0,60.0,40.0,100.0,20.0,120.0,40.0,66.01124531068054,0.1779632149594689,70.04973708140999,39.47012488886384,119.646780016286,13.580289407504964,109.82574186755002,50.809148090454585
80.0,500.0,51.436652017042434,17.332232140959412,26.29761949961138,10.622057669513667,8.159263100887744,35.044372623225776,56.50747002159251,44.56407627355854,60.0,40.0,120.0,40.0,100.0,20.0,60.0,20.0,70.04973708140999,39.47012488886384,109.82574186755002,50.809148090454585,119.646780016286,13.580289407504964,66.01124531068054,0.1779632149594689
80.0,500.0,51.436652017042434,17.332232140959412,26.29761949961138,10.622057669513667,56.50747002159251,44.56407627355854,8.159263100887744,35.044372623225776,60.0,40.0,120.0,40.0,60.0,20.0,100.0,20.0,70.04973708140999,39.47012488886384,109.82574186755002,50.809148090454585,66.01124531068054,0.1779632149594689,119.646780016286,13.580289407504964
80.0,500.0,51.436652017042434,17.332232140959412,8.159263100887744,35.044372623225776,26.29761949961138,10.622057669513667,56.50747002159251,44.56407627355854,60.0,40.0,100.0,20.0,120.0,40.0,60.0,20.0,70.04973708140999,39.47012488886384,119.646780016286,13.580289407504964,109.82574186755002,50.809148090454585,66.01124531068054,0.1779632149594689
80.0,500.0,51.436652017042434,17.332232140959412,8.159263100887744,35.044372623225776,56.50747002159251,44.56407627355854,26.29761949961138,10.622057669513667,60.0,40.0,100.0,20.0,60.0,20.0,120.0,40.0,70.04973708140999,39.47012488886384,119.646780016286,13.580289407504964,66.01124531068054,0.1779632149594689,109.82574186755002,50.809148090454585
80.0,500.0,51.436652017042434,17.332232140959412,56.50747002159251,44.56407627355854,26.29761949961138,10.622057669513667,8.159263100887744,35.044372623225776,60.0,40.0,60.0,20.0,120.0,40.0,100.0,20.0,70.04973708140999,39.47012488886384,66.01124531068054,0.1779632149594689,109.82574186755002,50.809148090454585,119.646780016286,13.580289407504964
80.0,500.0,51.436652017042434,17.332232140959412,56.50747002159251,44.56407627355854,8.159263100887744,35.044372623225776,26.29761949961138,10.622057669513667,60.0,40.0,60.0,20.0,100.0,20.0,120.0,40.0,70.04973708140999,39.47012488886384,66.01124531068054,0.1779632149594689,119.646780016286,13.580289407504964,109.82574186755002,50.809148090454585
80.0,500.0,25.588670881418164,38.09203944321389,3.4764116466160577,46.7646209904263,19.04502096122945,3.7262675310507687,51.89543429029944,57.23531273787504,60.0,20.0,100.0,20.0,80.0,40.0,60.0,0.0,91.4805684266014,26.55552940245411,119.77143712112026,20.980500044920845,97.71321074267613,49.234836571898185,73.56488785920988,14.076545970773653
80.0,500.0,25.588670881418164,38.09203944321389,51.89543429029944,57.23531273787504,3.4764116466160577,46.7646209904263,19.04502096122945,3.7262675310507687,60.0,20.0,60.0,0.0,100.0,20.0,80.0,40.0,91.4805684266014,26.55552940245411,73.56488785920988,14.076545970773653,119.77143712112026,20.980500044920845,97.71321074267613,49.234836571898185
80.0,500.0,25.588670881418164,38.09203944321389,51.89543429029944,57.23531273787504,19.04502096122945,3.7262675310507687,3.4764116466160577,46.7646209904263,60.0,20.0,60.0,0.0,80.0,40.0,100.0,20.0,91.4805684266014,26.55552940245411,73.56488785920988,14.076545970773653,97.71321074267613,49.234836571898185,119.77143712112026,20.980500044920845
80.0,500.0,25.588670881418164,38.09203944321389,19.04502096122945,3.7262675310507687,3.4764116466160577,46.7646209904263,51.89543429029944,57.23531273787504,60.0,20.0,80.0,40.0,100.0,20.0,60.0,0.0,91.4805684266014,26.55552940245411,97.71321074267613,49.234836571898185,119.77143712112026,20.980500044920845,73.56488785920988,14.076545970773653
80.0,500.0,25.588670881418164,38.09203944321389,19.04502096122945,3.7262675310507687,51.89543429029944,57.23531273787504,3.4764116466160577,46.7646209904263,60.0,20.0,80.0,40.0,60.0,0.0,100.0,20.0,91.4805684266014,26.55552940245411,97.71321074267613,49.234836571898185,73.56488785920988,14.076545970773653,119.77143712112026,20.980500044920845
80.0,500.0,3.4764116466160577,46.7646209904263,25.588670881418164,38.09203944321389,51.89543429029944,57.23531273787504,19.04502096122945,3.7262675310507687,100.0,20.0,60.0,20.0,60.0,0.0,80.0,40.0,119.77143712112026,20.980500044920845,91.4805684266014,26.55552940245411,73.56488785920988,14.076545970773653,97.71321074267613,49.234836571898185
80.0,500.0,3.4764116466160577,46.7646209904263,25.588670881418164,38.09203944321389,19.04502096122945,3.7262675310507687,51.89543429029944,57.23531273787504,100.0,20.0,60.0,20.0,80.0,40.0,60.0,0.0,119.77143712112026,20.980500044920845,91.4805684266014,26.55552940245411,97.71321074267613,49.234836571898185,73.56488785920988,14.076545970773653
80.0,500.0,3.4764116466160577,46.7646209904263,51.89543429029944,57.23531273787504,25.588670881418164,38.09203944321389,19.04502096122945,3.7262675310507687,100.0,20.0,60.0,0.0,60.0,20.0,80.0,40.0,119.77143712112026,20.980500044920845,73.56488785920988,14.076545970773653,91.4805684266014,26.55552940245411,97.71321074267613,49.234836571898185
80.0,500.0,3.4764116466160577,46.7646209904263,51.89543429029944,57.23531273787504,19.04502096122945,3.7262675310507687,25.588670881418164,38.09203944321389,100.0,20.0,60.0,0.0,80.0,40.0,60.0,20.0,119.77143712112026,20.980500044920845,73.56488785920988,14.076545970773653,97.71321074267613,49.234836571898185,91.4805684266014,26.55552940245411
80.0,500.0,3.4764116466160577,46.7646209904263,19.04502096122945,3.7262675310507687,25.588670881418164,38.09203944321389,51.89543429029944,57.23531273787504,100.0,20.0,80.0,40.0,60.0,20.0,60.0,0.0,119.77143712112026,20.980500044920845,97.71321074267613,49.234836571898185,91.4805684266014,26.55552940245411,73.56488785920988,14.076545970773653
80.0,500.0,3.4764116466160577,46.7646209904263,19.04502096122945,3.7262675310507687,51.89543429029944,57.23531273787504,25.588670881418164,38.09203944321389,100.0,20.0,80.0,40.0,60.0,0.0,60.0,20.0,119.77143712112026,20.980500044920845,97.71321074267613,49.234836571898185,73.56488785920988,14.076545970773653,91.4805684266014,26.55552940245411
80.0,500.0,51.89543429029944,57.23531273787504,25.588670881418164,38.09203944321389,3.4764116466160577,46.7646209904263,19.04502096122945,3.7262675310507687,60.0,0.0,60.0,20.0,100.0,20.0,80.0,40.0,73.56488785920988,14.076545970773653,91.4805684266014,26.55552940245411,119.77143712112026,20.980500044920845,97.71321074267613,49.234836571898185
80.0,500.0,51.89543429029944,57.23531273787504,25.588670881418164,38.09203944321389,19.04502096122945,3.7262675310507687,3.4764116466160577,46.7646209904263,60.0,0.0,60.0,20.0,80.0,40.0,100.0,20.0,73.56488785920988,14.076545970773653,91.4805684266014,26.55552940245411,97.71321074267613,49.234836571898185,119.77143712112026,20.980500044920845
80.0,500.0,51.89543429029944,57.23531273787504,3.4764116466160577,46.7646209904263,25.588670881418164,38.09203944321389,19.04502096122945,3.7262675310507687,60.0,0.0,100.0,20.0,60.0,20.0,80.0,40.0,73.56488785920988,14.076545970773653,119.77143712112026,20.980500044920845,91.4805684266014,26.55552940245411,97.71321074267613,49.234836571898185
80.0,500.0,51.89543429029944,57.23531273787504,3.4764116466160577,46.7646209904263,19.04502096122945,3.7262675310507687,25.588670881418164,38.09203944321389,60.0,0.0,100.0,20.0,80.0,40.0,60.0,20.0,73.56488785920988,14.076545970773653,119.77143712112026,20.980500044920845,97.71321074267613,49.234836571898185,91.4805684266014,26.55552940245411
80.0,500.0,51.89543429029944,57.23531273787504,19.04502096122945,3.7262675310507687,25.588670881418164,38.09203944321389,3.4764116466160577,46.7646209904263,60.0,0.0,80.0,40.0,60.0,20.0,100.0,20.0,73.56488785920988,14.076545970773653,97.71321074267613,49.234836571898185,91.4805684266014,26.55552940245411,119.77143712112026,20.980500044920845
80.0,500.0,51.89543429029944,57.23531273787504,19.04502096122945,3.7262675310507687,3.4764116466160577,46.7646209904263,25.588670881418164,38.09203944321389,60.0,0.0,80.0,40.0,100.0,20.0,60.0,20.0,73.56488785920988,14.076545970773653,97.71321074267613,49.234836571898185,119.77143712112026,20.980500044920845,91.4805684266014,26.55552940245411
80.0,500.0,19.04502096122945,3.7262675310507687,25.588670881418164,38.09203944321389,3.4764116466160577,46.7646209904263,51.89543429029944,57.23531273787504,80.0,40.0,60.0,20.0,100.0,20.0,60.0,0.0,97.71321074267613,49.234836571898185,91.4805684266014,26.55552940245411,119.77143712112026,20.980500044920845,73.56488785920988,14.076545970773653
80.0,500.0,19.04502096122945,3.7262675310507687,25.588670881418164,38.09203944321389,51.89543429029944,57.23531273787504,3.4764116466160577,46.7646209904263,80.0,40.0,60.0,20.0,60.0,0.0,100.0,20.0,97.71321074267613,49.234836571898185,91.4805684266014,26.55552940245411,73.56488785920988,14.076545970773653,119.77143712112026,20.980500044920845
80.0,500.0,19.04502096122945,3.7262675310507687,3.4764116466160577,46.7646209904263,25.588670881418164,38.09203944321389,51.89543429029944,57.23531273787504,80.0,40.0,100.0,20.0,60.0,20.0,60.0,0.0,97.71321074267613,49.234836571898185,119.77143712112026,20.980500044920845,91.4805684266014,26.55552940245411,73.56488785920988,14.076545970773653
80.0,500.0,19.04502096122945,3.7262675310507687,3.4764116466160577,46.7646209904263,51.89543429029944,57.23531273787504,25.588670881418164,38.09203944321389,80.0,40.0,100.0,20.0,60.0,0.0,60.0,20.0,97.71321074267613,49.234836571898185,119.77143712112026,20.980500044920845,73.56488785920988,14.076545970773653,91.4805684266014,26.55552940245411
80.0,500.0,19.04502096122945,3.7262675310507687,51.89543429029944,57.23531273787504,25.588670881418164,38.09203944321389,3.4764116466160577,46.7646209904263,80.0,40.0,60.0,0.0,60.0,20.0,100.0,20.0,97.71321074267613,49.234836571898185,73.56488785920988,14.076545970773653,91.4805684266014,26.55552940245411,119.77143712112026,20.980500044920845
80.0,500.0,19.04502096122945,3.7262675310507687,51.89543429029944,57.23531273787504,3.4764116466160577,46.7646209904263,25.588670881418164,38.09203944321389,80.0,40.0,60.0,0.0,100.0,20.0,60.0,20.0,97.71321074267613,49.234836571898185,73.56488785920988,14.076545970773653,119.77143712112026,20.980500044920845,91.4805684266014,26.55552940245411
80.0,500.0,1.2944118027610885,40.88481364879613,50.35445727302164,6.084072657683919,26.24652777410228,16.961404311282003,37.37126712945376,39.609436053519474,120.0,0.0,80.0,60.0,100.0,40.0,60.0,0.0,94.78890965067956,20.243764130924696,64.0147787240282,43.2275596117171,109.11411628724332,38.11732474001323,69.23396234261473,21.128558767730343
80.0,500.0,1.2944118027610885,40.88481364879613,37.37126712945376,39.609436053519474,50.35445727302164,6.084072657683919,26.24652777410228,16.961404311282003,120.0,0.0,60.0,0.0,80.0,60.0,100.0,40.0,94.78890965067956,20.243764130924696,69.23396234261473,21.128558767730343,64.0147787240282,43.2275596117171,109.11411628724332,38.11732474001323
80.0,500.0,1.2944118027610885,40.88481364879613,37.37126712945376,39.609436053519474,26.24652777410228,16.961404311282003,50.35445727302164,6.084072657683919,120.0,0.0,60.0,0.0,100.0,40.0,80.0,60.0,94.78890965067956,20.243764130924696,69.23396234261473,21.128558767730343,109.11411628724332,38.11732474001323,64.0147787240282,43.2275596117171
80.0,500.0,1.2944118027610885,40.88481364879613,26.24652777410228,16.961404311282003,50.35445727302164,6.084072657683919,37.37126712945376,39.609436053519474,120.0,0.0,100.0,40.0,80.0,60.0,60.0,0.0,94.78890965067956,20.243764130924696,109.11411628724332,38.11732474001323,64.0147787240282,43.2275596117171,69.23396234261473,21.128558767730343
80.0,500.0,1.2944118027610885,40.88481364879613,26.24652777410228,16.961404311282003,37.37126712945376,39.609436053519474,50.35445727302164,6.084072657683919,120.0,0.0,100.0,40.0,60.0,0.0,80.0,60.0,94.78890965067956,20.243764130924696,109.11411628724332,38.11732474001323,69.23396234261473,21.128558767730343,64.0147787240282,43.2275596117171
80.0,500.0,50.35445727302164,6.084072657683919,1.2944118027610885,40.88481364879613,37.37126712945376,39.609436053519474,26.24652777410228,16.961404311282003,80.0,60.0,120.0,0.0,60.0,0.0,100.0,40.0,64.0147787240282,43.2275596117171,94.78890965067956,20.243764130924696,69.23396234261473,21.128558767730343,109.11411628724332,38.11732474001323
80.0,500.0,50.35445727302164,6.084072657683919,1.2944118027610885,40.88481364879613,26.24652777410228,16.961404311282003,37.37126712945376,39.609436053519474,80.0,60.0,120.0,0.0,100.0,40.0,60.0,0.0,64.0147787240282,43.2275596117171,94.78890965067956,20.243764130924696,109.11411628724332,38.11732474001323,69.23396234261473,21.128558767730343
80.0,500.0,50.35445727302164,6.084072657683919,37.37126712945376,39.609436053519474,1.2944118027610885,40.88481364879613,26.24652777410228,16.961404311282003,80.0,60.0,60.0,0.0,120.0,0.0,100.0,40.0,64.0147787240282,43.2275596117171,69.23396234261473,21.128558767730343,94.78890965067956,20.243764130924696,109.11411628724332,38.11732474001323
80.0,500.0,50.35445727302164,6.084072657683919,37.37126712945376,39.609436053519474,26.24652777410228,16.961404311282003,1.2944118027610885,40.88481364879613,80.0,60.0,60.0,0.0,100.0,40.0,120.0,0.0,64.0147787240282,43.2275596117171,69.23396234261473,21.128558767730343,109.11411628724332,38.11732474001323,94.78890965067956,20.243764130924696
80.0,500.0,50.35445727302164,6.084072657683919,26.24652777410228,16.961404311282003,1.2944118027610885,40.88481364879613,37.37126712945376,39.609436053519474,80.0,60.0,100.0,40.0,120.0,0.0,60.0,0.0,64.0147787240282,43.2275596117171,109.11411628724332,38.11732474001323,94.78890965067956,20.243764130924696,69.23396234261473,21.128558767730343
80.0,500.0,50.35445727302164,6.084072657683919,26.24652777410228,16.961404311282003,37.37126712945376,39.609436053519474,1.2944118027610885,40.88481364879613,80.0,60.0,100.0,40.0,60.0,0.0,120.0,0.0,64.0147787240282,43.2275596117171,109.11411628724332,38.11732474001323,69.23396234261473,21.128558767730343,94.78890965067956,20.243764130924696
80.0,500.0,37.37126712945376,39.609436053519474,1.2944118027610885,40.88481364879613,50.35445727302164,6.084072657683919,26.24652777410228,16.961404311282003,60.0,0.0,120.0,0.0,80.0,60.0,100.0,40.0,69.23396234261473,21.128558767730343,94.78890965067956,20.243764130924696,64.0147787240282,43.2275596117171,109.11411628724332,38.11732474001323
80.0,500.0,37.37126712945376,39.609436053519474,1.2944118027610885,40.88481364879613,26.24652777410228,16.961404311282003,50.35445727302164,6.084072657683919,60.0,0.0,120.0,0.0,100.0,40.0,80.0,60.0,69.23396234261473,21.128558767730343,94.78890965067956,20.243764130924696,109.11411628724332,38.11732474001323,64.0147787240282,43.2275596117171
80.0,500.0,37.37126712945376,39.609436053519474,50.35445727302164,6.084072657683919,1.2944118027610885,40.88481364879613,26.24652777410228,16.961404311282003,60.0,0.0,80.0,60.0,120.0,0.0,100.0,40.0,69.23396234261473,21.128558767730343,64.0147787240282,43.2275596117171,94.78890965067956,20.243764130924696,109.11411628724332,38.11732474001323
80.0,500.0,37.37126712945376,39.609436053519474,50.35445727302164,6.084072657683919,26.24652777410228,16.961404311282003,1.2944118027610885,40.88481364879613,60.0,0.0,80.0,60.0,100.0,40.0,120.0,0.0,69.23396234261473,21.128558767730343,64.0147787240282,43.2275596117171,109.11411628724332,38.11732474001323,94.78890965067956,20.243764130924696
80.0,500.0,37.37126712945376,39.609436053519474,26.24652777410228,16.961404311282003,1.2944118027610885,40.88481364879613,50.35445727302164,6.084072657683919,60.0,0.0,100.0,40.0,120.0,0.0,80.0,60.0,69.23396234261473,21.128558767730343,109.11411628724332,38.11732474001323,94.78890965067956,20.243764130924696,64.0147787240282,43.2275596117171
80.0,500.0,37.37126712945376,39.609436053519474,26.24652777410228,16.961404311282003,50.35445727302164,6.084072657683919,1.2944118027610885,40.88481364879613,60.0,0.0,100.0,40.0,80.0,60.0,120.0,0.0,69.23396234261473,21.128558767730343,109.11411628724332,38.11732474001323,64.0147787240282,43.2275596117171,94.78890965067956,20.243764130924696
80.0,500.0,26.24652777410228,16.961404311282003,1.2944118027610885,40.88481364879613,50.35445727302164,6.084072657683919,37.37126712945376,39.609436053519474,100.0,40.0,120.0,0.0,80.0,60.0,60.0,0.0,109.11411628724332,38.11732474001323,94.78890965067956,20.243764130924696,64.0147787240282,43.2275596117171,69.23396234261473,21.128558767730343
80.0,500.0,26.24652777410228,16.961404311282003,1.2944118027610885,40.88481364879613,37.37126712945376,39.609436053519474,50.35445727302164,6.084072657683919,100.0,40.0,120.0,0.0,60.0,0.0,80.0,60.0,109.11411628724332,38.11732474001323,94.78890965067956,20.243764130924696,69.23396234261473,21.128558767730343,64.0147787240282,43.2275596117171
80.0,500.0,26.24652777410228,16.961404311282003,50.35445727302164,6.084072657683919,1.2944118027610885,40.88481364879613,37.37126712945376,39.609436053519474,100.0,40.0,80.0,60.0,120.0,0.0,60.0,0.0,109.11411628724332,38.11732474001323,64.0147787240282,43.2275596117171,94.78890965067956,20.243764130924696,69.23396234261473,21.128558767730343
80.0,500.0,26.24652777410228,16.961404311282003,50.35445727302164,6.084072657683919,37.37126712945376,39.609436053519474,1.2944118027610885,40.88481364879613,100.0,40.0,80.0,60.0,60.0,0.0,120.0,0.0,109.11411628724332,38.11732474001323,64.0147787240282,43.2275596117171,69.23396234261473,21.128558767730343,94.78890965067956,20.243764130924696
80.0,500.0,26.24652777410228,16.961404311282003,37.37126712945376,39.609436053519474,1.2944118027610885,40.88481364879613,50.35445727302164,6.084072657683919,100.0,40.0,60.0,0.0,120.0,0.0,80.0,60.0,109.11411628724332,38.11732474001323,69.23396234261473,21.128558767730343,94.78890965067956,20.243764130924696,64.0147787240282,43.2275596117171
80.0,500.0,26.24652777410228,16.961404311282003,37.37126712945376,39.609436053519474,50.35445727302164,6.084072657683919,1.2944118027610885,40.88481364879613,100.0,40.0,60.0,0.0,80.0,60.0,120.0,0.0,109.11411628724332,38.11732474001323,69.23396234261473,21.128558767730343,64.0147787240282,43.2275596117171,94.78890965067956,20.243764130924696
80.0,500.0,4.986313481924669,28.443465478277947,39.262306054545846,45.08312330904238,58.59750221033434,55.27925142276624,32.20875713361245,6.580401820989456,59.99999999999999,59.99999999999999,80.0,0.0,59.99999999999999,0.0,80.0,59.99999999999999,77.59597465724606,34.08425928616192,117.45074493368874,27.28888943196857,85.99332711636933,13.018865613996091,97.16155185209828,44.98358439705834
80.0,500.0,4.986313481924669,28.443465478277947,32.20875713361245,6.580401820989456,39.262306054545846,45.08312330904238,58.59750221033434,55.27925142276624,59.99999999999999,59.99999999999999,80.0,59.99999999999999,80.0,0.0,59.99999999999999,0.0,77.59597465724606,34.08425928616192,97.16155185209828,44.98358439705834,117.45074493368874,27.28888943196857,85.99332711636933,13.018865613996091
80.0,500.0,4.986313481924669,28.443465478277947,32.20875713361245,6.580401820989456,58.59750221033434,55.27925142276624,39.262306054545846,45.08312330904238,59.99999999999999,59.99999999999999,80.0,59.99999999999999,59.99999999999999,0.0,80.0,0.0,77.59597465724606,34.08425928616192,97.16155185209828,44.98358439705834,85.99332711636933,13.018865613996091,117.45074493368874,27.28888943196857
80.0,500.0,4.986313481924669,28.443465478277947,58.59750221033434,55.27925142276624,39.262306054545846,45.08312330904238,32.20875713361245,6.580401820989456,59.99999999999999,59.99999999999999,59.99999999999999,0.0,80.0,0.0,80.0,59.99999999999999,77.59597465724606,34.08425928616192,85.99332711636933,13.018865613996091,117.45074493368874,27.28888943196857,97.16155185209828,44.98358439705834
80.0,500.0,4.986313481924669,28.443465478277947,58.59750221033434,55.27925142276624,32.20875713361245,6.580401820989456,39.262306054545846,45.08312330904238,59.99999999999999,59.99999999999999,59.99999999999999,0.0,80.0,59.99999999999999,80.0,0.0,77.59597465724606,34.08425928616192,85.99332711636933,13.018865613996091,97.16155185209828,44.98358439705834,117.45074493368874,27.28888943196857
80.0,500.0,39.262306054545846,45.08312330904238,4.986313481924669,28.443465478277947,32.20875713361245,6.580401820989456,58.59750221033434,55.27925142276624,80.0,0.0,59.99999999999999,59.99999999999999,80.0,59.99999999999999,59.99999999999999,0.0,117.45074493368874,27.28888943196857,77.59597465724606,34.08425928616192,97.16155185209828,44.98358439705834,85.99332711636933,13.018865613996091
80.0,500.0,39.262306054545846,45.08312330904238,4.986313481924669,28.443465478277947,58.59750221033434,55.27925142276624,32.20875713361245,6.580401820989456,80.0,0.0,59.99999999999999,59.99999999999999,59.99999999999999,0.0,80.0,59.99999999999999,117.45074493368874,27.28888943196857,77.59597465724606,34.08425928616192,85.99332711636933,13.018865613996091,97.16155185209828,44.98358439705834
80.0,500.0,39.262306054545846,45.08312330904238,32.20875713361245,6.580401820989456,4.986313481924669,28.443465478277947,58.59750221033434,55.27925142276624,80.0,0.0,80.0,59.99999999999999,59.99999999999999,59.99999999999999,59.99999999999999,0.0,117.45074493368874,27.28888943196857,97.16155185209828,44.98358439705834,77.59597465724606,34.08425928616192,85.99332711636933,13.018865613996091
80.0,500.0,39.262306054545846,45.08312330904238,32.20875713361245,6.580401820989456,58.59750221033434,55.27925142276624,4.986313481924669,28.443465478277947,80.0,0.0,80.0,59.99999999999999,59.99999999999999,0.0,59.99999999999999,59.99999999999999,117.45074493368874,27.28888943196857,97.16155185209828,44.98358439705834,85.99332711636933,13.018865613996091,77.59597465724606,34.08425928616192
80.0,500.0,39.262306054545846,45.08312330904238,58.59750221033434,55.27925142276624,4.986313481924669,28.443465478277947,32.20875713361245,6.580401820989456,80.0,0.0,59.99999999999999,0.0,59.99999999999999,59.99999999999999,80.0,59.99999999999999,117.45074493368874,27.28888943196857,85.99332711636933,13.018865613996091,77.59597465724606,34.08425928616192,97.16155185209828,44.98358439705834
80.0,500.0,39.262306054545846,45.08312330904238,58.59750221033434,55.27925142276624,32.20875713361245,6.580401820989456,4.986313481924669,28.443465478277947,80.0,0.0,59.99999999999999,0.0,80.0,59.99999999999999,59.99999999999999,59.99999999999999,117.45074493368874,27.28888943196857,85.99332711636933,13.018865613996091,97.16155185209828,44.98358439705834,77.59597465724606,34.08425928616192
80.0,500.0,32.20875713361245,6.580401820989456,4.986313481924669,28.443465478277947,39.262306054545846,45.08312330904238,58.59750221033434,55.27925142276624,80.0,59.99999999999999,59.99999999999999,59.99999999999999,80.0,0.0,59.99999999999999,0.0,97.16155185209828,44.98358439705834,77.59597465724606,34.08425928616192,117.45074493368874,27.28888943196857,85.99332711636933,13.018865613996091
80.0,500.0,32.20875713361245,6.580401820989456,4.986313481924669,28.443465478277947,58.59750221033434,55.27925142276624,39.262306054545846,45.08312330904238,80.0,59.99999999999999,59.99999999999999,59.99999999999999,59.99999999999999,0.0,80.0,0.0,97.16155185209828,44.98358439705834,77.59597465724606,34.08425928616192,85.99332711636933,13.018865613996091,117.45074493368874,27.28888943196857
80.0,500.0,32.20875713361245,6.580401820989456,39.262306054545846,45.08312330904238,4.986313481924669,28.443465478277947,58.59750221033434,55.27925142276624,80.0,59.99999999999999,80.0,0.0,59.99999999999999,59.99999999999999,59.99999999999999,0.0,97.16155185209828,44.98358439705834,117.45074493368874,27.28888943196857,77.59597465724606,34.08425928616192,85.99332711636933,13.018865613996091
80.0,500.0,32.20875713361245,6.580401820989456,39.262306054545846,45.08312330904238,58.59750221033434,55.27925142276624,4.986313481924669,28.443465478277947,80.0,59.99999999999999,80.0,0.0,59.99999999999999,0.0,59.99999999999999,59.99999999999999,97.16155185209828,44.98358439705834,117.45074493368874,27.28888943196857,85.99332711636933,13.018865613996091,77.59597465724606,34.08425928616192
80.0,500.0,32.20875713361245,6.580401820989456,58.59750221033434,55.27925142276624,4.986313481924669,28.443465478277947,39.262306054545846,45.08312330904238,80.0,59.99999999999999,59.99999999999999,0.0,59.99999999999999,59.99999999999999,80.0,0.0,97.16155185209828,44.98358439705834,85.99332711636933,13.018865613996091,77.59597465724606,34.08425928616192,117.45074493368874,27.28888943196857
80.0,500.0,32.20875713361245,6.580401820989456,58.59750221033434,55.27925142276624,39.262306054545846,45.08312330904238,4.986313481924669,28.443465478277947,80.0,59.99999999999999,59.99999999999999,0.0,80.0,0.0,59.99999999999999,59.99999999999999,97.16155185209828,44.98358439705834,85.99332711636933,13.018865613996091,117.45074493368874,27.28888943196857,77.59597465724606,34.08425928616192
80.0,500.0,58.59750221033434,55.27925142276624,4.986313481924669,28.443465478277947,39.262306054545846,45.08312330904238,32.20875713361245,6.580401820989456,59.99999999999999,0.0,59.99999999999999,59.99999999999999,80.0,0.0,80.0,59.99999999999999,85.99332711636933,13.018865613996091,77.59597465724606,34.08425928616192,117.45074493368874,27.28888943196857,97.16155185209828,44.98358439705834
80.0,500.0,58.59750221033434,55.27925142276624,4.986313481924669,28.443465478277947,32.20875713361245,6.580401820989456,39.262306054545846,45.08312330904238,59.99999999999999,0.0,59.99999999999999,59.99999999999999,80.0,59.99999999999999,80.0,0.0,85.99332711636933,13.018865613996091,77.59597465724606,34.08425928616192,97.16155185209828,44.98358439705834,117.45074493368874,27.28888943196857
80.0,500.0,58.59750221033434,55.27925142276624,39.262306054545846,45.08312330904238,4.986313481924669,28.443465478277947,32.20875713361245,6.580401820989456,59.99999999999999,0.0,80.0,0.0,59.99999999999999,59.99999999999999,80.0,59.99999999999999,85.99332711636933,13.018865613996091,117.45074493368874,27.28888943196857,77.59597465724606,34.08425928616192,97.16155185209828,44.98358439705834
80.0,500.0,58.59750221033434,55.27925142276624,39.262306054545846,45.08312330904238,32.20875713361245,6.580401820989456,4.986313481924669,28.443465478277947,59.99999999999999,0.0,80.0,0.0,80.0,59.99999999999999,59.99999999999999,59.99999999999999,85.99332711636933,13.018865613996091,117.45074493368874,27.28888943196857,97.16155185209828,44.98358439705834,77.59597465724606,34.08425928616192
80.0,500.0,58.59750221033434,55.27925142276624,32.20875713361245,6.580401820989456,4.986313481924669,28.443465478277947,39.262306054545846,45.08312330904238,59.99999999999999,0.0,80.0,59.99999999999999,59.99999999999999,59.99999999999999,80.0,0.0,85.99332711636933,13.018865613996091,97.16155185209828,44.98358439705834,77.59597465724606,34.08425928616192,117.45074493368874,27.28888943196857
80.0,500.0,58.59750221033434,55.27925142276624,32.20875713361245,6.580401820989456,39.262306054545846,45.08312330904238,4.986313481924669,28.443465478277947,59.99999999999999,0.0,80.0,59.99999999999999,80.0,0.0,59.99999999999999,59.99999999999999,85.99332711636933,13.018865613996091,97.16155185209828,44.98358439705834,117.45074493368874,27.28888943196857,77.59597465724606,34.08425928616192
80.0,500.0,5.211348800272397,8.376148412347781,57.369293262625085,17.95851595357707,36.03274430982172,41.498665211570525,9.102339826940264,33.941225583291185,120.0,60.0,80.0,20.0,60.0,0.0,120.0,0.0,97.93623937867108,27.07834489990225,74.98548300090128,23.69337573732708,63.544467196191086,6.016938325149368,113.2125507753433,13.969647846726836
80.0,500.0,5.211348800272397,8.376148412347781,9.102339826940264,33.941225583291185,57.369293262625085,17.95851595357707,36.03274430982172,41.498665211570525,120.0,60.0,120.0,0.0,80.0,20.0,60.0,0.0,97.93623937867108,27.07834489990225,113.2125507753433,13.969647846726836,74.98548300090128,23.69337573732708,63.544467196191086,6.016938325149368
80.0,500.0,5.211348800272397,8.376148412347781,9.102339826940264,33.941225583291185,36.03274430982172,41.498665211570525,57.369293262625085,17.95851595357707,120.0,60.0,120.0,0.0,60.0,0.0,80.0,20.0,97.93623937867108,27.07834489990225,113.2125507753433,13.969647846726836,63.544467196191086,6.016938325149368,74.98548300090128,23.69337573732708
80.0,500.0,5.211348800272397,8.376148412347781,36.03274430982172,41.498665211570525,57.369293262625085,17.95851595357707,9.102339826940264,33.941225583291185,120.0,60.0,60.0,0.0,80.0,20.0,120.0,0.0,97.93623937867108,27.07834489990225,63.544467196191086,6.016938325149368,74.98548300090128,23.69337573732708,113.2125507753433,13.969647846726836
80.0,500.0,5.211348800272397,8.376148412347781,36.03274430982172,41.498665211570525,9.102339826940264,33.941225583291185,57.369293262625085,17.95851595357707,120.0,60.0,60.0,0.0,120.0,0.0,80.0,20.0,97.93623937867108,27.07834489990225,63.544467196191086,6.016938325149368,113.2125507753433,13.969647846726836,74.98548300090128,23.69337573732708
80.0,500.0,57.369293262625085,17.95851595357707,5.211348800272397,8.376148412347781,9.102339826940264,33.941225583291185,36.03274430982172,41.498665211570525,80.0,20.0,120.0,60.0,120.0,0.0,60.0,0.0,74.98548300090128,23.69337573732708,97.93623937867108,27.07834489990225,113.2125507753433,13.969647846726836,63.544467196191086,6.016938325149368
80.0,500.0,57.369293262625085,17.95851595357707,5.211348800272397,8.376148412347781,36.03274430982172,41.498665211570525,9.102339826940264,33.941225583291185,80.0,20.0,120.0,60.0,60.0,0.0,120.0,0.0,74.98548300090128,23.69337573732708,97.93623937867108,27.07834489990225,63.544467196191086,6.016938325149368,113.2125507753433,13.969647846726836
80.0,500.0,57.369293262625085,17.95851595357707,9.102339826940264,33.941225583291185,5.211348800272397,8.376148412347781,36.03274430982172,41.498665211570525,80.0,20.0,120.0,0.0,120.0,60.0,60.0,0.0,74.98548300090128,23.69337573732708,113.2125507753433,13.969647846726836,97.93623937867108,27.07834489990225,63.544467196191086,6.016938325149368
80.0,500.0,57.369293262625085,17.95851595357707,9.102339826940264,33.941225583291185,36.03274430982172,41.498665211570525,5.211348800272397,8.376148412347781,80.0,20.0,120.0,0.0,60.0,0.0,120.0,60.0,74.98548300090128,23.69337573732708,113.2125507753433,13.969647846726836,63.544467196191086,6.016938325149368,97.93623937867108,27.07834489990225
80.0,500.0,57.369293262625085,17.95851595357707,36.03274430982172,41.498665211570525,5.211348800272397,8.376148412347781,9.102339826940264,33.941225583291185,80.0,20.0,60.0,0.0,120.0,60.0,120.0,0.0,74.98548300090128,23.69337573732708,63.544467196191086,6.016938325149368,97.93623937867108,27.07834489990225,113.2125507753433,13.969647846726836
80.0,500.0,57.369293262625085,17.95851595357707,36.03274430982172,41.498665211570525,9.102339826940264,33.941225583291185,5.211348800272397,8.376148412347781,80.0,20.0,60.0,0.0,120.0,0.0,120.0,60.0,74.98548300090128,23.69337573732708,63.544467196191086,6.016938325149368,113.2125507753433,13.969647846726836,97.93623937867108,27.07834489990225
80.0,500.0,9.102339826940264,33.941225583291185,5.211348800272397,8.376148412347781,57.369293262625085,17.95851595357707,36.03274430982172,41.498665211570525,120.0,0.0,120.0,60.0,80.0,20.0,60.0,0.0,113.2125507753433,13.969647846726836,97.93623937867108,27.07834489990225,74.98548300090128,23.69337573732708,63.544467196191086,6.016938325149368
80.0,500.0,9.102339826940264,33.941225583291185,5.211348800272397,8.376148412347781,36.03274430982172,41.498665211570525,57.369293262625085,17.95851595357707,120.0,0.0,120.0,60.0,60.0,0.0,80.0,20.0,113.2125507753433,13.969647846726836,97.93623937867108,27.07834489990225,63.544467196191086,6.016938325149368,74.98548300090128,23.69337573732708
80.0,500.0,9.102339826940264,33.941225583291185,57.369293262625085,17.95851595357707,5.211348800272397,8.376148412347781,36.03274430982172,41.498665211570525,120.0,0.0,80.0,20.0,120.0,60.0,60.0,0.0,113.2125507753433,13.969647846726836,74.98548300090128,23.69337573732708,97.93623937867108,27.07834489990225,63.544467196191086,6.016938325149368
80.0,500.0,9.102339826940264,33.941225583291185,57.369293262625085,17.95851595357707,36.03274430982172,41.498665211570525,5.211348800272397,8.376148412347781,120.0,0.0,80.0,20.0,60.0,0.0,120.0,60.0,113.2125507753433,13.969647846726836,74.98548300090128,23.69337573732708,63.544467196191086,6.016938325149368,97.93623937867108,27.07834489990225
80.0,500.0,9.102339826940264,33.941225583291185,36.03274430982172,41.498665211570525,5.211348800272397,8.376148412347781,57.369293262625085,17.95851595357707,120.0,0.0,60.0,0.0,120.0,60.0,80.0,20.0,113.2125507753433,13.969647846726836,63.544467196191086,6.016938325149368,97.93623937867108,27.07834489990225,74.98548300090128,23.69337573732708
80.0,500.0,9.102339826940264,33.941225583291185,36.03274430982172,41.498665211570525,57.369293262625085,17.95851595357707,5.211348800272397,8.376148412347781,120.0,0.0,60.0,0.0,80.0,20.0,120.0,60.0,113.2125507753433,13.969647846726836,63.544467196191086,6.016938325149368,74.98548300090128,23.69337573732708,97.93623937867108,27.07834489990225
80.0,500.0,36.03274430982172,41.498665211570525,5.211348800272397,8.376148412347781,57.369293262625085,17.95851595357707,9.102339826940264,33.941225583291185,60.0,0.0,120.0,60.0,80.0,20.0,120.0,0.0,63.544467196191086,6.016938325149368,97.93623937867108,27.07834489990225,74.98548300090128,23.69337573732708,113.2125507753433,13.969647846726836
80.0,500.0,36.03274430982172,41.498665211570525,5.211348800272397,8.376148412347781,9.102339826940264,33.941225583291185,57.369293262625085,17.95851595357707,60.0,0.0,120.0,60.0,120.0,0.0,80.0,20.0,63.544467196191086,6.016938325149368,97.93623937867108,27.07834489990225,113.2125507753433,13.969647846726836,74.98548300090128,23.69337573732708
80.0,500.0,36.03274430982172,41.498665211570525,57.369293262625085,17.95851595357707,5.211348800272397,8.376148412347781,9.102339826940264,33.941225583291185,60.0,0.0,80.0,20.0,120.0,60.0,120.0,0.0,63.544467196191086,6.016938325149368,74.98548300090128,23.69337573732708,97.93623937867108,27.07834489990225,113.2125507753433,13.969647846726836
80.0,500.0,36.03274430982172,41.498665211570525,57.369293262625085,17.95851595357707,9.102339826940264,33.941225583291185,5.211348800272397,8.376148412347781,60.0,0.0,80.0,20.0,120.0,0.0,120.0,60.0,63.544467196191086,6.016938325149368,74.98548300090128,23.69337573732708,113.2125507753433,13.969647846726836,97.93623937867108,27.07834489990225
80.0,500.0,36.03274430982172,41.498665211570525,9.102339826940264,33.941225583291185,5.211348800272397,8.376148412347781,57.369293262625085,17.95851595357707,60.0,0.0,120.0,0.0,120.0,60.0,80.0,20.0,63.544467196191086,6.016938325149368,113.2125507753433,13.969647846726836,97.93623937867108,27.07834489990225,74.98548300090128,23.69337573732708
80.0,500.0,36.03274430982172,41.498665211570525,9.102339826940264,33.941225583291185,57.369293262625085,17.95851595357707,5.211348800272397,8.376148412347781,60.0,0.0,120.0,0.0,80.0,20.0,120.0,60.0,63.544467196191086,6.016938325149368,113.2125507753433,13.969647846726836,74.98548300090128,23.69337573732708,97.93623937867108,27.07834489990225
80.0,500.0,44.34573782095048,36.33570249394532,0.3037399981834165,56.947888135775045,59.54855169804455,1.5227202548656282,20.561475412279616,42.77581139119352,100.00000000000001,0.0,120.0,0.0,80.0,40.0,60.0,0.0,72.95640951767676,21.766711911498547,114.67319808932156,6.020268983066714,70.22484274175746,46.03088061608402,93.42303651614446,18.29181070275648
80.0,500.0,44.34573782095048,36.33570249394532,20.561475412279616,42.77581139119352,0.3037399981834165,56.947888135775045,59.54855169804455,1.5227202548656282,100.00000000000001,0.0,60.0,0.0,120.0,0.0,80.0,40.0,72.95640951767676,21.766711911498547,93.42303651614446,18.29181070275648,114.67319808932156,6.020268983066714,70.22484274175746,46.03088061608402
80.0,500.0,44.34573782095048,36.33570249394532,20.561475412279616,42.77581139119352,59.54855169804455,1.5227202548656282,0.3037399981834165,56.947888135775045,100.00000000000001,0.0,60.0,0.0,80.0,40.0,120.0,0.0,72.95640951767676,21.766711911498547,93.42303651614446,18.29181070275648,70.22484274175746,46.03088061608402,114.67319808932156,6.020268983066714
80.0,500.0,44.34573782095048,36.33570249394532,59.54855169804455,1.5227202548656282,0.3037399981834165,56.947888135775045,20.561475412279616,42.77581139119352,100.00000000000001,0.0,80.0,40.0,120.0,0.0,60.0,0.0,72.95640951767676,21.766711911498547,70.22484274175746,46.03088061608402,114.67319808932156,6.020268983066714,93.42303651614446,18.29181070275648
80.0,500.0,44.34573782095048,36.33570249394532,59.54855169804455,1.5227202548656282,20.561475412279616,42.77581139119352,0.3037399981834165,56.947888135775045,100.00000000000001,0.0,80.0,40.0,60.0,0.0,120.0,0.0,72.95640951767676,21.766711911498547,70.22484274175746,46.03088061608402,93.42303651614446,18.29181070275648,114.67319808932156,6.020268983066714
80.0,500.0,0.3037399981834165,56.947888135775045,44.34573782095048,36.33570249394532,20.561475412279616,42.77581139119352,59.54855169804455,1.5227202548656282,120.0,0.0,100.00000000000001,0.0,60.0,0.0,80.0,40.0,114.67319808932156,6.020268983066714,72.95640951767676,21.766711911498547,93.42303651614446,18.29181070275648,70.22484274175746,46.03088061608402
80.0,500.0,0.3037399981834165,56.947888135775045,44.34573782095048,36.33570249394532,59.54855169804455,1.5227202548656282,20.561475412279616,42.77581139119352,120.0,0.0,100.00000000000001,0.0,80.0,40.0,60.0,0.0,114.67319808932156,6.020268983066714,72.95640951767676,21.766711911498547,70.22484274175746,46.03088061608402,93.42303651614446,18.29181070275648
80.0,500.0,0.3037399981834165,56.947888135775045,20.561475412279616,42.77581139119352,44.34573782095048,36.33570249394532,59.54855169804455,1.5227202548656282,120.0,0.0,60.0,0.0,100.00000000000001,0.0,80.0,40.0,114.67319808932156,6.020268983066714,93.42303651614446,18.29181070275648,72.95640951767676,21.766711911498547,70.22484274175746,46.03088061608402
80.0,500.0,0.3037399981834165,56.947888135775045,20.561475412279616,42.77581139119352,59.54855169804455,1.5227202548656282,44.34573782095048,36.33570249394532,120.0,0.0,60.0,0.0,80.0,40.0,100.00000000000001,0.0,114.67319808932156,6.020268983066714,93.42303651614446,18.29181070275648,70.22484274175746,46.03088061608402,72.95640951767676,21.766711911498547
80.0,500.0,0.3037399981834165,56.947888135775045,59.54855169804455,1.5227202548656282,44.34573782095048,36.33570249394532,20.561475412279616,42.77581139119352,120.0,0.0,80.0,40.0,100.00000000000001,0.0,60.0,0.0,114.67319808932156,6.020268983066714,70.22484274175746,46.03088061608402,72.95640951767676,21.766711911498547,93.42303651614446,18.29181070275648
80.0,500.0,0.3037399981834165,56.947888135775045,59.54855169804455,1.5227202548656282,20.561475412279616,42.77581139119352,44.34573782095048,36.33570249394532,120.0,0.0,80.0,40.0,60.0,0.0,100.00000000000001,0.0,114.67319808932156,6.020268983066714,70.22484274175746,46.03088061608402,93.42303651614446,18.29181070275648,72.95640951767676,21.766711911498547
80.0,500.0,20.561475412279616,42.77581139119352,44.34573782095048,36.33570249394532,0.3037399981834165,56.947888135775045,59.54855169804455,1.5227202548656282,60.0,0.0,100.00000000000001,0.0,120.0,0.0,80.0,40.0,93.42303651614446,18.29181070275648,72.95640951767676,21.766711911498547,114.67319808932156,6.020268983066714,70.22484274175746,46.03088061608402
80.0,500.0,20.561475412279616,42.77581139119352,44.34573782095048,36.33570249394532,59.54855169804455,1.5227202548656282,0.3037399981834165,56.947888135775045,60.0,0.0,100.00000000000001,0.0,80.0,40.0,120.0,0.0,93.42303651614446,18.29181070275648,72.95640951767676,21.766711911498547,70.22484274175746,46.03088061608402,114.67319808932156,6.020268983066714
80.0,500.0,20.561475412279616,42.77581139119352,0.3037399981834165,56.947888135775045,44.34573782095048,36.33570249394532,59.54855169804455,1.5227202548656282,60.0,0.0,120.0,0.0,100.00000000000001,0.0,80.0,40.0,93.42303651614446,18.29181070275648,114.67319808932156,6.020268983066714,72.95640951767676,21.766711911498547,70.22484274175746,46.03088061608402
80.0,500.0,20.561475412279616,42.77581139119352,0.3037399981834165,56.947888135775045,59.54855169804455,1.5227202548656282,44.34573782095048,36.33570249394532,60.0,0.0,120.0,0.0,80.0,40.0,100.00000000000001,0.0,93.42303651614446,18.29181070275648,114.67319808932156,6.020268983066714,70.22484274175746,46.03088061608402,72.95640951767676,21.766711911498547
80.0,500.0,20.561475412279616,42.77581139119352,59.54855169804455,1.5227202548656282,44.34573782095048,36.33570249394532,0.3037399981834165,56.947888135775045,60.0,0.0,80.0,40.0,100.00000000000001,0.0,120.0,0.0,93.42303651614446,18.29181070275648,70.22484274175746,46.03088061608402,72.95640951767676,21.766711911498547,114.67319808932156,6.020268983066714
80.0,500.0,20.561475412279616,42.77581139119352,59.54855169804455,1.5227202548656282,0.3037399981834165,56.947888135775045,44.34573782095048,36.33570249394532,60.0,0.0,80.0,40.0,120.0,0.0,100.00000000000001,0.0,93.42303651614446,18.29181070275648,70.22484274175746,46.03088061608402,114.67319808932156,6.020268983066714,72.95640951767676,21.766711911498547
80.0,500.0,59.54855169804455,1.5227202548656282,44.34573782095048,36.33570249394532,0.3037399981834165,56.947888135775045,20.561475412279616,42.77581139119352,80.0,40.0,100.00000000000001,0.0,120.0,0.0,60.0,0.0,70.22484274175746,46.03088061608402,72.95640951767676,21.766711911498547,114.67319808932156,6.020268983066714,93.42303651614446,18.29181070275648
80.0,500.0,59.54855169804455,1.5227202548656282,44.34573782095048,36.33570249394532,20.561475412279616,42.77581139119352,0.3037399981834165,56.947888135775045,80.0,40.0,100.00000000000001,0.0,60.0,0.0,120.0,0.0,70.22484274175746,46.03088061608402,72.95640951767676,21.766711911498547,93.42303651614446,18.29181070275648,114.67319808932156,6.020268983066714
80.0,500.0,59.54855169804455,1.5227202548656282,0.3037399981834165,56.947888135775045,44.34573782095048,36.33570249394532,20.561475412279616,42.77581139119352,80.0,40.0,120.0,0.0,100.00000000000001,0.0,60.0,0.0,70.22484274175746,46.03088061608402,114.67319808932156,6.020268983066714,72.95640951767676,21.766711911498547,93.42303651614446,18.29181070275648
80.0,500.0,59.54855169804455,1.5227202548656282,0.3037399981834165,56.947888135775045,20.561475412279616,42.77581139119352,44.34573782095048,36.33570249394532,80.0,40.0,120.0,0.0,60.0,0.0,100.00000000000001,0.0,70.22484274175746,46.03088061608402,114.67319808932156,6.020268983066714,93.42303651614446,18.29181070275648,72.95640951767676,21.766711911498547
80.0,500.0,59.54855169804455,1.5227202548656282,20.561475412279616,42.77581139119352,44.34573782095048,36.33570249394532,0.3037399981834165,56.947888135775045,80.0,40.0,60.0,0.0,100.00000000000001,0.0,120.0,0.0,70.22484274175746,46.03088061608402,93.42303651614446,18.29181070275648,72.95640951767676,21.766711911498547,114.67319808932156,6.020268983066714
80.0,500.0,59.54855169804455,1.5227202548656282,20.561475412279616,42.77581139119352,0.3037399981834165,56.947888135775045,44.34573782095048,36.33570249394532,80.0,40.0,60.0,0.0,120.0,0.0,100.00000000000001,0.0,70.22484274175746,46.03088061608402,93.42303651614446,18.29181070275648,114.67319808932156,6.020268983066714,72.95640951767676,21.766711911498547
93.33333333333334,500.0,12.185706071055533,9.871360616351224,38.18921908201288,21.308982164732328,2.5780299027295883,43.858517242007046,58.72518985345108,37.79540027620673,119.99999999999999,40.0,80.0,20.0,100.00000000000001,20.0,59.99999999999999,20.0,108.10197590849646,49.44486838870017,73.93499520223932,39.59655267179408,116.35770815826606,26.069806321997525,86.80959979141255,24.239883759247945
93.33333333333334,500.0,12.185706071055533,9.871360616351224,58.72518985345108,37.79540027620673,38.18921908201288,21.308982164732328,2.5780299027295883,43.858517242007046,119.99999999999999,40.0,59.99999999999999,20.0,80.0,20.0,100.00000000000001,20.0,108.10197590849646,49.44486838870017,86.80959979141255,24.239883759247945,73.93499520223932,39.59655267179408,116.35770815826606,26.069806321997525
93.33333333333334,500.0,12.185706071055533,9.871360616351224,58.72518985345108,37.79540027620673,2.5780299027295883,43.858517242007046,38.18921908201288,21.308982164732328,119.99999999999999,40.0,59.99999999999999,20.0,100.00000000000001,20.0,80.0,20.0,108.10197590849646,49.44486838870017,86.80959979141255,24.239883759247945,116.35770815826606,26.069806321997525,73.93499520223932,39.59655267179408
93.33333333333334,500.0,12.185706071055533,9.871360616351224,2.5780299027295883,43.858517242007046,38.18921908201288,21.308982164732328,58.72518985345108,37.79540027620673,119.99999999999999,40.0,100.00000000000001,20.0,80.0,20.0,59.99999999999999,20.0,108.10197590849646,49.44486838870017,116.35770815826606,26.069806321997525,73.93499520223932,39.59655267179408,86.80959979141255,24.239883759247945
93.33333333333334,500.0,12.185706071055533,9.871360616351224,2.5780299027295883,43.858517242007046,58.72518985345108,37.79540027620673,38.18921908201288,21.308982164732328,119.99999999999999,40.0,100.00000000000001,20.0,59.99999999999999,20.0,80.0,20.0,108.10197590849646,49.44486838870017,116.35770815826606,26.069806321997525,86.80959979141255,24.239883759247945,73.93499520223932,39.59655267179408
93.33333333333334,500.0,38.18921908201288,21.308982164732328,12.185706071055533,9.871360616351224,58.72518985345108,37.79540027620673,2.5780299027295883,43.858517242007046,80.0,20.0,119.99999999999999,40.0,59.99999999999999,20.0,100.00000000000001,20.0,73.93499520223932,39.59655267179408,108.10197590849646,49.44486838870017,86.80959979141255,24.239883759247945,116.35770815826606,26.069806321997525
93.33333333333334,500.0,38.18921908201288,21.308982164732328,12.185706071055533,9.871360616351224,2.5780299027295883,43.858517242007046,58.72518985345108,37.79540027620673,80.0,20.0,119.99999999999999,40.0,100.00000000000001,20.0,59.99999999999999,20.0,73.93499520223932,39.59655267179408,108.10197590849646,49.44486838870017,116.35770815826606,26.069806321997525,86.80959979141255,24.239883759247945
93.33333333333334,500.0,38.18921908201288,21.308982164732328,58.72518985345108,37.79540027620673,12.185706071055533,9.871360616351224,2.5780299027295883,43.858517242007046,80.0,20.0,59.99999999999999,20.0,119.99999999999999,40.0,100.0,20.0,73.93499520223932,39.59655267179408,86.80959979141255,24.239883759247945,108.10197590849646,49.44486838870017,116.35770815826606,26.069806321997525
93.33333333333334,500.0,38.18921908201288,21.308982164732328,58.72518985345108,37.79540027620673,2.5780299027295883,43.858517242007046,12.185706071055533,9.871360616351224,80.0,20.0,59.99999999999999,20.0,100.0,20.0,119.99999999999999,40.0,73.93499520223932,39.59655267179408,86.80959979141255,24.239883759247945,116.35770815826606,26.069806321997525,108.10197590849646,49.44486838870017
93.33333333333334,500.0,38.18921908201288,21.308982164732328,2.5780299027295883,43.858517242007046,12.185706071055533,9.871360616351224,58.72518985345108,37.79540027620673,80.0,20.0,100.00000000000001,20.0,119.99999999999999,40.0,59.99999999999999,20.0,73.93499520223932,39.59655267179408,116.35770815826606,26.069806321997525,108.10197590849646,49.44486838870017,86.80959979141255,24.239883759247945
93.33333333333334,500.0,38.18921908201288,21.308982164732328,2.5780299027295883,43.858517242007046,58.72518985345108,37.79540027620673,12.185706071055533,9.871360616351224,80.0,20.0,100.0,20.0,59.99999999999999,20.0,119.99999999999999,40.0,73.93499520223932,39.59655267179408,116.35770815826606,26.069806321997525,86.80959979141255,24.239883759247945,108.10197590849646,49.44486838870017
93.33333333333334,500.0,58.72518985345108,37.79540027620673,12.185706071055533,9.871360616351224,38.18921908201288,21.308982164732328,2.5780299027295883,43.858517242007046,59.99999999999999,20.0,119.99999999999999,40.0,80.0,20.0,100.0,20.0,86.80959979141255,24.239883759247945,108.10197590849646,49.44486838870017,73.93499520223932,39.59655267179408,116.35770815826606,26.069806321997525
93.33333333333334,500.0,58.72518985345108,37.79540027620673,12.185706071055533,9.871360616351224,2.5780299027295883,43.858517242007046,38.18921908201288,21.308982164732328,59.99999999999999,20.0,119.99999999999999,40.0,100.0,20.0,80.0,20.0,86.80959979141255,24.239883759247945,108.10197590849646,49.44486838870017,116.35770815826606,26.069806321997525,73.93499520223932,39.59655267179408
93.33333333333334,500.0,58.72518985345108,37.79540027620673,38.18921908201288,21.308982164732328,12.185706071055533,9.871360616351224,2.5780299027295883,43.858517242007046,59.99999999999999,20.0,80.0,20.0,119.99999999999999,40.0,100.0,20.0,86.80959979141255,24.239883759247945,73.93499520223932,39.59655267179408,108.10197590849646,49.44486838870017,116.35770815826606,26.069806321997525
93.33333333333334,500.0,58.72518985345108,37.79540027620673,38.18921908201288,21.308982164732328,2.5780299027295883,43.858517242007046,12.185706071055533,9.871360616351224,59.99999999999999,20.0,80.0,20.0,100.0,20.0,119.99999999999999,40.0,86.80959979141255,24.239883759247945,73.93499520223932,39.59655267179408,116.35770815826606,26.069806321997525,108.10197590849646,49.44486838870017
93.33333333333334,500.0,58.72518985345108,37.79540027620673,2.5780299027295883,43.858517242007046,12.185706071055533,9.871360616351224,38.18921908201288,21.308982164732328,59.99999999999999,20.0,100.0,20.0,119.99999999999999,40.0,80.0,20.0,86.80959979141255,24.239883759247945,116.35770815826606,26.069806321997525,108.10197590849646,49.44486838870017,73.93499520223932,39.59655267179408
93.33333333333334,500.0,58.72518985345108,37.79540027620673,2.5780299027295883,43.858517242007046,38.18921908201288,21.308982164732328,12.185706071055533,9.871360616351224,59.99999999999999,20.0,100.0,20.0,80.0,20.0,119.99999999999999,40.0,86.80959979141255,24.239883759247945,116.35770815826606,26.069806321997525,73.93499520223932,39.59655267179408,108.10197590849646,49.44486838870017
93.33333333333334,500.0,2.5780299027295883,43.858517242007046,12.185706071055533,9.871360616351224,38.18921908201288,21.308982164732328,58.72518985345108,37.79540027620673,100.00000000000001,20.0,119.99999999999999,40.0,80.0,20.0,59.99999999999999,20.0,116.35770815826606,26.069806321997525,108.10197590849646,49.44486838870017,73.93499520223932,39.59655267179408,86.80959979141255,24.239883759247945
93.33333333333334,500.0,2.5780299027295883,43.858517242007046,12.185706071055533,9.871360616351224,58.72518985345108,37.79540027620673,38.18921908201288,21.308982164732328,100.00000000000001,20.0,119.99999999999999,40.0,59.99999999999999,20.0,80.0,20.0,116.35770815826606,26.069806321997525,108.10197590849646,49.44486838870017,86.80959979141255,24.239883759247945,73.93499520223932,39.59655267179408
93.33333333333334,500.0,2.5780299027295883,43.858517242007046,38.18921908201288,21.308982164732328,12.185706071055533,9.871360616351224,58.72518985345108,37.79540027620673,100.00000000000001,20.0,80.0,20.0,119.99999999999999,40.0,59.99999999999999,20.0,116.35770815826606,26.069806321997525,73.93499520223932,39.59655267179408,108.10197590849646,49.44486838870017,86.80959979141255,24.239883759247945
93.33333333333334,500.0,2.5780299027295883,43.858517242007046,38.18921908201288,21.308982164732328,58.72518985345108,37.79540027620673,12.185706071055533,9.871360616351224,100.0,20.0,80.0,20.0,59.99999999999999,20.0,119.99999999999999,40.0,116.35770815826606,26.069806321997525,73.93499520223932,39.59655267179408,86.80959979141255,24.239883759247945,108.10197590849646,49.44486838870017
93.33333333333334,500.0,2.5780299027295883,43.858517242007046,58.72518985345108,37.79540027620673,12.185706071055533,9.871360616351224,38.18921908201288,21.308982164732328,100.0,20.0,59.99999999999999,20.0,119.99999999999999,40.0,80.0,20.0,116.35770815826606,26.069806321997525,86.80959979141255,24.239883759247945,108.10197590849646,49.44486838870017,73.93499520223932,39.59655267179408
93.33333333333334,500.0,2.5780299027295883,43.858517242007046,58.72518985345108,37.79540027620673,38.18921908201288,21.308982164732328,12.185706071055533,9.871360616351224,100.0,20.0,59.99999999999999,20.0,80.0,20.0,119.99999999999999,40.0,116.35770815826606,26.069806321997525,86.80959979141255,24.239883759247945,73.93499520223932,39.59655267179408,108.10197590849646,49.44486838870017
93.33333333333334,500.0,35.82627493799728,53.58846969708266,43.20819699126219,7.507231169927746,12.730123982247626,51.94818559507895,11.735130422584266,27.941518173983763,59.99999999999999,20.0,59.99999999999999,59.99999999999999,100.0,20.0,100.0,40.0,64.97819895981867,10.794401256567768,77.99330694188333,34.011256162187365,87.47833205142285,7.412053024674755,104.92993609313052,19.971881892464587
93.33333333333334,500.0,35.82627493799728,53.58846969708266,11.735130422584266,27.941518173983763,43.20819699126219,7.507231169927746,12.730123982247626,51.94818559507895,59.99999999999999,20.0,100.0,40.0,59.99999999999999,59.99999999999999,100.0,20.0,64.97819895981867,10.794401256567768,104.92993609313052,19.971881892464587,77.99330694188333,34.011256162187365,87.47833205142285,7.412053024674755
93.33333333333334,500.0,35.82627493799728,53.58846969708266,11.735130422584266,27.941518173983763,12.730123982247626,51.94818559507895,43.20819699126219,7.507231169927746,59.99999999999999,20.0,100.0,40.0,100.0,20.0,59.99999999999999,59.99999999999999,64.97819895981867,10.794401256567768,104.92993609313052,19.971881892464587,87.47833205142285,7.412053024674755,77.99330694188333,34.011256162187365
93.33333333333334,500.0,35.82627493799728,53.58846969708266,12.730123982247626,51.94818559507895,43.20819699126219,7.507231169927746,11.735130422584266,27.941518173983763,59.99999999999999,20.0,100.0,20.0,59.99999999999999,59.99999999999999,100.0,40.0,64.97819895981867,10.794401256567768,87.47833205142285,7.412053024674755,77.99330694188333,34.011256162187365,104.92993609313052,19.971881892464587
93.33333333333334,500.0,35.82627493799728,53.58846969708266,12.730123982247626,51.94818559507895,11.735130422584266,27.941518173983763,43.20819699126219,7.507231169927746,59.99999999999999,20.0,100.0,20.0,100.0,40.0,59.99999999999999,59.99999999999999,64.97819895981867,10.794401256567768,87.47833205142285,7.412053024674755,104.92993609313052,19.971881892464587,77.99330694188333,34.011256162187365
93.33333333333334,500.0,43.20819699126219,7.507231169927746,35.82627493799728,53.58846969708266,11.735130422584266,27.941518173983763,12.730123982247626,51.94818559507895,59.99999999999999,59.99999999999999,59.99999999999999,20.0,100.0,40.0,100.0,20.0,77.99330694188333,34.011256162187365,64.97819895981867,10.794401256567768,104.92993609313052,19.971881892464587,87.47833205142285,7.412053024674755
93.33333333333334,500.0,43.20819699126219,7.507231169927746,35.82627493799728,53.58846969708266,12.730123982247626,51.94818559507895,11.735130422584266,27.941518173983763,59.99999999999999,59.99999999999999,59.99999999999999,20.0,100.0,20.0,100.0,40.0,77.99330694188333,34.011256162187365,64.97819895981867,10.794401256567768,87.47833205142285,7.412053024674755,104.92993609313052,19.971881892464587
93.33333333333334,500.0,43.20819699126219,7.507231169927746,11.735130422584266,27.941518173983763,35.82627493799728,53.58846969708266,12.730123982247626,51.94818559507895,59.99999999999999,59.99999999999999,100.0,40.0,59.99999999999999,20.0,100.0,20.0,77.99330694188333,34.011256162187365,104.92993609313052,19.971881892464587,64.97819895981867,10.794401256567768,87.47833205142285,7.412053024674755
93.33333333333334,500.0,43.20819699126219,7.507231169927746,11.735130422584266,27.941518173983763,12.730123982247626,51.94818559507895,35.82627493799728,53.58846969708266,59.99999999999999,59.99999999999999,100.0,40.0,100.0,20.0,59.99999999999999,20.0,77.99330694188333,34.011256162187365,104.92993609313052,19.971881892464587,87.47833205142285,7.412053024674755,64.97819895981867,10.794401256567768
93.33333333333334,500.0,43.20819699126219,7.507231169927746,12.730123982247626,51.94818559507895,35.82627493799728,53.58846969708266,11.735130422584266,27.941518173983763,59.99999999999999,59.99999999999999,100.0,20.0,59.99999999999999,20.0,100.0,40.0,77.99330694188333,34.011256162187365,87.47833205142285,7.412053024674755,64.97819895981867,10.794401256567768,104.92993609313052,19.971881892464587
93.33333333333334,500.0,43.20819699126219,7.507231169927746,12.730123982247626,51.94818559507895,11.735130422584266,27.941518173983763,35.82627493799728,53.58846969708266,59.99999999999999,59.99999999999999,100.0,20.0,100.0,40.0,59.99999999999999,20.0,77.99330694188333,34.011256162187365,87.47833205142285,7.412053024674755,104.92993609313052,19.971881892464587,64.97819895981867,10.794401256567768
93.33333333333334,500.0,11.735130422584266,27.941518173983763,35.82627493799728,53.58846969708266,43.20819699126219,7.507231169927746,12.730123982247626,51.94818559507895,100.0,40.0,59.99999999999999,20.0,59.99999999999999,59.99999999999999,100.0,20.0,104.92993609313052,19.971881892464587,64.97819895981867,10.794401256567768,77.99330694188333,34.011256162187365,87.47833205142285,7.412053024674755
93.33333333333334,500.0,11.735130422584266,27.941518173983763,35.82627493799728,53.58846969708266,12.730123982247626,51.94818559507895,43.20819699126219,7.507231169927746,100.0,40.0,59.99999999999999,20.0,100.0,20.0,59.99999999999999,59.99999999999999,104.92993609313052,19.971881892464587,64.97819895981867,10.794401256567768,87.47833205142285,7.412053024674755,77.99330694188333,34.011256162187365
93.33333333333334,500.0,11.735130422584266,27.941518173983763,43.20819699126219,7.507231169927746,35.82627493799728,53.58846969708266,12.730123982247626,51.94818559507895,100.0,40.0,59.99999999999999,59.99999999999999,59.99999999999999,20.0,100.0,20.0,104.92993609313052,19.971881892464587,77.99330694188333,34.011256162187365,64.97819895981867,10.794401256567768,87.47833205142285,7.412053024674755
93.33333333333334,500.0,11.735130422584266,27.941518173983763,43.20819699126219,7.507231169927746,12.730123982247626,51.94818559507895,35.82627493799728,53.58846969708266,100.0,40.0,59.99999999999999,59.99999999999999,100.0,20.0,59.99999999999999,20.0,104.92993609313052,19.971881892464587,77.99330694188333,34.011256162187365,87.47833205142285,7.412053024674755,64.97819895981867,10.794401256567768
93.33333333333334,500.0,11.735130422584266,27.941518173983763,12.730123982247626,51.94818559507895,35.82627493799728,53.58846969708266,43.20819699126219,7.507231169927746,100.0,40.0,100.0,20.0,59.99999999999999,20.0,59.99999999999999,59.99999999999999,104.92993609313052,19.971881892464587,87.47833205142285,7.412053024674755,64.97819895981867,10.794401256567768,77.99330694188333,34.011256162187365
93.33333333333334,500.0,11.735130422584266,27.941518173983763,12.730123982247626,51.94818559507895,43.20819699126219,7.507231169927746,35.82627493799728,53.58846969708266,100.0,40.0,100.0,20.0,59.99999999999999,59.99999999999999,59.99999999999999,20.0,104.92993609313052,19.971881892464587,87.47833205142285,7.412053024674755,77.99330694188333,34.011256162187365,64.97819895981867,10.794401256567768
93.33333333333334,500.0,12.730123982247626,51.94818559507895,35.82627493799728,53.58846969708266,43.20819699126219,7.507231169927746,11.735130422584266,27.941518173983763,100.0,20.0,59.99999999999999,20.0,59.99999999999999,59.99999999999999,100.0,40.0,87.47833205142285,7.412053024674755,64.97819895981867,10.794401256567768,77.99330694188333,34.011256162187365,104.92993609313052,19.971881892464587
93.33333333333334,500.0,12.730123982247626,51.94818559507895,35.82627493799728,53.58846969708266,11.735130422584266,27.941518173983763,43.20819699126219,7.507231169927746,100.0,20.0,59.99999999999999,20.0,100.0,40.0,59.99999999999999,59.99999999999999,87.47833205142285,7.412053024674755,64.97819895981867,10.794401256567768,104.92993609313052,19.971881892464587,77.99330694188333,34.011256162187365
93.33333333333334,500.0,12.730123982247626,51.94818559507895,43.20819699126219,7.507231169927746,35.82627493799728,53.58846969708266,11.735130422584266,27.941518173983763,100.0,20.0,59.99999999999999,59.99999999999999,59.99999999999999,20.0,100.0,40.0,87.47833205142285,7.412053024674755,77.99330694188333,34.011256162187365,64.97819895981867,10.794401256567768,104.92993609313052,19.971881892464587
93.33333333333334,500.0,12.730123982247626,51.94818559507895,43.20819699126219,7.507231169927746,11.735130422584266,27.941518173983763,35.82627493799728,53.58846969708266,100.0,20.0,59.99999999999999,59.99999999999999,100.0,40.0,59.99999999999999,20.0,87.47833205142285,7.412053024674755,77.99330694188333,34.011256162187365,104.92993609313052,19.971881892464587,64.97819895981867,10.794401256567768
93.33333333333334,500.0,12.730123982247626,51.94818559507895,11.735130422584266,27.941518173983763,35.82627493799728,53.58846969708266,43.20819699126219,7.507231169927746,100.0,20.0,100.0,40.0,59.99999999999999,20.0,59.99999999999999,59.99999999999999,87.47833205142285,7.412053024674755,104.92993609313052,19.971881892464587,64.97819895981867,10.794401256567768,77.99330694188333,34.011256162187365
93.33333333333334,500.0,12.730123982247626,51.94818559507895,11.735130422584266,27.941518173983763,43.20819699126219,7.507231169927746,35.82627493799728,53.58846969708266,100.0,20.0,100.0,40.0,59.99999999999999,59.99999999999999,59.99999999999999,20.0,87.47833205142285,7.412053024674755,104.92993609313052,19.971881892464587,77.99330694188333,34.011256162187365,64.97819895981867,10.794401256567768
93.33333333333334,500.0,54.54792674276843,52.36671813014358,26.083593019704068,55.73514920181355,53.37758006349498,9.829793063811872,7.387638858235346,41.06335839119891,60.0,0.0,120.0,0.0,60.0,40.0,100.0,20.0,64.00979874527908,24.995259964822505,107.47939513262476,19.42038959325168,62.85946600928932,53.931032992453545,90.31819677367749,31.40461812684697
93.33333333333334,500.0,54.54792674276843,52.36671813014358,7.387638858235346,41.06335839119891,26.083593019704068,55.73514920181355,53.37758006349498,9.829793063811872,60.0,0.0,100.0,20.0,120.0,0.0,60.0,40.0,64.00979874527908,24.995259964822505,90.31819677367749,31.40461812684697,107.47939513262476,19.42038959325168,62.85946600928932,53.931032992453545
93.33333333333334,500.0,54.54792674276843,52.36671813014358,7.387638858235346,41.06335839119891,53.37758006349498,9.829793063811872,26.083593019704068,55.73514920181355,60.0,0.0,100.0,20.0,60.0,40.0,120.0,0.0,64.00979874527908,24.995259964822505,90.31819677367749,31.40461812684697,62.85946600928932,53.931032992453545,107.47939513262476,19.42038959325168
93.33333333333334,500.0,54.54792674276843,52.36671813014358,53.37758006349498,9.829793063811872,26.083593019704068,55.73514920181355,7.387638858235346,41.06335839119891,60.0,0.0,60.0,40.0,120.0,0.0,100.0,20.0,64.00979874527908,24.995259964822505,62.85946600928932,53.931032992453545,107.47939513262476,19.42038959325168,90.31819677367749,31.40461812684697
93.33333333333334,500.0,54.54792674276843,52.36671813014358,53.37758006349498,9.829793063811872,7.387638858235346,41.06335839119891,26.083593019704068,55.73514920181355,60.0,0.0,60.0,40.0,100.0,20.0,120.0,0.0,64.00979874527908,24.995259964822505,62.85946600928932,53.931032992453545,90.31819677367749,31.40461812684697,107.47939513262476,19.42038959325168
93.33333333333334,500.0,26.083593019704068,55.73514920181355,54.54792674276843,52.36671813014358,7.387638858235346,41.06335839119891,53.37758006349498,9.829793063811872,120.0,0.0,60.0,0.0,100.0,20.0,60.0,40.0,107.47939513262476,19.42038959325168,64.00979874527908,24.995259964822505,90.31819677367749,31.40461812684697,62.85946600928932,53.931032992453545
93.33333333333334,500.0,26.083593019704068,55.73514920181355,54.54792674276843,52.36671813014358,53.37758006349498,9.829793063811872,7.387638858235346,41.06335839119891,120.0,0.0,60.0,0.0,60.0,40.0,100.0,20.0,107.47939513262476,19.42038959325168,64.00979874527908,24.995259964822505,62.85946600928932,53.931032992453545,90.31819677367749,31.40461812684697
93.33333333333334,500.0,26.083593019704068,55.73514920181355,7.387638858235346,41.06335839119891,54.54792674276843,52.36671813014358,53.37758006349498,9.829793063811872,120.0,0.0,100.0,20.0,60.0,0.0,60.0,40.0,107.47939513262476,19.42038959325168,90.31819677367749,31.40461812684697,64.00979874527908,24.995259964822505,62.85946600928932,53.931032992453545
93.33333333333334,500.0,26.083593019704068,55.73514920181355,7.387638858235346,41.06335839119891,53.37758006349498,9.829793063811872,54.54792674276843,52.36671813014358,120.0,0.0,100.0,20.0,60.0,40.0,60.0,0.0,107.47939513262476,19.42038959325168,90.31819677367749,31.40461812684697,62.85946600928932,53.931032992453545,64.00979874527908,24.995259964822505
93.33333333333334,500.0,26.083593019704068,55.73514920181355,53.37758006349498,9.829793063811872,54.54792674276843,52.36671813014358,7.387638858235346,41.06335839119891,120.0,0.0,60.0,40.0,60.0,0.0,100.0,20.0,107.47939513262476,19.42038959325168,62.85946600928932,53.931032992453545,64.00979874527908,24.995259964822505,90.31819677367749,31.40461812684697
93.33333333333334,500.0,26.083593019704068,55.73514920181355,53.37758006349498,9.829793063811872,7.387638858235346,41.06335839119891,54.54792674276843,52.36671813014358,120.0,0.0,60.0,40.0,100.0,20.0,60.0,0.0,107.47939513262476,19.42038959325168,62.85946600928932,53.931032992453545,90.31819677367749,31.40461812684697,64.00979874527908,24.995259964822505
93.33333333333334,500.0,7.387638858235346,41.06335839119891,54.54792674276843,52.36671813014358,26.083593019704068,55.73514920181355,53.37758006349498,9.829793063811872,100.0,20.0,60.0,0.0,120.0,0.0,60.0,40.0,90.31819677367749,31.40461812684697,64.00979874527908,24.995259964822505,107.47939513262476,19.42038959325168,62.85946600928932,53.931032992453545
93.33333333333334,500.0,7.387638858235346,41.06335839119891,54.54792674276843,52.36671813014358,53.37758006349498,9.829793063811872,26.083593019704068,55.73514920181355,100.0,20.0,60.0,0.0,60.0,40.0,120.0,0.0,90.31819677367749,31.40461812684697,64.00979874527908,24.995259964822505,62.85946600928932,53.931032992453545,107.47939513262476,19.42038959325168
93.33333333333334,500.0,7.387638858235346,41.06335839119891,26.083593019704068,55.73514920181355,54.54792674276843,52.36671813014358,53.37758006349498,9.829793063811872,100.0,20.0,120.0,0.0,60.0,0.0,60.0,40.0,90.31819677367749,31.40461812684697,107.47939513262476,19.42038959325168,64.00979874527908,24.995259964822505,62.85946600928932,53.931032992453545
93.33333333333334,500.0,7.387638858235346,41.06335839119891,26.083593019704068,55.73514920181355,53.37758006349498,9.829793063811872,54.54792674276843,52.36671813014358,100.0,20.0,120.0,0.0,60.0,40.0,60.0,0.0,90.31819677367749,31.40461812684697,107.47939513262476,19.42038959325168,62.85946600928932,53.931032992453545,64.00979874527908,24.995259964822505
93.33333333333334,500.0,7.387638858235346,41.06335839119891,53.37758006349498,9.829793063811872,54.54792674276843,52.36671813014358,26.083593019704068,55.73514920181355,100.0,20.0,60.0,40.0,60.0,0.0,120.0,0.0,90.31819677367749,31.40461812684697,62.85946600928932,53.931032992453545,64.00979874527908,24.995259964822505,107.47939513262476,19.42038959325168
93.33333333333334,500.0,7.387638858235346,41.06335839119891,53.37758006349498,9.829793063811872,26.083593019704068,55.73514920181355,54.54792674276843,52.36671813014358,100.0,20.0,60.0,40.0,120.0,0.0,60.0,0.0,90.31819677367749,31.40461812684697,62.85946600928932,53.931032992453545,107.47939513262476,19.42038959325168,64.00979874527908,24.995259964822505
93.33333333333334,500.0,53.37758006349498,9.829793063811872,54.54792674276843,52.36671813014358,26.083593019704068,55.73514920181355,7.387638858235346,41.06335839119891,60.0,40.0,60.0,0.0,120.0,0.0,100.0,20.0,62.85946600928932,53.931032992453545,64.00979874527908,24.995259964822505,107.47939513262476,19.42038959325168,90.31819677367749,31.40461812684697
93.33333333333334,500.0,53.37758006349498,9.829793063811872,54.54792674276843,52.36671813014358,7.387638858235346,41.06335839119891,26.083593019704068,55.73514920181355,60.0,40.0,60.0,0.0,100.0,20.0,120.0,0.0,62.85946600928932,53.931032992453545,64.00979874527908,24.995259964822505,90.31819677367749,31.40461812684697,107.47939513262476,19.42038959325168
93.33333333333334,500.0,53.37758006349498,9.829793063811872,26.083593019704068,55.73514920181355,54.54792674276843,52.36671813014358,7.387638858235346,41.06335839119891,60.0,40.0,120.0,0.0,60.0,0.0,100.0,20.0,62.85946600928932,53.931032992453545,107.47939513262476,19.42038959325168,64.00979874527908,24.995259964822505,90.31819677367749,31.40461812684697
93.33333333333334,500.0,53.37758006349498,9.829793063811872,26.083593019704068,55.73514920181355,7.387638858235346,41.06335839119891,54.54792674276843,52.36671813014358,60.0,40.0,120.0,0.0,100.0,20.0,60.0,0.0,62.85946600928932,53.931032992453545,107.47939513262476,19.42038959325168,90.31819677367749,31.40461812684697,64.00979874527908,24.995259964822505
93.33333333333334,500.0,53.37758006349498,9.829793063811872,7.387638858235346,41.06335839119891,54.54792674276843,52.36671813014358,26.083593019704068,55.73514920181355,60.0,40.0,100.0,20.0,60.0,0.0,120.0,0.0,62.85946600928932,53.931032992453545,90.31819677367749,31.40461812684697,64.00979874527908,24.995259964822505,107.47939513262476,19.42038959325168
93.33333333333334,500.0,53.37758006349498,9.829793063811872,7.387638858235346,41.06335839119891,26.083593019704068,55.73514920181355,54.54792674276843,52.36671813014358,60.0,40.0,100.0,20.0,120.0,0.0,60.0,0.0,62.85946600928932,53.931032992453545,90.31819677367749,31.40461812684697,107.47939513262476,19.42038959325168,64.00979874527908,24.995259964822505
93.33333333333334,500.0,56.55109035401546,42.16580384118928,1.3107137636651212,1.4520721328146746,25.28609564503224,25.513188285786125,28.47421354476287,46.709608125055446,60.0,0.0,120.0,60.0,120.0,20.0,120.0,0.0,65.12877390822253,12.687150241869915,87.74797458536308,54.23156517659393,70.94510284800047,38.50503221111527,99.36971653402291,15.400951294765118
93.33333333333334,500.0,56.55109035401546,42.16580384118928,28.47421354476287,46.709608125055446,1.3107137636651212,1.4520721328146746,25.28609564503224,25.513188285786125,60.0,0.0,120.0,0.0,120.0,60.0,120.0,20.0,65.12877390822253,12.687150241869915,99.36971653402291,15.400951294765118,87.74797458536308,54.23156517659393,70.94510284800047,38.50503221111527
93.33333333333334,500.0,56.55109035401546,42.16580384118928,28.47421354476287,46.709608125055446,25.28609564503224,25.513188285786125,1.3107137636651212,1.4520721328146746,60.0,0.0,120.0,0.0,120.0,20.0,120.0,60.0,65.12877390822253,12.687150241869915,99.36971653402291,15.400951294765118,70.94510284800047,38.50503221111527,87.74797458536308,54.23156517659393
93.33333333333334,500.0,56.55109035401546,42.16580384118928,25.28609564503224,25.513188285786125,1.3107137636651212,1.4520721328146746,28.47421354476287,46.709608125055446,60.0,0.0,120.0,20.0,120.0,60.0,120.0,0.0,65.12877390822253,12.687150241869915,70.94510284800047,38.50503221111527,87.74797458536308,54.23156517659393,99.36971653402291,15.400951294765118
93.33333333333334,500.0,56.55109035401546,42.16580384118928,25.28609564503224,25.513188285786125,28.47421354476287,46.709608125055446,1.3107137636651212,1.4520721328146746,60.0,0.0,120.0,20.0,120.0,0.0,120.0,60.0,65.12877390822253,12.687150241869915,70.94510284800047,38.50503221111527,99.36971653402291,15.400951294765118,87.74797458536308,54.23156517659393
93.33333333333334,500.0,1.3107137636651212,1.4520721328146746,56.55109035401546,42.16580384118928,28.47421354476287,46.709608125055446,25.28609564503224,25.513188285786125,120.0,60.0,60.0,0.0,120.0,0.0,120.0,20.0,87.74797458536308,54.23156517659393,65.12877390822253,12.687150241869915,99.36971653402291,15.400951294765118,70.94510284800047,38.50503221111527
93.33333333333334,500.0,1.3107137636651212,1.4520721328146746,56.55109035401546,42.16580384118928,25.28609564503224,25.513188285786125,28.47421354476287,46.709608125055446,120.0,60.0,60.0,0.0,120.0,20.0,120.0,0.0,87.74797458536308,54.23156517659393,65.12877390822253,12.687150241869915,70.94510284800047,38.50503221111527,99.36971653402291,15.400951294765118
93.33333333333334,500.0,1.3107137636651212,1.4520721328146746,28.47421354476287,46.709608125055446,56.55109035401546,42.16580384118928,25.28609564503224,25.513188285786125,120.0,60.0,120.0,0.0,60.0,0.0,120.0,20.0,87.74797458536308,54.23156517659393,99.36971653402291,15.400951294765118,65.12877390822253,12.687150241869915,70.94510284800047,38.50503221111527
93.33333333333334,500.0,1.3107137636651212,1.4520721328146746,28.47421354476287,46.709608125055446,25.28609564503224,25.513188285786125,56.55109035401546,42.16580384118928,120.0,60.0,120.0,0.0,120.0,20.0,60.0,0.0,87.74797458536308,54.23156517659393,99.36971653402291,15.400951294765118,70.94510284800047,38.50503221111527,65.12877390822253,12.687150241869915
93.33333333333334,500.0,1.3107137636651212,1.4520721328146746,25.28609564503224,25.513188285786125,56.55109035401546,42.16580384118928,28.47421354476287,46.709608125055446,120.0,60.0,120.0,20.0,60.0,0.0,120.0,0.0,87.74797458536308,54.23156517659393,70.94510284800047,38.50503221111527,65.12877390822253,12.687150241869915,99.36971653402291,15.400951294765118
93.33333333333334,500.0,1.3107137636651212,1.4520721328146746,25.28609564503224,25.513188285786125,28.47421354476287,46.709608125055446,56.55109035401546,42.16580384118928,120.0,60.0,120.0,20.0,120.0,0.0,60.0,0.0,87.74797458536308,54.23156517659393,70.94510284800047,38.50503221111527,99.36971653402291,15.400951294765118,65.12877390822253,12.687150241869915
93.33333333333334,500.0,28.47421354476287,46.709608125055446,56.55109035401546,42.16580384118928,1.3107137636651212,1.4520721328146746,25.28609564503224,25.513188285786125,120.0,0.0,60.0,0.0,120.0,60.0,120.0,20.0,99.36971653402291,15.400951294765118,65.12877390822253,12.687150241869915,87.74797458536308,54.23156517659393,70.94510284800047,38.50503221111527
93.33333333333334,500.0,28.47421354476287,46.709608125055446,56.55109035401546,42.16580384118928,25.28609564503224,25.513188285786125,1.3107137636651212,1.4520721328146746,120.0,0.0,60.0,0.0,120.0,20.0,120.0,60.0,99.36971653402291,15.400951294765118,65.12877390822253,12.687150241869915,70.94510284800047,38.50503221111527,87.74797458536308,54.23156517659393
93.33333333333334,500.0,28.47421354476287,46.709608125055446,1.3107137636651212,1.4520721328146746,56.55109035401546,42.16580384118928,25.28609564503224,25.513188285786125,120.0,0.0,120.0,60.0,60.0,0.0,120.0,20.0,99.36971653402291,15.400951294765118,87.74797458536308,54.23156517659393,65.12877390822253,12.687150241869915,70.94510284800047,38.50503221111527
93.33333333333334,500.0,28.47421354476287,46.709608125055446,1.3107137636651212,1.4520721328146746,25.28609564503224,25.513188285786125,56.55109035401546,42.16580384118928,120.0,0.0,120.0,60.0,120.0,20.0,60.0,0.0,99.36971653402291,15.400951294765118,87.74797458536308,54.23156517659393,70.94510284800047,38.50503221111527,65.12877390822253,12.687150241869915
93.33333333333334,500.0,28.47421354476287,46.709608125055446,25.28609564503224,25.513188285786125,56.55109035401546,42.16580384118928,1.3107137636651212,1.4520721328146746,120.0,0.0,120.0,20.0,60.0,0.0,120.0,60.0,99.36971653402291,15.400951294765118,70.94510284800047,38.50503221111527,65.12877390822253,12.687150241869915,87.74797458536308,54.23156517659393
93.33333333333334,500.0,28.47421354476287,46.709608125055446,25.28609564503224,25.513188285786125,1.3107137636651212,1.4520721328146746,56.55109035401546,42.16580384118928,120.0,0.0,120.0,20.0,120.0,60.0,60.0,0.0,99.36971653402291,15.400951294765118,70.94510284800047,38.50503221111527,87.74797458536308,54.23156517659393,65.12877390822253,12.687150241869915
93.33333333333334,500.0,25.28609564503224,25.513188285786125,56.55109035401546,42.16580384118928,1.3107137636651212,1.4520721328146746,28.47421354476287,46.709608125055446,120.0,20.0,60.0,0.0,120.0,60.0,120.0,0.0,70.94510284800047,38.50503221111527,65.12877390822253,12.687150241869915,87.74797458536308,54.23156517659393,99.36971653402291,15.400951294765118
93.33333333333334,500.0,25.28609564503224,25.513188285786125,56.55109035401546,42.16580384118928,28.47421354476287,46.709608125055446,1.3107137636651212,1.4520721328146746,120.0,20.0,60.0,0.0,120.0,0.0,120.0,60.0,70.94510284800047,38.50503221111527,65.12877390822253,12.687150241869915,99.36971653402291,15.400951294765118,87.74797458536308,54.23156517659393
93.33333333333334,500.0,25.28609564503224,25.513188285786125,1.3107137636651212,1.4520721328146746,56.55109035401546,42.16580384118928,28.47421354476287,46.709608125055446,120.0,20.0,120.0,60.0,60.0,0.0,120.0,0.0,70.94510284800047,38.50503221111527,87.74797458536308,54.23156517659393,65.12877390822253,12.687150241869915,99.36971653402291,15.400951294765118
93.33333333333334,500.0,25.28609564503224,25.513188285786125,1.3107137636651212,1.4520721328146746,28.47421354476287,46.709608125055446,56.55109035401546,42.16580384118928,120.0,20.0,120.0,60.0,120.0,0.0,60.0,0.0,70.94510284800047,38.50503221111527,87.74797458536308,54.23156517659393,99.36971653402291,15.400951294765118,65.12877390822253,12.687150241869915
93.33333333333334,500.0,25.28609564503224,25.513188285786125,28.47421354476287,46.709608125055446,56.55109035401546,42.16580384118928,1.3107137636651212,1.4520721328146746,120.0,20.0,120.0,0.0,60.0,0.0,120.0,60.0,70.94510284800047,38.50503221111527,99.36971653402291,15.400951294765118,65.12877390822253,12.687150241869915,87.74797458536308,54.23156517659393
93.33333333333334,500.0,25.28609564503224,25.513188285786125,28.47421354476287,46.709608125055446,1.3107137636651212,1.4520721328146746,56.55109035401546,42.16580384118928,120.0,20.0,120.0,0.0,120.0,60.0,60.0,0.0,70.94510284800047,38.50503221111527,99.36971653402291,15.400951294765118,87.74797458536308,54.23156517659393,65.12877390822253,12.687150241869915
93.33333333333334,500.0,26.29761949961138,10.622057669513667,8.159263100887744,35.044372623225776,51.436652017042434,17.332232140959412,56.50747002159251,44.56407627355854,120.0,0.0,80.0,0.0,60.0,0.0,100.0,0.0,104.87759362518725,38.50788728795259,119.88153245408716,22.970937617673144,77.98222039459422,34.47274032628582,86.48217772584808,12.550689723399929
93.33333333333334,500.0,26.29761949961138,10.622057669513667,56.50747002159251,44.56407627355854,8.159263100887744,35.044372623225776,51.436652017042434,17.332232140959412,120.0,0.0,100.0,0.0,80.0,0.0,60.0,0.0,104.87759362518725,38.50788728795259,86.48217772584808,12.550689723399929,119.88153245408716,22.970937617673144,77.98222039459422,34.47274032628582
93.33333333333334,500.0,26.29761949961138,10.622057669513667,56.50747002159251,44.56407627355854,51.436652017042434,17.332232140959412,8.159263100887744,35.044372623225776,120.0,0.0,100.0,0.0,60.0,0.0,80.0,0.0,104.87759362518725,38.50788728795259,86.48217772584808,12.550689723399929,77.98222039459422,34.47274032628582,119.88153245408716,22.970937617673144
93.33333333333334,500.0,26.29761949961138,10.622057669513667,51.436652017042434,17.332232140959412,8.159263100887744,35.044372623225776,56.50747002159251,44.56407627355854,120.0,0.0,60.0,0.0,80.0,0.0,100.0,0.0,104.87759362518725,38.50788728795259,77.98222039459422,34.47274032628582,119.88153245408716,22.970937617673144,86.48217772584808,12.550689723399929
93.33333333333334,500.0,26.29761949961138,10.622057669513667,51.436652017042434,17.332232140959412,56.50747002159251,44.56407627355854,8.159263100887744,35.044372623225776,120.0,0.0,60.0,0.0,100.0,0.0,80.0,0.0,104.87759362518725,38.50788728795259,77.98222039459422,34.47274032628582,86.48217772584808,12.550689723399929,119.88153245408716,22.970937617673144
93.33333333333334,500.0,8.159263100887744,35.044372623225776,26.29761949961138,10.622057669513667,56.50747002159251,44.56407627355854,51.436652017042434,17.332232140959412,80.0,0.0,120.0,0.0,100.0,0.0,60.0,0.0,119.88153245408716,22.970937617673144,104.87759362518725,38.50788728795259,86.48217772584808,12.550689723399929,77.98222039459422,34.47274032628582
93.33333333333334,500.0,8.159263100887744,35.044372623225776,26.29761949961138,10.622057669513667,51.436652017042434,17.332232140959412,56.50747002159251,44.56407627355854,80.0,0.0,120.0,0.0,60.0,0.0,100.0,0.0,119.88153245408716,22.970937617673144,104.87759362518725,38.50788728795259,77.98222039459422,34.47274032628582,86.48217772584808,12.550689723399929
93.33333333333334,500.0,8.159263100887744,35.044372623225776,56.50747002159251,44.56407627355854,26.29761949961138,10.622057669513667,51.436652017042434,17.332232140959412,80.0,0.0,100.0,0.0,120.0,0.0,60.0,0.0,119.88153245408716,22.970937617673144,86.48217772584808,12.550689723399929,104.87759362518725,38.50788728795259,77.98222039459422,34.47274032628582
93.33333333333334,500.0,8.159263100887744,35.044372623225776,56.50747002159251,44.56407627355854,51.436652017042434,17.332232140959412,26.29761949961138,10.622057669513667,80.0,0.0,100.0,0.0,60.0,0.0,120.0,0.0,119.88153245408716,22.970937617673144,86.48217772584808,12.550689723399929,77.98222039459422,34.47274032628582,104.87759362518725,38.50788728795259
93.33333333333334,500.0,8.159263100887744,35.044372623225776,51.436652017042434,17.332232140959412,26.29761949961138,10.622057669513667,56.50747002159251,44.56407627355854,80.0,0.0,60.0,0.0,120.0,0.0,100.0,0.0,119.88153245408716,22.970937617673144,77.98222039459422,34.47274032628582,104.87759362518725,38.50788728795259,86.48217772584808,12.550689723399929
93.33333333333334,500.0,8.159263100887744,35.044372623225776,51.436652017042434,17.332232140959412,56.50747002159251,44.56407627355854,26.29761949961138,10.622057669513667,80.0,0.0,60.0,0.0,100.0,0.0,120.0,0.0,119.88153245408716,22.970937617673144,77.98222039459422,34.47274032628582,86.48217772584808,12.550689723399929,104.87759362518725,38.50788728795259
93.33333333333334,500.0,56.50747002159251,44.56407627355854,26.29761949961138,10.622057669513667,8.159263100887744,35.044372623225776,51.436652017042434,17.332232140959412,100.0,0.0,120.0,0.0,80.0,0.0,60.0,0.0,86.48217772584808,12.550689723399929,104.87759362518725,38.50788728795259,119.88153245408716,22.970937617673144,77.98222039459422,34.47274032628582
93.33333333333334,500.0,56.50747002159251,44.56407627355854,26.29761949961138,10.622057669513667,51.436652017042434,17.332232140959412,8.159263100887744,35.044372623225776,100.0,0.0,120.0,0.0,60.0,0.0,80.0,0.0,86.48217772584808,12.550689723399929,104.87759362518725,38.50788728795259,77.98222039459422,34.47274032628582,119.88153245408716,22.970937617673144
93.33333333333334,500.0,56.50747002159251,44.56407627355854,8.159263100887744,35.044372623225776,26.29761949961138,10.622057669513667,51.436652017042434,17.332232140959412,100.0,0.0,80.0,0.0,120.0,0.0,60.0,0.0,86.48217772584808,12.550689723399929,119.88153245408716,22.970937617673144,104.87759362518725,38.50788728795259,77.98222039459422,34.47274032628582
93.33333333333334,500.0,56.50747002159251,44.56407627355854,8.159263100887744,35.044372623225776,51.436652017042434,17.332232140959412,26.29761949961138,10.622057669513667,100.0,0.0,80.0,0.0,60.0,0.0,120.0,0.0,86.48217772584808,12.550689723399929,119.88153245408716,22.970937617673144,77.98222039459422,34.47274032628582,104.87759362518725,38.50788728795259
93.33333333333334,500.0,56.50747002159251,44.56407627355854,51.436652017042434,17.332232140959412,26.29761949961138,10.622057669513667,8.159263100887744,35.044372623225776,100.0,0.0,60.0,0.0,120.0,0.0,80.0,0.0,86.48217772584808,12.550689723399929,77.98222039459422,34.47274032628582,104.87759362518725,38.50788728795259,119.88153245408716,22.970937617673144
93.33333333333334,500.0,56.50747002159251,44.56407627355854,51.436652017042434,17.332232140959412,8.159263100887744,35.044372623225776,26.29761949961138,10.622057669513667,100.0,0.0,60.0,0.0,80.0,0.0,120.0,0.0,86.48217772584808,12.550689723399929,77.98222039459422,34.47274032628582,119.88153245408716,22.970937617673144,104.87759362518725,38.50788728795259
93.33333333333334,500.0,51.436652017042434,17.332232140959412,26.29761949961138,10.622057669513667,8.159263100887744,35.044372623225776,56.50747002159251,44.56407627355854,60.0,0.0,120.0,0.0,80.0,0.0,100.0,0.0,77.98222039459422,34.47274032628582,104.87759362518725,38.50788728795259,119.88153245408716,22.970937617673144,86.48217772584808,12.550689723399929
93.33333333333334,500.0,51.436652017042434,17.332232140959412,26.29761949961138,10.622057669513667,56.50747002159251,44.56407627355854,8.159263100887744,35.044372623225776,60.0,0.0,120.0,0.0,100.0,0.0,80.0,0.0,77.98222039459422,34.47274032628582,104.87759362518725,38.50788728795259,86.48217772584808,12.550689723399929,119.88153245408716,22.970937617673144
93.33333333333334,500.0,51.436652017042434,17.332232140959412,8.159263100887744,35.044372623225776,26.29761949961138,10.622057669513667,56.50747002159251,44.56407627355854,60.0,0.0,80.0,0.0,120.0,0.0,100.0,0.0,77.98222039459422,34.47274032628582,119.88153245408716,22.970937617673144,104.87759362518725,38.50788728795259,86.48217772584808,12.550689723399929
93.33333333333334,500.0,51.436652017042434,17.332232140959412,8.159263100887744,35.044372623225776,56.50747002159251,44.56407627355854,26.29761949961138,10.622057669513667,60.0,0.0,80.0,0.0,100.0,0.0,120.0,0.0,77.98222039459422,34.47274032628582,119.88153245408716,22.970937617673144,86.48217772584808,12.550689723399929,104.87759362518725,38.50788728795259
93.33333333333334,500.0,51.436652017042434,17.332232140959412,56.50747002159251,44.56407627355854,26.29761949961138,10.622057669513667,8.159263100887744,35.044372623225776,60.0,0.0,100.0,0.0,120.0,0.0,80.0,0.0,77.98222039459422,34.47274032628582,86.48217772584808,12.550689723399929,104.87759362518725,38.50788728795259,119.88153245408716,22.970937617673144
93.33333333333334,500.0,51.436652017042434,17.332232140959412,56.50747002159251,44.56407627355854,8.159263100887744,35.044372623225776,26.29761949961138,10.622057669513667,60.0,0.0,100.0,0.0,80.0,0.0,120.0,0.0,77.98222039459422,34.47274032628582,86.48217772584808,12.550689723399929,119.88153245408716,22.970937617673144,104.87759362518725,38.50788728795259
93.33333333333334,500.0,25.588670881418164,38.09203944321389,3.4764116466160577,46.7646209904263,19.04502096122945,3.7262675310507687,51.89543429029944,57.23531273787504,60.0,20.0,80.0,20.0,80.0,40.0,60.0,0.0,81.17728006123201,24.229231007844923,101.19974908333388,20.773286951909785,86.42687518544676,47.20562025472166,63.293232565091046,11.59744188671879
93.33333333333334,500.0,25.588670881418164,38.09203944321389,51.89543429029944,57.23531273787504,3.4764116466160577,46.7646209904263,19.04502096122945,3.7262675310507687,60.0,20.0,60.0,0.0,80.0,20.0,80.0,40.0,81.17728006123201,24.229231007844923,63.293232565091046,11.59744188671879,101.19974908333388,20.773286951909785,86.42687518544676,47.20562025472166
93.33333333333334,500.0,25.588670881418164,38.09203944321389,51.89543429029944,57.23531273787504,19.04502096122945,3.7262675310507687,3.4764116466160577,46.7646209904263,60.0,20.0,60.0,0.0,80.0,40.0,80.0,20.0,81.17728006123201,24.229231007844923,63.293232565091046,11.59744188671879,86.42687518544676,47.20562025472166,101.19974908333388,20.773286951909785
93.33333333333334,500.0,25.588670881418164,38.09203944321389,19.04502096122945,3.7262675310507687,3.4764116466160577,46.7646209904263,51.89543429029944,57.23531273787504,60.0,20.0,80.0,40.0,80.0,20.0,60.0,0.0,81.17728006123201,24.229231007844923,86.42687518544676,47.20562025472166,101.19974908333388,20.773286951909785,63.293232565091046,11.59744188671879
93.33333333333334,500.0,25.588670881418164,38.09203944321389,19.04502096122945,3.7262675310507687,51.89543429029944,57.23531273787504,3.4764116466160577,46.7646209904263,60.0,20.0,80.0,40.0,60.0,0.0,80.0,20.0,81.17728006123201,24.229231007844923,86.42687518544676,47.20562025472166,63.293232565091046,11.59744188671879,101.19974908333388,20.773286951909785
93.33333333333334,500.0,3.4764116466160577,46.7646209904263,25.588670881418164,38.09203944321389,51.89543429029944,57.23531273787504,19.04502096122945,3.7262675310507687,80.0,20.0,60.0,20.0,60.0,0.0,80.0,40.0,101.19974908333388,20.773286951909785,81.17728006123201,24.229231007844923,63.293232565091046,11.59744188671879,86.42687518544676,47.20562025472166
93.33333333333334,500.0,3.4764116466160577,46.7646209904263,25.588670881418164,38.09203944321389,19.04502096122945,3.7262675310507687,51.89543429029944,57.23531273787504,80.0,20.0,60.0,20.0,80.0,40.0,60.0,0.0,101.19974908333388,20.773286951909785,81.17728006123201,24.229231007844923,86.42687518544676,47.20562025472166,63.293232565091046,11.59744188671879
93.33333333333334,500.0,3.4764116466160577,46.7646209904263,51.89543429029944,57.23531273787504,25.588670881418164,38.09203944321389,19.04502096122945,3.7262675310507687,80.0,20.0,60.0,0.0,60.0,20.0,80.0,40.0,101.19974908333388,20.773286951909785,63.293232565091046,11.59744188671879,81.17728006123201,24.229231007844923,86.42687518544676,47.20562025472166
93.33333333333334,500.0,3.4764116466160577,46.7646209904263,51.89543429029944,57.23531273787504,19.04502096122945,3.7262675310507687,25.588670881418164,38.09203944321389,80.0,20.0,60.0,0.0,80.0,40.0,60.0,20.0,101.19974908333388,20.773286951909785,63.293232565091046,11.59744188671879,86.42687518544676,47.20562025472166,81.17728006123201,24.229231007844923
93.33333333333334,500.0,3.4764116466160577,46.7646209904263,19.04502096122945,3.7262675310507687,25.588670881418164,38.09203944321389,51.89543429029944,57.23531273787504,80.0,20.0,80.0,40.0,60.0,20.0,60.0,0.0,101.19974908333388,20.773286951909785,86.42687518544676,47.20562025472166,81.17728006123201,24.229231007844923,63.293232565091046,11.59744188671879
93.33333333333334,500.0,3.4764116466160577,46.7646209904263,19.04502096122945,3.7262675310507687,51.89543429029944,57.23531273787504,25.588670881418164,38.09203944321389,80.0,20.0,80.0,40.0,60.0,0.0,60.0,20.0,101.19974908333388,20.773286951909785,86.42687518544676,47.20562025472166,63.293232565091046,11.59744188671879,81.17728006123201,24.229231007844923
93.33333333333334,500.0,51.89543429029944,57.23531273787504,25.588670881418164,38.09203944321389,3.4764116466160577,46.7646209904263,19.04502096122945,3.7262675310507687,60.0,0.0,60.0,20.0,80.0,20.0,80.0,40.0,63.293232565091046,11.59744188671879,81.17728006123201,24.229231007844923,101.19974908333388,20.773286951909785,86.42687518544676,47.20562025472166
93.33333333333334,500.0,51.89543429029944,57.23531273787504,25.588670881418164,38.09203944321389,19.04502096122945,3.7262675310507687,3.4764116466160577,46.7646209904263,60.0,0.0,60.0,20.0,80.0,40.0,80.0,20.0,63.293232565091046,11.59744188671879,81.17728006123201,24.229231007844923,86.42687518544676,47.20562025472166,101.19974908333388,20.773286951909785
93.33333333333334,500.0,51.89543429029944,57.23531273787504,3.4764116466160577,46.7646209904263,25.588670881418164,38.09203944321389,19.04502096122945,3.7262675310507687,60.0,0.0,80.0,20.0,60.0,20.0,80.0,40.0,63.293232565091046,11.59744188671879,101.19974908333388,20.773286951909785,81.17728006123201,24.229231007844923,86.42687518544676,47.20562025472166
93.33333333333334,500.0,51.89543429029944,57.23531273787504,3.4764116466160577,46.7646209904263,19.04502096122945,3.7262675310507687,25.588670881418164,38.09203944321389,60.0,0.0,80.0,20.0,80.0,40.0,60.0,20.0,63.293232565091046,11.59744188671879,101.19974908333388,20.773286951909785,86.42687518544676,47.20562025472166,81.17728006123201,24.229231007844923
93.33333333333334,500.0,51.89543429029944,57.23531273787504,19.04502096122945,3.7262675310507687,25.588670881418164,38.09203944321389,3.4764116466160577,46.7646209904263,60.0,0.0,80.0,40.0,60.0,20.0,80.0,20.0,63.293232565091046,11.59744188671879,86.42687518544676,47.20562025472166,81.17728006123201,24.229231007844923,101.19974908333388,20.773286951909785
93.33333333333334,500.0,51.89543429029944,57.23531273787504,19.04502096122945,3.7262675310507687,3.4764116466160577,46.7646209904263,25.588670881418164,38.09203944321389,60.0,0.0,80.0,40.0,80.0,20.0,60.0,20.0,63.293232565091046,11.59744188671879,86.42687518544676,47.20562025472166,101.19974908333388,20.773286951909785,81.17728006123201,24.229231007844923
93.33333333333334,500.0,19.04502096122945,3.7262675310507687,25.588670881418164,38.09203944321389,3.4764116466160577,46.7646209904263,51.89543429029944,57.23531273787504,80.0,40.0,60.0,20.0,80.0,20.0,60.0,0.0,86.42687518544676,47.20562025472166,81.17728006123201,24.229231007844923,101.19974908333388,20.773286951909785,63.293232565091046,11.59744188671879
93.33333333333334,500.0,19.04502096122945,3.7262675310507687,25.588670881418164,38.09203944321389,51.89543429029944,57.23531273787504,3.4764116466160577,46.7646209904263,80.0,40.0,60.0,20.0,60.0,0.0,80.0,20.0,86.42687518544676,47.20562025472166,81.17728006123201,24.229231007844923,63.293232565091046,11.59744188671879,101.19974908333388,20.773286951909785
93.33333333333334,500.0,19.04502096122945,3.7262675310507687,3.4764116466160577,46.7646209904263,25.588670881418164,38.09203944321389,51.89543429029944,57.23531273787504,80.0,40.0,80.0,20.0,60.0,20.0,60.0,0.0,86.42687518544676,47.20562025472166,101.19974908333388,20.773286951909785,81.17728006123201,24.229231007844923,63.293232565091046,11.59744188671879
93.33333333333334,500.0,19.04502096122945,3.7262675310507687,3.4764116466160577,46.7646209904263,51.89543429029944,57.23531273787504,25.588670881418164,38.09203944321389,80.0,40.0,80.0,20.0,60.0,0.0,60.0,20.0,86.42687518544676,47.20562025472166,101.19974908333388,20.773286951909785,63.293232565091046,11.59744188671879,81.17728006123201,24.229231007844923
93.33333333333334,500.0,19.04502096122945,3.7262675310507687,51.89543429029944,57.23531273787504,25.588670881418164,38.09203944321389,3.4764116466160577,46.7646209904263,80.0,40.0,60.0,0.0,60.0,20.0,80.0,20.0,86.42687518544676,47.20562025472166,63.293232565091046,11.59744188671879,81.17728006123201,24.229231007844923,101.19974908333388,20.773286951909785
93.33333333333334,500.0,19.04502096122945,3.7262675310507687,51.89543429029944,57.23531273787504,3.4764116466160577,46.7646209904263,25.588670881418164,38.09203944321389,80.0,40.0,60.0,0.0,80.0,20.0,60.0,20.0,86.42687518544676,47.20562025472166,63.293232565091046,11.59744188671879,101.19974908333388,20.773286951909785,81.17728006123201,24.229231007844923
93.33333333333334,500.0,1.2944118027610885,40.88481364879613,50.35445727302164,6.084072657683919,26.24652777410228,16.961404311282003,37.37126712945376,39.609436053519474,120.00000000000001,0.0,60.00000000000001,60.00000000000001,80.0,40.0,60.00000000000001,0.0,95.68308395430536,28.59738298830973,72.51692661799184,49.490148421264784,114.15742231922262,36.69945629369386,72.79360026964389,29.08299740764469
93.33333333333334,500.0,1.2944118027610885,40.88481364879613,37.37126712945376,39.609436053519474,50.35445727302164,6.084072657683919,26.24652777410228,16.961404311282003,120.00000000000001,0.0,60.00000000000001,0.0,60.00000000000001,60.00000000000001,80.0,40.0,95.68308395430536,28.59738298830973,72.79360026964389,29.08299740764469,72.51692661799184,49.490148421264784,114.15742231922262,36.69945629369386
93.33333333333334,500.0,1.2944118027610885,40.88481364879613,37.37126712945376,39.609436053519474,26.24652777410228,16.961404311282003,50.35445727302164,6.084072657683919,120.00000000000001,0.0,60.00000000000001,0.0,80.0,40.0,60.00000000000001,60.00000000000001,95.68308395430536,28.59738298830973,72.79360026964389,29.08299740764469,114.15742231922262,36.69945629369386,72.51692661799184,49.490148421264784
93.33333333333334,500.0,1.2944118027610885,40.88481364879613,26.24652777410228,16.961404311282003,50.35445727302164,6.084072657683919,37.37126712945376,39.609436053519474,119.99999999999999,0.0,80.0,40.0,59.99999999999999,59.99999999999999,59.99999999999999,0.0,95.68308395430536,28.59738298830973,114.15742231922262,36.69945629369386,72.51692661799184,49.490148421264784,72.79360026964389,29.08299740764469
93.33333333333334,500.0,1.2944118027610885,40.88481364879613,26.24652777410228,16.961404311282003,37.37126712945376,39.609436053519474,50.35445727302164,6.084072657683919,120.00000000000001,0.0,80.0,40.0,60.00000000000001,0.0,60.00000000000001,60.00000000000001,95.68308395430536,28.59738298830973,114.15742231922262,36.69945629369386,72.79360026964389,29.08299740764469,72.51692661799184,49.490148421264784
93.33333333333334,500.0,50.35445727302164,6.084072657683919,1.2944118027610885,40.88481364879613,37.37126712945376,39.609436053519474,26.24652777410228,16.961404311282003,60.00000000000001,60.00000000000001,120.00000000000001,0.0,60.00000000000001,0.0,80.0,40.0,72.51692661799184,49.490148421264784,95.68308395430536,28.59738298830973,72.79360026964389,29.08299740764469,114.15742231922262,36.69945629369386
93.33333333333334,500.0,50.35445727302164,6.084072657683919,1.2944118027610885,40.88481364879613,26.24652777410228,16.961404311282003,37.37126712945376,39.609436053519474,60.00000000000001,60.00000000000001,120.00000000000001,0.0,80.0,40.0,60.00000000000001,0.0,72.51692661799184,49.490148421264784,95.68308395430536,28.59738298830973,114.15742231922262,36.69945629369386,72.79360026964389,29.08299740764469
93.33333333333334,500.0,50.35445727302164,6.084072657683919,37.37126712945376,39.609436053519474,1.2944118027610885,40.88481364879613,26.24652777410228,16.961404311282003,60.00000000000001,60.00000000000001,60.00000000000001,0.0,120.00000000000001,0.0,80.0,40.0,72.51692661799184,49.490148421264784,72.79360026964389,29.08299740764469,95.68308395430536,28.59738298830973,114.15742231922262,36.69945629369386
93.33333333333334,500.0,50.35445727302164,6.084072657683919,37.37126712945376,39.609436053519474,26.24652777410228,16.961404311282003,1.2944118027610885,40.88481364879613,60.00000000000001,60.00000000000001,60.00000000000001,0.0,80.0,40.0,120.00000000000001,0.0,72.51692661799184,49.490148421264784,72.79360026964389,29.08299740764469,114.15742231922262,36.69945629369386,95.68308395430536,28.59738298830973
93.33333333333334,500.0,50.35445727302164,6.084072657683919,26.24652777410228,16.961404311282003,1.2944118027610885,40.88481364879613,37.37126712945376,39.609436053519474,60.00000000000001,60.00000000000001,80.0,40.0,120.00000000000001,0.0,60.00000000000001,0.0,72.51692661799184,49.490148421264784,114.15742231922262,36.69945629369386,95.68308395430536,28.59738298830973,72.79360026964389,29.08299740764469
93.33333333333334,500.0,50.35445727302164,6.084072657683919,26.24652777410228,16.961404311282003,37.37126712945376,39.609436053519474,1.2944118027610885,40.88481364879613,60.00000000000001,60.00000000000001,80.0,40.0,60.00000000000001,0.0,120.00000000000001,0.0,72.51692661799184,49.490148421264784,114.15742231922262,36.69945629369386,72.79360026964389,29.08299740764469,95.68308395430536,28.59738298830973
93.33333333333334,500.0,37.37126712945376,39.609436053519474,1.2944118027610885,40.88481364879613,50.35445727302164,6.084072657683919,26.24652777410228,16.961404311282003,60.00000000000001,0.0,120.00000000000001,0.0,60.00000000000001,60.00000000000001,80.0,40.0,72.79360026964389,29.08299740764469,95.68308395430536,28.59738298830973,72.51692661799184,49.490148421264784,114.15742231922262,36.69945629369386
93.33333333333334,500.0,37.37126712945376,39.609436053519474,1.2944118027610885,40.88481364879613,26.24652777410228,16.961404311282003,50.35445727302164,6.084072657683919,60.00000000000001,0.0,120.00000000000001,0.0,80.0,40.0,60.00000000000001,60.00000000000001,72.79360026964389,29.08299740764469,95.68308395430536,28.59738298830973,114.15742231922262,36.69945629369386,72.51692661799184,49.490148421264784
93.33333333333334,500.0,37.37126712945376,39.609436053519474,50.35445727302164,6.084072657683919,1.2944118027610885,40.88481364879613,26.24652777410228,16.961404311282003,60.00000000000001,0.0,60.00000000000001,60.00000000000001,120.00000000000001,0.0,80.0,40.0,72.79360026964389,29.08299740764469,72.51692661799184,49.490148421264784,95.68308395430536,28.59738298830973,114.15742231922262,36.69945629369386
93.33333333333334,500.0,37.37126712945376,39.609436053519474,50.35445727302164,6.084072657683919,26.24652777410228,16.961404311282003,1.2944118027610885,40.88481364879613,60.00000000000001,0.0,60.00000000000001,60.00000000000001,80.0,40.0,120.00000000000001,0.0,72.79360026964389,29.08299740764469,72.51692661799184,49.490148421264784,114.15742231922262,36.69945629369386,95.68308395430536,28.59738298830973
93.33333333333334,500.0,37.37126712945376,39.609436053519474,26.24652777410228,16.961404311282003,1.2944118027610885,40.88481364879613,50.35445727302164,6.084072657683919,60.00000000000001,0.0,80.0,40.0,120.00000000000001,0.0,60.00000000000001,60.00000000000001,72.79360026964389,29.08299740764469,114.15742231922262,36.69945629369386,95.68308395430536,28.59738298830973,72.51692661799184,49.490148421264784
93.33333333333334,500.0,37.37126712945376,39.609436053519474,26.24652777410228,16.961404311282003,50.35445727302164,6.084072657683919,1.2944118027610885,40.88481364879613,60.00000000000001,0.0,80.0,40.0,60.00000000000001,60.00000000000001,120.00000000000001,0.0,72.79360026964389,29.08299740764469,114.15742231922262,36.69945629369386,72.51692661799184,49.490148421264784,95.68308395430536,28.59738298830973
93.33333333333334,500.0,26.24652777410228,16.961404311282003,1.2944118027610885,40.88481364879613,50.35445727302164,6.084072657683919,37.37126712945376,39.609436053519474,80.0,40.0,119.99999999999999,0.0,59.99999999999999,59.99999999999999,59.99999999999999,0.0,114.15742231922262,36.69945629369386,95.68308395430536,28.59738298830973,72.51692661799184,49.490148421264784,72.79360026964389,29.08299740764469
93.33333333333334,500.0,26.24652777410228,16.961404311282003,1.2944118027610885,40.88481364879613,37.37126712945376,39.609436053519474,50.35445727302164,6.084072657683919,80.0,40.0,120.00000000000001,0.0,60.00000000000001,0.0,60.00000000000001,60.00000000000001,114.15742231922262,36.69945629369386,95.68308395430536,28.59738298830973,72.79360026964389,29.08299740764469,72.51692661799184,49.490148421264784
93.33333333333334,500.0,26.24652777410228,16.961404311282003,50.35445727302164,6.084072657683919,1.2944118027610885,40.88481364879613,37.37126712945376,39.609436053519474,80.0,40.0,59.99999999999999,59.99999999999999,119.99999999999999,0.0,59.99999999999999,0.0,114.15742231922262,36.69945629369386,72.51692661799184,49.490148421264784,95.68308395430536,28.59738298830973,72.79360026964389,29.08299740764469
93.33333333333334,500.0,26.24652777410228,16.961404311282003,50.35445727302164,6.084072657683919,37.37126712945376,39.609436053519474,1.2944118027610885,40.88481364879613,80.0,40.0,59.99999999999999,59.99999999999999,59.99999999999999,0.0,119.99999999999999,0.0,114.15742231922262,36.69945629369386,72.51692661799184,49.490148421264784,72.79360026964389,29.08299740764469,95.68308395430536,28.59738298830973
93.33333333333334,500.0,26.24652777410228,16.961404311282003,37.37126712945376,39.609436053519474,1.2944118027610885,40.88481364879613,50.35445727302164,6.084072657683919,80.0,40.0,60.00000000000001,0.0,120.00000000000001,0.0,60.00000000000001,60.00000000000001,114.15742231922262,36.69945629369386,72.79360026964389,29.08299740764469,95.68308395430536,28.59738298830973,72.51692661799184,49.490148421264784
93.33333333333334,500.0,26.24652777410228,16.961404311282003,37.37126712945376,39.609436053519474,50.35445727302164,6.084072657683919,1.2944118027610885,40.88481364879613,80.0,40.0,60.00000000000001,0.0,60.00000000000001,60.00000000000001,120.00000000000001,0.0,114.15742231922262,36.69945629369386,72.79360026964389,29.08299740764469,72.51692661799184,49.490148421264784,95.68308395430536,28.59738298830973
93.33333333333334,500.0,4.986313481924669,28.443465478277947,39.262306054545846,45.08312330904238,58.59750221033434,55.27925142276624,32.20875713361245,6.580401820989456,99.99999999999999,60.00000000000001,120.00000000000001,0.0,60.00000000000001,0.0,120.00000000000001,60.00000000000001,107.96617525810308,34.57128069675849,85.9109315734137,23.22331833399477,66.69662196527484,17.525688991834144,83.4645917010611,49.98802679522682
93.33333333333334,500.0,4.986313481924669,28.443465478277947,32.20875713361245,6.580401820989456,39.262306054545846,45.08312330904238,58.59750221033434,55.27925142276624,99.99999999999999,60.00000000000001,120.00000000000001,60.00000000000001,120.00000000000001,0.0,60.00000000000001,0.0,107.96617525810308,34.57128069675849,83.4645917010611,49.98802679522682,85.9109315734137,23.22331833399477,66.69662196527484,17.525688991834144
93.33333333333334,500.0,4.986313481924669,28.443465478277947,32.20875713361245,6.580401820989456,58.59750221033434,55.27925142276624,39.262306054545846,45.08312330904238,99.99999999999999,60.00000000000001,120.00000000000001,60.00000000000001,60.00000000000001,0.0,120.00000000000001,0.0,107.96617525810308,34.57128069675849,83.4645917010611,49.98802679522682,66.69662196527484,17.525688991834144,85.9109315734137,23.22331833399477
93.33333333333334,500.0,4.986313481924669,28.443465478277947,58.59750221033434,55.27925142276624,39.262306054545846,45.08312330904238,32.20875713361245,6.580401820989456,99.99999999999999,60.00000000000001,60.00000000000001,0.0,120.00000000000001,0.0,120.00000000000001,60.00000000000001,107.96617525810308,34.57128069675849,66.69662196527484,17.525688991834144,85.9109315734137,23.22331833399477,83.4645917010611,49.98802679522682
93.33333333333334,500.0,4.986313481924669,28.443465478277947,58.59750221033434,55.27925142276624,32.20875713361245,6.580401820989456,39.262306054545846,45.08312330904238,99.99999999999999,60.00000000000001,60.00000000000001,0.0,120.00000000000001,60.00000000000001,120.00000000000001,0.0,107.96617525810308,34.57128069675849,66.69662196527484,17.525688991834144,83.4645917010611,49.98802679522682,85.9109315734137,23.22331833399477
93.33333333333334,500.0,39.262306054545846,45.08312330904238,4.986313481924669,28.443465478277947,32.20875713361245,6.580401820989456,58.59750221033434,55.27925142276624,120.00000000000001,0.0,99.99999999999999,60.00000000000001,120.00000000000001,60.00000000000001,60.00000000000001,0.0,85.9109315734137,23.22331833399477,107.96617525810308,34.57128069675849,83.4645917010611,49.98802679522682,66.69662196527484,17.525688991834144
93.33333333333334,500.0,39.262306054545846,45.08312330904238,4.986313481924669,28.443465478277947,58.59750221033434,55.27925142276624,32.20875713361245,6.580401820989456,120.00000000000001,0.0,99.99999999999999,60.00000000000001,60.00000000000001,0.0,120.00000000000001,60.00000000000001,85.9109315734137,23.22331833399477,107.96617525810308,34.57128069675849,66.69662196527484,17.525688991834144,83.4645917010611,49.98802679522682
93.33333333333334,500.0,39.262306054545846,45.08312330904238,32.20875713361245,6.580401820989456,4.986313481924669,28.443465478277947,58.59750221033434,55.27925142276624,120.00000000000001,0.0,120.00000000000001,60.00000000000001,99.99999999999999,60.00000000000001,60.00000000000001,0.0,85.9109315734137,23.22331833399477,83.4645917010611,49.98802679522682,107.96617525810308,34.57128069675849,66.69662196527484,17.525688991834144
93.33333333333334,500.0,39.262306054545846,45.08312330904238,32.20875713361245,6.580401820989456,58.59750221033434,55.27925142276624,4.986313481924669,28.443465478277947,120.00000000000001,0.0,120.00000000000001,60.00000000000001,60.00000000000001,0.0,99.99999999999999,60.00000000000001,85.9109315734137,23.22331833399477,83.4645917010611,49.98802679522682,66.69662196527484,17.525688991834144,107.96617525810308,34.57128069675849
93.33333333333334,500.0,39.262306054545846,45.08312330904238,58.59750221033434,55.27925142276624,4.986313481924669,28.443465478277947,32.20875713361245,6.580401820989456,120.00000000000001,0.0,60.00000000000001,0.0,99.99999999999999,60.00000000000001,120.00000000000001,60.00000000000001,85.9109315734137,23.22331833399477,66.69662196527484,17.525688991834144,107.96617525810308,34.57128069675849,83.4645917010611,49.98802679522682
93.33333333333334,500.0,39.262306054545846,45.08312330904238,58.59750221033434,55.27925142276624,32.20875713361245,6.580401820989456,4.986313481924669,28.443465478277947,120.00000000000001,0.0,60.00000000000001,0.0,120.00000000000001,60.00000000000001,99.99999999999999,60.00000000000001,85.9109315734137,23.22331833399477,66.69662196527484,17.525688991834144,83.4645917010611,49.98802679522682,107.96617525810308,34.57128069675849
93.33333333333334,500.0,32.20875713361245,6.580401820989456,4.986313481924669,28.443465478277947,39.262306054545846,45.08312330904238,58.59750221033434,55.27925142276624,120.00000000000001,60.00000000000001,99.99999999999999,60.00000000000001,120.00000000000001,0.0,60.00000000000001,0.0,83.4645917010611,49.98802679522682,107.96617525810308,34.57128069675849,85.9109315734137,23.22331833399477,66.69662196527484,17.525688991834144
93.33333333333334,500.0,32.20875713361245,6.580401820989456,4.986313481924669,28.443465478277947,58.59750221033434,55.27925142276624,39.262306054545846,45.08312330904238,120.00000000000001,60.00000000000001,99.99999999999999,60.00000000000001,60.00000000000001,0.0,120.00000000000001,0.0,83.4645917010611,49.98802679522682,107.96617525810308,34.57128069675849,66.69662196527484,17.525688991834144,85.9109315734137,23.22331833399477
93.33333333333334,500.0,32.20875713361245,6.580401820989456,39.262306054545846,45.08312330904238,4.986313481924669,28.443465478277947,58.59750221033434,55.27925142276624,120.00000000000001,60.00000000000001,120.00000000000001,0.0,99.99999999999999,60.00000000000001,60.00000000000001,0.0,83.4645917010611,49.98802679522682,85.9109315734137,23.22331833399477,107.96617525810308,34.57128069675849,66.69662196527484,17.525688991834144
93.33333333333334,500.0,32.20875713361245,6.580401820989456,39.262306054545846,45.08312330904238,58.59750221033434,55.27925142276624,4.986313481924669,28.443465478277947,120.00000000000001,60.00000000000001,120.00000000000001,0.0,60.00000000000001,0.0,99.99999999999999,60.00000000000001,83.4645917010611,49.98802679522682,85.9109315734137,23.22331833399477,66.69662196527484,17.525688991834144,107.96617525810308,34.57128069675849
93.33333333333334,500.0,32.20875713361245,6.580401820989456,58.59750221033434,55.27925142276624,4.986313481924669,28.443465478277947,39.262306054545846,45.08312330904238,120.00000000000001,60.00000000000001,60.00000000000001,0.0,99.99999999999999,60.00000000000001,120.00000000000001,0.0,83.4645917010611,49.98802679522682,66.69662196527484,17.525688991834144,107.96617525810308,34.57128069675849,85.9109315734137,23.22331833399477
93.33333333333334,500.0,32.20875713361245,6.580401820989456,58.59750221033434,55.27925142276624,39.262306054545846,45.08312330904238,4.986313481924669,28.443465478277947,120.00000000000001,60.00000000000001,60.00000000000001,0.0,120.00000000000001,0.0,99.99999999999999,60.00000000000001,83.4645917010611,49.98802679522682,66.69662196527484,17.525688991834144,85.9109315734137,23.22331833399477,107.96617525810308,34.57128069675849
93.33333333333334,500.0,58.59750221033434,55.27925142276624,4.986313481924669,28.443465478277947,39.262306054545846,45.08312330904238,32.20875713361245,6.580401820989456,60.00000000000001,0.0,99.99999999999999,60.00000000000001,120.00000000000001,0.0,120.00000000000001,60.00000000000001,66.69662196527484,17.525688991834144,107.96617525810308,34.57128069675849,85.9109315734137,23.22331833399477,83.4645917010611,49.98802679522682
93.33333333333334,500.0,58.59750221033434,55.27925142276624,4.986313481924669,28.443465478277947,32.20875713361245,6.580401820989456,39.262306054545846,45.08312330904238,60.00000000000001,0.0,99.99999999999999,60.00000000000001,120.00000000000001,60.00000000000001,120.00000000000001,0.0,66.69662196527484,17.525688991834144,107.96617525810308,34.57128069675849,83.4645917010611,49.98802679522682,85.9109315734137,23.22331833399477
93.33333333333334,500.0,58.59750221033434,55.27925142276624,39.262306054545846,45.08312330904238,4.986313481924669,28.443465478277947,32.20875713361245,6.580401820989456,60.00000000000001,0.0,120.00000000000001,0.0,99.99999999999999,60.00000000000001,120.00000000000001,60.00000000000001,66.69662196527484,17.525688991834144,85.9109315734137,23.22331833399477,107.96617525810308,34.57128069675849,83.4645917010611,49.98802679522682
93.33333333333334,500.0,58.59750221033434,55.27925142276624,39.262306054545846,45.08312330904238,32.20875713361245,6.580401820989456,4.986313481924669,28.443465478277947,60.00000000000001,0.0,120.00000000000001,0.0,120.00000000000001,60.00000000000001,99.99999999999999,60.00000000000001,66.69662196527484,17.525688991834144,85.9109315734137,23.22331833399477,83.4645917010611,49.98802679522682,107.96617525810308,34.57128069675849
93.33333333333334,500.0,58.59750221033434,55.27925142276624,32.20875713361245,6.580401820989456,4.986313481924669,28.443465478277947,39.262306054545846,45.08312330904238,60.00000000000001,0.0,120.00000000000001,60.00000000000001,99.99999999999999,60.00000000000001,120.00000000000001,0.0,66.69662196527484,17.525688991834144,83.4645917010611,49.98802679522682,107.96617525810308,34.57128069675849,85.9109315734137,23.22331833399477
93.33333333333334,500.0,58.59750221033434,55.27925142276624,32.20875713361245,6.580401820989456,39.262306054545846,45.08312330904238,4.986313481924669,28.443465478277947,60.00000000000001,0.0,120.00000000000001,60.00000000000001,120.00000000000001,0.0,99.99999999999999,60.00000000000001,66.69662196527484,17.525688991834144,83.4645917010611,49.98802679522682,85.9109315734137,23.22331833399477,107.96617525810308,34.57128069675849
93.33333333333334,500.0,5.211348800272397,8.376148412347781,57.369293262625085,17.95851595357707,36.03274430982172,41.498665211570525,9.102339826940264,33.941225583291185,120.0,60.0,60.0,20.0,60.0,0.0,120.0,0.0,109.11893153023354,44.32752431703788,67.84187618343233,37.43001307977119,60.24524128540543,16.48550069305364,96.55173120079182,27.88391839702099
93.33333333333334,500.0,5.211348800272397,8.376148412347781,9.102339826940264,33.941225583291185,57.369293262625085,17.95851595357707,36.03274430982172,41.498665211570525,120.0,60.0,120.0,0.0,60.0,20.0,60.0,0.0,109.11893153023354,44.32752431703788,96.55173120079182,27.88391839702099,67.84187618343233,37.43001307977119,60.24524128540543,16.48550069305364
93.33333333333334,500.0,5.211348800272397,8.376148412347781,9.102339826940264,33.941225583291185,36.03274430982172,41.498665211570525,57.369293262625085,17.95851595357707,120.0,60.0,120.0,0.0,60.0,0.0,60.0,20.0,109.11893153023354,44.32752431703788,96.55173120079182,27.88391839702099,60.24524128540543,16.48550069305364,67.84187618343233,37.43001307977119
93.33333333333334,500.0,5.211348800272397,8.376148412347781,36.03274430982172,41.498665211570525,57.369293262625085,17.95851595357707,9.102339826940264,33.941225583291185,120.0,60.0,60.0,0.0,60.0,20.0,120.0,0.0,109.11893153023354,44.32752431703788,60.24524128540543,16.48550069305364,67.84187618343233,37.43001307977119,96.55173120079182,27.88391839702099
93.33333333333334,500.0,5.211348800272397,8.376148412347781,36.03274430982172,41.498665211570525,9.102339826940264,33.941225583291185,57.369293262625085,17.95851595357707,120.0,60.0,60.0,0.0,120.0,0.0,60.0,20.0,109.11893153023354,44.32752431703788,60.24524128540543,16.48550069305364,96.55173120079182,27.88391839702099,67.84187618343233,37.43001307977119
93.33333333333334,500.0,57.369293262625085,17.95851595357707,5.211348800272397,8.376148412347781,9.102339826940264,33.941225583291185,36.03274430982172,41.498665211570525,60.0,20.0,120.0,60.0,120.0,0.0,60.0,0.0,67.84187618343233,37.43001307977119,109.11893153023354,44.32752431703788,96.55173120079182,27.88391839702099,60.24524128540543,16.48550069305364
93.33333333333334,500.0,57.369293262625085,17.95851595357707,5.211348800272397,8.376148412347781,36.03274430982172,41.498665211570525,9.102339826940264,33.941225583291185,60.0,20.0,120.0,60.0,60.0,0.0,120.0,0.0,67.84187618343233,37.43001307977119,109.11893153023354,44.32752431703788,60.24524128540543,16.48550069305364,96.55173120079182,27.88391839702099
93.33333333333334,500.0,57.369293262625085,17.95851595357707,9.102339826940264,33.941225583291185,5.211348800272397,8.376148412347781,36.03274430982172,41.498665211570525,60.0,20.0,120.0,0.0,120.0,60.0,60.0,0.0,67.84187618343233,37.43001307977119,96.55173120079182,27.88391839702099,109.11893153023354,44.32752431703788,60.24524128540543,16.48550069305364
93.33333333333334,500.0,57.369293262625085,17.95851595357707,9.102339826940264,33.941225583291185,36.03274430982172,41.498665211570525,5.211348800272397,8.376148412347781,60.0,20.0,120.0,0.0,60.0,0.0,120.0,60.0,67.84187618343233,37.43001307977119,96.55173120079182,27.88391839702099,60.24524128540543,16.48550069305364,109.11893153023354,44.32752431703788
93.33333333333334,500.0,57.369293262625085,17.95851595357707,36.03274430982172,41.498665211570525,5.211348800272397,8.376148412347781,9.102339826940264,33.941225583291185,60.0,20.0,60.0,0.0,120.0,60.0,120.0,0.0,67.84187618343233,37.43001307977119,60.24524128540543,16.48550069305364,109.11893153023354,44.32752431703788,96.55173120079182,27.88391839702099
93.33333333333334,500.0,57.369293262625085,17.95851595357707,36.03274430982172,41.498665211570525,9.102339826940264,33.941225583291185,5.211348800272397,8.376148412347781,60.0,20.0,60.0,0.0,120.0,0.0,120.0,60.0,67.84187618343233,37.43001307977119,60.24524128540543,16.48550069305364,96.55173120079182,27.88391839702099,109.11893153023354,44.32752431703788
93.33333333333334,500.0,9.102339826940264,33.941225583291185,5.211348800272397,8.376148412347781,57.369293262625085,17.95851595357707,36.03274430982172,41.498665211570525,120.0,0.0,120.0,60.0,60.0,20.0,60.0,0.0,96.55173120079182,27.88391839702099,109.11893153023354,44.32752431703788,67.84187618343233,37.43001307977119,60.24524128540543,16.48550069305364
93.33333333333334,500.0,9.102339826940264,33.941225583291185,5.211348800272397,8.376148412347781,36.03274430982172,41.498665211570525,57.369293262625085,17.95851595357707,120.0,0.0,120.0,60.0,60.0,0.0,60.0,20.0,96.55173120079182,27.88391839702099,109.11893153023354,44.32752431703788,60.24524128540543,16.48550069305364,67.84187618343233,37.43001307977119
93.33333333333334,500.0,9.102339826940264,33.941225583291185,57.369293262625085,17.95851595357707,5.211348800272397,8.376148412347781,36.03274430982172,41.498665211570525,120.0,0.0,60.0,20.0,120.0,60.0,60.0,0.0,96.55173120079182,27.88391839702099,67.84187618343233,37.43001307977119,109.11893153023354,44.32752431703788,60.24524128540543,16.48550069305364
93.33333333333334,500.0,9.102339826940264,33.941225583291185,57.369293262625085,17.95851595357707,36.03274430982172,41.498665211570525,5.211348800272397,8.376148412347781,120.0,0.0,60.0,20.0,60.0,0.0,120.0,60.0,96.55173120079182,27.88391839702099,67.84187618343233,37.43001307977119,60.24524128540543,16.48550069305364,109.11893153023354,44.32752431703788
93.33333333333334,500.0,9.102339826940264,33.941225583291185,36.03274430982172,41.498665211570525,5.211348800272397,8.376148412347781,57.369293262625085,17.95851595357707,120.0,0.0,60.0,0.0,120.0,60.0,60.0,20.0,96.55173120079182,27.88391839702099,60.24524128540543,16.48550069305364,109.11893153023354,44.32752431703788,67.84187618343233,37.43001307977119
93.33333333333334,500.0,9.102339826940264,33.941225583291185,36.03274430982172,41.498665211570525,57.369293262625085,17.95851595357707,5.211348800272397,8.376148412347781,120.0,0.0,60.0,0.0,60.0,20.0,120.0,60.0,96.55173120079182,27.88391839702099,60.24524128540543,16.48550069305364,67.84187618343233,37.43001307977119,109.11893153023354,44.32752431703788
93.33333333333334,500.0,36.03274430982172,41.498665211570525,5.211348800272397,8.376148412347781,57.369293262625085,17.95851595357707,9.102339826940264,33.941225583291185,60.0,0.0,120.0,60.0,60.0,20.0,120.0,0.0,60.24524128540543,16.48550069305364,109.11893153023354,44.32752431703788,67.84187618343233,37.43001307977119,96.55173120079182,27.88391839702099
93.33333333333334,500.0,36.03274430982172,41.498665211570525,5.211348800272397,8.376148412347781,9.102339826940264,33.941225583291185,57.369293262625085,17.95851595357707,60.0,0.0,120.0,60.0,120.0,0.0,60.0,20.0,60.24524128540543,16.48550069305364,109.11893153023354,44.32752431703788,96.55173120079182,27.88391839702099,67.84187618343233,37.43001307977119
93.33333333333334,500.0,36.03274430982172,41.498665211570525,57.369293262625085,17.95851595357707,5.211348800272397,8.376148412347781,9.102339826940264,33.941225583291185,60.0,0.0,60.0,20.0,120.0,60.0,120.0,0.0,60.24524128540543,16.48550069305364,67.84187618343233,37.43001307977119,109.11893153023354,44.32752431703788,96.55173120079182,27.88391839702099
93.33333333333334,500.0,36.03274430982172,41.498665211570525,57.369293262625085,17.95851595357707,9.102339826940264,33.941225583291185,5.211348800272397,8.376148412347781,60.0,0.0,60.0,20.0,120.0,0.0,120.0,60.0,60.24524128540543,16.48550069305364,67.84187618343233,37.43001307977119,96.55173120079182,27.88391839702099,109.11893153023354,44.32752431703788
93.33333333333334,500.0,36.03274430982172,41.498665211570525,9.102339826940264,33.941225583291185,5.211348800272397,8.376148412347781,57.369293262625085,17.95851595357707,60.0,0.0,120.0,0.0,120.0,60.0,60.0,20.0,60.24524128540543,16.48550069305364,96.55173120079182,27.88391839702099,109.11893153023354,44.32752431703788,67.84187618343233,37.43001307977119
93.33333333333334,500.0,36.03274430982172,41.498665211570525,9.102339826940264,33.941225583291185,57.369293262625085,17.95851595357707,5.211348800272397,8.376148412347781,60.0,0.0,120.0,0.0,60.0,20.0,120.0,60.0,60.24524128540543,16.48550069305364,96.55173120079182,27.88391839702099,67.84187618343233,37.43001307977119,109.11893153023354,44.32752431703788
93.33333333333334,500.0,44.34573782095048,36.33570249394532,0.3037399981834165,56.947888135775045,59.54855169804455,1.5227202548656282,20.561475412279616,42.77581139119352,60.0,40.0,100.0,20.0,60.0,60.0,80.0,40.0,61.05560433400695,26.15723208081744,111.75364461694043,10.706470687589224,70.17276868900035,50.42682500833918,89.80857682643594,22.58203594057562
93.33333333333334,500.0,44.34573782095048,36.33570249394532,20.561475412279616,42.77581139119352,0.3037399981834165,56.947888135775045,59.54855169804455,1.5227202548656282,60.0,40.0,80.0,40.0,100.0,20.0,60.0,60.0,61.05560433400695,26.15723208081744,89.80857682643594,22.58203594057562,111.75364461694043,10.706470687589224,70.17276868900035,50.42682500833918
93.33333333333334,500.0,44.34573782095048,36.33570249394532,20.561475412279616,42.77581139119352,59.54855169804455,1.5227202548656282,0.3037399981834165,56.947888135775045,60.0,40.0,80.0,40.0,60.0,60.0,100.0,20.0,61.05560433400695,26.15723208081744,89.80857682643594,22.58203594057562,70.17276868900035,50.42682500833918,111.75364461694043,10.706470687589224
93.33333333333334,500.0,44.34573782095048,36.33570249394532,59.54855169804455,1.5227202548656282,0.3037399981834165,56.947888135775045,20.561475412279616,42.77581139119352,60.0,40.0,60.0,60.0,100.0,20.0,80.0,40.0,61.05560433400695,26.15723208081744,70.17276868900035,50.42682500833918,111.75364461694043,10.706470687589224,89.80857682643594,22.58203594057562
93.33333333333334,500.0,44.34573782095048,36.33570249394532,59.54855169804455,1.5227202548656282,20.561475412279616,42.77581139119352,0.3037399981834165,56.947888135775045,60.0,40.0,60.0,60.0,80.0,40.0,100.0,20.0,61.05560433400695,26.15723208081744,70.17276868900035,50.42682500833918,89.80857682643594,22.58203594057562,111.75364461694043,10.706470687589224
93.33333333333334,500.0,0.3037399981834165,56.947888135775045,44.34573782095048,36.33570249394532,20.561475412279616,42.77581139119352,59.54855169804455,1.5227202548656282,100.0,20.0,60.0,40.0,80.0,40.0,60.0,60.0,111.75364461694043,10.706470687589224,61.05560433400695,26.15723208081744,89.80857682643594,22.58203594057562,70.17276868900035,50.42682500833918
93.33333333333334,500.0,0.3037399981834165,56.947888135775045,44.34573782095048,36.33570249394532,59.54855169804455,1.5227202548656282,20.561475412279616,42.77581139119352,100.0,20.0,60.0,40.0,60.0,60.0,80.0,40.0,111.75364461694043,10.706470687589224,61.05560433400695,26.15723208081744,70.17276868900035,50.42682500833918,89.80857682643594,22.58203594057562
93.33333333333334,500.0,0.3037399981834165,56.947888135775045,20.561475412279616,42.77581139119352,44.34573782095048,36.33570249394532,59.54855169804455,1.5227202548656282,100.0,20.0,80.0,40.0,60.0,40.0,60.0,60.0,111.75364461694043,10.706470687589224,89.80857682643594,22.58203594057562,61.05560433400695,26.15723208081744,70.17276868900035,50.42682500833918
93.33333333333334,500.0,0.3037399981834165,56.947888135775045,20.561475412279616,42.77581139119352,59.54855169804455,1.5227202548656282,44.34573782095048,36.33570249394532,100.0,20.0,80.0,40.0,60.0,60.0,60.0,40.0,111.75364461694043,10.706470687589224,89.80857682643594,22.58203594057562,70.17276868900035,50.42682500833918,61.05560433400695,26.15723208081744
93.33333333333334,500.0,0.3037399981834165,56.947888135775045,59.54855169804455,1.5227202548656282,44.34573782095048,36.33570249394532,20.561475412279616,42.77581139119352,100.0,20.0,60.0,60.0,60.0,40.0,80.0,40.0,111.75364461694043,10.706470687589224,70.17276868900035,50.42682500833918,61.05560433400695,26.15723208081744,89.80857682643594,22.58203594057562
93.33333333333334,500.0,0.3037399981834165,56.947888135775045,59.54855169804455,1.5227202548656282,20.561475412279616,42.77581139119352,44.34573782095048,36.33570249394532,100.0,20.0,60.0,60.0,80.0,40.0,60.0,40.0,111.75364461694043,10.706470687589224,70.17276868900035,50.42682500833918,89.80857682643594,22.58203594057562,61.05560433400695,26.15723208081744
93.33333333333334,500.0,20.561475412279616,42.77581139119352,44.34573782095048,36.33570249394532,0.3037399981834165,56.947888135775045,59.54855169804455,1.5227202548656282,80.0,40.0,60.0,40.0,100.0,20.0,60.0,60.0,89.80857682643594,22.58203594057562,61.05560433400695,26.15723208081744,111.75364461694043,10.706470687589224,70.17276868900035,50.42682500833918
93.33333333333334,500.0,20.561475412279616,42.77581139119352,44.34573782095048,36.33570249394532,59.54855169804455,1.5227202548656282,0.3037399981834165,56.947888135775045,80.0,40.0,60.0,40.0,60.0,60.0,100.0,20.0,89.80857682643594,22.58203594057562,61.05560433400695,26.15723208081744,70.17276868900035,50.42682500833918,111.75364461694043,10.706470687589224
93.33333333333334,500.0,20.561475412279616,42.77581139119352,0.3037399981834165,56.947888135775045,44.34573782095048,36.33570249394532,59.54855169804455,1.5227202548656282,80.0,40.0,100.0,20.0,60.0,40.0,60.0,60.0,89.80857682643594,22.58203594057562,111.75364461694043,10.706470687589224,61.05560433400695,26.15723208081744,70.17276868900035,50.42682500833918
93.33333333333334,500.0,20.561475412279616,42.77581139119352,0.3037399981834165,56.947888135775045,59.54855169804455,1.5227202548656282,44.34573782095048,36.33570249394532,80.0,40.0,100.0,20.0,60.0,60.0,60.0,40.0,89.80857682643594,22.58203594057562,111.75364461694043,10.706470687589224,70.17276868900035,50.42682500833918,61.05560433400695,26.15723208081744
93.33333333333334,500.0,20.561475412279616,42.77581139119352,59.54855169804455,1.5227202548656282,44.34573782095048,36.33570249394532,0.3037399981834165,56.947888135775045,80.0,40.0,60.0,60.0,60.0,40.0,100.0,20.0,89.80857682643594,22.58203594057562,70.17276868900035,50.42682500833918,61.05560433400695,26.15723208081744,111.75364461694043,10.706470687589224
93.33333333333334,500.0,20.561475412279616,42.77581139119352,59.54855169804455,1.5227202548656282,0.3037399981834165,56.947888135775045,44.34573782095048,36.33570249394532,80.0,40.0,60.00000000000001,60.00000000000001,100.0,20.0,60.00000000000001,40.0,89.80857682643594,22.58203594057562,70.17276868900035,50.42682500833918,111.75364461694043,10.706470687589224,61.05560433400695,26.15723208081744
93.33333333333334,500.0,59.54855169804455,1.5227202548656282,44.34573782095048,36.33570249394532,0.3037399981834165,56.947888135775045,20.561475412279616,42.77581139119352,60.0,60.0,60.0,40.0,100.0,20.0,80.0,40.0,70.17276868900035,50.42682500833918,61.05560433400695,26.15723208081744,111.75364461694043,10.706470687589224,89.80857682643594,22.58203594057562
93.33333333333334,500.0,59.54855169804455,1.5227202548656282,44.34573782095048,36.33570249394532,20.561475412279616,42.77581139119352,0.3037399981834165,56.947888135775045,60.0,60.0,60.0,40.0,80.0,40.0,100.0,20.0,70.17276868900035,50.42682500833918,61.05560433400695,26.15723208081744,89.80857682643594,22.58203594057562,111.75364461694043,10.706470687589224
93.33333333333334,500.0,59.54855169804455,1.5227202548656282,0.3037399981834165,56.947888135775045,44.34573782095048,36.33570249394532,20.561475412279616,42.77581139119352,60.00000000000001,60.00000000000001,100.0,20.0,60.00000000000001,40.0,80.0,40.0,70.17276868900035,50.42682500833918,111.75364461694043,10.706470687589224,61.05560433400695,26.15723208081744,89.80857682643594,22.58203594057562
93.33333333333334,500.0,59.54855169804455,1.5227202548656282,0.3037399981834165,56.947888135775045,20.561475412279616,42.77581139119352,44.34573782095048,36.33570249394532,60.00000000000001,60.00000000000001,100.0,20.0,80.0,40.0,60.00000000000001,40.0,70.17276868900035,50.42682500833918,111.75364461694043,10.706470687589224,89.80857682643594,22.58203594057562,61.05560433400695,26.15723208081744
93.33333333333334,500.0,59.54855169804455,1.5227202548656282,20.561475412279616,42.77581139119352,44.34573782095048,36.33570249394532,0.3037399981834165,56.947888135775045,60.0,60.0,80.0,40.0,60.0,40.0,100.0,20.0,70.17276868900035,50.42682500833918,89.80857682643594,22.58203594057562,61.05560433400695,26.15723208081744,111.75364461694043,10.706470687589224
93.33333333333334,500.0,59.54855169804455,1.5227202548656282,20.561475412279616,42.77581139119352,0.3037399981834165,56.947888135775045,44.34573782095048,36.33570249394532,60.0,60.0,80.0,40.0,100.0,20.0,60.0,40.0,70.17276868900035,50.42682500833918,89.80857682643594,22.58203594057562,111.75364461694043,10.706470687589224,61.05560433400695,26.15723208081744
106.66666666666669,500.0,12.185706071055533,9.871360616351224,38.18921908201288,21.308982164732328,2.5780299027295883,43.858517242007046,58.72518985345108,37.79540027620673,120.0,40.0,80.0,20.0,100.0,20.0,60.0,20.0,110.41004781919553,46.32251147959308,61.944248004961736,31.335177385785048,119.3641750615662,6.043090609648303,61.41897222107678,7.274715837014455
106.66666666666669,500.0,12.185706071055533,9.871360616351224,58.72518985345108,37.79540027620673,38.18921908201288,21.308982164732328,2.5780299027295883,43.858517242007046,120.0,40.0,60.0,20.0,80.0,20.0,100.0,20.0,110.41004781919553,46.32251147959308,61.41897222107678,7.274715837014455,61.944248004961736,31.335177385785048,119.3641750615662,6.043090609648303
106.66666666666669,500.0,12.185706071055533,9.871360616351224,58.72518985345108,37.79540027620673,2.5780299027295883,43.858517242007046,38.18921908201288,21.308982164732328,120.0,40.0,60.0,20.0,100.0,20.0,80.0,20.0,110.41004781919553,46.32251147959308,61.41897222107678,7.274715837014455,119.3641750615662,6.043090609648303,61.944248004961736,31.335177385785048
106.66666666666669,500.0,12.185706071055533,9.871360616351224,2.5780299027295883,43.858517242007046,38.18921908201288,21.308982164732328,58.72518985345108,37.79540027620673,120.0,40.0,100.0,20.0,80.0,20.0,60.0,20.0,110.41004781919553,46.32251147959308,119.3641750615662,6.043090609648303,61.944248004961736,31.335177385785048,61.41897222107678,7.274715837014455
106.66666666666669,500.0,12.185706071055533,9.871360616351224,2.5780299027295883,43.858517242007046,58.72518985345108,37.79540027620673,38.18921908201288,21.308982164732328,120.0,40.0,100.0,20.0,60.0,20.0,80.0,20.0,110.41004781919553,46.32251147959308,119.3641750615662,6.043090609648303,61.41897222107678,7.274715837014455,61.944248004961736,31.335177385785048
106.66666666666669,500.0,38.18921908201288,21.308982164732328,12.185706071055533,9.871360616351224,58.72518985345108,37.79540027620673,2.5780299027295883,43.858517242007046,80.0,20.0,120.0,40.0,60.0,20.0,99.99999999999999,20.0,61.944248004961736,31.335177385785048,110.41004781919553,46.32251147959308,61.41897222107678,7.274715837014455,119.3641750615662,6.043090609648303
106.66666666666669,500.0,38.18921908201288,21.308982164732328,12.185706071055533,9.871360616351224,2.5780299027295883,43.858517242007046,58.72518985345108,37.79540027620673,80.0,20.0,120.0,40.0,99.99999999999999,20.0,60.0,20.0,61.944248004961736,31.335177385785048,110.41004781919553,46.32251147959308,119.3641750615662,6.043090609648303,61.41897222107678,7.274715837014455
106.66666666666669,500.0,38.18921908201288,21.308982164732328,58.72518985345108,37.79540027620673,12.185706071055533,9.871360616351224,2.5780299027295883,43.858517242007046,80.0,20.0,60.0,20.0,120.0,40.0,100.0,20.0,61.944248004961736,31.335177385785048,61.41897222107678,7.274715837014455,110.41004781919553,46.32251147959308,119.3641750615662,6.043090609648303
106.66666666666669,500.0,38.18921908201288,21.308982164732328,58.72518985345108,37.79540027620673,2.5780299027295883,43.858517242007046,12.185706071055533,9.871360616351224,80.0,20.0,60.0,20.0,100.0,20.0,120.0,40.0,61.944248004961736,31.335177385785048,61.41897222107678,7.274715837014455,119.3641750615662,6.043090609648303,110.41004781919553,46.32251147959308
106.66666666666669,500.0,38.18921908201288,21.308982164732328,2.5780299027295883,43.858517242007046,12.185706071055533,9.871360616351224,58.72518985345108,37.79540027620673,80.0,20.0,99.99999999999999,20.0,120.0,40.0,60.0,20.0,61.944248004961736,31.335177385785048,119.3641750615662,6.043090609648303,110.41004781919553,46.32251147959308,61.41897222107678,7.274715837014455
106.66666666666669,500.0,38.18921908201288,21.308982164732328,2.5780299027295883,43.858517242007046,58.72518985345108,37.79540027620673,12.185706071055533,9.871360616351224,80.0,20.0,100.0,20.0,60.0,20.0,120.0,40.0,61.944248004961736,31.335177385785048,119.3641750615662,6.043090609648303,61.41897222107678,7.274715837014455,110.41004781919553,46.32251147959308
106.66666666666669,500.0,58.72518985345108,37.79540027620673,12.185706071055533,9.871360616351224,38.18921908201288,21.308982164732328,2.5780299027295883,43.858517242007046,60.0,20.0,120.0,40.0,80.0,20.0,100.0,20.0,61.41897222107678,7.274715837014455,110.41004781919553,46.32251147959308,61.944248004961736,31.335177385785048,119.3641750615662,6.043090609648303
106.66666666666669,500.0,58.72518985345108,37.79540027620673,12.185706071055533,9.871360616351224,2.5780299027295883,43.858517242007046,38.18921908201288,21.308982164732328,60.0,20.0,120.0,40.0,100.0,20.0,80.0,20.0,61.41897222107678,7.274715837014455,110.41004781919553,46.32251147959308,119.3641750615662,6.043090609648303,61.944248004961736,31.335177385785048
106.66666666666669,500.0,58.72518985345108,37.79540027620673,38.18921908201288,21.308982164732328,12.185706071055533,9.871360616351224,2.5780299027295883,43.858517242007046,60.0,20.0,80.0,20.0,120.0,40.0,100.0,20.0,61.41897222107678,7.274715837014455,61.944248004961736,31.335177385785048,110.41004781919553,46.32251147959308,119.3641750615662,6.043090609648303
106.66666666666669,500.0,58.72518985345108,37.79540027620673,38.18921908201288,21.308982164732328,2.5780299027295883,43.858517242007046,12.185706071055533,9.871360616351224,60.0,20.0,80.0,20.0,100.0,20.0,120.0,40.0,61.41897222107678,7.274715837014455,61.944248004961736,31.335177385785048,119.3641750615662,6.043090609648303,110.41004781919553,46.32251147959308
106.66666666666669,500.0,58.72518985345108,37.79540027620673,2.5780299027295883,43.858517242007046,12.185706071055533,9.871360616351224,38.18921908201288,21.308982164732328,60.0,20.0,100.0,20.0,120.0,40.0,80.0,20.0,61.41897222107678,7.274715837014455,119.3641750615662,6.043090609648303,110.41004781919553,46.32251147959308,61.944248004961736,31.335177385785048
106.66666666666669,500.0,58.72518985345108,37.79540027620673,2.5780299027295883,43.858517242007046,38.18921908201288,21.308982164732328,12.185706071055533,9.871360616351224,60.0,20.0,100.0,20.0,80.0,20.0,120.0,40.0,61.41897222107678,7.274715837014455,119.3641750615662,6.043090609648303,61.944248004961736,31.335177385785048,110.41004781919553,46.32251147959308
106.66666666666669,500.0,2.5780299027295883,43.858517242007046,12.185706071055533,9.871360616351224,38.18921908201288,21.308982164732328,58.72518985345108,37.79540027620673,100.0,20.0,120.0,40.0,80.0,20.0,60.0,20.0,119.3641750615662,6.043090609648303,110.41004781919553,46.32251147959308,61.944248004961736,31.335177385785048,61.41897222107678,7.274715837014455
106.66666666666669,500.0,2.5780299027295883,43.858517242007046,12.185706071055533,9.871360616351224,58.72518985345108,37.79540027620673,38.18921908201288,21.308982164732328,100.0,20.0,120.0,40.0,60.0,20.0,80.0,20.0,119.3641750615662,6.043090609648303,110.41004781919553,46.32251147959308,61.41897222107678,7.274715837014455,61.944248004961736,31.335177385785048
106.66666666666669,500.0,2.5780299027295883,43.858517242007046,38.18921908201288,21.308982164732328,12.185706071055533,9.871360616351224,58.72518985345108,37.79540027620673,99.99999999999999,20.0,80.0,20.0,120.0,40.0,60.0,20.0,119.3641750615662,6.043090609648303,61.944248004961736,31.335177385785048,110.41004781919553,46.32251147959308,61.41897222107678,7.274715837014455
106.66666666666669,500.0,2.5780299027295883,43.858517242007046,38.18921908201288,21.308982164732328,58.72518985345108,37.79540027620673,12.185706071055533,9.871360616351224,100.0,20.0,80.0,20.0,60.0,20.0,120.0,40.0,119.3641750615662,6.043090609648303,61.944248004961736,31.335177385785048,61.41897222107678,7.274715837014455,110.41004781919553,46.32251147959308
106.66666666666669,500.0,2.5780299027295883,43.858517242007046,58.72518985345108,37.79540027620673,12.185706071055533,9.871360616351224,38.18921908201288,21.308982164732328,100.0,20.0,60.0,20.0,120.0,40.0,80.0,20.0,119.3641750615662,6.043090609648303,61.41897222107678,7.274715837014455,110.41004781919553,46.32251147959308,61.944248004961736,31.335177385785048
106.66666666666669,500.0,2.5780299027295883,43.858517242007046,58.72518985345108,37.79540027620673,38.18921908201288,21.308982164732328,12.185706071055533,9.871360616351224,100.0,20.0,60.0,20.0,80.0,20.0,120.0,40.0,119.3641750615662,6.043090609648303,61.41897222107678,7.274715837014455,61.944248004961736,31.335177385785048,110.41004781919553,46.32251147959308
106.66666666666669,500.0,35.82627493799728,53.58846969708266,43.20819699126219,7.507231169927746,12.730123982247626,51.94818559507895,11.735130422584266,27.941518173983763,59.99999999999999,20.0,59.99999999999999,59.99999999999999,100.0,20.0,100.0,40.0,84.44860051557842,32.11088002082684,91.1841347797256,58.05958688591653,67.11197725090419,21.60557043024688,69.52268232871418,57.59139497287266
106.66666666666669,500.0,35.82627493799728,53.58846969708266,11.735130422584266,27.941518173983763,43.20819699126219,7.507231169927746,12.730123982247626,51.94818559507895,59.99999999999999,20.0,100.0,40.0,59.99999999999999,59.99999999999999,100.0,20.0,84.44860051557842,32.11088002082684,69.52268232871418,57.59139497287266,91.1841347797256,58.05958688591653,67.11197725090419,21.60557043024688
106.66666666666669,500.0,35.82627493799728,53.58846969708266,11.735130422584266,27.941518173983763,12.730123982247626,51.94818559507895,43.20819699126219,7.507231169927746,59.99999999999999,20.0,100.0,40.0,100.0,20.0,59.99999999999999,59.99999999999999,84.44860051557842,32.11088002082684,69.52268232871418,57.59139497287266,67.11197725090419,21.60557043024688,91.1841347797256,58.05958688591653
106.66666666666669,500.0,35.82627493799728,53.58846969708266,12.730123982247626,51.94818559507895,43.20819699126219,7.507231169927746,11.735130422584266,27.941518173983763,59.99999999999999,20.0,100.0,20.0,59.99999999999999,59.99999999999999,100.0,40.0,84.44860051557842,32.11088002082684,67.11197725090419,21.60557043024688,91.1841347797256,58.05958688591653,69.52268232871418,57.59139497287266
106.66666666666669,500.0,35.82627493799728,53.58846969708266,12.730123982247626,51.94818559507895,11.735130422584266,27.941518173983763,43.20819699126219,7.507231169927746,59.99999999999999,20.0,100.0,20.0,100.0,40.0,59.99999999999999,59.99999999999999,84.44860051557842,32.11088002082684,67.11197725090419,21.60557043024688,69.52268232871418,57.59139497287266,91.1841347797256,58.05958688591653
106.66666666666669,500.0,43.20819699126219,7.507231169927746,35.82627493799728,53.58846969708266,11.735130422584266,27.941518173983763,12.730123982247626,51.94818559507895,59.99999999999999,59.99999999999999,59.99999999999999,20.0,100.0,40.0,100.0,20.0,91.1841347797256,58.05958688591653,84.44860051557842,32.11088002082684,69.52268232871418,57.59139497287266,67.11197725090419,21.60557043024688
106.66666666666669,500.0,43.20819699126219,7.507231169927746,35.82627493799728,53.58846969708266,12.730123982247626,51.94818559507895,11.735130422584266,27.941518173983763,59.99999999999999,59.99999999999999,59.99999999999999,20.0,100.0,20.0,100.0,40.0,91.1841347797256,58.05958688591653,84.44860051557842,32.11088002082684,67.11197725090419,21.60557043024688,69.52268232871418,57.59139497287266
106.66666666666669,500.0,43.20819699126219,7.507231169927746,11.735130422584266,27.941518173983763,35.82627493799728,53.58846969708266,12.730123982247626,51.94818559507895,59.99999999999999,59.99999999999999,100.0,40.0,59.99999999999999,20.0,100.0,20.0,91.1841347797256,58.05958688591653,69.52268232871418,57.59139497287266,84.44860051557842,32.11088002082684,67.11197725090419,21.60557043024688
106.66666666666669,500.0,43.20819699126219,7.507231169927746,11.735130422584266,27.941518173983763,12.730123982247626,51.94818559507895,35.82627493799728,53.58846969708266,59.99999999999999,59.99999999999999,100.0,40.0,100.0,20.0,59.99999999999999,20.0,91.1841347797256,58.05958688591653,69.52268232871418,57.59139497287266,67.11197725090419,21.60557043024688,84.44860051557842,32.11088002082684
106.66666666666669,500.0,43.20819699126219,7.507231169927746,12.730123982247626,51.94818559507895,35.82627493799728,53.58846969708266,11.735130422584266,27.941518173983763,59.99999999999999,59.99999999999999,100.0,20.0,59.99999999999999,20.0,100.0,40.0,91.1841347797256,58.05958688591653,67.11197725090419,21.60557043024688,84.44860051557842,32.11088002082684,69.52268232871418,57.59139497287266
106.66666666666669,500.0,43.20819699126219,7.507231169927746,12.730123982247626,51.94818559507895,11.735130422584266,27.941518173983763,35.82627493799728,53.58846969708266,59.99999999999999,59.99999999999999,100.0,20.0,100.0,40.0,59.99999999999999,20.0,91.1841347797256,58.05958688591653,67.11197725090419,21.60557043024688,69.52268232871418,57.59139497287266,84.44860051557842,32.11088002082684
106.66666666666669,500.0,11.735130422584266,27.941518173983763,35.82627493799728,53.58846969708266,43.20819699126219,7.507231169927746,12.730123982247626,51.94818559507895,100.0,40.0,59.99999999999999,20.0,59.99999999999999,59.99999999999999,100.0,20.0,69.52268232871418,57.59139497287266,84.44860051557842,32.11088002082684,91.1841347797256,58.05958688591653,67.11197725090419,21.60557043024688
106.66666666666669,500.0,11.735130422584266,27.941518173983763,35.82627493799728,53.58846969708266,12.730123982247626,51.94818559507895,43.20819699126219,7.507231169927746,100.0,40.0,59.99999999999999,20.0,100.0,20.0,59.99999999999999,59.99999999999999,69.52268232871418,57.59139497287266,84.44860051557842,32.11088002082684,67.11197725090419,21.60557043024688,91.1841347797256,58.05958688591653
106.66666666666669,500.0,11.735130422584266,27.941518173983763,43.20819699126219,7.507231169927746,35.82627493799728,53.58846969708266,12.730123982247626,51.94818559507895,100.0,40.0,59.99999999999999,59.99999999999999,59.99999999999999,20.0,100.0,20.0,69.52268232871418,57.59139497287266,91.1841347797256,58.05958688591653,84.44860051557842,32.11088002082684,67.11197725090419,21.60557043024688
106.66666666666669,500.0,11.735130422584266,27.941518173983763,43.20819699126219,7.507231169927746,12.730123982247626,51.94818559507895,35.82627493799728,53.58846969708266,100.0,40.0,59.99999999999999,59.99999999999999,100.0,20.0,59.99999999999999,20.0,69.52268232871418,57.59139497287266,91.1841347797256,58.05958688591653,67.11197725090419,21.60557043024688,84.44860051557842,32.11088002082684
106.66666666666669,500.0,11.735130422584266,27.941518173983763,12.730123982247626,51.94818559507895,35.82627493799728,53.58846969708266,43.20819699126219,7.507231169927746,100.0,40.0,100.0,20.0,59.99999999999999,20.0,59.99999999999999,59.99999999999999,69.52268232871418,57.59139497287266,67.11197725090419,21.60557043024688,84.44860051557842,32.11088002082684,91.1841347797256,58.05958688591653
106.66666666666669,500.0,11.735130422584266,27.941518173983763,12.730123982247626,51.94818559507895,43.20819699126219,7.507231169927746,35.82627493799728,53.58846969708266,100.0,40.0,100.0,20.0,59.99999999999999,59.99999999999999,59.99999999999999,20.0,69.52268232871418,57.59139497287266,67.11197725090419,21.60557043024688,91.1841347797256,58.05958688591653,84.44860051557842,32.11088002082684
106.66666666666669,500.0,12.730123982247626,51.94818559507895,35.82627493799728,53.58846969708266,43.20819699126219,7.507231169927746,11.735130422584266,27.941518173983763,100.0,20.0,59.99999999999999,20.0,59.99999999999999,59.99999999999999,100.0,40.0,67.11197725090419,21.60557043024688,84.44860051557842,32.11088002082684,91.1841347797256,58.05958688591653,69.52268232871418,57.59139497287266
106.66666666666669,500.0,12.730123982247626,51.94818559507895,35.82627493799728,53.58846969708266,11.735130422584266,27.941518173983763,43.20819699126219,7.507231169927746,100.0,20.0,59.99999999999999,20.0,100.0,40.0,59.99999999999999,59.99999999999999,67.11197725090419,21.60557043024688,84.44860051557842,32.11088002082684,69.52268232871418,57.59139497287266,91.1841347797256,58.05958688591653
106.66666666666669,500.0,12.730123982247626,51.94818559507895,43.20819699126219,7.507231169927746,35.82627493799728,53.58846969708266,11.735130422584266,27.941518173983763,100.0,20.0,59.99999999999999,59.99999999999999,59.99999999999999,20.0,100.0,40.0,67.11197725090419,21.60557043024688,91.1841347797256,58.05958688591653,84.44860051557842,32.11088002082684,69.52268232871418,57.59139497287266
106.66666666666669,500.0,12.730123982247626,51.94818559507895,43.20819699126219,7.507231169927746,11.735130422584266,27.941518173983763,35.82627493799728,53.58846969708266,100.0,20.0,59.99999999999999,59.99999999999999,100.0,40.0,59.99999999999999,20.0,67.11197725090419,21.60557043024688,91.1841347797256,58.05958688591653,69.52268232871418,57.59139497287266,84.44860051557842,32.11088002082684
106.66666666666669,500.0,12.730123982247626,51.94818559507895,11.735130422584266,27.941518173983763,35.82627493799728,53.58846969708266,43.20819699126219,7.507231169927746,100.0,20.0,100.0,40.0,59.99999999999999,20.0,59.99999999999999,59.99999999999999,67.11197725090419,21.60557043024688,69.52268232871418,57.59139497287266,84.44860051557842,32.11088002082684,91.1841347797256,58.05958688591653
106.66666666666669,500.0,12.730123982247626,51.94818559507895,11.735130422584266,27.941518173983763,43.20819699126219,7.507231169927746,35.82627493799728,53.58846969708266,100.0,20.0,100.0,40.0,59.99999999999999,59.99999999999999,59.99999999999999,20.0,67.11197725090419,21.60557043024688,69.52268232871418,57.59139497287266,91.1841347797256,58.05958688591653,84.44860051557842,32.11088002082684
106.66666666666669,500.0,54.54792674276843,52.36671813014358,26.083593019704068,55.73514920181355,53.37758006349498,9.829793063811872,7.387638858235346,41.06335839119891,60.0,0.0,120.0,0.0,60.0,40.0,100.0,20.0,63.00259889384208,20.74726429576524,108.46481207580302,14.671152895509143,68.02875208115944,48.87284911545183,93.77160996437831,28.84854858883105
106.66666666666669,500.0,54.54792674276843,52.36671813014358,7.387638858235346,41.06335839119891,26.083593019704068,55.73514920181355,53.37758006349498,9.829793063811872,60.0,0.0,100.0,20.0,120.0,0.0,60.0,40.0,63.00259889384208,20.74726429576524,93.77160996437831,28.84854858883105,108.46481207580302,14.671152895509143,68.02875208115944,48.87284911545183
106.66666666666669,500.0,54.54792674276843,52.36671813014358,7.387638858235346,41.06335839119891,53.37758006349498,9.829793063811872,26.083593019704068,55.73514920181355,60.0,0.0,100.0,20.0,60.0,40.0,120.0,0.0,63.00259889384208,20.74726429576524,93.77160996437831,28.84854858883105,68.02875208115944,48.87284911545183,108.46481207580302,14.671152895509143
106.66666666666669,500.0,54.54792674276843,52.36671813014358,53.37758006349498,9.829793063811872,26.083593019704068,55.73514920181355,7.387638858235346,41.06335839119891,60.0,0.0,60.0,40.0,120.0,0.0,100.0,20.0,63.00259889384208,20.74726429576524,68.02875208115944,48.87284911545183,108.46481207580302,14.671152895509143,93.77160996437831,28.84854858883105
106.66666666666669,500.0,54.54792674276843,52.36671813014358,53.37758006349498,9.829793063811872,7.387638858235346,41.06335839119891,26.083593019704068,55.73514920181355,60.0,0.0,60.0,40.0,100.0,20.0,120.0,0.0,63.00259889384208,20.74726429576524,68.02875208115944,48.87284911545183,93.77160996437831,28.84854858883105,108.46481207580302,14.671152895509143
106.66666666666669,500.0,26.083593019704068,55.73514920181355,54.54792674276843,52.36671813014358,7.387638858235346,41.06335839119891,53.37758006349498,9.829793063811872,120.0,0.0,60.0,0.0,100.0,20.0,60.0,40.0,108.46481207580302,14.671152895509143,63.00259889384208,20.74726429576524,93.77160996437831,28.84854858883105,68.02875208115944,48.87284911545183
106.66666666666669,500.0,26.083593019704068,55.73514920181355,54.54792674276843,52.36671813014358,53.37758006349498,9.829793063811872,7.387638858235346,41.06335839119891,120.0,0.0,60.0,0.0,60.0,40.0,100.0,20.0,108.46481207580302,14.671152895509143,63.00259889384208,20.74726429576524,68.02875208115944,48.87284911545183,93.77160996437831,28.84854858883105
106.66666666666669,500.0,26.083593019704068,55.73514920181355,7.387638858235346,41.06335839119891,54.54792674276843,52.36671813014358,53.37758006349498,9.829793063811872,120.0,0.0,100.0,20.0,60.0,0.0,60.0,40.0,108.46481207580302,14.671152895509143,93.77160996437831,28.84854858883105,63.00259889384208,20.74726429576524,68.02875208115944,48.87284911545183
106.66666666666669,500.0,26.083593019704068,55.73514920181355,7.387638858235346,41.06335839119891,53.37758006349498,9.829793063811872,54.54792674276843,52.36671813014358,120.0,0.0,100.0,20.0,60.0,40.0,60.0,0.0,108.46481207580302,14.671152895509143,93.77160996437831,28.84854858883105,68.02875208115944,48.87284911545183,63.00259889384208,20.74726429576524
106.66666666666669,500.0,26.083593019704068,55.73514920181355,53.37758006349498,9.829793063811872,54.54792674276843,52.36671813014358,7.387638858235346,41.06335839119891,120.0,0.0,60.0,40.0,60.0,0.0,100.0,20.0,108.46481207580302,14.671152895509143,68.02875208115944,48.87284911545183,63.00259889384208,20.74726429576524,93.77160996437831,28.84854858883105
106.66666666666669,500.0,26.083593019704068,55.73514920181355,53.37758006349498,9.829793063811872,7.387638858235346,41.06335839119891,54.54792674276843,52.36671813014358,120.0,0.0,60.0,40.0,100.0,20.0,60.0,0.0,108.46481207580302,14.671152895509143,68.02875208115944,48.87284911545183,93.77160996437831,28.84854858883105,63.00259889384208,20.74726429576524
106.66666666666669,500.0,7.387638858235346,41.06335839119891,54.54792674276843,52.36671813014358,26.083593019704068,55.73514920181355,53.37758006349498,9.829793063811872,100.0,20.0,60.0,0.0,120.0,0.0,60.0,40.0,93.77160996437831,28.84854858883105,63.00259889384208,20.74726429576524,108.46481207580302,14.671152895509143,68.02875208115944,48.87284911545183
106.66666666666669,500.0,7.387638858235346,41.06335839119891,54.54792674276843,52.36671813014358,53.37758006349498,9.829793063811872,26.083593019704068,55.73514920181355,100.0,20.0,60.0,0.0,60.0,40.0,120.0,0.0,93.77160996437831,28.84854858883105,63.00259889384208,20.74726429576524,68.02875208115944,48.87284911545183,108.46481207580302,14.671152895509143
106.66666666666669,500.0,7.387638858235346,41.06335839119891,26.083593019704068,55.73514920181355,54.54792674276843,52.36671813014358,53.37758006349498,9.829793063811872,100.0,20.0,120.0,0.0,60.0,0.0,60.0,40.0,93.77160996437831,28.84854858883105,108.46481207580302,14.671152895509143,63.00259889384208,20.74726429576524,68.02875208115944,48.87284911545183
106.66666666666669,500.0,7.387638858235346,41.06335839119891,26.083593019704068,55.73514920181355,53.37758006349498,9.829793063811872,54.54792674276843,52.36671813014358,100.0,20.0,120.0,0.0,60.0,40.0,60.0,0.0,93.77160996437831,28.84854858883105,108.46481207580302,14.671152895509143,68.02875208115944,48.87284911545183,63.00259889384208,20.74726429576524
106.66666666666669,500.0,7.387638858235346,41.06335839119891,53.37758006349498,9.829793063811872,54.54792674276843,52.36671813014358,26.083593019704068,55.73514920181355,100.0,20.0,60.0,40.0,60.0,0.0,120.0,0.0,93.77160996437831,28.84854858883105,68.02875208115944,48.87284911545183,63.00259889384208,20.74726429576524,108.46481207580302,14.671152895509143
106.66666666666669,500.0,7.387638858235346,41.06335839119891,53.37758006349498,9.829793063811872,26.083593019704068,55.73514920181355,54.54792674276843,52.36671813014358,100.0,20.0,60.0,40.0,120.0,0.0,60.0,0.0,93.77160996437831,28.84854858883105,68.02875208115944,48.87284911545183,108.46481207580302,14.671152895509143,63.00259889384208,20.74726429576524
106.66666666666669,500.0,53.37758006349498,9.829793063811872,54.54792674276843,52.36671813014358,26.083593019704068,55.73514920181355,7.387638858235346,41.06335839119891,60.0,40.0,60.0,0.0,120.0,0.0,100.0,20.0,68.02875208115944,48.87284911545183,63.00259889384208,20.74726429576524,108.46481207580302,14.671152895509143,93.77160996437831,28.84854858883105
106.66666666666669,500.0,53.37758006349498,9.829793063811872,54.54792674276843,52.36671813014358,7.387638858235346,41.06335839119891,26.083593019704068,55.73514920181355,60.0,40.0,60.0,0.0,100.0,20.0,120.0,0.0,68.02875208115944,48.87284911545183,63.00259889384208,20.74726429576524,93.77160996437831,28.84854858883105,108.46481207580302,14.671152895509143
106.66666666666669,500.0,53.37758006349498,9.829793063811872,26.083593019704068,55.73514920181355,54.54792674276843,52.36671813014358,7.387638858235346,41.06335839119891,60.0,40.0,120.0,0.0,60.0,0.0,100.0,20.0,68.02875208115944,48.87284911545183,108.46481207580302,14.671152895509143,63.00259889384208,20.74726429576524,93.77160996437831,28.84854858883105
106.66666666666669,500.0,53.37758006349498,9.829793063811872,26.083593019704068,55.73514920181355,7.387638858235346,41.06335839119891,54.54792674276843,52.36671813014358,60.0,40.0,120.0,0.0,100.0,20.0,60.0,0.0,68.02875208115944,48.87284911545183,108.46481207580302,14.671152895509143,93.77160996437831,28.84854858883105,63.00259889384208,20.74726429576524
106.66666666666669,500.0,53.37758006349498,9.829793063811872,7.387638858235346,41.06335839119891,54.54792674276843,52.36671813014358,26.083593019704068,55.73514920181355,60.0,40.0,100.0,20.0,60.0,0.0,120.0,0.0,68.02875208115944,48.87284911545183,93.77160996437831,28.84854858883105,63.00259889384208,20.74726429576524,108.46481207580302,14.671152895509143
106.66666666666669,500.0,53.37758006349498,9.829793063811872,7.387638858235346,41.06335839119891,26.083593019704068,55.73514920181355,54.54792674276843,52.36671813014358,60.0,40.0,100.0,20.0,120.0,0.0,60.0,0.0,68.02875208115944,48.87284911545183,93.77160996437831,28.84854858883105,108.46481207580302,14.671152895509143,63.00259889384208,20.74726429576524
106.66666666666669,500.0,56.55109035401546,42.16580384118928,1.3107137636651212,1.4520721328146746,25.28609564503224,25.513188285786125,28.47421354476287,46.709608125055446,60.0,0.0,120.0,60.0,120.0,20.0,120.0,0.0,75.36156192484319,33.37717381298344,100.87269110624936,59.79208990339454,116.45365363834075,44.5432266357763,99.68600489966023,30.04089412713244
106.66666666666669,500.0,56.55109035401546,42.16580384118928,28.47421354476287,46.709608125055446,1.3107137636651212,1.4520721328146746,25.28609564503224,25.513188285786125,60.0,0.0,120.0,0.0,120.0,60.0,120.0,20.0,75.36156192484319,33.37717381298344,99.68600489966023,30.04089412713244,100.87269110624936,59.79208990339454,116.45365363834075,44.5432266357763
106.66666666666669,500.0,56.55109035401546,42.16580384118928,28.47421354476287,46.709608125055446,25.28609564503224,25.513188285786125,1.3107137636651212,1.4520721328146746,60.0,0.0,120.0,0.0,120.0,20.0,120.0,60.0,75.36156192484319,33.37717381298344,99.68600489966023,30.04089412713244,116.45365363834075,44.5432266357763,100.87269110624936,59.79208990339454
106.66666666666669,500.0,56.55109035401546,42.16580384118928,25.28609564503224,25.513188285786125,1.3107137636651212,1.4520721328146746,28.47421354476287,46.709608125055446,60.0,0.0,120.0,20.0,120.0,60.0,120.0,0.0,75.36156192484319,33.37717381298344,116.45365363834075,44.5432266357763,100.87269110624936,59.79208990339454,99.68600489966023,30.04089412713244
106.66666666666669,500.0,56.55109035401546,42.16580384118928,25.28609564503224,25.513188285786125,28.47421354476287,46.709608125055446,1.3107137636651212,1.4520721328146746,60.0,0.0,120.0,20.0,120.0,0.0,120.0,60.0,75.36156192484319,33.37717381298344,116.45365363834075,44.5432266357763,99.68600489966023,30.04089412713244,100.87269110624936,59.79208990339454
106.66666666666669,500.0,1.3107137636651212,1.4520721328146746,56.55109035401546,42.16580384118928,28.47421354476287,46.709608125055446,25.28609564503224,25.513188285786125,120.0,60.0,60.0,0.0,120.0,0.0,120.0,20.0,100.87269110624936,59.79208990339454,75.36156192484319,33.37717381298344,99.68600489966023,30.04089412713244,116.45365363834075,44.5432266357763
106.66666666666669,500.0,1.3107137636651212,1.4520721328146746,56.55109035401546,42.16580384118928,25.28609564503224,25.513188285786125,28.47421354476287,46.709608125055446,120.0,60.0,60.0,0.0,120.0,20.0,120.0,0.0,100.87269110624936,59.79208990339454,75.36156192484319,33.37717381298344,116.45365363834075,44.5432266357763,99.68600489966023,30.04089412713244
106.66666666666669,500.0,1.3107137636651212,1.4520721328146746,28.47421354476287,46.709608125055446,56.55109035401546,42.16580384118928,25.28609564503224,25.513188285786125,120.0,60.0,120.0,0.0,60.0,0.0,120.0,20.0,100.87269110624936,59.79208990339454,99.68600489966023,30.04089412713244,75.36156192484319,33.37717381298344,116.45365363834075,44.5432266357763
106.66666666666669,500.0,1.3107137636651212,1.4520721328146746,28.47421354476287,46.709608125055446,25.28609564503224,25.513188285786125,56.55109035401546,42.16580384118928,120.0,60.0,120.0,0.0,120.0,20.0,60.0,0.0,100.87269110624936,59.79208990339454,99.68600489966023,30.04089412713244,116.45365363834075,44.5432266357763,75.36156192484319,33.37717381298344
106.66666666666669,500.0,1.3107137636651212,1.4520721328146746,25.28609564503224,25.513188285786125,56.55109035401546,42.16580384118928,28.47421354476287,46.709608125055446,120.0,60.0,120.0,20.0,60.0,0.0,120.0,0.0,100.87269110624936,59.79208990339454,116.45365363834075,44.5432266357763,75.36156192484319,33.37717381298344,99.68600489966023,30.04089412713244
106.66666666666669,500.0,1.3107137636651212,1.4520721328146746,25.28609564503224,25.513188285786125,28.47421354476287,46.709608125055446,56.55109035401546,42.16580384118928,120.0,60.0,120.0,20.0,120.0,0.0,60.0,0.0,100.87269110624936,59.79208990339454,116.45365363834075,44.5432266357763,99.68600489966023,30.04089412713244,75.36156192484319,33.37717381298344
106.66666666666669,500.0,28.47421354476287,46.709608125055446,56.55109035401546,42.16580384118928,1.3107137636651212,1.4520721328146746,25.28609564503224,25.513188285786125,120.0,0.0,60.0,0.0,120.0,60.0,120.0,20.0,99.68600489966023,30.04089412713244,75.36156192484319,33.37717381298344,100.87269110624936,59.79208990339454,116.45365363834075,44.5432266357763
106.66666666666669,500.0,28.47421354476287,46.709608125055446,56.55109035401546,42.16580384118928,25.28609564503224,25.513188285786125,1.3107137636651212,1.4520721328146746,120.0,0.0,60.0,0.0,120.0,20.0,120.0,60.0,99.68600489966023,30.04089412713244,75.36156192484319,33.37717381298344,116.45365363834075,44.5432266357763,100.87269110624936,59.79208990339454
106.66666666666669,500.0,28.47421354476287,46.709608125055446,1.3107137636651212,1.4520721328146746,56.55109035401546,42.16580384118928,25.28609564503224,25.513188285786125,120.0,0.0,120.0,60.0,60.0,0.0,120.0,20.0,99.68600489966023,30.04089412713244,100.87269110624936,59.79208990339454,75.36156192484319,33.37717381298344,116.45365363834075,44.5432266357763
106.66666666666669,500.0,28.47421354476287,46.709608125055446,1.3107137636651212,1.4520721328146746,25.28609564503224,25.513188285786125,56.55109035401546,42.16580384118928,120.0,0.0,120.0,60.0,120.0,20.0,60.0,0.0,99.68600489966023,30.04089412713244,100.87269110624936,59.79208990339454,116.45365363834075,44.5432266357763,75.36156192484319,33.37717381298344
106.66666666666669,500.0,28.47421354476287,46.709608125055446,25.28609564503224,25.513188285786125,56.55109035401546,42.16580384118928,1.3107137636651212,1.4520721328146746,120.0,0.0,120.0,20.0,60.0,0.0,120.0,60.0,99.68600489966023,30.04089412713244,116.45365363834075,44.5432266357763,75.36156192484319,33.37717381298344,100.87269110624936,59.79208990339454
106.66666666666669,500.0,28.47421354476287,46.709608125055446,25.28609564503224,25.513188285786125,1.3107137636651212,1.4520721328146746,56.55109035401546,42.16580384118928,120.0,0.0,120.0,20.0,120.0,60.0,60.0,0.0,99.68600489966023,30.04089412713244,116.45365363834075,44.5432266357763,100.87269110624936,59.79208990339454,75.36156192484319,33.37717381298344
106.66666666666669,500.0,25.28609564503224,25.513188285786125,56.55109035401546,42.16580384118928,1.3107137636651212,1.4520721328146746,28.47421354476287,46.709608125055446,120.0,20.0,60.0,0.0,120.0,60.0,120.0,0.0,116.45365363834075,44.5432266357763,75.36156192484319,33.37717381298344,100.87269110624936,59.79208990339454,99.68600489966023,30.04089412713244
106.66666666666669,500.0,25.28609564503224,25.513188285786125,56.55109035401546,42.16580384118928,28.47421354476287,46.709608125055446,1.3107137636651212,1.4520721328146746,120.0,20.0,60.0,0.0,120.0,0.0,120.0,60.0,116.45365363834075,44.5432266357763,75.36156192484319,33.37717381298344,99.68600489966023,30.04089412713244,100.87269110624936,59.79208990339454
106.66666666666669,500.0,25.28609564503224,25.513188285786125,1.3107137636651212,1.4520721328146746,56.55109035401546,42.16580384118928,28.47421354476287,46.709608125055446,120.0,20.0,120.0,60.0,60.0,0.0,120.0,0.0,116.45365363834075,44.5432266357763,100.87269110624936,59.79208990339454,75.36156192484319,33.37717381298344,99.68600489966023,30.04089412713244
106.66666666666669,500.0,25.28609564503224,25.513188285786125,1.3107137636651212,1.4520721328146746,28.47421354476287,46.709608125055446,56.55109035401546,42.16580384118928,120.0,20.0,120.0,60.0,120.0,0.0,60.0,0.0,116.45365363834075,44.5432266357763,100.87269110624936,59.79208990339454,99.68600489966023,30.04089412713244,75.36156192484319,33.37717381298344
106.66666666666669,500.0,25.28609564503224,25.513188285786125,28.47421354476287,46.709608125055446,56.55109035401546,42.16580384118928,1.3107137636651212,1.4520721328146746,120.0,20.0,120.0,0.0,60.0,0.0,120.0,60.0,116.45365363834075,44.5432266357763,99.68600489966023,30.04089412713244,75.36156192484319,33.37717381298344,100.87269110624936,59.79208990339454
106.66666666666669,500.0,25.28609564503224,25.513188285786125,28.47421354476287,46.709608125055446,1.3107137636651212,1.4520721328146746,56.55109035401546,42.16580384118928,120.0,20.0,120.0,0.0,120.0,60.0,60.0,0.0,116.45365363834075,44.5432266357763,99.68600489966023,30.04089412713244,100.87269110624936,59.79208990339454,75.36156192484319,33.37717381298344
106.66666666666669,500.0,26.29761949961138,10.622057669513667,8.159263100887744,35.044372623225776,51.436652017042434,17.332232140959412,56.50747002159251,44.56407627355854,120.0,0.0,80.0,0.0,60.0,0.0,100.0,0.0,104.97834073549603,36.58476327026132,117.26971728267526,20.3347364077202,81.78265142871737,33.98307727579429,87.57822077488377,13.699417757495546
106.66666666666669,500.0,26.29761949961138,10.622057669513667,56.50747002159251,44.56407627355854,8.159263100887744,35.044372623225776,51.436652017042434,17.332232140959412,120.0,0.0,100.0,0.0,80.0,0.0,60.0,0.0,104.97834073549603,36.58476327026132,87.57822077488377,13.699417757495546,117.26971728267526,20.3347364077202,81.78265142871737,33.98307727579429
106.66666666666669,500.0,26.29761949961138,10.622057669513667,56.50747002159251,44.56407627355854,51.436652017042434,17.332232140959412,8.159263100887744,35.044372623225776,120.0,0.0,100.0,0.0,60.0,0.0,80.0,0.0,104.97834073549603,36.58476327026132,87.57822077488377,13.699417757495546,81.78265142871737,33.98307727579429,117.26971728267526,20.3347364077202
106.66666666666669,500.0,26.29761949961138,10.622057669513667,51.436652017042434,17.332232140959412,8.159263100887744,35.044372623225776,56.50747002159251,44.56407627355854,120.0,0.0,60.0,0.0,80.0,0.0,100.0,0.0,104.97834073549603,36.58476327026132,81.78265142871737,33.98307727579429,117.26971728267526,20.3347364077202,87.57822077488377,13.699417757495546
106.66666666666669,500.0,26.29761949961138,10.622057669513667,51.436652017042434,17.332232140959412,56.50747002159251,44.56407627355854,8.159263100887744,35.044372623225776,120.0,0.0,60.0,0.0,100.0,0.0,80.0,0.0,104.97834073549603,36.58476327026132,81.78265142871737,33.98307727579429,87.57822077488377,13.699417757495546,117.26971728267526,20.3347364077202
106.66666666666669,500.0,8.159263100887744,35.044372623225776,26.29761949961138,10.622057669513667,56.50747002159251,44.56407627355854,51.436652017042434,17.332232140959412,80.0,0.0,120.0,0.0,100.0,0.0,60.0,0.0,117.26971728267526,20.3347364077202,104.97834073549603,36.58476327026132,87.57822077488377,13.699417757495546,81.78265142871737,33.98307727579429
106.66666666666669,500.0,8.159263100887744,35.044372623225776,26.29761949961138,10.622057669513667,51.436652017042434,17.332232140959412,56.50747002159251,44.56407627355854,80.0,0.0,120.0,0.0,60.0,0.0,100.0,0.0,117.26971728267526,20.3347364077202,104.97834073549603,36.58476327026132,81.78265142871737,33.98307727579429,87.57822077488377,13.699417757495546
106.66666666666669,500.0,8.159263100887744,35.044372623225776,56.50747002159251,44.56407627355854,26.29761949961138,10.622057669513667,51.436652017042434,17.332232140959412,80.0,0.0,100.0,0.0,120.0,0.0,60.0,0.0,117.26971728267526,20.3347364077202,87.57822077488377,13.699417757495546,104.97834073549603,36.58476327026132,81.78265142871737,33.98307727579429
106.66666666666669,500.0,8.159263100887744,35.044372623225776,56.50747002159251,44.56407627355854,51.436652017042434,17.332232140959412,26.29761949961138,10.622057669513667,80.0,0.0,100.0,0.0,60.0,0.0,120.0,0.0,117.26971728267526,20.3347364077202,87.57822077488377,13.699417757495546,81.78265142871737,33.98307727579429,104.97834073549603,36.58476327026132
106.66666666666669,500.0,8.159263100887744,35.044372623225776,51.436652017042434,17.332232140959412,26.29761949961138,10.622057669513667,56.50747002159251,44.56407627355854,80.0,0.0,60.0,0.0,120.0,0.0,100.0,0.0,117.26971728267526,20.3347364077202,81.78265142871737,33.98307727579429,104.97834073549603,36.58476327026132,87.57822077488377,13.699417757495546
106.66666666666669,500.0,8.159263100887744,35.044372623225776,51.436652017042434,17.332232140959412,56.50747002159251,44.56407627355854,26.29761949961138,10.622057669513667,80.0,0.0,60.0,0.0,100.0,0.0,120.0,0.0,117.26971728267526,20.3347364077202,81.78265142871737,33.98307727579429,87.57822077488377,13.699417757495546,104.97834073549603,36.58476327026132
106.66666666666669,500.0,56.50747002159251,44.56407627355854,26.29761949961138,10.622057669513667,8.159263100887744,35.044372623225776,51.436652017042434,17.332232140959412,100.0,0.0,120.0,0.0,80.0,0.0,60.0,0.0,87.57822077488377,13.699417757495546,104.97834073549603,36.58476327026132,117.26971728267526,20.3347364077202,81.78265142871737,33.98307727579429
106.66666666666669,500.0,56.50747002159251,44.56407627355854,26.29761949961138,10.622057669513667,51.436652017042434,17.332232140959412,8.159263100887744,35.044372623225776,100.0,0.0,120.0,0.0,60.0,0.0,80.0,0.0,87.57822077488377,13.699417757495546,104.97834073549603,36.58476327026132,81.78265142871737,33.98307727579429,117.26971728267526,20.3347364077202
106.66666666666669,500.0,56.50747002159251,44.56407627355854,8.159263100887744,35.044372623225776,26.29761949961138,10.622057669513667,51.436652017042434,17.332232140959412,100.0,0.0,80.0,0.0,120.0,0.0,60.0,0.0,87.57822077488377,13.699417757495546,117.26971728267526,20.3347364077202,104.97834073549603,36.58476327026132,81.78265142871737,33.98307727579429
106.66666666666669,500.0,56.50747002159251,44.56407627355854,8.159263100887744,35.044372623225776,51.436652017042434,17.332232140959412,26.29761949961138,10.622057669513667,100.0,0.0,80.0,0.0,60.0,0.0,120.0,0.0,87.57822077488377,13.699417757495546,117.26971728267526,20.3347364077202,81.78265142871737,33.98307727579429,104.97834073549603,36.58476327026132
106.66666666666669,500.0,56.50747002159251,44.56407627355854,51.436652017042434,17.332232140959412,26.29761949961138,10.622057669513667,8.159263100887744,35.044372623225776,100.0,0.0,60.0,0.0,120.0,0.0,80.0,0.0,87.57822077488377,13.699417757495546,81.78265142871737,33.98307727579429,104.97834073549603,36.58476327026132,117.26971728267526,20.3347364077202
106.66666666666669,500.0,56.50747002159251,44.56407627355854,51.436652017042434,17.332232140959412,8.159263100887744,35.044372623225776,26.29761949961138,10.622057669513667,100.0,0.0,60.0,0.0,80.0,0.0,120.0,0.0,87.57822077488377,13.699417757495546,81.78265142871737,33.98307727579429,117.26971728267526,20.3347364077202,104.97834073549603,36.58476327026132
106.66666666666669,500.0,51.436652017042434,17.332232140959412,26.29761949961138,10.622057669513667,8.159263100887744,35.044372623225776,56.50747002159251,44.56407627355854,60.0,0.0,120.0,0.0,80.0,0.0,100.0,0.0,81.78265142871737,33.98307727579429,104.97834073549603,36.58476327026132,117.26971728267526,20.3347364077202,87.57822077488377,13.699417757495546
106.66666666666669,500.0,51.436652017042434,17.332232140959412,26.29761949961138,10.622057669513667,56.50747002159251,44.56407627355854,8.159263100887744,35.044372623225776,60.0,0.0,120.0,0.0,100.0,0.0,80.0,0.0,81.78265142871737,33.98307727579429,104.97834073549603,36.58476327026132,87.57822077488377,13.699417757495546,117.26971728267526,20.3347364077202
106.66666666666669,500.0,51.436652017042434,17.332232140959412,8.159263100887744,35.044372623225776,26.29761949961138,10.622057669513667,56.50747002159251,44.56407627355854,60.0,0.0,80.0,0.0,120.0,0.0,100.0,0.0,81.78265142871737,33.98307727579429,117.26971728267526,20.3347364077202,104.97834073549603,36.58476327026132,87.57822077488377,13.699417757495546
106.66666666666669,500.0,51.436652017042434,17.332232140959412,8.159263100887744,35.044372623225776,56.50747002159251,44.56407627355854,26.29761949961138,10.622057669513667,60.0,0.0,80.0,0.0,100.0,0.0,120.0,0.0,81.78265142871737,33.98307727579429,117.26971728267526,20.3347364077202,87.57822077488377,13.699417757495546,104.97834073549603,36.58476327026132
106.66666666666669,500.0,51.436652017042434,17.332232140959412,56.50747002159251,44.56407627355854,26.29761949961138,10.622057669513667,8.159263100887744,35.044372623225776,60.0,0.0,100.0,0.0,120.0,0.0,80.0,0.0,81.78265142871737,33.98307727579429,87.57822077488377,13.699417757495546,104.97834073549603,36.58476327026132,117.26971728267526,20.3347364077202
106.66666666666669,500.0,51.436652017042434,17.332232140959412,56.50747002159251,44.56407627355854,8.159263100887744,35.044372623225776,26.29761949961138,10.622057669513667,60.0,0.0,100.0,0.0,80.0,0.0,120.0,0.0,81.78265142871737,33.98307727579429,87.57822077488377,13.699417757495546,117.26971728267526,20.3347364077202,104.97834073549603,36.58476327026132
106.66666666666669,500.0,25.588670881418164,38.09203944321389,3.4764116466160577,46.7646209904263,19.04502096122945,3.7262675310507687,51.89543429029944,57.23531273787504,60.0,20.0,80.0,20.0,80.0,40.0,60.0,0.0,95.82130124050164,34.455540517167975,115.92144718746924,30.328010180622588,101.79667346110978,59.76955952606937,77.19712029237446,22.27990308315082
106.66666666666669,500.0,25.588670881418164,38.09203944321389,51.89543429029944,57.23531273787504,3.4764116466160577,46.7646209904263,19.04502096122945,3.7262675310507687,60.0,20.0,60.0,0.0,80.0,20.0,80.0,40.0,95.82130124050164,34.455540517167975,77.19712029237446,22.27990308315082,115.92144718746924,30.328010180622588,101.79667346110978,59.76955952606937
106.66666666666669,500.0,25.588670881418164,38.09203944321389,51.89543429029944,57.23531273787504,19.04502096122945,3.7262675310507687,3.4764116466160577,46.7646209904263,60.0,20.0,60.0,0.0,80.0,40.0,80.0,20.0,95.82130124050164,34.455540517167975,77.19712029237446,22.27990308315082,101.79667346110978,59.76955952606937,115.92144718746924,30.328010180622588
106.66666666666669,500.0,25.588670881418164,38.09203944321389,19.04502096122945,3.7262675310507687,3.4764116466160577,46.7646209904263,51.89543429029944,57.23531273787504,60.0,20.0,80.0,40.0,80.0,20.0,60.0,0.0,95.82130124050164,34.455540517167975,101.79667346110978,59.76955952606937,115.92144718746924,30.328010180622588,77.19712029237446,22.27990308315082
106.66666666666669,500.0,25.588670881418164,38.09203944321389,19.04502096122945,3.7262675310507687,51.89543429029944,57.23531273787504,3.4764116466160577,46.7646209904263,60.0,20.0,80.0,40.0,60.0,0.0,80.0,20.0,95.82130124050164,34.455540517167975,101.79667346110978,59.76955952606937,77.19712029237446,22.27990308315082,115.92144718746924,30.328010180622588
106.66666666666669,500.0,3.4764116466160577,46.7646209904263,25.588670881418164,38.09203944321389,51.89543429029944,57.23531273787504,19.04502096122945,3.7262675310507687,80.0,20.0,60.0,20.0,60.0,0.0,80.0,40.0,115.92144718746924,30.328010180622588,95.82130124050164,34.455540517167975,77.19712029237446,22.27990308315082,101.79667346110978,59.76955952606937
106.66666666666669,500.0,3.4764116466160577,46.7646209904263,25.588670881418164,38.09203944321389,19.04502096122945,3.7262675310507687,51.89543429029944,57.23531273787504,80.0,20.0,60.0,20.0,80.0,40.0,60.0,0.0,115.92144718746924,30.328010180622588,95.82130124050164,34.455540517167975,101.79667346110978,59.76955952606937,77.19712029237446,22.27990308315082
106.66666666666669,500.0,3.4764116466160577,46.7646209904263,51.89543429029944,57.23531273787504,25.588670881418164,38.09203944321389,19.04502096122945,3.7262675310507687,80.0,20.0,60.0,0.0,60.0,20.0,80.0,40.0,115.92144718746924,30.328010180622588,77.19712029237446,22.27990308315082,95.82130124050164,34.455540517167975,101.79667346110978,59.76955952606937
106.66666666666669,500.0,3.4764116466160577,46.7646209904263,51.89543429029944,57.23531273787504,19.04502096122945,3.7262675310507687,25.588670881418164,38.09203944321389,80.0,20.0,60.0,0.0,80.0,40.0,60.0,20.0,115.92144718746924,30.328010180622588,77.19712029237446,22.27990308315082,101.79667346110978,59.76955952606937,95.82130124050164,34.455540517167975
106.66666666666669,500.0,3.4764116466160577,46.7646209904263,19.04502096122945,3.7262675310507687,25.588670881418164,38.09203944321389,51.89543429029944,57.23531273787504,80.0,20.0,80.0,40.0,60.0,20.0,60.0,0.0,115.92144718746924,30.328010180622588,101.79667346110978,59.76955952606937,95.82130124050164,34.455540517167975,77.19712029237446,22.27990308315082
106.66666666666669,500.0,3.4764116466160577,46.7646209904263,19.04502096122945,3.7262675310507687,51.89543429029944,57.23531273787504,25.588670881418164,38.09203944321389,80.0,20.0,80.0,40.0,60.0,0.0,60.0,20.0,115.92144718746924,30.328010180622588,101.79667346110978,59.76955952606937,77.19712029237446,22.27990308315082,95.82130124050164,34.455540517167975
106.66666666666669,500.0,51.89543429029944,57.23531273787504,25.588670881418164,38.09203944321389,3.4764116466160577,46.7646209904263,19.04502096122945,3.7262675310507687,60.0,0.0,60.0,20.0,80.0,20.0,80.0,40.0,77.19712029237446,22.27990308315082,95.82130124050164,34.455540517167975,115.92144718746924,30.328010180622588,101.79667346110978,59.76955952606937
106.66666666666669,500.0,51.89543429029944,57.23531273787504,25.588670881418164,38.09203944321389,19.04502096122945,3.7262675310507687,3.4764116466160577,46.7646209904263,60.0,0.0,60.0,20.0,80.0,40.0,80.0,20.0,77.19712029237446,22.27990308315082,95.82130124050164,34.455540517167975,101.79667346110978,59.76955952606937,115.92144718746924,30.328010180622588
106.66666666666669,500.0,51.89543429029944,57.23531273787504,3.4764116466160577,46.7646209904263,25.588670881418164,38.09203944321389,19.04502096122945,3.7262675310507687,60.0,0.0,80.0,20.0,60.0,20.0,80.0,40.0,77.19712029237446,22.27990308315082,115.92144718746924,30.328010180622588,95.82130124050164,34.455540517167975,101.79667346110978,59.76955952606937
106.66666666666669,500.0,51.89543429029944,57.23531273787504,3.4764116466160577,46.7646209904263,19.04502096122945,3.7262675310507687,25.588670881418164,38.09203944321389,60.0,0.0,80.0,20.0,80.0,40.0,60.0,20.0,77.19712029237446,22.27990308315082,115.92144718746924,30.328010180622588,101.79667346110978,59.76955952606937,95.82130124050164,34.455540517167975
106.66666666666669,500.0,51.89543429029944,57.23531273787504,19.04502096122945,3.7262675310507687,25.588670881418164,38.09203944321389,3.4764116466160577,46.7646209904263,60.0,0.0,80.0,40.0,60.0,20.0,80.0,20.0,77.19712029237446,22.27990308315082,101.79667346110978,59.76955952606937,95.82130124050164,34.455540517167975,115.92144718746924,30.328010180622588
106.66666666666669,500.0,51.89543429029944,57.23531273787504,19.04502096122945,3.7262675310507687,3.4764116466160577,46.7646209904263,25.588670881418164,38.09203944321389,60.0,0.0,80.0,40.0,80.0,20.0,60.0,20.0,77.19712029237446,22.27990308315082,101.79667346110978,59.76955952606937,115.92144718746924,30.328010180622588,95.82130124050164,34.455540517167975
106.66666666666669,500.0,19.04502096122945,3.7262675310507687,25.588670881418164,38.09203944321389,3.4764116466160577,46.7646209904263,51.89543429029944,57.23531273787504,80.0,40.0,60.0,20.0,80.0,20.0,60.0,0.0,101.79667346110978,59.76955952606937,95.82130124050164,34.455540517167975,115.92144718746924,30.328010180622588,77.19712029237446,22.27990308315082
106.66666666666669,500.0,19.04502096122945,3.7262675310507687,25.588670881418164,38.09203944321389,51.89543429029944,57.23531273787504,3.4764116466160577,46.7646209904263,80.0,40.0,60.0,20.0,60.0,0.0,80.0,20.0,101.79667346110978,59.76955952606937,95.82130124050164,34.455540517167975,77.19712029237446,22.27990308315082,115.92144718746924,30.328010180622588
106.66666666666669,500.0,19.04502096122945,3.7262675310507687,3.4764116466160577,46.7646209904263,25.588670881418164,38.09203944321389,51.89543429029944,57.23531273787504,80.0,40.0,80.0,20.0,60.0,20.0,60.0,0.0,101.79667346110978,59.76955952606937,115.92144718746924,30.328010180622588,95.82130124050164,34.455540517167975,77.19712029237446,22.27990308315082
106.66666666666669,500.0,19.04502096122945,3.7262675310507687,3.4764116466160577,46.7646209904263,51.89543429029944,57.23531273787504,25.588670881418164,38.09203944321389,80.0,40.0,80.0,20.0,60.0,0.0,60.0,20.0,101.79667346110978,59.76955952606937,115.92144718746924,30.328010180622588,77.19712029237446,22.27990308315082,95.82130124050164,34.455540517167975
106.66666666666669,500.0,19.04502096122945,3.7262675310507687,51.89543429029944,57.23531273787504,25.588670881418164,38.09203944321389,3.4764116466160577,46.7646209904263,80.0,40.0,60.0,0.0,60.0,20.0,80.0,20.0,101.79667346110978,59.76955952606937,77.19712029237446,22.27990308315082,95.82130124050164,34.455540517167975,115.92144718746924,30.328010180622588
106.66666666666669,500.0,19.04502096122945,3.7262675310507687,51.89543429029944,57.23531273787504,3.4764116466160577,46.7646209904263,25.588670881418164,38.09203944321389,80.0,40.0,60.0,0.0,80.0,20.0,60.0,20.0,101.79667346110978,59.76955952606937,77.19712029237446,22.27990308315082,115.92144718746924,30.328010180622588,95.82130124050164,34.455540517167975
106.66666666666669,500.0,1.2944118027610885,40.88481364879613,50.35445727302164,6.084072657683919,26.24652777410228,16.961404311282003,37.37126712945376,39.609436053519474,120.0,0.0,60.0,60.0,80.0,40.0,60.0,0.0,118.48756152194976,6.620835996265974,63.22741686900864,52.54599947795061,98.76098446635862,36.31732221384068,80.75300417864891,2.691817446187536
106.66666666666669,500.0,1.2944118027610885,40.88481364879613,37.37126712945376,39.609436053519474,50.35445727302164,6.084072657683919,26.24652777410228,16.961404311282003,120.0,0.0,60.0,0.0,60.0,60.0,80.0,40.0,118.48756152194976,6.620835996265974,80.75300417864891,2.691817446187536,63.22741686900864,52.54599947795061,98.76098446635862,36.31732221384068
106.66666666666669,500.0,1.2944118027610885,40.88481364879613,37.37126712945376,39.609436053519474,26.24652777410228,16.961404311282003,50.35445727302164,6.084072657683919,120.0,0.0,60.0,0.0,80.0,40.0,60.0,60.0,118.48756152194976,6.620835996265974,80.75300417864891,2.691817446187536,98.76098446635862,36.31732221384068,63.22741686900864,52.54599947795061
106.66666666666669,500.0,1.2944118027610885,40.88481364879613,26.24652777410228,16.961404311282003,50.35445727302164,6.084072657683919,37.37126712945376,39.609436053519474,120.0,0.0,80.0,40.0,60.0,60.0,60.0,0.0,118.48756152194976,6.620835996265974,98.76098446635862,36.31732221384068,63.22741686900864,52.54599947795061,80.75300417864891,2.691817446187536
106.66666666666669,500.0,1.2944118027610885,40.88481364879613,26.24652777410228,16.961404311282003,37.37126712945376,39.609436053519474,50.35445727302164,6.084072657683919,120.0,0.0,80.0,40.0,60.0,0.0,60.0,60.0,118.48756152194976,6.620835996265974,98.76098446635862,36.31732221384068,80.75300417864891,2.691817446187536,63.22741686900864,52.54599947795061
106.66666666666669,500.0,50.35445727302164,6.084072657683919,1.2944118027610885,40.88481364879613,37.37126712945376,39.609436053519474,26.24652777410228,16.961404311282003,60.0,60.0,120.0,0.0,60.0,0.0,80.0,40.0,63.22741686900864,52.54599947795061,118.48756152194976,6.620835996265974,80.75300417864891,2.691817446187536,98.76098446635862,36.31732221384068
106.66666666666669,500.0,50.35445727302164,6.084072657683919,1.2944118027610885,40.88481364879613,26.24652777410228,16.961404311282003,37.37126712945376,39.609436053519474,60.0,60.0,120.0,0.0,80.0,40.0,60.0,0.0,63.22741686900864,52.54599947795061,118.48756152194976,6.620835996265974,98.76098446635862,36.31732221384068,80.75300417864891,2.691817446187536
106.66666666666669,500.0,50.35445727302164,6.084072657683919,37.37126712945376,39.609436053519474,1.2944118027610885,40.88481364879613,26.24652777410228,16.961404311282003,60.0,60.0,60.0,0.0,120.0,0.0,80.0,40.0,63.22741686900864,52.54599947795061,80.75300417864891,2.691817446187536,118.48756152194976,6.620835996265974,98.76098446635862,36.31732221384068
106.66666666666669,500.0,50.35445727302164,6.084072657683919,37.37126712945376,39.609436053519474,26.24652777410228,16.961404311282003,1.2944118027610885,40.88481364879613,60.0,60.0,60.0,0.0,80.0,40.0,120.0,0.0,63.22741686900864,52.54599947795061,80.75300417864891,2.691817446187536,98.76098446635862,36.31732221384068,118.48756152194976,6.620835996265974
106.66666666666669,500.0,50.35445727302164,6.084072657683919,26.24652777410228,16.961404311282003,1.2944118027610885,40.88481364879613,37.37126712945376,39.609436053519474,60.0,60.0,80.0,40.0,120.0,0.0,60.0,0.0,63.22741686900864,52.54599947795061,98.76098446635862,36.31732221384068,118.48756152194976,6.620835996265974,80.75300417864891,2.691817446187536
106.66666666666669,500.0,50.35445727302164,6.084072657683919,26.24652777410228,16.961404311282003,37.37126712945376,39.609436053519474,1.2944118027610885,40.88481364879613,60.0,60.0,80.0,40.0,60.0,0.0,120.0,0.0,63.22741686900864,52.54599947795061,98.76098446635862,36.31732221384068,80.75300417864891,2.691817446187536,118.48756152194976,6.620835996265974
106.66666666666669,500.0,37.37126712945376,39.609436053519474,1.2944118027610885,40.88481364879613,50.35445727302164,6.084072657683919,26.24652777410228,16.961404311282003,60.0,0.0,120.0,0.0,60.0,60.0,80.0,40.0,80.75300417864891,2.691817446187536,118.48756152194976,6.620835996265974,63.22741686900864,52.54599947795061,98.76098446635862,36.31732221384068
106.66666666666669,500.0,37.37126712945376,39.609436053519474,1.2944118027610885,40.88481364879613,26.24652777410228,16.961404311282003,50.35445727302164,6.084072657683919,60.0,0.0,120.0,0.0,80.0,40.0,60.0,60.0,80.75300417864891,2.691817446187536,118.48756152194976,6.620835996265974,98.76098446635862,36.31732221384068,63.22741686900864,52.54599947795061
106.66666666666669,500.0,37.37126712945376,39.609436053519474,50.35445727302164,6.084072657683919,1.2944118027610885,40.88481364879613,26.24652777410228,16.961404311282003,60.0,0.0,60.0,60.0,120.0,0.0,80.0,40.0,80.75300417864891,2.691817446187536,63.22741686900864,52.54599947795061,118.48756152194976,6.620835996265974,98.76098446635862,36.31732221384068
106.66666666666669,500.0,37.37126712945376,39.609436053519474,50.35445727302164,6.084072657683919,26.24652777410228,16.961404311282003,1.2944118027610885,40.88481364879613,60.0,0.0,60.0,60.0,80.0,40.0,120.0,0.0,80.75300417864891,2.691817446187536,63.22741686900864,52.54599947795061,98.76098446635862,36.31732221384068,118.48756152194976,6.620835996265974
106.66666666666669,500.0,37.37126712945376,39.609436053519474,26.24652777410228,16.961404311282003,1.2944118027610885,40.88481364879613,50.35445727302164,6.084072657683919,60.0,0.0,80.0,40.0,120.0,0.0,60.0,60.0,80.75300417864891,2.691817446187536,98.76098446635862,36.31732221384068,118.48756152194976,6.620835996265974,63.22741686900864,52.54599947795061
106.66666666666669,500.0,37.37126712945376,39.609436053519474,26.24652777410228,16.961404311282003,50.35445727302164,6.084072657683919,1.2944118027610885,40.88481364879613,60.0,0.0,80.0,40.0,60.0,60.0,120.0,0.0,80.75300417864891,2.691817446187536,98.76098446635862,36.31732221384068,63.22741686900864,52.54599947795061,118.48756152194976,6.620835996265974
106.66666666666669,500.0,26.24652777410228,16.961404311282003,1.2944118027610885,40.88481364879613,50.35445727302164,6.084072657683919,37.37126712945376,39.609436053519474,80.0,40.0,120.0,0.0,60.0,60.0,60.0,0.0,98.76098446635862,36.31732221384068,118.48756152194976,6.620835996265974,63.22741686900864,52.54599947795061,80.75300417864891,2.691817446187536
106.66666666666669,500.0,26.24652777410228,16.961404311282003,1.2944118027610885,40.88481364879613,37.37126712945376,39.609436053519474,50.35445727302164,6.084072657683919,80.0,40.0,120.0,0.0,60.0,0.0,60.0,60.0,98.76098446635862,36.31732221384068,118.48756152194976,6.620835996265974,80.75300417864891,2.691817446187536,63.22741686900864,52.54599947795061
106.66666666666669,500.0,26.24652777410228,16.961404311282003,50.35445727302164,6.084072657683919,1.2944118027610885,40.88481364879613,37.37126712945376,39.609436053519474,80.0,40.0,60.0,60.0,120.0,0.0,60.0,0.0,98.76098446635862,36.31732221384068,63.22741686900864,52.54599947795061,118.48756152194976,6.620835996265974,80.75300417864891,2.691817446187536
106.66666666666669,500.0,26.24652777410228,16.961404311282003,50.35445727302164,6.084072657683919,37.37126712945376,39.609436053519474,1.2944118027610885,40.88481364879613,80.0,40.0,60.0,60.0,60.0,0.0,120.0,0.0,98.76098446635862,36.31732221384068,63.22741686900864,52.54599947795061,80.75300417864891,2.691817446187536,118.48756152194976,6.620835996265974
106.66666666666669,500.0,26.24652777410228,16.961404311282003,37.37126712945376,39.609436053519474,1.2944118027610885,40.88481364879613,50.35445727302164,6.084072657683919,80.0,40.0,60.0,0.0,120.0,0.0,60.0,60.0,98.76098446635862,36.31732221384068,80.75300417864891,2.691817446187536,118.48756152194976,6.620835996265974,63.22741686900864,52.54599947795061
106.66666666666669,500.0,26.24652777410228,16.961404311282003,37.37126712945376,39.609436053519474,50.35445727302164,6.084072657683919,1.2944118027610885,40.88481364879613,80.0,40.0,60.0,0.0,60.0,60.0,120.0,0.0,98.76098446635862,36.31732221384068,80.75300417864891,2.691817446187536,63.22741686900864,52.54599947795061,118.48756152194976,6.620835996265974
106.66666666666669,500.0,4.986313481924669,28.443465478277947,39.262306054545846,45.08312330904238,58.59750221033434,55.27925142276624,32.20875713361245,6.580401820989456,100.0,60.0,120.0,0.0,60.0,0.0,120.0,60.0,97.8565664684134,38.788603307077096,115.31734690274266,15.241919826780125,85.40471792412822,22.323012146923915,119.71574603463716,40.80172856956524
106.66666666666669,500.0,4.986313481924669,28.443465478277947,32.20875713361245,6.580401820989456,39.262306054545846,45.08312330904238,58.59750221033434,55.27925142276624,100.0,60.0,120.0,60.0,120.0,0.0,60.0,0.0,97.8565664684134,38.788603307077096,119.71574603463716,40.80172856956524,115.31734690274266,15.241919826780125,85.40471792412822,22.323012146923915
106.66666666666669,500.0,4.986313481924669,28.443465478277947,32.20875713361245,6.580401820989456,58.59750221033434,55.27925142276624,39.262306054545846,45.08312330904238,100.0,60.0,120.0,60.0,60.0,0.0,120.0,0.0,97.8565664684134,38.788603307077096,119.71574603463716,40.80172856956524,85.40471792412822,22.323012146923915,115.31734690274266,15.241919826780125
106.66666666666669,500.0,4.986313481924669,28.443465478277947,58.59750221033434,55.27925142276624,39.262306054545846,45.08312330904238,32.20875713361245,6.580401820989456,100.0,60.0,60.0,0.0,120.0,0.0,120.0,60.0,97.8565664684134,38.788603307077096,85.40471792412822,22.323012146923915,115.31734690274266,15.241919826780125,119.71574603463716,40.80172856956524
106.66666666666669,500.0,4.986313481924669,28.443465478277947,58.59750221033434,55.27925142276624,32.20875713361245,6.580401820989456,39.262306054545846,45.08312330904238,100.0,60.0,60.0,0.0,120.0,60.0,120.0,0.0,97.8565664684134,38.788603307077096,85.40471792412822,22.323012146923915,119.71574603463716,40.80172856956524,115.31734690274266,15.241919826780125
106.66666666666669,500.0,39.262306054545846,45.08312330904238,4.986313481924669,28.443465478277947,32.20875713361245,6.580401820989456,58.59750221033434,55.27925142276624,120.0,0.0,100.0,60.0,120.0,60.0,60.0,0.0,115.31734690274266,15.241919826780125,97.8565664684134,38.788603307077096,119.71574603463716,40.80172856956524,85.40471792412822,22.323012146923915
106.66666666666669,500.0,39.262306054545846,45.08312330904238,4.986313481924669,28.443465478277947,58.59750221033434,55.27925142276624,32.20875713361245,6.580401820989456,120.0,0.0,100.0,60.0,60.0,0.0,120.0,60.0,115.31734690274266,15.241919826780125,97.8565664684134,38.788603307077096,85.40471792412822,22.323012146923915,119.71574603463716,40.80172856956524
106.66666666666669,500.0,39.262306054545846,45.08312330904238,32.20875713361245,6.580401820989456,4.986313481924669,28.443465478277947,58.59750221033434,55.27925142276624,120.0,0.0,120.0,60.0,100.0,60.0,60.0,0.0,115.31734690274266,15.241919826780125,119.71574603463716,40.80172856956524,97.8565664684134,38.788603307077096,85.40471792412822,22.323012146923915
106.66666666666669,500.0,39.262306054545846,45.08312330904238,32.20875713361245,6.580401820989456,58.59750221033434,55.27925142276624,4.986313481924669,28.443465478277947,120.0,0.0,120.0,60.0,60.0,0.0,100.0,60.0,115.31734690274266,15.241919826780125,119.71574603463716,40.80172856956524,85.40471792412822,22.323012146923915,97.8565664684134,38.788603307077096
106.66666666666669,500.0,39.262306054545846,45.08312330904238,58.59750221033434,55.27925142276624,4.986313481924669,28.443465478277947,32.20875713361245,6.580401820989456,120.0,0.0,60.0,0.0,100.0,60.0,120.0,60.0,115.31734690274266,15.241919826780125,85.40471792412822,22.323012146923915,97.8565664684134,38.788603307077096,119.71574603463716,40.80172856956524
106.66666666666669,500.0,39.262306054545846,45.08312330904238,58.59750221033434,55.27925142276624,32.20875713361245,6.580401820989456,4.986313481924669,28.443465478277947,120.0,0.0,60.0,0.0,120.0,60.0,100.0,60.0,115.31734690274266,15.241919826780125,85.40471792412822,22.323012146923915,119.71574603463716,40.80172856956524,97.8565664684134,38.788603307077096
106.66666666666669,500.0,32.20875713361245,6.580401820989456,4.986313481924669,28.443465478277947,39.262306054545846,45.08312330904238,58.59750221033434,55.27925142276624,120.0,60.0,100.0,60.0,120.0,0.0,60.0,0.0,119.71574603463716,40.80172856956524,97.8565664684134,38.788603307077096,115.31734690274266,15.241919826780125,85.40471792412822,22.323012146923915
106.66666666666669,500.0,32.20875713361245,6.580401820989456,4.986313481924669,28.443465478277947,58.59750221033434,55.27925142276624,39.262306054545846,45.08312330904238,120.0,60.0,100.0,60.0,60.0,0.0,120.0,0.0,119.71574603463716,40.80172856956524,97.8565664684134,38.788603307077096,85.40471792412822,22.323012146923915,115.31734690274266,15.241919826780125
106.66666666666669,500.0,32.20875713361245,6.580401820989456,39.262306054545846,45.08312330904238,4.986313481924669,28.443465478277947,58.59750221033434,55.27925142276624,120.0,60.0,120.0,0.0,100.0,60.0,60.0,0.0,119.71574603463716,40.80172856956524,115.31734690274266,15.241919826780125,97.8565664684134,38.788603307077096,85.40471792412822,22.323012146923915
106.66666666666669,500.0,32.20875713361245,6.580401820989456,39.262306054545846,45.08312330904238,58.59750221033434,55.27925142276624,4.986313481924669,28.443465478277947,120.0,60.0,120.0,0.0,60.0,0.0,100.0,60.0,119.71574603463716,40.80172856956524,115.31734690274266,15.241919826780125,85.40471792412822,22.323012146923915,97.8565664684134,38.788603307077096
106.66666666666669,500.0,32.20875713361245,6.580401820989456,58.59750221033434,55.27925142276624,4.986313481924669,28.443465478277947,39.262306054545846,45.08312330904238,120.0,60.0,60.0,0.0,100.0,60.0,120.0,0.0,119.71574603463716,40.80172856956524,85.40471792412822,22.323012146923915,97.8565664684134,38.788603307077096,115.31734690274266,15.241919826780125
106.66666666666669,500.0,32.20875713361245,6.580401820989456,58.59750221033434,55.27925142276624,39.262306054545846,45.08312330904238,4.986313481924669,28.443465478277947,120.0,60.0,60.0,0.0,120.0,0.0,100.0,60.0,119.71574603463716,40.80172856956524,85.40471792412822,22.323012146923915,115.31734690274266,15.241919826780125,97.8565664684134,38.788603307077096
106.66666666666669,500.0,58.59750221033434,55.27925142276624,4.986313481924669,28.443465478277947,39.262306054545846,45.08312330904238,32.20875713361245,6.580401820989456,60.0,0.0,100.0,60.0,120.0,0.0,120.0,60.0,85.40471792412822,22.323012146923915,97.8565664684134,38.788603307077096,115.31734690274266,15.241919826780125,119.71574603463716,40.80172856956524
106.66666666666669,500.0,58.59750221033434,55.27925142276624,4.986313481924669,28.443465478277947,32.20875713361245,6.580401820989456,39.262306054545846,45.08312330904238,60.0,0.0,100.0,60.0,120.0,60.0,120.0,0.0,85.40471792412822,22.323012146923915,97.8565664684134,38.788603307077096,119.71574603463716,40.80172856956524,115.31734690274266,15.241919826780125
106.66666666666669,500.0,58.59750221033434,55.27925142276624,39.262306054545846,45.08312330904238,4.986313481924669,28.443465478277947,32.20875713361245,6.580401820989456,60.0,0.0,120.0,0.0,100.0,60.0,120.0,60.0,85.40471792412822,22.323012146923915,115.31734690274266,15.241919826780125,97.8565664684134,38.788603307077096,119.71574603463716,40.80172856956524
106.66666666666669,500.0,58.59750221033434,55.27925142276624,39.262306054545846,45.08312330904238,32.20875713361245,6.580401820989456,4.986313481924669,28.443465478277947,60.0,0.0,120.0,0.0,120.0,60.0,100.0,60.0,85.40471792412822,22.323012146923915,115.31734690274266,15.241919826780125,119.71574603463716,40.80172856956524,97.8565664684134,38.788603307077096
106.66666666666669,500.0,58.59750221033434,55.27925142276624,32.20875713361245,6.580401820989456,4.986313481924669,28.443465478277947,39.262306054545846,45.08312330904238,60.0,0.0,120.0,60.0,100.0,60.0,120.0,0.0,85.40471792412822,22.323012146923915,119.71574603463716,40.80172856956524,97.8565664684134,38.788603307077096,115.31734690274266,15.241919826780125
106.66666666666669,500.0,58.59750221033434,55.27925142276624,32.20875713361245,6.580401820989456,39.262306054545846,45.08312330904238,4.986313481924669,28.443465478277947,60.0,0.0,120.0,60.0,120.0,0.0,100.0,60.0,85.40471792412822,22.323012146923915,119.71574603463716,40.80172856956524,115.31734690274266,15.241919826780125,97.8565664684134,38.788603307077096
106.66666666666669,500.0,5.211348800272397,8.376148412347781,57.369293262625085,17.95851595357707,36.03274430982172,41.498665211570525,9.102339826940264,33.941225583291185,119.99999999999999,59.99999999999999,59.99999999999999,20.0,59.99999999999999,0.0,119.99999999999999,0.0,113.08982740139056,59.594305875218005,60.414394706866176,41.44339954533876,85.0133968173727,8.035708998530964,109.25446020059208,21.284059466497368
106.66666666666669,500.0,5.211348800272397,8.376148412347781,9.102339826940264,33.941225583291185,57.369293262625085,17.95851595357707,36.03274430982172,41.498665211570525,119.99999999999999,59.99999999999999,119.99999999999999,0.0,59.99999999999999,20.0,59.99999999999999,0.0,113.08982740139056,59.594305875218005,109.25446020059208,21.284059466497368,60.414394706866176,41.44339954533876,85.0133968173727,8.035708998530964
106.66666666666669,500.0,5.211348800272397,8.376148412347781,9.102339826940264,33.941225583291185,36.03274430982172,41.498665211570525,57.369293262625085,17.95851595357707,119.99999999999999,59.99999999999999,119.99999999999999,0.0,59.99999999999999,0.0,59.99999999999999,20.0,113.08982740139056,59.594305875218005,109.25446020059208,21.284059466497368,85.0133968173727,8.035708998530964,60.414394706866176,41.44339954533876
106.66666666666669,500.0,5.211348800272397,8.376148412347781,36.03274430982172,41.498665211570525,57.369293262625085,17.95851595357707,9.102339826940264,33.941225583291185,119.99999999999999,59.99999999999999,59.99999999999999,0.0,59.99999999999999,20.0,119.99999999999999,0.0,113.08982740139056,59.594305875218005,85.0133968173727,8.035708998530964,60.414394706866176,41.44339954533876,109.25446020059208,21.284059466497368
106.66666666666669,500.0,5.211348800272397,8.376148412347781,36.03274430982172,41.498665211570525,9.102339826940264,33.941225583291185,57.369293262625085,17.95851595357707,119.99999999999999,59.99999999999999,59.99999999999999,0.0,119.99999999999999,0.0,59.99999999999999,20.0,113.08982740139056,59.594305875218005,85.0133968173727,8.035708998530964,109.25446020059208,21.284059466497368,60.414394706866176,41.44339954533876
106.66666666666669,500.0,57.369293262625085,17.95851595357707,5.211348800272397,8.376148412347781,9.102339826940264,33.941225583291185,36.03274430982172,41.498665211570525,59.99999999999999,20.0,119.99999999999999,59.99999999999999,119.99999999999999,0.0,59.99999999999999,0.0,60.414394706866176,41.44339954533876,113.08982740139056,59.594305875218005,109.25446020059208,21.284059466497368,85.0133968173727,8.035708998530964
106.66666666666669,500.0,57.369293262625085,17.95851595357707,5.211348800272397,8.376148412347781,36.03274430982172,41.498665211570525,9.102339826940264,33.941225583291185,59.99999999999999,20.0,119.99999999999999,59.99999999999999,59.99999999999999,0.0,119.99999999999999,0.0,60.414394706866176,41.44339954533876,113.08982740139056,59.594305875218005,85.0133968173727,8.035708998530964,109.25446020059208,21.284059466497368
106.66666666666669,500.0,57.369293262625085,17.95851595357707,9.102339826940264,33.941225583291185,5.211348800272397,8.376148412347781,36.03274430982172,41.498665211570525,59.99999999999999,20.0,119.99999999999999,0.0,119.99999999999999,59.99999999999999,59.99999999999999,0.0,60.414394706866176,41.44339954533876,109.25446020059208,21.284059466497368,113.08982740139056,59.594305875218005,85.0133968173727,8.035708998530964
106.66666666666669,500.0,57.369293262625085,17.95851595357707,9.102339826940264,33.941225583291185,36.03274430982172,41.498665211570525,5.211348800272397,8.376148412347781,59.99999999999999,20.0,119.99999999999999,0.0,59.99999999999999,0.0,119.99999999999999,59.99999999999999,60.414394706866176,41.44339954533876,109.25446020059208,21.284059466497368,85.0133968173727,8.035708998530964,113.08982740139056,59.594305875218005
106.66666666666669,500.0,57.369293262625085,17.95851595357707,36.03274430982172,41.498665211570525,5.211348800272397,8.376148412347781,9.102339826940264,33.941225583291185,59.99999999999999,20.0,59.99999999999999,0.0,119.99999999999999,59.99999999999999,119.99999999999999,0.0,60.414394706866176,41.44339954533876,85.0133968173727,8.035708998530964,113.08982740139056,59.594305875218005,109.25446020059208,21.284059466497368
106.66666666666669,500.0,57.369293262625085,17.95851595357707,36.03274430982172,41.498665211570525,9.102339826940264,33.941225583291185,5.211348800272397,8.376148412347781,59.99999999999999,20.0,59.99999999999999,0.0,119.99999999999999,0.0,119.99999999999999,59.99999999999999,60.414394706866176,41.44339954533876,85.0133968173727,8.035708998530964,109.25446020059208,21.284059466497368,113.08982740139056,59.594305875218005
106.66666666666669,500.0,9.102339826940264,33.941225583291185,5.211348800272397,8.376148412347781,57.369293262625085,17.95851595357707,36.03274430982172,41.498665211570525,119.99999999999999,0.0,119.99999999999999,59.99999999999999,59.99999999999999,20.0,59.99999999999999,0.0,109.25446020059208,21.284059466497368,113.08982740139056,59.594305875218005,60.414394706866176,41.44339954533876,85.0133968173727,8.035708998530964
106.66666666666669,500.0,9.102339826940264,33.941225583291185,5.211348800272397,8.376148412347781,36.03274430982172,41.498665211570525,57.369293262625085,17.95851595357707,119.99999999999999,0.0,119.99999999999999,59.99999999999999,59.99999999999999,0.0,59.99999999999999,20.0,109.25446020059208,21.284059466497368,113.08982740139056,59.594305875218005,85.0133968173727,8.035708998530964,60.414394706866176,41.44339954533876
106.66666666666669,500.0,9.102339826940264,33.941225583291185,57.369293262625085,17.95851595357707,5.211348800272397,8.376148412347781,36.03274430982172,41.498665211570525,119.99999999999999,0.0,59.99999999999999,20.0,119.99999999999999,59.99999999999999,59.99999999999999,0.0,109.25446020059208,21.284059466497368,60.414394706866176,41.44339954533876,113.08982740139056,59.594305875218005,85.0133968173727,8.035708998530964
106.66666666666669,500.0,9.102339826940264,33.941225583291185,57.369293262625085,17.95851595357707,36.03274430982172,41.498665211570525,5.211348800272397,8.376148412347781,119.99999999999999,0.0,59.99999999999999,20.0,59.99999999999999,0.0,119.99999999999999,59.99999999999999,109.25446020059208,21.284059466497368,60.414394706866176,41.44339954533876,85.0133968173727,8.035708998530964,113.08982740139056,59.594305875218005
106.66666666666669,500.0,9.102339826940264,33.941225583291185,36.03274430982172,41.498665211570525,5.211348800272397,8.376148412347781,57.369293262625085,17.95851595357707,119.99999999999999,0.0,59.99999999999999,0.0,119.99999999999999,59.99999999999999,59.99999999999999,20.0,109.25446020059208,21.284059466497368,85.0133968173727,8.035708998530964,113.08982740139056,59.594305875218005,60.414394706866176,41.44339954533876
106.66666666666669,500.0,9.102339826940264,33.941225583291185,36.03274430982172,41.498665211570525,57.369293262625085,17.95851595357707,5.211348800272397,8.376148412347781,119.99999999999999,0.0,59.99999999999999,0.0,59.99999999999999,20.0,119.99999999999999,59.99999999999999,109.25446020059208,21.284059466497368,85.0133968173727,8.035708998530964,60.414394706866176,41.44339954533876,113.08982740139056,59.594305875218005
106.66666666666669,500.0,36.03274430982172,41.498665211570525,5.211348800272397,8.376148412347781,57.369293262625085,17.95851595357707,9.102339826940264,33.941225583291185,59.99999999999999,0.0,119.99999999999999,59.99999999999999,59.99999999999999,20.0,119.99999999999999,0.0,85.0133968173727,8.035708998530964,113.08982740139056,59.594305875218005,60.414394706866176,41.44339954533876,109.25446020059208,21.284059466497368
106.66666666666669,500.0,36.03274430982172,41.498665211570525,5.211348800272397,8.376148412347781,9.102339826940264,33.941225583291185,57.369293262625085,17.95851595357707,59.99999999999999,0.0,119.99999999999999,59.99999999999999,119.99999999999999,0.0,59.99999999999999,20.0,85.0133968173727,8.035708998530964,113.08982740139056,59.594305875218005,109.25446020059208,21.284059466497368,60.414394706866176,41.44339954533876
106.66666666666669,500.0,36.03274430982172,41.498665211570525,57.369293262625085,17.95851595357707,5.211348800272397,8.376148412347781,9.102339826940264,33.941225583291185,59.99999999999999,0.0,59.99999999999999,20.0,119.99999999999999,59.99999999999999,119.99999999999999,0.0,85.0133968173727,8.035708998530964,60.414394706866176,41.44339954533876,113.08982740139056,59.594305875218005,109.25446020059208,21.284059466497368
106.66666666666669,500.0,36.03274430982172,41.498665211570525,57.369293262625085,17.95851595357707,9.102339826940264,33.941225583291185,5.211348800272397,8.376148412347781,59.99999999999999,0.0,59.99999999999999,20.0,119.99999999999999,0.0,119.99999999999999,59.99999999999999,85.0133968173727,8.035708998530964,60.414394706866176,41.44339954533876,109.25446020059208,21.284059466497368,113.08982740139056,59.594305875218005
106.66666666666669,500.0,36.03274430982172,41.498665211570525,9.102339826940264,33.941225583291185,5.211348800272397,8.376148412347781,57.369293262625085,17.95851595357707,59.99999999999999,0.0,119.99999999999999,0.0,119.99999999999999,59.99999999999999,59.99999999999999,20.0,85.0133968173727,8.035708998530964,109.25446020059208,21.284059466497368,113.08982740139056,59.594305875218005,60.414394706866176,41.44339954533876
106.66666666666669,500.0,36.03274430982172,41.498665211570525,9.102339826940264,33.941225583291185,57.369293262625085,17.95851595357707,5.211348800272397,8.376148412347781,59.99999999999999,0.0,119.99999999999999,0.0,59.99999999999999,20.0,119.99999999999999,59.99999999999999,85.0133968173727,8.035708998530964,109.25446020059208,21.284059466497368,60.414394706866176,41.44339954533876,113.08982740139056,59.594305875218005
106.66666666666669,500.0,44.34573782095048,36.33570249394532,0.3037399981834165,56.947888135775045,59.54855169804455,1.5227202548656282,20.561475412279616,42.77581139119352,60.0,40.0,100.0,20.0,60.0,60.0,80.0,40.0,62.90709928428232,24.12860425044874,85.36622517834776,5.579882754172289,79.15445782132898,41.29639247518364,106.2991839013542,13.333430089690284
106.66666666666669,500.0,44.34573782095048,36.33570249394532,20.561475412279616,42.77581139119352,0.3037399981834165,56.947888135775045,59.54855169804455,1.5227202548656282,60.0,40.0,80.0,40.0,100.0,20.0,60.0,60.0,62.90709928428232,24.12860425044874,106.2991839013542,13.333430089690284,85.36622517834776,5.579882754172289,79.15445782132898,41.29639247518364
106.66666666666669,500.0,44.34573782095048,36.33570249394532,20.561475412279616,42.77581139119352,59.54855169804455,1.5227202548656282,0.3037399981834165,56.947888135775045,60.0,40.0,80.0,40.0,60.0,60.0,100.0,20.0,62.90709928428232,24.12860425044874,106.2991839013542,13.333430089690284,79.15445782132898,41.29639247518364,85.36622517834776,5.579882754172289
106.66666666666669,500.0,44.34573782095048,36.33570249394532,59.54855169804455,1.5227202548656282,0.3037399981834165,56.947888135775045,20.561475412279616,42.77581139119352,60.0,40.0,60.0,60.0,100.0,20.0,80.0,40.0,62.90709928428232,24.12860425044874,79.15445782132898,41.29639247518364,85.36622517834776,5.579882754172289,106.2991839013542,13.333430089690284
106.66666666666669,500.0,44.34573782095048,36.33570249394532,59.54855169804455,1.5227202548656282,20.561475412279616,42.77581139119352,0.3037399981834165,56.947888135775045,60.0,40.0,60.0,60.0,80.0,40.0,100.0,20.0,62.90709928428232,24.12860425044874,79.15445782132898,41.29639247518364,106.2991839013542,13.333430089690284,85.36622517834776,5.579882754172289
106.66666666666669,500.0,0.3037399981834165,56.947888135775045,44.34573782095048,36.33570249394532,20.561475412279616,42.77581139119352,59.54855169804455,1.5227202548656282,100.0,20.0,60.0,40.0,80.0,40.0,60.0,60.0,85.36622517834776,5.579882754172289,62.90709928428232,24.12860425044874,106.2991839013542,13.333430089690284,79.15445782132898,41.29639247518364
106.66666666666669,500.0,0.3037399981834165,56.947888135775045,44.34573782095048,36.33570249394532,59.54855169804455,1.5227202548656282,20.561475412279616,42.77581139119352,100.0,20.0,60.0,40.0,60.0,60.0,80.0,40.0,85.36622517834776,5.579882754172289,62.90709928428232,24.12860425044874,79.15445782132898,41.29639247518364,106.2991839013542,13.333430089690284
106.66666666666669,500.0,0.3037399981834165,56.947888135775045,20.561475412279616,42.77581139119352,44.34573782095048,36.33570249394532,59.54855169804455,1.5227202548656282,100.0,20.0,80.0,40.0,60.0,40.0,60.0,60.0,85.36622517834776,5.579882754172289,106.2991839013542,13.333430089690284,62.90709928428232,24.12860425044874,79.15445782132898,41.29639247518364
106.66666666666669,500.0,0.3037399981834165,56.947888135775045,20.561475412279616,42.77581139119352,59.54855169804455,1.5227202548656282,44.34573782095048,36.33570249394532,100.0,20.0,80.0,40.0,60.0,60.0,60.0,40.0,85.36622517834776,5.579882754172289,106.2991839013542,13.333430089690284,79.15445782132898,41.29639247518364,62.90709928428232,24.12860425044874
106.66666666666669,500.0,0.3037399981834165,56.947888135775045,59.54855169804455,1.5227202548656282,44.34573782095048,36.33570249394532,20.561475412279616,42.77581139119352,100.0,20.0,60.0,60.0,60.0,40.0,80.0,40.0,85.36622517834776,5.579882754172289,79.15445782132898,41.29639247518364,62.90709928428232,24.12860425044874,106.2991839013542,13.333430089690284
106.66666666666669,500.0,0.3037399981834165,56.947888135775045,59.54855169804455,1.5227202548656282,20.561475412279616,42.77581139119352,44.34573782095048,36.33570249394532,100.0,20.0,60.0,60.0,80.0,40.0,60.0,40.0,85.36622517834776,5.579882754172289,79.15445782132898,41.29639247518364,106.2991839013542,13.333430089690284,62.90709928428232,24.12860425044874
106.66666666666669,500.0,20.561475412279616,42.77581139119352,44.34573782095048,36.33570249394532,0.3037399981834165,56.947888135775045,59.54855169804455,1.5227202548656282,80.0,40.0,60.0,40.0,100.0,20.0,60.0,60.0,106.2991839013542,13.333430089690284,62.90709928428232,24.12860425044874,85.36622517834776,5.579882754172289,79.15445782132898,41.29639247518364
106.66666666666669,500.0,20.561475412279616,42.77581139119352,44.34573782095048,36.33570249394532,59.54855169804455,1.5227202548656282,0.3037399981834165,56.947888135775045,80.0,40.0,60.0,40.0,60.0,60.0,100.0,20.0,106.2991839013542,13.333430089690284,62.90709928428232,24.12860425044874,79.15445782132898,41.29639247518364,85.36622517834776,5.579882754172289
106.66666666666669,500.0,20.561475412279616,42.77581139119352,0.3037399981834165,56.947888135775045,44.34573782095048,36.33570249394532,59.54855169804455,1.5227202548656282,80.0,40.0,100.0,20.0,60.0,40.0,60.0,60.0,106.2991839013542,13.333430089690284,85.36622517834776,5.579882754172289,62.90709928428232,24.12860425044874,79.15445782132898,41.29639247518364
106.66666666666669,500.0,20.561475412279616,42.77581139119352,0.3037399981834165,56.947888135775045,59.54855169804455,1.5227202548656282,44.34573782095048,36.33570249394532,80.0,40.0,100.0,20.0,60.0,60.0,60.0,40.0,106.2991839013542,13.333430089690284,85.36622517834776,5.579882754172289,79.15445782132898,41.29639247518364,62.90709928428232,24.12860425044874
106.66666666666669,500.0,20.561475412279616,42.77581139119352,59.54855169804455,1.5227202548656282,44.34573782095048,36.33570249394532,0.3037399981834165,56.947888135775045,80.0,40.0,60.0,60.0,60.0,40.0,100.0,20.0,106.2991839013542,13.333430089690284,79.15445782132898,41.29639247518364,62.90709928428232,24.12860425044874,85.36622517834776,5.579882754172289
106.66666666666669,500.0,20.561475412279616,42.77581139119352,59.54855169804455,1.5227202548656282,0.3037399981834165,56.947888135775045,44.34573782095048,36.33570249394532,80.0,40.0,60.0,60.0,100.0,20.0,60.0,40.0,106.2991839013542,13.333430089690284,79.15445782132898,41.29639247518364,85.36622517834776,5.579882754172289,62.90709928428232,24.12860425044874
106.66666666666669,500.0,59.54855169804455,1.5227202548656282,44.34573782095048,36.33570249394532,0.3037399981834165,56.947888135775045,20.561475412279616,42.77581139119352,60.0,60.0,60.0,40.0,100.0,20.0,80.0,40.0,79.15445782132898,41.29639247518364,62.90709928428232,24.12860425044874,85.36622517834776,5.579882754172289,106.2991839013542,13.333430089690284
106.66666666666669,500.0,59.54855169804455,1.5227202548656282,44.34573782095048,36.33570249394532,20.561475412279616,42.77581139119352,0.3037399981834165,56.947888135775045,60.0,60.0,60.0,40.0,80.0,40.0,100.0,20.0,79.15445782132898,41.29639247518364,62.90709928428232,24.12860425044874,106.2991839013542,13.333430089690284,85.36622517834776,5.579882754172289
106.66666666666669,500.0,59.54855169804455,1.5227202548656282,0.3037399981834165,56.947888135775045,44.34573782095048,36.33570249394532,20.561475412279616,42.77581139119352,60.0,60.0,100.0,20.0,60.0,40.0,80.0,40.0,79.15445782132898,41.29639247518364,85.36622517834776,5.579882754172289,62.90709928428232,24.12860425044874,106.2991839013542,13.333430089690284
106.66666666666669,500.0,59.54855169804455,1.5227202548656282,0.3037399981834165,56.947888135775045,20.561475412279616,42.77581139119352,44.34573782095048,36.33570249394532,60.0,60.0,100.0,20.0,80.0,40.0,60.0,40.0,79.15445782132898,41.29639247518364,85.36622517834776,5.579882754172289,106.2991839013542,13.333430089690284,62.90709928428232,24.12860425044874
106.66666666666669,500.0,59.54855169804455,1.5227202548656282,20.561475412279616,42.77581139119352,44.34573782095048,36.33570249394532,0.3037399981834165,56.947888135775045,60.0,60.0,80.0,40.0,60.0,40.0,100.0,20.0,79.15445782132898,41.29639247518364,106.2991839013542,13.333430089690284,62.90709928428232,24.12860425044874,85.36622517834776,5.579882754172289
106.66666666666669,500.0,59.54855169804455,1.5227202548656282,20.561475412279616,42.77581139119352,0.3037399981834165,56.947888135775045,44.34573782095048,36.33570249394532,60.0,60.0,80.0,40.0,100.0,20.0,60.0,40.0,79.15445782132898,41.29639247518364,106.2991839013542,13.333430089690284,85.36622517834776,5.579882754172289,62.90709928428232,24.12860425044874
120.0,500.0,12.185706071055533,9.871360616351224,38.18921908201288,21.308982164732328,2.5780299027295883,43.858517242007046,58.72518985345108,37.79540027620673,100.0,60.0,60.0,60.0,120.0,60.0,80.0,60.0,87.6592701514791,57.4437314115439,97.83731545036017,35.73256324669131,97.74584825699132,6.850161302330143,63.99784552108212,10.938944541393028
120.0,500.0,12.185706071055533,9.871360616351224,58.72518985345108,37.79540027620673,38.18921908201288,21.308982164732328,2.5780299027295883,43.858517242007046,100.0,60.0,80.0,60.0,60.0,60.0,120.0,60.0,87.6592701514791,57.4437314115439,63.99784552108212,10.938944541393028,97.83731545036017,35.73256324669131,97.74584825699132,6.850161302330143
120.0,500.0,12.185706071055533,9.871360616351224,58.72518985345108,37.79540027620673,2.5780299027295883,43.858517242007046,38.18921908201288,21.308982164732328,100.0,60.0,80.0,60.0,120.0,60.0,60.0,60.0,87.6592701514791,57.4437314115439,63.99784552108212,10.938944541393028,97.74584825699132,6.850161302330143,97.83731545036017,35.73256324669131
120.0,500.0,12.185706071055533,9.871360616351224,2.5780299027295883,43.858517242007046,38.18921908201288,21.308982164732328,58.72518985345108,37.79540027620673,100.0,60.0,120.0,60.0,60.0,60.0,80.0,60.0,87.6592701514791,57.4437314115439,97.74584825699132,6.850161302330143,97.83731545036017,35.73256324669131,63.99784552108212,10.938944541393028
120.0,500.0,12.185706071055533,9.871360616351224,2.5780299027295883,43.858517242007046,58.72518985345108,37.79540027620673,38.18921908201288,21.308982164732328,100.0,60.0,120.0,60.0,80.0,60.0,60.0,60.0,87.6592701514791,57.4437314115439,97.74584825699132,6.850161302330143,63.99784552108212,10.938944541393028,97.83731545036017,35.73256324669131
120.0,500.0,38.18921908201288,21.308982164732328,12.185706071055533,9.871360616351224,58.72518985345108,37.79540027620673,2.5780299027295883,43.858517242007046,60.0,60.0,100.0,60.0,80.0,60.0,120.0,60.0,97.83731545036017,35.73256324669131,87.6592701514791,57.4437314115439,63.99784552108212,10.938944541393028,97.74584825699132,6.850161302330143
120.0,500.0,38.18921908201288,21.308982164732328,12.185706071055533,9.871360616351224,2.5780299027295883,43.858517242007046,58.72518985345108,37.79540027620673,60.0,60.0,100.0,60.0,120.0,60.0,80.0,60.0,97.83731545036017,35.73256324669131,87.6592701514791,57.4437314115439,97.74584825699132,6.850161302330143,63.99784552108212,10.938944541393028
120.0,500.0,38.18921908201288,21.308982164732328,58.72518985345108,37.79540027620673,12.185706071055533,9.871360616351224,2.5780299027295883,43.858517242007046,60.0,60.0,80.0,60.0,100.0,60.0,120.0,60.0,97.83731545036017,35.73256324669131,63.99784552108212,10.938944541393028,87.6592701514791,57.4437314115439,97.74584825699132,6.850161302330143
120.0,500.0,38.18921908201288,21.308982164732328,58.72518985345108,37.79540027620673,2.5780299027295883,43.858517242007046,12.185706071055533,9.871360616351224,60.0,60.0,80.0,60.0,120.0,60.0,100.0,60.0,97.83731545036017,35.73256324669131,63.99784552108212,10.938944541393028,97.74584825699132,6.850161302330143,87.6592701514791,57.4437314115439
120.0,500.0,38.18921908201288,21.308982164732328,2.5780299027295883,43.858517242007046,12.185706071055533,9.871360616351224,58.72518985345108,37.79540027620673,60.0,60.0,120.0,60.0,100.0,60.0,80.0,60.0,97.83731545036017,35.73256324669131,97.74584825699132,6.850161302330143,87.6592701514791,57.4437314115439,63.99784552108212,10.938944541393028
120.0,500.0,38.18921908201288,21.308982164732328,2.5780299027295883,43.858517242007046,58.72518985345108,37.79540027620673,12.185706071055533,9.871360616351224,60.0,60.0,120.0,60.0,80.0,60.0,100.0,60.0,97.83731545036017,35.73256324669131,97.74584825699132,6.850161302330143,63.99784552108212,10.938944541393028,87.6592701514791,57.4437314115439
120.0,500.0,58.72518985345108,37.79540027620673,12.185706071055533,9.871360616351224,38.18921908201288,21.308982164732328,2.5780299027295883,43.858517242007046,80.0,60.0,100.0,60.0,60.0,60.0,120.0,60.0,63.99784552108212,10.938944541393028,87.6592701514791,57.4437314115439,97.83731545036017,35.73256324669131,97.74584825699132,6.850161302330143
120.0,500.0,58.72518985345108,37.79540027620673,12.185706071055533,9.871360616351224,2.5780299027295883,43.858517242007046,38.18921908201288,21.308982164732328,80.0,60.0,100.0,60.0,120.0,60.0,60.0,60.0,63.99784552108212,10.938944541393028,87.6592701514791,57.4437314115439,97.74584825699132,6.850161302330143,97.83731545036017,35.73256324669131
120.0,500.0,58.72518985345108,37.79540027620673,38.18921908201288,21.308982164732328,12.185706071055533,9.871360616351224,2.5780299027295883,43.858517242007046,80.0,60.0,60.0,60.0,100.0,60.0,120.0,60.0,63.99784552108212,10.938944541393028,97.83731545036017,35.73256324669131,87.6592701514791,57.4437314115439,97.74584825699132,6.850161302330143
120.0,500.0,58.72518985345108,37.79540027620673,38.18921908201288,21.308982164732328,2.5780299027295883,43.858517242007046,12.185706071055533,9.871360616351224,80.0,60.0,60.0,60.0,120.0,60.0,100.0,60.0,63.99784552108212,10.938944541393028,97.83731545036017,35.73256324669131,97.74584825699132,6.850161302330143,87.6592701514791,57.4437314115439
120.0,500.0,58.72518985345108,37.79540027620673,2.5780299027295883,43.858517242007046,12.185706071055533,9.871360616351224,38.18921908201288,21.308982164732328,80.0,60.0,120.0,60.0,100.0,60.0,60.0,60.0,63.99784552108212,10.938944541393028,97.74584825699132,6.850161302330143,87.6592701514791,57.4437314115439,97.83731545036017,35.73256324669131
120.0,500.0,58.72518985345108,37.79540027620673,2.5780299027295883,43.858517242007046,38.18921908201288,21.308982164732328,12.185706071055533,9.871360616351224,80.0,60.0,120.0,60.0,60.0,60.0,100.0,60.0,63.99784552108212,10.938944541393028,97.74584825699132,6.850161302330143,97.83731545036017,35.73256324669131,87.6592701514791,57.4437314115439
120.0,500.0,2.5780299027295883,43.858517242007046,12.185706071055533,9.871360616351224,38.18921908201288,21.308982164732328,58.72518985345108,37.79540027620673,120.0,60.0,100.0,60.0,60.0,60.0,80.0,60.0,97.74584825699132,6.850161302330143,87.6592701514791,57.4437314115439,97.83731545036017,35.73256324669131,63.99784552108212,10.938944541393028
120.0,500.0,2.5780299027295883,43.858517242007046,12.185706071055533,9.871360616351224,58.72518985345108,37.79540027620673,38.18921908201288,21.308982164732328,120.0,60.0,100.0,60.0,80.0,60.0,60.0,60.0,97.74584825699132,6.850161302330143,87.6592701514791,57.4437314115439,63.99784552108212,10.938944541393028,97.83731545036017,35.73256324669131
120.0,500.0,2.5780299027295883,43.858517242007046,38.18921908201288,21.308982164732328,12.185706071055533,9.871360616351224,58.72518985345108,37.79540027620673,120.0,60.0,60.0,60.0,100.0,60.0,80.0,60.0,97.74584825699132,6.850161302330143,97.83731545036017,35.73256324669131,87.6592701514791,57.4437314115439,63.99784552108212,10.938944541393028
120.0,500.0,2.5780299027295883,43.858517242007046,38.18921908201288,21.308982164732328,58.72518985345108,37.79540027620673,12.185706071055533,9.871360616351224,120.0,60.0,60.0,60.0,80.0,60.0,100.0,60.0,97.74584825699132,6.850161302330143,97.83731545036017,35.73256324669131,63.99784552108212,10.938944541393028,87.6592701514791,57.4437314115439
120.0,500.0,2.5780299027295883,43.858517242007046,58.72518985345108,37.79540027620673,12.185706071055533,9.871360616351224,38.18921908201288,21.308982164732328,120.0,60.0,80.0,60.0,100.0,60.0,60.0,60.0,97.74584825699132,6.850161302330143,63.99784552108212,10.938944541393028,87.6592701514791,57.4437314115439,97.83731545036017,35.73256324669131
120.0,500.0,2.5780299027295883,43.858517242007046,58.72518985345108,37.79540027620673,38.18921908201288,21.308982164732328,12.185706071055533,9.871360616351224,120.0,60.0,80.0,60.0,60.0,60.0,100.0,60.0,97.74584825699132,6.850161302330143,63.99784552108212,10.938944541393028,97.83731545036017,35.73256324669131,87.6592701514791,57.4437314115439
120.0,500.0,35.82627493799728,53.58846969708266,43.20819699126219,7.507231169927746,12.730123982247626,51.94818559507895,11.735130422584266,27.941518173983763,100.0,0.0,100.0,40.0,80.0,0.0,100.0,20.0,76.27241059253842,17.44129897795584,66.47216994835034,47.93168165813952,102.98771365920592,16.604094235348782,86.22787804297877,35.790193440376186
120.0,500.0,35.82627493799728,53.58846969708266,11.735130422584266,27.941518173983763,43.20819699126219,7.507231169927746,12.730123982247626,51.94818559507895,100.0,0.0,100.0,20.0,100.0,40.0,80.0,0.0,76.27241059253842,17.44129897795584,86.22787804297877,35.790193440376186,66.47216994835034,47.93168165813952,102.98771365920592,16.604094235348782
120.0,500.0,35.82627493799728,53.58846969708266,11.735130422584266,27.941518173983763,12.730123982247626,51.94818559507895,43.20819699126219,7.507231169927746,100.0,0.0,100.0,20.0,80.0,0.0,100.0,40.0,76.27241059253842,17.44129897795584,86.22787804297877,35.790193440376186,102.98771365920592,16.604094235348782,66.47216994835034,47.93168165813952
120.0,500.0,35.82627493799728,53.58846969708266,12.730123982247626,51.94818559507895,43.20819699126219,7.507231169927746,11.735130422584266,27.941518173983763,100.0,0.0,80.0,0.0,100.0,40.0,100.0,20.0,76.27241059253842,17.44129897795584,102.98771365920592,16.604094235348782,66.47216994835034,47.93168165813952,86.22787804297877,35.790193440376186
120.0,500.0,35.82627493799728,53.58846969708266,12.730123982247626,51.94818559507895,11.735130422584266,27.941518173983763,43.20819699126219,7.507231169927746,100.0,0.0,80.0,0.0,100.0,20.0,100.0,40.0,76.27241059253842,17.44129897795584,102.98771365920592,16.604094235348782,86.22787804297877,35.790193440376186,66.47216994835034,47.93168165813952
120.0,500.0,43.20819699126219,7.507231169927746,35.82627493799728,53.58846969708266,11.735130422584266,27.941518173983763,12.730123982247626,51.94818559507895,100.0,40.0,100.0,0.0,100.0,20.0,80.0,0.0,66.47216994835034,47.93168165813952,76.27241059253842,17.44129897795584,86.22787804297877,35.790193440376186,102.98771365920592,16.604094235348782
120.0,500.0,43.20819699126219,7.507231169927746,35.82627493799728,53.58846969708266,12.730123982247626,51.94818559507895,11.735130422584266,27.941518173983763,100.0,40.0,100.0,0.0,80.0,0.0,100.0,20.0,66.47216994835034,47.93168165813952,76.27241059253842,17.44129897795584,102.98771365920592,16.604094235348782,86.22787804297877,35.790193440376186
120.0,500.0,43.20819699126219,7.507231169927746,11.735130422584266,27.941518173983763,35.82627493799728,53.58846969708266,12.730123982247626,51.94818559507895,100.0,40.0,100.0,20.0,100.0,0.0,80.0,0.0,66.47216994835034,47.93168165813952,86.22787804297877,35.790193440376186,76.27241059253842,17.44129897795584,102.98771365920592,16.604094235348782
120.0,500.0,43.20819699126219,7.507231169927746,11.735130422584266,27.941518173983763,12.730123982247626,51.94818559507895,35.82627493799728,53.58846969708266,100.0,40.0,100.0,20.0,80.0,0.0,100.0,0.0,66.47216994835034,47.93168165813952,86.22787804297877,35.790193440376186,102.98771365920592,16.604094235348782,76.27241059253842,17.44129897795584
120.0,500.0,43.20819699126219,7.507231169927746,12.730123982247626,51.94818559507895,35.82627493799728,53.58846969708266,11.735130422584266,27.941518173983763,100.0,40.0,80.0,0.0,100.0,0.0,100.0,20.0,66.47216994835034,47.93168165813952,102.98771365920592,16.604094235348782,76.27241059253842,17.44129897795584,86.22787804297877,35.790193440376186
120.0,500.0,43.20819699126219,7.507231169927746,12.730123982247626,51.94818559507895,11.735130422584266,27.941518173983763,35.82627493799728,53.58846969708266,100.0,40.0,80.0,0.0,100.0,20.0,100.0,0.0,66.47216994835034,47.93168165813952,102.98771365920592,16.604094235348782,86.22787804297877,35.790193440376186,76.27241059253842,17.44129897795584
120.0,500.0,11.735130422584266,27.941518173983763,35.82627493799728,53.58846969708266,43.20819699126219,7.507231169927746,12.730123982247626,51.94818559507895,100.0,20.0,100.0,0.0,100.0,40.0,80.0,0.0,86.22787804297877,35.790193440376186,76.27241059253842,17.44129897795584,66.47216994835034,47.93168165813952,102.98771365920592,16.604094235348782
120.0,500.0,11.735130422584266,27.941518173983763,35.82627493799728,53.58846969708266,12.730123982247626,51.94818559507895,43.20819699126219,7.507231169927746,100.0,20.0,100.0,0.0,80.0,0.0,100.0,40.0,86.22787804297877,35.790193440376186,76.27241059253842,17.44129897795584,102.98771365920592,16.604094235348782,66.47216994835034,47.93168165813952
120.0,500.0,11.735130422584266,27.941518173983763,43.20819699126219,7.507231169927746,35.82627493799728,53.58846969708266,12.730123982247626,51.94818559507895,100.0,20.0,100.0,40.0,100.0,0.0,80.0,0.0,86.22787804297877,35.790193440376186,66.47216994835034,47.93168165813952,76.27241059253842,17.44129897795584,102.98771365920592,16.604094235348782
120.0,500.0,11.735130422584266,27.941518173983763,43.20819699126219,7.507231169927746,12.730123982247626,51.94818559507895,35.82627493799728,53.58846969708266,100.0,20.0,100.0,40.0,80.0,0.0,100.0,0.0,86.22787804297877,35.790193440376186,66.47216994835034,47.93168165813952,102.98771365920592,16.604094235348782,76.27241059253842,17.44129897795584
120.0,500.0,11.735130422584266,27.941518173983763,12.730123982247626,51.94818559507895,35.82627493799728,53.58846969708266,43.20819699126219,7.507231169927746,100.0,20.0,80.0,0.0,100.0,0.0,100.0,40.0,86.22787804297877,35.790193440376186,102.98771365920592,16.604094235348782,76.27241059253842,17.44129897795584,66.47216994835034,47.93168165813952
120.0,500.0,11.735130422584266,27.941518173983763,12.730123982247626,51.94818559507895,43.20819699126219,7.507231169927746,35.82627493799728,53.58846969708266,100.0,20.0,80.0,0.0,100.0,40.0,100.0,0.0,86.22787804297877,35.790193440376186,102.98771365920592,16.604094235348782,66.47216994835034,47.93168165813952,76.27241059253842,17.44129897795584
120.0,500.0,12.730123982247626,51.94818559507895,35.82627493799728,53.58846969708266,43.20819699126219,7.507231169927746,11.735130422584266,27.941518173983763,80.0,0.0,100.0,0.0,100.0,40.0,100.0,20.0,102.98771365920592,16.604094235348782,76.27241059253842,17.44129897795584,66.47216994835034,47.93168165813952,86.22787804297877,35.790193440376186
120.0,500.0,12.730123982247626,51.94818559507895,35.82627493799728,53.58846969708266,11.735130422584266,27.941518173983763,43.20819699126219,7.507231169927746,80.0,0.0,100.0,0.0,100.0,20.0,100.0,40.0,102.98771365920592,16.604094235348782,76.27241059253842,17.44129897795584,86.22787804297877,35.790193440376186,66.47216994835034,47.93168165813952
120.0,500.0,12.730123982247626,51.94818559507895,43.20819699126219,7.507231169927746,35.82627493799728,53.58846969708266,11.735130422584266,27.941518173983763,80.0,0.0,100.0,40.0,100.0,0.0,100.0,20.0,102.98771365920592,16.604094235348782,66.47216994835034,47.93168165813952,76.27241059253842,17.44129897795584,86.22787804297877,35.790193440376186
120.0,500.0,12.730123982247626,51.94818559507895,43.20819699126219,7.507231169927746,11.735130422584266,27.941518173983763,35.82627493799728,53.58846969708266,80.0,0.0,100.0,40.0,100.0,20.0,100.0,0.0,102.98771365920592,16.604094235348782,66.47216994835034,47.93168165813952,86.22787804297877,35.790193440376186,76.27241059253842,17.44129897795584
120.0,500.0,12.730123982247626,51.94818559507895,11.735130422584266,27.941518173983763,35.82627493799728,53.58846969708266,43.20819699126219,7.507231169927746,80.0,0.0,100.0,20.0,100.0,0.0,100.0,40.0,102.98771365920592,16.604094235348782,86.22787804297877,35.790193440376186,76.27241059253842,17.44129897795584,66.47216994835034,47.93168165813952
120.0,500.0,12.730123982247626,51.94818559507895,11.735130422584266,27.941518173983763,43.20819699126219,7.507231169927746,35.82627493799728,53.58846969708266,80.0,0.0,100.0,20.0,100.0,40.0,100.0,0.0,102.98771365920592,16.604094235348782,86.22787804297877,35.790193440376186,66.47216994835034,47.93168165813952,76.27241059253842,17.44129897795584
120.0,500.0,54.54792674276843,52.36671813014358,26.083593019704068,55.73514920181355,53.37758006349498,9.829793063811872,7.387638858235346,41.06335839119891,60.00000000000001,0.0,120.00000000000001,0.0,60.00000000000001,40.0,100.0,20.0,69.3199824755342,12.69707736588753,90.1370840235608,6.789897539162375,77.1679311337883,37.256912154807374,104.6366447702107,21.51096483119882
120.0,500.0,54.54792674276843,52.36671813014358,7.387638858235346,41.06335839119891,26.083593019704068,55.73514920181355,53.37758006349498,9.829793063811872,60.00000000000001,0.0,100.0,20.0,120.00000000000001,0.0,60.00000000000001,40.0,69.3199824755342,12.69707736588753,104.6366447702107,21.51096483119882,90.1370840235608,6.789897539162375,77.1679311337883,37.256912154807374
120.0,500.0,54.54792674276843,52.36671813014358,7.387638858235346,41.06335839119891,53.37758006349498,9.829793063811872,26.083593019704068,55.73514920181355,60.00000000000001,0.0,100.0,20.0,60.00000000000001,40.0,120.00000000000001,0.0,69.3199824755342,12.69707736588753,104.6366447702107,21.51096483119882,77.1679311337883,37.256912154807374,90.1370840235608,6.789897539162375
120.0,500.0,54.54792674276843,52.36671813014358,53.37758006349498,9.829793063811872,26.083593019704068,55.73514920181355,7.387638858235346,41.06335839119891,60.00000000000001,0.0,60.00000000000001,40.0,120.00000000000001,0.0,100.0,20.0,69.3199824755342,12.69707736588753,77.1679311337883,37.256912154807374,90.1370840235608,6.789897539162375,104.6366447702107,21.51096483119882
120.0,500.0,54.54792674276843,52.36671813014358,53.37758006349498,9.829793063811872,7.387638858235346,41.06335839119891,26.083593019704068,55.73514920181355,60.00000000000001,0.0,60.00000000000001,40.0,100.0,20.0,120.00000000000001,0.0,69.3199824755342,12.69707736588753,77.1679311337883,37.256912154807374,104.6366447702107,21.51096483119882,90.1370840235608,6.789897539162375
120.0,500.0,26.083593019704068,55.73514920181355,54.54792674276843,52.36671813014358,7.387638858235346,41.06335839119891,53.37758006349498,9.829793063811872,120.00000000000001,0.0,60.00000000000001,0.0,100.0,20.0,60.00000000000001,40.0,90.1370840235608,6.789897539162375,69.3199824755342,12.69707736588753,104.6366447702107,21.51096483119882,77.1679311337883,37.256912154807374
120.0,500.0,26.083593019704068,55.73514920181355,54.54792674276843,52.36671813014358,53.37758006349498,9.829793063811872,7.387638858235346,41.06335839119891,120.00000000000001,0.0,60.00000000000001,0.0,60.00000000000001,40.0,100.0,20.0,90.1370840235608,6.789897539162375,69.3199824755342,12.69707736588753,77.1679311337883,37.256912154807374,104.6366447702107,21.51096483119882
120.0,500.0,26.083593019704068,55.73514920181355,7.387638858235346,41.06335839119891,54.54792674276843,52.36671813014358,53.37758006349498,9.829793063811872,120.00000000000001,0.0,100.0,20.0,60.00000000000001,0.0,60.00000000000001,40.0,90.1370840235608,6.789897539162375,104.6366447702107,21.51096483119882,69.3199824755342,12.69707736588753,77.1679311337883,37.256912154807374
120.0,500.0,26.083593019704068,55.73514920181355,7.387638858235346,41.06335839119891,53.37758006349498,9.829793063811872,54.54792674276843,52.36671813014358,120.00000000000001,0.0,100.0,20.0,60.00000000000001,40.0,60.00000000000001,0.0,90.1370840235608,6.789897539162375,104.6366447702107,21.51096483119882,77.1679311337883,37.256912154807374,69.3199824755342,12.69707736588753
120.0,500.0,26.083593019704068,55.73514920181355,53.37758006349498,9.829793063811872,54.54792674276843,52.36671813014358,7.387638858235346,41.06335839119891,120.00000000000001,0.0,60.00000000000001,40.0,60.00000000000001,0.0,100.0,20.0,90.1370840235608,6.789897539162375,77.1679311337883,37.256912154807374,69.3199824755342,12.69707736588753,104.6366447702107,21.51096483119882
120.0,500.0,26.083593019704068,55.73514920181355,53.37758006349498,9.829793063811872,7.387638858235346,41.06335839119891,54.54792674276843,52.36671813014358,120.00000000000001,0.0,60.00000000000001,40.0,100.0,20.0,60.00000000000001,0.0,90.1370840235608,6.789897539162375,77.1679311337883,37.256912154807374,104.6366447702107,21.51096483119882,69.3199824755342,12.69707736588753
120.0,500.0,7.387638858235346,41.06335839119891,54.54792674276843,52.36671813014358,26.083593019704068,55.73514920181355,53.37758006349498,9.829793063811872,100.0,20.0,60.00000000000001,0.0,120.00000000000001,0.0,60.00000000000001,40.0,104.6366447702107,21.51096483119882,69.3199824755342,12.69707736588753,90.1370840235608,6.789897539162375,77.1679311337883,37.256912154807374
120.0,500.0,7.387638858235346,41.06335839119891,54.54792674276843,52.36671813014358,53.37758006349498,9.829793063811872,26.083593019704068,55.73514920181355,100.0,20.0,60.00000000000001,0.0,60.00000000000001,40.0,120.00000000000001,0.0,104.6366447702107,21.51096483119882,69.3199824755342,12.69707736588753,77.1679311337883,37.256912154807374,90.1370840235608,6.789897539162375
120.0,500.0,7.387638858235346,41.06335839119891,26.083593019704068,55.73514920181355,54.54792674276843,52.36671813014358,53.37758006349498,9.829793063811872,100.0,20.0,120.00000000000001,0.0,60.00000000000001,0.0,60.00000000000001,40.0,104.6366447702107,21.51096483119882,90.1370840235608,6.789897539162375,69.3199824755342,12.69707736588753,77.1679311337883,37.256912154807374
120.0,500.0,7.387638858235346,41.06335839119891,26.083593019704068,55.73514920181355,53.37758006349498,9.829793063811872,54.54792674276843,52.36671813014358,100.0,20.0,120.00000000000001,0.0,60.00000000000001,40.0,60.00000000000001,0.0,104.6366447702107,21.51096483119882,90.1370840235608,6.789897539162375,77.1679311337883,37.256912154807374,69.3199824755342,12.69707736588753
120.0,500.0,7.387638858235346,41.06335839119891,53.37758006349498,9.829793063811872,54.54792674276843,52.36671813014358,26.083593019704068,55.73514920181355,100.0,20.0,60.00000000000001,40.0,60.00000000000001,0.0,120.00000000000001,0.0,104.6366447702107,21.51096483119882,77.1679311337883,37.256912154807374,69.3199824755342,12.69707736588753,90.1370840235608,6.789897539162375
120.0,500.0,7.387638858235346,41.06335839119891,53.37758006349498,9.829793063811872,26.083593019704068,55.73514920181355,54.54792674276843,52.36671813014358,100.0,20.0,60.00000000000001,40.0,120.00000000000001,0.0,60.00000000000001,0.0,104.6366447702107,21.51096483119882,77.1679311337883,37.256912154807374,90.1370840235608,6.789897539162375,69.3199824755342,12.69707736588753
120.0,500.0,53.37758006349498,9.829793063811872,54.54792674276843,52.36671813014358,26.083593019704068,55.73514920181355,7.387638858235346,41.06335839119891,60.00000000000001,40.0,60.00000000000001,0.0,120.00000000000001,0.0,100.0,20.0,77.1679311337883,37.256912154807374,69.3199824755342,12.69707736588753,90.1370840235608,6.789897539162375,104.6366447702107,21.51096483119882
120.0,500.0,53.37758006349498,9.829793063811872,54.54792674276843,52.36671813014358,7.387638858235346,41.06335839119891,26.083593019704068,55.73514920181355,60.00000000000001,40.0,60.00000000000001,0.0,100.0,20.0,120.00000000000001,0.0,77.1679311337883,37.256912154807374,69.3199824755342,12.69707736588753,104.6366447702107,21.51096483119882,90.1370840235608,6.789897539162375
120.0,500.0,53.37758006349498,9.829793063811872,26.083593019704068,55.73514920181355,54.54792674276843,52.36671813014358,7.387638858235346,41.06335839119891,60.00000000000001,40.0,120.00000000000001,0.0,60.00000000000001,0.0,100.0,20.0,77.1679311337883,37.256912154807374,90.1370840235608,6.789897539162375,69.3199824755342,12.69707736588753,104.6366447702107,21.51096483119882
120.0,500.0,53.37758006349498,9.829793063811872,26.083593019704068,55.73514920181355,7.387638858235346,41.06335839119891,54.54792674276843,52.36671813014358,60.00000000000001,40.0,120.00000000000001,0.0,100.0,20.0,60.00000000000001,0.0,77.1679311337883,37.256912154807374,90.1370840235608,6.789897539162375,104.6366447702107,21.51096483119882,69.3199824755342,12.69707736588753
120.0,500.0,53.37758006349498,9.829793063811872,7.387638858235346,41.06335839119891,54.54792674276843,52.36671813014358,26.083593019704068,55.73514920181355,60.00000000000001,40.0,100.0,20.0,60.00000000000001,0.0,120.00000000000001,0.0,77.1679311337883,37.256912154807374,104.6366447702107,21.51096483119882,69.3199824755342,12.69707736588753,90.1370840235608,6.789897539162375
120.0,500.0,53.37758006349498,9.829793063811872,7.387638858235346,41.06335839119891,26.083593019704068,55.73514920181355,54.54792674276843,52.36671813014358,60.00000000000001,40.0,100.0,20.0,120.00000000000001,0.0,60.00000000000001,0.0,77.1679311337883,37.256912154807374,104.6366447702107,21.51096483119882,90.1370840235608,6.789897539162375,69.3199824755342,12.69707736588753
120.0,500.0,56.55109035401546,42.16580384118928,1.3107137636651212,1.4520721328146746,25.28609564503224,25.513188285786125,28.47421354476287,46.709608125055446,60.0,20.0,80.0,60.0,120.0,40.0,120.0,20.0,100.06410886337842,12.335516231396582,90.2648130644248,49.492392776823664,117.5818287945246,24.194968066160392,73.02040898985764,18.629030958961643
120.0,500.0,56.55109035401546,42.16580384118928,28.47421354476287,46.709608125055446,1.3107137636651212,1.4520721328146746,25.28609564503224,25.513188285786125,60.0,20.0,120.0,20.0,80.0,60.0,120.0,40.0,100.06410886337842,12.335516231396582,73.02040898985764,18.629030958961643,90.2648130644248,49.492392776823664,117.5818287945246,24.194968066160392
120.0,500.0,56.55109035401546,42.16580384118928,28.47421354476287,46.709608125055446,25.28609564503224,25.513188285786125,1.3107137636651212,1.4520721328146746,60.0,20.0,120.0,20.0,120.0,40.0,80.0,60.0,100.06410886337842,12.335516231396582,73.02040898985764,18.629030958961643,117.5818287945246,24.194968066160392,90.2648130644248,49.492392776823664
120.0,500.0,56.55109035401546,42.16580384118928,25.28609564503224,25.513188285786125,1.3107137636651212,1.4520721328146746,28.47421354476287,46.709608125055446,60.0,20.0,120.0,40.0,80.0,60.0,120.0,20.0,100.06410886337842,12.335516231396582,117.5818287945246,24.194968066160392,90.2648130644248,49.492392776823664,73.02040898985764,18.629030958961643
120.0,500.0,56.55109035401546,42.16580384118928,25.28609564503224,25.513188285786125,28.47421354476287,46.709608125055446,1.3107137636651212,1.4520721328146746,60.0,20.0,120.0,40.0,120.0,20.0,80.0,60.0,100.06410886337842,12.335516231396582,117.5818287945246,24.194968066160392,73.02040898985764,18.629030958961643,90.2648130644248,49.492392776823664
120.0,500.0,1.3107137636651212,1.4520721328146746,56.55109035401546,42.16580384118928,28.47421354476287,46.709608125055446,25.28609564503224,25.513188285786125,80.0,60.0,60.0,20.0,120.0,20.0,120.0,40.0,90.2648130644248,49.492392776823664,100.06410886337842,12.335516231396582,73.02040898985764,18.629030958961643,117.5818287945246,24.194968066160392
120.0,500.0,1.3107137636651212,1.4520721328146746,56.55109035401546,42.16580384118928,25.28609564503224,25.513188285786125,28.47421354476287,46.709608125055446,80.0,60.0,60.0,20.0,120.0,40.0,120.0,20.0,90.2648130644248,49.492392776823664,100.06410886337842,12.335516231396582,117.5818287945246,24.194968066160392,73.02040898985764,18.629030958961643
120.0,500.0,1.3107137636651212,1.4520721328146746,28.47421354476287,46.709608125055446,56.55109035401546,42.16580384118928,25.28609564503224,25.513188285786125,80.0,60.0,120.0,20.0,60.0,20.0,120.0,40.0,90.2648130644248,49.492392776823664,73.02040898985764,18.629030958961643,100.06410886337842,12.335516231396582,117.5818287945246,24.194968066160392
120.0,500.0,1.3107137636651212,1.4520721328146746,28.47421354476287,46.709608125055446,25.28609564503224,25.513188285786125,56.55109035401546,42.16580384118928,80.0,60.0,120.0,20.0,120.0,40.0,60.0,20.0,90.2648130644248,49.492392776823664,73.02040898985764,18.629030958961643,117.5818287945246,24.194968066160392,100.06410886337842,12.335516231396582
120.0,500.0,1.3107137636651212,1.4520721328146746,25.28609564503224,25.513188285786125,56.55109035401546,42.16580384118928,28.47421354476287,46.709608125055446,80.0,60.0,120.0,40.0,60.0,20.0,120.0,20.0,90.2648130644248,49.492392776823664,117.5818287945246,24.194968066160392,100.06410886337842,12.335516231396582,73.02040898985764,18.629030958961643
120.0,500.0,1.3107137636651212,1.4520721328146746,25.28609564503224,25.513188285786125,28.47421354476287,46.709608125055446,56.55109035401546,42.16580384118928,80.0,60.0,120.0,40.0,120.0,20.0,60.0,20.0,90.2648130644248,49.492392776823664,117.5818287945246,24.194968066160392,73.02040898985764,18.629030958961643,100.06410886337842,12.335516231396582
120.0,500.0,28.47421354476287,46.709608125055446,56.55109035401546,42.16580384118928,1.3107137636651212,1.4520721328146746,25.28609564503224,25.513188285786125,120.0,20.0,60.0,20.0,80.0,60.0,120.0,40.0,73.02040898985764,18.629030958961643,100.06410886337842,12.335516231396582,90.2648130644248,49.492392776823664,117.5818287945246,24.194968066160392
120.0,500.0,28.47421354476287,46.709608125055446,56.55109035401546,42.16580384118928,25.28609564503224,25.513188285786125,1.3107137636651212,1.4520721328146746,120.0,20.0,60.0,20.0,120.0,40.0,80.0,60.0,73.02040898985764,18.629030958961643,100.06410886337842,12.335516231396582,117.5818287945246,24.194968066160392,90.2648130644248,49.492392776823664
120.0,500.0,28.47421354476287,46.709608125055446,1.3107137636651212,1.4520721328146746,56.55109035401546,42.16580384118928,25.28609564503224,25.513188285786125,120.0,20.0,80.0,60.0,60.0,20.0,120.0,40.0,73.02040898985764,18.629030958961643,90.2648130644248,49.492392776823664,100.06410886337842,12.335516231396582,117.5818287945246,24.194968066160392
120.0,500.0,28.47421354476287,46.709608125055446,1.3107137636651212,1.4520721328146746,25.28609564503224,25.513188285786125,56.55109035401546,42.16580384118928,120.0,20.0,80.0,60.0,120.0,40.0,60.0,20.0,73.02040898985764,18.629030958961643,90.2648130644248,49.492392776823664,117.5818287945246,24.194968066160392,100.06410886337842,12.335516231396582
120.0,500.0,28.47421354476287,46.709608125055446,25.28609564503224,25.513188285786125,56.55109035401546,42.16580384118928,1.3107137636651212,1.4520721328146746,120.0,20.0,120.0,40.0,60.0,20.0,80.0,60.0,73.02040898985764,18.629030958961643,117.5818287945246,24.194968066160392,100.06410886337842,12.335516231396582,90.2648130644248,49.492392776823664
120.0,500.0,28.47421354476287,46.709608125055446,25.28609564503224,25.513188285786125,1.3107137636651212,1.4520721328146746,56.55109035401546,42.16580384118928,120.0,20.0,120.0,40.0,80.0,60.0,60.0,20.0,73.02040898985764,18.629030958961643,117.5818287945246,24.194968066160392,90.2648130644248,49.492392776823664,100.06410886337842,12.335516231396582
120.0,500.0,25.28609564503224,25.513188285786125,56.55109035401546,42.16580384118928,1.3107137636651212,1.4520721328146746,28.47421354476287,46.709608125055446,120.0,40.0,60.0,20.0,80.0,60.0,120.0,20.0,117.5818287945246,24.194968066160392,100.06410886337842,12.335516231396582,90.2648130644248,49.492392776823664,73.02040898985764,18.629030958961643
120.0,500.0,25.28609564503224,25.513188285786125,56.55109035401546,42.16580384118928,28.47421354476287,46.709608125055446,1.3107137636651212,1.4520721328146746,120.0,40.0,60.0,20.0,120.0,20.0,80.0,60.0,117.5818287945246,24.194968066160392,100.06410886337842,12.335516231396582,73.02040898985764,18.629030958961643,90.2648130644248,49.492392776823664
120.0,500.0,25.28609564503224,25.513188285786125,1.3107137636651212,1.4520721328146746,56.55109035401546,42.16580384118928,28.47421354476287,46.709608125055446,120.0,40.0,80.0,60.0,60.0,20.0,120.0,20.0,117.5818287945246,24.194968066160392,90.2648130644248,49.492392776823664,100.06410886337842,12.335516231396582,73.02040898985764,18.629030958961643
120.0,500.0,25.28609564503224,25.513188285786125,1.3107137636651212,1.4520721328146746,28.47421354476287,46.709608125055446,56.55109035401546,42.16580384118928,120.0,40.0,80.0,60.0,120.0,20.0,60.0,20.0,117.5818287945246,24.194968066160392,90.2648130644248,49.492392776823664,73.02040898985764,18.629030958961643,100.06410886337842,12.335516231396582
120.0,500.0,25.28609564503224,25.513188285786125,28.47421354476287,46.709608125055446,56.55109035401546,42.16580384118928,1.3107137636651212,1.4520721328146746,120.0,40.0,120.0,20.0,60.0,20.0,80.0,60.0,117.5818287945246,24.194968066160392,73.02040898985764,18.629030958961643,100.06410886337842,12.335516231396582,90.2648130644248,49.492392776823664
120.0,500.0,25.28609564503224,25.513188285786125,28.47421354476287,46.709608125055446,1.3107137636651212,1.4520721328146746,56.55109035401546,42.16580384118928,120.0,40.0,120.0,20.0,80.0,60.0,60.0,20.0,117.5818287945246,24.194968066160392,73.02040898985764,18.629030958961643,90.2648130644248,49.492392776823664,100.06410886337842,12.335516231396582
120.0,500.0,26.29761949961138,10.622057669513667,8.159263100887744,35.044372623225776,51.436652017042434,17.332232140959412,56.50747002159251,44.56407627355854,120.0,0.0,100.0,0.0,80.0,0.0,60.0,0.0,112.45208845061576,45.03233126868648,118.78963844184136,16.823881880926756,76.52199083264873,34.83270839462176,62.11564497165423,3.1519495776495816
120.0,500.0,26.29761949961138,10.622057669513667,56.50747002159251,44.56407627355854,8.159263100887744,35.044372623225776,51.436652017042434,17.332232140959412,120.0,0.0,60.0,0.0,100.0,0.0,80.0,0.0,112.45208845061576,45.03233126868648,62.11564497165423,3.1519495776495816,118.78963844184136,16.823881880926756,76.52199083264873,34.83270839462176
120.0,500.0,26.29761949961138,10.622057669513667,56.50747002159251,44.56407627355854,51.436652017042434,17.332232140959412,8.159263100887744,35.044372623225776,120.0,0.0,60.0,0.0,80.0,0.0,100.0,0.0,112.45208845061576,45.03233126868648,62.11564497165423,3.1519495776495816,76.52199083264873,34.83270839462176,118.78963844184136,16.823881880926756
120.0,500.0,26.29761949961138,10.622057669513667,51.436652017042434,17.332232140959412,8.159263100887744,35.044372623225776,56.50747002159251,44.56407627355854,120.0,0.0,80.0,0.0,100.0,0.0,60.0,0.0,112.45208845061576,45.03233126868648,76.52199083264873,34.83270839462176,118.78963844184136,16.823881880926756,62.11564497165423,3.1519495776495816
120.0,500.0,26.29761949961138,10.622057669513667,51.436652017042434,17.332232140959412,56.50747002159251,44.56407627355854,8.159263100887744,35.044372623225776,120.0,0.0,80.0,0.0,60.0,0.0,100.0,0.0,112.45208845061576,45.03233126868648,76.52199083264873,34.83270839462176,62.11564497165423,3.1519495776495816,118.78963844184136,16.823881880926756
120.0,500.0,8.159263100887744,35.044372623225776,26.29761949961138,10.622057669513667,56.50747002159251,44.56407627355854,51.436652017042434,17.332232140959412,100.0,0.0,120.0,0.0,60.0,0.0,80.0,0.0,118.78963844184136,16.823881880926756,112.45208845061576,45.03233126868648,62.11564497165423,3.1519495776495816,76.52199083264873,34.83270839462176
120.0,500.0,8.159263100887744,35.044372623225776,26.29761949961138,10.622057669513667,51.436652017042434,17.332232140959412,56.50747002159251,44.56407627355854,100.0,0.0,120.0,0.0,80.0,0.0,60.0,0.0,118.78963844184136,16.823881880926756,112.45208845061576,45.03233126868648,76.52199083264873,34.83270839462176,62.11564497165423,3.1519495776495816
120.0,500.0,8.159263100887744,35.044372623225776,56.50747002159251,44.56407627355854,26.29761949961138,10.622057669513667,51.436652017042434,17.332232140959412,100.0,0.0,60.0,0.0,120.0,0.0,80.0,0.0,118.78963844184136,16.823881880926756,62.11564497165423,3.1519495776495816,112.45208845061576,45.03233126868648,76.52199083264873,34.83270839462176
120.0,500.0,8.159263100887744,35.044372623225776,56.50747002159251,44.56407627355854,51.436652017042434,17.332232140959412,26.29761949961138,10.622057669513667,100.0,0.0,60.0,0.0,80.0,0.0,120.0,0.0,118.78963844184136,16.823881880926756,62.11564497165423,3.1519495776495816,76.52199083264873,34.83270839462176,112.45208845061576,45.03233126868648
120.0,500.0,8.159263100887744,35.044372623225776,51.436652017042434,17.332232140959412,26.29761949961138,10.622057669513667,56.50747002159251,44.56407627355854,100.0,0.0,80.0,0.0,120.0,0.0,60.0,0.0,118.78963844184136,16.823881880926756,76.52199083264873,34.83270839462176,112.45208845061576,45.03233126868648,62.11564497165423,3.1519495776495816
120.0,500.0,8.159263100887744,35.044372623225776,51.436652017042434,17.332232140959412,56.50747002159251,44.56407627355854,26.29761949961138,10.622057669513667,100.0,0.0,80.0,0.0,60.0,0.0,120.0,0.0,118.78963844184136,16.823881880926756,76.52199083264873,34.83270839462176,62.11564497165423,3.1519495776495816,112.45208845061576,45.03233126868648
120.0,500.0,56.50747002159251,44.56407627355854,26.29761949961138,10.622057669513667,8.159263100887744,35.044372623225776,51.436652017042434,17.332232140959412,60.0,0.0,120.0,0.0,100.0,0.0,80.0,0.0,62.11564497165423,3.1519495776495816,112.45208845061576,45.03233126868648,118.78963844184136,16.823881880926756,76.52199083264873,34.83270839462176
120.0,500.0,56.50747002159251,44.56407627355854,26.29761949961138,10.622057669513667,51.436652017042434,17.332232140959412,8.159263100887744,35.044372623225776,60.0,0.0,120.0,0.0,80.0,0.0,100.0,0.0,62.11564497165423,3.1519495776495816,112.45208845061576,45.03233126868648,76.52199083264873,34.83270839462176,118.78963844184136,16.823881880926756
120.0,500.0,56.50747002159251,44.56407627355854,8.159263100887744,35.044372623225776,26.29761949961138,10.622057669513667,51.436652017042434,17.332232140959412,60.0,0.0,100.0,0.0,120.0,0.0,80.0,0.0,62.11564497165423,3.1519495776495816,118.78963844184136,16.823881880926756,112.45208845061576,45.03233126868648,76.52199083264873,34.83270839462176
120.0,500.0,56.50747002159251,44.56407627355854,8.159263100887744,35.044372623225776,51.436652017042434,17.332232140959412,26.29761949961138,10.622057669513667,60.0,0.0,100.0,0.0,80.0,0.0,120.0,0.0,62.11564497165423,3.1519495776495816,118.78963844184136,16.823881880926756,76.52199083264873,34.83270839462176,112.45208845061576,45.03233126868648
120.0,500.0,56.50747002159251,44.56407627355854,51.436652017042434,17.332232140959412,26.29761949961138,10.622057669513667,8.159263100887744,35.044372623225776,60.0,0.0,80.0,0.0,120.0,0.0,100.0,0.0,62.11564497165423,3.1519495776495816,76.52199083264873,34.83270839462176,112.45208845061576,45.03233126868648,118.78963844184136,16.823881880926756
120.0,500.0,56.50747002159251,44.56407627355854,51.436652017042434,17.332232140959412,8.159263100887744,35.044372623225776,26.29761949961138,10.622057669513667,60.0,0.0,80.0,0.0,100.0,0.0,120.0,0.0,62.11564497165423,3.1519495776495816,76.52199083264873,34.83270839462176,118.78963844184136,16.823881880926756,112.45208845061576,45.03233126868648
120.0,500.0,51.436652017042434,17.332232140959412,26.29761949961138,10.622057669513667,8.159263100887744,35.044372623225776,56.50747002159251,44.56407627355854,80.0,0.0,120.0,0.0,100.0,0.0,60.0,0.0,76.52199083264873,34.83270839462176,112.45208845061576,45.03233126868648,118.78963844184136,16.823881880926756,62.11564497165423,3.1519495776495816
120.0,500.0,51.436652017042434,17.332232140959412,26.29761949961138,10.622057669513667,56.50747002159251,44.56407627355854,8.159263100887744,35.044372623225776,80.0,0.0,120.0,0.0,60.0,0.0,100.0,0.0,76.52199083264873,34.83270839462176,112.45208845061576,45.03233126868648,62.11564497165423,3.1519495776495816,118.78963844184136,16.823881880926756
120.0,500.0,51.436652017042434,17.332232140959412,8.159263100887744,35.044372623225776,26.29761949961138,10.622057669513667,56.50747002159251,44.56407627355854,80.0,0.0,100.0,0.0,120.0,0.0,60.0,0.0,76.52199083264873,34.83270839462176,118.78963844184136,16.823881880926756,112.45208845061576,45.03233126868648,62.11564497165423,3.1519495776495816
120.0,500.0,51.436652017042434,17.332232140959412,8.159263100887744,35.044372623225776,56.50747002159251,44.56407627355854,26.29761949961138,10.622057669513667,80.0,0.0,100.0,0.0,60.0,0.0,120.0,0.0,76.52199083264873,34.83270839462176,118.78963844184136,16.823881880926756,62.11564497165423,3.1519495776495816,112.45208845061576,45.03233126868648
120.0,500.0,51.436652017042434,17.332232140959412,56.50747002159251,44.56407627355854,26.29761949961138,10.622057669513667,8.159263100887744,35.044372623225776,80.0,0.0,60.0,0.0,120.0,0.0,100.0,0.0,76.52199083264873,34.83270839462176,62.11564497165423,3.1519495776495816,112.45208845061576,45.03233126868648,118.78963844184136,16.823881880926756
120.0,500.0,51.436652017042434,17.332232140959412,56.50747002159251,44.56407627355854,8.159263100887744,35.044372623225776,26.29761949961138,10.622057669513667,80.0,0.0,60.0,0.0,100.0,0.0,120.0,0.0,76.52199083264873,34.83270839462176,62.11564497165423,3.1519495776495816,118.78963844184136,16.823881880926756,112.45208845061576,45.03233126868648
120.0,500.0,25.588670881418164,38.09203944321389,3.4764116466160577,46.7646209904263,19.04502096122945,3.7262675310507687,51.89543429029944,57.23531273787504,60.0,0.0,120.0,20.0,60.0,60.0,120.0,0.0,90.27811077829672,31.29946016918096,111.42251737450802,23.970880083555905,103.30954035467282,53.51944096112013,70.48456561195813,17.943135442588463
120.0,500.0,25.588670881418164,38.09203944321389,51.89543429029944,57.23531273787504,3.4764116466160577,46.7646209904263,19.04502096122945,3.7262675310507687,60.0,0.0,120.0,0.0,120.0,20.0,60.0,60.0,90.27811077829672,31.29946016918096,70.48456561195813,17.943135442588463,111.42251737450802,23.970880083555905,103.30954035467282,53.51944096112013
120.0,500.0,25.588670881418164,38.09203944321389,51.89543429029944,57.23531273787504,19.04502096122945,3.7262675310507687,3.4764116466160577,46.7646209904263,60.0,0.0,120.0,0.0,60.0,60.0,120.0,20.0,90.27811077829672,31.29946016918096,70.48456561195813,17.943135442588463,103.30954035467282,53.51944096112013,111.42251737450802,23.970880083555905
120.0,500.0,25.588670881418164,38.09203944321389,19.04502096122945,3.7262675310507687,3.4764116466160577,46.7646209904263,51.89543429029944,57.23531273787504,60.0,0.0,60.0,60.0,120.0,20.0,120.0,0.0,90.27811077829672,31.29946016918096,103.30954035467282,53.51944096112013,111.42251737450802,23.970880083555905,70.48456561195813,17.943135442588463
120.0,500.0,25.588670881418164,38.09203944321389,19.04502096122945,3.7262675310507687,51.89543429029944,57.23531273787504,3.4764116466160577,46.7646209904263,60.0,0.0,60.0,60.0,120.0,0.0,120.0,20.0,90.27811077829672,31.29946016918096,103.30954035467282,53.51944096112013,70.48456561195813,17.943135442588463,111.42251737450802,23.970880083555905
120.0,500.0,3.4764116466160577,46.7646209904263,25.588670881418164,38.09203944321389,51.89543429029944,57.23531273787504,19.04502096122945,3.7262675310507687,120.0,20.0,60.0,0.0,120.0,0.0,60.0,60.0,111.42251737450802,23.970880083555905,90.27811077829672,31.29946016918096,70.48456561195813,17.943135442588463,103.30954035467282,53.51944096112013
120.0,500.0,3.4764116466160577,46.7646209904263,25.588670881418164,38.09203944321389,19.04502096122945,3.7262675310507687,51.89543429029944,57.23531273787504,120.0,20.0,60.0,0.0,60.0,60.0,120.0,0.0,111.42251737450802,23.970880083555905,90.27811077829672,31.29946016918096,103.30954035467282,53.51944096112013,70.48456561195813,17.943135442588463
120.0,500.0,3.4764116466160577,46.7646209904263,51.89543429029944,57.23531273787504,25.588670881418164,38.09203944321389,19.04502096122945,3.7262675310507687,120.0,20.0,120.0,0.0,60.0,0.0,60.0,60.0,111.42251737450802,23.970880083555905,70.48456561195813,17.943135442588463,90.27811077829672,31.29946016918096,103.30954035467282,53.51944096112013
120.0,500.0,3.4764116466160577,46.7646209904263,51.89543429029944,57.23531273787504,19.04502096122945,3.7262675310507687,25.588670881418164,38.09203944321389,120.0,20.0,120.0,0.0,60.0,60.0,60.0,0.0,111.42251737450802,23.970880083555905,70.48456561195813,17.943135442588463,103.30954035467282,53.51944096112013,90.27811077829672,31.29946016918096
120.0,500.0,3.4764116466160577,46.7646209904263,19.04502096122945,3.7262675310507687,25.588670881418164,38.09203944321389,51.89543429029944,57.23531273787504,120.0,20.0,60.0,60.0,60.0,0.0,120.0,0.0,111.42251737450802,23.970880083555905,103.30954035467282,53.51944096112013,90.27811077829672,31.29946016918096,70.48456561195813,17.943135442588463
120.0,500.0,3.4764116466160577,46.7646209904263,19.04502096122945,3.7262675310507687,51.89543429029944,57.23531273787504,25.588670881418164,38.09203944321389,120.0,20.0,60.0,60.0,120.0,0.0,60.0,0.0,111.42251737450802,23.970880083555905,103.30954035467282,53.51944096112013,70.48456561195813,17.943135442588463,90.27811077829672,31.29946016918096
120.0,500.0,51.89543429029944,57.23531273787504,25.588670881418164,38.09203944321389,3.4764116466160577,46.7646209904263,19.04502096122945,3.7262675310507687,120.0,0.0,60.0,0.0,120.0,20.0,60.0,60.0,70.48456561195813,17.943135442588463,90.27811077829672,31.29946016918096,111.42251737450802,23.970880083555905,103.30954035467282,53.51944096112013
120.0,500.0,51.89543429029944,57.23531273787504,25.588670881418164,38.09203944321389,19.04502096122945,3.7262675310507687,3.4764116466160577,46.7646209904263,120.0,0.0,60.0,0.0,60.0,60.0,120.0,20.0,70.48456561195813,17.943135442588463,90.27811077829672,31.29946016918096,103.30954035467282,53.51944096112013,111.42251737450802,23.970880083555905
120.0,500.0,51.89543429029944,57.23531273787504,3.4764116466160577,46.7646209904263,25.588670881418164,38.09203944321389,19.04502096122945,3.7262675310507687,120.0,0.0,120.0,20.0,60.0,0.0,60.0,60.0,70.48456561195813,17.943135442588463,111.42251737450802,23.970880083555905,90.27811077829672,31.29946016918096,103.30954035467282,53.51944096112013
120.0,500.0,51.89543429029944,57.23531273787504,3.4764116466160577,46.7646209904263,19.04502096122945,3.7262675310507687,25.588670881418164,38.09203944321389,120.0,0.0,120.0,20.0,60.0,60.0,60.0,0.0,70.48456561195813,17.943135442588463,111.42251737450802,23.970880083555905,103.30954035467282,53.51944096112013,90.27811077829672,31.29946016918096
120.0,500.0,51.89543429029944,57.23531273787504,19.04502096122945,3.7262675310507687,25.588670881418164,38.09203944321389,3.4764116466160577,46.7646209904263,120.0,0.0,60.0,60.0,60.0,0.0,120.0,20.0,70.48456561195813,17.943135442588463,103.30954035467282,53.51944096112013,90.27811077829672,31.29946016918096,111.42251737450802,23.970880083555905
120.0,500.0,51.89543429029944,57.23531273787504,19.04502096122945,3.7262675310507687,3.4764116466160577,46.7646209904263,25.588670881418164,38.09203944321389,120.0,0.0,60.0,60.0,120.0,20.0,60.0,0.0,70.48456561195813,17.943135442588463,103.30954035467282,53.51944096112013,111.42251737450802,23.970880083555905,90.27811077829672,31.29946016918096
120.0,500.0,19.04502096122945,3.7262675310507687,25.588670881418164,38.09203944321389,3.4764116466160577,46.7646209904263,51.89543429029944,57.23531273787504,60.0,60.0,60.0,0.0,120.0,20.0,120.0,0.0,103.30954035467282,53.51944096112013,90.27811077829672,31.29946016918096,111.42251737450802,23.970880083555905,70.48456561195813,17.943135442588463
120.0,500.0,19.04502096122945,3.7262675310507687,25.588670881418164,38.09203944321389,51.89543429029944,57.23531273787504,3.4764116466160577,46.7646209904263,60.0,60.0,60.0,0.0,120.0,0.0,120.0,20.0,103.30954035467282,53.51944096112013,90.27811077829672,31.29946016918096,70.48456561195813,17.943135442588463,111.42251737450802,23.970880083555905
120.0,500.0,19.04502096122945,3.7262675310507687,3.4764116466160577,46.7646209904263,25.588670881418164,38.09203944321389,51.89543429029944,57.23531273787504,60.0,60.0,120.0,20.0,60.0,0.0,120.0,0.0,103.30954035467282,53.51944096112013,111.42251737450802,23.970880083555905,90.27811077829672,31.29946016918096,70.48456561195813,17.943135442588463
120.0,500.0,19.04502096122945,3.7262675310507687,3.4764116466160577,46.7646209904263,51.89543429029944,57.23531273787504,25.588670881418164,38.09203944321389,60.0,60.0,120.0,20.0,120.0,0.0,60.0,0.0,103.30954035467282,53.51944096112013,111.42251737450802,23.970880083555905,70.48456561195813,17.943135442588463,90.27811077829672,31.29946016918096
120.0,500.0,19.04502096122945,3.7262675310507687,51.89543429029944,57.23531273787504,25.588670881418164,38.09203944321389,3.4764116466160577,46.7646209904263,60.0,60.0,120.0,0.0,60.0,0.0,120.0,20.0,103.30954035467282,53.51944096112013,70.48456561195813,17.943135442588463,90.27811077829672,31.29946016918096,111.42251737450802,23.970880083555905
120.0,500.0,19.04502096122945,3.7262675310507687,51.89543429029944,57.23531273787504,3.4764116466160577,46.7646209904263,25.588670881418164,38.09203944321389,60.0,60.0,120.0,0.0,120.0,20.0,60.0,0.0,103.30954035467282,53.51944096112013,70.48456561195813,17.943135442588463,111.42251737450802,23.970880083555905,90.27811077829672,31.29946016918096
120.0,500.0,1.2944118027610885,40.88481364879613,50.35445727302164,6.084072657683919,26.24652777410228,16.961404311282003,37.37126712945376,39.609436053519474,120.0,0.0,60.0,60.0,100.0,40.0,60.0,0.0,112.93306361925438,8.608350533617902,62.83176914499672,54.73237370376599,92.46182710678232,42.56780367606179,73.75863316194436,8.434372617690485
120.0,500.0,1.2944118027610885,40.88481364879613,37.37126712945376,39.609436053519474,50.35445727302164,6.084072657683919,26.24652777410228,16.961404311282003,120.0,0.0,60.0,0.0,60.0,60.0,100.0,40.0,112.93306361925438,8.608350533617902,73.75863316194436,8.434372617690485,62.83176914499672,54.73237370376599,92.46182710678232,42.56780367606179
120.0,500.0,1.2944118027610885,40.88481364879613,37.37126712945376,39.609436053519474,26.24652777410228,16.961404311282003,50.35445727302164,6.084072657683919,120.0,0.0,60.0,0.0,100.0,40.0,60.0,60.0,112.93306361925438,8.608350533617902,73.75863316194436,8.434372617690485,92.46182710678232,42.56780367606179,62.83176914499672,54.73237370376599
120.0,500.0,1.2944118027610885,40.88481364879613,26.24652777410228,16.961404311282003,50.35445727302164,6.084072657683919,37.37126712945376,39.609436053519474,120.0,0.0,100.0,40.0,60.0,60.0,60.0,0.0,112.93306361925438,8.608350533617902,92.46182710678232,42.56780367606179,62.83176914499672,54.73237370376599,73.75863316194436,8.434372617690485
120.0,500.0,1.2944118027610885,40.88481364879613,26.24652777410228,16.961404311282003,37.37126712945376,39.609436053519474,50.35445727302164,6.084072657683919,120.0,0.0,100.0,40.0,60.0,0.0,60.0,60.0,112.93306361925438,8.608350533617902,92.46182710678232,42.56780367606179,73.75863316194436,8.434372617690485,62.83176914499672,54.73237370376599
120.0,500.0,50.35445727302164,6.084072657683919,1.2944118027610885,40.88481364879613,37.37126712945376,39.609436053519474,26.24652777410228,16.961404311282003,60.0,60.0,120.0,0.0,60.0,0.0,100.0,40.0,62.83176914499672,54.73237370376599,112.93306361925438,8.608350533617902,73.75863316194436,8.434372617690485,92.46182710678232,42.56780367606179
120.0,500.0,50.35445727302164,6.084072657683919,1.2944118027610885,40.88481364879613,26.24652777410228,16.961404311282003,37.37126712945376,39.609436053519474,60.0,60.0,120.0,0.0,100.0,40.0,60.0,0.0,62.83176914499672,54.73237370376599,112.93306361925438,8.608350533617902,92.46182710678232,42.56780367606179,73.75863316194436,8.434372617690485
120.0,500.0,50.35445727302164,6.084072657683919,37.37126712945376,39.609436053519474,1.2944118027610885,40.88481364879613,26.24652777410228,16.961404311282003,60.0,60.0,60.0,0.0,120.0,0.0,100.0,40.0,62.83176914499672,54.73237370376599,73.75863316194436,8.434372617690485,112.93306361925438,8.608350533617902,92.46182710678232,42.56780367606179
120.0,500.0,50.35445727302164,6.084072657683919,37.37126712945376,39.609436053519474,26.24652777410228,16.961404311282003,1.2944118027610885,40.88481364879613,60.0,60.0,60.0,0.0,100.0,40.0,120.0,0.0,62.83176914499672,54.73237370376599,73.75863316194436,8.434372617690485,92.46182710678232,42.56780367606179,112.93306361925438,8.608350533617902
120.0,500.0,50.35445727302164,6.084072657683919,26.24652777410228,16.961404311282003,1.2944118027610885,40.88481364879613,37.37126712945376,39.609436053519474,60.0,60.0,100.0,40.0,120.0,0.0,60.0,0.0,62.83176914499672,54.73237370376599,92.46182710678232,42.56780367606179,112.93306361925438,8.608350533617902,73.75863316194436,8.434372617690485
120.0,500.0,50.35445727302164,6.084072657683919,26.24652777410228,16.961404311282003,37.37126712945376,39.609436053519474,1.2944118027610885,40.88481364879613,60.0,60.0,100.0,40.0,60.0,0.0,120.0,0.0,62.83176914499672,54.73237370376599,92.46182710678232,42.56780367606179,73.75863316194436,8.434372617690485,112.93306361925438,8.608350533617902
120.0,500.0,37.37126712945376,39.609436053519474,1.2944118027610885,40.88481364879613,50.35445727302164,6.084072657683919,26.24652777410228,16.961404311282003,60.0,0.0,120.0,0.0,60.0,60.0,100.0,40.0,73.75863316194436,8.434372617690485,112.93306361925438,8.608350533617902,62.83176914499672,54.73237370376599,92.46182710678232,42.56780367606179
120.0,500.0,37.37126712945376,39.609436053519474,1.2944118027610885,40.88481364879613,26.24652777410228,16.961404311282003,50.35445727302164,6.084072657683919,60.0,0.0,120.0,0.0,100.0,40.0,60.0,60.0,73.75863316194436,8.434372617690485,112.93306361925438,8.608350533617902,92.46182710678232,42.56780367606179,62.83176914499672,54.73237370376599
120.0,500.0,37.37126712945376,39.609436053519474,50.35445727302164,6.084072657683919,1.2944118027610885,40.88481364879613,26.24652777410228,16.961404311282003,60.0,0.0,60.0,60.0,120.0,0.0,100.0,40.0,73.75863316194436,8.434372617690485,62.83176914499672,54.73237370376599,112.93306361925438,8.608350533617902,92.46182710678232,42.56780367606179
120.0,500.0,37.37126712945376,39.609436053519474,50.35445727302164,6.084072657683919,26.24652777410228,16.961404311282003,1.2944118027610885,40.88481364879613,60.0,0.0,60.0,60.0,100.0,40.0,120.0,0.0,73.75863316194436,8.434372617690485,62.83176914499672,54.73237370376599,92.46182710678232,42.56780367606179,112.93306361925438,8.608350533617902
120.0,500.0,37.37126712945376,39.609436053519474,26.24652777410228,16.961404311282003,1.2944118027610885,40.88481364879613,50.35445727302164,6.084072657683919,60.0,0.0,100.0,40.0,120.0,0.0,60.0,60.0,73.75863316194436,8.434372617690485,92.46182710678232,42.56780367606179,112.93306361925438,8.608350533617902,62.83176914499672,54.73237370376599
120.0,500.0,37.37126712945376,39.609436053519474,26.24652777410228,16.961404311282003,50.35445727302164,6.084072657683919,1.2944118027610885,40.88481364879613,60.0,0.0,100.0,40.0,60.0,60.0,120.0,0.0,73.75863316194436,8.434372617690485,92.46182710678232,42.56780367606179,62.83176914499672,54.73237370376599,112.93306361925438,8.608350533617902
120.0,500.0,26.24652777410228,16.961404311282003,1.2944118027610885,40.88481364879613,50.35445727302164,6.084072657683919,37.37126712945376,39.609436053519474,100.0,40.0,120.0,0.0,60.0,60.0,60.0,0.0,92.46182710678232,42.56780367606179,112.93306361925438,8.608350533617902,62.83176914499672,54.73237370376599,73.75863316194436,8.434372617690485
120.0,500.0,26.24652777410228,16.961404311282003,1.2944118027610885,40.88481364879613,37.37126712945376,39.609436053519474,50.35445727302164,6.084072657683919,100.0,40.0,120.0,0.0,60.0,0.0,60.0,60.0,92.46182710678232,42.56780367606179,112.93306361925438,8.608350533617902,73.75863316194436,8.434372617690485,62.83176914499672,54.73237370376599
120.0,500.0,26.24652777410228,16.961404311282003,50.35445727302164,6.084072657683919,1.2944118027610885,40.88481364879613,37.37126712945376,39.609436053519474,100.0,40.0,60.0,60.0,120.0,0.0,60.0,0.0,92.46182710678232,42.56780367606179,62.83176914499672,54.73237370376599,112.93306361925438,8.608350533617902,73.75863316194436,8.434372617690485
120.0,500.0,26.24652777410228,16.961404311282003,50.35445727302164,6.084072657683919,37.37126712945376,39.609436053519474,1.2944118027610885,40.88481364879613,100.0,40.0,60.0,60.0,60.0,0.0,120.0,0.0,92.46182710678232,42.56780367606179,62.83176914499672,54.73237370376599,73.75863316194436,8.434372617690485,112.93306361925438,8.608350533617902
120.0,500.0,26.24652777410228,16.961404311282003,37.37126712945376,39.609436053519474,1.2944118027610885,40.88481364879613,50.35445727302164,6.084072657683919,100.0,40.0,60.0,0.0,120.0,0.0,60.0,60.0,92.46182710678232,42.56780367606179,73.75863316194436,8.434372617690485,112.93306361925438,8.608350533617902,62.83176914499672,54.73237370376599
120.0,500.0,26.24652777410228,16.961404311282003,37.37126712945376,39.609436053519474,50.35445727302164,6.084072657683919,1.2944118027610885,40.88481364879613,100.0,40.0,60.0,0.0,60.0,60.0,120.0,0.0,92.46182710678232,42.56780367606179,73.75863316194436,8.434372617690485,62.83176914499672,54.73237370376599,112.93306361925438,8.608350533617902
120.0,500.0,4.986313481924669,28.443465478277947,39.262306054545846,45.08312330904238,58.59750221033434,55.27925142276624,32.20875713361245,6.580401820989456,80.0,59.99999999999999,59.99999999999999,0.0,100.0,0.0,59.99999999999999,59.99999999999999,83.84874763065181,32.373937639454404,103.77460423753982,7.036147629719693,79.26703605852384,11.284389490586392,109.13649680232405,32.66709903398134
120.0,500.0,4.986313481924669,28.443465478277947,32.20875713361245,6.580401820989456,39.262306054545846,45.08312330904238,58.59750221033434,55.27925142276624,80.0,59.99999999999999,59.99999999999999,59.99999999999999,59.99999999999999,0.0,100.0,0.0,83.84874763065181,32.373937639454404,109.13649680232405,32.66709903398134,103.77460423753982,7.036147629719693,79.26703605852384,11.284389490586392
120.0,500.0,4.986313481924669,28.443465478277947,32.20875713361245,6.580401820989456,58.59750221033434,55.27925142276624,39.262306054545846,45.08312330904238,80.0,59.99999999999999,59.99999999999999,59.99999999999999,100.0,0.0,59.99999999999999,0.0,83.84874763065181,32.373937639454404,109.13649680232405,32.66709903398134,79.26703605852384,11.284389490586392,103.77460423753982,7.036147629719693
120.0,500.0,4.986313481924669,28.443465478277947,58.59750221033434,55.27925142276624,39.262306054545846,45.08312330904238,32.20875713361245,6.580401820989456,80.0,59.99999999999999,100.0,0.0,59.99999999999999,0.0,59.99999999999999,59.99999999999999,83.84874763065181,32.373937639454404,79.26703605852384,11.284389490586392,103.77460423753982,7.036147629719693,109.13649680232405,32.66709903398134
120.0,500.0,4.986313481924669,28.443465478277947,58.59750221033434,55.27925142276624,32.20875713361245,6.580401820989456,39.262306054545846,45.08312330904238,80.0,59.99999999999999,100.0,0.0,59.99999999999999,59.99999999999999,59.99999999999999,0.0,83.84874763065181,32.373937639454404,79.26703605852384,11.284389490586392,109.13649680232405,32.66709903398134,103.77460423753982,7.036147629719693
120.0,500.0,39.262306054545846,45.08312330904238,4.986313481924669,28.443465478277947,32.20875713361245,6.580401820989456,58.59750221033434,55.27925142276624,59.99999999999999,0.0,80.0,59.99999999999999,59.99999999999999,59.99999999999999,100.0,0.0,103.77460423753982,7.036147629719693,83.84874763065181,32.373937639454404,109.13649680232405,32.66709903398134,79.26703605852384,11.284389490586392
120.0,500.0,39.262306054545846,45.08312330904238,4.986313481924669,28.443465478277947,58.59750221033434,55.27925142276624,32.20875713361245,6.580401820989456,59.99999999999999,0.0,80.0,59.99999999999999,100.0,0.0,59.99999999999999,59.99999999999999,103.77460423753982,7.036147629719693,83.84874763065181,32.373937639454404,79.26703605852384,11.284389490586392,109.13649680232405,32.66709903398134
120.0,500.0,39.262306054545846,45.08312330904238,32.20875713361245,6.580401820989456,4.986313481924669,28.443465478277947,58.59750221033434,55.27925142276624,59.99999999999999,0.0,59.99999999999999,59.99999999999999,80.0,59.99999999999999,100.0,0.0,103.77460423753982,7.036147629719693,109.13649680232405,32.66709903398134,83.84874763065181,32.373937639454404,79.26703605852384,11.284389490586392
120.0,500.0,39.262306054545846,45.08312330904238,32.20875713361245,6.580401820989456,58.59750221033434,55.27925142276624,4.986313481924669,28.443465478277947,59.99999999999999,0.0,59.99999999999999,59.99999999999999,100.0,0.0,80.0,59.99999999999999,103.77460423753982,7.036147629719693,109.13649680232405,32.66709903398134,79.26703605852384,11.284389490586392,83.84874763065181,32.373937639454404
120.0,500.0,39.262306054545846,45.08312330904238,58.59750221033434,55.27925142276624,4.986313481924669,28.443465478277947,32.20875713361245,6.580401820989456,59.99999999999999,0.0,100.0,0.0,80.0,59.99999999999999,59.99999999999999,59.99999999999999,103.77460423753982,7.036147629719693,79.26703605852384,11.284389490586392,83.84874763065181,32.373937639454404,109.13649680232405,32.66709903398134
120.0,500.0,39.262306054545846,45.08312330904238,58.59750221033434,55.27925142276624,32.20875713361245,6.580401820989456,4.986313481924669,28.443465478277947,59.99999999999999,0.0,100.0,0.0,59.99999999999999,59.99999999999999,80.0,59.99999999999999,103.77460423753982,7.036147629719693,79.26703605852384,11.284389490586392,109.13649680232405,32.66709903398134,83.84874763065181,32.373937639454404
120.0,500.0,32.20875713361245,6.580401820989456,4.986313481924669,28.443465478277947,39.262306054545846,45.08312330904238,58.59750221033434,55.27925142276624,59.99999999999999,59.99999999999999,80.0,59.99999999999999,59.99999999999999,0.0,100.0,0.0,109.13649680232405,32.66709903398134,83.84874763065181,32.373937639454404,103.77460423753982,7.036147629719693,79.26703605852384,11.284389490586392
120.0,500.0,32.20875713361245,6.580401820989456,4.986313481924669,28.443465478277947,58.59750221033434,55.27925142276624,39.262306054545846,45.08312330904238,59.99999999999999,59.99999999999999,80.0,59.99999999999999,100.0,0.0,59.99999999999999,0.0,109.13649680232405,32.66709903398134,83.84874763065181,32.373937639454404,79.26703605852384,11.284389490586392,103.77460423753982,7.036147629719693
120.0,500.0,32.20875713361245,6.580401820989456,39.262306054545846,45.08312330904238,4.986313481924669,28.443465478277947,58.59750221033434,55.27925142276624,59.99999999999999,59.99999999999999,59.99999999999999,0.0,80.0,59.99999999999999,100.0,0.0,109.13649680232405,32.66709903398134,103.77460423753982,7.036147629719693,83.84874763065181,32.373937639454404,79.26703605852384,11.284389490586392
120.0,500.0,32.20875713361245,6.580401820989456,39.262306054545846,45.08312330904238,58.59750221033434,55.27925142276624,4.986313481924669,28.443465478277947,59.99999999999999,59.99999999999999,59.99999999999999,0.0,100.0,0.0,80.0,59.99999999999999,109.13649680232405,32.66709903398134,103.77460423753982,7.036147629719693,79.26703605852384,11.284389490586392,83.84874763065181,32.373937639454404
120.0,500.0,32.20875713361245,6.580401820989456,58.59750221033434,55.27925142276624,4.986313481924669,28.443465478277947,39.262306054545846,45.08312330904238,59.99999999999999,59.99999999999999,100.0,0.0,80.0,59.99999999999999,59.99999999999999,0.0,109.13649680232405,32.66709903398134,79.26703605852384,11.284389490586392,83.84874763065181,32.373937639454404,103.77460423753982,7.036147629719693
120.0,500.0,32.20875713361245,6.580401820989456,58.59750221033434,55.27925142276624,39.262306054545846,45.08312330904238,4.986313481924669,28.443465478277947,59.99999999999999,59.99999999999999,100.0,0.0,59.99999999999999,0.0,80.0,59.99999999999999,109.13649680232405,32.66709903398134,79.26703605852384,11.284389490586392,103.77460423753982,7.036147629719693,83.84874763065181,32.373937639454404
120.0,500.0,58.59750221033434,55.27925142276624,4.986313481924669,28.443465478277947,39.262306054545846,45.08312330904238,32.20875713361245,6.580401820989456,100.0,0.0,80.0,59.99999999999999,59.99999999999999,0.0,59.99999999999999,59.99999999999999,79.26703605852384,11.284389490586392,83.84874763065181,32.373937639454404,103.77460423753982,7.036147629719693,109.13649680232405,32.66709903398134
120.0,500.0,58.59750221033434,55.27925142276624,4.986313481924669,28.443465478277947,32.20875713361245,6.580401820989456,39.262306054545846,45.08312330904238,100.0,0.0,80.0,59.99999999999999,59.99999999999999,59.99999999999999,59.99999999999999,0.0,79.26703605852384,11.284389490586392,83.84874763065181,32.373937639454404,109.13649680232405,32.66709903398134,103.77460423753982,7.036147629719693
120.0,500.0,58.59750221033434,55.27925142276624,39.262306054545846,45.08312330904238,4.986313481924669,28.443465478277947,32.20875713361245,6.580401820989456,100.0,0.0,59.99999999999999,0.0,80.0,59.99999999999999,59.99999999999999,59.99999999999999,79.26703605852384,11.284389490586392,103.77460423753982,7.036147629719693,83.84874763065181,32.373937639454404,109.13649680232405,32.66709903398134
120.0,500.0,58.59750221033434,55.27925142276624,39.262306054545846,45.08312330904238,32.20875713361245,6.580401820989456,4.986313481924669,28.443465478277947,100.0,0.0,59.99999999999999,0.0,59.99999999999999,59.99999999999999,80.0,59.99999999999999,79.26703605852384,11.284389490586392,103.77460423753982,7.036147629719693,109.13649680232405,32.66709903398134,83.84874763065181,32.373937639454404
120.0,500.0,58.59750221033434,55.27925142276624,32.20875713361245,6.580401820989456,4.986313481924669,28.443465478277947,39.262306054545846,45.08312330904238,100.0,0.0,59.99999999999999,59.99999999999999,80.0,59.99999999999999,59.99999999999999,0.0,79.26703605852384,11.284389490586392,109.13649680232405,32.66709903398134,83.84874763065181,32.373937639454404,103.77460423753982,7.036147629719693
120.0,500.0,58.59750221033434,55.27925142276624,32.20875713361245,6.580401820989456,39.262306054545846,45.08312330904238,4.986313481924669,28.443465478277947,100.0,0.0,59.99999999999999,59.99999999999999,59.99999999999999,0.0,80.0,59.99999999999999,79.26703605852384,11.284389490586392,109.13649680232405,32.66709903398134,103.77460423753982,7.036147629719693,83.84874763065181,32.373937639454404
120.0,500.0,5.211348800272397,8.376148412347781,57.369293262625085,17.95851595357707,36.03274430982172,41.498665211570525,9.102339826940264,33.941225583291185,120.0,60.0,60.0,20.0,60.0,0.0,120.0,0.0,107.5687083350734,39.18961012062787,70.32808607787038,32.970150894390805,109.15238443604804,12.87293397687095,92.13919327021804,24.89604433235884
120.0,500.0,5.211348800272397,8.376148412347781,9.102339826940264,33.941225583291185,57.369293262625085,17.95851595357707,36.03274430982172,41.498665211570525,120.0,60.0,120.0,0.0,60.0,20.0,60.0,0.0,107.5687083350734,39.18961012062787,92.13919327021804,24.89604433235884,70.32808607787038,32.970150894390805,109.15238443604804,12.87293397687095
120.0,500.0,5.211348800272397,8.376148412347781,9.102339826940264,33.941225583291185,36.03274430982172,41.498665211570525,57.369293262625085,17.95851595357707,120.0,60.0,120.0,0.0,60.0,0.0,60.0,20.0,107.5687083350734,39.18961012062787,92.13919327021804,24.89604433235884,109.15238443604804,12.87293397687095,70.32808607787038,32.970150894390805
120.0,500.0,5.211348800272397,8.376148412347781,36.03274430982172,41.498665211570525,57.369293262625085,17.95851595357707,9.102339826940264,33.941225583291185,120.0,60.0,60.0,0.0,60.0,20.0,120.0,0.0,107.5687083350734,39.18961012062787,109.15238443604804,12.87293397687095,70.32808607787038,32.970150894390805,92.13919327021804,24.89604433235884
120.0,500.0,5.211348800272397,8.376148412347781,36.03274430982172,41.498665211570525,9.102339826940264,33.941225583291185,57.369293262625085,17.95851595357707,120.0,60.0,60.0,0.0,120.0,0.0,60.0,20.0,107.5687083350734,39.18961012062787,109.15238443604804,12.87293397687095,92.13919327021804,24.89604433235884,70.32808607787038,32.970150894390805
120.0,500.0,57.369293262625085,17.95851595357707,5.211348800272397,8.376148412347781,9.102339826940264,33.941225583291185,36.03274430982172,41.498665211570525,60.0,20.0,120.0,60.0,120.0,0.0,60.0,0.0,70.32808607787038,32.970150894390805,107.5687083350734,39.18961012062787,92.13919327021804,24.89604433235884,109.15238443604804,12.87293397687095
120.0,500.0,57.369293262625085,17.95851595357707,5.211348800272397,8.376148412347781,36.03274430982172,41.498665211570525,9.102339826940264,33.941225583291185,60.0,20.0,120.0,60.0,60.0,0.0,120.0,0.0,70.32808607787038,32.970150894390805,107.5687083350734,39.18961012062787,109.15238443604804,12.87293397687095,92.13919327021804,24.89604433235884
120.0,500.0,57.369293262625085,17.95851595357707,9.102339826940264,33.941225583291185,5.211348800272397,8.376148412347781,36.03274430982172,41.498665211570525,60.0,20.0,120.0,0.0,120.0,60.0,60.0,0.0,70.32808607787038,32.970150894390805,92.13919327021804,24.89604433235884,107.5687083350734,39.18961012062787,109.15238443604804,12.87293397687095
120.0,500.0,57.369293262625085,17.95851595357707,9.102339826940264,33.941225583291185,36.03274430982172,41.498665211570525,5.211348800272397,8.376148412347781,60.0,20.0,120.0,0.0,60.0,0.0,120.0,60.0,70.32808607787038,32.970150894390805,92.13919327021804,24.89604433235884,109.15238443604804,12.87293397687095,107.5687083350734,39.18961012062787
120.0,500.0,57.369293262625085,17.95851595357707,36.03274430982172,41.498665211570525,5.211348800272397,8.376148412347781,9.102339826940264,33.941225583291185,60.0,20.0,60.0,0.0,120.0,60.0,120.0,0.0,70.32808607787038,32.970150894390805,109.15238443604804,12.87293397687095,107.5687083350734,39.18961012062787,92.13919327021804,24.89604433235884
120.0,500.0,57.369293262625085,17.95851595357707,36.03274430982172,41.498665211570525,9.102339826940264,33.941225583291185,5.211348800272397,8.376148412347781,60.0,20.0,60.0,0.0,120.0,0.0,120.0,60.0,70.32808607787038,32.970150894390805,109.15238443604804,12.87293397687095,92.13919327021804,24.89604433235884,107.5687083350734,39.18961012062787
120.0,500.0,9.102339826940264,33.941225583291185,5.211348800272397,8.376148412347781,57.369293262625085,17.95851595357707,36.03274430982172,41.498665211570525,120.0,0.0,120.0,60.0,60.0,20.0,60.0,0.0,92.13919327021804,24.89604433235884,107.5687083350734,39.18961012062787,70.32808607787038,32.970150894390805,109.15238443604804,12.87293397687095
120.0,500.0,9.102339826940264,33.941225583291185,5.211348800272397,8.376148412347781,36.03274430982172,41.498665211570525,57.369293262625085,17.95851595357707,120.0,0.0,120.0,60.0,60.0,0.0,60.0,20.0,92.13919327021804,24.89604433235884,107.5687083350734,39.18961012062787,109.15238443604804,12.87293397687095,70.32808607787038,32.970150894390805
120.0,500.0,9.102339826940264,33.941225583291185,57.369293262625085,17.95851595357707,5.211348800272397,8.376148412347781,36.03274430982172,41.498665211570525,120.0,0.0,60.0,20.0,120.0,60.0,60.0,0.0,92.13919327021804,24.89604433235884,70.32808607787038,32.970150894390805,107.5687083350734,39.18961012062787,109.15238443604804,12.87293397687095
120.0,500.0,9.102339826940264,33.941225583291185,57.369293262625085,17.95851595357707,36.03274430982172,41.498665211570525,5.211348800272397,8.376148412347781,120.0,0.0,60.0,20.0,60.0,0.0,120.0,60.0,92.13919327021804,24.89604433235884,70.32808607787038,32.970150894390805,109.15238443604804,12.87293397687095,107.5687083350734,39.18961012062787
120.0,500.0,9.102339826940264,33.941225583291185,36.03274430982172,41.498665211570525,5.211348800272397,8.376148412347781,57.369293262625085,17.95851595357707,120.0,0.0,60.0,0.0,120.0,60.0,60.0,20.0,92.13919327021804,24.89604433235884,109.15238443604804,12.87293397687095,107.5687083350734,39.18961012062787,70.32808607787038,32.970150894390805
120.0,500.0,9.102339826940264,33.941225583291185,36.03274430982172,41.498665211570525,57.369293262625085,17.95851595357707,5.211348800272397,8.376148412347781,120.0,0.0,60.0,0.0,60.0,20.0,120.0,60.0,92.13919327021804,24.89604433235884,109.15238443604804,12.87293397687095,70.32808607787038,32.970150894390805,107.5687083350734,39.18961012062787
120.0,500.0,36.03274430982172,41.498665211570525,5.211348800272397,8.376148412347781,57.369293262625085,17.95851595357707,9.102339826940264,33.941225583291185,60.0,0.0,120.0,60.0,60.0,20.0,120.0,0.0,109.15238443604804,12.87293397687095,107.5687083350734,39.18961012062787,70.32808607787038,32.970150894390805,92.13919327021804,24.89604433235884
120.0,500.0,36.03274430982172,41.498665211570525,5.211348800272397,8.376148412347781,9.102339826940264,33.941225583291185,57.369293262625085,17.95851595357707,60.0,0.0,120.0,60.0,120.0,0.0,60.0,20.0,109.15238443604804,12.87293397687095,107.5687083350734,39.18961012062787,92.13919327021804,24.89604433235884,70.32808607787038,32.970150894390805
120.0,500.0,36.03274430982172,41.498665211570525,57.369293262625085,17.95851595357707,5.211348800272397,8.376148412347781,9.102339826940264,33.941225583291185,60.0,0.0,60.0,20.0,120.0,60.0,120.0,0.0,109.15238443604804,12.87293397687095,70.32808607787038,32.970150894390805,107.5687083350734,39.18961012062787,92.13919327021804,24.89604433235884
120.0,500.0,36.03274430982172,41.498665211570525,57.369293262625085,17.95851595357707,9.102339826940264,33.941225583291185,5.211348800272397,8.376148412347781,60.0,0.0,60.0,20.0,120.0,0.0,120.0,60.0,109.15238443604804,12.87293397687095,70.32808607787038,32.970150894390805,92.13919327021804,24.89604433235884,107.5687083350734,39.18961012062787
120.0,500.0,36.03274430982172,41.498665211570525,9.102339826940264,33.941225583291185,5.211348800272397,8.376148412347781,57.369293262625085,17.95851595357707,60.0,0.0,120.0,0.0,120.0,60.0,60.0,20.0,109.15238443604804,12.87293397687095,92.13919327021804,24.89604433235884,107.5687083350734,39.18961012062787,70.32808607787038,32.970150894390805
120.0,500.0,36.03274430982172,41.498665211570525,9.102339826940264,33.941225583291185,57.369293262625085,17.95851595357707,5.211348800272397,8.376148412347781,60.0,0.0,120.0,0.0,60.0,20.0,120.0,60.0,109.15238443604804,12.87293397687095,92.13919327021804,24.89604433235884,70.32808607787038,32.970150894390805,107.5687083350734,39.18961012062787
120.0,500.0,44.34573782095048,36.33570249394532,0.3037399981834165,56.947888135775045,59.54855169804455,1.5227202548656282,20.561475412279616,42.77581139119352,80.0,40.0,120.0,20.0,80.0,60.0,100.00000000000001,40.0,88.23003465725628,38.83262758626736,109.23794703681313,19.25195420170584,67.05244251804618,56.57564564324505,68.56373624663352,32.19269166572894
120.0,500.0,44.34573782095048,36.33570249394532,20.561475412279616,42.77581139119352,0.3037399981834165,56.947888135775045,59.54855169804455,1.5227202548656282,80.0,40.0,100.00000000000001,40.0,120.0,20.0,80.0,60.0,88.23003465725628,38.83262758626736,68.56373624663352,32.19269166572894,109.23794703681313,19.25195420170584,67.05244251804618,56.57564564324505
120.0,500.0,44.34573782095048,36.33570249394532,20.561475412279616,42.77581139119352,59.54855169804455,1.5227202548656282,0.3037399981834165,56.947888135775045,80.0,40.0,100.00000000000001,40.0,80.0,60.0,120.0,20.0,88.23003465725628,38.83262758626736,68.56373624663352,32.19269166572894,67.05244251804618,56.57564564324505,109.23794703681313,19.25195420170584
120.0,500.0,44.34573782095048,36.33570249394532,59.54855169804455,1.5227202548656282,0.3037399981834165,56.947888135775045,20.561475412279616,42.77581139119352,80.0,40.0,80.0,60.0,120.0,20.0,100.00000000000001,40.0,88.23003465725628,38.83262758626736,67.05244251804618,56.57564564324505,109.23794703681313,19.25195420170584,68.56373624663352,32.19269166572894
120.0,500.0,44.34573782095048,36.33570249394532,59.54855169804455,1.5227202548656282,20.561475412279616,42.77581139119352,0.3037399981834165,56.947888135775045,80.0,40.0,80.0,60.0,100.00000000000001,40.0,120.0,20.0,88.23003465725628,38.83262758626736,67.05244251804618,56.57564564324505,68.56373624663352,32.19269166572894,109.23794703681313,19.25195420170584
120.0,500.0,0.3037399981834165,56.947888135775045,44.34573782095048,36.33570249394532,20.561475412279616,42.77581139119352,59.54855169804455,1.5227202548656282,120.0,20.0,80.0,40.0,100.00000000000001,40.0,80.0,60.0,109.23794703681313,19.25195420170584,88.23003465725628,38.83262758626736,68.56373624663352,32.19269166572894,67.05244251804618,56.57564564324505
120.0,500.0,0.3037399981834165,56.947888135775045,44.34573782095048,36.33570249394532,59.54855169804455,1.5227202548656282,20.561475412279616,42.77581139119352,120.0,20.0,80.0,40.0,80.0,60.0,100.00000000000001,40.0,109.23794703681313,19.25195420170584,88.23003465725628,38.83262758626736,67.05244251804618,56.57564564324505,68.56373624663352,32.19269166572894
120.0,500.0,0.3037399981834165,56.947888135775045,20.561475412279616,42.77581139119352,44.34573782095048,36.33570249394532,59.54855169804455,1.5227202548656282,120.0,20.0,100.00000000000001,40.0,80.0,40.0,80.0,60.0,109.23794703681313,19.25195420170584,68.56373624663352,32.19269166572894,88.23003465725628,38.83262758626736,67.05244251804618,56.57564564324505
120.0,500.0,0.3037399981834165,56.947888135775045,20.561475412279616,42.77581139119352,59.54855169804455,1.5227202548656282,44.34573782095048,36.33570249394532,120.0,20.0,100.00000000000001,40.0,80.0,60.0,80.0,40.0,109.23794703681313,19.25195420170584,68.56373624663352,32.19269166572894,67.05244251804618,56.57564564324505,88.23003465725628,38.83262758626736
120.0,500.0,0.3037399981834165,56.947888135775045,59.54855169804455,1.5227202548656282,44.34573782095048,36.33570249394532,20.561475412279616,42.77581139119352,120.0,20.0,80.0,60.0,80.0,40.0,100.00000000000001,40.0,109.23794703681313,19.25195420170584,67.05244251804618,56.57564564324505,88.23003465725628,38.83262758626736,68.56373624663352,32.19269166572894
120.0,500.0,0.3037399981834165,56.947888135775045,59.54855169804455,1.5227202548656282,20.561475412279616,42.77581139119352,44.34573782095048,36.33570249394532,120.0,20.0,80.0,60.0,100.00000000000001,40.0,80.0,40.0,109.23794703681313,19.25195420170584,67.05244251804618,56.57564564324505,68.56373624663352,32.19269166572894,88.23003465725628,38.83262758626736
120.0,500.0,20.561475412279616,42.77581139119352,44.34573782095048,36.33570249394532,0.3037399981834165,56.947888135775045,59.54855169804455,1.5227202548656282,100.00000000000001,40.0,80.0,40.0,120.0,20.0,80.0,60.0,68.56373624663352,32.19269166572894,88.23003465725628,38.83262758626736,109.23794703681313,19.25195420170584,67.05244251804618,56.57564564324505
120.0,500.0,20.561475412279616,42.77581139119352,44.34573782095048,36.33570249394532,59.54855169804455,1.5227202548656282,0.3037399981834165,56.947888135775045,100.00000000000001,40.0,80.0,40.0,80.0,60.0,120.0,20.0,68.56373624663352,32.19269166572894,88.23003465725628,38.83262758626736,67.05244251804618,56.57564564324505,109.23794703681313,19.25195420170584
120.0,500.0,20.561475412279616,42.77581139119352,0.3037399981834165,56.947888135775045,44.34573782095048,36.33570249394532,59.54855169804455,1.5227202548656282,100.00000000000001,40.0,120.0,20.0,80.0,40.0,80.0,60.0,68.56373624663352,32.19269166572894,109.23794703681313,19.25195420170584,88.23003465725628,38.83262758626736,67.05244251804618,56.57564564324505
120.0,500.0,20.561475412279616,42.77581139119352,0.3037399981834165,56.947888135775045,59.54855169804455,1.5227202548656282,44.34573782095048,36.33570249394532,100.00000000000001,40.0,120.0,20.0,80.0,60.0,80.0,40.0,68.56373624663352,32.19269166572894,109.23794703681313,19.25195420170584,67.05244251804618,56.57564564324505,88.23003465725628,38.83262758626736
120.0,500.0,20.561475412279616,42.77581139119352,59.54855169804455,1.5227202548656282,44.34573782095048,36.33570249394532,0.3037399981834165,56.947888135775045,100.00000000000001,40.0,80.0,60.0,80.0,40.0,120.0,20.0,68.56373624663352,32.19269166572894,67.05244251804618,56.57564564324505,88.23003465725628,38.83262758626736,109.23794703681313,19.25195420170584
120.0,500.0,20.561475412279616,42.77581139119352,59.54855169804455,1.5227202548656282,0.3037399981834165,56.947888135775045,44.34573782095048,36.33570249394532,100.00000000000001,40.0,80.0,60.0,120.0,20.0,80.0,40.0,68.56373624663352,32.19269166572894,67.05244251804618,56.57564564324505,109.23794703681313,19.25195420170584,88.23003465725628,38.83262758626736
120.0,500.0,59.54855169804455,1.5227202548656282,44.34573782095048,36.33570249394532,0.3037399981834165,56.947888135775045,20.561475412279616,42.77581139119352,80.0,60.0,80.0,40.0,120.0,20.0,100.00000000000001,40.0,67.05244251804618,56.57564564324505,88.23003465725628,38.83262758626736,109.23794703681313,19.25195420170584,68.56373624663352,32.19269166572894
120.0,500.0,59.54855169804455,1.5227202548656282,44.34573782095048,36.33570249394532,20.561475412279616,42.77581139119352,0.3037399981834165,56.947888135775045,80.0,60.0,80.0,40.0,100.00000000000001,40.0,120.0,20.0,67.05244251804618,56.57564564324505,88.23003465725628,38.83262758626736,68.56373624663352,32.19269166572894,109.23794703681313,19.25195420170584
120.0,500.0,59.54855169804455,1.5227202548656282,0.3037399981834165,56.947888135775045,44.34573782095048,36.33570249394532,20.561475412279616,42.77581139119352,80.0,60.0,120.0,20.0,80.0,40.0,100.00000000000001,40.0,67.05244251804618,56.57564564324505,109.23794703681313,19.25195420170584,88.23003465725628,38.83262758626736,68.56373624663352,32.19269166572894
120.0,500.0,59.54855169804455,1.5227202548656282,0.3037399981834165,56.947888135775045,20.561475412279616,42.77581139119352,44.34573782095048,36.33570249394532,80.0,60.0,120.0,20.0,100.00000000000001,40.0,80.0,40.0,67.05244251804618,56.57564564324505,109.23794703681313,19.25195420170584,68.56373624663352,32.19269166572894,88.23003465725628,38.83262758626736
120.0,500.0,59.54855169804455,1.5227202548656282,20.561475412279616,42.77581139119352,44.34573782095048,36.33570249394532,0.3037399981834165,56.947888135775045,80.0,60.0,100.00000000000001,40.0,80.0,40.0,120.0,20.0,67.05244251804618,56.57564564324505,68.56373624663352,32.19269166572894,88.23003465725628,38.83262758626736,109.23794703681313,19.25195420170584
120.0,500.0,59.54855169804455,1.5227202548656282,20.561475412279616,42.77581139119352,0.3037399981834165,56.947888135775045,44.34573782095048,36.33570249394532,80.0,60.0,100.00000000000001,40.0,120.0,20.0,80.0,40.0,67.05244251804618,56.57564564324505,68.56373624663352,32.19269166572894,109.23794703681313,19.25195420170584,88.23003465725628,38.83262758626736
