Jammer_X,Jammer_Y,Initial_X1,Initial_Y1,Initial_X2,Initial_Y2,Initial_X3,Initial_Y3,Initial_X4,Initial_Y4,Predicted_Final_X1,Predicted_Final_Y1,Predicted_Final_X2,Predicted_Final_Y2,Predicted_Final_X3,Predicted_Final_Y3,Predicted_Final_X4,Predicted_Final_Y4,Real_Final_X1,Real_Final_Y1,Real_Final_X2,Real_Final_Y2,Real_Final_X3,Real_Final_Y3,Real_Final_X4,Real_Final_Y4
0.0,500.0,12.185706071055533,9.871360616351224,38.18921908201288,21.308982164732328,58.72518985345108,37.79540027620673,2.5780299027295883,43.858517242007046,67.2,35.0,67.2,35.0,67.2,35.0,66.6,35.0,100.24204163336344,12.883779751853924,102.68070767645916,15.273542670186917,91.8637447619438,11.667142782466875,96.52241512872595,11.758120057581657
0.0,500.0,35.82627493799728,53.58846969708266,43.20819699126219,7.507231169927746,11.735130422584266,27.941518173983763,12.730123982247626,51.94818559507895,97.0,21.6,96.8,22.4,97.0,22.2,97.0,21.6,65.76521557456098,13.459161793974316,61.92296141443819,44.73652981299354,78.08102103401674,31.198792831640915,79.01716843575264,15.309514615595925
0.0,500.0,54.54792674276843,52.36671813014358,26.083593019704068,55.73514920181355,7.387638858235346,41.06335839119891,53.37758006349498,9.829793063811872,73.4,36.0,74.8,36.0,74.8,36.4,73.4,37.2,67.73523445648995,26.939639020644385,77.55629851299992,26.09227071846133,78.98736291884289,29.787916224769177,94.58431354790685,40.82648517346861
0.0,500.0,56.55109035401546,42.16580384118928,1.3107137636651212,1.4520721328146746,28.47421354476287,46.709608125055446,25.28609564503224,25.513188285786125,68.0,9.6,96.2,49.8,106.2,9.6,94.8,36.2,78.35291665588804,27.261846690458352,95.32043520388704,37.48053826092546,84.33622331151977,24.88430521213938,86.68535315917919,30.136405221113304
0.0,500.0,26.29761949961138,10.622057669513667,8.159263100887744,35.044372623225776,56.50747002159251,44.56407627355854,51.436652017042434,17.332232140959412,111.6,51.2,110.6,36.4,81.6,36.6,81.6,51.2,79.83320986796934,27.76269725906485,81.96805295184417,21.915426661067755,69.3112710617222,19.194685971002244,81.5688321469406,27.62339570563156
0.0,500.0,25.588670881418164,38.09203944321389,3.4764116466160577,46.7646209904263,51.89543429029944,57.23531273787504,19.04502096122945,3.7262675310507687,70.0,7.2,70.0,7.6,67.6,6.8,70.0,8.8,70.70978986566735,51.45197115100714,81.85547395604138,48.41476788171872,83.4392949539369,48.34476345084347,85.8862960237453,59.70855504101596
0.0,500.0,1.2944118027610885,40.88481364879613,50.35445727302164,6.084072657683919,37.37126712945376,39.609436053519474,26.24652777410228,16.961404311282003,98.0,26.0,97.8,26.0,97.8,26.0,97.8,26.0,113.63461532328192,1.363552031338962,64.64078053617817,59.467958902816456,65.45423232686485,11.66894528124476,82.8718909035813,45.569239163054505
0.0,500.0,4.986313481924669,28.443465478277947,39.262306054545846,45.08312330904238,32.20875713361245,6.580401820989456,58.59750221033434,55.27925142276624,95.8,38.2,96.2,37.4,96.2,39.0,94.8,37.0,110.26913979615136,28.294543479318264,105.346484335296,22.609388976254053,107.23438602030932,45.64083479284786,86.90107871846561,13.748499003471288
0.0,500.0,5.211348800272397,8.376148412347781,57.369293262625085,17.95851595357707,9.102339826940264,33.941225583291185,36.03274430982172,41.498665211570525,98.6,40.4,98.2,40.2,98.8,39.6,98.4,39.8,109.86580489732074,35.02614594283381,70.00931552798373,28.34073581247865,109.36019341461858,20.89088697378736,89.50937373231574,15.218762872532274
0.0,500.0,44.34573782095048,36.33570249394532,0.3037399981834165,56.947888135775045,20.561475412279616,42.77581139119352,59.54855169804455,1.5227202548656282,112.6,27.2,112.6,27.2,112.6,27.2,112.6,27.2,77.62314141813347,26.9195162854492,85.08133192638768,22.854279834399385,68.87667930011362,22.50930063042644,69.57077116556545,36.57792602971938
13.333333333333334,500.0,12.185706071055533,9.871360616351224,38.18921908201288,21.308982164732328,58.72518985345108,37.79540027620673,2.5780299027295883,43.858517242007046,103.0,50.0,103.0,48.2,102.4,47.6,105.4,47.6,70.0835580683746,28.783339304466736,70.03488925790481,24.04913259292886,65.13280379456624,20.0205526926911,78.27324534630644,22.56711508237904
13.333333333333334,500.0,35.82627493799728,53.58846969708266,43.20819699126219,7.507231169927746,11.735130422584266,27.941518173983763,12.730123982247626,51.94818559507895,96.0,19.6,96.0,20.0,95.8,19.8,96.0,19.6,64.18964962030677,4.469002242860107,68.45700624050059,36.00318995062081,66.90659118947411,21.11090533663895,68.82343580874027,5.11565543679324
13.333333333333334,500.0,54.54792674276843,52.36671813014358,26.083593019704068,55.73514920181355,7.387638858235346,41.06335839119891,53.37758006349498,9.829793063811872,77.0,6.4,77.0,6.4,101.2,18.8,77.0,31.2,70.67126541962848,16.742734327051224,88.77107237006575,14.126071114889667,112.66663818101236,27.26525740010685,73.41614460592328,45.78422046044192
13.333333333333334,500.0,56.55109035401546,42.16580384118928,1.3107137636651212,1.4520721328146746,28.47421354476287,46.709608125055446,25.28609564503224,25.513188285786125,105.6,2.4,108.0,5.0,107.2,2.4,106.0,3.8,85.6843813263552,17.504137704321828,102.79823672232337,28.290709637333624,93.85335428836106,17.49230612747535,94.79302317596203,21.52813375183506
13.333333333333334,500.0,26.29761949961138,10.622057669513667,8.159263100887744,35.044372623225776,56.50747002159251,44.56407627355854,51.436652017042434,17.332232140959412,97.4,22.8,97.8,21.4,95.2,21.4,96.8,22.8,116.76343861904192,35.468319443238535,107.38281539368222,33.333597568131985,107.89266851158948,34.91703961131946,117.98529949842182,36.04979819564862
13.333333333333334,500.0,25.588670881418164,38.09203944321389,3.4764116466160577,46.7646209904263,51.89543429029944,57.23531273787504,19.04502096122945,3.7262675310507687,84.6,37.4,84.6,37.4,84.6,37.4,84.6,37.4,88.91545330910414,12.649638167897525,115.84701295787156,19.0064939595448,116.2693034162362,18.969196205235995,114.52534932191064,18.20621283093733
13.333333333333334,500.0,1.2944118027610885,40.88481364879613,50.35445727302164,6.084072657683919,37.37126712945376,39.609436053519474,26.24652777410228,16.961404311282003,68.6,21.4,68.8,21.4,68.6,21.4,68.8,21.4,114.6972180493809,29.748867517319283,87.25299205085213,54.67230373982317,93.06668899935671,30.73822978990032,105.91195592509423,47.74622442115484
13.333333333333334,500.0,4.986313481924669,28.443465478277947,39.262306054545846,45.08312330904238,32.20875713361245,6.580401820989456,58.59750221033434,55.27925142276624,76.6,24.8,76.6,24.8,76.6,24.8,76.0,24.8,81.72279185738394,43.30476654317194,101.11246145518886,49.81864108485769,103.07438527355797,50.55239925771736,102.31054678068934,46.86019507500272
13.333333333333334,500.0,5.211348800272397,8.376148412347781,57.369293262625085,17.95851595357707,9.102339826940264,33.941225583291185,36.03274430982172,41.498665211570525,89.0,25.0,89.2,25.0,89.2,25.0,89.2,25.0,95.63880600493394,29.740304362155555,90.41074530270564,32.511481213026805,105.63552303406976,25.72033585440964,85.59026522703877,20.8537749607496
13.333333333333334,500.0,44.34573782095048,36.33570249394532,0.3037399981834165,56.947888135775045,20.561475412279616,42.77581139119352,59.54855169804455,1.5227202548656282,98.6,15.0,99.2,14.8,99.0,15.0,98.8,15.2,81.5218258186682,13.301494144133288,82.40183361779812,12.452322310526007,80.28258399877885,12.55115513255057,81.30206046761435,12.26703924583856
26.666666666666668,500.0,12.185706071055533,9.871360616351224,38.18921908201288,21.308982164732328,58.72518985345108,37.79540027620673,2.5780299027295883,43.858517242007046,103.0,50.0,103.0,48.2,102.4,47.6,105.4,47.6,92.662925764478,48.45666849581628,85.30023901296414,40.149477139546775,71.22856879443151,32.45370784524798,110.59497823230916,24.947741180451683
26.666666666666668,500.0,35.82627493799728,53.58846969708266,43.20819699126219,7.507231169927746,11.735130422584266,27.941518173983763,12.730123982247626,51.94818559507895,96.0,19.6,96.0,20.0,95.8,19.8,96.0,19.6,78.33402214728005,28.201387573716254,74.07293077912638,34.50177769091807,92.91002088036694,33.34226394473414,95.0528953259196,33.38844043218249
26.666666666666668,500.0,54.54792674276843,52.36671813014358,26.083593019704068,55.73514920181355,7.387638858235346,41.06335839119891,53.37758006349498,9.829793063811872,77.0,6.4,77.0,6.4,101.2,18.8,77.0,31.2,68.60447994275258,25.956426396561685,94.78162375871646,21.0772511417314,98.3353796338942,27.88836892088224,70.66609716584402,54.41730358405082
26.666666666666668,500.0,56.55109035401546,42.16580384118928,1.3107137636651212,1.4520721328146746,28.47421354476287,46.709608125055446,25.28609564503224,25.513188285786125,105.6,2.4,108.0,5.0,107.2,2.4,106.0,3.8,71.76167172899726,34.51388996270535,77.88250100787997,42.65844382237853,74.20145540887157,30.8262954689742,74.19964548613146,36.14849638316009
26.666666666666668,500.0,26.29761949961138,10.622057669513667,8.159263100887744,35.044372623225776,56.50747002159251,44.56407627355854,51.436652017042434,17.332232140959412,97.4,22.8,97.8,21.4,95.2,21.4,96.8,22.8,104.21402326229892,33.984588615337074,110.4042792097782,18.83122951810408,70.68819996076809,10.485212862267758,89.21909161682768,29.488095373441148
26.666666666666668,500.0,25.588670881418164,38.09203944321389,3.4764116466160577,46.7646209904263,51.89543429029944,57.23531273787504,19.04502096122945,3.7262675310507687,84.6,37.4,84.6,37.4,84.6,37.4,84.6,37.4,75.19187490810782,40.29567913405996,85.94718933145985,38.25923262696641,70.3538738898623,35.3202925668695,76.24976024030944,48.82404825304397
26.666666666666668,500.0,1.2944118027610885,40.88481364879613,50.35445727302164,6.084072657683919,37.37126712945376,39.609436053519474,26.24652777410228,16.961404311282003,68.6,21.4,68.8,21.4,68.6,21.4,68.8,21.4,110.18863449126432,37.309119301107245,74.2246542243117,56.493993300905416,81.438665470139,34.85372148092544,86.05798040693425,49.42683211905095
26.666666666666668,500.0,4.986313481924669,28.443465478277947,39.262306054545846,45.08312330904238,32.20875713361245,6.580401820989456,58.59750221033434,55.27925142276624,76.6,24.8,76.6,24.8,76.6,24.8,76.0,24.8,117.31304541891907,40.482751082187335,101.15057429368228,29.250827016078865,103.7883914184148,57.05384217595437,85.33488214504845,24.07822945005806
26.666666666666668,500.0,5.211348800272397,8.376148412347781,57.369293262625085,17.95851595357707,9.102339826940264,33.941225583291185,36.03274430982172,41.498665211570525,89.0,25.0,89.2,25.0,89.2,25.0,89.2,25.0,87.5215628039085,38.95838199795072,60.44531108536361,36.28917180794158,77.08259027481569,23.15454705732203,65.22135118891589,19.869964460435565
26.666666666666668,500.0,44.34573782095048,36.33570249394532,0.3037399981834165,56.947888135775045,20.561475412279616,42.77581139119352,59.54855169804455,1.5227202548656282,98.6,15.0,99.2,14.8,99.0,15.0,98.8,15.2,74.99043030965804,17.07569419104159,92.35616610003524,12.682464630992136,93.99960323636506,16.74585906597581,70.27872655158652,24.49011620870829
40.0,500.0,12.185706071055533,9.871360616351224,38.18921908201288,21.308982164732328,58.72518985345108,37.79540027620673,2.5780299027295883,43.858517242007046,101.6,28.0,101.6,28.0,100.8,27.6,101.6,27.6,107.61452802831204,44.28343155422677,91.1653124980279,32.93266156785461,73.58509956621093,25.38137520472302,106.14672737547204,18.84924005446331
40.0,500.0,35.82627493799728,53.58846969708266,43.20819699126219,7.507231169927746,11.735130422584266,27.941518173983763,12.730123982247626,51.94818559507895,67.0,7.0,67.0,8.6,66.2,7.8,66.6,7.0,73.69735258443183,21.29433781526676,82.34846283664544,30.882429026693487,80.5331165648328,24.29500304366644,77.82075685951091,17.635490955125462
40.0,500.0,54.54792674276843,52.36671813014358,26.083593019704068,55.73514920181355,7.387638858235346,41.06335839119891,53.37758006349498,9.829793063811872,97.2,35.6,97.2,35.6,96.8,36.0,97.2,36.4,91.32318441282588,28.83542493251092,104.81934087763813,24.569333820298404,92.3083239407634,28.913360399144096,104.5087718597736,37.50875858667751
40.0,500.0,56.55109035401546,42.16580384118928,1.3107137636651212,1.4520721328146746,28.47421354476287,46.709608125055446,25.28609564503224,25.513188285786125,83.8,53.6,85.8,54.2,85.4,53.6,85.4,53.8,89.99579718264499,9.541891725748393,116.45621138137308,36.65019030362183,112.02980347003756,7.046694463151091,116.03015868213905,22.89897388872131
40.0,500.0,26.29761949961138,10.622057669513667,8.159263100887744,35.044372623225776,56.50747002159251,44.56407627355854,51.436652017042434,17.332232140959412,112.6,24.2,112.8,22.2,110.2,22.2,111.4,24.0,99.12560688577796,38.16511468619647,109.6224675743691,21.229188988422973,79.61742801725457,15.73302033542144,87.7383326067002,32.72526922662255
40.0,500.0,25.588670881418164,38.09203944321389,3.4764116466160577,46.7646209904263,51.89543429029944,57.23531273787504,19.04502096122945,3.7262675310507687,95.0,23.0,94.2,23.0,95.0,23.0,95.0,23.0,75.69640026752309,33.82907217990584,101.92964475460715,28.36850132861347,70.76642631376598,21.538761854654645,81.92192644851951,59.45776728872157
40.0,500.0,1.2944118027610885,40.88481364879613,50.35445727302164,6.084072657683919,37.37126712945376,39.609436053519474,26.24652777410228,16.961404311282003,99.2,15.0,99.2,15.0,99.2,15.0,99.2,15.0,101.79235902794332,17.8035338560487,67.26945238806073,41.06811437954202,76.31538432963086,16.479050496941973,93.19393214701378,31.06417074547895
40.0,500.0,4.986313481924669,28.443465478277947,39.262306054545846,45.08312330904238,32.20875713361245,6.580401820989456,58.59750221033434,55.27925142276624,109.2,11.0,107.6,10.4,108.0,11.0,107.2,9.8,106.26452228489684,23.891302434887173,101.62492889873556,19.61443520335441,94.31036648286752,28.88029542745881,88.29860443067778,16.19048716120063
40.0,500.0,5.211348800272397,8.376148412347781,57.369293262625085,17.95851595357707,9.102339826940264,33.941225583291185,36.03274430982172,41.498665211570525,93.0,33.4,90.0,32.4,93.0,30.4,91.6,31.4,88.85758232641498,37.12893382197883,74.57944916410268,34.67843512599961,80.64504000848734,31.249412013481862,76.45297625298033,28.72918060373078
40.0,500.0,44.34573782095048,36.33570249394532,0.3037399981834165,56.947888135775045,20.561475412279616,42.77581139119352,59.54855169804455,1.5227202548656282,82.4,10.8,81.8,10.8,82.2,10.8,82.0,10.8,69.11963921223614,33.64247165077315,102.03969201890088,19.080958491191865,96.31183675821572,30.212759375007245,63.14295173940306,54.88186074992868
53.333333333333336,500.0,12.185706071055533,9.871360616351224,38.18921908201288,21.308982164732328,58.72518985345108,37.79540027620673,2.5780299027295883,43.858517242007046,102.6,33.8,103.0,33.8,103.0,33.8,103.0,33.8,105.4870983701237,42.7701507102508,95.23031178545357,37.39866491508085,87.49288860945316,32.99753032207517,102.74152660557768,33.8371447380889
53.333333333333336,500.0,35.82627493799728,53.58846969708266,43.20819699126219,7.507231169927746,11.735130422584266,27.941518173983763,12.730123982247626,51.94818559507895,93.6,22.0,94.6,49.2,81.6,35.6,81.8,22.0,86.09928968605267,36.150377586349,66.61115287764943,44.61826540730698,72.8406860774926,39.574244367316105,74.58367744625272,34.06414814478519
53.333333333333336,500.0,54.54792674276843,52.36671813014358,26.083593019704068,55.73514920181355,7.387638858235346,41.06335839119891,53.37758006349498,9.829793063811872,94.6,24.2,94.0,24.2,94.0,24.2,94.0,24.2,83.99104618798395,41.91052422246855,96.56492530248026,40.5225947600586,106.5714066502074,49.154793236272006,97.673413671521,57.75178413485629
53.333333333333336,500.0,56.55109035401546,42.16580384118928,1.3107137636651212,1.4520721328146746,28.47421354476287,46.709608125055446,25.28609564503224,25.513188285786125,108.8,10.0,109.0,10.0,109.0,10.0,109.0,10.0,94.08874092994914,28.581597398940552,107.20493019800348,38.85477378244288,96.86072164232884,28.825627835794823,84.94734186417827,33.27070277746749
53.333333333333336,500.0,26.29761949961138,10.622057669513667,8.159263100887744,35.044372623225776,56.50747002159251,44.56407627355854,51.436652017042434,17.332232140959412,101.8,49.0,115.2,34.6,86.0,33.6,98.8,49.0,73.45161389953289,41.67529388823693,78.0704323488572,35.80535494562437,72.90451757787163,31.55501120296068,63.83478743166416,39.11666349932587
53.333333333333336,500.0,25.588670881418164,38.09203944321389,3.4764116466160577,46.7646209904263,51.89543429029944,57.23531273787504,19.04502096122945,3.7262675310507687,87.0,34.8,87.0,34.8,87.0,34.8,87.0,34.8,90.41466675243136,13.341099117566372,87.53800935086431,13.113639533290446,79.29783484847799,7.815829851720004,80.6309663203516,20.29679464192339
53.333333333333336,500.0,1.2944118027610885,40.88481364879613,50.35445727302164,6.084072657683919,37.37126712945376,39.609436053519474,26.24652777410228,16.961404311282003,106.0,32.4,103.6,35.4,103.6,32.6,104.8,34.4,111.12993019049205,23.32956945307556,72.14006628189162,48.95769041382327,98.64666847973557,25.25677499023657,103.22174584938377,39.62284982715425
53.333333333333336,500.0,4.986313481924669,28.443465478277947,39.262306054545846,45.08312330904238,32.20875713361245,6.580401820989456,58.59750221033434,55.27925142276624,71.8,48.2,71.0,48.0,71.4,48.2,71.4,47.8,81.87719158099708,23.573307852940868,69.63017739091539,13.501221049532212,65.5451619919458,38.337873453544525,62.54227887006583,6.777472552607996
53.333333333333336,500.0,5.211348800272397,8.376148412347781,57.369293262625085,17.95851595357707,9.102339826940264,33.941225583291185,36.03274430982172,41.498665211570525,72.8,41.6,70.2,39.4,72.8,38.2,71.0,38.4,114.93904829005407,45.91967085147749,88.19506123402431,41.84763240684509,119.30210477552352,30.993835043636967,104.2647662915958,22.351678543391024
53.333333333333336,500.0,44.34573782095048,36.33570249394532,0.3037399981834165,56.947888135775045,20.561475412279616,42.77581139119352,59.54855169804455,1.5227202548656282,86.0,5.8,86.6,5.2,87.2,5.2,85.4,6.4,77.82943981020371,24.13176732043916,89.6163329385277,19.066049404619,106.44358332396187,31.71202721085276,71.4328776710401,46.217956423842175
66.66666666666667,500.0,12.185706071055533,9.871360616351224,38.18921908201288,21.308982164732328,58.72518985345108,37.79540027620673,2.5780299027295883,43.858517242007046,102.6,33.8,103.0,33.8,103.0,33.8,103.0,33.8,93.70962249010245,29.085497573766013,96.6714916022122,27.687846913098547,82.5968698201723,22.17426717982496,98.52704683744298,22.85606193308708
66.66666666666667,500.0,35.82627493799728,53.58846969708266,43.20819699126219,7.507231169927746,11.735130422584266,27.941518173983763,12.730123982247626,51.94818559507895,93.6,22.0,94.6,49.2,81.6,35.6,81.8,22.0,65.65392133442741,3.7552207547035854,72.97947705632635,16.064811312876603,87.97769073656289,12.192636324345203,64.65249736207464,3.719223154676492
66.66666666666667,500.0,54.54792674276843,52.36671813014358,26.083593019704068,55.73514920181355,7.387638858235346,41.06335839119891,53.37758006349498,9.829793063811872,94.6,24.2,94.0,24.2,94.0,24.2,94.0,24.2,100.10306473090252,28.97867963019152,104.36746132170876,29.102583476520945,111.99527950070654,32.30047397628949,99.69251171650887,39.57479376451944
66.66666666666667,500.0,56.55109035401546,42.16580384118928,1.3107137636651212,1.4520721328146746,28.47421354476287,46.709608125055446,25.28609564503224,25.513188285786125,108.8,10.0,109.0,10.0,109.0,10.0,109.0,10.0,65.9046599373108,12.327400000568783,99.07928707137556,39.48508426288272,81.13946034815518,7.911486157592812,77.41407424721413,24.860717541509576
66.66666666666667,500.0,26.29761949961138,10.622057669513667,8.159263100887744,35.044372623225776,56.50747002159251,44.56407627355854,51.436652017042434,17.332232140959412,101.8,49.0,115.2,34.6,86.0,33.6,98.8,49.0,65.59488838664643,40.97484990422216,77.06727364783593,32.04228584144776,60.08708604882904,28.564690019596565,63.52956113991454,40.40085548573066
66.66666666666667,500.0,25.588670881418164,38.09203944321389,3.4764116466160577,46.7646209904263,51.89543429029944,57.23531273787504,19.04502096122945,3.7262675310507687,87.0,34.8,87.0,34.8,87.0,34.8,87.0,34.8,97.21137667075152,32.35443818813351,105.9133373523189,30.81240088966888,91.16220546096876,25.759106750127525,112.05834449825905,38.63203088316385
66.66666666666667,500.0,1.2944118027610885,40.88481364879613,50.35445727302164,6.084072657683919,37.37126712945376,39.609436053519474,26.24652777410228,16.961404311282003,106.2,32.0,103.8,35.0,103.8,32.2,105.0,34.0,96.60153586899872,16.091266365106637,64.64750820200612,39.28883522546498,61.5519618810345,16.297581448820203,77.92033691497427,32.42656163489414
66.66666666666667,500.0,4.986313481924669,28.443465478277947,39.262306054545846,45.08312330904238,32.20875713361245,6.580401820989456,58.59750221033434,55.27925142276624,71.2,48.6,70.4,48.4,70.8,48.6,70.8,48.2,114.42185196578195,32.94055406436199,74.39071005769975,22.787305385774484,82.25379776609147,42.55483890785842,70.86413134965663,20.09946325534581
66.66666666666667,500.0,5.211348800272397,8.376148412347781,57.369293262625085,17.95851595357707,9.102339826940264,33.941225583291185,36.03274430982172,41.498665211570525,72.8,41.6,70.2,39.4,72.8,38.2,71.0,38.4,97.34315525666172,42.38212012559321,77.70082075792857,38.19276760612269,88.77005716432548,34.40021282657093,81.8734446116561,35.470261263964616
66.66666666666667,500.0,44.34573782095048,36.33570249394532,0.3037399981834165,56.947888135775045,20.561475412279616,42.77581139119352,59.54855169804455,1.5227202548656282,86.0,5.8,86.6,5.2,87.2,5.2,85.4,6.4,118.35695843899455,29.247050235139103,104.51845196040856,25.18119984705781,118.09362754457626,29.20214462792165,106.96555993356031,30.673242463707503
80.0,500.0,12.185706071055533,9.871360616351224,38.18921908201288,21.308982164732328,58.72518985345108,37.79540027620673,2.5780299027295883,43.858517242007046,97.8,12.4,95.0,11.6,94.8,10.0,97.2,10.0,111.79108167234656,22.044317840038737,103.97445980225528,18.520653369106675,97.14421242023012,14.554568529498315,118.31842173564,14.582129163381136
80.0,500.0,35.82627493799728,53.58846969708266,43.20819699126219,7.507231169927746,11.735130422584266,27.941518173983763,12.730123982247626,51.94818559507895,97.2,13.4,100.8,42.2,113.0,28.2,101.0,13.4,60.042018883148295,25.07023968216216,65.79169312057134,56.62938820587979,75.16263361854998,42.44891524179136,73.74983264240439,25.75216943105373
80.0,500.0,54.54792674276843,52.36671813014358,26.083593019704068,55.73514920181355,7.387638858235346,41.06335839119891,53.37758006349498,9.829793063811872,112.6,46.2,113.6,46.2,113.6,46.8,112.6,47.8,70.88560602949669,5.219950363425923,116.06030640862662,0.517087035907501,115.69266178271944,19.03814274961689,65.20010724441876,59.01319566451605
80.0,500.0,56.55109035401546,42.16580384118928,1.3107137636651212,1.4520721328146746,28.47421354476287,46.709608125055446,25.28609564503224,25.513188285786125,108.2,37.4,109.0,37.4,109.0,37.4,109.0,37.4,66.46090181839578,41.40023351066577,101.82952872691575,54.44321443520205,77.29614267707777,44.82721964598232,74.57235313834651,45.5246485600337
80.0,500.0,26.29761949961138,10.622057669513667,8.159263100887744,35.044372623225776,56.50747002159251,44.56407627355854,51.436652017042434,17.332232140959412,84.8,25.6,98.6,25.2,97.6,25.2,97.2,25.0,88.62301931724683,53.09246662137287,117.1935530229258,32.119638187131535,88.91378798746015,30.701921183012463,91.81241591789748,48.90971926305554
80.0,500.0,25.588670881418164,38.09203944321389,3.4764116466160577,46.7646209904263,51.89543429029944,57.23531273787504,19.04502096122945,3.7262675310507687,86.6,12.4,74.8,12.4,74.0,11.8,75.8,13.0,95.14052647329687,21.166649175393808,108.41684106817208,15.385430458062594,73.30174585479365,8.760053056072387,89.44827033616082,46.71968850677068
80.0,500.0,1.2944118027610885,40.88481364879613,50.35445727302164,6.084072657683919,37.37126712945376,39.609436053519474,26.24652777410228,16.961404311282003,115.0,6.4,71.2,50.6,71.2,6.2,85.0,35.8,91.59002717285584,18.11657027898888,69.98568844964984,44.29201878632901,63.16559277215784,22.90481400489114,73.70919312409794,33.73819011032319
80.0,500.0,4.986313481924669,28.443465478277947,39.262306054545846,45.08312330904238,32.20875713361245,6.580401820989456,58.59750221033434,55.27925142276624,69.6,35.2,69.6,35.2,69.6,35.2,69.6,35.2,94.25165088168168,44.72796461380117,95.73741484518636,38.66556519380488,96.67869098637968,54.07815584058012,80.75553003918527,31.71348900550097
80.0,500.0,5.211348800272397,8.376148412347781,57.369293262625085,17.95851595357707,9.102339826940264,33.941225583291185,36.03274430982172,41.498665211570525,85.6,12.8,84.6,12.4,85.6,12.4,84.4,11.4,119.04787003075197,36.99038085691413,86.87953402405977,30.95204940693258,113.47943140441386,22.510505732491023,97.6165486906048,14.962248687477556
80.0,500.0,44.34573782095048,36.33570249394532,0.3037399981834165,56.947888135775045,20.561475412279616,42.77581139119352,59.54855169804455,1.5227202548656282,96.0,25.2,97.2,24.4,96.4,25.2,95.6,26.0,108.34974572112829,25.465324909453336,115.93377477692124,20.013778413655736,115.89188311551511,21.06283215700661,107.46664979995369,34.43959534846045
93.33333333333334,500.0,12.185706071055533,9.871360616351224,38.18921908201288,21.308982164732328,58.72518985345108,37.79540027620673,2.5780299027295883,43.858517242007046,93.6,23.8,92.8,23.8,92.8,23.8,92.8,23.8,107.29243862989172,45.9446770831328,88.98196006632072,38.84274048060835,72.06256522766398,27.65443228982737,101.14498071223542,25.626640474910563
93.33333333333334,500.0,35.82627493799728,53.58846969708266,43.20819699126219,7.507231169927746,11.735130422584266,27.941518173983763,12.730123982247626,51.94818559507895,71.8,21.0,71.8,21.8,72.6,21.4,72.0,21.0,77.81100416342451,45.026864291746,69.24384891927443,55.78043574692016,81.49912762955167,51.581169292387294,82.25733781523931,45.68746631188482
93.33333333333334,500.0,54.54792674276843,52.36671813014358,26.083593019704068,55.73514920181355,7.387638858235346,41.06335839119891,53.37758006349498,9.829793063811872,98.8,26.6,99.0,26.6,99.2,26.6,98.2,27.0,77.40110244858104,21.19200080930496,102.12627813634452,17.26392458478167,112.04425066430824,28.16456540383136,84.63855293868018,50.46891480656348
93.33333333333334,500.0,56.55109035401546,42.16580384118928,1.3107137636651212,1.4520721328146746,28.47421354476287,46.709608125055446,25.28609564503224,25.513188285786125,98.2,50.4,99.8,51.6,101.6,50.8,100.2,51.2,63.69182350830391,15.817240446071684,69.55031114187594,27.047713137775418,75.39451507371425,17.270390491477016,60.228921414734685,22.583463334303747
93.33333333333334,500.0,26.29761949961138,10.622057669513667,8.159263100887744,35.044372623225776,56.50747002159251,44.56407627355854,51.436652017042434,17.332232140959412,100.6,51.6,101.6,51.2,100.6,51.2,100.6,51.6,89.62709753347669,44.48335921430103,93.1108067587756,42.84730593843728,76.4637146271717,38.83117536398511,85.76966739859208,43.1856925265616
93.33333333333334,500.0,25.588670881418164,38.09203944321389,3.4764116466160577,46.7646209904263,51.89543429029944,57.23531273787504,19.04502096122945,3.7262675310507687,113.4,37.0,113.2,37.0,113.6,36.8,114.2,37.2,76.7930166321583,23.172105547738283,92.28007674347737,17.548013293209106,67.3584418222445,11.70681201760231,104.13627437349275,37.92747395458059
93.33333333333334,500.0,1.2944118027610885,40.88481364879613,50.35445727302164,6.084072657683919,37.37126712945376,39.609436053519474,26.24652777410228,16.961404311282003,109.4,13.6,104.0,18.2,104.0,13.6,106.8,16.8,87.26331193771969,26.681428697825822,99.6200637530711,36.3556278274193,99.18580279083672,28.554237411252863,87.77059480406609,32.737264786832625
93.33333333333334,500.0,4.986313481924669,28.443465478277947,39.262306054545846,45.08312330904238,32.20875713361245,6.580401820989456,58.59750221033434,55.27925142276624,109.6,38.4,108.0,38.0,107.0,38.4,108.0,38.0,111.1894307016058,29.56608040001417,108.81680686259746,25.088270978818905,105.30062636166564,36.28293177410799,104.58128004615364,23.05062993084436
93.33333333333334,500.0,5.211348800272397,8.376148412347781,57.369293262625085,17.95851595357707,9.102339826940264,33.941225583291185,36.03274430982172,41.498665211570525,95.0,37.8,94.8,37.8,95.0,37.8,93.8,38.2,70.41264413623963,39.08816261544118,61.12642185781522,37.80912390501941,83.89708654684065,33.662012189982974,71.36059369738982,28.55367388501349
93.33333333333334,500.0,44.34573782095048,36.33570249394532,0.3037399981834165,56.947888135775045,20.561475412279616,42.77581139119352,59.54855169804455,1.5227202548656282,97.0,50.6,111.0,50.6,111.4,50.6,111.0,50.6,91.19331169150718,18.115413879553905,90.45347415407797,18.13509562101754,83.77073461292116,17.421162774439214,88.17237222269749,18.749474257796187
106.66666666666669,500.0,12.185706071055533,9.871360616351224,38.18921908201288,21.308982164732328,58.72518985345108,37.79540027620673,2.5780299027295883,43.858517242007046,93.6,23.8,92.8,23.8,92.8,23.8,92.8,23.8,102.20917699454895,36.71984924175907,85.36298090783269,28.950678436008623,70.61205151538219,12.804519429483436,99.21794831070906,12.383244278265956
106.66666666666669,500.0,35.82627493799728,53.58846969708266,43.20819699126219,7.507231169927746,11.735130422584266,27.941518173983763,12.730123982247626,51.94818559507895,71.8,21.0,71.8,21.8,72.6,21.4,72.0,21.0,98.58843838614708,42.11106454491911,96.3060898710427,52.83479709730733,108.98994350471986,47.491041142795055,106.27241931994833,40.87631261550188
106.66666666666669,500.0,54.54792674276843,52.36671813014358,26.083593019704068,55.73514920181355,7.387638858235346,41.06335839119891,53.37758006349498,9.829793063811872,98.8,26.6,99.0,26.6,99.2,26.6,98.2,27.0,113.34789453612645,32.26966552521804,113.96028454667628,31.326473358581545,116.41191195802196,35.986945709906486,119.08717868634425,43.16956111254994
106.66666666666669,500.0,56.55109035401546,42.16580384118928,1.3107137636651212,1.4520721328146746,28.47421354476287,46.709608125055446,25.28609564503224,25.513188285786125,98.2,50.4,99.8,51.6,101.6,50.8,100.2,51.2,92.09120308307516,25.6334013426217,110.7073161301728,35.16400418138109,110.69564518668696,22.630878302880856,79.32572713332871,27.41855169272052
106.66666666666669,500.0,26.29761949961138,10.622057669513667,8.159263100887744,35.044372623225776,56.50747002159251,44.56407627355854,51.436652017042434,17.332232140959412,101.0,51.6,101.6,51.2,100.6,51.2,100.6,51.6,104.9416231143233,24.563219382514887,108.71398906018192,9.581995573529092,84.48617872644569,4.077831816574282,89.16525738651299,19.99778547631225
106.66666666666669,500.0,25.588670881418164,38.09203944321389,3.4764116466160577,46.7646209904263,51.89543429029944,57.23531273787504,19.04502096122945,3.7262675310507687,113.4,37.0,113.2,37.0,113.6,36.8,114.2,37.2,87.1398728228413,24.66140830566572,106.7982110007951,16.04806146499024,66.38352211689822,8.768718307482423,87.75911265586602,44.51376889919511
106.66666666666669,500.0,1.2944118027610885,40.88481364879613,50.35445727302164,6.084072657683919,37.37126712945376,39.609436053519474,26.24652777410228,16.961404311282003,109.2,13.8,104.4,17.8,104.4,13.8,107.0,16.6,92.1163264518992,27.871445830492284,63.91683907666748,51.648524699340086,74.94855567883366,28.017148688128003,65.86124280735694,43.57406014533463
106.66666666666669,500.0,4.986313481924669,28.443465478277947,39.262306054545846,45.08312330904238,32.20875713361245,6.580401820989456,58.59750221033434,55.27925142276624,109.6,38.4,108.0,38.0,107.0,38.4,108.0,38.0,98.7528995831776,50.037058665016914,114.45903171452818,52.23592316542708,114.27016356339294,52.26911408626292,111.7833336145785,50.93772151258305
106.66666666666669,500.0,5.211348800272397,8.376148412347781,57.369293262625085,17.95851595357707,9.102339826940264,33.941225583291185,36.03274430982172,41.498665211570525,95.0,37.8,94.8,37.8,95.0,37.8,93.8,38.2,79.98550320797005,45.12487200166337,60.4919474733842,35.321117126031154,89.47747154809906,32.15441882646263,75.7192117235149,25.4406179899938
106.66666666666669,500.0,44.34573782095048,36.33570249394532,0.3037399981834165,56.947888135775045,20.561475412279616,42.77581139119352,59.54855169804455,1.5227202548656282,97.0,50.6,111.0,50.6,111.4,50.6,111.0,50.6,86.51019526512373,3.015130258502303,79.05743638526316,1.4646248325920226,109.64116401204453,11.358415878934125,78.51781351746081,25.38815890333512
120.0,500.0,12.185706071055533,9.871360616351224,38.18921908201288,21.308982164732328,58.72518985345108,37.79540027620673,2.5780299027295883,43.858517242007046,113.0,36.2,99.6,36.2,99.6,36.2,99.6,36.2,94.51078453166468,23.288136641162293,65.76310183698187,17.198139793531237,62.75555541920093,4.923402657039311,97.35947143243396,2.151113002431167
120.0,500.0,35.82627493799728,53.58846969708266,43.20819699126219,7.507231169927746,11.735130422584266,27.941518173983763,12.730123982247626,51.94818559507895,112.8,20.8,112.8,23.2,114.8,22.6,113.6,20.8,108.59891597317704,24.872631755945097,100.4176764048807,54.674461545424805,119.88936092056984,43.881364748611205,115.84184594980766,27.825949818990324
120.0,500.0,54.54792674276843,52.36671813014358,26.083593019704068,55.73514920181355,7.387638858235346,41.06335839119891,53.37758006349498,9.829793063811872,113.2,22.0,113.8,22.0,114.4,22.0,113.2,23.2,80.17067178293937,2.81076673343172,95.50541093896284,0.852498571124535,108.49380354281352,10.752083627632588,82.0998500121985,30.89666151709013
120.0,500.0,56.55109035401546,42.16580384118928,1.3107137636651212,1.4520721328146746,28.47421354476287,46.709608125055446,25.28609564503224,25.513188285786125,90.6,36.0,89.8,36.0,90.6,36.0,90.6,36.0,111.37721674171638,25.2585789834377,102.1496024836806,26.879904609940507,103.46484025683056,26.584982418575272,109.64471258399384,25.498210667416625
120.0,500.0,26.29761949961138,10.622057669513667,8.159263100887744,35.044372623225776,56.50747002159251,44.56407627355854,51.436652017042434,17.332232140959412,97.6,18.2,97.6,18.2,97.6,18.2,97.6,18.2,79.4122098028665,50.10146786051156,80.00720025675116,54.00979068179872,70.19567056752982,51.3836229286938,90.77528018990785,51.31274135738465
120.0,500.0,25.588670881418164,38.09203944321389,3.4764116466160577,46.7646209904263,51.89543429029944,57.23531273787504,19.04502096122945,3.7262675310507687,83.2,26.2,83.0,26.2,83.0,26.2,97.2,26.2,93.33550313830628,14.478580835262257,103.99393394302577,11.345855969411788,93.97585859960574,9.597018772331625,101.09156044003169,22.51429765184643
120.0,500.0,1.2944118027610885,40.88481364879613,50.35445727302164,6.084072657683919,37.37126712945376,39.609436053519474,26.24652777410228,16.961404311282003,99.4,20.6,99.4,21.8,99.4,20.0,100.0,21.2,102.73556233282342,22.37328653277281,78.320071465408,44.79074151104044,95.56821088776474,22.34794568124436,98.48807986142064,36.670089901381886
120.0,500.0,4.986313481924669,28.443465478277947,39.262306054545846,45.08312330904238,32.20875713361245,6.580401820989456,58.59750221033434,55.27925142276624,112.2,20.8,112.2,20.8,112.2,20.8,110.8,20.8,114.22459201719757,45.439697286162605,85.91541123231603,35.087856484914965,97.53088316708984,59.55620406387344,62.55272924964074,32.72975151284861
120.0,500.0,5.211348800272397,8.376148412347781,57.369293262625085,17.95851595357707,9.102339826940264,33.941225583291185,36.03274430982172,41.498665211570525,106.4,10.2,106.0,10.2,106.4,10.0,66.8,23.0,79.36314907149384,25.4944720260559,65.75389361937474,20.32634235224988,85.10897265298055,16.44373449108215,71.984409408839,14.12699570710176
120.0,500.0,44.34573782095048,36.33570249394532,0.3037399981834165,56.947888135775045,20.561475412279616,42.77581139119352,59.54855169804455,1.5227202548656282,88.8,52.2,89.4,52.2,89.4,52.2,89.4,52.2,99.31958138916532,25.80815568941728,100.86584716454276,25.65262279576093,108.53147464836871,29.52509422397264,88.15507698693936,36.78870171016068
0.0,500.0,12.185706071055533,9.871360616351224,38.18921908201288,21.308982164732328,2.5780299027295883,43.858517242007046,58.72518985345108,37.79540027620673,72.0,36.6,72.4,36.4,72.0,36.0,72.0,36.0,100.24204163336344,12.883779751853924,102.68070767645916,15.273542670186917,96.52241512872595,11.758120057581657,91.8637447619438,11.667142782466875
0.0,500.0,12.185706071055533,9.871360616351224,58.72518985345108,37.79540027620673,38.18921908201288,21.308982164732328,2.5780299027295883,43.858517242007046,73.8,35.8,73.8,35.8,73.8,35.8,72.8,35.8,100.24204163336344,12.883779751853924,91.8637447619438,11.667142782466875,102.68070767645916,15.273542670186917,96.52241512872595,11.758120057581657
0.0,500.0,12.185706071055533,9.871360616351224,58.72518985345108,37.79540027620673,2.5780299027295883,43.858517242007046,38.18921908201288,21.308982164732328,69.2,35.2,69.2,35.0,68.6,34.6,69.4,34.8,100.24204163336344,12.883779751853924,91.8637447619438,11.667142782466875,96.52241512872595,11.758120057581657,102.68070767645916,15.273542670186917
0.0,500.0,12.185706071055533,9.871360616351224,2.5780299027295883,43.858517242007046,38.18921908201288,21.308982164732328,58.72518985345108,37.79540027620673,68.4,35.2,67.4,35.2,68.4,35.2,68.4,35.2,100.24204163336344,12.883779751853924,96.52241512872595,11.758120057581657,102.68070767645916,15.273542670186917,91.8637447619438,11.667142782466875
0.0,500.0,12.185706071055533,9.871360616351224,2.5780299027295883,43.858517242007046,58.72518985345108,37.79540027620673,38.18921908201288,21.308982164732328,71.0,38.0,70.4,38.0,71.0,38.0,70.8,38.0,100.24204163336344,12.883779751853924,96.52241512872595,11.758120057581657,91.8637447619438,11.667142782466875,102.68070767645916,15.273542670186917
0.0,500.0,38.18921908201288,21.308982164732328,12.185706071055533,9.871360616351224,58.72518985345108,37.79540027620673,2.5780299027295883,43.858517242007046,70.0,34.4,69.6,34.6,69.6,34.0,68.6,34.0,102.68070767645916,15.273542670186917,100.24204163336344,12.883779751853924,91.8637447619438,11.667142782466875,96.52241512872595,11.758120057581657
0.0,500.0,38.18921908201288,21.308982164732328,12.185706071055533,9.871360616351224,2.5780299027295883,43.858517242007046,58.72518985345108,37.79540027620673,69.6,35.4,69.6,35.4,68.6,35.4,69.6,35.4,102.68070767645916,15.273542670186917,100.24204163336344,12.883779751853924,96.52241512872595,11.758120057581657,91.8637447619438,11.667142782466875
0.0,500.0,38.18921908201288,21.308982164732328,58.72518985345108,37.79540027620673,12.185706071055533,9.871360616351224,2.5780299027295883,43.858517242007046,70.4,36.4,69.8,36.0,70.4,36.6,68.8,36.0,102.68070767645916,15.273542670186917,91.8637447619438,11.667142782466875,100.24204163336344,12.883779751853924,96.52241512872595,11.758120057581657
0.0,500.0,38.18921908201288,21.308982164732328,58.72518985345108,37.79540027620673,2.5780299027295883,43.858517242007046,12.185706071055533,9.871360616351224,71.4,35.8,70.8,33.8,72.2,33.8,72.6,36.2,102.68070767645916,15.273542670186917,91.8637447619438,11.667142782466875,96.52241512872595,11.758120057581657,100.24204163336344,12.883779751853924
0.0,500.0,38.18921908201288,21.308982164732328,2.5780299027295883,43.858517242007046,12.185706071055533,9.871360616351224,58.72518985345108,37.79540027620673,70.0,35.8,69.0,35.8,70.0,35.8,70.0,35.8,102.68070767645916,15.273542670186917,96.52241512872595,11.758120057581657,100.24204163336344,12.883779751853924,91.8637447619438,11.667142782466875
0.0,500.0,38.18921908201288,21.308982164732328,2.5780299027295883,43.858517242007046,58.72518985345108,37.79540027620673,12.185706071055533,9.871360616351224,70.6,37.6,70.0,37.4,70.6,37.4,71.0,37.6,102.68070767645916,15.273542670186917,96.52241512872595,11.758120057581657,91.8637447619438,11.667142782466875,100.24204163336344,12.883779751853924
0.0,500.0,58.72518985345108,37.79540027620673,12.185706071055533,9.871360616351224,38.18921908201288,21.308982164732328,2.5780299027295883,43.858517242007046,68.4,35.4,68.4,35.4,68.4,35.4,67.6,35.4,91.8637447619438,11.667142782466875,100.24204163336344,12.883779751853924,102.68070767645916,15.273542670186917,96.52241512872595,11.758120057581657
0.0,500.0,58.72518985345108,37.79540027620673,12.185706071055533,9.871360616351224,2.5780299027295883,43.858517242007046,38.18921908201288,21.308982164732328,68.4,36.6,68.4,36.6,68.0,36.6,68.4,36.6,91.8637447619438,11.667142782466875,100.24204163336344,12.883779751853924,96.52241512872595,11.758120057581657,102.68070767645916,15.273542670186917
0.0,500.0,58.72518985345108,37.79540027620673,38.18921908201288,21.308982164732328,12.185706071055533,9.871360616351224,2.5780299027295883,43.858517242007046,70.8,34.6,70.8,34.6,70.8,34.6,70.0,34.6,91.8637447619438,11.667142782466875,102.68070767645916,15.273542670186917,100.24204163336344,12.883779751853924,96.52241512872595,11.758120057581657
0.0,500.0,58.72518985345108,37.79540027620673,38.18921908201288,21.308982164732328,2.5780299027295883,43.858517242007046,12.185706071055533,9.871360616351224,69.6,35.8,70.2,36.2,68.6,35.8,70.2,36.4,91.8637447619438,11.667142782466875,102.68070767645916,15.273542670186917,96.52241512872595,11.758120057581657,100.24204163336344,12.883779751853924
0.0,500.0,58.72518985345108,37.79540027620673,2.5780299027295883,43.858517242007046,12.185706071055533,9.871360616351224,38.18921908201288,21.308982164732328,70.0,35.6,70.6,35.6,70.6,36.2,70.0,36.2,91.8637447619438,11.667142782466875,96.52241512872595,11.758120057581657,100.24204163336344,12.883779751853924,102.68070767645916,15.273542670186917
0.0,500.0,58.72518985345108,37.79540027620673,2.5780299027295883,43.858517242007046,38.18921908201288,21.308982164732328,12.185706071055533,9.871360616351224,70.8,34.4,71.8,34.4,71.2,35.4,72.2,35.4,91.8637447619438,11.667142782466875,96.52241512872595,11.758120057581657,102.68070767645916,15.273542670186917,100.24204163336344,12.883779751853924
0.0,500.0,2.5780299027295883,43.858517242007046,12.185706071055533,9.871360616351224,38.18921908201288,21.308982164732328,58.72518985345108,37.79540027620673,66.8,36.8,67.8,36.8,67.8,36.8,67.8,36.8,96.52241512872595,11.758120057581657,100.24204163336344,12.883779751853924,102.68070767645916,15.273542670186917,91.8637447619438,11.667142782466875
0.0,500.0,2.5780299027295883,43.858517242007046,12.185706071055533,9.871360616351224,58.72518985345108,37.79540027620673,38.18921908201288,21.308982164732328,70.2,33.2,69.8,34.2,69.2,33.0,69.2,33.8,96.52241512872595,11.758120057581657,100.24204163336344,12.883779751853924,91.8637447619438,11.667142782466875,102.68070767645916,15.273542670186917
0.0,500.0,2.5780299027295883,43.858517242007046,38.18921908201288,21.308982164732328,12.185706071055533,9.871360616351224,58.72518985345108,37.79540027620673,71.6,35.6,72.4,35.6,72.2,35.6,72.2,35.6,96.52241512872595,11.758120057581657,102.68070767645916,15.273542670186917,100.24204163336344,12.883779751853924,91.8637447619438,11.667142782466875
0.0,500.0,2.5780299027295883,43.858517242007046,38.18921908201288,21.308982164732328,58.72518985345108,37.79540027620673,12.185706071055533,9.871360616351224,68.4,35.8,69.2,35.8,69.2,35.8,69.2,35.8,96.52241512872595,11.758120057581657,102.68070767645916,15.273542670186917,91.8637447619438,11.667142782466875,100.24204163336344,12.883779751853924
0.0,500.0,2.5780299027295883,43.858517242007046,58.72518985345108,37.79540027620673,12.185706071055533,9.871360616351224,38.18921908201288,21.308982164732328,67.6,35.6,68.4,35.6,68.8,36.2,68.4,36.2,96.52241512872595,11.758120057581657,91.8637447619438,11.667142782466875,100.24204163336344,12.883779751853924,102.68070767645916,15.273542670186917
0.0,500.0,2.5780299027295883,43.858517242007046,58.72518985345108,37.79540027620673,38.18921908201288,21.308982164732328,12.185706071055533,9.871360616351224,70.8,35.4,71.4,35.4,71.6,35.4,71.6,35.6,96.52241512872595,11.758120057581657,91.8637447619438,11.667142782466875,102.68070767645916,15.273542670186917,100.24204163336344,12.883779751853924
0.0,500.0,35.82627493799728,53.58846969708266,43.20819699126219,7.507231169927746,12.730123982247626,51.94818559507895,11.735130422584266,27.941518173983763,97.8,21.0,97.8,22.6,97.8,21.0,98.2,22.4,65.76521557456098,13.459161793974316,61.92296141443819,44.73652981299354,79.01716843575264,15.309514615595925,78.08102103401674,31.198792831640915
0.0,500.0,35.82627493799728,53.58846969708266,11.735130422584266,27.941518173983763,43.20819699126219,7.507231169927746,12.730123982247626,51.94818559507895,96.8,21.2,96.6,21.4,96.8,21.6,96.6,21.0,65.76521557456098,13.459161793974316,78.08102103401674,31.198792831640915,61.92296141443819,44.73652981299354,79.01716843575264,15.309514615595925
0.0,500.0,35.82627493799728,53.58846969708266,11.735130422584266,27.941518173983763,12.730123982247626,51.94818559507895,43.20819699126219,7.507231169927746,97.2,21.2,98.0,22.4,97.4,21.2,97.2,22.8,65.76521557456098,13.459161793974316,78.08102103401674,31.198792831640915,79.01716843575264,15.309514615595925,61.92296141443819,44.73652981299354
0.0,500.0,35.82627493799728,53.58846969708266,12.730123982247626,51.94818559507895,43.20819699126219,7.507231169927746,11.735130422584266,27.941518173983763,94.8,21.6,95.0,21.6,94.8,24.0,94.8,24.0,65.76521557456098,13.459161793974316,79.01716843575264,15.309514615595925,61.92296141443819,44.73652981299354,78.08102103401674,31.198792831640915
0.0,500.0,35.82627493799728,53.58846969708266,12.730123982247626,51.94818559507895,11.735130422584266,27.941518173983763,43.20819699126219,7.507231169927746,96.4,21.2,96.0,21.2,96.4,22.4,96.4,22.4,65.76521557456098,13.459161793974316,79.01716843575264,15.309514615595925,78.08102103401674,31.198792831640915,61.92296141443819,44.73652981299354
0.0,500.0,43.20819699126219,7.507231169927746,35.82627493799728,53.58846969708266,11.735130422584266,27.941518173983763,12.730123982247626,51.94818559507895,98.6,21.2,98.0,20.8,98.6,21.2,98.4,20.8,61.92296141443819,44.73652981299354,65.76521557456098,13.459161793974316,78.08102103401674,31.198792831640915,79.01716843575264,15.309514615595925
0.0,500.0,43.20819699126219,7.507231169927746,35.82627493799728,53.58846969708266,12.730123982247626,51.94818559507895,11.735130422584266,27.941518173983763,100.0,21.8,100.0,20.2,99.6,20.2,100.0,21.8,61.92296141443819,44.73652981299354,65.76521557456098,13.459161793974316,79.01716843575264,15.309514615595925,78.08102103401674,31.198792831640915
0.0,500.0,43.20819699126219,7.507231169927746,11.735130422584266,27.941518173983763,35.82627493799728,53.58846969708266,12.730123982247626,51.94818559507895,97.6,21.8,97.6,21.8,97.2,21.0,97.4,21.0,61.92296141443819,44.73652981299354,78.08102103401674,31.198792831640915,65.76521557456098,13.459161793974316,79.01716843575264,15.309514615595925
0.0,500.0,43.20819699126219,7.507231169927746,11.735130422584266,27.941518173983763,12.730123982247626,51.94818559507895,35.82627493799728,53.58846969708266,98.2,23.6,98.2,23.6,98.0,22.4,98.2,22.4,61.92296141443819,44.73652981299354,78.08102103401674,31.198792831640915,79.01716843575264,15.309514615595925,65.76521557456098,13.459161793974316
0.0,500.0,43.20819699126219,7.507231169927746,12.730123982247626,51.94818559507895,35.82627493799728,53.58846969708266,11.735130422584266,27.941518173983763,97.4,20.4,97.2,20.0,97.4,20.0,97.6,20.4,61.92296141443819,44.73652981299354,79.01716843575264,15.309514615595925,65.76521557456098,13.459161793974316,78.08102103401674,31.198792831640915
0.0,500.0,43.20819699126219,7.507231169927746,12.730123982247626,51.94818559507895,11.735130422584266,27.941518173983763,35.82627493799728,53.58846969708266,98.6,20.8,98.6,20.4,98.6,20.8,98.6,20.4,61.92296141443819,44.73652981299354,79.01716843575264,15.309514615595925,78.08102103401674,31.198792831640915,65.76521557456098,13.459161793974316
0.0,500.0,11.735130422584266,27.941518173983763,35.82627493799728,53.58846969708266,43.20819699126219,7.507231169927746,12.730123982247626,51.94818559507895,96.6,22.2,96.4,20.8,96.8,22.4,96.4,20.6,78.08102103401674,31.198792831640915,65.76521557456098,13.459161793974316,61.92296141443819,44.73652981299354,79.01716843575264,15.309514615595925
0.0,500.0,11.735130422584266,27.941518173983763,35.82627493799728,53.58846969708266,12.730123982247626,51.94818559507895,43.20819699126219,7.507231169927746,98.0,22.0,98.0,20.8,97.8,20.8,98.0,22.0,78.08102103401674,31.198792831640915,65.76521557456098,13.459161793974316,79.01716843575264,15.309514615595925,61.92296141443819,44.73652981299354
0.0,500.0,11.735130422584266,27.941518173983763,43.20819699126219,7.507231169927746,35.82627493799728,53.58846969708266,12.730123982247626,51.94818559507895,97.4,24.2,97.4,24.2,97.4,22.2,96.8,22.2,78.08102103401674,31.198792831640915,61.92296141443819,44.73652981299354,65.76521557456098,13.459161793974316,79.01716843575264,15.309514615595925
0.0,500.0,11.735130422584266,27.941518173983763,43.20819699126219,7.507231169927746,12.730123982247626,51.94818559507895,35.82627493799728,53.58846969708266,96.2,22.8,96.2,22.8,96.2,21.2,96.2,21.2,78.08102103401674,31.198792831640915,61.92296141443819,44.73652981299354,79.01716843575264,15.309514615595925,65.76521557456098,13.459161793974316
0.0,500.0,11.735130422584266,27.941518173983763,12.730123982247626,51.94818559507895,35.82627493799728,53.58846969708266,43.20819699126219,7.507231169927746,98.2,22.0,98.2,22.0,98.0,22.0,98.2,22.0,78.08102103401674,31.198792831640915,79.01716843575264,15.309514615595925,65.76521557456098,13.459161793974316,61.92296141443819,44.73652981299354
0.0,500.0,11.735130422584266,27.941518173983763,12.730123982247626,51.94818559507895,43.20819699126219,7.507231169927746,35.82627493799728,53.58846969708266,98.2,23.4,97.8,21.8,98.2,23.4,98.2,21.8,78.08102103401674,31.198792831640915,79.01716843575264,15.309514615595925,61.92296141443819,44.73652981299354,65.76521557456098,13.459161793974316
0.0,500.0,12.730123982247626,51.94818559507895,35.82627493799728,53.58846969708266,43.20819699126219,7.507231169927746,11.735130422584266,27.941518173983763,96.6,20.4,96.8,20.4,96.8,21.6,96.8,21.6,79.01716843575264,15.309514615595925,65.76521557456098,13.459161793974316,61.92296141443819,44.73652981299354,78.08102103401674,31.198792831640915
0.0,500.0,12.730123982247626,51.94818559507895,35.82627493799728,53.58846969708266,11.735130422584266,27.941518173983763,43.20819699126219,7.507231169927746,99.0,21.8,99.0,21.8,99.4,22.2,99.4,22.2,79.01716843575264,15.309514615595925,65.76521557456098,13.459161793974316,78.08102103401674,31.198792831640915,61.92296141443819,44.73652981299354
0.0,500.0,12.730123982247626,51.94818559507895,43.20819699126219,7.507231169927746,35.82627493799728,53.58846969708266,11.735130422584266,27.941518173983763,95.6,19.4,95.6,20.6,95.6,19.4,95.6,20.6,79.01716843575264,15.309514615595925,61.92296141443819,44.73652981299354,65.76521557456098,13.459161793974316,78.08102103401674,31.198792831640915
0.0,500.0,12.730123982247626,51.94818559507895,43.20819699126219,7.507231169927746,11.735130422584266,27.941518173983763,35.82627493799728,53.58846969708266,98.2,21.4,98.4,22.2,98.4,22.2,98.2,21.4,79.01716843575264,15.309514615595925,61.92296141443819,44.73652981299354,78.08102103401674,31.198792831640915,65.76521557456098,13.459161793974316
0.0,500.0,12.730123982247626,51.94818559507895,11.735130422584266,27.941518173983763,35.82627493799728,53.58846969708266,43.20819699126219,7.507231169927746,97.2,21.4,97.2,22.6,97.2,21.4,97.2,22.6,79.01716843575264,15.309514615595925,78.08102103401674,31.198792831640915,65.76521557456098,13.459161793974316,61.92296141443819,44.73652981299354
0.0,500.0,12.730123982247626,51.94818559507895,11.735130422584266,27.941518173983763,43.20819699126219,7.507231169927746,35.82627493799728,53.58846969708266,96.2,21.2,96.2,21.6,96.2,21.6,96.2,21.2,79.01716843575264,15.309514615595925,78.08102103401674,31.198792831640915,61.92296141443819,44.73652981299354,65.76521557456098,13.459161793974316
0.0,500.0,54.54792674276843,52.36671813014358,26.083593019704068,55.73514920181355,53.37758006349498,9.829793063811872,7.387638858235346,41.06335839119891,72.8,38.8,73.4,38.8,72.8,39.2,73.4,38.8,67.73523445648995,26.939639020644385,77.55629851299992,26.09227071846133,94.58431354790685,40.82648517346861,78.98736291884289,29.787916224769177
0.0,500.0,54.54792674276843,52.36671813014358,7.387638858235346,41.06335839119891,26.083593019704068,55.73514920181355,53.37758006349498,9.829793063811872,73.0,38.0,75.8,38.2,75.4,38.0,73.0,40.0,67.73523445648995,26.939639020644385,78.98736291884289,29.787916224769177,77.55629851299992,26.09227071846133,94.58431354790685,40.82648517346861
0.0,500.0,54.54792674276843,52.36671813014358,7.387638858235346,41.06335839119891,53.37758006349498,9.829793063811872,26.083593019704068,55.73514920181355,69.0,37.2,70.2,37.2,69.0,38.0,70.2,37.2,67.73523445648995,26.939639020644385,78.98736291884289,29.787916224769177,94.58431354790685,40.82648517346861,77.55629851299992,26.09227071846133
0.0,500.0,54.54792674276843,52.36671813014358,53.37758006349498,9.829793063811872,26.083593019704068,55.73514920181355,7.387638858235346,41.06335839119891,72.4,37.8,73.0,40.2,76.0,37.8,76.0,38.0,67.73523445648995,26.939639020644385,94.58431354790685,40.82648517346861,77.55629851299992,26.09227071846133,78.98736291884289,29.787916224769177
0.0,500.0,54.54792674276843,52.36671813014358,53.37758006349498,9.829793063811872,7.387638858235346,41.06335839119891,26.083593019704068,55.73514920181355,75.0,39.0,75.0,40.6,77.4,39.2,77.0,39.2,67.73523445648995,26.939639020644385,94.58431354790685,40.82648517346861,78.98736291884289,29.787916224769177,77.55629851299992,26.09227071846133
0.0,500.0,26.083593019704068,55.73514920181355,54.54792674276843,52.36671813014358,7.387638858235346,41.06335839119891,53.37758006349498,9.829793063811872,75.0,36.2,72.6,36.2,75.2,36.8,73.2,38.2,77.55629851299992,26.09227071846133,67.73523445648995,26.939639020644385,78.98736291884289,29.787916224769177,94.58431354790685,40.82648517346861
0.0,500.0,26.083593019704068,55.73514920181355,54.54792674276843,52.36671813014358,53.37758006349498,9.829793063811872,7.387638858235346,41.06335839119891,75.0,38.8,73.8,38.8,73.8,39.6,75.0,38.8,77.55629851299992,26.09227071846133,67.73523445648995,26.939639020644385,94.58431354790685,40.82648517346861,78.98736291884289,29.787916224769177
0.0,500.0,26.083593019704068,55.73514920181355,7.387638858235346,41.06335839119891,54.54792674276843,52.36671813014358,53.37758006349498,9.829793063811872,79.6,39.2,79.6,39.2,78.4,39.2,78.4,40.0,77.55629851299992,26.09227071846133,78.98736291884289,29.787916224769177,67.73523445648995,26.939639020644385,94.58431354790685,40.82648517346861
0.0,500.0,26.083593019704068,55.73514920181355,7.387638858235346,41.06335839119891,53.37758006349498,9.829793063811872,54.54792674276843,52.36671813014358,71.2,38.0,71.8,38.0,70.0,39.2,70.6,38.0,77.55629851299992,26.09227071846133,78.98736291884289,29.787916224769177,94.58431354790685,40.82648517346861,67.73523445648995,26.939639020644385
0.0,500.0,26.083593019704068,55.73514920181355,53.37758006349498,9.829793063811872,54.54792674276843,52.36671813014358,7.387638858235346,41.06335839119891,76.4,37.6,73.4,39.6,73.4,37.6,76.4,37.6,77.55629851299992,26.09227071846133,94.58431354790685,40.82648517346861,67.73523445648995,26.939639020644385,78.98736291884289,29.787916224769177
0.0,500.0,26.083593019704068,55.73514920181355,53.37758006349498,9.829793063811872,7.387638858235346,41.06335839119891,54.54792674276843,52.36671813014358,76.2,38.4,73.8,40.4,76.2,38.6,73.2,38.4,77.55629851299992,26.09227071846133,94.58431354790685,40.82648517346861,78.98736291884289,29.787916224769177,67.73523445648995,26.939639020644385
0.0,500.0,7.387638858235346,41.06335839119891,54.54792674276843,52.36671813014358,26.083593019704068,55.73514920181355,53.37758006349498,9.829793063811872,72.2,38.4,69.2,38.2,72.2,38.2,69.8,40.2,78.98736291884289,29.787916224769177,67.73523445648995,26.939639020644385,77.55629851299992,26.09227071846133,94.58431354790685,40.82648517346861
0.0,500.0,7.387638858235346,41.06335839119891,54.54792674276843,52.36671813014358,53.37758006349498,9.829793063811872,26.083593019704068,55.73514920181355,77.2,39.0,74.4,38.8,74.4,40.8,77.0,38.8,78.98736291884289,29.787916224769177,67.73523445648995,26.939639020644385,94.58431354790685,40.82648517346861,77.55629851299992,26.09227071846133
0.0,500.0,7.387638858235346,41.06335839119891,26.083593019704068,55.73514920181355,54.54792674276843,52.36671813014358,53.37758006349498,9.829793063811872,74.4,38.2,74.4,38.0,71.4,38.0,72.0,40.0,78.98736291884289,29.787916224769177,77.55629851299992,26.09227071846133,67.73523445648995,26.939639020644385,94.58431354790685,40.82648517346861
0.0,500.0,7.387638858235346,41.06335839119891,26.083593019704068,55.73514920181355,53.37758006349498,9.829793063811872,54.54792674276843,52.36671813014358,76.4,37.8,76.2,37.6,73.0,40.0,73.0,37.6,78.98736291884289,29.787916224769177,77.55629851299992,26.09227071846133,94.58431354790685,40.82648517346861,67.73523445648995,26.939639020644385
0.0,500.0,7.387638858235346,41.06335839119891,53.37758006349498,9.829793063811872,54.54792674276843,52.36671813014358,26.083593019704068,55.73514920181355,75.6,37.8,73.2,39.4,73.2,37.8,75.6,37.8,78.98736291884289,29.787916224769177,94.58431354790685,40.82648517346861,67.73523445648995,26.939639020644385,77.55629851299992,26.09227071846133
0.0,500.0,7.387638858235346,41.06335839119891,53.37758006349498,9.829793063811872,26.083593019704068,55.73514920181355,54.54792674276843,52.36671813014358,69.4,37.8,65.2,40.6,68.8,37.4,64.8,37.6,78.98736291884289,29.787916224769177,94.58431354790685,40.82648517346861,77.55629851299992,26.09227071846133,67.73523445648995,26.939639020644385
0.0,500.0,53.37758006349498,9.829793063811872,54.54792674276843,52.36671813014358,26.083593019704068,55.73514920181355,7.387638858235346,41.06335839119891,69.6,39.2,69.6,38.0,71.4,38.0,71.4,38.0,94.58431354790685,40.82648517346861,67.73523445648995,26.939639020644385,77.55629851299992,26.09227071846133,78.98736291884289,29.787916224769177
0.0,500.0,53.37758006349498,9.829793063811872,54.54792674276843,52.36671813014358,7.387638858235346,41.06335839119891,26.083593019704068,55.73514920181355,73.6,40.4,73.0,38.8,75.4,39.0,75.8,38.8,94.58431354790685,40.82648517346861,67.73523445648995,26.939639020644385,78.98736291884289,29.787916224769177,77.55629851299992,26.09227071846133
0.0,500.0,53.37758006349498,9.829793063811872,26.083593019704068,55.73514920181355,54.54792674276843,52.36671813014358,7.387638858235346,41.06335839119891,74.2,39.8,75.4,38.6,73.6,38.6,75.4,38.8,94.58431354790685,40.82648517346861,77.55629851299992,26.09227071846133,67.73523445648995,26.939639020644385,78.98736291884289,29.787916224769177
0.0,500.0,53.37758006349498,9.829793063811872,26.083593019704068,55.73514920181355,7.387638858235346,41.06335839119891,54.54792674276843,52.36671813014358,72.2,38.0,72.8,37.6,72.8,37.6,72.2,37.6,94.58431354790685,40.82648517346861,77.55629851299992,26.09227071846133,78.98736291884289,29.787916224769177,67.73523445648995,26.939639020644385
0.0,500.0,53.37758006349498,9.829793063811872,7.387638858235346,41.06335839119891,54.54792674276843,52.36671813014358,26.083593019704068,55.73514920181355,72.0,40.0,74.4,38.4,72.0,38.4,74.4,38.4,94.58431354790685,40.82648517346861,78.98736291884289,29.787916224769177,67.73523445648995,26.939639020644385,77.55629851299992,26.09227071846133
0.0,500.0,53.37758006349498,9.829793063811872,7.387638858235346,41.06335839119891,26.083593019704068,55.73514920181355,54.54792674276843,52.36671813014358,74.4,41.6,75.6,40.6,75.6,40.4,73.8,40.4,94.58431354790685,40.82648517346861,78.98736291884289,29.787916224769177,77.55629851299992,26.09227071846133,67.73523445648995,26.939639020644385
0.0,500.0,56.55109035401546,42.16580384118928,1.3107137636651212,1.4520721328146746,25.28609564503224,25.513188285786125,28.47421354476287,46.709608125055446,65.2,9.4,93.8,50.4,93.6,36.2,104.6,9.8,78.35291665588804,27.261846690458352,95.32043520388704,37.48053826092546,86.68535315917919,30.136405221113304,84.33622331151977,24.88430521213938
0.0,500.0,56.55109035401546,42.16580384118928,28.47421354476287,46.709608125055446,1.3107137636651212,1.4520721328146746,25.28609564503224,25.513188285786125,66.8,9.0,104.6,9.0,96.0,49.4,95.2,35.8,78.35291665588804,27.261846690458352,84.33622331151977,24.88430521213938,95.32043520388704,37.48053826092546,86.68535315917919,30.136405221113304
0.0,500.0,56.55109035401546,42.16580384118928,28.47421354476287,46.709608125055446,25.28609564503224,25.513188285786125,1.3107137636651212,1.4520721328146746,70.2,10.2,107.4,10.6,96.8,35.2,97.0,48.4,78.35291665588804,27.261846690458352,84.33622331151977,24.88430521213938,86.68535315917919,30.136405221113304,95.32043520388704,37.48053826092546
0.0,500.0,56.55109035401546,42.16580384118928,25.28609564503224,25.513188285786125,1.3107137636651212,1.4520721328146746,28.47421354476287,46.709608125055446,67.6,8.6,97.6,36.8,97.8,51.6,109.8,9.0,78.35291665588804,27.261846690458352,86.68535315917919,30.136405221113304,95.32043520388704,37.48053826092546,84.33622331151977,24.88430521213938
0.0,500.0,56.55109035401546,42.16580384118928,25.28609564503224,25.513188285786125,28.47421354476287,46.709608125055446,1.3107137636651212,1.4520721328146746,66.6,9.2,94.4,36.2,106.0,9.2,95.2,49.8,78.35291665588804,27.261846690458352,86.68535315917919,30.136405221113304,84.33622331151977,24.88430521213938,95.32043520388704,37.48053826092546
0.0,500.0,1.3107137636651212,1.4520721328146746,56.55109035401546,42.16580384118928,28.47421354476287,46.709608125055446,25.28609564503224,25.513188285786125,94.4,47.4,69.4,11.4,104.8,11.4,93.2,35.2,95.32043520388704,37.48053826092546,78.35291665588804,27.261846690458352,84.33622331151977,24.88430521213938,86.68535315917919,30.136405221113304
0.0,500.0,1.3107137636651212,1.4520721328146746,56.55109035401546,42.16580384118928,25.28609564503224,25.513188285786125,28.47421354476287,46.709608125055446,94.4,48.6,65.6,8.4,92.0,34.8,103.4,8.4,95.32043520388704,37.48053826092546,78.35291665588804,27.261846690458352,86.68535315917919,30.136405221113304,84.33622331151977,24.88430521213938
0.0,500.0,1.3107137636651212,1.4520721328146746,28.47421354476287,46.709608125055446,56.55109035401546,42.16580384118928,25.28609564503224,25.513188285786125,96.0,51.0,104.0,10.2,65.8,9.8,94.6,36.6,95.32043520388704,37.48053826092546,84.33622331151977,24.88430521213938,78.35291665588804,27.261846690458352,86.68535315917919,30.136405221113304
0.0,500.0,1.3107137636651212,1.4520721328146746,28.47421354476287,46.709608125055446,25.28609564503224,25.513188285786125,56.55109035401546,42.16580384118928,95.2,48.4,105.8,11.0,94.4,35.8,68.4,11.0,95.32043520388704,37.48053826092546,84.33622331151977,24.88430521213938,86.68535315917919,30.136405221113304,78.35291665588804,27.261846690458352
0.0,500.0,1.3107137636651212,1.4520721328146746,25.28609564503224,25.513188285786125,56.55109035401546,42.16580384118928,28.47421354476287,46.709608125055446,96.0,50.4,95.6,37.2,68.0,11.0,106.4,11.0,95.32043520388704,37.48053826092546,86.68535315917919,30.136405221113304,78.35291665588804,27.261846690458352,84.33622331151977,24.88430521213938
0.0,500.0,1.3107137636651212,1.4520721328146746,25.28609564503224,25.513188285786125,28.47421354476287,46.709608125055446,56.55109035401546,42.16580384118928,98.8,51.8,99.0,36.4,111.0,7.2,67.0,6.8,95.32043520388704,37.48053826092546,86.68535315917919,30.136405221113304,84.33622331151977,24.88430521213938,78.35291665588804,27.261846690458352
0.0,500.0,28.47421354476287,46.709608125055446,56.55109035401546,42.16580384118928,1.3107137636651212,1.4520721328146746,25.28609564503224,25.513188285786125,104.2,10.4,67.0,10.4,95.8,50.2,95.0,36.8,84.33622331151977,24.88430521213938,78.35291665588804,27.261846690458352,95.32043520388704,37.48053826092546,86.68535315917919,30.136405221113304
0.0,500.0,28.47421354476287,46.709608125055446,56.55109035401546,42.16580384118928,25.28609564503224,25.513188285786125,1.3107137636651212,1.4520721328146746,107.4,10.6,70.2,10.6,94.6,34.8,96.2,47.2,84.33622331151977,24.88430521213938,78.35291665588804,27.261846690458352,86.68535315917919,30.136405221113304,95.32043520388704,37.48053826092546
0.0,500.0,28.47421354476287,46.709608125055446,1.3107137636651212,1.4520721328146746,56.55109035401546,42.16580384118928,25.28609564503224,25.513188285786125,106.2,8.8,94.8,48.2,66.8,8.8,94.8,35.0,84.33622331151977,24.88430521213938,95.32043520388704,37.48053826092546,78.35291665588804,27.261846690458352,86.68535315917919,30.136405221113304
0.0,500.0,28.47421354476287,46.709608125055446,1.3107137636651212,1.4520721328146746,25.28609564503224,25.513188285786125,56.55109035401546,42.16580384118928,104.8,8.0,97.2,49.8,95.6,35.6,66.2,8.0,84.33622331151977,24.88430521213938,95.32043520388704,37.48053826092546,86.68535315917919,30.136405221113304,78.35291665588804,27.261846690458352
0.0,500.0,28.47421354476287,46.709608125055446,25.28609564503224,25.513188285786125,56.55109035401546,42.16580384118928,1.3107137636651212,1.4520721328146746,106.2,9.2,93.6,37.8,64.2,9.2,94.0,52.2,84.33622331151977,24.88430521213938,86.68535315917919,30.136405221113304,78.35291665588804,27.261846690458352,95.32043520388704,37.48053826092546
0.0,500.0,28.47421354476287,46.709608125055446,25.28609564503224,25.513188285786125,1.3107137636651212,1.4520721328146746,56.55109035401546,42.16580384118928,104.0,9.8,91.2,35.0,92.0,47.8,65.4,9.8,84.33622331151977,24.88430521213938,86.68535315917919,30.136405221113304,95.32043520388704,37.48053826092546,78.35291665588804,27.261846690458352
0.0,500.0,25.28609564503224,25.513188285786125,56.55109035401546,42.16580384118928,1.3107137636651212,1.4520721328146746,28.47421354476287,46.709608125055446,95.6,35.4,67.4,8.0,97.0,49.4,106.8,8.0,86.68535315917919,30.136405221113304,78.35291665588804,27.261846690458352,95.32043520388704,37.48053826092546,84.33622331151977,24.88430521213938
0.0,500.0,25.28609564503224,25.513188285786125,56.55109035401546,42.16580384118928,28.47421354476287,46.709608125055446,1.3107137636651212,1.4520721328146746,94.8,35.2,70.2,12.2,103.4,12.2,95.2,46.8,86.68535315917919,30.136405221113304,78.35291665588804,27.261846690458352,84.33622331151977,24.88430521213938,95.32043520388704,37.48053826092546
0.0,500.0,25.28609564503224,25.513188285786125,1.3107137636651212,1.4520721328146746,56.55109035401546,42.16580384118928,28.47421354476287,46.709608125055446,95.6,35.6,96.0,47.6,70.2,11.8,104.6,11.8,86.68535315917919,30.136405221113304,95.32043520388704,37.48053826092546,78.35291665588804,27.261846690458352,84.33622331151977,24.88430521213938
0.0,500.0,25.28609564503224,25.513188285786125,1.3107137636651212,1.4520721328146746,28.47421354476287,46.709608125055446,56.55109035401546,42.16580384118928,95.4,36.4,95.8,51.6,105.6,6.2,63.2,6.2,86.68535315917919,30.136405221113304,95.32043520388704,37.48053826092546,84.33622331151977,24.88430521213938,78.35291665588804,27.261846690458352
0.0,500.0,25.28609564503224,25.513188285786125,28.47421354476287,46.709608125055446,56.55109035401546,42.16580384118928,1.3107137636651212,1.4520721328146746,92.4,36.2,104.6,10.2,66.0,10.2,94.0,49.6,86.68535315917919,30.136405221113304,84.33622331151977,24.88430521213938,78.35291665588804,27.261846690458352,95.32043520388704,37.48053826092546
0.0,500.0,25.28609564503224,25.513188285786125,28.47421354476287,46.709608125055446,1.3107137636651212,1.4520721328146746,56.55109035401546,42.16580384118928,96.2,36.2,109.4,10.6,97.0,50.0,69.0,10.2,86.68535315917919,30.136405221113304,84.33622331151977,24.88430521213938,95.32043520388704,37.48053826092546,78.35291665588804,27.261846690458352
0.0,500.0,26.29761949961138,10.622057669513667,8.159263100887744,35.044372623225776,51.436652017042434,17.332232140959412,56.50747002159251,44.56407627355854,108.2,51.6,107.4,37.6,79.8,51.4,79.8,37.8,79.83320986796934,27.76269725906485,81.96805295184417,21.915426661067755,81.5688321469406,27.62339570563156,69.3112710617222,19.194685971002244
0.0,500.0,26.29761949961138,10.622057669513667,56.50747002159251,44.56407627355854,8.159263100887744,35.044372623225776,51.436652017042434,17.332232140959412,110.6,49.8,84.0,36.8,110.4,36.8,84.0,49.8,79.83320986796934,27.76269725906485,69.3112710617222,19.194685971002244,81.96805295184417,21.915426661067755,81.5688321469406,27.62339570563156
0.0,500.0,26.29761949961138,10.622057669513667,56.50747002159251,44.56407627355854,51.436652017042434,17.332232140959412,8.159263100887744,35.044372623225776,106.6,47.4,80.6,35.2,80.6,47.4,103.8,35.2,79.83320986796934,27.76269725906485,69.3112710617222,19.194685971002244,81.5688321469406,27.62339570563156,81.96805295184417,21.915426661067755
0.0,500.0,26.29761949961138,10.622057669513667,51.436652017042434,17.332232140959412,8.159263100887744,35.044372623225776,56.50747002159251,44.56407627355854,106.2,49.8,78.8,49.8,104.8,36.6,78.8,36.2,79.83320986796934,27.76269725906485,81.5688321469406,27.62339570563156,81.96805295184417,21.915426661067755,69.3112710617222,19.194685971002244
0.0,500.0,26.29761949961138,10.622057669513667,51.436652017042434,17.332232140959412,56.50747002159251,44.56407627355854,8.159263100887744,35.044372623225776,105.2,47.2,82.6,46.6,82.6,36.6,103.6,36.0,79.83320986796934,27.76269725906485,81.5688321469406,27.62339570563156,69.3112710617222,19.194685971002244,81.96805295184417,21.915426661067755
0.0,500.0,8.159263100887744,35.044372623225776,26.29761949961138,10.622057669513667,56.50747002159251,44.56407627355854,51.436652017042434,17.332232140959412,107.2,35.2,110.0,49.0,81.0,35.4,81.0,48.8,81.96805295184417,21.915426661067755,79.83320986796934,27.76269725906485,69.3112710617222,19.194685971002244,81.5688321469406,27.62339570563156
0.0,500.0,8.159263100887744,35.044372623225776,26.29761949961138,10.622057669513667,51.436652017042434,17.332232140959412,56.50747002159251,44.56407627355854,105.2,35.8,106.4,48.2,81.8,48.2,81.8,35.8,81.96805295184417,21.915426661067755,79.83320986796934,27.76269725906485,81.5688321469406,27.62339570563156,69.3112710617222,19.194685971002244
0.0,500.0,8.159263100887744,35.044372623225776,56.50747002159251,44.56407627355854,26.29761949961138,10.622057669513667,51.436652017042434,17.332232140959412,109.6,36.4,80.4,36.4,110.8,51.6,80.4,51.8,81.96805295184417,21.915426661067755,69.3112710617222,19.194685971002244,79.83320986796934,27.76269725906485,81.5688321469406,27.62339570563156
0.0,500.0,8.159263100887744,35.044372623225776,56.50747002159251,44.56407627355854,51.436652017042434,17.332232140959412,26.29761949961138,10.622057669513667,104.8,35.2,82.6,35.2,82.6,46.6,105.4,46.6,81.96805295184417,21.915426661067755,69.3112710617222,19.194685971002244,81.5688321469406,27.62339570563156,79.83320986796934,27.76269725906485
0.0,500.0,8.159263100887744,35.044372623225776,51.436652017042434,17.332232140959412,26.29761949961138,10.622057669513667,56.50747002159251,44.56407627355854,109.2,36.8,80.4,50.8,109.6,51.0,80.4,37.0,81.96805295184417,21.915426661067755,81.5688321469406,27.62339570563156,79.83320986796934,27.76269725906485,69.3112710617222,19.194685971002244
0.0,500.0,8.159263100887744,35.044372623225776,51.436652017042434,17.332232140959412,56.50747002159251,44.56407627355854,26.29761949961138,10.622057669513667,104.4,36.8,79.6,49.6,79.6,37.0,106.6,49.8,81.96805295184417,21.915426661067755,81.5688321469406,27.62339570563156,69.3112710617222,19.194685971002244,79.83320986796934,27.76269725906485
0.0,500.0,56.50747002159251,44.56407627355854,26.29761949961138,10.622057669513667,8.159263100887744,35.044372623225776,51.436652017042434,17.332232140959412,78.6,37.2,106.0,50.6,104.8,37.2,78.6,50.6,69.3112710617222,19.194685971002244,79.83320986796934,27.76269725906485,81.96805295184417,21.915426661067755,81.5688321469406,27.62339570563156
0.0,500.0,56.50747002159251,44.56407627355854,26.29761949961138,10.622057669513667,51.436652017042434,17.332232140959412,8.159263100887744,35.044372623225776,82.2,35.2,106.6,47.4,82.4,47.2,105.6,35.2,69.3112710617222,19.194685971002244,79.83320986796934,27.76269725906485,81.5688321469406,27.62339570563156,81.96805295184417,21.915426661067755
0.0,500.0,56.50747002159251,44.56407627355854,8.159263100887744,35.044372623225776,26.29761949961138,10.622057669513667,51.436652017042434,17.332232140959412,83.8,35.4,111.0,35.4,112.6,49.4,83.8,49.4,69.3112710617222,19.194685971002244,81.96805295184417,21.915426661067755,79.83320986796934,27.76269725906485,81.5688321469406,27.62339570563156
0.0,500.0,56.50747002159251,44.56407627355854,8.159263100887744,35.044372623225776,51.436652017042434,17.332232140959412,26.29761949961138,10.622057669513667,83.2,35.8,107.6,35.4,83.2,47.8,109.6,48.2,69.3112710617222,19.194685971002244,81.96805295184417,21.915426661067755,81.5688321469406,27.62339570563156,79.83320986796934,27.76269725906485
0.0,500.0,56.50747002159251,44.56407627355854,51.436652017042434,17.332232140959412,26.29761949961138,10.622057669513667,8.159263100887744,35.044372623225776,81.4,33.4,81.4,45.6,106.6,45.6,104.8,33.4,69.3112710617222,19.194685971002244,81.5688321469406,27.62339570563156,79.83320986796934,27.76269725906485,81.96805295184417,21.915426661067755
0.0,500.0,56.50747002159251,44.56407627355854,51.436652017042434,17.332232140959412,8.159263100887744,35.044372623225776,26.29761949961138,10.622057669513667,83.4,35.6,83.6,47.6,107.0,35.6,108.2,47.6,69.3112710617222,19.194685971002244,81.5688321469406,27.62339570563156,81.96805295184417,21.915426661067755,79.83320986796934,27.76269725906485
0.0,500.0,51.436652017042434,17.332232140959412,26.29761949961138,10.622057669513667,8.159263100887744,35.044372623225776,56.50747002159251,44.56407627355854,80.6,49.8,106.6,50.0,105.2,37.2,80.6,37.4,81.5688321469406,27.62339570563156,79.83320986796934,27.76269725906485,81.96805295184417,21.915426661067755,69.3112710617222,19.194685971002244
0.0,500.0,51.436652017042434,17.332232140959412,26.29761949961138,10.622057669513667,56.50747002159251,44.56407627355854,8.159263100887744,35.044372623225776,81.6,49.8,109.4,49.8,81.6,36.2,108.4,36.2,81.5688321469406,27.62339570563156,79.83320986796934,27.76269725906485,69.3112710617222,19.194685971002244,81.96805295184417,21.915426661067755
0.0,500.0,51.436652017042434,17.332232140959412,8.159263100887744,35.044372623225776,26.29761949961138,10.622057669513667,56.50747002159251,44.56407627355854,80.0,48.6,102.6,37.0,103.8,48.6,80.0,37.0,81.5688321469406,27.62339570563156,81.96805295184417,21.915426661067755,79.83320986796934,27.76269725906485,69.3112710617222,19.194685971002244
0.0,500.0,51.436652017042434,17.332232140959412,8.159263100887744,35.044372623225776,56.50747002159251,44.56407627355854,26.29761949961138,10.622057669513667,81.2,52.4,109.0,38.4,81.2,38.6,110.2,52.6,81.5688321469406,27.62339570563156,81.96805295184417,21.915426661067755,69.3112710617222,19.194685971002244,79.83320986796934,27.76269725906485
0.0,500.0,51.436652017042434,17.332232140959412,56.50747002159251,44.56407627355854,26.29761949961138,10.622057669513667,8.159263100887744,35.044372623225776,83.0,49.6,83.2,38.0,106.8,49.6,105.6,38.0,81.5688321469406,27.62339570563156,69.3112710617222,19.194685971002244,79.83320986796934,27.76269725906485,81.96805295184417,21.915426661067755
0.0,500.0,51.436652017042434,17.332232140959412,56.50747002159251,44.56407627355854,8.159263100887744,35.044372623225776,26.29761949961138,10.622057669513667,81.4,46.2,81.4,34.4,105.0,34.4,106.8,46.2,81.5688321469406,27.62339570563156,69.3112710617222,19.194685971002244,81.96805295184417,21.915426661067755,79.83320986796934,27.76269725906485
0.0,500.0,25.588670881418164,38.09203944321389,3.4764116466160577,46.7646209904263,19.04502096122945,3.7262675310507687,51.89543429029944,57.23531273787504,71.2,6.0,71.2,6.2,71.2,9.6,65.8,4.4,70.70978986566735,51.45197115100714,81.85547395604138,48.41476788171872,85.8862960237453,59.70855504101596,83.4392949539369,48.34476345084347
0.0,500.0,25.588670881418164,38.09203944321389,51.89543429029944,57.23531273787504,3.4764116466160577,46.7646209904263,19.04502096122945,3.7262675310507687,71.6,7.4,66.8,6.4,71.6,8.0,71.6,10.6,70.70978986566735,51.45197115100714,83.4392949539369,48.34476345084347,81.85547395604138,48.41476788171872,85.8862960237453,59.70855504101596
0.0,500.0,25.588670881418164,38.09203944321389,51.89543429029944,57.23531273787504,19.04502096122945,3.7262675310507687,3.4764116466160577,46.7646209904263,76.4,9.4,68.0,7.4,76.4,15.0,76.4,10.2,70.70978986566735,51.45197115100714,83.4392949539369,48.34476345084347,85.8862960237453,59.70855504101596,81.85547395604138,48.41476788171872
0.0,500.0,25.588670881418164,38.09203944321389,19.04502096122945,3.7262675310507687,3.4764116466160577,46.7646209904263,51.89543429029944,57.23531273787504,75.2,9.4,75.2,13.0,75.2,10.4,69.8,8.6,70.70978986566735,51.45197115100714,85.8862960237453,59.70855504101596,81.85547395604138,48.41476788171872,83.4392949539369,48.34476345084347
0.0,500.0,25.588670881418164,38.09203944321389,19.04502096122945,3.7262675310507687,51.89543429029944,57.23531273787504,3.4764116466160577,46.7646209904263,73.4,9.0,73.4,11.8,69.2,7.8,73.4,9.2,70.70978986566735,51.45197115100714,85.8862960237453,59.70855504101596,83.4392949539369,48.34476345084347,81.85547395604138,48.41476788171872
0.0,500.0,3.4764116466160577,46.7646209904263,25.588670881418164,38.09203944321389,51.89543429029944,57.23531273787504,19.04502096122945,3.7262675310507687,71.8,8.6,72.0,8.4,69.0,7.6,72.0,10.4,81.85547395604138,48.41476788171872,70.70978986566735,51.45197115100714,83.4392949539369,48.34476345084347,85.8862960237453,59.70855504101596
0.0,500.0,3.4764116466160577,46.7646209904263,25.588670881418164,38.09203944321389,19.04502096122945,3.7262675310507687,51.89543429029944,57.23531273787504,71.0,9.4,71.0,8.8,71.0,11.2,67.4,8.2,81.85547395604138,48.41476788171872,70.70978986566735,51.45197115100714,85.8862960237453,59.70855504101596,83.4392949539369,48.34476345084347
0.0,500.0,3.4764116466160577,46.7646209904263,51.89543429029944,57.23531273787504,25.588670881418164,38.09203944321389,19.04502096122945,3.7262675310507687,72.8,9.4,69.8,8.4,72.8,8.8,72.8,10.8,81.85547395604138,48.41476788171872,83.4392949539369,48.34476345084347,70.70978986566735,51.45197115100714,85.8862960237453,59.70855504101596
0.0,500.0,3.4764116466160577,46.7646209904263,51.89543429029944,57.23531273787504,19.04502096122945,3.7262675310507687,25.588670881418164,38.09203944321389,72.4,9.0,67.6,7.4,72.4,11.8,72.4,8.6,81.85547395604138,48.41476788171872,83.4392949539369,48.34476345084347,85.8862960237453,59.70855504101596,70.70978986566735,51.45197115100714
0.0,500.0,3.4764116466160577,46.7646209904263,19.04502096122945,3.7262675310507687,25.588670881418164,38.09203944321389,51.89543429029944,57.23531273787504,71.4,8.4,71.4,9.4,71.4,8.2,69.6,7.8,81.85547395604138,48.41476788171872,85.8862960237453,59.70855504101596,70.70978986566735,51.45197115100714,83.4392949539369,48.34476345084347
0.0,500.0,3.4764116466160577,46.7646209904263,19.04502096122945,3.7262675310507687,51.89543429029944,57.23531273787504,25.588670881418164,38.09203944321389,73.6,9.0,73.6,12.0,67.6,7.0,73.4,8.0,81.85547395604138,48.41476788171872,85.8862960237453,59.70855504101596,83.4392949539369,48.34476345084347,70.70978986566735,51.45197115100714
0.0,500.0,51.89543429029944,57.23531273787504,25.588670881418164,38.09203944321389,3.4764116466160577,46.7646209904263,19.04502096122945,3.7262675310507687,69.8,8.0,75.2,9.2,75.0,10.0,75.2,13.4,83.4392949539369,48.34476345084347,70.70978986566735,51.45197115100714,81.85547395604138,48.41476788171872,85.8862960237453,59.70855504101596
0.0,500.0,51.89543429029944,57.23531273787504,25.588670881418164,38.09203944321389,19.04502096122945,3.7262675310507687,3.4764116466160577,46.7646209904263,71.0,9.6,72.8,9.8,72.8,11.0,72.8,10.2,83.4392949539369,48.34476345084347,70.70978986566735,51.45197115100714,85.8862960237453,59.70855504101596,81.85547395604138,48.41476788171872
0.0,500.0,51.89543429029944,57.23531273787504,3.4764116466160577,46.7646209904263,25.588670881418164,38.09203944321389,19.04502096122945,3.7262675310507687,66.0,6.0,73.0,8.4,72.8,7.2,72.4,11.8,83.4392949539369,48.34476345084347,81.85547395604138,48.41476788171872,70.70978986566735,51.45197115100714,85.8862960237453,59.70855504101596
0.0,500.0,51.89543429029944,57.23531273787504,3.4764116466160577,46.7646209904263,19.04502096122945,3.7262675310507687,25.588670881418164,38.09203944321389,67.2,6.0,69.6,6.8,69.6,8.4,69.6,6.8,83.4392949539369,48.34476345084347,81.85547395604138,48.41476788171872,85.8862960237453,59.70855504101596,70.70978986566735,51.45197115100714
0.0,500.0,51.89543429029944,57.23531273787504,19.04502096122945,3.7262675310507687,25.588670881418164,38.09203944321389,3.4764116466160577,46.7646209904263,68.8,7.0,72.4,10.4,72.4,8.0,72.4,8.2,83.4392949539369,48.34476345084347,85.8862960237453,59.70855504101596,70.70978986566735,51.45197115100714,81.85547395604138,48.41476788171872
0.0,500.0,51.89543429029944,57.23531273787504,19.04502096122945,3.7262675310507687,3.4764116466160577,46.7646209904263,25.588670881418164,38.09203944321389,64.6,4.4,70.6,9.6,70.6,6.4,70.6,5.6,83.4392949539369,48.34476345084347,85.8862960237453,59.70855504101596,81.85547395604138,48.41476788171872,70.70978986566735,51.45197115100714
0.0,500.0,19.04502096122945,3.7262675310507687,25.588670881418164,38.09203944321389,3.4764116466160577,46.7646209904263,51.89543429029944,57.23531273787504,77.4,15.4,77.2,10.2,77.4,11.4,69.6,8.8,85.8862960237453,59.70855504101596,70.70978986566735,51.45197115100714,81.85547395604138,48.41476788171872,83.4392949539369,48.34476345084347
0.0,500.0,19.04502096122945,3.7262675310507687,25.588670881418164,38.09203944321389,51.89543429029944,57.23531273787504,3.4764116466160577,46.7646209904263,70.2,9.2,70.2,7.2,67.2,6.8,70.2,7.8,85.8862960237453,59.70855504101596,70.70978986566735,51.45197115100714,83.4392949539369,48.34476345084347,81.85547395604138,48.41476788171872
0.0,500.0,19.04502096122945,3.7262675310507687,3.4764116466160577,46.7646209904263,25.588670881418164,38.09203944321389,51.89543429029944,57.23531273787504,76.4,14.4,76.8,12.4,76.6,11.8,71.6,10.4,85.8862960237453,59.70855504101596,81.85547395604138,48.41476788171872,70.70978986566735,51.45197115100714,83.4392949539369,48.34476345084347
0.0,500.0,19.04502096122945,3.7262675310507687,3.4764116466160577,46.7646209904263,51.89543429029944,57.23531273787504,25.588670881418164,38.09203944321389,70.4,8.0,70.4,7.0,68.6,6.6,70.4,7.0,85.8862960237453,59.70855504101596,81.85547395604138,48.41476788171872,83.4392949539369,48.34476345084347,70.70978986566735,51.45197115100714
0.0,500.0,19.04502096122945,3.7262675310507687,51.89543429029944,57.23531273787504,25.588670881418164,38.09203944321389,3.4764116466160577,46.7646209904263,71.6,10.0,66.8,6.0,71.6,6.8,71.6,7.6,85.8862960237453,59.70855504101596,83.4392949539369,48.34476345084347,70.70978986566735,51.45197115100714,81.85547395604138,48.41476788171872
0.0,500.0,19.04502096122945,3.7262675310507687,51.89543429029944,57.23531273787504,3.4764116466160577,46.7646209904263,25.588670881418164,38.09203944321389,75.8,13.6,68.6,7.8,75.8,10.2,75.8,8.8,85.8862960237453,59.70855504101596,83.4392949539369,48.34476345084347,81.85547395604138,48.41476788171872,70.70978986566735,51.45197115100714
0.0,500.0,1.2944118027610885,40.88481364879613,50.35445727302164,6.084072657683919,26.24652777410228,16.961404311282003,37.37126712945376,39.609436053519474,100.0,26.8,100.0,26.8,100.0,26.8,100.0,26.8,113.63461532328192,1.363552031338962,64.64078053617817,59.467958902816456,82.8718909035813,45.569239163054505,65.45423232686485,11.66894528124476
0.0,500.0,1.2944118027610885,40.88481364879613,37.37126712945376,39.609436053519474,50.35445727302164,6.084072657683919,26.24652777410228,16.961404311282003,98.6,22.2,99.0,22.2,99.0,22.2,99.0,22.2,113.63461532328192,1.363552031338962,65.45423232686485,11.66894528124476,64.64078053617817,59.467958902816456,82.8718909035813,45.569239163054505
0.0,500.0,1.2944118027610885,40.88481364879613,37.37126712945376,39.609436053519474,26.24652777410228,16.961404311282003,50.35445727302164,6.084072657683919,100.0,25.4,100.4,25.4,100.4,25.4,100.4,25.4,113.63461532328192,1.363552031338962,65.45423232686485,11.66894528124476,82.8718909035813,45.569239163054505,64.64078053617817,59.467958902816456
0.0,500.0,1.2944118027610885,40.88481364879613,26.24652777410228,16.961404311282003,50.35445727302164,6.084072657683919,37.37126712945376,39.609436053519474,101.2,25.4,101.8,25.4,101.8,25.4,101.8,25.4,113.63461532328192,1.363552031338962,82.8718909035813,45.569239163054505,64.64078053617817,59.467958902816456,65.45423232686485,11.66894528124476
0.0,500.0,1.2944118027610885,40.88481364879613,26.24652777410228,16.961404311282003,37.37126712945376,39.609436053519474,50.35445727302164,6.084072657683919,100.2,25.8,100.2,25.8,100.2,25.8,100.2,25.8,113.63461532328192,1.363552031338962,82.8718909035813,45.569239163054505,65.45423232686485,11.66894528124476,64.64078053617817,59.467958902816456
0.0,500.0,50.35445727302164,6.084072657683919,1.2944118027610885,40.88481364879613,37.37126712945376,39.609436053519474,26.24652777410228,16.961404311282003,97.6,26.0,97.4,26.0,97.6,26.0,97.6,26.0,64.64078053617817,59.467958902816456,113.63461532328192,1.363552031338962,65.45423232686485,11.66894528124476,82.8718909035813,45.569239163054505
0.0,500.0,50.35445727302164,6.084072657683919,1.2944118027610885,40.88481364879613,26.24652777410228,16.961404311282003,37.37126712945376,39.609436053519474,100.2,26.0,100.4,26.0,100.2,26.0,100.4,26.0,64.64078053617817,59.467958902816456,113.63461532328192,1.363552031338962,82.8718909035813,45.569239163054505,65.45423232686485,11.66894528124476
0.0,500.0,50.35445727302164,6.084072657683919,37.37126712945376,39.609436053519474,1.2944118027610885,40.88481364879613,26.24652777410228,16.961404311282003,100.6,28.8,100.6,28.8,99.6,28.8,100.6,28.8,64.64078053617817,59.467958902816456,65.45423232686485,11.66894528124476,113.63461532328192,1.363552031338962,82.8718909035813,45.569239163054505
0.0,500.0,50.35445727302164,6.084072657683919,37.37126712945376,39.609436053519474,26.24652777410228,16.961404311282003,1.2944118027610885,40.88481364879613,98.8,25.8,98.6,25.8,98.6,25.8,98.6,25.8,64.64078053617817,59.467958902816456,65.45423232686485,11.66894528124476,82.8718909035813,45.569239163054505,113.63461532328192,1.363552031338962
0.0,500.0,50.35445727302164,6.084072657683919,26.24652777410228,16.961404311282003,1.2944118027610885,40.88481364879613,37.37126712945376,39.609436053519474,98.8,25.6,99.0,25.4,99.4,25.0,98.8,25.0,64.64078053617817,59.467958902816456,82.8718909035813,45.569239163054505,113.63461532328192,1.363552031338962,65.45423232686485,11.66894528124476
0.0,500.0,50.35445727302164,6.084072657683919,26.24652777410228,16.961404311282003,37.37126712945376,39.609436053519474,1.2944118027610885,40.88481364879613,99.4,27.0,99.4,27.0,99.4,27.0,100.0,27.0,64.64078053617817,59.467958902816456,82.8718909035813,45.569239163054505,65.45423232686485,11.66894528124476,113.63461532328192,1.363552031338962
0.0,500.0,37.37126712945376,39.609436053519474,1.2944118027610885,40.88481364879613,50.35445727302164,6.084072657683919,26.24652777410228,16.961404311282003,98.2,26.6,98.0,26.6,98.2,26.6,98.2,26.6,65.45423232686485,11.66894528124476,113.63461532328192,1.363552031338962,64.64078053617817,59.467958902816456,82.8718909035813,45.569239163054505
0.0,500.0,37.37126712945376,39.609436053519474,1.2944118027610885,40.88481364879613,26.24652777410228,16.961404311282003,50.35445727302164,6.084072657683919,100.4,29.0,100.2,29.0,101.0,29.6,100.4,29.6,65.45423232686485,11.66894528124476,113.63461532328192,1.363552031338962,82.8718909035813,45.569239163054505,64.64078053617817,59.467958902816456
0.0,500.0,37.37126712945376,39.609436053519474,50.35445727302164,6.084072657683919,1.2944118027610885,40.88481364879613,26.24652777410228,16.961404311282003,100.4,25.4,100.4,25.4,100.8,25.4,100.4,25.4,65.45423232686485,11.66894528124476,64.64078053617817,59.467958902816456,113.63461532328192,1.363552031338962,82.8718909035813,45.569239163054505
0.0,500.0,37.37126712945376,39.609436053519474,50.35445727302164,6.084072657683919,26.24652777410228,16.961404311282003,1.2944118027610885,40.88481364879613,99.4,25.6,99.4,25.6,99.4,25.6,99.6,25.6,65.45423232686485,11.66894528124476,64.64078053617817,59.467958902816456,82.8718909035813,45.569239163054505,113.63461532328192,1.363552031338962
0.0,500.0,37.37126712945376,39.609436053519474,26.24652777410228,16.961404311282003,1.2944118027610885,40.88481364879613,50.35445727302164,6.084072657683919,100.0,28.0,100.0,28.0,99.6,28.0,100.0,28.0,65.45423232686485,11.66894528124476,82.8718909035813,45.569239163054505,113.63461532328192,1.363552031338962,64.64078053617817,59.467958902816456
0.0,500.0,37.37126712945376,39.609436053519474,26.24652777410228,16.961404311282003,50.35445727302164,6.084072657683919,1.2944118027610885,40.88481364879613,99.6,26.4,99.6,26.4,99.4,26.4,99.6,26.4,65.45423232686485,11.66894528124476,82.8718909035813,45.569239163054505,64.64078053617817,59.467958902816456,113.63461532328192,1.363552031338962
0.0,500.0,26.24652777410228,16.961404311282003,1.2944118027610885,40.88481364879613,50.35445727302164,6.084072657683919,37.37126712945376,39.609436053519474,100.4,26.2,100.2,26.0,100.6,26.6,100.2,26.0,82.8718909035813,45.569239163054505,113.63461532328192,1.363552031338962,64.64078053617817,59.467958902816456,65.45423232686485,11.66894528124476
0.0,500.0,26.24652777410228,16.961404311282003,1.2944118027610885,40.88481364879613,37.37126712945376,39.609436053519474,50.35445727302164,6.084072657683919,97.0,24.0,97.0,24.0,97.0,24.0,97.0,24.0,82.8718909035813,45.569239163054505,113.63461532328192,1.363552031338962,65.45423232686485,11.66894528124476,64.64078053617817,59.467958902816456
0.0,500.0,26.24652777410228,16.961404311282003,50.35445727302164,6.084072657683919,1.2944118027610885,40.88481364879613,37.37126712945376,39.609436053519474,99.8,26.4,99.8,26.4,99.0,26.4,99.8,26.4,82.8718909035813,45.569239163054505,64.64078053617817,59.467958902816456,113.63461532328192,1.363552031338962,65.45423232686485,11.66894528124476
0.0,500.0,26.24652777410228,16.961404311282003,50.35445727302164,6.084072657683919,37.37126712945376,39.609436053519474,1.2944118027610885,40.88481364879613,100.8,28.6,100.2,28.6,100.2,28.0,100.6,28.0,82.8718909035813,45.569239163054505,64.64078053617817,59.467958902816456,65.45423232686485,11.66894528124476,113.63461532328192,1.363552031338962
0.0,500.0,26.24652777410228,16.961404311282003,37.37126712945376,39.609436053519474,1.2944118027610885,40.88481364879613,50.35445727302164,6.084072657683919,100.0,24.8,99.8,24.4,100.2,24.4,99.8,25.0,82.8718909035813,45.569239163054505,65.45423232686485,11.66894528124476,113.63461532328192,1.363552031338962,64.64078053617817,59.467958902816456
0.0,500.0,26.24652777410228,16.961404311282003,37.37126712945376,39.609436053519474,50.35445727302164,6.084072657683919,1.2944118027610885,40.88481364879613,100.4,28.2,100.4,28.2,100.4,28.2,100.6,28.2,82.8718909035813,45.569239163054505,65.45423232686485,11.66894528124476,64.64078053617817,59.467958902816456,113.63461532328192,1.363552031338962
0.0,500.0,4.986313481924669,28.443465478277947,39.262306054545846,45.08312330904238,58.59750221033434,55.27925142276624,32.20875713361245,6.580401820989456,97.0,39.8,97.4,38.4,95.6,37.6,97.4,41.8,110.26913979615136,28.294543479318264,105.346484335296,22.609388976254053,86.90107871846561,13.748499003471288,107.23438602030932,45.64083479284786
0.0,500.0,4.986313481924669,28.443465478277947,32.20875713361245,6.580401820989456,39.262306054545846,45.08312330904238,58.59750221033434,55.27925142276624,97.0,38.6,97.2,39.8,97.6,37.2,95.0,36.2,110.26913979615136,28.294543479318264,107.23438602030932,45.64083479284786,105.346484335296,22.609388976254053,86.90107871846561,13.748499003471288
0.0,500.0,4.986313481924669,28.443465478277947,32.20875713361245,6.580401820989456,58.59750221033434,55.27925142276624,39.262306054545846,45.08312330904238,96.0,39.6,96.4,40.0,95.4,39.0,96.4,39.2,110.26913979615136,28.294543479318264,107.23438602030932,45.64083479284786,86.90107871846561,13.748499003471288,105.346484335296,22.609388976254053
0.0,500.0,4.986313481924669,28.443465478277947,58.59750221033434,55.27925142276624,39.262306054545846,45.08312330904238,32.20875713361245,6.580401820989456,95.0,37.2,94.0,35.4,95.8,36.0,95.8,38.4,110.26913979615136,28.294543479318264,86.90107871846561,13.748499003471288,105.346484335296,22.609388976254053,107.23438602030932,45.64083479284786
0.0,500.0,4.986313481924669,28.443465478277947,58.59750221033434,55.27925142276624,32.20875713361245,6.580401820989456,39.262306054545846,45.08312330904238,94.2,36.0,93.8,35.8,94.6,36.2,94.8,36.0,110.26913979615136,28.294543479318264,86.90107871846561,13.748499003471288,107.23438602030932,45.64083479284786,105.346484335296,22.609388976254053
0.0,500.0,39.262306054545846,45.08312330904238,4.986313481924669,28.443465478277947,32.20875713361245,6.580401820989456,58.59750221033434,55.27925142276624,96.2,34.2,95.4,34.8,96.2,35.2,94.8,33.8,105.346484335296,22.609388976254053,110.26913979615136,28.294543479318264,107.23438602030932,45.64083479284786,86.90107871846561,13.748499003471288
0.0,500.0,39.262306054545846,45.08312330904238,4.986313481924669,28.443465478277947,58.59750221033434,55.27925142276624,32.20875713361245,6.580401820989456,95.8,36.6,94.4,37.2,94.6,36.4,95.8,38.0,105.346484335296,22.609388976254053,110.26913979615136,28.294543479318264,86.90107871846561,13.748499003471288,107.23438602030932,45.64083479284786
0.0,500.0,39.262306054545846,45.08312330904238,32.20875713361245,6.580401820989456,4.986313481924669,28.443465478277947,58.59750221033434,55.27925142276624,99.8,35.8,99.8,39.4,98.2,37.0,98.8,35.8,105.346484335296,22.609388976254053,107.23438602030932,45.64083479284786,110.26913979615136,28.294543479318264,86.90107871846561,13.748499003471288
0.0,500.0,39.262306054545846,45.08312330904238,32.20875713361245,6.580401820989456,58.59750221033434,55.27925142276624,4.986313481924669,28.443465478277947,97.2,38.8,97.0,39.0,96.2,38.6,97.0,38.8,105.346484335296,22.609388976254053,107.23438602030932,45.64083479284786,86.90107871846561,13.748499003471288,110.26913979615136,28.294543479318264
0.0,500.0,39.262306054545846,45.08312330904238,58.59750221033434,55.27925142276624,4.986313481924669,28.443465478277947,32.20875713361245,6.580401820989456,98.4,36.2,97.4,35.8,97.2,37.4,98.4,39.0,105.346484335296,22.609388976254053,86.90107871846561,13.748499003471288,110.26913979615136,28.294543479318264,107.23438602030932,45.64083479284786
0.0,500.0,39.262306054545846,45.08312330904238,58.59750221033434,55.27925142276624,32.20875713361245,6.580401820989456,4.986313481924669,28.443465478277947,99.0,37.8,97.6,37.4,99.0,38.8,98.8,38.4,105.346484335296,22.609388976254053,86.90107871846561,13.748499003471288,107.23438602030932,45.64083479284786,110.26913979615136,28.294543479318264
0.0,500.0,32.20875713361245,6.580401820989456,4.986313481924669,28.443465478277947,39.262306054545846,45.08312330904238,58.59750221033434,55.27925142276624,97.0,41.0,96.0,39.8,97.0,38.4,94.4,37.6,107.23438602030932,45.64083479284786,110.26913979615136,28.294543479318264,105.346484335296,22.609388976254053,86.90107871846561,13.748499003471288
0.0,500.0,32.20875713361245,6.580401820989456,4.986313481924669,28.443465478277947,58.59750221033434,55.27925142276624,39.262306054545846,45.08312330904238,98.4,39.0,97.6,37.8,97.2,36.8,98.4,37.0,107.23438602030932,45.64083479284786,110.26913979615136,28.294543479318264,86.90107871846561,13.748499003471288,105.346484335296,22.609388976254053
0.0,500.0,32.20875713361245,6.580401820989456,39.262306054545846,45.08312330904238,4.986313481924669,28.443465478277947,58.59750221033434,55.27925142276624,98.0,39.6,98.0,36.6,96.6,38.0,96.6,36.0,107.23438602030932,45.64083479284786,105.346484335296,22.609388976254053,110.26913979615136,28.294543479318264,86.90107871846561,13.748499003471288
0.0,500.0,32.20875713361245,6.580401820989456,39.262306054545846,45.08312330904238,58.59750221033434,55.27925142276624,4.986313481924669,28.443465478277947,99.2,40.6,99.2,38.2,97.2,37.2,98.6,39.4,107.23438602030932,45.64083479284786,105.346484335296,22.609388976254053,86.90107871846561,13.748499003471288,110.26913979615136,28.294543479318264
0.0,500.0,32.20875713361245,6.580401820989456,58.59750221033434,55.27925142276624,4.986313481924669,28.443465478277947,39.262306054545846,45.08312330904238,97.4,40.2,95.8,38.2,97.0,39.4,97.6,38.6,107.23438602030932,45.64083479284786,86.90107871846561,13.748499003471288,110.26913979615136,28.294543479318264,105.346484335296,22.609388976254053
0.0,500.0,32.20875713361245,6.580401820989456,58.59750221033434,55.27925142276624,39.262306054545846,45.08312330904238,4.986313481924669,28.443465478277947,97.4,37.8,96.6,35.6,97.4,35.8,96.2,36.6,107.23438602030932,45.64083479284786,86.90107871846561,13.748499003471288,105.346484335296,22.609388976254053,110.26913979615136,28.294543479318264
0.0,500.0,58.59750221033434,55.27925142276624,4.986313481924669,28.443465478277947,39.262306054545846,45.08312330904238,32.20875713361245,6.580401820989456,99.0,38.8,98.0,39.2,99.2,38.8,99.2,40.0,86.90107871846561,13.748499003471288,110.26913979615136,28.294543479318264,105.346484335296,22.609388976254053,107.23438602030932,45.64083479284786
0.0,500.0,58.59750221033434,55.27925142276624,4.986313481924669,28.443465478277947,32.20875713361245,6.580401820989456,39.262306054545846,45.08312330904238,95.4,36.2,95.4,37.2,96.4,38.4,96.4,36.4,86.90107871846561,13.748499003471288,110.26913979615136,28.294543479318264,107.23438602030932,45.64083479284786,105.346484335296,22.609388976254053
0.0,500.0,58.59750221033434,55.27925142276624,39.262306054545846,45.08312330904238,4.986313481924669,28.443465478277947,32.20875713361245,6.580401820989456,95.4,34.0,97.0,34.6,95.6,36.6,96.8,39.4,86.90107871846561,13.748499003471288,105.346484335296,22.609388976254053,110.26913979615136,28.294543479318264,107.23438602030932,45.64083479284786
0.0,500.0,58.59750221033434,55.27925142276624,39.262306054545846,45.08312330904238,32.20875713361245,6.580401820989456,4.986313481924669,28.443465478277947,95.4,36.4,97.2,36.6,97.2,39.8,95.6,37.8,86.90107871846561,13.748499003471288,105.346484335296,22.609388976254053,107.23438602030932,45.64083479284786,110.26913979615136,28.294543479318264
0.0,500.0,58.59750221033434,55.27925142276624,32.20875713361245,6.580401820989456,4.986313481924669,28.443465478277947,39.262306054545846,45.08312330904238,96.4,37.2,98.0,38.8,97.2,38.0,98.0,37.4,86.90107871846561,13.748499003471288,107.23438602030932,45.64083479284786,110.26913979615136,28.294543479318264,105.346484335296,22.609388976254053
0.0,500.0,58.59750221033434,55.27925142276624,32.20875713361245,6.580401820989456,39.262306054545846,45.08312330904238,4.986313481924669,28.443465478277947,96.0,35.4,97.6,37.8,98.0,36.4,97.6,37.4,86.90107871846561,13.748499003471288,107.23438602030932,45.64083479284786,105.346484335296,22.609388976254053,110.26913979615136,28.294543479318264
0.0,500.0,5.211348800272397,8.376148412347781,57.369293262625085,17.95851595357707,36.03274430982172,41.498665211570525,9.102339826940264,33.941225583291185,98.2,40.6,97.6,40.4,97.2,39.6,98.8,39.4,109.86580489732074,35.02614594283381,70.00931552798373,28.34073581247865,89.50937373231574,15.218762872532274,109.36019341461858,20.89088697378736
0.0,500.0,5.211348800272397,8.376148412347781,9.102339826940264,33.941225583291185,57.369293262625085,17.95851595357707,36.03274430982172,41.498665211570525,98.8,39.0,100.0,37.2,98.6,38.8,96.6,37.4,109.86580489732074,35.02614594283381,109.36019341461858,20.89088697378736,70.00931552798373,28.34073581247865,89.50937373231574,15.218762872532274
0.0,500.0,5.211348800272397,8.376148412347781,9.102339826940264,33.941225583291185,36.03274430982172,41.498665211570525,57.369293262625085,17.95851595357707,99.0,40.0,99.2,39.8,98.4,39.8,98.6,40.0,109.86580489732074,35.02614594283381,109.36019341461858,20.89088697378736,89.50937373231574,15.218762872532274,70.00931552798373,28.34073581247865
0.0,500.0,5.211348800272397,8.376148412347781,36.03274430982172,41.498665211570525,57.369293262625085,17.95851595357707,9.102339826940264,33.941225583291185,98.8,37.8,97.8,35.8,98.6,37.2,99.6,35.2,109.86580489732074,35.02614594283381,89.50937373231574,15.218762872532274,70.00931552798373,28.34073581247865,109.36019341461858,20.89088697378736
0.0,500.0,5.211348800272397,8.376148412347781,36.03274430982172,41.498665211570525,9.102339826940264,33.941225583291185,57.369293262625085,17.95851595357707,100.0,41.4,96.8,38.8,101.8,38.4,99.2,41.0,109.86580489732074,35.02614594283381,89.50937373231574,15.218762872532274,109.36019341461858,20.89088697378736,70.00931552798373,28.34073581247865
0.0,500.0,57.369293262625085,17.95851595357707,5.211348800272397,8.376148412347781,9.102339826940264,33.941225583291185,36.03274430982172,41.498665211570525,98.6,40.0,98.6,40.0,99.2,39.4,97.4,39.4,70.00931552798373,28.34073581247865,109.86580489732074,35.02614594283381,109.36019341461858,20.89088697378736,89.50937373231574,15.218762872532274
0.0,500.0,57.369293262625085,17.95851595357707,5.211348800272397,8.376148412347781,36.03274430982172,41.498665211570525,9.102339826940264,33.941225583291185,96.8,39.6,96.8,39.8,95.4,38.6,97.6,38.4,70.00931552798373,28.34073581247865,109.86580489732074,35.02614594283381,89.50937373231574,15.218762872532274,109.36019341461858,20.89088697378736
0.0,500.0,57.369293262625085,17.95851595357707,9.102339826940264,33.941225583291185,5.211348800272397,8.376148412347781,36.03274430982172,41.498665211570525,97.4,36.6,98.4,35.8,98.0,36.8,97.4,36.0,70.00931552798373,28.34073581247865,109.36019341461858,20.89088697378736,109.86580489732074,35.02614594283381,89.50937373231574,15.218762872532274
0.0,500.0,57.369293262625085,17.95851595357707,9.102339826940264,33.941225583291185,36.03274430982172,41.498665211570525,5.211348800272397,8.376148412347781,97.6,38.0,98.6,36.4,96.6,36.8,97.8,38.4,70.00931552798373,28.34073581247865,109.36019341461858,20.89088697378736,89.50937373231574,15.218762872532274,109.86580489732074,35.02614594283381
0.0,500.0,57.369293262625085,17.95851595357707,36.03274430982172,41.498665211570525,5.211348800272397,8.376148412347781,9.102339826940264,33.941225583291185,98.0,40.4,97.8,39.4,98.0,41.0,98.4,38.8,70.00931552798373,28.34073581247865,89.50937373231574,15.218762872532274,109.86580489732074,35.02614594283381,109.36019341461858,20.89088697378736
0.0,500.0,57.369293262625085,17.95851595357707,36.03274430982172,41.498665211570525,9.102339826940264,33.941225583291185,5.211348800272397,8.376148412347781,98.8,37.2,96.8,36.0,100.4,36.0,99.2,37.2,70.00931552798373,28.34073581247865,89.50937373231574,15.218762872532274,109.36019341461858,20.89088697378736,109.86580489732074,35.02614594283381
0.0,500.0,9.102339826940264,33.941225583291185,5.211348800272397,8.376148412347781,57.369293262625085,17.95851595357707,36.03274430982172,41.498665211570525,101.2,37.8,100.0,40.2,100.0,39.8,98.0,38.2,109.36019341461858,20.89088697378736,109.86580489732074,35.02614594283381,70.00931552798373,28.34073581247865,89.50937373231574,15.218762872532274
0.0,500.0,9.102339826940264,33.941225583291185,5.211348800272397,8.376148412347781,36.03274430982172,41.498665211570525,57.369293262625085,17.95851595357707,98.6,37.8,98.2,38.8,97.6,38.0,98.2,38.6,109.36019341461858,20.89088697378736,109.86580489732074,35.02614594283381,89.50937373231574,15.218762872532274,70.00931552798373,28.34073581247865
0.0,500.0,9.102339826940264,33.941225583291185,57.369293262625085,17.95851595357707,5.211348800272397,8.376148412347781,36.03274430982172,41.498665211570525,97.8,35.0,97.0,36.6,97.0,37.0,95.6,35.4,109.36019341461858,20.89088697378736,70.00931552798373,28.34073581247865,109.86580489732074,35.02614594283381,89.50937373231574,15.218762872532274
0.0,500.0,9.102339826940264,33.941225583291185,57.369293262625085,17.95851595357707,36.03274430982172,41.498665211570525,5.211348800272397,8.376148412347781,101.4,37.8,100.4,38.8,100.2,38.0,101.0,39.0,109.36019341461858,20.89088697378736,70.00931552798373,28.34073581247865,89.50937373231574,15.218762872532274,109.86580489732074,35.02614594283381
0.0,500.0,9.102339826940264,33.941225583291185,36.03274430982172,41.498665211570525,5.211348800272397,8.376148412347781,57.369293262625085,17.95851595357707,99.2,35.8,96.8,35.8,98.4,36.6,98.4,36.6,109.36019341461858,20.89088697378736,89.50937373231574,15.218762872532274,109.86580489732074,35.02614594283381,70.00931552798373,28.34073581247865
0.0,500.0,9.102339826940264,33.941225583291185,36.03274430982172,41.498665211570525,57.369293262625085,17.95851595357707,5.211348800272397,8.376148412347781,99.4,38.0,97.6,38.0,98.0,38.8,98.8,38.8,109.36019341461858,20.89088697378736,89.50937373231574,15.218762872532274,70.00931552798373,28.34073581247865,109.86580489732074,35.02614594283381
0.0,500.0,36.03274430982172,41.498665211570525,5.211348800272397,8.376148412347781,57.369293262625085,17.95851595357707,9.102339826940264,33.941225583291185,98.8,38.4,99.0,40.0,98.8,39.4,99.4,37.8,89.50937373231574,15.218762872532274,109.86580489732074,35.02614594283381,70.00931552798373,28.34073581247865,109.36019341461858,20.89088697378736
0.0,500.0,36.03274430982172,41.498665211570525,5.211348800272397,8.376148412347781,9.102339826940264,33.941225583291185,57.369293262625085,17.95851595357707,98.8,37.0,100.0,38.6,100.8,36.6,99.2,38.2,89.50937373231574,15.218762872532274,109.86580489732074,35.02614594283381,109.36019341461858,20.89088697378736,70.00931552798373,28.34073581247865
0.0,500.0,36.03274430982172,41.498665211570525,57.369293262625085,17.95851595357707,5.211348800272397,8.376148412347781,9.102339826940264,33.941225583291185,98.0,38.0,99.2,39.0,99.4,39.2,100.2,37.8,89.50937373231574,15.218762872532274,70.00931552798373,28.34073581247865,109.86580489732074,35.02614594283381,109.36019341461858,20.89088697378736
0.0,500.0,36.03274430982172,41.498665211570525,57.369293262625085,17.95851595357707,9.102339826940264,33.941225583291185,5.211348800272397,8.376148412347781,95.2,36.8,96.2,38.2,97.0,36.2,96.2,38.8,89.50937373231574,15.218762872532274,70.00931552798373,28.34073581247865,109.36019341461858,20.89088697378736,109.86580489732074,35.02614594283381
0.0,500.0,36.03274430982172,41.498665211570525,9.102339826940264,33.941225583291185,5.211348800272397,8.376148412347781,57.369293262625085,17.95851595357707,97.8,36.4,100.6,36.2,99.6,37.8,99.6,37.6,89.50937373231574,15.218762872532274,109.36019341461858,20.89088697378736,109.86580489732074,35.02614594283381,70.00931552798373,28.34073581247865
0.0,500.0,36.03274430982172,41.498665211570525,9.102339826940264,33.941225583291185,57.369293262625085,17.95851595357707,5.211348800272397,8.376148412347781,99.0,39.6,99.4,39.4,99.0,40.0,99.2,40.2,89.50937373231574,15.218762872532274,109.36019341461858,20.89088697378736,70.00931552798373,28.34073581247865,109.86580489732074,35.02614594283381
0.0,500.0,44.34573782095048,36.33570249394532,0.3037399981834165,56.947888135775045,59.54855169804455,1.5227202548656282,20.561475412279616,42.77581139119352,109.4,27.0,109.4,27.0,109.4,27.0,109.4,27.0,77.62314141813347,26.9195162854492,85.08133192638768,22.854279834399385,69.57077116556545,36.57792602971938,68.87667930011362,22.50930063042644
0.0,500.0,44.34573782095048,36.33570249394532,20.561475412279616,42.77581139119352,0.3037399981834165,56.947888135775045,59.54855169804455,1.5227202548656282,102.2,29.0,102.2,29.0,102.2,29.0,102.2,29.0,77.62314141813347,26.9195162854492,68.87667930011362,22.50930063042644,85.08133192638768,22.854279834399385,69.57077116556545,36.57792602971938
0.0,500.0,44.34573782095048,36.33570249394532,20.561475412279616,42.77581139119352,59.54855169804455,1.5227202548656282,0.3037399981834165,56.947888135775045,108.4,27.4,108.4,27.4,108.4,27.4,108.4,27.4,77.62314141813347,26.9195162854492,68.87667930011362,22.50930063042644,69.57077116556545,36.57792602971938,85.08133192638768,22.854279834399385
0.0,500.0,44.34573782095048,36.33570249394532,59.54855169804455,1.5227202548656282,0.3037399981834165,56.947888135775045,20.561475412279616,42.77581139119352,107.2,27.8,107.4,28.2,107.4,27.8,107.6,27.8,77.62314141813347,26.9195162854492,69.57077116556545,36.57792602971938,85.08133192638768,22.854279834399385,68.87667930011362,22.50930063042644
0.0,500.0,44.34573782095048,36.33570249394532,59.54855169804455,1.5227202548656282,20.561475412279616,42.77581139119352,0.3037399981834165,56.947888135775045,108.0,27.2,108.0,27.2,108.0,27.2,108.0,27.2,77.62314141813347,26.9195162854492,69.57077116556545,36.57792602971938,68.87667930011362,22.50930063042644,85.08133192638768,22.854279834399385
0.0,500.0,0.3037399981834165,56.947888135775045,44.34573782095048,36.33570249394532,20.561475412279616,42.77581139119352,59.54855169804455,1.5227202548656282,113.0,25.4,113.0,25.4,113.0,25.4,113.0,25.4,85.08133192638768,22.854279834399385,77.62314141813347,26.9195162854492,68.87667930011362,22.50930063042644,69.57077116556545,36.57792602971938
0.0,500.0,0.3037399981834165,56.947888135775045,44.34573782095048,36.33570249394532,59.54855169804455,1.5227202548656282,20.561475412279616,42.77581139119352,109.0,25.2,109.0,25.2,109.0,25.2,109.0,25.2,85.08133192638768,22.854279834399385,77.62314141813347,26.9195162854492,69.57077116556545,36.57792602971938,68.87667930011362,22.50930063042644
0.0,500.0,0.3037399981834165,56.947888135775045,20.561475412279616,42.77581139119352,44.34573782095048,36.33570249394532,59.54855169804455,1.5227202548656282,106.0,29.4,106.0,29.4,106.0,29.4,106.0,29.4,85.08133192638768,22.854279834399385,68.87667930011362,22.50930063042644,77.62314141813347,26.9195162854492,69.57077116556545,36.57792602971938
0.0,500.0,0.3037399981834165,56.947888135775045,20.561475412279616,42.77581139119352,59.54855169804455,1.5227202548656282,44.34573782095048,36.33570249394532,105.8,26.6,105.8,26.6,105.8,26.6,105.8,26.6,85.08133192638768,22.854279834399385,68.87667930011362,22.50930063042644,69.57077116556545,36.57792602971938,77.62314141813347,26.9195162854492
0.0,500.0,0.3037399981834165,56.947888135775045,59.54855169804455,1.5227202548656282,44.34573782095048,36.33570249394532,20.561475412279616,42.77581139119352,108.0,28.2,108.0,28.2,108.0,28.2,108.0,28.2,85.08133192638768,22.854279834399385,69.57077116556545,36.57792602971938,77.62314141813347,26.9195162854492,68.87667930011362,22.50930063042644
0.0,500.0,0.3037399981834165,56.947888135775045,59.54855169804455,1.5227202548656282,20.561475412279616,42.77581139119352,44.34573782095048,36.33570249394532,108.0,28.0,108.0,28.0,108.0,28.0,108.0,28.0,85.08133192638768,22.854279834399385,69.57077116556545,36.57792602971938,68.87667930011362,22.50930063042644,77.62314141813347,26.9195162854492
0.0,500.0,20.561475412279616,42.77581139119352,44.34573782095048,36.33570249394532,0.3037399981834165,56.947888135775045,59.54855169804455,1.5227202548656282,104.6,25.6,104.6,25.6,104.6,25.6,104.6,25.6,68.87667930011362,22.50930063042644,77.62314141813347,26.9195162854492,85.08133192638768,22.854279834399385,69.57077116556545,36.57792602971938
0.0,500.0,20.561475412279616,42.77581139119352,44.34573782095048,36.33570249394532,59.54855169804455,1.5227202548656282,0.3037399981834165,56.947888135775045,113.2,25.2,113.2,25.2,113.2,25.2,113.2,25.2,68.87667930011362,22.50930063042644,77.62314141813347,26.9195162854492,69.57077116556545,36.57792602971938,85.08133192638768,22.854279834399385
0.0,500.0,20.561475412279616,42.77581139119352,0.3037399981834165,56.947888135775045,44.34573782095048,36.33570249394532,59.54855169804455,1.5227202548656282,109.0,29.0,109.0,29.0,109.0,29.0,109.0,29.0,68.87667930011362,22.50930063042644,85.08133192638768,22.854279834399385,77.62314141813347,26.9195162854492,69.57077116556545,36.57792602971938
0.0,500.0,20.561475412279616,42.77581139119352,0.3037399981834165,56.947888135775045,59.54855169804455,1.5227202548656282,44.34573782095048,36.33570249394532,108.2,28.8,108.2,28.8,108.2,28.8,108.2,28.8,68.87667930011362,22.50930063042644,85.08133192638768,22.854279834399385,69.57077116556545,36.57792602971938,77.62314141813347,26.9195162854492
0.0,500.0,20.561475412279616,42.77581139119352,59.54855169804455,1.5227202548656282,44.34573782095048,36.33570249394532,0.3037399981834165,56.947888135775045,106.8,29.4,106.8,29.4,106.8,29.4,106.8,29.4,68.87667930011362,22.50930063042644,69.57077116556545,36.57792602971938,77.62314141813347,26.9195162854492,85.08133192638768,22.854279834399385
0.0,500.0,20.561475412279616,42.77581139119352,59.54855169804455,1.5227202548656282,0.3037399981834165,56.947888135775045,44.34573782095048,36.33570249394532,109.6,23.8,109.6,23.8,109.6,23.8,109.6,23.8,68.87667930011362,22.50930063042644,69.57077116556545,36.57792602971938,85.08133192638768,22.854279834399385,77.62314141813347,26.9195162854492
0.0,500.0,59.54855169804455,1.5227202548656282,44.34573782095048,36.33570249394532,0.3037399981834165,56.947888135775045,20.561475412279616,42.77581139119352,106.6,26.4,106.6,26.4,106.6,26.4,106.6,26.4,69.57077116556545,36.57792602971938,77.62314141813347,26.9195162854492,85.08133192638768,22.854279834399385,68.87667930011362,22.50930063042644
0.0,500.0,59.54855169804455,1.5227202548656282,44.34573782095048,36.33570249394532,20.561475412279616,42.77581139119352,0.3037399981834165,56.947888135775045,108.2,29.8,108.2,29.8,108.2,29.8,108.2,29.8,69.57077116556545,36.57792602971938,77.62314141813347,26.9195162854492,68.87667930011362,22.50930063042644,85.08133192638768,22.854279834399385
0.0,500.0,59.54855169804455,1.5227202548656282,0.3037399981834165,56.947888135775045,44.34573782095048,36.33570249394532,20.561475412279616,42.77581139119352,109.8,25.4,109.8,25.4,109.8,25.4,109.8,25.4,69.57077116556545,36.57792602971938,85.08133192638768,22.854279834399385,77.62314141813347,26.9195162854492,68.87667930011362,22.50930063042644
0.0,500.0,59.54855169804455,1.5227202548656282,0.3037399981834165,56.947888135775045,20.561475412279616,42.77581139119352,44.34573782095048,36.33570249394532,109.2,25.2,109.2,25.2,109.2,25.2,109.2,25.2,69.57077116556545,36.57792602971938,85.08133192638768,22.854279834399385,68.87667930011362,22.50930063042644,77.62314141813347,26.9195162854492
0.0,500.0,59.54855169804455,1.5227202548656282,20.561475412279616,42.77581139119352,44.34573782095048,36.33570249394532,0.3037399981834165,56.947888135775045,107.6,28.2,107.6,28.2,107.6,28.2,107.6,28.2,69.57077116556545,36.57792602971938,68.87667930011362,22.50930063042644,77.62314141813347,26.9195162854492,85.08133192638768,22.854279834399385
0.0,500.0,59.54855169804455,1.5227202548656282,20.561475412279616,42.77581139119352,0.3037399981834165,56.947888135775045,44.34573782095048,36.33570249394532,106.0,28.6,106.0,28.6,106.0,28.6,106.0,28.6,69.57077116556545,36.57792602971938,68.87667930011362,22.50930063042644,85.08133192638768,22.854279834399385,77.62314141813347,26.9195162854492
13.333333333333334,500.0,12.185706071055533,9.871360616351224,38.18921908201288,21.308982164732328,2.5780299027295883,43.858517242007046,58.72518985345108,37.79540027620673,106.4,50.0,106.4,48.0,109.0,47.4,105.6,47.4,70.0835580683746,28.783339304466736,70.03488925790481,24.04913259292886,78.27324534630644,22.56711508237904,65.13280379456624,20.0205526926911
13.333333333333334,500.0,12.185706071055533,9.871360616351224,58.72518985345108,37.79540027620673,38.18921908201288,21.308982164732328,2.5780299027295883,43.858517242007046,100.0,48.4,99.0,44.4,100.0,45.4,104.0,44.4,70.0835580683746,28.783339304466736,65.13280379456624,20.0205526926911,70.03488925790481,24.04913259292886,78.27324534630644,22.56711508237904
13.333333333333334,500.0,12.185706071055533,9.871360616351224,58.72518985345108,37.79540027620673,2.5780299027295883,43.858517242007046,38.18921908201288,21.308982164732328,104.0,51.8,102.8,48.8,107.0,48.8,104.0,49.4,70.0835580683746,28.783339304466736,65.13280379456624,20.0205526926911,78.27324534630644,22.56711508237904,70.03488925790481,24.04913259292886
13.333333333333334,500.0,12.185706071055533,9.871360616351224,2.5780299027295883,43.858517242007046,38.18921908201288,21.308982164732328,58.72518985345108,37.79540027620673,104.0,47.2,107.4,43.8,104.0,44.6,103.0,43.8,70.0835580683746,28.783339304466736,78.27324534630644,22.56711508237904,70.03488925790481,24.04913259292886,65.13280379456624,20.0205526926911
13.333333333333334,500.0,12.185706071055533,9.871360616351224,2.5780299027295883,43.858517242007046,58.72518985345108,37.79540027620673,38.18921908201288,21.308982164732328,107.0,52.0,109.2,49.8,106.6,49.8,107.0,50.4,70.0835580683746,28.783339304466736,78.27324534630644,22.56711508237904,65.13280379456624,20.0205526926911,70.03488925790481,24.04913259292886
13.333333333333334,500.0,38.18921908201288,21.308982164732328,12.185706071055533,9.871360616351224,58.72518985345108,37.79540027620673,2.5780299027295883,43.858517242007046,104.8,46.6,104.8,50.0,103.8,45.4,109.2,45.4,70.03488925790481,24.04913259292886,70.0835580683746,28.783339304466736,65.13280379456624,20.0205526926911,78.27324534630644,22.56711508237904
13.333333333333334,500.0,38.18921908201288,21.308982164732328,12.185706071055533,9.871360616351224,2.5780299027295883,43.858517242007046,58.72518985345108,37.79540027620673,104.4,48.0,104.4,50.0,106.6,47.6,103.2,47.6,70.03488925790481,24.04913259292886,70.0835580683746,28.783339304466736,78.27324534630644,22.56711508237904,65.13280379456624,20.0205526926911
13.333333333333334,500.0,38.18921908201288,21.308982164732328,58.72518985345108,37.79540027620673,12.185706071055533,9.871360616351224,2.5780299027295883,43.858517242007046,104.6,47.4,103.8,46.0,104.6,51.0,109.6,46.0,70.03488925790481,24.04913259292886,65.13280379456624,20.0205526926911,70.0835580683746,28.783339304466736,78.27324534630644,22.56711508237904
13.333333333333334,500.0,38.18921908201288,21.308982164732328,58.72518985345108,37.79540027620673,2.5780299027295883,43.858517242007046,12.185706071055533,9.871360616351224,102.2,46.2,100.8,45.2,106.4,45.2,102.2,49.6,70.03488925790481,24.04913259292886,65.13280379456624,20.0205526926911,78.27324534630644,22.56711508237904,70.0835580683746,28.783339304466736
13.333333333333334,500.0,38.18921908201288,21.308982164732328,2.5780299027295883,43.858517242007046,12.185706071055533,9.871360616351224,58.72518985345108,37.79540027620673,103.2,48.0,106.0,47.4,103.2,50.2,102.2,47.4,70.03488925790481,24.04913259292886,78.27324534630644,22.56711508237904,70.0835580683746,28.783339304466736,65.13280379456624,20.0205526926911
13.333333333333334,500.0,38.18921908201288,21.308982164732328,2.5780299027295883,43.858517242007046,58.72518985345108,37.79540027620673,12.185706071055533,9.871360616351224,107.6,49.2,110.0,48.6,107.0,48.6,107.6,51.0,70.03488925790481,24.04913259292886,78.27324534630644,22.56711508237904,65.13280379456624,20.0205526926911,70.0835580683746,28.783339304466736
13.333333333333334,500.0,58.72518985345108,37.79540027620673,12.185706071055533,9.871360616351224,38.18921908201288,21.308982164732328,2.5780299027295883,43.858517242007046,105.2,49.4,106.2,51.6,106.2,49.8,108.4,49.4,65.13280379456624,20.0205526926911,70.0835580683746,28.783339304466736,70.03488925790481,24.04913259292886,78.27324534630644,22.56711508237904
13.333333333333334,500.0,58.72518985345108,37.79540027620673,12.185706071055533,9.871360616351224,2.5780299027295883,43.858517242007046,38.18921908201288,21.308982164732328,103.4,46.6,104.2,51.0,108.6,46.6,104.2,47.8,65.13280379456624,20.0205526926911,70.0835580683746,28.783339304466736,78.27324534630644,22.56711508237904,70.03488925790481,24.04913259292886
13.333333333333334,500.0,58.72518985345108,37.79540027620673,38.18921908201288,21.308982164732328,12.185706071055533,9.871360616351224,2.5780299027295883,43.858517242007046,108.2,50.4,108.8,51.2,108.8,53.4,111.8,50.4,65.13280379456624,20.0205526926911,70.03488925790481,24.04913259292886,70.0835580683746,28.783339304466736,78.27324534630644,22.56711508237904
13.333333333333334,500.0,58.72518985345108,37.79540027620673,38.18921908201288,21.308982164732328,2.5780299027295883,43.858517242007046,12.185706071055533,9.871360616351224,107.0,49.6,107.8,50.0,109.8,49.6,107.8,51.6,65.13280379456624,20.0205526926911,70.03488925790481,24.04913259292886,78.27324534630644,22.56711508237904,70.0835580683746,28.783339304466736
13.333333333333334,500.0,58.72518985345108,37.79540027620673,2.5780299027295883,43.858517242007046,12.185706071055533,9.871360616351224,38.18921908201288,21.308982164732328,107.2,49.4,110.8,49.4,107.8,52.4,107.8,50.2,65.13280379456624,20.0205526926911,78.27324534630644,22.56711508237904,70.0835580683746,28.783339304466736,70.03488925790481,24.04913259292886
13.333333333333334,500.0,58.72518985345108,37.79540027620673,2.5780299027295883,43.858517242007046,38.18921908201288,21.308982164732328,12.185706071055533,9.871360616351224,108.6,50.6,112.0,50.6,109.4,51.2,109.4,53.2,65.13280379456624,20.0205526926911,78.27324534630644,22.56711508237904,70.03488925790481,24.04913259292886,70.0835580683746,28.783339304466736
13.333333333333334,500.0,2.5780299027295883,43.858517242007046,12.185706071055533,9.871360616351224,38.18921908201288,21.308982164732328,58.72518985345108,37.79540027620673,107.4,48.2,104.4,51.2,104.6,48.8,103.4,48.2,78.27324534630644,22.56711508237904,70.0835580683746,28.783339304466736,70.03488925790481,24.04913259292886,65.13280379456624,20.0205526926911
13.333333333333334,500.0,2.5780299027295883,43.858517242007046,12.185706071055533,9.871360616351224,58.72518985345108,37.79540027620673,38.18921908201288,21.308982164732328,111.0,46.8,107.0,50.8,106.6,46.8,107.0,48.0,78.27324534630644,22.56711508237904,70.0835580683746,28.783339304466736,65.13280379456624,20.0205526926911,70.03488925790481,24.04913259292886
13.333333333333334,500.0,2.5780299027295883,43.858517242007046,38.18921908201288,21.308982164732328,12.185706071055533,9.871360616351224,58.72518985345108,37.79540027620673,106.8,45.2,103.2,46.2,103.2,48.8,102.4,45.2,78.27324534630644,22.56711508237904,70.03488925790481,24.04913259292886,70.0835580683746,28.783339304466736,65.13280379456624,20.0205526926911
13.333333333333334,500.0,2.5780299027295883,43.858517242007046,38.18921908201288,21.308982164732328,58.72518985345108,37.79540027620673,12.185706071055533,9.871360616351224,109.4,49.2,106.0,50.2,105.6,49.2,106.0,52.6,78.27324534630644,22.56711508237904,70.03488925790481,24.04913259292886,65.13280379456624,20.0205526926911,70.0835580683746,28.783339304466736
13.333333333333334,500.0,2.5780299027295883,43.858517242007046,58.72518985345108,37.79540027620673,12.185706071055533,9.871360616351224,38.18921908201288,21.308982164732328,106.2,46.8,102.0,46.8,103.2,49.8,103.2,47.4,78.27324534630644,22.56711508237904,65.13280379456624,20.0205526926911,70.0835580683746,28.783339304466736,70.03488925790481,24.04913259292886
13.333333333333334,500.0,2.5780299027295883,43.858517242007046,58.72518985345108,37.79540027620673,38.18921908201288,21.308982164732328,12.185706071055533,9.871360616351224,108.6,47.4,103.6,47.4,104.6,48.4,104.4,51.4,78.27324534630644,22.56711508237904,65.13280379456624,20.0205526926911,70.03488925790481,24.04913259292886,70.0835580683746,28.783339304466736
13.333333333333334,500.0,35.82627493799728,53.58846969708266,43.20819699126219,7.507231169927746,12.730123982247626,51.94818559507895,11.735130422584266,27.941518173983763,94.6,18.4,94.6,19.2,94.6,18.4,94.6,18.8,64.18964962030677,4.469002242860107,68.45700624050059,36.00318995062081,68.82343580874027,5.11565543679324,66.90659118947411,21.11090533663895
13.333333333333334,500.0,35.82627493799728,53.58846969708266,11.735130422584266,27.941518173983763,43.20819699126219,7.507231169927746,12.730123982247626,51.94818559507895,95.4,17.6,94.8,19.4,95.4,21.2,96.0,17.6,64.18964962030677,4.469002242860107,66.90659118947411,21.11090533663895,68.45700624050059,36.00318995062081,68.82343580874027,5.11565543679324
13.333333333333334,500.0,35.82627493799728,53.58846969708266,11.735130422584266,27.941518173983763,12.730123982247626,51.94818559507895,43.20819699126219,7.507231169927746,97.6,20.4,98.0,21.0,98.2,20.2,98.0,21.4,64.18964962030677,4.469002242860107,66.90659118947411,21.11090533663895,68.82343580874027,5.11565543679324,68.45700624050059,36.00318995062081
13.333333333333334,500.0,35.82627493799728,53.58846969708266,12.730123982247626,51.94818559507895,43.20819699126219,7.507231169927746,11.735130422584266,27.941518173983763,97.4,20.0,97.6,20.0,97.4,21.6,97.0,20.8,64.18964962030677,4.469002242860107,68.82343580874027,5.11565543679324,68.45700624050059,36.00318995062081,66.90659118947411,21.11090533663895
13.333333333333334,500.0,35.82627493799728,53.58846969708266,12.730123982247626,51.94818559507895,11.735130422584266,27.941518173983763,43.20819699126219,7.507231169927746,97.0,19.4,97.6,19.4,97.0,20.8,97.0,21.8,64.18964962030677,4.469002242860107,68.82343580874027,5.11565543679324,66.90659118947411,21.11090533663895,68.45700624050059,36.00318995062081
13.333333333333334,500.0,43.20819699126219,7.507231169927746,35.82627493799728,53.58846969708266,11.735130422584266,27.941518173983763,12.730123982247626,51.94818559507895,95.2,21.8,95.2,19.0,94.4,20.6,95.0,19.2,68.45700624050059,36.00318995062081,64.18964962030677,4.469002242860107,66.90659118947411,21.11090533663895,68.82343580874027,5.11565543679324
13.333333333333334,500.0,43.20819699126219,7.507231169927746,35.82627493799728,53.58846969708266,12.730123982247626,51.94818559507895,11.735130422584266,27.941518173983763,98.6,21.6,98.2,21.0,98.6,20.8,98.4,21.4,68.45700624050059,36.00318995062081,64.18964962030677,4.469002242860107,68.82343580874027,5.11565543679324,66.90659118947411,21.11090533663895
13.333333333333334,500.0,43.20819699126219,7.507231169927746,11.735130422584266,27.941518173983763,35.82627493799728,53.58846969708266,12.730123982247626,51.94818559507895,93.8,19.0,93.6,18.4,93.8,17.8,94.0,17.8,68.45700624050059,36.00318995062081,66.90659118947411,21.11090533663895,64.18964962030677,4.469002242860107,68.82343580874027,5.11565543679324
13.333333333333334,500.0,43.20819699126219,7.507231169927746,11.735130422584266,27.941518173983763,12.730123982247626,51.94818559507895,35.82627493799728,53.58846969708266,96.0,21.0,95.4,20.0,95.8,18.8,96.0,18.6,68.45700624050059,36.00318995062081,66.90659118947411,21.11090533663895,68.82343580874027,5.11565543679324,64.18964962030677,4.469002242860107
13.333333333333334,500.0,43.20819699126219,7.507231169927746,12.730123982247626,51.94818559507895,35.82627493799728,53.58846969708266,11.735130422584266,27.941518173983763,96.2,21.0,96.2,19.8,96.2,19.8,95.6,20.4,68.45700624050059,36.00318995062081,68.82343580874027,5.11565543679324,64.18964962030677,4.469002242860107,66.90659118947411,21.11090533663895
13.333333333333334,500.0,43.20819699126219,7.507231169927746,12.730123982247626,51.94818559507895,11.735130422584266,27.941518173983763,35.82627493799728,53.58846969708266,95.0,20.4,94.2,19.2,94.6,20.0,95.0,18.8,68.45700624050059,36.00318995062081,68.82343580874027,5.11565543679324,66.90659118947411,21.11090533663895,64.18964962030677,4.469002242860107
13.333333333333334,500.0,11.735130422584266,27.941518173983763,35.82627493799728,53.58846969708266,43.20819699126219,7.507231169927746,12.730123982247626,51.94818559507895,93.4,18.4,94.0,17.0,94.0,19.8,94.4,17.0,66.90659118947411,21.11090533663895,64.18964962030677,4.469002242860107,68.45700624050059,36.00318995062081,68.82343580874027,5.11565543679324
13.333333333333334,500.0,11.735130422584266,27.941518173983763,35.82627493799728,53.58846969708266,12.730123982247626,51.94818559507895,43.20819699126219,7.507231169927746,95.4,19.8,95.2,18.6,95.8,18.6,95.2,20.6,66.90659118947411,21.11090533663895,64.18964962030677,4.469002242860107,68.82343580874027,5.11565543679324,68.45700624050059,36.00318995062081
13.333333333333334,500.0,11.735130422584266,27.941518173983763,43.20819699126219,7.507231169927746,35.82627493799728,53.58846969708266,12.730123982247626,51.94818559507895,91.6,17.8,92.2,18.4,91.8,17.0,92.2,16.8,66.90659118947411,21.11090533663895,68.45700624050059,36.00318995062081,64.18964962030677,4.469002242860107,68.82343580874027,5.11565543679324
13.333333333333334,500.0,11.735130422584266,27.941518173983763,43.20819699126219,7.507231169927746,12.730123982247626,51.94818559507895,35.82627493799728,53.58846969708266,95.8,19.8,95.8,20.2,96.0,19.4,95.8,19.4,66.90659118947411,21.11090533663895,68.45700624050059,36.00318995062081,68.82343580874027,5.11565543679324,64.18964962030677,4.469002242860107
13.333333333333334,500.0,11.735130422584266,27.941518173983763,12.730123982247626,51.94818559507895,35.82627493799728,53.58846969708266,43.20819699126219,7.507231169927746,94.2,19.6,95.0,18.6,94.8,18.6,94.8,20.6,66.90659118947411,21.11090533663895,68.82343580874027,5.11565543679324,64.18964962030677,4.469002242860107,68.45700624050059,36.00318995062081
13.333333333333334,500.0,11.735130422584266,27.941518173983763,12.730123982247626,51.94818559507895,43.20819699126219,7.507231169927746,35.82627493799728,53.58846969708266,96.4,21.0,96.6,20.6,96.8,21.4,96.8,20.6,66.90659118947411,21.11090533663895,68.82343580874027,5.11565543679324,68.45700624050059,36.00318995062081,64.18964962030677,4.469002242860107
13.333333333333334,500.0,12.730123982247626,51.94818559507895,35.82627493799728,53.58846969708266,43.20819699126219,7.507231169927746,11.735130422584266,27.941518173983763,95.6,18.2,95.6,18.2,95.8,20.6,94.4,19.4,68.82343580874027,5.11565543679324,64.18964962030677,4.469002242860107,68.45700624050059,36.00318995062081,66.90659118947411,21.11090533663895
13.333333333333334,500.0,12.730123982247626,51.94818559507895,35.82627493799728,53.58846969708266,11.735130422584266,27.941518173983763,43.20819699126219,7.507231169927746,98.0,20.6,98.0,20.6,97.6,21.0,98.0,21.4,68.82343580874027,5.11565543679324,64.18964962030677,4.469002242860107,66.90659118947411,21.11090533663895,68.45700624050059,36.00318995062081
13.333333333333334,500.0,12.730123982247626,51.94818559507895,43.20819699126219,7.507231169927746,35.82627493799728,53.58846969708266,11.735130422584266,27.941518173983763,95.6,18.0,95.6,20.4,94.8,18.4,94.8,19.6,68.82343580874027,5.11565543679324,68.45700624050059,36.00318995062081,64.18964962030677,4.469002242860107,66.90659118947411,21.11090533663895
13.333333333333334,500.0,12.730123982247626,51.94818559507895,43.20819699126219,7.507231169927746,11.735130422584266,27.941518173983763,35.82627493799728,53.58846969708266,95.6,18.2,95.2,19.4,95.4,18.8,95.2,18.2,68.82343580874027,5.11565543679324,68.45700624050059,36.00318995062081,66.90659118947411,21.11090533663895,64.18964962030677,4.469002242860107
13.333333333333334,500.0,12.730123982247626,51.94818559507895,11.735130422584266,27.941518173983763,35.82627493799728,53.58846969708266,43.20819699126219,7.507231169927746,96.6,20.2,96.4,20.8,96.6,20.2,96.6,21.4,68.82343580874027,5.11565543679324,66.90659118947411,21.11090533663895,64.18964962030677,4.469002242860107,68.45700624050059,36.00318995062081
13.333333333333334,500.0,12.730123982247626,51.94818559507895,11.735130422584266,27.941518173983763,43.20819699126219,7.507231169927746,35.82627493799728,53.58846969708266,94.6,18.6,94.8,19.8,95.4,20.6,95.2,18.2,68.82343580874027,5.11565543679324,66.90659118947411,21.11090533663895,68.45700624050059,36.00318995062081,64.18964962030677,4.469002242860107
13.333333333333334,500.0,54.54792674276843,52.36671813014358,26.083593019704068,55.73514920181355,53.37758006349498,9.829793063811872,7.387638858235346,41.06335839119891,73.2,4.8,73.2,4.8,73.2,31.2,99.6,18.0,70.67126541962848,16.742734327051224,88.77107237006575,14.126071114889667,73.41614460592328,45.78422046044192,112.66663818101236,27.26525740010685
13.333333333333334,500.0,54.54792674276843,52.36671813014358,7.387638858235346,41.06335839119891,26.083593019704068,55.73514920181355,53.37758006349498,9.829793063811872,73.8,5.6,100.6,19.0,73.8,5.6,73.8,32.4,70.67126541962848,16.742734327051224,112.66663818101236,27.26525740010685,88.77107237006575,14.126071114889667,73.41614460592328,45.78422046044192
13.333333333333334,500.0,54.54792674276843,52.36671813014358,7.387638858235346,41.06335839119891,53.37758006349498,9.829793063811872,26.083593019704068,55.73514920181355,77.8,7.0,99.2,17.8,77.6,28.6,77.6,7.0,70.67126541962848,16.742734327051224,112.66663818101236,27.26525740010685,73.41614460592328,45.78422046044192,88.77107237006575,14.126071114889667
13.333333333333334,500.0,54.54792674276843,52.36671813014358,53.37758006349498,9.829793063811872,26.083593019704068,55.73514920181355,7.387638858235346,41.06335839119891,73.6,6.0,73.6,34.4,73.6,6.0,102.0,20.2,70.67126541962848,16.742734327051224,73.41614460592328,45.78422046044192,88.77107237006575,14.126071114889667,112.66663818101236,27.26525740010685
13.333333333333334,500.0,54.54792674276843,52.36671813014358,53.37758006349498,9.829793063811872,7.387638858235346,41.06335839119891,26.083593019704068,55.73514920181355,74.0,4.6,74.0,29.4,99.0,17.0,74.0,4.6,70.67126541962848,16.742734327051224,73.41614460592328,45.78422046044192,112.66663818101236,27.26525740010685,88.77107237006575,14.126071114889667
13.333333333333334,500.0,26.083593019704068,55.73514920181355,54.54792674276843,52.36671813014358,7.387638858235346,41.06335839119891,53.37758006349498,9.829793063811872,77.6,7.8,77.8,7.8,100.0,19.0,77.6,30.2,88.77107237006575,14.126071114889667,70.67126541962848,16.742734327051224,112.66663818101236,27.26525740010685,73.41614460592328,45.78422046044192
13.333333333333334,500.0,26.083593019704068,55.73514920181355,54.54792674276843,52.36671813014358,53.37758006349498,9.829793063811872,7.387638858235346,41.06335839119891,78.0,7.0,78.0,7.0,78.0,29.4,100.4,18.2,88.77107237006575,14.126071114889667,70.67126541962848,16.742734327051224,73.41614460592328,45.78422046044192,112.66663818101236,27.26525740010685
13.333333333333334,500.0,26.083593019704068,55.73514920181355,7.387638858235346,41.06335839119891,54.54792674276843,52.36671813014358,53.37758006349498,9.829793063811872,75.0,6.2,101.4,19.6,75.2,6.4,75.2,33.0,88.77107237006575,14.126071114889667,112.66663818101236,27.26525740010685,70.67126541962848,16.742734327051224,73.41614460592328,45.78422046044192
13.333333333333334,500.0,26.083593019704068,55.73514920181355,7.387638858235346,41.06335839119891,53.37758006349498,9.829793063811872,54.54792674276843,52.36671813014358,76.8,7.4,99.8,19.0,76.8,30.6,76.8,7.4,88.77107237006575,14.126071114889667,112.66663818101236,27.26525740010685,73.41614460592328,45.78422046044192,70.67126541962848,16.742734327051224
13.333333333333334,500.0,26.083593019704068,55.73514920181355,53.37758006349498,9.829793063811872,54.54792674276843,52.36671813014358,7.387638858235346,41.06335839119891,74.6,5.8,74.6,30.2,74.8,5.8,99.0,18.0,88.77107237006575,14.126071114889667,73.41614460592328,45.78422046044192,70.67126541962848,16.742734327051224,112.66663818101236,27.26525740010685
13.333333333333334,500.0,26.083593019704068,55.73514920181355,53.37758006349498,9.829793063811872,7.387638858235346,41.06335839119891,54.54792674276843,52.36671813014358,74.4,7.4,74.4,33.0,99.8,20.2,74.4,7.4,88.77107237006575,14.126071114889667,73.41614460592328,45.78422046044192,112.66663818101236,27.26525740010685,70.67126541962848,16.742734327051224
13.333333333333334,500.0,7.387638858235346,41.06335839119891,54.54792674276843,52.36671813014358,26.083593019704068,55.73514920181355,53.37758006349498,9.829793063811872,102.0,20.6,73.6,6.2,73.6,6.2,73.6,35.0,112.66663818101236,27.26525740010685,70.67126541962848,16.742734327051224,88.77107237006575,14.126071114889667,73.41614460592328,45.78422046044192
13.333333333333334,500.0,7.387638858235346,41.06335839119891,54.54792674276843,52.36671813014358,53.37758006349498,9.829793063811872,26.083593019704068,55.73514920181355,101.4,18.4,79.8,7.6,79.8,29.2,79.8,7.6,112.66663818101236,27.26525740010685,70.67126541962848,16.742734327051224,73.41614460592328,45.78422046044192,88.77107237006575,14.126071114889667
13.333333333333334,500.0,7.387638858235346,41.06335839119891,26.083593019704068,55.73514920181355,54.54792674276843,52.36671813014358,53.37758006349498,9.829793063811872,100.8,18.2,76.6,5.8,76.2,5.8,76.0,30.8,112.66663818101236,27.26525740010685,88.77107237006575,14.126071114889667,70.67126541962848,16.742734327051224,73.41614460592328,45.78422046044192
13.333333333333334,500.0,7.387638858235346,41.06335839119891,26.083593019704068,55.73514920181355,53.37758006349498,9.829793063811872,54.54792674276843,52.36671813014358,98.4,20.0,72.4,7.0,72.4,33.0,72.4,7.0,112.66663818101236,27.26525740010685,88.77107237006575,14.126071114889667,73.41614460592328,45.78422046044192,70.67126541962848,16.742734327051224
13.333333333333334,500.0,7.387638858235346,41.06335839119891,53.37758006349498,9.829793063811872,54.54792674276843,52.36671813014358,26.083593019704068,55.73514920181355,100.0,21.4,72.6,35.2,72.6,7.6,72.6,7.6,112.66663818101236,27.26525740010685,73.41614460592328,45.78422046044192,70.67126541962848,16.742734327051224,88.77107237006575,14.126071114889667
13.333333333333334,500.0,7.387638858235346,41.06335839119891,53.37758006349498,9.829793063811872,26.083593019704068,55.73514920181355,54.54792674276843,52.36671813014358,99.6,18.8,73.6,31.8,73.6,5.8,73.6,5.8,112.66663818101236,27.26525740010685,73.41614460592328,45.78422046044192,88.77107237006575,14.126071114889667,70.67126541962848,16.742734327051224
13.333333333333334,500.0,53.37758006349498,9.829793063811872,54.54792674276843,52.36671813014358,26.083593019704068,55.73514920181355,7.387638858235346,41.06335839119891,73.6,32.0,73.6,6.0,73.6,6.0,99.6,19.0,73.41614460592328,45.78422046044192,70.67126541962848,16.742734327051224,88.77107237006575,14.126071114889667,112.66663818101236,27.26525740010685
13.333333333333334,500.0,53.37758006349498,9.829793063811872,54.54792674276843,52.36671813014358,7.387638858235346,41.06335839119891,26.083593019704068,55.73514920181355,71.8,32.6,71.8,4.6,99.8,18.6,71.8,4.6,73.41614460592328,45.78422046044192,70.67126541962848,16.742734327051224,112.66663818101236,27.26525740010685,88.77107237006575,14.126071114889667
13.333333333333334,500.0,53.37758006349498,9.829793063811872,26.083593019704068,55.73514920181355,54.54792674276843,52.36671813014358,7.387638858235346,41.06335839119891,72.2,32.0,72.0,3.6,72.0,3.8,100.2,17.8,73.41614460592328,45.78422046044192,88.77107237006575,14.126071114889667,70.67126541962848,16.742734327051224,112.66663818101236,27.26525740010685
13.333333333333334,500.0,53.37758006349498,9.829793063811872,26.083593019704068,55.73514920181355,7.387638858235346,41.06335839119891,54.54792674276843,52.36671813014358,75.6,33.6,75.6,8.4,100.4,21.0,75.6,8.4,73.41614460592328,45.78422046044192,88.77107237006575,14.126071114889667,112.66663818101236,27.26525740010685,70.67126541962848,16.742734327051224
13.333333333333334,500.0,53.37758006349498,9.829793063811872,7.387638858235346,41.06335839119891,54.54792674276843,52.36671813014358,26.083593019704068,55.73514920181355,71.0,32.8,99.6,18.4,71.0,4.4,71.0,4.4,73.41614460592328,45.78422046044192,112.66663818101236,27.26525740010685,70.67126541962848,16.742734327051224,88.77107237006575,14.126071114889667
13.333333333333334,500.0,53.37758006349498,9.829793063811872,7.387638858235346,41.06335839119891,26.083593019704068,55.73514920181355,54.54792674276843,52.36671813014358,76.4,31.2,101.2,18.8,76.4,6.4,76.4,6.4,73.41614460592328,45.78422046044192,112.66663818101236,27.26525740010685,88.77107237006575,14.126071114889667,70.67126541962848,16.742734327051224
13.333333333333334,500.0,56.55109035401546,42.16580384118928,1.3107137636651212,1.4520721328146746,25.28609564503224,25.513188285786125,28.47421354476287,46.709608125055446,106.6,4.6,109.8,7.8,106.6,6.4,108.2,4.8,85.6843813263552,17.504137704321828,102.79823672232337,28.290709637333624,94.79302317596203,21.52813375183506,93.85335428836106,17.49230612747535
13.333333333333334,500.0,56.55109035401546,42.16580384118928,28.47421354476287,46.709608125055446,1.3107137636651212,1.4520721328146746,25.28609564503224,25.513188285786125,108.6,5.0,109.6,5.0,110.6,7.0,108.6,6.0,85.6843813263552,17.504137704321828,93.85335428836106,17.49230612747535,102.79823672232337,28.290709637333624,94.79302317596203,21.52813375183506
13.333333333333334,500.0,56.55109035401546,42.16580384118928,28.47421354476287,46.709608125055446,25.28609564503224,25.513188285786125,1.3107137636651212,1.4520721328146746,107.2,5.0,108.0,5.0,107.2,5.8,108.8,6.6,85.6843813263552,17.504137704321828,93.85335428836106,17.49230612747535,94.79302317596203,21.52813375183506,102.79823672232337,28.290709637333624
13.333333333333334,500.0,56.55109035401546,42.16580384118928,25.28609564503224,25.513188285786125,1.3107137636651212,1.4520721328146746,28.47421354476287,46.709608125055446,103.8,6.2,103.8,7.8,107.0,9.4,105.4,6.2,85.6843813263552,17.504137704321828,94.79302317596203,21.52813375183506,102.79823672232337,28.290709637333624,93.85335428836106,17.49230612747535
13.333333333333334,500.0,56.55109035401546,42.16580384118928,25.28609564503224,25.513188285786125,28.47421354476287,46.709608125055446,1.3107137636651212,1.4520721328146746,104.2,5.4,105.0,6.4,105.8,5.4,106.2,7.4,85.6843813263552,17.504137704321828,94.79302317596203,21.52813375183506,93.85335428836106,17.49230612747535,102.79823672232337,28.290709637333624
13.333333333333334,500.0,1.3107137636651212,1.4520721328146746,56.55109035401546,42.16580384118928,28.47421354476287,46.709608125055446,25.28609564503224,25.513188285786125,107.0,6.0,106.2,5.2,106.4,5.2,106.2,5.6,102.79823672232337,28.290709637333624,85.6843813263552,17.504137704321828,93.85335428836106,17.49230612747535,94.79302317596203,21.52813375183506
13.333333333333334,500.0,1.3107137636651212,1.4520721328146746,56.55109035401546,42.16580384118928,25.28609564503224,25.513188285786125,28.47421354476287,46.709608125055446,109.2,7.0,106.4,3.8,106.8,5.2,108.0,3.8,102.79823672232337,28.290709637333624,85.6843813263552,17.504137704321828,94.79302317596203,21.52813375183506,93.85335428836106,17.49230612747535
13.333333333333334,500.0,1.3107137636651212,1.4520721328146746,28.47421354476287,46.709608125055446,56.55109035401546,42.16580384118928,25.28609564503224,25.513188285786125,107.2,7.0,106.6,4.2,105.0,4.2,105.6,5.6,102.79823672232337,28.290709637333624,93.85335428836106,17.49230612747535,85.6843813263552,17.504137704321828,94.79302317596203,21.52813375183506
13.333333333333334,500.0,1.3107137636651212,1.4520721328146746,28.47421354476287,46.709608125055446,25.28609564503224,25.513188285786125,56.55109035401546,42.16580384118928,112.6,5.2,112.2,4.0,111.6,4.6,111.6,4.0,102.79823672232337,28.290709637333624,93.85335428836106,17.49230612747535,94.79302317596203,21.52813375183506,85.6843813263552,17.504137704321828
13.333333333333334,500.0,1.3107137636651212,1.4520721328146746,25.28609564503224,25.513188285786125,56.55109035401546,42.16580384118928,28.47421354476287,46.709608125055446,109.6,9.2,107.2,8.0,107.2,6.8,108.4,6.8,102.79823672232337,28.290709637333624,94.79302317596203,21.52813375183506,85.6843813263552,17.504137704321828,93.85335428836106,17.49230612747535
13.333333333333334,500.0,1.3107137636651212,1.4520721328146746,25.28609564503224,25.513188285786125,28.47421354476287,46.709608125055446,56.55109035401546,42.16580384118928,105.2,7.8,102.4,6.4,103.8,5.0,102.4,5.0,102.79823672232337,28.290709637333624,94.79302317596203,21.52813375183506,93.85335428836106,17.49230612747535,85.6843813263552,17.504137704321828
13.333333333333334,500.0,28.47421354476287,46.709608125055446,56.55109035401546,42.16580384118928,1.3107137636651212,1.4520721328146746,25.28609564503224,25.513188285786125,106.0,4.2,104.2,4.2,107.0,7.2,104.6,5.8,93.85335428836106,17.49230612747535,85.6843813263552,17.504137704321828,102.79823672232337,28.290709637333624,94.79302317596203,21.52813375183506
13.333333333333334,500.0,28.47421354476287,46.709608125055446,56.55109035401546,42.16580384118928,25.28609564503224,25.513188285786125,1.3107137636651212,1.4520721328146746,107.0,7.0,105.4,7.0,105.4,8.6,108.6,10.2,93.85335428836106,17.49230612747535,85.6843813263552,17.504137704321828,94.79302317596203,21.52813375183506,102.79823672232337,28.290709637333624
13.333333333333334,500.0,28.47421354476287,46.709608125055446,1.3107137636651212,1.4520721328146746,56.55109035401546,42.16580384118928,25.28609564503224,25.513188285786125,107.4,5.2,108.0,7.4,105.8,5.0,106.2,6.4,93.85335428836106,17.49230612747535,102.79823672232337,28.290709637333624,85.6843813263552,17.504137704321828,94.79302317596203,21.52813375183506
13.333333333333334,500.0,28.47421354476287,46.709608125055446,1.3107137636651212,1.4520721328146746,25.28609564503224,25.513188285786125,56.55109035401546,42.16580384118928,110.6,2.2,111.2,3.4,110.0,2.8,110.0,2.2,93.85335428836106,17.49230612747535,102.79823672232337,28.290709637333624,94.79302317596203,21.52813375183506,85.6843813263552,17.504137704321828
13.333333333333334,500.0,28.47421354476287,46.709608125055446,25.28609564503224,25.513188285786125,56.55109035401546,42.16580384118928,1.3107137636651212,1.4520721328146746,107.2,4.0,105.8,5.4,105.8,4.0,108.6,6.8,93.85335428836106,17.49230612747535,94.79302317596203,21.52813375183506,85.6843813263552,17.504137704321828,102.79823672232337,28.290709637333624
13.333333333333334,500.0,28.47421354476287,46.709608125055446,25.28609564503224,25.513188285786125,1.3107137636651212,1.4520721328146746,56.55109035401546,42.16580384118928,104.4,6.6,103.0,8.2,106.2,10.0,103.0,6.6,93.85335428836106,17.49230612747535,94.79302317596203,21.52813375183506,102.79823672232337,28.290709637333624,85.6843813263552,17.504137704321828
13.333333333333334,500.0,25.28609564503224,25.513188285786125,56.55109035401546,42.16580384118928,1.3107137636651212,1.4520721328146746,28.47421354476287,46.709608125055446,105.8,5.2,105.8,4.0,108.2,6.4,107.0,4.0,94.79302317596203,21.52813375183506,85.6843813263552,17.504137704321828,102.79823672232337,28.290709637333624,93.85335428836106,17.49230612747535
13.333333333333334,500.0,25.28609564503224,25.513188285786125,56.55109035401546,42.16580384118928,28.47421354476287,46.709608125055446,1.3107137636651212,1.4520721328146746,108.4,4.8,108.4,3.8,109.4,3.8,110.4,5.8,94.79302317596203,21.52813375183506,85.6843813263552,17.504137704321828,93.85335428836106,17.49230612747535,102.79823672232337,28.290709637333624
13.333333333333334,500.0,25.28609564503224,25.513188285786125,1.3107137636651212,1.4520721328146746,56.55109035401546,42.16580384118928,28.47421354476287,46.709608125055446,111.8,4.8,112.6,5.2,111.8,4.4,112.0,4.4,94.79302317596203,21.52813375183506,102.79823672232337,28.290709637333624,85.6843813263552,17.504137704321828,93.85335428836106,17.49230612747535
13.333333333333334,500.0,25.28609564503224,25.513188285786125,1.3107137636651212,1.4520721328146746,28.47421354476287,46.709608125055446,56.55109035401546,42.16580384118928,107.0,5.0,108.6,5.8,107.8,4.2,107.0,4.2,94.79302317596203,21.52813375183506,102.79823672232337,28.290709637333624,93.85335428836106,17.49230612747535,85.6843813263552,17.504137704321828
13.333333333333334,500.0,25.28609564503224,25.513188285786125,28.47421354476287,46.709608125055446,56.55109035401546,42.16580384118928,1.3107137636651212,1.4520721328146746,108.2,4.6,109.0,3.6,108.2,3.6,110.4,5.8,94.79302317596203,21.52813375183506,93.85335428836106,17.49230612747535,85.6843813263552,17.504137704321828,102.79823672232337,28.290709637333624
13.333333333333334,500.0,25.28609564503224,25.513188285786125,28.47421354476287,46.709608125055446,1.3107137636651212,1.4520721328146746,56.55109035401546,42.16580384118928,106.2,7.2,107.2,6.2,108.2,8.2,106.2,6.2,94.79302317596203,21.52813375183506,93.85335428836106,17.49230612747535,102.79823672232337,28.290709637333624,85.6843813263552,17.504137704321828
13.333333333333334,500.0,26.29761949961138,10.622057669513667,8.159263100887744,35.044372623225776,51.436652017042434,17.332232140959412,56.50747002159251,44.56407627355854,96.8,21.2,97.6,19.8,96.8,21.2,94.0,19.8,116.76343861904192,35.468319443238535,107.38281539368222,33.333597568131985,117.98529949842182,36.04979819564862,107.89266851158948,34.91703961131946
13.333333333333334,500.0,26.29761949961138,10.622057669513667,56.50747002159251,44.56407627355854,8.159263100887744,35.044372623225776,51.436652017042434,17.332232140959412,98.4,23.4,96.8,22.6,98.8,22.6,98.0,23.4,116.76343861904192,35.468319443238535,107.89266851158948,34.91703961131946,107.38281539368222,33.333597568131985,117.98529949842182,36.04979819564862
13.333333333333334,500.0,26.29761949961138,10.622057669513667,56.50747002159251,44.56407627355854,51.436652017042434,17.332232140959412,8.159263100887744,35.044372623225776,96.2,20.6,95.0,20.0,96.2,20.6,97.6,20.0,116.76343861904192,35.468319443238535,107.89266851158948,34.91703961131946,117.98529949842182,36.04979819564862,107.38281539368222,33.333597568131985
13.333333333333334,500.0,26.29761949961138,10.622057669513667,51.436652017042434,17.332232140959412,8.159263100887744,35.044372623225776,56.50747002159251,44.56407627355854,97.8,21.6,97.8,21.6,98.0,21.0,96.6,21.0,116.76343861904192,35.468319443238535,117.98529949842182,36.04979819564862,107.38281539368222,33.333597568131985,107.89266851158948,34.91703961131946
13.333333333333334,500.0,26.29761949961138,10.622057669513667,51.436652017042434,17.332232140959412,56.50747002159251,44.56407627355854,8.159263100887744,35.044372623225776,99.2,22.2,99.2,22.2,98.0,21.6,99.4,21.6,116.76343861904192,35.468319443238535,117.98529949842182,36.04979819564862,107.89266851158948,34.91703961131946,107.38281539368222,33.333597568131985
13.333333333333334,500.0,8.159263100887744,35.044372623225776,26.29761949961138,10.622057669513667,56.50747002159251,44.56407627355854,51.436652017042434,17.332232140959412,98.6,22.0,98.2,22.6,97.0,22.0,98.2,22.6,107.38281539368222,33.333597568131985,116.76343861904192,35.468319443238535,107.89266851158948,34.91703961131946,117.98529949842182,36.04979819564862
13.333333333333334,500.0,8.159263100887744,35.044372623225776,26.29761949961138,10.622057669513667,51.436652017042434,17.332232140959412,56.50747002159251,44.56407627355854,97.4,21.0,97.2,21.8,97.2,21.8,95.8,21.0,107.38281539368222,33.333597568131985,116.76343861904192,35.468319443238535,117.98529949842182,36.04979819564862,107.89266851158948,34.91703961131946
13.333333333333334,500.0,8.159263100887744,35.044372623225776,56.50747002159251,44.56407627355854,26.29761949961138,10.622057669513667,51.436652017042434,17.332232140959412,96.4,22.4,95.6,22.4,96.4,22.8,96.4,22.8,107.38281539368222,33.333597568131985,107.89266851158948,34.91703961131946,116.76343861904192,35.468319443238535,117.98529949842182,36.04979819564862
13.333333333333334,500.0,8.159263100887744,35.044372623225776,56.50747002159251,44.56407627355854,51.436652017042434,17.332232140959412,26.29761949961138,10.622057669513667,97.0,19.4,96.0,19.4,96.4,19.6,96.4,19.6,107.38281539368222,33.333597568131985,107.89266851158948,34.91703961131946,117.98529949842182,36.04979819564862,116.76343861904192,35.468319443238535
13.333333333333334,500.0,8.159263100887744,35.044372623225776,51.436652017042434,17.332232140959412,26.29761949961138,10.622057669513667,56.50747002159251,44.56407627355854,97.2,21.4,96.8,22.0,96.8,22.0,95.6,21.4,107.38281539368222,33.333597568131985,117.98529949842182,36.04979819564862,116.76343861904192,35.468319443238535,107.89266851158948,34.91703961131946
13.333333333333334,500.0,8.159263100887744,35.044372623225776,51.436652017042434,17.332232140959412,56.50747002159251,44.56407627355854,26.29761949961138,10.622057669513667,98.4,20.2,96.8,21.2,96.0,20.2,97.4,21.2,107.38281539368222,33.333597568131985,117.98529949842182,36.04979819564862,107.89266851158948,34.91703961131946,116.76343861904192,35.468319443238535
13.333333333333334,500.0,56.50747002159251,44.56407627355854,26.29761949961138,10.622057669513667,8.159263100887744,35.044372623225776,51.436652017042434,17.332232140959412,96.0,23.6,98.6,24.6,99.2,23.8,97.8,24.8,107.89266851158948,34.91703961131946,116.76343861904192,35.468319443238535,107.38281539368222,33.333597568131985,117.98529949842182,36.04979819564862
13.333333333333334,500.0,56.50747002159251,44.56407627355854,26.29761949961138,10.622057669513667,51.436652017042434,17.332232140959412,8.159263100887744,35.044372623225776,96.6,23.0,98.4,24.2,98.4,24.2,99.4,23.0,107.89266851158948,34.91703961131946,116.76343861904192,35.468319443238535,117.98529949842182,36.04979819564862,107.38281539368222,33.333597568131985
13.333333333333334,500.0,56.50747002159251,44.56407627355854,8.159263100887744,35.044372623225776,26.29761949961138,10.622057669513667,51.436652017042434,17.332232140959412,95.8,20.2,97.8,20.2,97.0,20.8,97.0,20.8,107.89266851158948,34.91703961131946,107.38281539368222,33.333597568131985,116.76343861904192,35.468319443238535,117.98529949842182,36.04979819564862
13.333333333333334,500.0,56.50747002159251,44.56407627355854,8.159263100887744,35.044372623225776,51.436652017042434,17.332232140959412,26.29761949961138,10.622057669513667,96.0,21.8,100.4,21.4,98.0,23.6,99.6,24.0,107.89266851158948,34.91703961131946,107.38281539368222,33.333597568131985,117.98529949842182,36.04979819564862,116.76343861904192,35.468319443238535
13.333333333333334,500.0,56.50747002159251,44.56407627355854,51.436652017042434,17.332232140959412,26.29761949961138,10.622057669513667,8.159263100887744,35.044372623225776,94.4,19.0,95.2,19.4,95.2,19.4,96.8,19.0,107.89266851158948,34.91703961131946,117.98529949842182,36.04979819564862,116.76343861904192,35.468319443238535,107.38281539368222,33.333597568131985
13.333333333333334,500.0,56.50747002159251,44.56407627355854,51.436652017042434,17.332232140959412,8.159263100887744,35.044372623225776,26.29761949961138,10.622057669513667,96.0,21.8,97.0,23.0,98.4,21.8,97.6,23.0,107.89266851158948,34.91703961131946,117.98529949842182,36.04979819564862,107.38281539368222,33.333597568131985,116.76343861904192,35.468319443238535
13.333333333333334,500.0,51.436652017042434,17.332232140959412,26.29761949961138,10.622057669513667,8.159263100887744,35.044372623225776,56.50747002159251,44.56407627355854,96.0,21.8,96.0,21.8,96.4,21.0,94.4,21.0,117.98529949842182,36.04979819564862,116.76343861904192,35.468319443238535,107.38281539368222,33.333597568131985,107.89266851158948,34.91703961131946
13.333333333333334,500.0,51.436652017042434,17.332232140959412,26.29761949961138,10.622057669513667,56.50747002159251,44.56407627355854,8.159263100887744,35.044372623225776,94.8,18.4,94.8,18.4,93.2,17.6,96.6,17.6,117.98529949842182,36.04979819564862,116.76343861904192,35.468319443238535,107.89266851158948,34.91703961131946,107.38281539368222,33.333597568131985
13.333333333333334,500.0,51.436652017042434,17.332232140959412,8.159263100887744,35.044372623225776,26.29761949961138,10.622057669513667,56.50747002159251,44.56407627355854,96.2,20.0,97.6,19.4,96.2,20.0,95.0,19.4,117.98529949842182,36.04979819564862,107.38281539368222,33.333597568131985,116.76343861904192,35.468319443238535,107.89266851158948,34.91703961131946
13.333333333333334,500.0,51.436652017042434,17.332232140959412,8.159263100887744,35.044372623225776,56.50747002159251,44.56407627355854,26.29761949961138,10.622057669513667,94.4,19.2,95.8,19.0,94.4,19.0,94.8,19.2,117.98529949842182,36.04979819564862,107.38281539368222,33.333597568131985,107.89266851158948,34.91703961131946,116.76343861904192,35.468319443238535
13.333333333333334,500.0,51.436652017042434,17.332232140959412,56.50747002159251,44.56407627355854,26.29761949961138,10.622057669513667,8.159263100887744,35.044372623225776,98.8,23.0,97.6,22.2,99.2,23.0,99.4,22.2,117.98529949842182,36.04979819564862,107.89266851158948,34.91703961131946,116.76343861904192,35.468319443238535,107.38281539368222,33.333597568131985
13.333333333333334,500.0,51.436652017042434,17.332232140959412,56.50747002159251,44.56407627355854,8.159263100887744,35.044372623225776,26.29761949961138,10.622057669513667,96.4,21.4,95.6,21.0,97.6,21.0,96.4,21.4,117.98529949842182,36.04979819564862,107.89266851158948,34.91703961131946,107.38281539368222,33.333597568131985,116.76343861904192,35.468319443238535
13.333333333333334,500.0,25.588670881418164,38.09203944321389,3.4764116466160577,46.7646209904263,19.04502096122945,3.7262675310507687,51.89543429029944,57.23531273787504,86.4,37.0,86.4,37.0,86.4,37.0,86.4,37.0,88.91545330910414,12.649638167897525,115.84701295787156,19.0064939595448,114.52534932191064,18.20621283093733,116.2693034162362,18.969196205235995
13.333333333333334,500.0,25.588670881418164,38.09203944321389,51.89543429029944,57.23531273787504,3.4764116466160577,46.7646209904263,19.04502096122945,3.7262675310507687,84.2,39.6,84.2,39.6,84.2,39.6,84.2,39.6,88.91545330910414,12.649638167897525,116.2693034162362,18.969196205235995,115.84701295787156,19.0064939595448,114.52534932191064,18.20621283093733
13.333333333333334,500.0,25.588670881418164,38.09203944321389,51.89543429029944,57.23531273787504,19.04502096122945,3.7262675310507687,3.4764116466160577,46.7646209904263,87.0,36.8,87.2,36.8,87.2,36.8,87.2,36.8,88.91545330910414,12.649638167897525,116.2693034162362,18.969196205235995,114.52534932191064,18.20621283093733,115.84701295787156,19.0064939595448
13.333333333333334,500.0,25.588670881418164,38.09203944321389,19.04502096122945,3.7262675310507687,3.4764116466160577,46.7646209904263,51.89543429029944,57.23531273787504,87.4,37.6,88.0,38.0,88.0,37.4,87.6,37.6,88.91545330910414,12.649638167897525,114.52534932191064,18.20621283093733,115.84701295787156,19.0064939595448,116.2693034162362,18.969196205235995
13.333333333333334,500.0,25.588670881418164,38.09203944321389,19.04502096122945,3.7262675310507687,51.89543429029944,57.23531273787504,3.4764116466160577,46.7646209904263,85.8,38.8,85.8,38.8,85.8,38.8,85.8,38.8,88.91545330910414,12.649638167897525,114.52534932191064,18.20621283093733,116.2693034162362,18.969196205235995,115.84701295787156,19.0064939595448
13.333333333333334,500.0,3.4764116466160577,46.7646209904263,25.588670881418164,38.09203944321389,51.89543429029944,57.23531273787504,19.04502096122945,3.7262675310507687,86.8,36.8,86.8,36.8,86.8,36.8,86.8,36.8,115.84701295787156,19.0064939595448,88.91545330910414,12.649638167897525,116.2693034162362,18.969196205235995,114.52534932191064,18.20621283093733
13.333333333333334,500.0,3.4764116466160577,46.7646209904263,25.588670881418164,38.09203944321389,19.04502096122945,3.7262675310507687,51.89543429029944,57.23531273787504,86.0,38.2,85.8,38.2,86.0,38.2,86.0,38.2,115.84701295787156,19.0064939595448,88.91545330910414,12.649638167897525,114.52534932191064,18.20621283093733,116.2693034162362,18.969196205235995
13.333333333333334,500.0,3.4764116466160577,46.7646209904263,51.89543429029944,57.23531273787504,25.588670881418164,38.09203944321389,19.04502096122945,3.7262675310507687,86.6,38.2,86.6,38.2,86.6,38.2,86.6,38.2,115.84701295787156,19.0064939595448,116.2693034162362,18.969196205235995,88.91545330910414,12.649638167897525,114.52534932191064,18.20621283093733
13.333333333333334,500.0,3.4764116466160577,46.7646209904263,51.89543429029944,57.23531273787504,19.04502096122945,3.7262675310507687,25.588670881418164,38.09203944321389,85.0,37.2,85.0,37.2,85.0,37.2,85.0,37.2,115.84701295787156,19.0064939595448,116.2693034162362,18.969196205235995,114.52534932191064,18.20621283093733,88.91545330910414,12.649638167897525
13.333333333333334,500.0,3.4764116466160577,46.7646209904263,19.04502096122945,3.7262675310507687,25.588670881418164,38.09203944321389,51.89543429029944,57.23531273787504,86.8,37.6,86.8,37.6,86.8,37.6,86.8,37.6,115.84701295787156,19.0064939595448,114.52534932191064,18.20621283093733,88.91545330910414,12.649638167897525,116.2693034162362,18.969196205235995
13.333333333333334,500.0,3.4764116466160577,46.7646209904263,19.04502096122945,3.7262675310507687,51.89543429029944,57.23531273787504,25.588670881418164,38.09203944321389,87.2,39.8,87.2,39.8,87.2,39.8,87.2,39.8,115.84701295787156,19.0064939595448,114.52534932191064,18.20621283093733,116.2693034162362,18.969196205235995,88.91545330910414,12.649638167897525
13.333333333333334,500.0,51.89543429029944,57.23531273787504,25.588670881418164,38.09203944321389,3.4764116466160577,46.7646209904263,19.04502096122945,3.7262675310507687,86.4,36.8,86.4,36.8,86.4,36.8,86.4,36.8,116.2693034162362,18.969196205235995,88.91545330910414,12.649638167897525,115.84701295787156,19.0064939595448,114.52534932191064,18.20621283093733
13.333333333333334,500.0,51.89543429029944,57.23531273787504,25.588670881418164,38.09203944321389,19.04502096122945,3.7262675310507687,3.4764116466160577,46.7646209904263,85.6,39.0,85.6,39.0,85.6,39.0,85.6,39.0,116.2693034162362,18.969196205235995,88.91545330910414,12.649638167897525,114.52534932191064,18.20621283093733,115.84701295787156,19.0064939595448
13.333333333333334,500.0,51.89543429029944,57.23531273787504,3.4764116466160577,46.7646209904263,25.588670881418164,38.09203944321389,19.04502096122945,3.7262675310507687,86.4,36.8,86.4,36.8,86.4,36.8,86.4,36.8,116.2693034162362,18.969196205235995,115.84701295787156,19.0064939595448,88.91545330910414,12.649638167897525,114.52534932191064,18.20621283093733
13.333333333333334,500.0,51.89543429029944,57.23531273787504,3.4764116466160577,46.7646209904263,19.04502096122945,3.7262675310507687,25.588670881418164,38.09203944321389,86.6,38.0,86.6,38.0,86.6,38.0,86.6,38.0,116.2693034162362,18.969196205235995,115.84701295787156,19.0064939595448,114.52534932191064,18.20621283093733,88.91545330910414,12.649638167897525
13.333333333333334,500.0,51.89543429029944,57.23531273787504,19.04502096122945,3.7262675310507687,25.588670881418164,38.09203944321389,3.4764116466160577,46.7646209904263,83.2,38.4,83.2,38.4,83.2,38.4,83.2,38.4,116.2693034162362,18.969196205235995,114.52534932191064,18.20621283093733,88.91545330910414,12.649638167897525,115.84701295787156,19.0064939595448
13.333333333333334,500.0,51.89543429029944,57.23531273787504,19.04502096122945,3.7262675310507687,3.4764116466160577,46.7646209904263,25.588670881418164,38.09203944321389,86.8,36.0,86.8,36.0,86.8,36.0,86.8,36.0,116.2693034162362,18.969196205235995,114.52534932191064,18.20621283093733,115.84701295787156,19.0064939595448,88.91545330910414,12.649638167897525
13.333333333333334,500.0,19.04502096122945,3.7262675310507687,25.588670881418164,38.09203944321389,3.4764116466160577,46.7646209904263,51.89543429029944,57.23531273787504,85.8,39.0,85.8,39.0,85.8,39.0,85.8,39.0,114.52534932191064,18.20621283093733,88.91545330910414,12.649638167897525,115.84701295787156,19.0064939595448,116.2693034162362,18.969196205235995
13.333333333333334,500.0,19.04502096122945,3.7262675310507687,25.588670881418164,38.09203944321389,51.89543429029944,57.23531273787504,3.4764116466160577,46.7646209904263,85.2,38.6,85.2,38.6,85.2,38.6,85.2,38.6,114.52534932191064,18.20621283093733,88.91545330910414,12.649638167897525,116.2693034162362,18.969196205235995,115.84701295787156,19.0064939595448
13.333333333333334,500.0,19.04502096122945,3.7262675310507687,3.4764116466160577,46.7646209904263,25.588670881418164,38.09203944321389,51.89543429029944,57.23531273787504,88.2,37.2,88.2,37.2,88.2,37.2,88.2,37.2,114.52534932191064,18.20621283093733,115.84701295787156,19.0064939595448,88.91545330910414,12.649638167897525,116.2693034162362,18.969196205235995
13.333333333333334,500.0,19.04502096122945,3.7262675310507687,3.4764116466160577,46.7646209904263,51.89543429029944,57.23531273787504,25.588670881418164,38.09203944321389,83.2,40.4,83.2,40.4,83.2,40.4,83.2,40.4,114.52534932191064,18.20621283093733,115.84701295787156,19.0064939595448,116.2693034162362,18.969196205235995,88.91545330910414,12.649638167897525
13.333333333333334,500.0,19.04502096122945,3.7262675310507687,51.89543429029944,57.23531273787504,25.588670881418164,38.09203944321389,3.4764116466160577,46.7646209904263,87.4,37.4,87.4,37.4,87.4,37.4,87.4,37.4,114.52534932191064,18.20621283093733,116.2693034162362,18.969196205235995,88.91545330910414,12.649638167897525,115.84701295787156,19.0064939595448
13.333333333333334,500.0,19.04502096122945,3.7262675310507687,51.89543429029944,57.23531273787504,3.4764116466160577,46.7646209904263,25.588670881418164,38.09203944321389,86.6,37.8,86.6,37.8,86.6,37.8,86.6,37.8,114.52534932191064,18.20621283093733,116.2693034162362,18.969196205235995,115.84701295787156,19.0064939595448,88.91545330910414,12.649638167897525
13.333333333333334,500.0,1.2944118027610885,40.88481364879613,50.35445727302164,6.084072657683919,26.24652777410228,16.961404311282003,37.37126712945376,39.609436053519474,67.0,23.6,67.4,23.6,67.4,23.6,66.6,23.6,114.6972180493809,29.748867517319283,87.25299205085213,54.67230373982317,105.91195592509423,47.74622442115484,93.06668899935671,30.73822978990032
13.333333333333334,500.0,1.2944118027610885,40.88481364879613,37.37126712945376,39.609436053519474,50.35445727302164,6.084072657683919,26.24652777410228,16.961404311282003,69.8,20.8,68.8,20.8,70.4,20.8,70.2,20.8,114.6972180493809,29.748867517319283,93.06668899935671,30.73822978990032,87.25299205085213,54.67230373982317,105.91195592509423,47.74622442115484
13.333333333333334,500.0,1.2944118027610885,40.88481364879613,37.37126712945376,39.609436053519474,26.24652777410228,16.961404311282003,50.35445727302164,6.084072657683919,67.0,19.2,66.2,19.2,67.4,19.2,67.4,19.2,114.6972180493809,29.748867517319283,93.06668899935671,30.73822978990032,105.91195592509423,47.74622442115484,87.25299205085213,54.67230373982317
13.333333333333334,500.0,1.2944118027610885,40.88481364879613,26.24652777410228,16.961404311282003,50.35445727302164,6.084072657683919,37.37126712945376,39.609436053519474,73.0,20.6,73.8,20.6,73.8,20.6,72.8,20.6,114.6972180493809,29.748867517319283,105.91195592509423,47.74622442115484,87.25299205085213,54.67230373982317,93.06668899935671,30.73822978990032
13.333333333333334,500.0,1.2944118027610885,40.88481364879613,26.24652777410228,16.961404311282003,37.37126712945376,39.609436053519474,50.35445727302164,6.084072657683919,68.0,21.0,68.6,21.0,67.6,21.0,68.6,21.0,114.6972180493809,29.748867517319283,105.91195592509423,47.74622442115484,93.06668899935671,30.73822978990032,87.25299205085213,54.67230373982317
13.333333333333334,500.0,50.35445727302164,6.084072657683919,1.2944118027610885,40.88481364879613,37.37126712945376,39.609436053519474,26.24652777410228,16.961404311282003,72.6,22.4,71.8,22.4,71.8,22.4,72.6,22.4,87.25299205085213,54.67230373982317,114.6972180493809,29.748867517319283,93.06668899935671,30.73822978990032,105.91195592509423,47.74622442115484
13.333333333333334,500.0,50.35445727302164,6.084072657683919,1.2944118027610885,40.88481364879613,26.24652777410228,16.961404311282003,37.37126712945376,39.609436053519474,66.6,23.4,67.2,23.0,67.0,23.2,66.2,23.0,87.25299205085213,54.67230373982317,114.6972180493809,29.748867517319283,105.91195592509423,47.74622442115484,93.06668899935671,30.73822978990032
13.333333333333334,500.0,50.35445727302164,6.084072657683919,37.37126712945376,39.609436053519474,1.2944118027610885,40.88481364879613,26.24652777410228,16.961404311282003,71.2,24.0,70.6,24.0,70.2,24.0,71.2,24.0,87.25299205085213,54.67230373982317,93.06668899935671,30.73822978990032,114.6972180493809,29.748867517319283,105.91195592509423,47.74622442115484
13.333333333333334,500.0,50.35445727302164,6.084072657683919,37.37126712945376,39.609436053519474,26.24652777410228,16.961404311282003,1.2944118027610885,40.88481364879613,68.6,19.4,67.8,19.4,68.6,19.4,68.6,19.4,87.25299205085213,54.67230373982317,93.06668899935671,30.73822978990032,105.91195592509423,47.74622442115484,114.6972180493809,29.748867517319283
13.333333333333334,500.0,50.35445727302164,6.084072657683919,26.24652777410228,16.961404311282003,1.2944118027610885,40.88481364879613,37.37126712945376,39.609436053519474,69.4,19.6,69.6,19.6,69.4,19.6,68.2,19.6,87.25299205085213,54.67230373982317,105.91195592509423,47.74622442115484,114.6972180493809,29.748867517319283,93.06668899935671,30.73822978990032
13.333333333333334,500.0,50.35445727302164,6.084072657683919,26.24652777410228,16.961404311282003,37.37126712945376,39.609436053519474,1.2944118027610885,40.88481364879613,70.8,19.8,70.8,19.8,69.2,19.8,70.6,19.8,87.25299205085213,54.67230373982317,105.91195592509423,47.74622442115484,93.06668899935671,30.73822978990032,114.6972180493809,29.748867517319283
13.333333333333334,500.0,37.37126712945376,39.609436053519474,1.2944118027610885,40.88481364879613,50.35445727302164,6.084072657683919,26.24652777410228,16.961404311282003,69.0,18.8,70.6,18.8,70.4,19.2,70.6,19.0,93.06668899935671,30.73822978990032,114.6972180493809,29.748867517319283,87.25299205085213,54.67230373982317,105.91195592509423,47.74622442115484
13.333333333333334,500.0,37.37126712945376,39.609436053519474,1.2944118027610885,40.88481364879613,26.24652777410228,16.961404311282003,50.35445727302164,6.084072657683919,68.8,20.2,69.0,20.2,69.0,20.2,69.0,20.2,93.06668899935671,30.73822978990032,114.6972180493809,29.748867517319283,105.91195592509423,47.74622442115484,87.25299205085213,54.67230373982317
13.333333333333334,500.0,37.37126712945376,39.609436053519474,50.35445727302164,6.084072657683919,1.2944118027610885,40.88481364879613,26.24652777410228,16.961404311282003,71.4,20.6,71.8,20.6,71.4,20.6,71.8,20.6,93.06668899935671,30.73822978990032,87.25299205085213,54.67230373982317,114.6972180493809,29.748867517319283,105.91195592509423,47.74622442115484
13.333333333333334,500.0,37.37126712945376,39.609436053519474,50.35445727302164,6.084072657683919,26.24652777410228,16.961404311282003,1.2944118027610885,40.88481364879613,66.0,21.0,67.0,21.4,67.2,21.2,67.6,21.0,93.06668899935671,30.73822978990032,87.25299205085213,54.67230373982317,105.91195592509423,47.74622442115484,114.6972180493809,29.748867517319283
13.333333333333334,500.0,37.37126712945376,39.609436053519474,26.24652777410228,16.961404311282003,1.2944118027610885,40.88481364879613,50.35445727302164,6.084072657683919,69.4,21.8,69.6,21.8,69.2,21.8,69.6,21.8,93.06668899935671,30.73822978990032,105.91195592509423,47.74622442115484,114.6972180493809,29.748867517319283,87.25299205085213,54.67230373982317
13.333333333333334,500.0,37.37126712945376,39.609436053519474,26.24652777410228,16.961404311282003,50.35445727302164,6.084072657683919,1.2944118027610885,40.88481364879613,69.2,22.2,69.8,22.4,69.8,22.4,70.2,22.0,93.06668899935671,30.73822978990032,105.91195592509423,47.74622442115484,87.25299205085213,54.67230373982317,114.6972180493809,29.748867517319283
13.333333333333334,500.0,26.24652777410228,16.961404311282003,1.2944118027610885,40.88481364879613,50.35445727302164,6.084072657683919,37.37126712945376,39.609436053519474,68.6,22.8,69.2,22.0,68.4,23.0,67.6,22.2,105.91195592509423,47.74622442115484,114.6972180493809,29.748867517319283,87.25299205085213,54.67230373982317,93.06668899935671,30.73822978990032
13.333333333333334,500.0,26.24652777410228,16.961404311282003,1.2944118027610885,40.88481364879613,37.37126712945376,39.609436053519474,50.35445727302164,6.084072657683919,70.2,23.8,69.6,23.8,69.0,23.8,70.2,23.8,105.91195592509423,47.74622442115484,114.6972180493809,29.748867517319283,93.06668899935671,30.73822978990032,87.25299205085213,54.67230373982317
13.333333333333334,500.0,26.24652777410228,16.961404311282003,50.35445727302164,6.084072657683919,1.2944118027610885,40.88481364879613,37.37126712945376,39.609436053519474,72.8,22.4,72.8,22.4,72.2,22.4,71.8,22.4,105.91195592509423,47.74622442115484,87.25299205085213,54.67230373982317,114.6972180493809,29.748867517319283,93.06668899935671,30.73822978990032
13.333333333333334,500.0,26.24652777410228,16.961404311282003,50.35445727302164,6.084072657683919,37.37126712945376,39.609436053519474,1.2944118027610885,40.88481364879613,73.6,22.8,73.6,22.8,72.0,22.6,73.8,22.4,105.91195592509423,47.74622442115484,87.25299205085213,54.67230373982317,93.06668899935671,30.73822978990032,114.6972180493809,29.748867517319283
13.333333333333334,500.0,26.24652777410228,16.961404311282003,37.37126712945376,39.609436053519474,1.2944118027610885,40.88481364879613,50.35445727302164,6.084072657683919,75.6,21.2,73.8,21.0,75.6,20.8,75.6,21.2,105.91195592509423,47.74622442115484,93.06668899935671,30.73822978990032,114.6972180493809,29.748867517319283,87.25299205085213,54.67230373982317
13.333333333333334,500.0,26.24652777410228,16.961404311282003,37.37126712945376,39.609436053519474,50.35445727302164,6.084072657683919,1.2944118027610885,40.88481364879613,69.2,20.8,68.8,20.8,69.2,20.8,68.8,20.8,105.91195592509423,47.74622442115484,93.06668899935671,30.73822978990032,87.25299205085213,54.67230373982317,114.6972180493809,29.748867517319283
13.333333333333334,500.0,4.986313481924669,28.443465478277947,39.262306054545846,45.08312330904238,58.59750221033434,55.27925142276624,32.20875713361245,6.580401820989456,79.8,23.8,79.8,23.8,79.6,23.8,79.8,23.8,81.72279185738394,43.30476654317194,101.11246145518886,49.81864108485769,102.31054678068934,46.86019507500272,103.07438527355797,50.55239925771736
13.333333333333334,500.0,4.986313481924669,28.443465478277947,32.20875713361245,6.580401820989456,39.262306054545846,45.08312330904238,58.59750221033434,55.27925142276624,78.6,24.8,78.6,24.8,78.6,24.8,78.4,24.8,81.72279185738394,43.30476654317194,103.07438527355797,50.55239925771736,101.11246145518886,49.81864108485769,102.31054678068934,46.86019507500272
13.333333333333334,500.0,4.986313481924669,28.443465478277947,32.20875713361245,6.580401820989456,58.59750221033434,55.27925142276624,39.262306054545846,45.08312330904238,76.2,21.0,76.2,21.0,76.0,21.0,76.2,21.0,81.72279185738394,43.30476654317194,103.07438527355797,50.55239925771736,102.31054678068934,46.86019507500272,101.11246145518886,49.81864108485769
13.333333333333334,500.0,4.986313481924669,28.443465478277947,58.59750221033434,55.27925142276624,39.262306054545846,45.08312330904238,32.20875713361245,6.580401820989456,80.8,23.6,80.2,23.6,80.8,23.6,80.8,23.6,81.72279185738394,43.30476654317194,102.31054678068934,46.86019507500272,101.11246145518886,49.81864108485769,103.07438527355797,50.55239925771736
13.333333333333334,500.0,4.986313481924669,28.443465478277947,58.59750221033434,55.27925142276624,32.20875713361245,6.580401820989456,39.262306054545846,45.08312330904238,81.6,24.8,80.8,24.8,81.6,24.8,81.6,24.8,81.72279185738394,43.30476654317194,102.31054678068934,46.86019507500272,103.07438527355797,50.55239925771736,101.11246145518886,49.81864108485769
13.333333333333334,500.0,39.262306054545846,45.08312330904238,4.986313481924669,28.443465478277947,32.20875713361245,6.580401820989456,58.59750221033434,55.27925142276624,73.6,24.6,73.6,24.8,73.6,24.8,72.4,24.4,101.11246145518886,49.81864108485769,81.72279185738394,43.30476654317194,103.07438527355797,50.55239925771736,102.31054678068934,46.86019507500272
13.333333333333334,500.0,39.262306054545846,45.08312330904238,4.986313481924669,28.443465478277947,58.59750221033434,55.27925142276624,32.20875713361245,6.580401820989456,75.0,23.4,74.8,23.4,74.4,23.4,75.0,23.4,101.11246145518886,49.81864108485769,81.72279185738394,43.30476654317194,102.31054678068934,46.86019507500272,103.07438527355797,50.55239925771736
13.333333333333334,500.0,39.262306054545846,45.08312330904238,32.20875713361245,6.580401820989456,4.986313481924669,28.443465478277947,58.59750221033434,55.27925142276624,76.2,25.2,76.4,25.4,76.8,25.4,75.8,25.0,101.11246145518886,49.81864108485769,103.07438527355797,50.55239925771736,81.72279185738394,43.30476654317194,102.31054678068934,46.86019507500272
13.333333333333334,500.0,39.262306054545846,45.08312330904238,32.20875713361245,6.580401820989456,58.59750221033434,55.27925142276624,4.986313481924669,28.443465478277947,75.0,23.0,75.2,23.2,75.0,22.8,75.6,23.2,101.11246145518886,49.81864108485769,103.07438527355797,50.55239925771736,102.31054678068934,46.86019507500272,81.72279185738394,43.30476654317194
13.333333333333334,500.0,39.262306054545846,45.08312330904238,58.59750221033434,55.27925142276624,4.986313481924669,28.443465478277947,32.20875713361245,6.580401820989456,78.0,25.8,76.8,25.6,78.0,26.0,78.0,26.0,101.11246145518886,49.81864108485769,102.31054678068934,46.86019507500272,81.72279185738394,43.30476654317194,103.07438527355797,50.55239925771736
13.333333333333334,500.0,39.262306054545846,45.08312330904238,58.59750221033434,55.27925142276624,32.20875713361245,6.580401820989456,4.986313481924669,28.443465478277947,80.4,24.0,80.0,24.0,80.4,24.0,80.4,24.0,101.11246145518886,49.81864108485769,102.31054678068934,46.86019507500272,103.07438527355797,50.55239925771736,81.72279185738394,43.30476654317194
13.333333333333334,500.0,32.20875713361245,6.580401820989456,4.986313481924669,28.443465478277947,39.262306054545846,45.08312330904238,58.59750221033434,55.27925142276624,76.6,23.4,76.6,23.4,76.6,23.4,76.4,23.4,103.07438527355797,50.55239925771736,81.72279185738394,43.30476654317194,101.11246145518886,49.81864108485769,102.31054678068934,46.86019507500272
13.333333333333334,500.0,32.20875713361245,6.580401820989456,4.986313481924669,28.443465478277947,58.59750221033434,55.27925142276624,39.262306054545846,45.08312330904238,78.0,24.6,78.0,24.6,77.8,24.6,78.0,24.6,103.07438527355797,50.55239925771736,81.72279185738394,43.30476654317194,102.31054678068934,46.86019507500272,101.11246145518886,49.81864108485769
13.333333333333334,500.0,32.20875713361245,6.580401820989456,39.262306054545846,45.08312330904238,4.986313481924669,28.443465478277947,58.59750221033434,55.27925142276624,79.2,24.4,79.2,24.4,79.2,24.4,78.8,24.4,103.07438527355797,50.55239925771736,101.11246145518886,49.81864108485769,81.72279185738394,43.30476654317194,102.31054678068934,46.86019507500272
13.333333333333334,500.0,32.20875713361245,6.580401820989456,39.262306054545846,45.08312330904238,58.59750221033434,55.27925142276624,4.986313481924669,28.443465478277947,77.0,24.8,77.0,24.8,76.8,24.8,77.0,24.8,103.07438527355797,50.55239925771736,101.11246145518886,49.81864108485769,102.31054678068934,46.86019507500272,81.72279185738394,43.30476654317194
13.333333333333334,500.0,32.20875713361245,6.580401820989456,58.59750221033434,55.27925142276624,4.986313481924669,28.443465478277947,39.262306054545846,45.08312330904238,78.2,24.2,77.8,24.2,78.2,24.2,78.2,24.2,103.07438527355797,50.55239925771736,102.31054678068934,46.86019507500272,81.72279185738394,43.30476654317194,101.11246145518886,49.81864108485769
13.333333333333334,500.0,32.20875713361245,6.580401820989456,58.59750221033434,55.27925142276624,39.262306054545846,45.08312330904238,4.986313481924669,28.443465478277947,78.2,23.8,78.0,23.2,78.2,23.2,78.8,23.8,103.07438527355797,50.55239925771736,102.31054678068934,46.86019507500272,101.11246145518886,49.81864108485769,81.72279185738394,43.30476654317194
13.333333333333334,500.0,58.59750221033434,55.27925142276624,4.986313481924669,28.443465478277947,39.262306054545846,45.08312330904238,32.20875713361245,6.580401820989456,79.2,24.8,79.2,24.8,79.2,24.8,79.2,24.8,102.31054678068934,46.86019507500272,81.72279185738394,43.30476654317194,101.11246145518886,49.81864108485769,103.07438527355797,50.55239925771736
13.333333333333334,500.0,58.59750221033434,55.27925142276624,4.986313481924669,28.443465478277947,32.20875713361245,6.580401820989456,39.262306054545846,45.08312330904238,76.8,25.4,77.6,26.0,77.0,26.0,77.0,25.4,102.31054678068934,46.86019507500272,81.72279185738394,43.30476654317194,103.07438527355797,50.55239925771736,101.11246145518886,49.81864108485769
13.333333333333334,500.0,58.59750221033434,55.27925142276624,39.262306054545846,45.08312330904238,4.986313481924669,28.443465478277947,32.20875713361245,6.580401820989456,79.8,25.0,80.8,25.2,80.8,25.4,80.8,25.4,102.31054678068934,46.86019507500272,101.11246145518886,49.81864108485769,81.72279185738394,43.30476654317194,103.07438527355797,50.55239925771736
13.333333333333334,500.0,58.59750221033434,55.27925142276624,39.262306054545846,45.08312330904238,32.20875713361245,6.580401820989456,4.986313481924669,28.443465478277947,72.6,21.2,72.8,21.2,72.8,21.8,73.4,21.8,102.31054678068934,46.86019507500272,101.11246145518886,49.81864108485769,103.07438527355797,50.55239925771736,81.72279185738394,43.30476654317194
13.333333333333334,500.0,58.59750221033434,55.27925142276624,32.20875713361245,6.580401820989456,4.986313481924669,28.443465478277947,39.262306054545846,45.08312330904238,78.4,24.0,78.6,24.4,79.0,24.4,78.4,24.2,102.31054678068934,46.86019507500272,103.07438527355797,50.55239925771736,81.72279185738394,43.30476654317194,101.11246145518886,49.81864108485769
13.333333333333334,500.0,58.59750221033434,55.27925142276624,32.20875713361245,6.580401820989456,39.262306054545846,45.08312330904238,4.986313481924669,28.443465478277947,79.8,25.0,80.0,25.0,80.0,25.0,80.0,25.0,102.31054678068934,46.86019507500272,103.07438527355797,50.55239925771736,101.11246145518886,49.81864108485769,81.72279185738394,43.30476654317194
13.333333333333334,500.0,5.211348800272397,8.376148412347781,57.369293262625085,17.95851595357707,36.03274430982172,41.498665211570525,9.102339826940264,33.941225583291185,88.4,24.0,88.8,24.0,88.8,24.0,88.6,24.0,95.63880600493394,29.740304362155555,90.41074530270564,32.511481213026805,85.59026522703877,20.8537749607496,105.63552303406976,25.72033585440964
13.333333333333334,500.0,5.211348800272397,8.376148412347781,9.102339826940264,33.941225583291185,57.369293262625085,17.95851595357707,36.03274430982172,41.498665211570525,87.2,23.8,87.6,23.8,87.6,23.8,87.8,23.8,95.63880600493394,29.740304362155555,105.63552303406976,25.72033585440964,90.41074530270564,32.511481213026805,85.59026522703877,20.8537749607496
13.333333333333334,500.0,5.211348800272397,8.376148412347781,9.102339826940264,33.941225583291185,36.03274430982172,41.498665211570525,57.369293262625085,17.95851595357707,86.4,24.4,86.6,24.4,86.8,24.4,86.8,24.4,95.63880600493394,29.740304362155555,105.63552303406976,25.72033585440964,85.59026522703877,20.8537749607496,90.41074530270564,32.511481213026805
13.333333333333334,500.0,5.211348800272397,8.376148412347781,36.03274430982172,41.498665211570525,57.369293262625085,17.95851595357707,9.102339826940264,33.941225583291185,89.2,23.2,90.2,22.6,89.6,23.2,90.2,22.6,95.63880600493394,29.740304362155555,85.59026522703877,20.8537749607496,90.41074530270564,32.511481213026805,105.63552303406976,25.72033585440964
13.333333333333334,500.0,5.211348800272397,8.376148412347781,36.03274430982172,41.498665211570525,9.102339826940264,33.941225583291185,57.369293262625085,17.95851595357707,87.8,25.4,88.4,25.4,88.2,25.4,88.2,25.4,95.63880600493394,29.740304362155555,85.59026522703877,20.8537749607496,105.63552303406976,25.72033585440964,90.41074530270564,32.511481213026805
13.333333333333334,500.0,57.369293262625085,17.95851595357707,5.211348800272397,8.376148412347781,9.102339826940264,33.941225583291185,36.03274430982172,41.498665211570525,89.4,25.6,88.8,25.6,89.4,25.6,89.4,25.6,90.41074530270564,32.511481213026805,95.63880600493394,29.740304362155555,105.63552303406976,25.72033585440964,85.59026522703877,20.8537749607496
13.333333333333334,500.0,57.369293262625085,17.95851595357707,5.211348800272397,8.376148412347781,36.03274430982172,41.498665211570525,9.102339826940264,33.941225583291185,90.4,25.4,89.4,25.4,90.4,25.4,90.0,25.4,90.41074530270564,32.511481213026805,95.63880600493394,29.740304362155555,85.59026522703877,20.8537749607496,105.63552303406976,25.72033585440964
13.333333333333334,500.0,57.369293262625085,17.95851595357707,9.102339826940264,33.941225583291185,5.211348800272397,8.376148412347781,36.03274430982172,41.498665211570525,88.6,26.4,88.6,26.4,88.6,26.4,88.6,26.4,90.41074530270564,32.511481213026805,105.63552303406976,25.72033585440964,95.63880600493394,29.740304362155555,85.59026522703877,20.8537749607496
13.333333333333334,500.0,57.369293262625085,17.95851595357707,9.102339826940264,33.941225583291185,36.03274430982172,41.498665211570525,5.211348800272397,8.376148412347781,89.6,24.6,89.6,24.6,89.6,24.6,88.8,24.6,90.41074530270564,32.511481213026805,105.63552303406976,25.72033585440964,85.59026522703877,20.8537749607496,95.63880600493394,29.740304362155555
13.333333333333334,500.0,57.369293262625085,17.95851595357707,36.03274430982172,41.498665211570525,5.211348800272397,8.376148412347781,9.102339826940264,33.941225583291185,87.6,24.8,87.6,24.8,87.4,24.8,87.4,24.8,90.41074530270564,32.511481213026805,85.59026522703877,20.8537749607496,95.63880600493394,29.740304362155555,105.63552303406976,25.72033585440964
13.333333333333334,500.0,57.369293262625085,17.95851595357707,36.03274430982172,41.498665211570525,9.102339826940264,33.941225583291185,5.211348800272397,8.376148412347781,87.2,26.0,88.0,25.2,88.4,25.0,88.0,26.2,90.41074530270564,32.511481213026805,85.59026522703877,20.8537749607496,105.63552303406976,25.72033585440964,95.63880600493394,29.740304362155555
13.333333333333334,500.0,9.102339826940264,33.941225583291185,5.211348800272397,8.376148412347781,57.369293262625085,17.95851595357707,36.03274430982172,41.498665211570525,90.4,25.2,89.8,25.2,90.4,25.2,90.4,25.2,105.63552303406976,25.72033585440964,95.63880600493394,29.740304362155555,90.41074530270564,32.511481213026805,85.59026522703877,20.8537749607496
13.333333333333334,500.0,9.102339826940264,33.941225583291185,5.211348800272397,8.376148412347781,36.03274430982172,41.498665211570525,57.369293262625085,17.95851595357707,87.6,24.8,87.2,25.0,87.4,24.8,87.4,24.8,105.63552303406976,25.72033585440964,95.63880600493394,29.740304362155555,85.59026522703877,20.8537749607496,90.41074530270564,32.511481213026805
13.333333333333334,500.0,9.102339826940264,33.941225583291185,57.369293262625085,17.95851595357707,5.211348800272397,8.376148412347781,36.03274430982172,41.498665211570525,89.0,25.4,89.0,25.4,88.4,25.4,89.0,25.4,105.63552303406976,25.72033585440964,90.41074530270564,32.511481213026805,95.63880600493394,29.740304362155555,85.59026522703877,20.8537749607496
13.333333333333334,500.0,9.102339826940264,33.941225583291185,57.369293262625085,17.95851595357707,36.03274430982172,41.498665211570525,5.211348800272397,8.376148412347781,88.4,25.0,88.2,25.6,88.8,25.0,88.4,25.6,105.63552303406976,25.72033585440964,90.41074530270564,32.511481213026805,85.59026522703877,20.8537749607496,95.63880600493394,29.740304362155555
13.333333333333334,500.0,9.102339826940264,33.941225583291185,36.03274430982172,41.498665211570525,5.211348800272397,8.376148412347781,57.369293262625085,17.95851595357707,90.6,24.6,90.6,24.6,90.4,24.6,90.6,24.6,105.63552303406976,25.72033585440964,85.59026522703877,20.8537749607496,95.63880600493394,29.740304362155555,90.41074530270564,32.511481213026805
13.333333333333334,500.0,9.102339826940264,33.941225583291185,36.03274430982172,41.498665211570525,57.369293262625085,17.95851595357707,5.211348800272397,8.376148412347781,90.2,25.0,90.2,25.0,90.2,25.0,89.2,25.0,105.63552303406976,25.72033585440964,85.59026522703877,20.8537749607496,90.41074530270564,32.511481213026805,95.63880600493394,29.740304362155555
13.333333333333334,500.0,36.03274430982172,41.498665211570525,5.211348800272397,8.376148412347781,57.369293262625085,17.95851595357707,9.102339826940264,33.941225583291185,90.4,28.0,91.0,28.6,90.4,28.6,90.4,28.0,85.59026522703877,20.8537749607496,95.63880600493394,29.740304362155555,90.41074530270564,32.511481213026805,105.63552303406976,25.72033585440964
13.333333333333334,500.0,36.03274430982172,41.498665211570525,5.211348800272397,8.376148412347781,9.102339826940264,33.941225583291185,57.369293262625085,17.95851595357707,90.8,24.4,90.0,24.4,90.8,24.4,90.8,24.4,85.59026522703877,20.8537749607496,95.63880600493394,29.740304362155555,105.63552303406976,25.72033585440964,90.41074530270564,32.511481213026805
13.333333333333334,500.0,36.03274430982172,41.498665211570525,57.369293262625085,17.95851595357707,5.211348800272397,8.376148412347781,9.102339826940264,33.941225583291185,87.6,24.0,87.6,24.0,86.8,24.0,87.4,24.0,85.59026522703877,20.8537749607496,90.41074530270564,32.511481213026805,95.63880600493394,29.740304362155555,105.63552303406976,25.72033585440964
13.333333333333334,500.0,36.03274430982172,41.498665211570525,57.369293262625085,17.95851595357707,9.102339826940264,33.941225583291185,5.211348800272397,8.376148412347781,88.4,24.0,88.0,24.0,88.0,24.0,87.8,24.0,85.59026522703877,20.8537749607496,90.41074530270564,32.511481213026805,105.63552303406976,25.72033585440964,95.63880600493394,29.740304362155555
13.333333333333334,500.0,36.03274430982172,41.498665211570525,9.102339826940264,33.941225583291185,5.211348800272397,8.376148412347781,57.369293262625085,17.95851595357707,88.2,24.6,87.8,24.6,87.4,24.6,87.8,24.6,85.59026522703877,20.8537749607496,105.63552303406976,25.72033585440964,95.63880600493394,29.740304362155555,90.41074530270564,32.511481213026805
13.333333333333334,500.0,36.03274430982172,41.498665211570525,9.102339826940264,33.941225583291185,57.369293262625085,17.95851595357707,5.211348800272397,8.376148412347781,89.2,26.0,88.6,26.0,88.8,26.0,88.4,26.0,85.59026522703877,20.8537749607496,105.63552303406976,25.72033585440964,90.41074530270564,32.511481213026805,95.63880600493394,29.740304362155555
13.333333333333334,500.0,44.34573782095048,36.33570249394532,0.3037399981834165,56.947888135775045,59.54855169804455,1.5227202548656282,20.561475412279616,42.77581139119352,99.0,16.2,99.0,16.2,99.0,16.2,99.0,16.2,81.5218258186682,13.301494144133288,82.40183361779812,12.452322310526007,81.30206046761435,12.26703924583856,80.28258399877885,12.55115513255057
13.333333333333334,500.0,44.34573782095048,36.33570249394532,20.561475412279616,42.77581139119352,0.3037399981834165,56.947888135775045,59.54855169804455,1.5227202548656282,99.6,16.6,99.6,16.6,99.4,16.6,99.6,16.6,81.5218258186682,13.301494144133288,80.28258399877885,12.55115513255057,82.40183361779812,12.452322310526007,81.30206046761435,12.26703924583856
13.333333333333334,500.0,44.34573782095048,36.33570249394532,20.561475412279616,42.77581139119352,59.54855169804455,1.5227202548656282,0.3037399981834165,56.947888135775045,100.0,12.2,100.0,12.2,100.0,12.2,100.0,12.2,81.5218258186682,13.301494144133288,80.28258399877885,12.55115513255057,81.30206046761435,12.26703924583856,82.40183361779812,12.452322310526007
13.333333333333334,500.0,44.34573782095048,36.33570249394532,59.54855169804455,1.5227202548656282,0.3037399981834165,56.947888135775045,20.561475412279616,42.77581139119352,97.8,11.6,98.2,12.2,98.6,11.4,98.6,11.6,81.5218258186682,13.301494144133288,81.30206046761435,12.26703924583856,82.40183361779812,12.452322310526007,80.28258399877885,12.55115513255057
13.333333333333334,500.0,44.34573782095048,36.33570249394532,59.54855169804455,1.5227202548656282,20.561475412279616,42.77581139119352,0.3037399981834165,56.947888135775045,99.4,9.0,99.4,9.0,99.2,9.0,99.4,9.0,81.5218258186682,13.301494144133288,81.30206046761435,12.26703924583856,80.28258399877885,12.55115513255057,82.40183361779812,12.452322310526007
13.333333333333334,500.0,0.3037399981834165,56.947888135775045,44.34573782095048,36.33570249394532,20.561475412279616,42.77581139119352,59.54855169804455,1.5227202548656282,96.0,12.4,96.0,12.4,96.0,12.4,96.0,12.4,82.40183361779812,12.452322310526007,81.5218258186682,13.301494144133288,80.28258399877885,12.55115513255057,81.30206046761435,12.26703924583856
13.333333333333334,500.0,0.3037399981834165,56.947888135775045,44.34573782095048,36.33570249394532,59.54855169804455,1.5227202548656282,20.561475412279616,42.77581139119352,100.4,13.0,100.4,13.0,100.4,13.0,100.4,13.0,82.40183361779812,12.452322310526007,81.5218258186682,13.301494144133288,81.30206046761435,12.26703924583856,80.28258399877885,12.55115513255057
13.333333333333334,500.0,0.3037399981834165,56.947888135775045,20.561475412279616,42.77581139119352,44.34573782095048,36.33570249394532,59.54855169804455,1.5227202548656282,99.2,11.6,98.4,11.8,99.0,11.8,98.8,12.0,82.40183361779812,12.452322310526007,80.28258399877885,12.55115513255057,81.5218258186682,13.301494144133288,81.30206046761435,12.26703924583856
13.333333333333334,500.0,0.3037399981834165,56.947888135775045,20.561475412279616,42.77581139119352,59.54855169804455,1.5227202548656282,44.34573782095048,36.33570249394532,99.8,11.8,99.4,11.8,99.8,11.8,99.8,11.8,82.40183361779812,12.452322310526007,80.28258399877885,12.55115513255057,81.30206046761435,12.26703924583856,81.5218258186682,13.301494144133288
13.333333333333334,500.0,0.3037399981834165,56.947888135775045,59.54855169804455,1.5227202548656282,44.34573782095048,36.33570249394532,20.561475412279616,42.77581139119352,98.2,9.2,98.2,9.2,98.2,9.2,98.0,9.2,82.40183361779812,12.452322310526007,81.30206046761435,12.26703924583856,81.5218258186682,13.301494144133288,80.28258399877885,12.55115513255057
13.333333333333334,500.0,0.3037399981834165,56.947888135775045,59.54855169804455,1.5227202548656282,20.561475412279616,42.77581139119352,44.34573782095048,36.33570249394532,96.6,10.6,96.6,10.6,96.6,10.6,96.6,10.6,82.40183361779812,12.452322310526007,81.30206046761435,12.26703924583856,80.28258399877885,12.55115513255057,81.5218258186682,13.301494144133288
13.333333333333334,500.0,20.561475412279616,42.77581139119352,44.34573782095048,36.33570249394532,0.3037399981834165,56.947888135775045,59.54855169804455,1.5227202548656282,99.4,12.8,99.4,12.8,99.4,12.8,99.4,12.8,80.28258399877885,12.55115513255057,81.5218258186682,13.301494144133288,82.40183361779812,12.452322310526007,81.30206046761435,12.26703924583856
13.333333333333334,500.0,20.561475412279616,42.77581139119352,44.34573782095048,36.33570249394532,59.54855169804455,1.5227202548656282,0.3037399981834165,56.947888135775045,97.4,11.8,97.4,11.8,97.4,11.8,97.4,11.8,80.28258399877885,12.55115513255057,81.5218258186682,13.301494144133288,81.30206046761435,12.26703924583856,82.40183361779812,12.452322310526007
13.333333333333334,500.0,20.561475412279616,42.77581139119352,0.3037399981834165,56.947888135775045,44.34573782095048,36.33570249394532,59.54855169804455,1.5227202548656282,98.2,11.8,98.2,11.8,98.2,11.8,98.2,11.8,80.28258399877885,12.55115513255057,82.40183361779812,12.452322310526007,81.5218258186682,13.301494144133288,81.30206046761435,12.26703924583856
13.333333333333334,500.0,20.561475412279616,42.77581139119352,0.3037399981834165,56.947888135775045,59.54855169804455,1.5227202548656282,44.34573782095048,36.33570249394532,99.6,13.0,100.4,12.6,99.6,13.4,99.6,13.0,80.28258399877885,12.55115513255057,82.40183361779812,12.452322310526007,81.30206046761435,12.26703924583856,81.5218258186682,13.301494144133288
13.333333333333334,500.0,20.561475412279616,42.77581139119352,59.54855169804455,1.5227202548656282,44.34573782095048,36.33570249394532,0.3037399981834165,56.947888135775045,97.6,8.6,97.6,8.6,97.6,8.6,97.6,8.6,80.28258399877885,12.55115513255057,81.30206046761435,12.26703924583856,81.5218258186682,13.301494144133288,82.40183361779812,12.452322310526007
13.333333333333334,500.0,20.561475412279616,42.77581139119352,59.54855169804455,1.5227202548656282,0.3037399981834165,56.947888135775045,44.34573782095048,36.33570249394532,99.4,11.6,99.4,11.6,99.4,11.6,99.4,11.6,80.28258399877885,12.55115513255057,81.30206046761435,12.26703924583856,82.40183361779812,12.452322310526007,81.5218258186682,13.301494144133288
13.333333333333334,500.0,59.54855169804455,1.5227202548656282,44.34573782095048,36.33570249394532,0.3037399981834165,56.947888135775045,20.561475412279616,42.77581139119352,99.8,12.2,99.6,12.2,99.8,12.2,99.6,12.2,81.30206046761435,12.26703924583856,81.5218258186682,13.301494144133288,82.40183361779812,12.452322310526007,80.28258399877885,12.55115513255057
13.333333333333334,500.0,59.54855169804455,1.5227202548656282,44.34573782095048,36.33570249394532,20.561475412279616,42.77581139119352,0.3037399981834165,56.947888135775045,95.2,9.0,95.2,9.0,95.2,9.0,95.2,9.0,81.30206046761435,12.26703924583856,81.5218258186682,13.301494144133288,80.28258399877885,12.55115513255057,82.40183361779812,12.452322310526007
13.333333333333334,500.0,59.54855169804455,1.5227202548656282,0.3037399981834165,56.947888135775045,44.34573782095048,36.33570249394532,20.561475412279616,42.77581139119352,98.6,13.0,98.8,12.6,98.8,12.8,98.4,12.8,81.30206046761435,12.26703924583856,82.40183361779812,12.452322310526007,81.5218258186682,13.301494144133288,80.28258399877885,12.55115513255057
13.333333333333334,500.0,59.54855169804455,1.5227202548656282,0.3037399981834165,56.947888135775045,20.561475412279616,42.77581139119352,44.34573782095048,36.33570249394532,98.8,11.0,99.2,10.6,99.0,10.8,98.6,10.8,81.30206046761435,12.26703924583856,82.40183361779812,12.452322310526007,80.28258399877885,12.55115513255057,81.5218258186682,13.301494144133288
13.333333333333334,500.0,59.54855169804455,1.5227202548656282,20.561475412279616,42.77581139119352,44.34573782095048,36.33570249394532,0.3037399981834165,56.947888135775045,97.6,9.6,97.6,9.6,97.6,9.6,97.6,9.6,81.30206046761435,12.26703924583856,80.28258399877885,12.55115513255057,81.5218258186682,13.301494144133288,82.40183361779812,12.452322310526007
13.333333333333334,500.0,59.54855169804455,1.5227202548656282,20.561475412279616,42.77581139119352,0.3037399981834165,56.947888135775045,44.34573782095048,36.33570249394532,100.8,8.8,100.6,8.8,100.8,8.8,100.8,8.8,81.30206046761435,12.26703924583856,80.28258399877885,12.55115513255057,82.40183361779812,12.452322310526007,81.5218258186682,13.301494144133288
26.666666666666668,500.0,12.185706071055533,9.871360616351224,38.18921908201288,21.308982164732328,2.5780299027295883,43.858517242007046,58.72518985345108,37.79540027620673,106.4,50.0,106.4,48.0,109.0,47.4,105.6,47.4,92.662925764478,48.45666849581628,85.30023901296414,40.149477139546775,110.59497823230916,24.947741180451683,71.22856879443151,32.45370784524798
26.666666666666668,500.0,12.185706071055533,9.871360616351224,58.72518985345108,37.79540027620673,38.18921908201288,21.308982164732328,2.5780299027295883,43.858517242007046,100.0,48.4,99.0,44.4,100.0,45.4,104.0,44.4,92.662925764478,48.45666849581628,71.22856879443151,32.45370784524798,85.30023901296414,40.149477139546775,110.59497823230916,24.947741180451683
26.666666666666668,500.0,12.185706071055533,9.871360616351224,58.72518985345108,37.79540027620673,2.5780299027295883,43.858517242007046,38.18921908201288,21.308982164732328,104.4,51.6,103.2,48.6,107.4,48.6,104.4,49.2,92.662925764478,48.45666849581628,71.22856879443151,32.45370784524798,110.59497823230916,24.947741180451683,85.30023901296414,40.149477139546775
26.666666666666668,500.0,12.185706071055533,9.871360616351224,2.5780299027295883,43.858517242007046,38.18921908201288,21.308982164732328,58.72518985345108,37.79540027620673,104.0,47.2,107.4,43.8,104.0,44.6,103.0,43.8,92.662925764478,48.45666849581628,110.59497823230916,24.947741180451683,85.30023901296414,40.149477139546775,71.22856879443151,32.45370784524798
26.666666666666668,500.0,12.185706071055533,9.871360616351224,2.5780299027295883,43.858517242007046,58.72518985345108,37.79540027620673,38.18921908201288,21.308982164732328,107.0,52.0,109.2,49.8,106.6,49.8,107.0,50.4,92.662925764478,48.45666849581628,110.59497823230916,24.947741180451683,71.22856879443151,32.45370784524798,85.30023901296414,40.149477139546775
26.666666666666668,500.0,38.18921908201288,21.308982164732328,12.185706071055533,9.871360616351224,58.72518985345108,37.79540027620673,2.5780299027295883,43.858517242007046,104.8,46.6,104.8,50.0,103.8,45.4,109.2,45.4,85.30023901296414,40.149477139546775,92.662925764478,48.45666849581628,71.22856879443151,32.45370784524798,110.59497823230916,24.947741180451683
26.666666666666668,500.0,38.18921908201288,21.308982164732328,12.185706071055533,9.871360616351224,2.5780299027295883,43.858517242007046,58.72518985345108,37.79540027620673,104.4,48.0,104.4,50.0,106.6,47.6,103.2,47.6,85.30023901296414,40.149477139546775,92.662925764478,48.45666849581628,110.59497823230916,24.947741180451683,71.22856879443151,32.45370784524798
26.666666666666668,500.0,38.18921908201288,21.308982164732328,58.72518985345108,37.79540027620673,12.185706071055533,9.871360616351224,2.5780299027295883,43.858517242007046,104.6,47.4,103.8,46.0,104.6,51.0,109.6,46.0,85.30023901296414,40.149477139546775,71.22856879443151,32.45370784524798,92.662925764478,48.45666849581628,110.59497823230916,24.947741180451683
26.666666666666668,500.0,38.18921908201288,21.308982164732328,58.72518985345108,37.79540027620673,2.5780299027295883,43.858517242007046,12.185706071055533,9.871360616351224,102.2,46.2,100.8,45.2,106.4,45.2,102.2,49.6,85.30023901296414,40.149477139546775,71.22856879443151,32.45370784524798,110.59497823230916,24.947741180451683,92.662925764478,48.45666849581628
26.666666666666668,500.0,38.18921908201288,21.308982164732328,2.5780299027295883,43.858517242007046,12.185706071055533,9.871360616351224,58.72518985345108,37.79540027620673,103.2,48.0,106.0,47.4,103.2,50.2,102.2,47.4,85.30023901296414,40.149477139546775,110.59497823230916,24.947741180451683,92.662925764478,48.45666849581628,71.22856879443151,32.45370784524798
26.666666666666668,500.0,38.18921908201288,21.308982164732328,2.5780299027295883,43.858517242007046,58.72518985345108,37.79540027620673,12.185706071055533,9.871360616351224,107.6,49.2,110.0,48.6,107.0,48.6,107.6,51.0,85.30023901296414,40.149477139546775,110.59497823230916,24.947741180451683,71.22856879443151,32.45370784524798,92.662925764478,48.45666849581628
26.666666666666668,500.0,58.72518985345108,37.79540027620673,12.185706071055533,9.871360616351224,38.18921908201288,21.308982164732328,2.5780299027295883,43.858517242007046,105.2,49.4,106.2,51.6,106.2,49.8,108.4,49.4,71.22856879443151,32.45370784524798,92.662925764478,48.45666849581628,85.30023901296414,40.149477139546775,110.59497823230916,24.947741180451683
26.666666666666668,500.0,58.72518985345108,37.79540027620673,12.185706071055533,9.871360616351224,2.5780299027295883,43.858517242007046,38.18921908201288,21.308982164732328,103.4,46.6,104.2,51.0,108.6,46.6,104.2,47.8,71.22856879443151,32.45370784524798,92.662925764478,48.45666849581628,110.59497823230916,24.947741180451683,85.30023901296414,40.149477139546775
26.666666666666668,500.0,58.72518985345108,37.79540027620673,38.18921908201288,21.308982164732328,12.185706071055533,9.871360616351224,2.5780299027295883,43.858517242007046,108.2,50.4,108.8,51.2,108.8,53.4,111.8,50.4,71.22856879443151,32.45370784524798,85.30023901296414,40.149477139546775,92.662925764478,48.45666849581628,110.59497823230916,24.947741180451683
26.666666666666668,500.0,58.72518985345108,37.79540027620673,38.18921908201288,21.308982164732328,2.5780299027295883,43.858517242007046,12.185706071055533,9.871360616351224,107.0,49.6,107.8,50.0,109.8,49.6,107.8,51.6,71.22856879443151,32.45370784524798,85.30023901296414,40.149477139546775,110.59497823230916,24.947741180451683,92.662925764478,48.45666849581628
26.666666666666668,500.0,58.72518985345108,37.79540027620673,2.5780299027295883,43.858517242007046,12.185706071055533,9.871360616351224,38.18921908201288,21.308982164732328,107.2,49.4,110.8,49.4,107.8,52.4,107.8,50.2,71.22856879443151,32.45370784524798,110.59497823230916,24.947741180451683,92.662925764478,48.45666849581628,85.30023901296414,40.149477139546775
26.666666666666668,500.0,58.72518985345108,37.79540027620673,2.5780299027295883,43.858517242007046,38.18921908201288,21.308982164732328,12.185706071055533,9.871360616351224,108.6,50.6,112.0,50.6,109.4,51.2,109.4,53.2,71.22856879443151,32.45370784524798,110.59497823230916,24.947741180451683,85.30023901296414,40.149477139546775,92.662925764478,48.45666849581628
26.666666666666668,500.0,2.5780299027295883,43.858517242007046,12.185706071055533,9.871360616351224,38.18921908201288,21.308982164732328,58.72518985345108,37.79540027620673,107.4,48.2,104.4,51.2,104.6,48.8,103.4,48.2,110.59497823230916,24.947741180451683,92.662925764478,48.45666849581628,85.30023901296414,40.149477139546775,71.22856879443151,32.45370784524798
26.666666666666668,500.0,2.5780299027295883,43.858517242007046,12.185706071055533,9.871360616351224,58.72518985345108,37.79540027620673,38.18921908201288,21.308982164732328,111.0,46.8,107.0,50.8,106.6,46.8,107.0,48.0,110.59497823230916,24.947741180451683,92.662925764478,48.45666849581628,71.22856879443151,32.45370784524798,85.30023901296414,40.149477139546775
26.666666666666668,500.0,2.5780299027295883,43.858517242007046,38.18921908201288,21.308982164732328,12.185706071055533,9.871360616351224,58.72518985345108,37.79540027620673,106.8,45.2,103.2,46.2,103.2,48.8,102.4,45.2,110.59497823230916,24.947741180451683,85.30023901296414,40.149477139546775,92.662925764478,48.45666849581628,71.22856879443151,32.45370784524798
26.666666666666668,500.0,2.5780299027295883,43.858517242007046,38.18921908201288,21.308982164732328,58.72518985345108,37.79540027620673,12.185706071055533,9.871360616351224,109.4,49.2,106.0,50.2,105.6,49.2,106.0,52.6,110.59497823230916,24.947741180451683,85.30023901296414,40.149477139546775,71.22856879443151,32.45370784524798,92.662925764478,48.45666849581628
26.666666666666668,500.0,2.5780299027295883,43.858517242007046,58.72518985345108,37.79540027620673,12.185706071055533,9.871360616351224,38.18921908201288,21.308982164732328,106.2,46.8,102.0,46.8,103.2,49.8,103.2,47.4,110.59497823230916,24.947741180451683,71.22856879443151,32.45370784524798,92.662925764478,48.45666849581628,85.30023901296414,40.149477139546775
26.666666666666668,500.0,2.5780299027295883,43.858517242007046,58.72518985345108,37.79540027620673,38.18921908201288,21.308982164732328,12.185706071055533,9.871360616351224,108.6,47.4,103.6,47.4,104.6,48.4,104.4,51.4,110.59497823230916,24.947741180451683,71.22856879443151,32.45370784524798,85.30023901296414,40.149477139546775,92.662925764478,48.45666849581628
26.666666666666668,500.0,35.82627493799728,53.58846969708266,43.20819699126219,7.507231169927746,12.730123982247626,51.94818559507895,11.735130422584266,27.941518173983763,94.6,18.4,94.6,19.2,94.6,18.4,94.6,18.8,78.33402214728005,28.201387573716254,74.07293077912638,34.50177769091807,95.0528953259196,33.38844043218249,92.91002088036694,33.34226394473414
26.666666666666668,500.0,35.82627493799728,53.58846969708266,11.735130422584266,27.941518173983763,43.20819699126219,7.507231169927746,12.730123982247626,51.94818559507895,95.4,17.6,94.8,19.4,95.4,21.2,96.0,17.6,78.33402214728005,28.201387573716254,92.91002088036694,33.34226394473414,74.07293077912638,34.50177769091807,95.0528953259196,33.38844043218249
26.666666666666668,500.0,35.82627493799728,53.58846969708266,11.735130422584266,27.941518173983763,12.730123982247626,51.94818559507895,43.20819699126219,7.507231169927746,97.6,20.4,98.0,21.0,98.2,20.2,98.0,21.4,78.33402214728005,28.201387573716254,92.91002088036694,33.34226394473414,95.0528953259196,33.38844043218249,74.07293077912638,34.50177769091807
26.666666666666668,500.0,35.82627493799728,53.58846969708266,12.730123982247626,51.94818559507895,43.20819699126219,7.507231169927746,11.735130422584266,27.941518173983763,97.4,20.0,97.6,20.0,97.4,21.6,97.0,20.8,78.33402214728005,28.201387573716254,95.0528953259196,33.38844043218249,74.07293077912638,34.50177769091807,92.91002088036694,33.34226394473414
26.666666666666668,500.0,35.82627493799728,53.58846969708266,12.730123982247626,51.94818559507895,11.735130422584266,27.941518173983763,43.20819699126219,7.507231169927746,97.0,19.4,97.6,19.4,97.0,20.8,97.0,21.8,78.33402214728005,28.201387573716254,95.0528953259196,33.38844043218249,92.91002088036694,33.34226394473414,74.07293077912638,34.50177769091807
26.666666666666668,500.0,43.20819699126219,7.507231169927746,35.82627493799728,53.58846969708266,11.735130422584266,27.941518173983763,12.730123982247626,51.94818559507895,95.2,21.8,95.2,19.0,94.4,20.6,95.0,19.2,74.07293077912638,34.50177769091807,78.33402214728005,28.201387573716254,92.91002088036694,33.34226394473414,95.0528953259196,33.38844043218249
26.666666666666668,500.0,43.20819699126219,7.507231169927746,35.82627493799728,53.58846969708266,12.730123982247626,51.94818559507895,11.735130422584266,27.941518173983763,98.6,21.6,98.2,21.0,98.6,20.8,98.4,21.4,74.07293077912638,34.50177769091807,78.33402214728005,28.201387573716254,95.0528953259196,33.38844043218249,92.91002088036694,33.34226394473414
26.666666666666668,500.0,43.20819699126219,7.507231169927746,11.735130422584266,27.941518173983763,35.82627493799728,53.58846969708266,12.730123982247626,51.94818559507895,93.8,19.0,93.6,18.4,93.8,17.8,94.0,17.8,74.07293077912638,34.50177769091807,92.91002088036694,33.34226394473414,78.33402214728005,28.201387573716254,95.0528953259196,33.38844043218249
26.666666666666668,500.0,43.20819699126219,7.507231169927746,11.735130422584266,27.941518173983763,12.730123982247626,51.94818559507895,35.82627493799728,53.58846969708266,96.0,21.0,95.4,20.0,95.8,18.8,96.0,18.6,74.07293077912638,34.50177769091807,92.91002088036694,33.34226394473414,95.0528953259196,33.38844043218249,78.33402214728005,28.201387573716254
26.666666666666668,500.0,43.20819699126219,7.507231169927746,12.730123982247626,51.94818559507895,35.82627493799728,53.58846969708266,11.735130422584266,27.941518173983763,96.2,21.0,96.2,19.8,96.2,19.8,95.6,20.4,74.07293077912638,34.50177769091807,95.0528953259196,33.38844043218249,78.33402214728005,28.201387573716254,92.91002088036694,33.34226394473414
26.666666666666668,500.0,43.20819699126219,7.507231169927746,12.730123982247626,51.94818559507895,11.735130422584266,27.941518173983763,35.82627493799728,53.58846969708266,95.0,20.4,94.2,19.2,94.6,20.0,95.0,18.8,74.07293077912638,34.50177769091807,95.0528953259196,33.38844043218249,92.91002088036694,33.34226394473414,78.33402214728005,28.201387573716254
26.666666666666668,500.0,11.735130422584266,27.941518173983763,35.82627493799728,53.58846969708266,43.20819699126219,7.507231169927746,12.730123982247626,51.94818559507895,93.4,18.4,94.0,17.0,94.0,19.8,94.4,17.0,92.91002088036694,33.34226394473414,78.33402214728005,28.201387573716254,74.07293077912638,34.50177769091807,95.0528953259196,33.38844043218249
26.666666666666668,500.0,11.735130422584266,27.941518173983763,35.82627493799728,53.58846969708266,12.730123982247626,51.94818559507895,43.20819699126219,7.507231169927746,95.4,19.8,95.2,18.6,95.8,18.6,95.2,20.6,92.91002088036694,33.34226394473414,78.33402214728005,28.201387573716254,95.0528953259196,33.38844043218249,74.07293077912638,34.50177769091807
26.666666666666668,500.0,11.735130422584266,27.941518173983763,43.20819699126219,7.507231169927746,35.82627493799728,53.58846969708266,12.730123982247626,51.94818559507895,91.6,17.8,92.2,18.4,91.8,17.0,92.2,16.8,92.91002088036694,33.34226394473414,74.07293077912638,34.50177769091807,78.33402214728005,28.201387573716254,95.0528953259196,33.38844043218249
26.666666666666668,500.0,11.735130422584266,27.941518173983763,43.20819699126219,7.507231169927746,12.730123982247626,51.94818559507895,35.82627493799728,53.58846969708266,95.8,19.8,95.8,20.2,96.0,19.4,95.8,19.4,92.91002088036694,33.34226394473414,74.07293077912638,34.50177769091807,95.0528953259196,33.38844043218249,78.33402214728005,28.201387573716254
26.666666666666668,500.0,11.735130422584266,27.941518173983763,12.730123982247626,51.94818559507895,35.82627493799728,53.58846969708266,43.20819699126219,7.507231169927746,94.2,19.6,95.0,18.6,94.8,18.6,94.8,20.6,92.91002088036694,33.34226394473414,95.0528953259196,33.38844043218249,78.33402214728005,28.201387573716254,74.07293077912638,34.50177769091807
26.666666666666668,500.0,11.735130422584266,27.941518173983763,12.730123982247626,51.94818559507895,43.20819699126219,7.507231169927746,35.82627493799728,53.58846969708266,96.4,21.0,96.6,20.6,96.8,21.4,96.8,20.6,92.91002088036694,33.34226394473414,95.0528953259196,33.38844043218249,74.07293077912638,34.50177769091807,78.33402214728005,28.201387573716254
26.666666666666668,500.0,12.730123982247626,51.94818559507895,35.82627493799728,53.58846969708266,43.20819699126219,7.507231169927746,11.735130422584266,27.941518173983763,95.6,18.2,95.6,18.2,95.8,20.6,94.4,19.4,95.0528953259196,33.38844043218249,78.33402214728005,28.201387573716254,74.07293077912638,34.50177769091807,92.91002088036694,33.34226394473414
26.666666666666668,500.0,12.730123982247626,51.94818559507895,35.82627493799728,53.58846969708266,11.735130422584266,27.941518173983763,43.20819699126219,7.507231169927746,98.0,20.6,98.0,20.6,97.6,21.0,98.0,21.4,95.0528953259196,33.38844043218249,78.33402214728005,28.201387573716254,92.91002088036694,33.34226394473414,74.07293077912638,34.50177769091807
26.666666666666668,500.0,12.730123982247626,51.94818559507895,43.20819699126219,7.507231169927746,35.82627493799728,53.58846969708266,11.735130422584266,27.941518173983763,95.6,18.0,95.6,20.4,94.8,18.4,94.8,19.6,95.0528953259196,33.38844043218249,74.07293077912638,34.50177769091807,78.33402214728005,28.201387573716254,92.91002088036694,33.34226394473414
26.666666666666668,500.0,12.730123982247626,51.94818559507895,43.20819699126219,7.507231169927746,11.735130422584266,27.941518173983763,35.82627493799728,53.58846969708266,95.6,18.2,95.2,19.4,95.4,18.8,95.2,18.2,95.0528953259196,33.38844043218249,74.07293077912638,34.50177769091807,92.91002088036694,33.34226394473414,78.33402214728005,28.201387573716254
26.666666666666668,500.0,12.730123982247626,51.94818559507895,11.735130422584266,27.941518173983763,35.82627493799728,53.58846969708266,43.20819699126219,7.507231169927746,96.6,20.2,96.4,20.8,96.6,20.2,96.6,21.4,95.0528953259196,33.38844043218249,92.91002088036694,33.34226394473414,78.33402214728005,28.201387573716254,74.07293077912638,34.50177769091807
26.666666666666668,500.0,12.730123982247626,51.94818559507895,11.735130422584266,27.941518173983763,43.20819699126219,7.507231169927746,35.82627493799728,53.58846969708266,94.6,18.6,94.8,19.8,95.4,20.6,95.2,18.2,95.0528953259196,33.38844043218249,92.91002088036694,33.34226394473414,74.07293077912638,34.50177769091807,78.33402214728005,28.201387573716254
26.666666666666668,500.0,54.54792674276843,52.36671813014358,26.083593019704068,55.73514920181355,53.37758006349498,9.829793063811872,7.387638858235346,41.06335839119891,73.2,4.8,73.2,4.8,73.2,31.2,99.6,18.0,68.60447994275258,25.956426396561685,94.78162375871646,21.0772511417314,70.66609716584402,54.41730358405082,98.3353796338942,27.88836892088224
26.666666666666668,500.0,54.54792674276843,52.36671813014358,7.387638858235346,41.06335839119891,26.083593019704068,55.73514920181355,53.37758006349498,9.829793063811872,73.8,5.6,100.6,19.0,73.8,5.6,73.8,32.4,68.60447994275258,25.956426396561685,98.3353796338942,27.88836892088224,94.78162375871646,21.0772511417314,70.66609716584402,54.41730358405082
26.666666666666668,500.0,54.54792674276843,52.36671813014358,7.387638858235346,41.06335839119891,53.37758006349498,9.829793063811872,26.083593019704068,55.73514920181355,77.8,7.0,99.2,17.8,77.6,28.6,77.6,7.0,68.60447994275258,25.956426396561685,98.3353796338942,27.88836892088224,70.66609716584402,54.41730358405082,94.78162375871646,21.0772511417314
26.666666666666668,500.0,54.54792674276843,52.36671813014358,53.37758006349498,9.829793063811872,26.083593019704068,55.73514920181355,7.387638858235346,41.06335839119891,73.6,6.0,73.6,34.4,73.6,6.0,102.0,20.2,68.60447994275258,25.956426396561685,70.66609716584402,54.41730358405082,94.78162375871646,21.0772511417314,98.3353796338942,27.88836892088224
26.666666666666668,500.0,54.54792674276843,52.36671813014358,53.37758006349498,9.829793063811872,7.387638858235346,41.06335839119891,26.083593019704068,55.73514920181355,74.0,4.6,74.0,29.4,99.0,17.0,74.0,4.6,68.60447994275258,25.956426396561685,70.66609716584402,54.41730358405082,98.3353796338942,27.88836892088224,94.78162375871646,21.0772511417314
26.666666666666668,500.0,26.083593019704068,55.73514920181355,54.54792674276843,52.36671813014358,7.387638858235346,41.06335839119891,53.37758006349498,9.829793063811872,77.6,7.8,77.8,7.8,100.0,19.0,77.6,30.2,94.78162375871646,21.0772511417314,68.60447994275258,25.956426396561685,98.3353796338942,27.88836892088224,70.66609716584402,54.41730358405082
26.666666666666668,500.0,26.083593019704068,55.73514920181355,54.54792674276843,52.36671813014358,53.37758006349498,9.829793063811872,7.387638858235346,41.06335839119891,78.0,7.0,78.0,7.0,78.0,29.4,100.4,18.2,94.78162375871646,21.0772511417314,68.60447994275258,25.956426396561685,70.66609716584402,54.41730358405082,98.3353796338942,27.88836892088224
26.666666666666668,500.0,26.083593019704068,55.73514920181355,7.387638858235346,41.06335839119891,54.54792674276843,52.36671813014358,53.37758006349498,9.829793063811872,75.0,6.2,101.4,19.6,75.2,6.4,75.2,33.0,94.78162375871646,21.0772511417314,98.3353796338942,27.88836892088224,68.60447994275258,25.956426396561685,70.66609716584402,54.41730358405082
26.666666666666668,500.0,26.083593019704068,55.73514920181355,7.387638858235346,41.06335839119891,53.37758006349498,9.829793063811872,54.54792674276843,52.36671813014358,76.8,7.4,99.8,19.0,76.8,30.6,76.8,7.4,94.78162375871646,21.0772511417314,98.3353796338942,27.88836892088224,70.66609716584402,54.41730358405082,68.60447994275258,25.956426396561685
26.666666666666668,500.0,26.083593019704068,55.73514920181355,53.37758006349498,9.829793063811872,54.54792674276843,52.36671813014358,7.387638858235346,41.06335839119891,74.6,5.8,74.6,30.2,74.8,5.8,99.0,18.0,94.78162375871646,21.0772511417314,70.66609716584402,54.41730358405082,68.60447994275258,25.956426396561685,98.3353796338942,27.88836892088224
26.666666666666668,500.0,26.083593019704068,55.73514920181355,53.37758006349498,9.829793063811872,7.387638858235346,41.06335839119891,54.54792674276843,52.36671813014358,74.4,7.4,74.4,33.0,99.8,20.2,74.4,7.4,94.78162375871646,21.0772511417314,70.66609716584402,54.41730358405082,98.3353796338942,27.88836892088224,68.60447994275258,25.956426396561685
26.666666666666668,500.0,7.387638858235346,41.06335839119891,54.54792674276843,52.36671813014358,26.083593019704068,55.73514920181355,53.37758006349498,9.829793063811872,102.0,20.6,73.6,6.2,73.6,6.2,73.6,35.0,98.3353796338942,27.88836892088224,68.60447994275258,25.956426396561685,94.78162375871646,21.0772511417314,70.66609716584402,54.41730358405082
26.666666666666668,500.0,7.387638858235346,41.06335839119891,54.54792674276843,52.36671813014358,53.37758006349498,9.829793063811872,26.083593019704068,55.73514920181355,101.4,18.4,79.8,7.6,79.8,29.2,79.8,7.6,98.3353796338942,27.88836892088224,68.60447994275258,25.956426396561685,70.66609716584402,54.41730358405082,94.78162375871646,21.0772511417314
26.666666666666668,500.0,7.387638858235346,41.06335839119891,26.083593019704068,55.73514920181355,54.54792674276843,52.36671813014358,53.37758006349498,9.829793063811872,100.8,18.2,76.6,5.8,76.2,5.8,76.0,30.8,98.3353796338942,27.88836892088224,94.78162375871646,21.0772511417314,68.60447994275258,25.956426396561685,70.66609716584402,54.41730358405082
26.666666666666668,500.0,7.387638858235346,41.06335839119891,26.083593019704068,55.73514920181355,53.37758006349498,9.829793063811872,54.54792674276843,52.36671813014358,98.4,20.0,72.4,7.0,72.4,33.0,72.4,7.0,98.3353796338942,27.88836892088224,94.78162375871646,21.0772511417314,70.66609716584402,54.41730358405082,68.60447994275258,25.956426396561685
26.666666666666668,500.0,7.387638858235346,41.06335839119891,53.37758006349498,9.829793063811872,54.54792674276843,52.36671813014358,26.083593019704068,55.73514920181355,100.0,21.4,72.6,35.2,72.6,7.6,72.6,7.6,98.3353796338942,27.88836892088224,70.66609716584402,54.41730358405082,68.60447994275258,25.956426396561685,94.78162375871646,21.0772511417314
26.666666666666668,500.0,7.387638858235346,41.06335839119891,53.37758006349498,9.829793063811872,26.083593019704068,55.73514920181355,54.54792674276843,52.36671813014358,99.6,18.8,73.6,31.8,73.6,5.8,73.6,5.8,98.3353796338942,27.88836892088224,70.66609716584402,54.41730358405082,94.78162375871646,21.0772511417314,68.60447994275258,25.956426396561685
26.666666666666668,500.0,53.37758006349498,9.829793063811872,54.54792674276843,52.36671813014358,26.083593019704068,55.73514920181355,7.387638858235346,41.06335839119891,73.6,32.0,73.6,6.0,73.6,6.0,99.6,19.0,70.66609716584402,54.41730358405082,68.60447994275258,25.956426396561685,94.78162375871646,21.0772511417314,98.3353796338942,27.88836892088224
26.666666666666668,500.0,53.37758006349498,9.829793063811872,54.54792674276843,52.36671813014358,7.387638858235346,41.06335839119891,26.083593019704068,55.73514920181355,71.8,32.6,71.8,4.6,99.8,18.6,71.8,4.6,70.66609716584402,54.41730358405082,68.60447994275258,25.956426396561685,98.3353796338942,27.88836892088224,94.78162375871646,21.0772511417314
26.666666666666668,500.0,53.37758006349498,9.829793063811872,26.083593019704068,55.73514920181355,54.54792674276843,52.36671813014358,7.387638858235346,41.06335839119891,72.2,32.0,72.0,3.6,72.0,3.8,100.2,17.8,70.66609716584402,54.41730358405082,94.78162375871646,21.0772511417314,68.60447994275258,25.956426396561685,98.3353796338942,27.88836892088224
26.666666666666668,500.0,53.37758006349498,9.829793063811872,26.083593019704068,55.73514920181355,7.387638858235346,41.06335839119891,54.54792674276843,52.36671813014358,75.6,33.6,75.6,8.4,100.4,21.0,75.6,8.4,70.66609716584402,54.41730358405082,94.78162375871646,21.0772511417314,98.3353796338942,27.88836892088224,68.60447994275258,25.956426396561685
26.666666666666668,500.0,53.37758006349498,9.829793063811872,7.387638858235346,41.06335839119891,54.54792674276843,52.36671813014358,26.083593019704068,55.73514920181355,71.0,32.8,99.6,18.4,71.0,4.4,71.0,4.4,70.66609716584402,54.41730358405082,98.3353796338942,27.88836892088224,68.60447994275258,25.956426396561685,94.78162375871646,21.0772511417314
26.666666666666668,500.0,53.37758006349498,9.829793063811872,7.387638858235346,41.06335839119891,26.083593019704068,55.73514920181355,54.54792674276843,52.36671813014358,76.4,31.2,101.2,18.8,76.4,6.4,76.4,6.4,70.66609716584402,54.41730358405082,98.3353796338942,27.88836892088224,94.78162375871646,21.0772511417314,68.60447994275258,25.956426396561685
26.666666666666668,500.0,56.55109035401546,42.16580384118928,1.3107137636651212,1.4520721328146746,25.28609564503224,25.513188285786125,28.47421354476287,46.709608125055446,106.6,4.6,109.8,7.8,106.6,6.4,108.2,4.8,71.76167172899726,34.51388996270535,77.88250100787997,42.65844382237853,74.19964548613146,36.14849638316009,74.20145540887157,30.8262954689742
26.666666666666668,500.0,56.55109035401546,42.16580384118928,28.47421354476287,46.709608125055446,1.3107137636651212,1.4520721328146746,25.28609564503224,25.513188285786125,108.6,5.0,109.6,5.0,110.6,7.0,108.6,6.0,71.76167172899726,34.51388996270535,74.20145540887157,30.8262954689742,77.88250100787997,42.65844382237853,74.19964548613146,36.14849638316009
26.666666666666668,500.0,56.55109035401546,42.16580384118928,28.47421354476287,46.709608125055446,25.28609564503224,25.513188285786125,1.3107137636651212,1.4520721328146746,107.2,5.0,108.0,5.0,107.2,5.8,108.8,6.6,71.76167172899726,34.51388996270535,74.20145540887157,30.8262954689742,74.19964548613146,36.14849638316009,77.88250100787997,42.65844382237853
26.666666666666668,500.0,56.55109035401546,42.16580384118928,25.28609564503224,25.513188285786125,1.3107137636651212,1.4520721328146746,28.47421354476287,46.709608125055446,103.8,6.2,103.8,7.8,107.0,9.4,105.4,6.2,71.76167172899726,34.51388996270535,74.19964548613146,36.14849638316009,77.88250100787997,42.65844382237853,74.20145540887157,30.8262954689742
26.666666666666668,500.0,56.55109035401546,42.16580384118928,25.28609564503224,25.513188285786125,28.47421354476287,46.709608125055446,1.3107137636651212,1.4520721328146746,104.2,5.4,105.0,6.4,105.8,5.4,106.2,7.4,71.76167172899726,34.51388996270535,74.19964548613146,36.14849638316009,74.20145540887157,30.8262954689742,77.88250100787997,42.65844382237853
26.666666666666668,500.0,1.3107137636651212,1.4520721328146746,56.55109035401546,42.16580384118928,28.47421354476287,46.709608125055446,25.28609564503224,25.513188285786125,107.0,6.0,106.2,5.2,106.4,5.2,106.2,5.6,77.88250100787997,42.65844382237853,71.76167172899726,34.51388996270535,74.20145540887157,30.8262954689742,74.19964548613146,36.14849638316009
26.666666666666668,500.0,1.3107137636651212,1.4520721328146746,56.55109035401546,42.16580384118928,25.28609564503224,25.513188285786125,28.47421354476287,46.709608125055446,109.2,7.0,106.4,3.8,106.8,5.2,108.0,3.8,77.88250100787997,42.65844382237853,71.76167172899726,34.51388996270535,74.19964548613146,36.14849638316009,74.20145540887157,30.8262954689742
26.666666666666668,500.0,1.3107137636651212,1.4520721328146746,28.47421354476287,46.709608125055446,56.55109035401546,42.16580384118928,25.28609564503224,25.513188285786125,107.2,7.0,106.6,4.2,105.0,4.2,105.6,5.6,77.88250100787997,42.65844382237853,74.20145540887157,30.8262954689742,71.76167172899726,34.51388996270535,74.19964548613146,36.14849638316009
26.666666666666668,500.0,1.3107137636651212,1.4520721328146746,28.47421354476287,46.709608125055446,25.28609564503224,25.513188285786125,56.55109035401546,42.16580384118928,112.6,5.2,112.2,4.0,111.6,4.6,111.6,4.0,77.88250100787997,42.65844382237853,74.20145540887157,30.8262954689742,74.19964548613146,36.14849638316009,71.76167172899726,34.51388996270535
26.666666666666668,500.0,1.3107137636651212,1.4520721328146746,25.28609564503224,25.513188285786125,56.55109035401546,42.16580384118928,28.47421354476287,46.709608125055446,109.6,9.2,107.2,8.0,107.2,6.8,108.4,6.8,77.88250100787997,42.65844382237853,74.19964548613146,36.14849638316009,71.76167172899726,34.51388996270535,74.20145540887157,30.8262954689742
26.666666666666668,500.0,1.3107137636651212,1.4520721328146746,25.28609564503224,25.513188285786125,28.47421354476287,46.709608125055446,56.55109035401546,42.16580384118928,105.2,7.8,102.4,6.4,103.8,5.0,102.4,5.0,77.88250100787997,42.65844382237853,74.19964548613146,36.14849638316009,74.20145540887157,30.8262954689742,71.76167172899726,34.51388996270535
26.666666666666668,500.0,28.47421354476287,46.709608125055446,56.55109035401546,42.16580384118928,1.3107137636651212,1.4520721328146746,25.28609564503224,25.513188285786125,106.0,4.2,104.2,4.2,107.0,7.2,104.6,5.8,74.20145540887157,30.8262954689742,71.76167172899726,34.51388996270535,77.88250100787997,42.65844382237853,74.19964548613146,36.14849638316009
26.666666666666668,500.0,28.47421354476287,46.709608125055446,56.55109035401546,42.16580384118928,25.28609564503224,25.513188285786125,1.3107137636651212,1.4520721328146746,107.0,7.0,105.4,7.0,105.4,8.6,108.6,10.2,74.20145540887157,30.8262954689742,71.76167172899726,34.51388996270535,74.19964548613146,36.14849638316009,77.88250100787997,42.65844382237853
26.666666666666668,500.0,28.47421354476287,46.709608125055446,1.3107137636651212,1.4520721328146746,56.55109035401546,42.16580384118928,25.28609564503224,25.513188285786125,107.4,5.2,108.0,7.4,105.8,5.0,106.2,6.4,74.20145540887157,30.8262954689742,77.88250100787997,42.65844382237853,71.76167172899726,34.51388996270535,74.19964548613146,36.14849638316009
26.666666666666668,500.0,28.47421354476287,46.709608125055446,1.3107137636651212,1.4520721328146746,25.28609564503224,25.513188285786125,56.55109035401546,42.16580384118928,110.6,2.2,111.2,3.4,110.0,2.8,110.0,2.2,74.20145540887157,30.8262954689742,77.88250100787997,42.65844382237853,74.19964548613146,36.14849638316009,71.76167172899726,34.51388996270535
26.666666666666668,500.0,28.47421354476287,46.709608125055446,25.28609564503224,25.513188285786125,56.55109035401546,42.16580384118928,1.3107137636651212,1.4520721328146746,107.2,4.0,105.8,5.4,105.8,4.0,108.6,6.8,74.20145540887157,30.8262954689742,74.19964548613146,36.14849638316009,71.76167172899726,34.51388996270535,77.88250100787997,42.65844382237853
26.666666666666668,500.0,28.47421354476287,46.709608125055446,25.28609564503224,25.513188285786125,1.3107137636651212,1.4520721328146746,56.55109035401546,42.16580384118928,104.4,6.6,103.0,8.2,106.2,10.0,103.0,6.6,74.20145540887157,30.8262954689742,74.19964548613146,36.14849638316009,77.88250100787997,42.65844382237853,71.76167172899726,34.51388996270535
26.666666666666668,500.0,25.28609564503224,25.513188285786125,56.55109035401546,42.16580384118928,1.3107137636651212,1.4520721328146746,28.47421354476287,46.709608125055446,105.8,5.2,105.8,4.0,108.2,6.4,107.0,4.0,74.19964548613146,36.14849638316009,71.76167172899726,34.51388996270535,77.88250100787997,42.65844382237853,74.20145540887157,30.8262954689742
26.666666666666668,500.0,25.28609564503224,25.513188285786125,56.55109035401546,42.16580384118928,28.47421354476287,46.709608125055446,1.3107137636651212,1.4520721328146746,108.4,4.8,108.4,3.8,109.4,3.8,110.4,5.8,74.19964548613146,36.14849638316009,71.76167172899726,34.51388996270535,74.20145540887157,30.8262954689742,77.88250100787997,42.65844382237853
26.666666666666668,500.0,25.28609564503224,25.513188285786125,1.3107137636651212,1.4520721328146746,56.55109035401546,42.16580384118928,28.47421354476287,46.709608125055446,111.8,4.8,112.6,5.2,111.8,4.4,112.0,4.4,74.19964548613146,36.14849638316009,77.88250100787997,42.65844382237853,71.76167172899726,34.51388996270535,74.20145540887157,30.8262954689742
26.666666666666668,500.0,25.28609564503224,25.513188285786125,1.3107137636651212,1.4520721328146746,28.47421354476287,46.709608125055446,56.55109035401546,42.16580384118928,107.0,5.0,108.6,5.8,107.8,4.2,107.0,4.2,74.19964548613146,36.14849638316009,77.88250100787997,42.65844382237853,74.20145540887157,30.8262954689742,71.76167172899726,34.51388996270535
26.666666666666668,500.0,25.28609564503224,25.513188285786125,28.47421354476287,46.709608125055446,56.55109035401546,42.16580384118928,1.3107137636651212,1.4520721328146746,108.2,4.6,109.0,3.6,108.2,3.6,110.4,5.8,74.19964548613146,36.14849638316009,74.20145540887157,30.8262954689742,71.76167172899726,34.51388996270535,77.88250100787997,42.65844382237853
26.666666666666668,500.0,25.28609564503224,25.513188285786125,28.47421354476287,46.709608125055446,1.3107137636651212,1.4520721328146746,56.55109035401546,42.16580384118928,106.2,7.2,107.2,6.2,108.2,8.2,106.2,6.2,74.19964548613146,36.14849638316009,74.20145540887157,30.8262954689742,77.88250100787997,42.65844382237853,71.76167172899726,34.51388996270535
26.666666666666668,500.0,26.29761949961138,10.622057669513667,8.159263100887744,35.044372623225776,51.436652017042434,17.332232140959412,56.50747002159251,44.56407627355854,96.8,21.2,97.6,19.8,96.8,21.2,94.0,19.8,104.21402326229892,33.984588615337074,110.4042792097782,18.83122951810408,89.21909161682768,29.488095373441148,70.68819996076809,10.485212862267758
26.666666666666668,500.0,26.29761949961138,10.622057669513667,56.50747002159251,44.56407627355854,8.159263100887744,35.044372623225776,51.436652017042434,17.332232140959412,98.4,23.4,96.8,22.6,98.8,22.6,98.0,23.4,104.21402326229892,33.984588615337074,70.68819996076809,10.485212862267758,110.4042792097782,18.83122951810408,89.21909161682768,29.488095373441148
26.666666666666668,500.0,26.29761949961138,10.622057669513667,56.50747002159251,44.56407627355854,51.436652017042434,17.332232140959412,8.159263100887744,35.044372623225776,96.2,20.6,95.0,20.0,96.2,20.6,97.6,20.0,104.21402326229892,33.984588615337074,70.68819996076809,10.485212862267758,89.21909161682768,29.488095373441148,110.4042792097782,18.83122951810408
26.666666666666668,500.0,26.29761949961138,10.622057669513667,51.436652017042434,17.332232140959412,8.159263100887744,35.044372623225776,56.50747002159251,44.56407627355854,97.8,21.6,97.8,21.6,98.0,21.0,96.6,21.0,104.21402326229892,33.984588615337074,89.21909161682768,29.488095373441148,110.4042792097782,18.83122951810408,70.68819996076809,10.485212862267758
26.666666666666668,500.0,26.29761949961138,10.622057669513667,51.436652017042434,17.332232140959412,56.50747002159251,44.56407627355854,8.159263100887744,35.044372623225776,99.2,22.2,99.2,22.2,98.0,21.6,99.4,21.6,104.21402326229892,33.984588615337074,89.21909161682768,29.488095373441148,70.68819996076809,10.485212862267758,110.4042792097782,18.83122951810408
26.666666666666668,500.0,8.159263100887744,35.044372623225776,26.29761949961138,10.622057669513667,56.50747002159251,44.56407627355854,51.436652017042434,17.332232140959412,98.6,22.0,98.2,22.6,97.0,22.0,98.2,22.6,110.4042792097782,18.83122951810408,104.21402326229892,33.984588615337074,70.68819996076809,10.485212862267758,89.21909161682768,29.488095373441148
26.666666666666668,500.0,8.159263100887744,35.044372623225776,26.29761949961138,10.622057669513667,51.436652017042434,17.332232140959412,56.50747002159251,44.56407627355854,97.4,21.0,97.2,21.8,97.2,21.8,95.8,21.0,110.4042792097782,18.83122951810408,104.21402326229892,33.984588615337074,89.21909161682768,29.488095373441148,70.68819996076809,10.485212862267758
26.666666666666668,500.0,8.159263100887744,35.044372623225776,56.50747002159251,44.56407627355854,26.29761949961138,10.622057669513667,51.436652017042434,17.332232140959412,96.4,22.4,95.6,22.4,96.4,22.8,96.4,22.8,110.4042792097782,18.83122951810408,70.68819996076809,10.485212862267758,104.21402326229892,33.984588615337074,89.21909161682768,29.488095373441148
26.666666666666668,500.0,8.159263100887744,35.044372623225776,56.50747002159251,44.56407627355854,51.436652017042434,17.332232140959412,26.29761949961138,10.622057669513667,97.0,19.4,96.0,19.4,96.4,19.6,96.4,19.6,110.4042792097782,18.83122951810408,70.68819996076809,10.485212862267758,89.21909161682768,29.488095373441148,104.21402326229892,33.984588615337074
26.666666666666668,500.0,8.159263100887744,35.044372623225776,51.436652017042434,17.332232140959412,26.29761949961138,10.622057669513667,56.50747002159251,44.56407627355854,97.2,21.4,96.8,22.0,96.8,22.0,95.6,21.4,110.4042792097782,18.83122951810408,89.21909161682768,29.488095373441148,104.21402326229892,33.984588615337074,70.68819996076809,10.485212862267758
26.666666666666668,500.0,8.159263100887744,35.044372623225776,51.436652017042434,17.332232140959412,56.50747002159251,44.56407627355854,26.29761949961138,10.622057669513667,98.4,20.2,96.8,21.2,96.0,20.2,97.4,21.2,110.4042792097782,18.83122951810408,89.21909161682768,29.488095373441148,70.68819996076809,10.485212862267758,104.21402326229892,33.984588615337074
26.666666666666668,500.0,56.50747002159251,44.56407627355854,26.29761949961138,10.622057669513667,8.159263100887744,35.044372623225776,51.436652017042434,17.332232140959412,96.0,23.6,98.6,24.6,99.2,23.8,97.8,24.8,70.68819996076809,10.485212862267758,104.21402326229892,33.984588615337074,110.4042792097782,18.83122951810408,89.21909161682768,29.488095373441148
26.666666666666668,500.0,56.50747002159251,44.56407627355854,26.29761949961138,10.622057669513667,51.436652017042434,17.332232140959412,8.159263100887744,35.044372623225776,96.6,23.0,98.4,24.2,98.4,24.2,99.4,23.0,70.68819996076809,10.485212862267758,104.21402326229892,33.984588615337074,89.21909161682768,29.488095373441148,110.4042792097782,18.83122951810408
26.666666666666668,500.0,56.50747002159251,44.56407627355854,8.159263100887744,35.044372623225776,26.29761949961138,10.622057669513667,51.436652017042434,17.332232140959412,95.8,20.2,97.8,20.2,97.0,20.8,97.0,20.8,70.68819996076809,10.485212862267758,110.4042792097782,18.83122951810408,104.21402326229892,33.984588615337074,89.21909161682768,29.488095373441148
26.666666666666668,500.0,56.50747002159251,44.56407627355854,8.159263100887744,35.044372623225776,51.436652017042434,17.332232140959412,26.29761949961138,10.622057669513667,96.0,21.8,100.4,21.4,98.0,23.6,99.6,24.0,70.68819996076809,10.485212862267758,110.4042792097782,18.83122951810408,89.21909161682768,29.488095373441148,104.21402326229892,33.984588615337074
26.666666666666668,500.0,56.50747002159251,44.56407627355854,51.436652017042434,17.332232140959412,26.29761949961138,10.622057669513667,8.159263100887744,35.044372623225776,94.4,19.0,95.2,19.4,95.2,19.4,96.8,19.0,70.68819996076809,10.485212862267758,89.21909161682768,29.488095373441148,104.21402326229892,33.984588615337074,110.4042792097782,18.83122951810408
26.666666666666668,500.0,56.50747002159251,44.56407627355854,51.436652017042434,17.332232140959412,8.159263100887744,35.044372623225776,26.29761949961138,10.622057669513667,96.0,21.8,97.0,23.0,98.4,21.8,97.6,23.0,70.68819996076809,10.485212862267758,89.21909161682768,29.488095373441148,110.4042792097782,18.83122951810408,104.21402326229892,33.984588615337074
26.666666666666668,500.0,51.436652017042434,17.332232140959412,26.29761949961138,10.622057669513667,8.159263100887744,35.044372623225776,56.50747002159251,44.56407627355854,96.0,21.8,96.0,21.8,96.4,21.0,94.4,21.0,89.21909161682768,29.488095373441148,104.21402326229892,33.984588615337074,110.4042792097782,18.83122951810408,70.68819996076809,10.485212862267758
26.666666666666668,500.0,51.436652017042434,17.332232140959412,26.29761949961138,10.622057669513667,56.50747002159251,44.56407627355854,8.159263100887744,35.044372623225776,94.8,18.4,94.8,18.4,93.2,17.6,96.6,17.6,89.21909161682768,29.488095373441148,104.21402326229892,33.984588615337074,70.68819996076809,10.485212862267758,110.4042792097782,18.83122951810408
26.666666666666668,500.0,51.436652017042434,17.332232140959412,8.159263100887744,35.044372623225776,26.29761949961138,10.622057669513667,56.50747002159251,44.56407627355854,96.2,20.0,97.6,19.4,96.2,20.0,95.0,19.4,89.21909161682768,29.488095373441148,110.4042792097782,18.83122951810408,104.21402326229892,33.984588615337074,70.68819996076809,10.485212862267758
26.666666666666668,500.0,51.436652017042434,17.332232140959412,8.159263100887744,35.044372623225776,56.50747002159251,44.56407627355854,26.29761949961138,10.622057669513667,94.4,19.2,95.8,19.0,94.4,19.0,94.8,19.2,89.21909161682768,29.488095373441148,110.4042792097782,18.83122951810408,70.68819996076809,10.485212862267758,104.21402326229892,33.984588615337074
26.666666666666668,500.0,51.436652017042434,17.332232140959412,56.50747002159251,44.56407627355854,26.29761949961138,10.622057669513667,8.159263100887744,35.044372623225776,99.2,22.6,98.0,22.0,99.2,22.6,99.4,22.0,89.21909161682768,29.488095373441148,70.68819996076809,10.485212862267758,104.21402326229892,33.984588615337074,110.4042792097782,18.83122951810408
26.666666666666668,500.0,51.436652017042434,17.332232140959412,56.50747002159251,44.56407627355854,8.159263100887744,35.044372623225776,26.29761949961138,10.622057669513667,96.4,21.4,95.6,21.0,97.6,21.0,96.4,21.4,89.21909161682768,29.488095373441148,70.68819996076809,10.485212862267758,110.4042792097782,18.83122951810408,104.21402326229892,33.984588615337074
26.666666666666668,500.0,25.588670881418164,38.09203944321389,3.4764116466160577,46.7646209904263,19.04502096122945,3.7262675310507687,51.89543429029944,57.23531273787504,86.4,37.0,86.4,37.0,86.4,37.0,86.4,37.0,75.19187490810782,40.29567913405996,85.94718933145985,38.25923262696641,76.24976024030944,48.82404825304397,70.3538738898623,35.3202925668695
26.666666666666668,500.0,25.588670881418164,38.09203944321389,51.89543429029944,57.23531273787504,3.4764116466160577,46.7646209904263,19.04502096122945,3.7262675310507687,84.2,39.6,84.2,39.6,84.2,39.6,84.2,39.6,75.19187490810782,40.29567913405996,70.3538738898623,35.3202925668695,85.94718933145985,38.25923262696641,76.24976024030944,48.82404825304397
26.666666666666668,500.0,25.588670881418164,38.09203944321389,51.89543429029944,57.23531273787504,19.04502096122945,3.7262675310507687,3.4764116466160577,46.7646209904263,87.0,36.8,87.2,36.8,87.2,36.8,87.2,36.8,75.19187490810782,40.29567913405996,70.3538738898623,35.3202925668695,76.24976024030944,48.82404825304397,85.94718933145985,38.25923262696641
26.666666666666668,500.0,25.588670881418164,38.09203944321389,19.04502096122945,3.7262675310507687,3.4764116466160577,46.7646209904263,51.89543429029944,57.23531273787504,87.4,37.6,88.0,38.0,88.0,37.4,87.6,37.6,75.19187490810782,40.29567913405996,76.24976024030944,48.82404825304397,85.94718933145985,38.25923262696641,70.3538738898623,35.3202925668695
26.666666666666668,500.0,25.588670881418164,38.09203944321389,19.04502096122945,3.7262675310507687,51.89543429029944,57.23531273787504,3.4764116466160577,46.7646209904263,85.8,38.8,85.8,38.8,85.8,38.8,85.8,38.8,75.19187490810782,40.29567913405996,76.24976024030944,48.82404825304397,70.3538738898623,35.3202925668695,85.94718933145985,38.25923262696641
26.666666666666668,500.0,3.4764116466160577,46.7646209904263,25.588670881418164,38.09203944321389,51.89543429029944,57.23531273787504,19.04502096122945,3.7262675310507687,86.8,36.8,86.8,36.8,86.8,36.8,86.8,36.8,85.94718933145985,38.25923262696641,75.19187490810782,40.29567913405996,70.3538738898623,35.3202925668695,76.24976024030944,48.82404825304397
26.666666666666668,500.0,3.4764116466160577,46.7646209904263,25.588670881418164,38.09203944321389,19.04502096122945,3.7262675310507687,51.89543429029944,57.23531273787504,86.0,38.2,85.8,38.2,86.0,38.2,86.0,38.2,85.94718933145985,38.25923262696641,75.19187490810782,40.29567913405996,76.24976024030944,48.82404825304397,70.3538738898623,35.3202925668695
26.666666666666668,500.0,3.4764116466160577,46.7646209904263,51.89543429029944,57.23531273787504,25.588670881418164,38.09203944321389,19.04502096122945,3.7262675310507687,86.6,38.2,86.6,38.2,86.6,38.2,86.6,38.2,85.94718933145985,38.25923262696641,70.3538738898623,35.3202925668695,75.19187490810782,40.29567913405996,76.24976024030944,48.82404825304397
26.666666666666668,500.0,3.4764116466160577,46.7646209904263,51.89543429029944,57.23531273787504,19.04502096122945,3.7262675310507687,25.588670881418164,38.09203944321389,85.0,37.2,85.0,37.2,85.0,37.2,85.0,37.2,85.94718933145985,38.25923262696641,70.3538738898623,35.3202925668695,76.24976024030944,48.82404825304397,75.19187490810782,40.29567913405996
26.666666666666668,500.0,3.4764116466160577,46.7646209904263,19.04502096122945,3.7262675310507687,25.588670881418164,38.09203944321389,51.89543429029944,57.23531273787504,86.8,37.6,86.8,37.6,86.8,37.6,86.8,37.6,85.94718933145985,38.25923262696641,76.24976024030944,48.82404825304397,75.19187490810782,40.29567913405996,70.3538738898623,35.3202925668695
26.666666666666668,500.0,3.4764116466160577,46.7646209904263,19.04502096122945,3.7262675310507687,51.89543429029944,57.23531273787504,25.588670881418164,38.09203944321389,87.2,39.8,87.2,39.8,87.2,39.8,87.2,39.8,85.94718933145985,38.25923262696641,76.24976024030944,48.82404825304397,70.3538738898623,35.3202925668695,75.19187490810782,40.29567913405996
26.666666666666668,500.0,51.89543429029944,57.23531273787504,25.588670881418164,38.09203944321389,3.4764116466160577,46.7646209904263,19.04502096122945,3.7262675310507687,86.4,36.8,86.4,36.8,86.4,36.8,86.4,36.8,70.3538738898623,35.3202925668695,75.19187490810782,40.29567913405996,85.94718933145985,38.25923262696641,76.24976024030944,48.82404825304397
26.666666666666668,500.0,51.89543429029944,57.23531273787504,25.588670881418164,38.09203944321389,19.04502096122945,3.7262675310507687,3.4764116466160577,46.7646209904263,85.6,39.0,85.6,39.0,85.6,39.0,85.6,39.0,70.3538738898623,35.3202925668695,75.19187490810782,40.29567913405996,76.24976024030944,48.82404825304397,85.94718933145985,38.25923262696641
26.666666666666668,500.0,51.89543429029944,57.23531273787504,3.4764116466160577,46.7646209904263,25.588670881418164,38.09203944321389,19.04502096122945,3.7262675310507687,86.8,36.8,86.8,36.8,86.8,36.8,86.8,36.8,70.3538738898623,35.3202925668695,85.94718933145985,38.25923262696641,75.19187490810782,40.29567913405996,76.24976024030944,48.82404825304397
26.666666666666668,500.0,51.89543429029944,57.23531273787504,3.4764116466160577,46.7646209904263,19.04502096122945,3.7262675310507687,25.588670881418164,38.09203944321389,86.6,38.0,86.6,38.0,86.6,38.0,86.6,38.0,70.3538738898623,35.3202925668695,85.94718933145985,38.25923262696641,76.24976024030944,48.82404825304397,75.19187490810782,40.29567913405996
26.666666666666668,500.0,51.89543429029944,57.23531273787504,19.04502096122945,3.7262675310507687,25.588670881418164,38.09203944321389,3.4764116466160577,46.7646209904263,83.2,38.4,83.2,38.4,83.2,38.4,83.2,38.4,70.3538738898623,35.3202925668695,76.24976024030944,48.82404825304397,75.19187490810782,40.29567913405996,85.94718933145985,38.25923262696641
26.666666666666668,500.0,51.89543429029944,57.23531273787504,19.04502096122945,3.7262675310507687,3.4764116466160577,46.7646209904263,25.588670881418164,38.09203944321389,86.8,36.0,86.8,36.0,86.8,36.0,86.8,36.0,70.3538738898623,35.3202925668695,76.24976024030944,48.82404825304397,85.94718933145985,38.25923262696641,75.19187490810782,40.29567913405996
26.666666666666668,500.0,19.04502096122945,3.7262675310507687,25.588670881418164,38.09203944321389,3.4764116466160577,46.7646209904263,51.89543429029944,57.23531273787504,85.8,39.0,85.8,39.0,85.8,39.0,85.8,39.0,76.24976024030944,48.82404825304397,75.19187490810782,40.29567913405996,85.94718933145985,38.25923262696641,70.3538738898623,35.3202925668695
26.666666666666668,500.0,19.04502096122945,3.7262675310507687,25.588670881418164,38.09203944321389,51.89543429029944,57.23531273787504,3.4764116466160577,46.7646209904263,85.2,38.6,85.2,38.6,85.2,38.6,85.2,38.6,76.24976024030944,48.82404825304397,75.19187490810782,40.29567913405996,70.3538738898623,35.3202925668695,85.94718933145985,38.25923262696641
26.666666666666668,500.0,19.04502096122945,3.7262675310507687,3.4764116466160577,46.7646209904263,25.588670881418164,38.09203944321389,51.89543429029944,57.23531273787504,88.2,37.2,88.2,37.2,88.2,37.2,88.2,37.2,76.24976024030944,48.82404825304397,85.94718933145985,38.25923262696641,75.19187490810782,40.29567913405996,70.3538738898623,35.3202925668695
26.666666666666668,500.0,19.04502096122945,3.7262675310507687,3.4764116466160577,46.7646209904263,51.89543429029944,57.23531273787504,25.588670881418164,38.09203944321389,83.2,40.4,83.2,40.4,83.2,40.4,83.2,40.4,76.24976024030944,48.82404825304397,85.94718933145985,38.25923262696641,70.3538738898623,35.3202925668695,75.19187490810782,40.29567913405996
26.666666666666668,500.0,19.04502096122945,3.7262675310507687,51.89543429029944,57.23531273787504,25.588670881418164,38.09203944321389,3.4764116466160577,46.7646209904263,87.4,37.4,87.4,37.4,87.4,37.4,87.4,37.4,76.24976024030944,48.82404825304397,70.3538738898623,35.3202925668695,75.19187490810782,40.29567913405996,85.94718933145985,38.25923262696641
26.666666666666668,500.0,19.04502096122945,3.7262675310507687,51.89543429029944,57.23531273787504,3.4764116466160577,46.7646209904263,25.588670881418164,38.09203944321389,86.6,37.8,86.6,37.8,86.6,37.8,86.6,37.8,76.24976024030944,48.82404825304397,70.3538738898623,35.3202925668695,85.94718933145985,38.25923262696641,75.19187490810782,40.29567913405996
26.666666666666668,500.0,1.2944118027610885,40.88481364879613,50.35445727302164,6.084072657683919,26.24652777410228,16.961404311282003,37.37126712945376,39.609436053519474,67.0,23.6,67.4,23.6,67.4,23.6,66.6,23.6,110.18863449126432,37.309119301107245,74.2246542243117,56.493993300905416,86.05798040693425,49.42683211905095,81.438665470139,34.85372148092544
26.666666666666668,500.0,1.2944118027610885,40.88481364879613,37.37126712945376,39.609436053519474,50.35445727302164,6.084072657683919,26.24652777410228,16.961404311282003,69.8,20.8,68.8,20.8,70.4,20.8,70.2,20.8,110.18863449126432,37.309119301107245,81.438665470139,34.85372148092544,74.2246542243117,56.493993300905416,86.05798040693425,49.42683211905095
26.666666666666668,500.0,1.2944118027610885,40.88481364879613,37.37126712945376,39.609436053519474,26.24652777410228,16.961404311282003,50.35445727302164,6.084072657683919,67.0,19.2,66.2,19.2,67.4,19.2,67.4,19.2,110.18863449126432,37.309119301107245,81.438665470139,34.85372148092544,86.05798040693425,49.42683211905095,74.2246542243117,56.493993300905416
26.666666666666668,500.0,1.2944118027610885,40.88481364879613,26.24652777410228,16.961404311282003,50.35445727302164,6.084072657683919,37.37126712945376,39.609436053519474,73.0,20.6,73.8,20.6,73.8,20.6,72.8,20.6,110.18863449126432,37.309119301107245,86.05798040693425,49.42683211905095,74.2246542243117,56.493993300905416,81.438665470139,34.85372148092544
26.666666666666668,500.0,1.2944118027610885,40.88481364879613,26.24652777410228,16.961404311282003,37.37126712945376,39.609436053519474,50.35445727302164,6.084072657683919,68.0,21.0,68.6,21.0,67.6,21.0,68.6,21.0,110.18863449126432,37.309119301107245,86.05798040693425,49.42683211905095,81.438665470139,34.85372148092544,74.2246542243117,56.493993300905416
26.666666666666668,500.0,50.35445727302164,6.084072657683919,1.2944118027610885,40.88481364879613,37.37126712945376,39.609436053519474,26.24652777410228,16.961404311282003,72.6,22.4,71.8,22.4,71.8,22.4,72.6,22.4,74.2246542243117,56.493993300905416,110.18863449126432,37.309119301107245,81.438665470139,34.85372148092544,86.05798040693425,49.42683211905095
26.666666666666668,500.0,50.35445727302164,6.084072657683919,1.2944118027610885,40.88481364879613,26.24652777410228,16.961404311282003,37.37126712945376,39.609436053519474,66.6,23.4,67.2,23.0,67.0,23.2,66.2,23.0,74.2246542243117,56.493993300905416,110.18863449126432,37.309119301107245,86.05798040693425,49.42683211905095,81.438665470139,34.85372148092544
26.666666666666668,500.0,50.35445727302164,6.084072657683919,37.37126712945376,39.609436053519474,1.2944118027610885,40.88481364879613,26.24652777410228,16.961404311282003,71.2,24.0,70.6,24.0,70.2,24.0,71.2,24.0,74.2246542243117,56.493993300905416,81.438665470139,34.85372148092544,110.18863449126432,37.309119301107245,86.05798040693425,49.42683211905095
26.666666666666668,500.0,50.35445727302164,6.084072657683919,37.37126712945376,39.609436053519474,26.24652777410228,16.961404311282003,1.2944118027610885,40.88481364879613,68.6,19.4,67.8,19.4,68.6,19.4,68.6,19.4,74.2246542243117,56.493993300905416,81.438665470139,34.85372148092544,86.05798040693425,49.42683211905095,110.18863449126432,37.309119301107245
26.666666666666668,500.0,50.35445727302164,6.084072657683919,26.24652777410228,16.961404311282003,1.2944118027610885,40.88481364879613,37.37126712945376,39.609436053519474,69.4,19.6,69.6,19.6,69.4,19.6,68.2,19.6,74.2246542243117,56.493993300905416,86.05798040693425,49.42683211905095,110.18863449126432,37.309119301107245,81.438665470139,34.85372148092544
26.666666666666668,500.0,50.35445727302164,6.084072657683919,26.24652777410228,16.961404311282003,37.37126712945376,39.609436053519474,1.2944118027610885,40.88481364879613,70.8,19.8,70.8,19.8,69.2,19.8,70.6,19.8,74.2246542243117,56.493993300905416,86.05798040693425,49.42683211905095,81.438665470139,34.85372148092544,110.18863449126432,37.309119301107245
26.666666666666668,500.0,37.37126712945376,39.609436053519474,1.2944118027610885,40.88481364879613,50.35445727302164,6.084072657683919,26.24652777410228,16.961404311282003,69.0,18.8,70.6,18.8,70.4,19.2,70.6,19.0,81.438665470139,34.85372148092544,110.18863449126432,37.309119301107245,74.2246542243117,56.493993300905416,86.05798040693425,49.42683211905095
26.666666666666668,500.0,37.37126712945376,39.609436053519474,1.2944118027610885,40.88481364879613,26.24652777410228,16.961404311282003,50.35445727302164,6.084072657683919,68.8,20.2,69.0,20.2,69.0,20.2,69.0,20.2,81.438665470139,34.85372148092544,110.18863449126432,37.309119301107245,86.05798040693425,49.42683211905095,74.2246542243117,56.493993300905416
26.666666666666668,500.0,37.37126712945376,39.609436053519474,50.35445727302164,6.084072657683919,1.2944118027610885,40.88481364879613,26.24652777410228,16.961404311282003,71.4,20.6,71.8,20.6,71.4,20.6,71.8,20.6,81.438665470139,34.85372148092544,74.2246542243117,56.493993300905416,110.18863449126432,37.309119301107245,86.05798040693425,49.42683211905095
26.666666666666668,500.0,37.37126712945376,39.609436053519474,50.35445727302164,6.084072657683919,26.24652777410228,16.961404311282003,1.2944118027610885,40.88481364879613,66.0,21.0,67.0,21.4,67.2,21.2,67.6,21.0,81.438665470139,34.85372148092544,74.2246542243117,56.493993300905416,86.05798040693425,49.42683211905095,110.18863449126432,37.309119301107245
26.666666666666668,500.0,37.37126712945376,39.609436053519474,26.24652777410228,16.961404311282003,1.2944118027610885,40.88481364879613,50.35445727302164,6.084072657683919,69.4,21.8,69.6,21.8,69.2,21.8,69.6,21.8,81.438665470139,34.85372148092544,86.05798040693425,49.42683211905095,110.18863449126432,37.309119301107245,74.2246542243117,56.493993300905416
26.666666666666668,500.0,37.37126712945376,39.609436053519474,26.24652777410228,16.961404311282003,50.35445727302164,6.084072657683919,1.2944118027610885,40.88481364879613,69.2,22.2,69.8,22.4,69.8,22.4,70.2,22.0,81.438665470139,34.85372148092544,86.05798040693425,49.42683211905095,74.2246542243117,56.493993300905416,110.18863449126432,37.309119301107245
26.666666666666668,500.0,26.24652777410228,16.961404311282003,1.2944118027610885,40.88481364879613,50.35445727302164,6.084072657683919,37.37126712945376,39.609436053519474,68.6,22.8,69.2,22.0,68.4,23.0,67.6,22.2,86.05798040693425,49.42683211905095,110.18863449126432,37.309119301107245,74.2246542243117,56.493993300905416,81.438665470139,34.85372148092544
26.666666666666668,500.0,26.24652777410228,16.961404311282003,1.2944118027610885,40.88481364879613,37.37126712945376,39.609436053519474,50.35445727302164,6.084072657683919,70.2,23.8,69.6,23.8,69.0,23.8,70.2,23.8,86.05798040693425,49.42683211905095,110.18863449126432,37.309119301107245,81.438665470139,34.85372148092544,74.2246542243117,56.493993300905416
26.666666666666668,500.0,26.24652777410228,16.961404311282003,50.35445727302164,6.084072657683919,1.2944118027610885,40.88481364879613,37.37126712945376,39.609436053519474,72.8,22.4,72.8,22.4,72.2,22.4,71.8,22.4,86.05798040693425,49.42683211905095,74.2246542243117,56.493993300905416,110.18863449126432,37.309119301107245,81.438665470139,34.85372148092544
26.666666666666668,500.0,26.24652777410228,16.961404311282003,50.35445727302164,6.084072657683919,37.37126712945376,39.609436053519474,1.2944118027610885,40.88481364879613,73.6,22.8,73.6,22.8,72.0,22.6,73.8,22.4,86.05798040693425,49.42683211905095,74.2246542243117,56.493993300905416,81.438665470139,34.85372148092544,110.18863449126432,37.309119301107245
26.666666666666668,500.0,26.24652777410228,16.961404311282003,37.37126712945376,39.609436053519474,1.2944118027610885,40.88481364879613,50.35445727302164,6.084072657683919,75.6,21.2,73.8,21.0,75.6,20.8,75.6,21.2,86.05798040693425,49.42683211905095,81.438665470139,34.85372148092544,110.18863449126432,37.309119301107245,74.2246542243117,56.493993300905416
26.666666666666668,500.0,26.24652777410228,16.961404311282003,37.37126712945376,39.609436053519474,50.35445727302164,6.084072657683919,1.2944118027610885,40.88481364879613,69.2,20.8,68.8,20.8,69.2,20.8,68.8,20.8,86.05798040693425,49.42683211905095,81.438665470139,34.85372148092544,74.2246542243117,56.493993300905416,110.18863449126432,37.309119301107245
26.666666666666668,500.0,4.986313481924669,28.443465478277947,39.262306054545846,45.08312330904238,58.59750221033434,55.27925142276624,32.20875713361245,6.580401820989456,80.0,23.4,80.0,23.4,79.8,23.4,80.0,23.4,117.31304541891907,40.482751082187335,101.15057429368228,29.250827016078865,85.33488214504845,24.07822945005806,103.7883914184148,57.05384217595437
26.666666666666668,500.0,4.986313481924669,28.443465478277947,32.20875713361245,6.580401820989456,39.262306054545846,45.08312330904238,58.59750221033434,55.27925142276624,78.6,24.8,78.6,24.8,78.6,24.8,78.4,24.8,117.31304541891907,40.482751082187335,103.7883914184148,57.05384217595437,101.15057429368228,29.250827016078865,85.33488214504845,24.07822945005806
26.666666666666668,500.0,4.986313481924669,28.443465478277947,32.20875713361245,6.580401820989456,58.59750221033434,55.27925142276624,39.262306054545846,45.08312330904238,76.2,21.0,76.2,21.0,76.0,21.0,76.2,21.0,117.31304541891907,40.482751082187335,103.7883914184148,57.05384217595437,85.33488214504845,24.07822945005806,101.15057429368228,29.250827016078865
26.666666666666668,500.0,4.986313481924669,28.443465478277947,58.59750221033434,55.27925142276624,39.262306054545846,45.08312330904238,32.20875713361245,6.580401820989456,80.8,23.6,80.2,23.6,80.8,23.6,80.8,23.6,117.31304541891907,40.482751082187335,85.33488214504845,24.07822945005806,101.15057429368228,29.250827016078865,103.7883914184148,57.05384217595437
26.666666666666668,500.0,4.986313481924669,28.443465478277947,58.59750221033434,55.27925142276624,32.20875713361245,6.580401820989456,39.262306054545846,45.08312330904238,81.6,24.8,80.8,24.8,81.6,24.8,81.6,24.8,117.31304541891907,40.482751082187335,85.33488214504845,24.07822945005806,103.7883914184148,57.05384217595437,101.15057429368228,29.250827016078865
26.666666666666668,500.0,39.262306054545846,45.08312330904238,4.986313481924669,28.443465478277947,32.20875713361245,6.580401820989456,58.59750221033434,55.27925142276624,73.6,24.6,73.6,24.8,73.6,24.8,72.4,24.4,101.15057429368228,29.250827016078865,117.31304541891907,40.482751082187335,103.7883914184148,57.05384217595437,85.33488214504845,24.07822945005806
26.666666666666668,500.0,39.262306054545846,45.08312330904238,4.986313481924669,28.443465478277947,58.59750221033434,55.27925142276624,32.20875713361245,6.580401820989456,75.2,23.0,75.0,23.0,74.6,23.0,75.2,23.0,101.15057429368228,29.250827016078865,117.31304541891907,40.482751082187335,85.33488214504845,24.07822945005806,103.7883914184148,57.05384217595437
26.666666666666668,500.0,39.262306054545846,45.08312330904238,32.20875713361245,6.580401820989456,4.986313481924669,28.443465478277947,58.59750221033434,55.27925142276624,76.2,25.2,76.4,25.4,76.8,25.4,75.8,25.0,101.15057429368228,29.250827016078865,103.7883914184148,57.05384217595437,117.31304541891907,40.482751082187335,85.33488214504845,24.07822945005806
26.666666666666668,500.0,39.262306054545846,45.08312330904238,32.20875713361245,6.580401820989456,58.59750221033434,55.27925142276624,4.986313481924669,28.443465478277947,75.0,23.0,75.2,23.2,75.0,22.8,75.6,23.2,101.15057429368228,29.250827016078865,103.7883914184148,57.05384217595437,85.33488214504845,24.07822945005806,117.31304541891907,40.482751082187335
26.666666666666668,500.0,39.262306054545846,45.08312330904238,58.59750221033434,55.27925142276624,4.986313481924669,28.443465478277947,32.20875713361245,6.580401820989456,78.2,25.4,77.0,25.2,78.2,25.6,78.2,25.6,101.15057429368228,29.250827016078865,85.33488214504845,24.07822945005806,117.31304541891907,40.482751082187335,103.7883914184148,57.05384217595437
26.666666666666668,500.0,39.262306054545846,45.08312330904238,58.59750221033434,55.27925142276624,32.20875713361245,6.580401820989456,4.986313481924669,28.443465478277947,80.4,24.0,80.0,24.0,80.4,24.0,80.4,24.0,101.15057429368228,29.250827016078865,85.33488214504845,24.07822945005806,103.7883914184148,57.05384217595437,117.31304541891907,40.482751082187335
26.666666666666668,500.0,32.20875713361245,6.580401820989456,4.986313481924669,28.443465478277947,39.262306054545846,45.08312330904238,58.59750221033434,55.27925142276624,76.6,23.4,76.6,23.4,76.6,23.4,76.4,23.4,103.7883914184148,57.05384217595437,117.31304541891907,40.482751082187335,101.15057429368228,29.250827016078865,85.33488214504845,24.07822945005806
26.666666666666668,500.0,32.20875713361245,6.580401820989456,4.986313481924669,28.443465478277947,58.59750221033434,55.27925142276624,39.262306054545846,45.08312330904238,78.0,24.6,78.0,24.6,77.8,24.6,78.0,24.6,103.7883914184148,57.05384217595437,117.31304541891907,40.482751082187335,85.33488214504845,24.07822945005806,101.15057429368228,29.250827016078865
26.666666666666668,500.0,32.20875713361245,6.580401820989456,39.262306054545846,45.08312330904238,4.986313481924669,28.443465478277947,58.59750221033434,55.27925142276624,79.2,24.4,79.2,24.4,79.2,24.4,78.8,24.4,103.7883914184148,57.05384217595437,101.15057429368228,29.250827016078865,117.31304541891907,40.482751082187335,85.33488214504845,24.07822945005806
26.666666666666668,500.0,32.20875713361245,6.580401820989456,39.262306054545846,45.08312330904238,58.59750221033434,55.27925142276624,4.986313481924669,28.443465478277947,77.0,24.8,77.0,24.8,76.8,24.8,77.0,24.8,103.7883914184148,57.05384217595437,101.15057429368228,29.250827016078865,85.33488214504845,24.07822945005806,117.31304541891907,40.482751082187335
26.666666666666668,500.0,32.20875713361245,6.580401820989456,58.59750221033434,55.27925142276624,4.986313481924669,28.443465478277947,39.262306054545846,45.08312330904238,78.2,24.2,77.8,24.2,78.2,24.2,78.2,24.2,103.7883914184148,57.05384217595437,85.33488214504845,24.07822945005806,117.31304541891907,40.482751082187335,101.15057429368228,29.250827016078865
26.666666666666668,500.0,32.20875713361245,6.580401820989456,58.59750221033434,55.27925142276624,39.262306054545846,45.08312330904238,4.986313481924669,28.443465478277947,78.2,23.8,78.0,23.2,78.2,23.2,78.8,23.8,103.7883914184148,57.05384217595437,85.33488214504845,24.07822945005806,101.15057429368228,29.250827016078865,117.31304541891907,40.482751082187335
26.666666666666668,500.0,58.59750221033434,55.27925142276624,4.986313481924669,28.443465478277947,39.262306054545846,45.08312330904238,32.20875713361245,6.580401820989456,79.2,24.8,79.2,24.8,79.2,24.8,79.2,24.8,85.33488214504845,24.07822945005806,117.31304541891907,40.482751082187335,101.15057429368228,29.250827016078865,103.7883914184148,57.05384217595437
26.666666666666668,500.0,58.59750221033434,55.27925142276624,4.986313481924669,28.443465478277947,32.20875713361245,6.580401820989456,39.262306054545846,45.08312330904238,76.8,25.4,77.6,26.0,77.0,26.0,77.0,25.4,85.33488214504845,24.07822945005806,117.31304541891907,40.482751082187335,103.7883914184148,57.05384217595437,101.15057429368228,29.250827016078865
26.666666666666668,500.0,58.59750221033434,55.27925142276624,39.262306054545846,45.08312330904238,4.986313481924669,28.443465478277947,32.20875713361245,6.580401820989456,79.8,25.0,80.8,25.2,80.8,25.4,80.8,25.4,85.33488214504845,24.07822945005806,101.15057429368228,29.250827016078865,117.31304541891907,40.482751082187335,103.7883914184148,57.05384217595437
26.666666666666668,500.0,58.59750221033434,55.27925142276624,39.262306054545846,45.08312330904238,32.20875713361245,6.580401820989456,4.986313481924669,28.443465478277947,72.6,21.2,72.8,21.2,72.8,21.8,73.4,21.8,85.33488214504845,24.07822945005806,101.15057429368228,29.250827016078865,103.7883914184148,57.05384217595437,117.31304541891907,40.482751082187335
26.666666666666668,500.0,58.59750221033434,55.27925142276624,32.20875713361245,6.580401820989456,4.986313481924669,28.443465478277947,39.262306054545846,45.08312330904238,78.4,24.0,78.6,24.4,79.0,24.4,78.4,24.2,85.33488214504845,24.07822945005806,103.7883914184148,57.05384217595437,117.31304541891907,40.482751082187335,101.15057429368228,29.250827016078865
26.666666666666668,500.0,58.59750221033434,55.27925142276624,32.20875713361245,6.580401820989456,39.262306054545846,45.08312330904238,4.986313481924669,28.443465478277947,79.8,25.0,80.0,25.0,80.0,25.0,80.0,25.0,85.33488214504845,24.07822945005806,103.7883914184148,57.05384217595437,101.15057429368228,29.250827016078865,117.31304541891907,40.482751082187335
26.666666666666668,500.0,5.211348800272397,8.376148412347781,57.369293262625085,17.95851595357707,36.03274430982172,41.498665211570525,9.102339826940264,33.941225583291185,88.4,24.0,88.8,24.0,88.8,24.0,88.6,24.0,87.5215628039085,38.95838199795072,60.44531108536361,36.28917180794158,65.22135118891589,19.869964460435565,77.08259027481569,23.15454705732203
26.666666666666668,500.0,5.211348800272397,8.376148412347781,9.102339826940264,33.941225583291185,57.369293262625085,17.95851595357707,36.03274430982172,41.498665211570525,87.2,23.8,87.6,23.8,87.6,23.8,87.8,23.8,87.5215628039085,38.95838199795072,77.08259027481569,23.15454705732203,60.44531108536361,36.28917180794158,65.22135118891589,19.869964460435565
26.666666666666668,500.0,5.211348800272397,8.376148412347781,9.102339826940264,33.941225583291185,36.03274430982172,41.498665211570525,57.369293262625085,17.95851595357707,86.4,24.4,86.6,24.4,86.8,24.4,86.8,24.4,87.5215628039085,38.95838199795072,77.08259027481569,23.15454705732203,65.22135118891589,19.869964460435565,60.44531108536361,36.28917180794158
26.666666666666668,500.0,5.211348800272397,8.376148412347781,36.03274430982172,41.498665211570525,57.369293262625085,17.95851595357707,9.102339826940264,33.941225583291185,89.2,23.2,90.2,22.6,89.6,23.2,90.2,22.6,87.5215628039085,38.95838199795072,65.22135118891589,19.869964460435565,60.44531108536361,36.28917180794158,77.08259027481569,23.15454705732203
26.666666666666668,500.0,5.211348800272397,8.376148412347781,36.03274430982172,41.498665211570525,9.102339826940264,33.941225583291185,57.369293262625085,17.95851595357707,87.8,25.4,88.4,25.4,88.2,25.4,88.2,25.4,87.5215628039085,38.95838199795072,65.22135118891589,19.869964460435565,77.08259027481569,23.15454705732203,60.44531108536361,36.28917180794158
26.666666666666668,500.0,57.369293262625085,17.95851595357707,5.211348800272397,8.376148412347781,9.102339826940264,33.941225583291185,36.03274430982172,41.498665211570525,89.4,25.6,88.8,25.6,89.4,25.6,89.4,25.6,60.44531108536361,36.28917180794158,87.5215628039085,38.95838199795072,77.08259027481569,23.15454705732203,65.22135118891589,19.869964460435565
26.666666666666668,500.0,57.369293262625085,17.95851595357707,5.211348800272397,8.376148412347781,36.03274430982172,41.498665211570525,9.102339826940264,33.941225583291185,90.4,25.4,89.4,25.4,90.4,25.4,90.0,25.4,60.44531108536361,36.28917180794158,87.5215628039085,38.95838199795072,65.22135118891589,19.869964460435565,77.08259027481569,23.15454705732203
26.666666666666668,500.0,57.369293262625085,17.95851595357707,9.102339826940264,33.941225583291185,5.211348800272397,8.376148412347781,36.03274430982172,41.498665211570525,88.6,26.4,88.6,26.4,88.6,26.4,88.6,26.4,60.44531108536361,36.28917180794158,77.08259027481569,23.15454705732203,87.5215628039085,38.95838199795072,65.22135118891589,19.869964460435565
26.666666666666668,500.0,57.369293262625085,17.95851595357707,9.102339826940264,33.941225583291185,36.03274430982172,41.498665211570525,5.211348800272397,8.376148412347781,89.6,24.6,89.6,24.6,89.6,24.6,88.8,24.6,60.44531108536361,36.28917180794158,77.08259027481569,23.15454705732203,65.22135118891589,19.869964460435565,87.5215628039085,38.95838199795072
26.666666666666668,500.0,57.369293262625085,17.95851595357707,36.03274430982172,41.498665211570525,5.211348800272397,8.376148412347781,9.102339826940264,33.941225583291185,87.6,24.8,87.6,24.8,87.4,24.8,87.4,24.8,60.44531108536361,36.28917180794158,65.22135118891589,19.869964460435565,87.5215628039085,38.95838199795072,77.08259027481569,23.15454705732203
26.666666666666668,500.0,57.369293262625085,17.95851595357707,36.03274430982172,41.498665211570525,9.102339826940264,33.941225583291185,5.211348800272397,8.376148412347781,87.2,26.0,88.0,25.2,88.4,25.0,88.0,26.2,60.44531108536361,36.28917180794158,65.22135118891589,19.869964460435565,77.08259027481569,23.15454705732203,87.5215628039085,38.95838199795072
26.666666666666668,500.0,9.102339826940264,33.941225583291185,5.211348800272397,8.376148412347781,57.369293262625085,17.95851595357707,36.03274430982172,41.498665211570525,90.4,25.2,89.8,25.2,90.4,25.2,90.4,25.2,77.08259027481569,23.15454705732203,87.5215628039085,38.95838199795072,60.44531108536361,36.28917180794158,65.22135118891589,19.869964460435565
26.666666666666668,500.0,9.102339826940264,33.941225583291185,5.211348800272397,8.376148412347781,36.03274430982172,41.498665211570525,57.369293262625085,17.95851595357707,87.6,24.8,87.2,25.0,87.4,24.8,87.4,24.8,77.08259027481569,23.15454705732203,87.5215628039085,38.95838199795072,65.22135118891589,19.869964460435565,60.44531108536361,36.28917180794158
26.666666666666668,500.0,9.102339826940264,33.941225583291185,57.369293262625085,17.95851595357707,5.211348800272397,8.376148412347781,36.03274430982172,41.498665211570525,89.0,25.4,89.0,25.4,88.4,25.4,89.0,25.4,77.08259027481569,23.15454705732203,60.44531108536361,36.28917180794158,87.5215628039085,38.95838199795072,65.22135118891589,19.869964460435565
26.666666666666668,500.0,9.102339826940264,33.941225583291185,57.369293262625085,17.95851595357707,36.03274430982172,41.498665211570525,5.211348800272397,8.376148412347781,88.4,25.0,88.2,25.6,88.8,25.0,88.4,25.6,77.08259027481569,23.15454705732203,60.44531108536361,36.28917180794158,65.22135118891589,19.869964460435565,87.5215628039085,38.95838199795072
26.666666666666668,500.0,9.102339826940264,33.941225583291185,36.03274430982172,41.498665211570525,5.211348800272397,8.376148412347781,57.369293262625085,17.95851595357707,90.6,24.6,90.6,24.6,90.4,24.6,90.6,24.6,77.08259027481569,23.15454705732203,65.22135118891589,19.869964460435565,87.5215628039085,38.95838199795072,60.44531108536361,36.28917180794158
26.666666666666668,500.0,9.102339826940264,33.941225583291185,36.03274430982172,41.498665211570525,57.369293262625085,17.95851595357707,5.211348800272397,8.376148412347781,90.2,25.0,90.2,25.0,90.2,25.0,89.2,25.0,77.08259027481569,23.15454705732203,65.22135118891589,19.869964460435565,60.44531108536361,36.28917180794158,87.5215628039085,38.95838199795072
26.666666666666668,500.0,36.03274430982172,41.498665211570525,5.211348800272397,8.376148412347781,57.369293262625085,17.95851595357707,9.102339826940264,33.941225583291185,90.4,28.0,91.0,28.6,90.4,28.6,90.4,28.0,65.22135118891589,19.869964460435565,87.5215628039085,38.95838199795072,60.44531108536361,36.28917180794158,77.08259027481569,23.15454705732203
26.666666666666668,500.0,36.03274430982172,41.498665211570525,5.211348800272397,8.376148412347781,9.102339826940264,33.941225583291185,57.369293262625085,17.95851595357707,90.8,24.4,90.0,24.4,90.8,24.4,90.8,24.4,65.22135118891589,19.869964460435565,87.5215628039085,38.95838199795072,77.08259027481569,23.15454705732203,60.44531108536361,36.28917180794158
26.666666666666668,500.0,36.03274430982172,41.498665211570525,57.369293262625085,17.95851595357707,5.211348800272397,8.376148412347781,9.102339826940264,33.941225583291185,87.6,24.0,87.6,24.0,86.8,24.0,87.4,24.0,65.22135118891589,19.869964460435565,60.44531108536361,36.28917180794158,87.5215628039085,38.95838199795072,77.08259027481569,23.15454705732203
26.666666666666668,500.0,36.03274430982172,41.498665211570525,57.369293262625085,17.95851595357707,9.102339826940264,33.941225583291185,5.211348800272397,8.376148412347781,88.4,24.0,88.0,24.0,88.0,24.0,87.8,24.0,65.22135118891589,19.869964460435565,60.44531108536361,36.28917180794158,77.08259027481569,23.15454705732203,87.5215628039085,38.95838199795072
26.666666666666668,500.0,36.03274430982172,41.498665211570525,9.102339826940264,33.941225583291185,5.211348800272397,8.376148412347781,57.369293262625085,17.95851595357707,88.2,24.6,87.8,24.6,87.4,24.6,87.8,24.6,65.22135118891589,19.869964460435565,77.08259027481569,23.15454705732203,87.5215628039085,38.95838199795072,60.44531108536361,36.28917180794158
26.666666666666668,500.0,36.03274430982172,41.498665211570525,9.102339826940264,33.941225583291185,57.369293262625085,17.95851595357707,5.211348800272397,8.376148412347781,89.2,26.0,88.6,26.0,88.8,26.0,88.4,26.0,65.22135118891589,19.869964460435565,77.08259027481569,23.15454705732203,60.44531108536361,36.28917180794158,87.5215628039085,38.95838199795072
26.666666666666668,500.0,44.34573782095048,36.33570249394532,0.3037399981834165,56.947888135775045,59.54855169804455,1.5227202548656282,20.561475412279616,42.77581139119352,99.0,16.2,99.0,16.2,99.0,16.2,99.0,16.2,74.99043030965804,17.07569419104159,92.35616610003524,12.682464630992136,70.27872655158652,24.49011620870829,93.99960323636506,16.74585906597581
26.666666666666668,500.0,44.34573782095048,36.33570249394532,20.561475412279616,42.77581139119352,0.3037399981834165,56.947888135775045,59.54855169804455,1.5227202548656282,99.6,16.6,99.6,16.6,99.4,16.6,99.6,16.6,74.99043030965804,17.07569419104159,93.99960323636506,16.74585906597581,92.35616610003524,12.682464630992136,70.27872655158652,24.49011620870829
26.666666666666668,500.0,44.34573782095048,36.33570249394532,20.561475412279616,42.77581139119352,59.54855169804455,1.5227202548656282,0.3037399981834165,56.947888135775045,100.0,12.2,100.0,12.2,100.0,12.2,100.0,12.2,74.99043030965804,17.07569419104159,93.99960323636506,16.74585906597581,70.27872655158652,24.49011620870829,92.35616610003524,12.682464630992136
26.666666666666668,500.0,44.34573782095048,36.33570249394532,59.54855169804455,1.5227202548656282,0.3037399981834165,56.947888135775045,20.561475412279616,42.77581139119352,97.8,11.6,98.2,12.2,98.6,11.4,98.6,11.6,74.99043030965804,17.07569419104159,70.27872655158652,24.49011620870829,92.35616610003524,12.682464630992136,93.99960323636506,16.74585906597581
26.666666666666668,500.0,44.34573782095048,36.33570249394532,59.54855169804455,1.5227202548656282,20.561475412279616,42.77581139119352,0.3037399981834165,56.947888135775045,99.4,9.0,99.4,9.0,99.2,9.0,99.4,9.0,74.99043030965804,17.07569419104159,70.27872655158652,24.49011620870829,93.99960323636506,16.74585906597581,92.35616610003524,12.682464630992136
26.666666666666668,500.0,0.3037399981834165,56.947888135775045,44.34573782095048,36.33570249394532,20.561475412279616,42.77581139119352,59.54855169804455,1.5227202548656282,96.0,12.4,96.0,12.4,96.0,12.4,96.0,12.4,92.35616610003524,12.682464630992136,74.99043030965804,17.07569419104159,93.99960323636506,16.74585906597581,70.27872655158652,24.49011620870829
26.666666666666668,500.0,0.3037399981834165,56.947888135775045,44.34573782095048,36.33570249394532,59.54855169804455,1.5227202548656282,20.561475412279616,42.77581139119352,100.4,13.0,100.4,13.0,100.4,13.0,100.4,13.0,92.35616610003524,12.682464630992136,74.99043030965804,17.07569419104159,70.27872655158652,24.49011620870829,93.99960323636506,16.74585906597581
26.666666666666668,500.0,0.3037399981834165,56.947888135775045,20.561475412279616,42.77581139119352,44.34573782095048,36.33570249394532,59.54855169804455,1.5227202548656282,99.2,11.6,98.4,11.8,99.0,11.8,98.8,12.0,92.35616610003524,12.682464630992136,93.99960323636506,16.74585906597581,74.99043030965804,17.07569419104159,70.27872655158652,24.49011620870829
26.666666666666668,500.0,0.3037399981834165,56.947888135775045,20.561475412279616,42.77581139119352,59.54855169804455,1.5227202548656282,44.34573782095048,36.33570249394532,99.8,11.8,99.4,11.8,99.8,11.8,99.8,11.8,92.35616610003524,12.682464630992136,93.99960323636506,16.74585906597581,70.27872655158652,24.49011620870829,74.99043030965804,17.07569419104159
26.666666666666668,500.0,0.3037399981834165,56.947888135775045,59.54855169804455,1.5227202548656282,44.34573782095048,36.33570249394532,20.561475412279616,42.77581139119352,98.2,9.2,98.2,9.2,98.2,9.2,98.0,9.2,92.35616610003524,12.682464630992136,70.27872655158652,24.49011620870829,74.99043030965804,17.07569419104159,93.99960323636506,16.74585906597581
26.666666666666668,500.0,0.3037399981834165,56.947888135775045,59.54855169804455,1.5227202548656282,20.561475412279616,42.77581139119352,44.34573782095048,36.33570249394532,96.6,10.6,96.6,10.6,96.6,10.6,96.6,10.6,92.35616610003524,12.682464630992136,70.27872655158652,24.49011620870829,93.99960323636506,16.74585906597581,74.99043030965804,17.07569419104159
26.666666666666668,500.0,20.561475412279616,42.77581139119352,44.34573782095048,36.33570249394532,0.3037399981834165,56.947888135775045,59.54855169804455,1.5227202548656282,99.4,12.8,99.4,12.8,99.4,12.8,99.4,12.8,93.99960323636506,16.74585906597581,74.99043030965804,17.07569419104159,92.35616610003524,12.682464630992136,70.27872655158652,24.49011620870829
26.666666666666668,500.0,20.561475412279616,42.77581139119352,44.34573782095048,36.33570249394532,59.54855169804455,1.5227202548656282,0.3037399981834165,56.947888135775045,97.4,11.8,97.4,11.8,97.4,11.8,97.4,11.8,93.99960323636506,16.74585906597581,74.99043030965804,17.07569419104159,70.27872655158652,24.49011620870829,92.35616610003524,12.682464630992136
26.666666666666668,500.0,20.561475412279616,42.77581139119352,0.3037399981834165,56.947888135775045,44.34573782095048,36.33570249394532,59.54855169804455,1.5227202548656282,98.2,11.8,98.2,11.8,98.2,11.8,98.2,11.8,93.99960323636506,16.74585906597581,92.35616610003524,12.682464630992136,74.99043030965804,17.07569419104159,70.27872655158652,24.49011620870829
26.666666666666668,500.0,20.561475412279616,42.77581139119352,0.3037399981834165,56.947888135775045,59.54855169804455,1.5227202548656282,44.34573782095048,36.33570249394532,99.6,13.0,100.4,12.6,99.6,13.4,99.6,13.0,93.99960323636506,16.74585906597581,92.35616610003524,12.682464630992136,70.27872655158652,24.49011620870829,74.99043030965804,17.07569419104159
26.666666666666668,500.0,20.561475412279616,42.77581139119352,59.54855169804455,1.5227202548656282,44.34573782095048,36.33570249394532,0.3037399981834165,56.947888135775045,97.6,8.6,97.6,8.6,97.6,8.6,97.6,8.6,93.99960323636506,16.74585906597581,70.27872655158652,24.49011620870829,74.99043030965804,17.07569419104159,92.35616610003524,12.682464630992136
26.666666666666668,500.0,20.561475412279616,42.77581139119352,59.54855169804455,1.5227202548656282,0.3037399981834165,56.947888135775045,44.34573782095048,36.33570249394532,99.4,11.6,99.4,11.6,99.4,11.6,99.4,11.6,93.99960323636506,16.74585906597581,70.27872655158652,24.49011620870829,92.35616610003524,12.682464630992136,74.99043030965804,17.07569419104159
26.666666666666668,500.0,59.54855169804455,1.5227202548656282,44.34573782095048,36.33570249394532,0.3037399981834165,56.947888135775045,20.561475412279616,42.77581139119352,99.8,12.2,99.6,12.2,99.8,12.2,99.6,12.2,70.27872655158652,24.49011620870829,74.99043030965804,17.07569419104159,92.35616610003524,12.682464630992136,93.99960323636506,16.74585906597581
26.666666666666668,500.0,59.54855169804455,1.5227202548656282,44.34573782095048,36.33570249394532,20.561475412279616,42.77581139119352,0.3037399981834165,56.947888135775045,95.2,9.0,95.2,9.0,95.2,9.0,95.2,9.0,70.27872655158652,24.49011620870829,74.99043030965804,17.07569419104159,93.99960323636506,16.74585906597581,92.35616610003524,12.682464630992136
26.666666666666668,500.0,59.54855169804455,1.5227202548656282,0.3037399981834165,56.947888135775045,44.34573782095048,36.33570249394532,20.561475412279616,42.77581139119352,98.6,13.0,98.8,12.6,98.8,12.8,98.4,12.8,70.27872655158652,24.49011620870829,92.35616610003524,12.682464630992136,74.99043030965804,17.07569419104159,93.99960323636506,16.74585906597581
26.666666666666668,500.0,59.54855169804455,1.5227202548656282,0.3037399981834165,56.947888135775045,20.561475412279616,42.77581139119352,44.34573782095048,36.33570249394532,98.8,11.0,99.2,10.6,99.0,10.8,98.6,10.8,70.27872655158652,24.49011620870829,92.35616610003524,12.682464630992136,93.99960323636506,16.74585906597581,74.99043030965804,17.07569419104159
26.666666666666668,500.0,59.54855169804455,1.5227202548656282,20.561475412279616,42.77581139119352,44.34573782095048,36.33570249394532,0.3037399981834165,56.947888135775045,97.6,9.6,97.6,9.6,97.6,9.6,97.6,9.6,70.27872655158652,24.49011620870829,93.99960323636506,16.74585906597581,74.99043030965804,17.07569419104159,92.35616610003524,12.682464630992136
26.666666666666668,500.0,59.54855169804455,1.5227202548656282,20.561475412279616,42.77581139119352,0.3037399981834165,56.947888135775045,44.34573782095048,36.33570249394532,100.8,8.8,100.6,8.8,100.8,8.8,100.8,8.8,70.27872655158652,24.49011620870829,93.99960323636506,16.74585906597581,92.35616610003524,12.682464630992136,74.99043030965804,17.07569419104159
40.0,500.0,12.185706071055533,9.871360616351224,38.18921908201288,21.308982164732328,2.5780299027295883,43.858517242007046,58.72518985345108,37.79540027620673,103.2,27.6,103.2,27.6,103.2,27.0,102.0,27.0,107.61452802831204,44.28343155422677,91.1653124980279,32.93266156785461,106.14672737547204,18.84924005446331,73.58509956621093,25.38137520472302
40.0,500.0,12.185706071055533,9.871360616351224,58.72518985345108,37.79540027620673,38.18921908201288,21.308982164732328,2.5780299027295883,43.858517242007046,101.2,26.2,98.8,25.0,101.2,26.2,101.2,25.0,107.61452802831204,44.28343155422677,73.58509956621093,25.38137520472302,91.1653124980279,32.93266156785461,106.14672737547204,18.84924005446331
40.0,500.0,12.185706071055533,9.871360616351224,58.72518985345108,37.79540027620673,2.5780299027295883,43.858517242007046,38.18921908201288,21.308982164732328,103.6,29.8,100.8,28.4,103.6,28.4,103.6,29.8,107.61452802831204,44.28343155422677,73.58509956621093,25.38137520472302,106.14672737547204,18.84924005446331,91.1653124980279,32.93266156785461
40.0,500.0,12.185706071055533,9.871360616351224,2.5780299027295883,43.858517242007046,38.18921908201288,21.308982164732328,58.72518985345108,37.79540027620673,101.8,27.6,101.8,26.4,101.8,27.6,99.4,26.4,107.61452802831204,44.28343155422677,106.14672737547204,18.84924005446331,91.1653124980279,32.93266156785461,73.58509956621093,25.38137520472302
40.0,500.0,12.185706071055533,9.871360616351224,2.5780299027295883,43.858517242007046,58.72518985345108,37.79540027620673,38.18921908201288,21.308982164732328,102.2,27.0,102.2,26.4,101.0,26.4,102.2,27.0,107.61452802831204,44.28343155422677,106.14672737547204,18.84924005446331,73.58509956621093,25.38137520472302,91.1653124980279,32.93266156785461
40.0,500.0,38.18921908201288,21.308982164732328,12.185706071055533,9.871360616351224,58.72518985345108,37.79540027620673,2.5780299027295883,43.858517242007046,101.4,24.8,101.4,24.8,99.8,24.0,101.4,24.0,91.1653124980279,32.93266156785461,107.61452802831204,44.28343155422677,73.58509956621093,25.38137520472302,106.14672737547204,18.84924005446331
40.0,500.0,38.18921908201288,21.308982164732328,12.185706071055533,9.871360616351224,2.5780299027295883,43.858517242007046,58.72518985345108,37.79540027620673,101.0,27.2,101.6,27.4,101.2,26.0,99.4,26.0,91.1653124980279,32.93266156785461,107.61452802831204,44.28343155422677,106.14672737547204,18.84924005446331,73.58509956621093,25.38137520472302
40.0,500.0,38.18921908201288,21.308982164732328,58.72518985345108,37.79540027620673,12.185706071055533,9.871360616351224,2.5780299027295883,43.858517242007046,101.0,24.4,99.4,23.6,101.0,24.4,101.0,23.6,91.1653124980279,32.93266156785461,73.58509956621093,25.38137520472302,107.61452802831204,44.28343155422677,106.14672737547204,18.84924005446331
40.0,500.0,38.18921908201288,21.308982164732328,58.72518985345108,37.79540027620673,2.5780299027295883,43.858517242007046,12.185706071055533,9.871360616351224,102.8,27.0,99.6,25.4,102.8,25.4,102.6,27.0,91.1653124980279,32.93266156785461,73.58509956621093,25.38137520472302,106.14672737547204,18.84924005446331,107.61452802831204,44.28343155422677
40.0,500.0,38.18921908201288,21.308982164732328,2.5780299027295883,43.858517242007046,12.185706071055533,9.871360616351224,58.72518985345108,37.79540027620673,101.0,27.2,101.2,26.4,101.6,27.8,100.4,26.4,91.1653124980279,32.93266156785461,106.14672737547204,18.84924005446331,107.61452802831204,44.28343155422677,73.58509956621093,25.38137520472302
40.0,500.0,38.18921908201288,21.308982164732328,2.5780299027295883,43.858517242007046,58.72518985345108,37.79540027620673,12.185706071055533,9.871360616351224,102.6,26.6,102.6,25.8,101.0,25.8,102.4,26.6,91.1653124980279,32.93266156785461,106.14672737547204,18.84924005446331,73.58509956621093,25.38137520472302,107.61452802831204,44.28343155422677
40.0,500.0,58.72518985345108,37.79540027620673,12.185706071055533,9.871360616351224,38.18921908201288,21.308982164732328,2.5780299027295883,43.858517242007046,100.0,23.2,100.4,23.4,100.4,23.4,100.4,23.2,73.58509956621093,25.38137520472302,107.61452802831204,44.28343155422677,91.1653124980279,32.93266156785461,106.14672737547204,18.84924005446331
40.0,500.0,58.72518985345108,37.79540027620673,12.185706071055533,9.871360616351224,2.5780299027295883,43.858517242007046,38.18921908201288,21.308982164732328,98.4,22.8,100.0,23.4,100.0,22.8,100.0,23.4,73.58509956621093,25.38137520472302,107.61452802831204,44.28343155422677,106.14672737547204,18.84924005446331,91.1653124980279,32.93266156785461
40.0,500.0,58.72518985345108,37.79540027620673,38.18921908201288,21.308982164732328,12.185706071055533,9.871360616351224,2.5780299027295883,43.858517242007046,100.6,26.8,102.8,27.8,102.8,27.8,102.8,26.8,73.58509956621093,25.38137520472302,91.1653124980279,32.93266156785461,107.61452802831204,44.28343155422677,106.14672737547204,18.84924005446331
40.0,500.0,58.72518985345108,37.79540027620673,38.18921908201288,21.308982164732328,2.5780299027295883,43.858517242007046,12.185706071055533,9.871360616351224,100.4,25.0,102.4,26.0,102.4,25.0,102.4,26.0,73.58509956621093,25.38137520472302,91.1653124980279,32.93266156785461,106.14672737547204,18.84924005446331,107.61452802831204,44.28343155422677
40.0,500.0,58.72518985345108,37.79540027620673,2.5780299027295883,43.858517242007046,12.185706071055533,9.871360616351224,38.18921908201288,21.308982164732328,99.6,26.4,100.8,26.4,100.8,27.0,100.8,27.0,73.58509956621093,25.38137520472302,106.14672737547204,18.84924005446331,107.61452802831204,44.28343155422677,91.1653124980279,32.93266156785461
40.0,500.0,58.72518985345108,37.79540027620673,2.5780299027295883,43.858517242007046,38.18921908201288,21.308982164732328,12.185706071055533,9.871360616351224,101.6,26.2,104.0,26.2,104.0,27.4,104.0,27.4,73.58509956621093,25.38137520472302,106.14672737547204,18.84924005446331,91.1653124980279,32.93266156785461,107.61452802831204,44.28343155422677
40.0,500.0,2.5780299027295883,43.858517242007046,12.185706071055533,9.871360616351224,38.18921908201288,21.308982164732328,58.72518985345108,37.79540027620673,102.4,28.4,102.4,29.8,102.4,29.8,99.6,28.4,106.14672737547204,18.84924005446331,107.61452802831204,44.28343155422677,91.1653124980279,32.93266156785461,73.58509956621093,25.38137520472302
40.0,500.0,2.5780299027295883,43.858517242007046,12.185706071055533,9.871360616351224,58.72518985345108,37.79540027620673,38.18921908201288,21.308982164732328,102.2,25.0,102.2,26.4,100.0,25.0,101.6,26.2,106.14672737547204,18.84924005446331,107.61452802831204,44.28343155422677,73.58509956621093,25.38137520472302,91.1653124980279,32.93266156785461
40.0,500.0,2.5780299027295883,43.858517242007046,38.18921908201288,21.308982164732328,12.185706071055533,9.871360616351224,58.72518985345108,37.79540027620673,102.2,26.6,102.2,28.0,102.0,28.0,99.4,26.6,106.14672737547204,18.84924005446331,91.1653124980279,32.93266156785461,107.61452802831204,44.28343155422677,73.58509956621093,25.38137520472302
40.0,500.0,2.5780299027295883,43.858517242007046,38.18921908201288,21.308982164732328,58.72518985345108,37.79540027620673,12.185706071055533,9.871360616351224,102.0,27.4,102.0,28.8,99.2,27.4,102.0,28.8,106.14672737547204,18.84924005446331,91.1653124980279,32.93266156785461,73.58509956621093,25.38137520472302,107.61452802831204,44.28343155422677
40.0,500.0,2.5780299027295883,43.858517242007046,58.72518985345108,37.79540027620673,12.185706071055533,9.871360616351224,38.18921908201288,21.308982164732328,101.0,26.2,99.0,26.2,101.0,27.2,101.0,27.2,106.14672737547204,18.84924005446331,73.58509956621093,25.38137520472302,107.61452802831204,44.28343155422677,91.1653124980279,32.93266156785461
40.0,500.0,2.5780299027295883,43.858517242007046,58.72518985345108,37.79540027620673,38.18921908201288,21.308982164732328,12.185706071055533,9.871360616351224,103.4,27.2,101.8,27.2,103.4,28.0,103.4,28.0,106.14672737547204,18.84924005446331,73.58509956621093,25.38137520472302,91.1653124980279,32.93266156785461,107.61452802831204,44.28343155422677
40.0,500.0,35.82627493799728,53.58846969708266,43.20819699126219,7.507231169927746,12.730123982247626,51.94818559507895,11.735130422584266,27.941518173983763,70.8,13.6,70.8,16.0,70.2,13.6,69.6,14.8,73.69735258443183,21.29433781526676,82.34846283664544,30.882429026693487,77.82075685951091,17.635490955125462,80.5331165648328,24.29500304366644
40.0,500.0,35.82627493799728,53.58846969708266,11.735130422584266,27.941518173983763,43.20819699126219,7.507231169927746,12.730123982247626,51.94818559507895,69.2,9.2,67.8,10.6,69.2,12.0,68.4,9.2,73.69735258443183,21.29433781526676,80.5331165648328,24.29500304366644,82.34846283664544,30.882429026693487,77.82075685951091,17.635490955125462
40.0,500.0,35.82627493799728,53.58846969708266,11.735130422584266,27.941518173983763,12.730123982247626,51.94818559507895,43.20819699126219,7.507231169927746,70.6,9.8,69.2,11.2,70.4,9.8,70.6,12.6,73.69735258443183,21.29433781526676,80.5331165648328,24.29500304366644,77.82075685951091,17.635490955125462,82.34846283664544,30.882429026693487
40.0,500.0,35.82627493799728,53.58846969708266,12.730123982247626,51.94818559507895,43.20819699126219,7.507231169927746,11.735130422584266,27.941518173983763,68.2,11.2,68.0,11.2,68.2,12.0,67.8,11.6,73.69735258443183,21.29433781526676,77.82075685951091,17.635490955125462,82.34846283664544,30.882429026693487,80.5331165648328,24.29500304366644
40.0,500.0,35.82627493799728,53.58846969708266,12.730123982247626,51.94818559507895,11.735130422584266,27.941518173983763,43.20819699126219,7.507231169927746,69.4,10.4,68.6,10.4,68.0,11.8,69.4,13.2,73.69735258443183,21.29433781526676,77.82075685951091,17.635490955125462,80.5331165648328,24.29500304366644,82.34846283664544,30.882429026693487
40.0,500.0,43.20819699126219,7.507231169927746,35.82627493799728,53.58846969708266,11.735130422584266,27.941518173983763,12.730123982247626,51.94818559507895,72.2,13.4,72.2,12.2,71.6,12.8,72.0,12.2,82.34846283664544,30.882429026693487,73.69735258443183,21.29433781526676,80.5331165648328,24.29500304366644,77.82075685951091,17.635490955125462
40.0,500.0,43.20819699126219,7.507231169927746,35.82627493799728,53.58846969708266,12.730123982247626,51.94818559507895,11.735130422584266,27.941518173983763,68.4,11.2,68.4,9.6,68.2,9.6,67.6,10.4,82.34846283664544,30.882429026693487,73.69735258443183,21.29433781526676,77.82075685951091,17.635490955125462,80.5331165648328,24.29500304366644
40.0,500.0,43.20819699126219,7.507231169927746,11.735130422584266,27.941518173983763,35.82627493799728,53.58846969708266,12.730123982247626,51.94818559507895,70.8,13.8,70.0,13.0,70.8,12.2,70.6,12.2,82.34846283664544,30.882429026693487,80.5331165648328,24.29500304366644,73.69735258443183,21.29433781526676,77.82075685951091,17.635490955125462
40.0,500.0,43.20819699126219,7.507231169927746,11.735130422584266,27.941518173983763,12.730123982247626,51.94818559507895,35.82627493799728,53.58846969708266,69.4,12.0,68.8,11.4,69.0,10.8,69.4,10.8,82.34846283664544,30.882429026693487,80.5331165648328,24.29500304366644,77.82075685951091,17.635490955125462,73.69735258443183,21.29433781526676
40.0,500.0,43.20819699126219,7.507231169927746,12.730123982247626,51.94818559507895,35.82627493799728,53.58846969708266,11.735130422584266,27.941518173983763,69.2,12.6,69.2,10.2,69.2,10.2,68.0,11.4,82.34846283664544,30.882429026693487,77.82075685951091,17.635490955125462,73.69735258443183,21.29433781526676,80.5331165648328,24.29500304366644
40.0,500.0,43.20819699126219,7.507231169927746,12.730123982247626,51.94818559507895,11.735130422584266,27.941518173983763,35.82627493799728,53.58846969708266,69.4,14.0,69.0,11.6,68.2,12.8,69.4,11.6,82.34846283664544,30.882429026693487,77.82075685951091,17.635490955125462,80.5331165648328,24.29500304366644,73.69735258443183,21.29433781526676
40.0,500.0,11.735130422584266,27.941518173983763,35.82627493799728,53.58846969708266,43.20819699126219,7.507231169927746,12.730123982247626,51.94818559507895,66.0,9.6,67.4,8.2,67.4,11.0,66.6,8.2,80.5331165648328,24.29500304366644,73.69735258443183,21.29433781526676,82.34846283664544,30.882429026693487,77.82075685951091,17.635490955125462
40.0,500.0,11.735130422584266,27.941518173983763,35.82627493799728,53.58846969708266,12.730123982247626,51.94818559507895,43.20819699126219,7.507231169927746,69.2,11.2,70.0,10.0,69.8,10.0,70.0,12.4,80.5331165648328,24.29500304366644,73.69735258443183,21.29433781526676,77.82075685951091,17.635490955125462,82.34846283664544,30.882429026693487
40.0,500.0,11.735130422584266,27.941518173983763,43.20819699126219,7.507231169927746,35.82627493799728,53.58846969708266,12.730123982247626,51.94818559507895,68.4,9.2,69.6,10.4,69.4,8.0,69.2,8.0,80.5331165648328,24.29500304366644,82.34846283664544,30.882429026693487,73.69735258443183,21.29433781526676,77.82075685951091,17.635490955125462
40.0,500.0,11.735130422584266,27.941518173983763,43.20819699126219,7.507231169927746,12.730123982247626,51.94818559507895,35.82627493799728,53.58846969708266,70.6,13.8,72.0,15.4,71.4,12.2,72.0,12.2,80.5331165648328,24.29500304366644,82.34846283664544,30.882429026693487,77.82075685951091,17.635490955125462,73.69735258443183,21.29433781526676
40.0,500.0,11.735130422584266,27.941518173983763,12.730123982247626,51.94818559507895,35.82627493799728,53.58846969708266,43.20819699126219,7.507231169927746,67.4,10.2,68.0,9.2,68.4,9.2,68.4,11.2,80.5331165648328,24.29500304366644,77.82075685951091,17.635490955125462,73.69735258443183,21.29433781526676,82.34846283664544,30.882429026693487
40.0,500.0,11.735130422584266,27.941518173983763,12.730123982247626,51.94818559507895,43.20819699126219,7.507231169927746,35.82627493799728,53.58846969708266,65.8,7.0,66.4,6.2,66.6,7.8,66.6,6.2,80.5331165648328,24.29500304366644,77.82075685951091,17.635490955125462,82.34846283664544,30.882429026693487,73.69735258443183,21.29433781526676
40.0,500.0,12.730123982247626,51.94818559507895,35.82627493799728,53.58846969708266,43.20819699126219,7.507231169927746,11.735130422584266,27.941518173983763,69.4,7.8,69.4,7.8,69.4,8.2,69.2,8.0,77.82075685951091,17.635490955125462,73.69735258443183,21.29433781526676,82.34846283664544,30.882429026693487,80.5331165648328,24.29500304366644
40.0,500.0,12.730123982247626,51.94818559507895,35.82627493799728,53.58846969708266,11.735130422584266,27.941518173983763,43.20819699126219,7.507231169927746,70.4,8.6,70.8,8.6,70.2,9.2,70.6,9.8,77.82075685951091,17.635490955125462,73.69735258443183,21.29433781526676,80.5331165648328,24.29500304366644,82.34846283664544,30.882429026693487
40.0,500.0,12.730123982247626,51.94818559507895,43.20819699126219,7.507231169927746,35.82627493799728,53.58846969708266,11.735130422584266,27.941518173983763,67.8,10.2,68.8,13.4,68.8,10.2,67.2,11.8,77.82075685951091,17.635490955125462,82.34846283664544,30.882429026693487,73.69735258443183,21.29433781526676,80.5331165648328,24.29500304366644
40.0,500.0,12.730123982247626,51.94818559507895,43.20819699126219,7.507231169927746,11.735130422584266,27.941518173983763,35.82627493799728,53.58846969708266,65.0,7.6,65.4,8.8,64.8,8.2,65.4,7.6,77.82075685951091,17.635490955125462,82.34846283664544,30.882429026693487,80.5331165648328,24.29500304366644,73.69735258443183,21.29433781526676
40.0,500.0,12.730123982247626,51.94818559507895,11.735130422584266,27.941518173983763,35.82627493799728,53.58846969708266,43.20819699126219,7.507231169927746,70.4,9.8,69.4,11.0,70.6,9.8,70.6,12.2,77.82075685951091,17.635490955125462,80.5331165648328,24.29500304366644,73.69735258443183,21.29433781526676,82.34846283664544,30.882429026693487
40.0,500.0,12.730123982247626,51.94818559507895,11.735130422584266,27.941518173983763,43.20819699126219,7.507231169927746,35.82627493799728,53.58846969708266,70.0,7.6,69.4,8.8,70.6,10.0,70.6,7.6,77.82075685951091,17.635490955125462,80.5331165648328,24.29500304366644,82.34846283664544,30.882429026693487,73.69735258443183,21.29433781526676
40.0,500.0,54.54792674276843,52.36671813014358,26.083593019704068,55.73514920181355,53.37758006349498,9.829793063811872,7.387638858235346,41.06335839119891,99.0,35.6,99.0,35.6,99.0,36.8,99.6,36.2,91.32318441282588,28.83542493251092,104.81934087763813,24.569333820298404,104.5087718597736,37.50875858667751,92.3083239407634,28.913360399144096
40.0,500.0,54.54792674276843,52.36671813014358,7.387638858235346,41.06335839119891,26.083593019704068,55.73514920181355,53.37758006349498,9.829793063811872,97.8,33.2,98.2,33.8,97.6,33.2,97.6,34.4,91.32318441282588,28.83542493251092,92.3083239407634,28.913360399144096,104.81934087763813,24.569333820298404,104.5087718597736,37.50875858667751
40.0,500.0,54.54792674276843,52.36671813014358,7.387638858235346,41.06335839119891,53.37758006349498,9.829793063811872,26.083593019704068,55.73514920181355,95.2,35.4,96.0,36.0,95.2,36.6,95.2,35.4,91.32318441282588,28.83542493251092,92.3083239407634,28.913360399144096,104.5087718597736,37.50875858667751,104.81934087763813,24.569333820298404
40.0,500.0,54.54792674276843,52.36671813014358,53.37758006349498,9.829793063811872,26.083593019704068,55.73514920181355,7.387638858235346,41.06335839119891,98.0,36.0,98.0,37.2,98.0,36.0,98.6,36.6,91.32318441282588,28.83542493251092,104.5087718597736,37.50875858667751,104.81934087763813,24.569333820298404,92.3083239407634,28.913360399144096
40.0,500.0,54.54792674276843,52.36671813014358,53.37758006349498,9.829793063811872,7.387638858235346,41.06335839119891,26.083593019704068,55.73514920181355,97.2,35.6,97.8,36.0,97.8,35.8,97.8,35.6,91.32318441282588,28.83542493251092,104.5087718597736,37.50875858667751,92.3083239407634,28.913360399144096,104.81934087763813,24.569333820298404
40.0,500.0,26.083593019704068,55.73514920181355,54.54792674276843,52.36671813014358,7.387638858235346,41.06335839119891,53.37758006349498,9.829793063811872,99.0,36.6,99.0,36.6,98.0,36.6,99.0,36.6,104.81934087763813,24.569333820298404,91.32318441282588,28.83542493251092,92.3083239407634,28.913360399144096,104.5087718597736,37.50875858667751
40.0,500.0,26.083593019704068,55.73514920181355,54.54792674276843,52.36671813014358,53.37758006349498,9.829793063811872,7.387638858235346,41.06335839119891,99.2,35.6,99.2,35.6,99.2,36.0,99.2,35.8,104.81934087763813,24.569333820298404,91.32318441282588,28.83542493251092,104.5087718597736,37.50875858667751,92.3083239407634,28.913360399144096
40.0,500.0,26.083593019704068,55.73514920181355,7.387638858235346,41.06335839119891,54.54792674276843,52.36671813014358,53.37758006349498,9.829793063811872,96.6,34.2,96.8,34.8,96.6,34.2,96.6,35.4,104.81934087763813,24.569333820298404,92.3083239407634,28.913360399144096,91.32318441282588,28.83542493251092,104.5087718597736,37.50875858667751
40.0,500.0,26.083593019704068,55.73514920181355,7.387638858235346,41.06335839119891,53.37758006349498,9.829793063811872,54.54792674276843,52.36671813014358,98.8,36.0,99.0,36.4,98.8,36.8,98.8,36.0,104.81934087763813,24.569333820298404,92.3083239407634,28.913360399144096,104.5087718597736,37.50875858667751,91.32318441282588,28.83542493251092
40.0,500.0,26.083593019704068,55.73514920181355,53.37758006349498,9.829793063811872,54.54792674276843,52.36671813014358,7.387638858235346,41.06335839119891,96.8,36.0,96.8,37.6,96.8,36.0,97.4,36.8,104.81934087763813,24.569333820298404,104.5087718597736,37.50875858667751,91.32318441282588,28.83542493251092,92.3083239407634,28.913360399144096
40.0,500.0,26.083593019704068,55.73514920181355,53.37758006349498,9.829793063811872,7.387638858235346,41.06335839119891,54.54792674276843,52.36671813014358,95.8,36.2,95.8,37.8,97.2,37.0,95.8,36.2,104.81934087763813,24.569333820298404,104.5087718597736,37.50875858667751,92.3083239407634,28.913360399144096,91.32318441282588,28.83542493251092
40.0,500.0,7.387638858235346,41.06335839119891,54.54792674276843,52.36671813014358,26.083593019704068,55.73514920181355,53.37758006349498,9.829793063811872,96.0,36.4,95.6,36.0,95.6,36.0,95.6,36.8,92.3083239407634,28.913360399144096,91.32318441282588,28.83542493251092,104.81934087763813,24.569333820298404,104.5087718597736,37.50875858667751
40.0,500.0,7.387638858235346,41.06335839119891,54.54792674276843,52.36671813014358,53.37758006349498,9.829793063811872,26.083593019704068,55.73514920181355,96.2,36.0,96.0,35.2,96.0,36.8,96.0,35.2,92.3083239407634,28.913360399144096,91.32318441282588,28.83542493251092,104.5087718597736,37.50875858667751,104.81934087763813,24.569333820298404
40.0,500.0,7.387638858235346,41.06335839119891,26.083593019704068,55.73514920181355,54.54792674276843,52.36671813014358,53.37758006349498,9.829793063811872,98.4,36.0,98.2,35.6,98.2,35.6,98.2,36.4,92.3083239407634,28.913360399144096,104.81934087763813,24.569333820298404,91.32318441282588,28.83542493251092,104.5087718597736,37.50875858667751
40.0,500.0,7.387638858235346,41.06335839119891,26.083593019704068,55.73514920181355,53.37758006349498,9.829793063811872,54.54792674276843,52.36671813014358,99.6,37.4,99.6,37.2,99.6,37.6,99.6,37.2,92.3083239407634,28.913360399144096,104.81934087763813,24.569333820298404,104.5087718597736,37.50875858667751,91.32318441282588,28.83542493251092
40.0,500.0,7.387638858235346,41.06335839119891,53.37758006349498,9.829793063811872,54.54792674276843,52.36671813014358,26.083593019704068,55.73514920181355,96.4,34.8,96.4,35.6,96.4,34.0,96.4,34.4,92.3083239407634,28.913360399144096,104.5087718597736,37.50875858667751,91.32318441282588,28.83542493251092,104.81934087763813,24.569333820298404
40.0,500.0,7.387638858235346,41.06335839119891,53.37758006349498,9.829793063811872,26.083593019704068,55.73514920181355,54.54792674276843,52.36671813014358,96.6,36.2,95.8,36.8,95.8,35.6,95.8,35.6,92.3083239407634,28.913360399144096,104.5087718597736,37.50875858667751,104.81934087763813,24.569333820298404,91.32318441282588,28.83542493251092
40.0,500.0,53.37758006349498,9.829793063811872,54.54792674276843,52.36671813014358,26.083593019704068,55.73514920181355,7.387638858235346,41.06335839119891,97.8,39.0,97.8,38.6,97.8,38.6,98.0,38.8,104.5087718597736,37.50875858667751,91.32318441282588,28.83542493251092,104.81934087763813,24.569333820298404,92.3083239407634,28.913360399144096
40.0,500.0,53.37758006349498,9.829793063811872,54.54792674276843,52.36671813014358,7.387638858235346,41.06335839119891,26.083593019704068,55.73514920181355,98.2,36.2,98.2,35.0,98.6,35.6,98.2,35.0,104.5087718597736,37.50875858667751,91.32318441282588,28.83542493251092,92.3083239407634,28.913360399144096,104.81934087763813,24.569333820298404
40.0,500.0,53.37758006349498,9.829793063811872,26.083593019704068,55.73514920181355,54.54792674276843,52.36671813014358,7.387638858235346,41.06335839119891,95.8,37.2,96.2,35.0,95.6,35.0,97.0,36.0,104.5087718597736,37.50875858667751,104.81934087763813,24.569333820298404,91.32318441282588,28.83542493251092,92.3083239407634,28.913360399144096
40.0,500.0,53.37758006349498,9.829793063811872,26.083593019704068,55.73514920181355,7.387638858235346,41.06335839119891,54.54792674276843,52.36671813014358,96.6,36.4,96.6,35.2,97.4,35.8,96.6,35.2,104.5087718597736,37.50875858667751,104.81934087763813,24.569333820298404,92.3083239407634,28.913360399144096,91.32318441282588,28.83542493251092
40.0,500.0,53.37758006349498,9.829793063811872,7.387638858235346,41.06335839119891,54.54792674276843,52.36671813014358,26.083593019704068,55.73514920181355,97.4,35.2,97.4,34.8,97.4,34.4,97.4,34.4,104.5087718597736,37.50875858667751,92.3083239407634,28.913360399144096,91.32318441282588,28.83542493251092,104.81934087763813,24.569333820298404
40.0,500.0,53.37758006349498,9.829793063811872,7.387638858235346,41.06335839119891,26.083593019704068,55.73514920181355,54.54792674276843,52.36671813014358,98.4,37.0,98.2,36.8,98.2,36.6,98.4,36.6,104.5087718597736,37.50875858667751,92.3083239407634,28.913360399144096,104.81934087763813,24.569333820298404,91.32318441282588,28.83542493251092
40.0,500.0,56.55109035401546,42.16580384118928,1.3107137636651212,1.4520721328146746,25.28609564503224,25.513188285786125,28.47421354476287,46.709608125055446,88.8,46.4,90.6,48.2,90.4,47.0,90.4,46.4,89.99579718264499,9.541891725748393,116.45621138137308,36.65019030362183,116.03015868213905,22.89897388872131,112.02980347003756,7.046694463151091
40.0,500.0,56.55109035401546,42.16580384118928,28.47421354476287,46.709608125055446,1.3107137636651212,1.4520721328146746,25.28609564503224,25.513188285786125,86.8,47.6,87.8,47.6,87.8,49.4,87.8,48.2,89.99579718264499,9.541891725748393,112.02980347003756,7.046694463151091,116.45621138137308,36.65019030362183,116.03015868213905,22.89897388872131
40.0,500.0,56.55109035401546,42.16580384118928,28.47421354476287,46.709608125055446,25.28609564503224,25.513188285786125,1.3107137636651212,1.4520721328146746,86.0,50.8,87.8,50.8,87.8,51.6,88.2,53.2,89.99579718264499,9.541891725748393,112.02980347003756,7.046694463151091,116.03015868213905,22.89897388872131,116.45621138137308,36.65019030362183
40.0,500.0,56.55109035401546,42.16580384118928,25.28609564503224,25.513188285786125,1.3107137636651212,1.4520721328146746,28.47421354476287,46.709608125055446,88.0,50.4,89.2,50.6,89.8,51.0,89.2,50.4,89.99579718264499,9.541891725748393,116.03015868213905,22.89897388872131,116.45621138137308,36.65019030362183,112.02980347003756,7.046694463151091
40.0,500.0,56.55109035401546,42.16580384118928,25.28609564503224,25.513188285786125,28.47421354476287,46.709608125055446,1.3107137636651212,1.4520721328146746,90.6,48.2,91.6,48.6,91.6,48.2,92.2,49.4,89.99579718264499,9.541891725748393,116.03015868213905,22.89897388872131,112.02980347003756,7.046694463151091,116.45621138137308,36.65019030362183
40.0,500.0,1.3107137636651212,1.4520721328146746,56.55109035401546,42.16580384118928,28.47421354476287,46.709608125055446,25.28609564503224,25.513188285786125,87.6,50.0,85.2,48.2,87.2,48.2,87.2,48.8,116.45621138137308,36.65019030362183,89.99579718264499,9.541891725748393,112.02980347003756,7.046694463151091,116.03015868213905,22.89897388872131
40.0,500.0,1.3107137636651212,1.4520721328146746,56.55109035401546,42.16580384118928,25.28609564503224,25.513188285786125,28.47421354476287,46.709608125055446,89.0,51.0,87.0,48.6,88.6,49.4,88.6,48.6,116.45621138137308,36.65019030362183,89.99579718264499,9.541891725748393,116.03015868213905,22.89897388872131,112.02980347003756,7.046694463151091
40.0,500.0,1.3107137636651212,1.4520721328146746,28.47421354476287,46.709608125055446,56.55109035401546,42.16580384118928,25.28609564503224,25.513188285786125,87.8,52.6,87.8,48.4,86.0,48.4,87.8,49.8,116.45621138137308,36.65019030362183,112.02980347003756,7.046694463151091,89.99579718264499,9.541891725748393,116.03015868213905,22.89897388872131
40.0,500.0,1.3107137636651212,1.4520721328146746,28.47421354476287,46.709608125055446,25.28609564503224,25.513188285786125,56.55109035401546,42.16580384118928,88.6,49.4,88.6,48.4,88.6,49.8,86.0,48.4,116.45621138137308,36.65019030362183,112.02980347003756,7.046694463151091,116.03015868213905,22.89897388872131,89.99579718264499,9.541891725748393
40.0,500.0,1.3107137636651212,1.4520721328146746,25.28609564503224,25.513188285786125,56.55109035401546,42.16580384118928,28.47421354476287,46.709608125055446,91.6,47.2,91.6,44.4,89.6,43.0,91.6,43.0,116.45621138137308,36.65019030362183,116.03015868213905,22.89897388872131,89.99579718264499,9.541891725748393,112.02980347003756,7.046694463151091
40.0,500.0,1.3107137636651212,1.4520721328146746,25.28609564503224,25.513188285786125,28.47421354476287,46.709608125055446,56.55109035401546,42.16580384118928,90.4,51.4,89.8,49.8,89.8,49.0,87.8,49.0,116.45621138137308,36.65019030362183,116.03015868213905,22.89897388872131,112.02980347003756,7.046694463151091,89.99579718264499,9.541891725748393
40.0,500.0,28.47421354476287,46.709608125055446,56.55109035401546,42.16580384118928,1.3107137636651212,1.4520721328146746,25.28609564503224,25.513188285786125,85.4,51.8,83.8,51.8,85.8,55.4,85.4,53.0,112.02980347003756,7.046694463151091,89.99579718264499,9.541891725748393,116.45621138137308,36.65019030362183,116.03015868213905,22.89897388872131
40.0,500.0,28.47421354476287,46.709608125055446,56.55109035401546,42.16580384118928,25.28609564503224,25.513188285786125,1.3107137636651212,1.4520721328146746,91.8,49.8,90.4,49.8,91.8,50.4,92.6,51.6,112.02980347003756,7.046694463151091,89.99579718264499,9.541891725748393,116.03015868213905,22.89897388872131,116.45621138137308,36.65019030362183
40.0,500.0,28.47421354476287,46.709608125055446,1.3107137636651212,1.4520721328146746,56.55109035401546,42.16580384118928,25.28609564503224,25.513188285786125,89.8,50.0,90.0,54.2,87.8,50.0,89.8,51.4,112.02980347003756,7.046694463151091,116.45621138137308,36.65019030362183,89.99579718264499,9.541891725748393,116.03015868213905,22.89897388872131
40.0,500.0,28.47421354476287,46.709608125055446,1.3107137636651212,1.4520721328146746,25.28609564503224,25.513188285786125,56.55109035401546,42.16580384118928,90.0,50.0,90.4,50.6,90.0,50.2,89.2,50.0,112.02980347003756,7.046694463151091,116.45621138137308,36.65019030362183,116.03015868213905,22.89897388872131,89.99579718264499,9.541891725748393
40.0,500.0,28.47421354476287,46.709608125055446,25.28609564503224,25.513188285786125,56.55109035401546,42.16580384118928,1.3107137636651212,1.4520721328146746,88.6,51.6,88.6,51.8,87.6,51.6,88.6,52.2,112.02980347003756,7.046694463151091,116.03015868213905,22.89897388872131,89.99579718264499,9.541891725748393,116.45621138137308,36.65019030362183
40.0,500.0,28.47421354476287,46.709608125055446,25.28609564503224,25.513188285786125,1.3107137636651212,1.4520721328146746,56.55109035401546,42.16580384118928,91.4,47.4,91.4,48.6,92.0,51.0,89.8,47.4,112.02980347003756,7.046694463151091,116.03015868213905,22.89897388872131,116.45621138137308,36.65019030362183,89.99579718264499,9.541891725748393
40.0,500.0,25.28609564503224,25.513188285786125,56.55109035401546,42.16580384118928,1.3107137636651212,1.4520721328146746,28.47421354476287,46.709608125055446,85.2,51.4,83.6,50.8,85.6,52.6,85.2,50.8,116.03015868213905,22.89897388872131,89.99579718264499,9.541891725748393,116.45621138137308,36.65019030362183,112.02980347003756,7.046694463151091
40.0,500.0,25.28609564503224,25.513188285786125,56.55109035401546,42.16580384118928,28.47421354476287,46.709608125055446,1.3107137636651212,1.4520721328146746,89.8,49.0,88.4,48.4,89.8,48.4,90.8,50.2,116.03015868213905,22.89897388872131,89.99579718264499,9.541891725748393,112.02980347003756,7.046694463151091,116.45621138137308,36.65019030362183
40.0,500.0,25.28609564503224,25.513188285786125,1.3107137636651212,1.4520721328146746,56.55109035401546,42.16580384118928,28.47421354476287,46.709608125055446,87.8,50.8,88.4,52.4,86.0,49.6,87.6,49.8,116.03015868213905,22.89897388872131,116.45621138137308,36.65019030362183,89.99579718264499,9.541891725748393,112.02980347003756,7.046694463151091
40.0,500.0,25.28609564503224,25.513188285786125,1.3107137636651212,1.4520721328146746,28.47421354476287,46.709608125055446,56.55109035401546,42.16580384118928,91.0,46.8,91.4,48.4,91.0,46.0,89.6,46.0,116.03015868213905,22.89897388872131,116.45621138137308,36.65019030362183,112.02980347003756,7.046694463151091,89.99579718264499,9.541891725748393
40.0,500.0,25.28609564503224,25.513188285786125,28.47421354476287,46.709608125055446,56.55109035401546,42.16580384118928,1.3107137636651212,1.4520721328146746,87.2,51.2,87.2,50.8,86.0,50.8,88.6,52.0,116.03015868213905,22.89897388872131,112.02980347003756,7.046694463151091,89.99579718264499,9.541891725748393,116.45621138137308,36.65019030362183
40.0,500.0,25.28609564503224,25.513188285786125,28.47421354476287,46.709608125055446,1.3107137636651212,1.4520721328146746,56.55109035401546,42.16580384118928,88.4,49.8,88.4,49.6,88.6,50.2,87.4,49.6,116.03015868213905,22.89897388872131,112.02980347003756,7.046694463151091,116.45621138137308,36.65019030362183,89.99579718264499,9.541891725748393
40.0,500.0,26.29761949961138,10.622057669513667,8.159263100887744,35.044372623225776,51.436652017042434,17.332232140959412,56.50747002159251,44.56407627355854,110.8,24.0,111.4,23.4,110.8,24.0,109.4,23.4,99.12560688577796,38.16511468619647,109.6224675743691,21.229188988422973,87.7383326067002,32.72526922662255,79.61742801725457,15.73302033542144
40.0,500.0,26.29761949961138,10.622057669513667,56.50747002159251,44.56407627355854,8.159263100887744,35.044372623225776,51.436652017042434,17.332232140959412,115.0,23.4,114.2,23.0,115.4,23.0,115.0,23.4,99.12560688577796,38.16511468619647,79.61742801725457,15.73302033542144,109.6224675743691,21.229188988422973,87.7383326067002,32.72526922662255
40.0,500.0,26.29761949961138,10.622057669513667,56.50747002159251,44.56407627355854,51.436652017042434,17.332232140959412,8.159263100887744,35.044372623225776,110.2,25.8,109.2,25.4,110.2,25.8,110.2,25.4,99.12560688577796,38.16511468619647,79.61742801725457,15.73302033542144,87.7383326067002,32.72526922662255,109.6224675743691,21.229188988422973
40.0,500.0,26.29761949961138,10.622057669513667,51.436652017042434,17.332232140959412,8.159263100887744,35.044372623225776,56.50747002159251,44.56407627355854,113.2,24.0,113.2,24.0,113.8,23.4,112.2,23.4,99.12560688577796,38.16511468619647,87.7383326067002,32.72526922662255,109.6224675743691,21.229188988422973,79.61742801725457,15.73302033542144
40.0,500.0,26.29761949961138,10.622057669513667,51.436652017042434,17.332232140959412,56.50747002159251,44.56407627355854,8.159263100887744,35.044372623225776,111.8,25.2,111.8,25.2,110.2,24.4,112.6,24.4,99.12560688577796,38.16511468619647,87.7383326067002,32.72526922662255,79.61742801725457,15.73302033542144,109.6224675743691,21.229188988422973
40.0,500.0,8.159263100887744,35.044372623225776,26.29761949961138,10.622057669513667,56.50747002159251,44.56407627355854,51.436652017042434,17.332232140959412,110.4,27.4,110.0,27.8,109.2,27.4,110.0,27.8,109.6224675743691,21.229188988422973,99.12560688577796,38.16511468619647,79.61742801725457,15.73302033542144,87.7383326067002,32.72526922662255
40.0,500.0,8.159263100887744,35.044372623225776,26.29761949961138,10.622057669513667,51.436652017042434,17.332232140959412,56.50747002159251,44.56407627355854,110.8,23.4,111.2,25.0,110.0,25.0,108.8,23.4,109.6224675743691,21.229188988422973,99.12560688577796,38.16511468619647,87.7383326067002,32.72526922662255,79.61742801725457,15.73302033542144
40.0,500.0,8.159263100887744,35.044372623225776,56.50747002159251,44.56407627355854,26.29761949961138,10.622057669513667,51.436652017042434,17.332232140959412,115.2,23.2,113.0,23.2,114.0,24.0,114.0,24.0,109.6224675743691,21.229188988422973,79.61742801725457,15.73302033542144,99.12560688577796,38.16511468619647,87.7383326067002,32.72526922662255
40.0,500.0,8.159263100887744,35.044372623225776,56.50747002159251,44.56407627355854,51.436652017042434,17.332232140959412,26.29761949961138,10.622057669513667,113.0,24.6,111.8,24.6,112.8,24.8,112.8,24.8,109.6224675743691,21.229188988422973,79.61742801725457,15.73302033542144,87.7383326067002,32.72526922662255,99.12560688577796,38.16511468619647
40.0,500.0,8.159263100887744,35.044372623225776,51.436652017042434,17.332232140959412,26.29761949961138,10.622057669513667,56.50747002159251,44.56407627355854,111.0,24.8,110.6,25.2,110.6,25.2,109.6,24.8,109.6224675743691,21.229188988422973,87.7383326067002,32.72526922662255,99.12560688577796,38.16511468619647,79.61742801725457,15.73302033542144
40.0,500.0,8.159263100887744,35.044372623225776,51.436652017042434,17.332232140959412,56.50747002159251,44.56407627355854,26.29761949961138,10.622057669513667,114.0,22.8,113.8,23.0,113.0,22.8,113.8,23.0,109.6224675743691,21.229188988422973,87.7383326067002,32.72526922662255,79.61742801725457,15.73302033542144,99.12560688577796,38.16511468619647
40.0,500.0,56.50747002159251,44.56407627355854,26.29761949961138,10.622057669513667,8.159263100887744,35.044372623225776,51.436652017042434,17.332232140959412,111.0,24.8,111.8,25.0,112.0,24.8,111.8,25.0,79.61742801725457,15.73302033542144,99.12560688577796,38.16511468619647,109.6224675743691,21.229188988422973,87.7383326067002,32.72526922662255
40.0,500.0,56.50747002159251,44.56407627355854,26.29761949961138,10.622057669513667,51.436652017042434,17.332232140959412,8.159263100887744,35.044372623225776,110.2,23.8,111.4,24.8,111.4,24.8,112.2,23.8,79.61742801725457,15.73302033542144,99.12560688577796,38.16511468619647,87.7383326067002,32.72526922662255,109.6224675743691,21.229188988422973
40.0,500.0,56.50747002159251,44.56407627355854,8.159263100887744,35.044372623225776,26.29761949961138,10.622057669513667,51.436652017042434,17.332232140959412,106.4,23.6,109.8,23.8,109.4,25.4,108.2,25.4,79.61742801725457,15.73302033542144,109.6224675743691,21.229188988422973,99.12560688577796,38.16511468619647,87.7383326067002,32.72526922662255
40.0,500.0,56.50747002159251,44.56407627355854,8.159263100887744,35.044372623225776,51.436652017042434,17.332232140959412,26.29761949961138,10.622057669513667,111.2,25.0,113.6,25.0,112.6,26.0,113.0,26.0,79.61742801725457,15.73302033542144,109.6224675743691,21.229188988422973,87.7383326067002,32.72526922662255,99.12560688577796,38.16511468619647
40.0,500.0,56.50747002159251,44.56407627355854,51.436652017042434,17.332232140959412,26.29761949961138,10.622057669513667,8.159263100887744,35.044372623225776,114.0,22.8,114.8,23.2,115.4,23.2,114.8,22.8,79.61742801725457,15.73302033542144,87.7383326067002,32.72526922662255,99.12560688577796,38.16511468619647,109.6224675743691,21.229188988422973
40.0,500.0,56.50747002159251,44.56407627355854,51.436652017042434,17.332232140959412,8.159263100887744,35.044372623225776,26.29761949961138,10.622057669513667,109.8,24.0,111.0,25.2,112.0,24.0,111.6,25.2,79.61742801725457,15.73302033542144,87.7383326067002,32.72526922662255,109.6224675743691,21.229188988422973,99.12560688577796,38.16511468619647
40.0,500.0,51.436652017042434,17.332232140959412,26.29761949961138,10.622057669513667,8.159263100887744,35.044372623225776,56.50747002159251,44.56407627355854,112.8,23.8,112.8,23.8,113.2,23.4,112.0,23.4,87.7383326067002,32.72526922662255,99.12560688577796,38.16511468619647,109.6224675743691,21.229188988422973,79.61742801725457,15.73302033542144
40.0,500.0,51.436652017042434,17.332232140959412,26.29761949961138,10.622057669513667,56.50747002159251,44.56407627355854,8.159263100887744,35.044372623225776,114.2,24.2,114.8,24.2,113.6,23.4,114.6,23.4,87.7383326067002,32.72526922662255,99.12560688577796,38.16511468619647,79.61742801725457,15.73302033542144,109.6224675743691,21.229188988422973
40.0,500.0,51.436652017042434,17.332232140959412,8.159263100887744,35.044372623225776,26.29761949961138,10.622057669513667,56.50747002159251,44.56407627355854,111.0,26.6,111.8,25.4,111.6,26.6,109.4,25.4,87.7383326067002,32.72526922662255,109.6224675743691,21.229188988422973,99.12560688577796,38.16511468619647,79.61742801725457,15.73302033542144
40.0,500.0,51.436652017042434,17.332232140959412,8.159263100887744,35.044372623225776,56.50747002159251,44.56407627355854,26.29761949961138,10.622057669513667,112.4,24.0,113.6,23.4,111.6,23.2,113.0,24.0,87.7383326067002,32.72526922662255,109.6224675743691,21.229188988422973,79.61742801725457,15.73302033542144,99.12560688577796,38.16511468619647
40.0,500.0,51.436652017042434,17.332232140959412,56.50747002159251,44.56407627355854,26.29761949961138,10.622057669513667,8.159263100887744,35.044372623225776,108.6,24.8,107.8,24.0,108.6,24.8,109.4,24.0,87.7383326067002,32.72526922662255,79.61742801725457,15.73302033542144,99.12560688577796,38.16511468619647,109.6224675743691,21.229188988422973
40.0,500.0,51.436652017042434,17.332232140959412,56.50747002159251,44.56407627355854,8.159263100887744,35.044372623225776,26.29761949961138,10.622057669513667,110.8,23.2,110.2,22.4,111.4,22.4,111.4,23.4,87.7383326067002,32.72526922662255,79.61742801725457,15.73302033542144,109.6224675743691,21.229188988422973,99.12560688577796,38.16511468619647
40.0,500.0,25.588670881418164,38.09203944321389,3.4764116466160577,46.7646209904263,19.04502096122945,3.7262675310507687,51.89543429029944,57.23531273787504,98.0,23.2,97.6,23.2,98.0,23.2,98.0,23.2,75.69640026752309,33.82907217990584,101.92964475460715,28.36850132861347,81.92192644851951,59.45776728872157,70.76642631376598,21.538761854654645
40.0,500.0,25.588670881418164,38.09203944321389,51.89543429029944,57.23531273787504,3.4764116466160577,46.7646209904263,19.04502096122945,3.7262675310507687,95.4,23.8,95.6,23.8,95.6,23.8,95.6,23.8,75.69640026752309,33.82907217990584,70.76642631376598,21.538761854654645,101.92964475460715,28.36850132861347,81.92192644851951,59.45776728872157
40.0,500.0,25.588670881418164,38.09203944321389,51.89543429029944,57.23531273787504,19.04502096122945,3.7262675310507687,3.4764116466160577,46.7646209904263,96.0,22.0,96.4,22.0,96.4,22.0,96.2,22.0,75.69640026752309,33.82907217990584,70.76642631376598,21.538761854654645,81.92192644851951,59.45776728872157,101.92964475460715,28.36850132861347
40.0,500.0,25.588670881418164,38.09203944321389,19.04502096122945,3.7262675310507687,3.4764116466160577,46.7646209904263,51.89543429029944,57.23531273787504,97.8,22.0,97.8,22.0,97.4,22.0,97.8,22.0,75.69640026752309,33.82907217990584,81.92192644851951,59.45776728872157,101.92964475460715,28.36850132861347,70.76642631376598,21.538761854654645
40.0,500.0,25.588670881418164,38.09203944321389,19.04502096122945,3.7262675310507687,51.89543429029944,57.23531273787504,3.4764116466160577,46.7646209904263,96.0,23.4,96.2,23.4,96.2,23.4,95.6,23.4,75.69640026752309,33.82907217990584,81.92192644851951,59.45776728872157,70.76642631376598,21.538761854654645,101.92964475460715,28.36850132861347
40.0,500.0,3.4764116466160577,46.7646209904263,25.588670881418164,38.09203944321389,51.89543429029944,57.23531273787504,19.04502096122945,3.7262675310507687,94.0,21.4,94.4,21.4,94.2,21.4,94.4,21.4,101.92964475460715,28.36850132861347,75.69640026752309,33.82907217990584,70.76642631376598,21.538761854654645,81.92192644851951,59.45776728872157
40.0,500.0,3.4764116466160577,46.7646209904263,25.588670881418164,38.09203944321389,19.04502096122945,3.7262675310507687,51.89543429029944,57.23531273787504,96.4,22.6,96.2,22.6,96.4,22.6,96.4,22.6,101.92964475460715,28.36850132861347,75.69640026752309,33.82907217990584,81.92192644851951,59.45776728872157,70.76642631376598,21.538761854654645
40.0,500.0,3.4764116466160577,46.7646209904263,51.89543429029944,57.23531273787504,25.588670881418164,38.09203944321389,19.04502096122945,3.7262675310507687,94.0,23.2,94.4,23.2,94.2,23.2,94.4,23.2,101.92964475460715,28.36850132861347,70.76642631376598,21.538761854654645,75.69640026752309,33.82907217990584,81.92192644851951,59.45776728872157
40.0,500.0,3.4764116466160577,46.7646209904263,51.89543429029944,57.23531273787504,19.04502096122945,3.7262675310507687,25.588670881418164,38.09203944321389,95.4,23.4,95.8,23.4,95.8,23.4,95.4,23.4,101.92964475460715,28.36850132861347,70.76642631376598,21.538761854654645,81.92192644851951,59.45776728872157,75.69640026752309,33.82907217990584
40.0,500.0,3.4764116466160577,46.7646209904263,19.04502096122945,3.7262675310507687,25.588670881418164,38.09203944321389,51.89543429029944,57.23531273787504,94.6,22.8,95.0,22.8,95.2,22.8,95.0,22.8,101.92964475460715,28.36850132861347,81.92192644851951,59.45776728872157,75.69640026752309,33.82907217990584,70.76642631376598,21.538761854654645
40.0,500.0,3.4764116466160577,46.7646209904263,19.04502096122945,3.7262675310507687,51.89543429029944,57.23531273787504,25.588670881418164,38.09203944321389,95.8,22.4,96.2,22.4,96.0,22.4,96.2,22.4,101.92964475460715,28.36850132861347,81.92192644851951,59.45776728872157,70.76642631376598,21.538761854654645,75.69640026752309,33.82907217990584
40.0,500.0,51.89543429029944,57.23531273787504,25.588670881418164,38.09203944321389,3.4764116466160577,46.7646209904263,19.04502096122945,3.7262675310507687,96.2,23.0,96.0,23.0,95.8,23.0,96.2,23.0,70.76642631376598,21.538761854654645,75.69640026752309,33.82907217990584,101.92964475460715,28.36850132861347,81.92192644851951,59.45776728872157
40.0,500.0,51.89543429029944,57.23531273787504,25.588670881418164,38.09203944321389,19.04502096122945,3.7262675310507687,3.4764116466160577,46.7646209904263,95.4,21.2,95.4,21.2,95.4,21.2,95.2,21.2,70.76642631376598,21.538761854654645,75.69640026752309,33.82907217990584,81.92192644851951,59.45776728872157,101.92964475460715,28.36850132861347
40.0,500.0,51.89543429029944,57.23531273787504,3.4764116466160577,46.7646209904263,25.588670881418164,38.09203944321389,19.04502096122945,3.7262675310507687,97.0,23.8,96.4,23.8,97.0,23.8,97.0,23.8,70.76642631376598,21.538761854654645,101.92964475460715,28.36850132861347,75.69640026752309,33.82907217990584,81.92192644851951,59.45776728872157
40.0,500.0,51.89543429029944,57.23531273787504,3.4764116466160577,46.7646209904263,19.04502096122945,3.7262675310507687,25.588670881418164,38.09203944321389,96.4,22.8,96.2,22.8,96.4,22.8,96.2,22.8,70.76642631376598,21.538761854654645,101.92964475460715,28.36850132861347,81.92192644851951,59.45776728872157,75.69640026752309,33.82907217990584
40.0,500.0,51.89543429029944,57.23531273787504,19.04502096122945,3.7262675310507687,25.588670881418164,38.09203944321389,3.4764116466160577,46.7646209904263,95.0,21.8,95.0,21.8,95.0,21.8,95.0,21.8,70.76642631376598,21.538761854654645,81.92192644851951,59.45776728872157,75.69640026752309,33.82907217990584,101.92964475460715,28.36850132861347
40.0,500.0,51.89543429029944,57.23531273787504,19.04502096122945,3.7262675310507687,3.4764116466160577,46.7646209904263,25.588670881418164,38.09203944321389,97.2,22.2,97.2,22.2,96.6,22.2,97.2,22.2,70.76642631376598,21.538761854654645,81.92192644851951,59.45776728872157,101.92964475460715,28.36850132861347,75.69640026752309,33.82907217990584
40.0,500.0,19.04502096122945,3.7262675310507687,25.588670881418164,38.09203944321389,3.4764116466160577,46.7646209904263,51.89543429029944,57.23531273787504,97.4,24.2,97.2,23.6,96.8,23.8,96.8,23.6,81.92192644851951,59.45776728872157,75.69640026752309,33.82907217990584,101.92964475460715,28.36850132861347,70.76642631376598,21.538761854654645
40.0,500.0,19.04502096122945,3.7262675310507687,25.588670881418164,38.09203944321389,51.89543429029944,57.23531273787504,3.4764116466160577,46.7646209904263,95.8,22.2,96.0,22.2,95.8,22.2,95.8,22.2,81.92192644851951,59.45776728872157,75.69640026752309,33.82907217990584,70.76642631376598,21.538761854654645,101.92964475460715,28.36850132861347
40.0,500.0,19.04502096122945,3.7262675310507687,3.4764116466160577,46.7646209904263,25.588670881418164,38.09203944321389,51.89543429029944,57.23531273787504,99.0,22.2,98.2,22.2,99.0,22.2,99.0,22.2,81.92192644851951,59.45776728872157,101.92964475460715,28.36850132861347,75.69640026752309,33.82907217990584,70.76642631376598,21.538761854654645
40.0,500.0,19.04502096122945,3.7262675310507687,3.4764116466160577,46.7646209904263,51.89543429029944,57.23531273787504,25.588670881418164,38.09203944321389,95.2,21.2,94.4,21.2,95.2,21.2,95.2,21.2,81.92192644851951,59.45776728872157,101.92964475460715,28.36850132861347,70.76642631376598,21.538761854654645,75.69640026752309,33.82907217990584
40.0,500.0,19.04502096122945,3.7262675310507687,51.89543429029944,57.23531273787504,25.588670881418164,38.09203944321389,3.4764116466160577,46.7646209904263,96.2,22.0,96.2,22.0,96.2,22.0,96.0,22.0,81.92192644851951,59.45776728872157,70.76642631376598,21.538761854654645,75.69640026752309,33.82907217990584,101.92964475460715,28.36850132861347
40.0,500.0,19.04502096122945,3.7262675310507687,51.89543429029944,57.23531273787504,3.4764116466160577,46.7646209904263,25.588670881418164,38.09203944321389,96.8,23.0,96.8,23.0,96.6,23.0,96.6,23.0,81.92192644851951,59.45776728872157,70.76642631376598,21.538761854654645,101.92964475460715,28.36850132861347,75.69640026752309,33.82907217990584
40.0,500.0,1.2944118027610885,40.88481364879613,50.35445727302164,6.084072657683919,26.24652777410228,16.961404311282003,37.37126712945376,39.609436053519474,100.6,13.6,99.8,14.6,101.0,14.4,100.8,13.6,101.79235902794332,17.8035338560487,67.26945238806073,41.06811437954202,93.19393214701378,31.06417074547895,76.31538432963086,16.479050496941973
40.0,500.0,1.2944118027610885,40.88481364879613,37.37126712945376,39.609436053519474,50.35445727302164,6.084072657683919,26.24652777410228,16.961404311282003,101.2,12.4,101.2,12.4,101.2,12.4,101.2,12.4,101.79235902794332,17.8035338560487,76.31538432963086,16.479050496941973,67.26945238806073,41.06811437954202,93.19393214701378,31.06417074547895
40.0,500.0,1.2944118027610885,40.88481364879613,37.37126712945376,39.609436053519474,26.24652777410228,16.961404311282003,50.35445727302164,6.084072657683919,98.8,11.8,98.8,11.8,98.8,11.8,98.8,11.8,101.79235902794332,17.8035338560487,76.31538432963086,16.479050496941973,93.19393214701378,31.06417074547895,67.26945238806073,41.06811437954202
40.0,500.0,1.2944118027610885,40.88481364879613,26.24652777410228,16.961404311282003,50.35445727302164,6.084072657683919,37.37126712945376,39.609436053519474,99.8,13.0,99.8,13.0,99.8,13.0,99.8,13.0,101.79235902794332,17.8035338560487,93.19393214701378,31.06417074547895,67.26945238806073,41.06811437954202,76.31538432963086,16.479050496941973
40.0,500.0,1.2944118027610885,40.88481364879613,26.24652777410228,16.961404311282003,37.37126712945376,39.609436053519474,50.35445727302164,6.084072657683919,101.6,10.0,101.0,10.6,101.0,10.6,100.6,11.2,101.79235902794332,17.8035338560487,93.19393214701378,31.06417074547895,76.31538432963086,16.479050496941973,67.26945238806073,41.06811437954202
40.0,500.0,50.35445727302164,6.084072657683919,1.2944118027610885,40.88481364879613,37.37126712945376,39.609436053519474,26.24652777410228,16.961404311282003,99.4,13.2,100.8,11.6,99.2,11.8,99.8,12.8,67.26945238806073,41.06811437954202,101.79235902794332,17.8035338560487,76.31538432963086,16.479050496941973,93.19393214701378,31.06417074547895
40.0,500.0,50.35445727302164,6.084072657683919,1.2944118027610885,40.88481364879613,26.24652777410228,16.961404311282003,37.37126712945376,39.609436053519474,98.4,17.8,98.8,17.0,99.6,17.8,99.4,16.6,67.26945238806073,41.06811437954202,101.79235902794332,17.8035338560487,93.19393214701378,31.06417074547895,76.31538432963086,16.479050496941973
40.0,500.0,50.35445727302164,6.084072657683919,37.37126712945376,39.609436053519474,1.2944118027610885,40.88481364879613,26.24652777410228,16.961404311282003,102.8,13.4,102.8,13.4,102.8,13.4,102.8,13.4,67.26945238806073,41.06811437954202,76.31538432963086,16.479050496941973,101.79235902794332,17.8035338560487,93.19393214701378,31.06417074547895
40.0,500.0,50.35445727302164,6.084072657683919,37.37126712945376,39.609436053519474,26.24652777410228,16.961404311282003,1.2944118027610885,40.88481364879613,101.2,11.2,101.0,11.0,101.2,11.2,101.6,10.8,67.26945238806073,41.06811437954202,76.31538432963086,16.479050496941973,93.19393214701378,31.06417074547895,101.79235902794332,17.8035338560487
40.0,500.0,50.35445727302164,6.084072657683919,26.24652777410228,16.961404311282003,1.2944118027610885,40.88481364879613,37.37126712945376,39.609436053519474,101.0,14.4,102.4,13.8,102.6,12.6,102.4,13.0,67.26945238806073,41.06811437954202,93.19393214701378,31.06417074547895,101.79235902794332,17.8035338560487,76.31538432963086,16.479050496941973
40.0,500.0,50.35445727302164,6.084072657683919,26.24652777410228,16.961404311282003,37.37126712945376,39.609436053519474,1.2944118027610885,40.88481364879613,100.4,14.8,100.6,14.4,100.4,14.2,101.4,13.8,67.26945238806073,41.06811437954202,93.19393214701378,31.06417074547895,76.31538432963086,16.479050496941973,101.79235902794332,17.8035338560487
40.0,500.0,37.37126712945376,39.609436053519474,1.2944118027610885,40.88481364879613,50.35445727302164,6.084072657683919,26.24652777410228,16.961404311282003,100.4,13.6,100.4,13.6,100.0,14.2,100.2,14.0,76.31538432963086,16.479050496941973,101.79235902794332,17.8035338560487,67.26945238806073,41.06811437954202,93.19393214701378,31.06417074547895
40.0,500.0,37.37126712945376,39.609436053519474,1.2944118027610885,40.88481364879613,26.24652777410228,16.961404311282003,50.35445727302164,6.084072657683919,100.4,15.2,100.8,15.0,100.4,15.2,100.2,15.6,76.31538432963086,16.479050496941973,101.79235902794332,17.8035338560487,93.19393214701378,31.06417074547895,67.26945238806073,41.06811437954202
40.0,500.0,37.37126712945376,39.609436053519474,50.35445727302164,6.084072657683919,1.2944118027610885,40.88481364879613,26.24652777410228,16.961404311282003,100.2,9.0,99.4,10.0,100.2,9.0,100.2,9.6,76.31538432963086,16.479050496941973,67.26945238806073,41.06811437954202,101.79235902794332,17.8035338560487,93.19393214701378,31.06417074547895
40.0,500.0,37.37126712945376,39.609436053519474,50.35445727302164,6.084072657683919,26.24652777410228,16.961404311282003,1.2944118027610885,40.88481364879613,100.8,10.0,101.0,10.0,101.0,10.0,101.0,10.0,76.31538432963086,16.479050496941973,67.26945238806073,41.06811437954202,93.19393214701378,31.06417074547895,101.79235902794332,17.8035338560487
40.0,500.0,37.37126712945376,39.609436053519474,26.24652777410228,16.961404311282003,1.2944118027610885,40.88481364879613,50.35445727302164,6.084072657683919,101.8,14.8,101.8,14.8,101.8,14.8,101.8,14.8,76.31538432963086,16.479050496941973,93.19393214701378,31.06417074547895,101.79235902794332,17.8035338560487,67.26945238806073,41.06811437954202
40.0,500.0,37.37126712945376,39.609436053519474,26.24652777410228,16.961404311282003,50.35445727302164,6.084072657683919,1.2944118027610885,40.88481364879613,103.8,13.4,103.8,13.4,103.8,13.4,103.8,13.4,76.31538432963086,16.479050496941973,93.19393214701378,31.06417074547895,67.26945238806073,41.06811437954202,101.79235902794332,17.8035338560487
40.0,500.0,26.24652777410228,16.961404311282003,1.2944118027610885,40.88481364879613,50.35445727302164,6.084072657683919,37.37126712945376,39.609436053519474,102.0,10.6,102.4,10.2,101.8,10.8,101.8,10.2,93.19393214701378,31.06417074547895,101.79235902794332,17.8035338560487,67.26945238806073,41.06811437954202,76.31538432963086,16.479050496941973
40.0,500.0,26.24652777410228,16.961404311282003,1.2944118027610885,40.88481364879613,37.37126712945376,39.609436053519474,50.35445727302164,6.084072657683919,100.2,18.8,100.2,18.8,100.2,18.8,100.2,18.8,93.19393214701378,31.06417074547895,101.79235902794332,17.8035338560487,76.31538432963086,16.479050496941973,67.26945238806073,41.06811437954202
40.0,500.0,26.24652777410228,16.961404311282003,50.35445727302164,6.084072657683919,1.2944118027610885,40.88481364879613,37.37126712945376,39.609436053519474,100.6,13.6,99.8,14.0,100.6,13.0,100.4,13.4,93.19393214701378,31.06417074547895,67.26945238806073,41.06811437954202,101.79235902794332,17.8035338560487,76.31538432963086,16.479050496941973
40.0,500.0,26.24652777410228,16.961404311282003,50.35445727302164,6.084072657683919,37.37126712945376,39.609436053519474,1.2944118027610885,40.88481364879613,99.6,11.0,99.2,11.6,99.2,11.0,100.4,10.4,93.19393214701378,31.06417074547895,67.26945238806073,41.06811437954202,76.31538432963086,16.479050496941973,101.79235902794332,17.8035338560487
40.0,500.0,26.24652777410228,16.961404311282003,37.37126712945376,39.609436053519474,1.2944118027610885,40.88481364879613,50.35445727302164,6.084072657683919,99.0,14.0,99.4,13.4,99.8,13.4,98.8,14.2,93.19393214701378,31.06417074547895,76.31538432963086,16.479050496941973,101.79235902794332,17.8035338560487,67.26945238806073,41.06811437954202
40.0,500.0,26.24652777410228,16.961404311282003,37.37126712945376,39.609436053519474,50.35445727302164,6.084072657683919,1.2944118027610885,40.88481364879613,100.2,18.6,100.2,18.6,100.2,18.6,100.2,18.6,93.19393214701378,31.06417074547895,76.31538432963086,16.479050496941973,67.26945238806073,41.06811437954202,101.79235902794332,17.8035338560487
40.0,500.0,4.986313481924669,28.443465478277947,39.262306054545846,45.08312330904238,58.59750221033434,55.27925142276624,32.20875713361245,6.580401820989456,109.8,12.6,108.0,11.4,107.2,11.0,108.6,12.6,106.26452228489684,23.891302434887173,101.62492889873556,19.61443520335441,88.29860443067778,16.19048716120063,94.31036648286752,28.88029542745881
40.0,500.0,4.986313481924669,28.443465478277947,32.20875713361245,6.580401820989456,39.262306054545846,45.08312330904238,58.59750221033434,55.27925142276624,110.4,10.8,109.0,10.8,108.8,10.2,108.4,9.6,106.26452228489684,23.891302434887173,94.31036648286752,28.88029542745881,101.62492889873556,19.61443520335441,88.29860443067778,16.19048716120063
40.0,500.0,4.986313481924669,28.443465478277947,32.20875713361245,6.580401820989456,58.59750221033434,55.27925142276624,39.262306054545846,45.08312330904238,112.8,7.4,112.2,7.4,111.8,6.6,111.6,7.0,106.26452228489684,23.891302434887173,94.31036648286752,28.88029542745881,88.29860443067778,16.19048716120063,101.62492889873556,19.61443520335441
40.0,500.0,4.986313481924669,28.443465478277947,58.59750221033434,55.27925142276624,39.262306054545846,45.08312330904238,32.20875713361245,6.580401820989456,108.0,12.6,105.8,11.0,105.8,11.8,106.4,12.6,106.26452228489684,23.891302434887173,88.29860443067778,16.19048716120063,101.62492889873556,19.61443520335441,94.31036648286752,28.88029542745881
40.0,500.0,4.986313481924669,28.443465478277947,58.59750221033434,55.27925142276624,32.20875713361245,6.580401820989456,39.262306054545846,45.08312330904238,111.2,10.6,109.4,9.4,110.0,10.6,109.4,10.0,106.26452228489684,23.891302434887173,88.29860443067778,16.19048716120063,94.31036648286752,28.88029542745881,101.62492889873556,19.61443520335441
40.0,500.0,39.262306054545846,45.08312330904238,4.986313481924669,28.443465478277947,32.20875713361245,6.580401820989456,58.59750221033434,55.27925142276624,108.6,11.2,110.4,11.8,109.2,11.8,108.4,10.6,101.62492889873556,19.61443520335441,106.26452228489684,23.891302434887173,94.31036648286752,28.88029542745881,88.29860443067778,16.19048716120063
40.0,500.0,39.262306054545846,45.08312330904238,4.986313481924669,28.443465478277947,58.59750221033434,55.27925142276624,32.20875713361245,6.580401820989456,105.4,12.2,108.4,13.2,105.8,11.2,106.4,13.2,101.62492889873556,19.61443520335441,106.26452228489684,23.891302434887173,88.29860443067778,16.19048716120063,94.31036648286752,28.88029542745881
40.0,500.0,39.262306054545846,45.08312330904238,32.20875713361245,6.580401820989456,4.986313481924669,28.443465478277947,58.59750221033434,55.27925142276624,108.0,11.0,108.8,11.8,110.4,11.8,106.8,10.2,101.62492889873556,19.61443520335441,94.31036648286752,28.88029542745881,106.26452228489684,23.891302434887173,88.29860443067778,16.19048716120063
40.0,500.0,39.262306054545846,45.08312330904238,32.20875713361245,6.580401820989456,58.59750221033434,55.27925142276624,4.986313481924669,28.443465478277947,111.2,7.6,112.4,9.0,111.6,7.0,113.6,9.0,101.62492889873556,19.61443520335441,94.31036648286752,28.88029542745881,88.29860443067778,16.19048716120063,106.26452228489684,23.891302434887173
40.0,500.0,39.262306054545846,45.08312330904238,58.59750221033434,55.27925142276624,4.986313481924669,28.443465478277947,32.20875713361245,6.580401820989456,112.4,7.0,112.6,6.8,112.8,7.2,112.6,7.2,101.62492889873556,19.61443520335441,88.29860443067778,16.19048716120063,106.26452228489684,23.891302434887173,94.31036648286752,28.88029542745881
40.0,500.0,39.262306054545846,45.08312330904238,58.59750221033434,55.27925142276624,32.20875713361245,6.580401820989456,4.986313481924669,28.443465478277947,108.4,12.2,107.8,11.6,109.0,12.8,110.2,12.8,101.62492889873556,19.61443520335441,88.29860443067778,16.19048716120063,94.31036648286752,28.88029542745881,106.26452228489684,23.891302434887173
40.0,500.0,32.20875713361245,6.580401820989456,4.986313481924669,28.443465478277947,39.262306054545846,45.08312330904238,58.59750221033434,55.27925142276624,107.4,11.2,107.8,11.2,107.2,11.0,106.4,10.8,94.31036648286752,28.88029542745881,106.26452228489684,23.891302434887173,101.62492889873556,19.61443520335441,88.29860443067778,16.19048716120063
40.0,500.0,32.20875713361245,6.580401820989456,4.986313481924669,28.443465478277947,58.59750221033434,55.27925142276624,39.262306054545846,45.08312330904238,107.8,11.2,108.2,11.2,107.4,10.4,107.4,10.8,94.31036648286752,28.88029542745881,106.26452228489684,23.891302434887173,88.29860443067778,16.19048716120063,101.62492889873556,19.61443520335441
40.0,500.0,32.20875713361245,6.580401820989456,39.262306054545846,45.08312330904238,4.986313481924669,28.443465478277947,58.59750221033434,55.27925142276624,110.4,8.6,110.2,8.4,110.8,8.6,109.4,8.2,94.31036648286752,28.88029542745881,101.62492889873556,19.61443520335441,106.26452228489684,23.891302434887173,88.29860443067778,16.19048716120063
40.0,500.0,32.20875713361245,6.580401820989456,39.262306054545846,45.08312330904238,58.59750221033434,55.27925142276624,4.986313481924669,28.443465478277947,107.4,11.4,107.2,11.2,106.2,11.0,107.8,11.4,94.31036648286752,28.88029542745881,101.62492889873556,19.61443520335441,88.29860443067778,16.19048716120063,106.26452228489684,23.891302434887173
40.0,500.0,32.20875713361245,6.580401820989456,58.59750221033434,55.27925142276624,4.986313481924669,28.443465478277947,39.262306054545846,45.08312330904238,111.8,8.2,111.0,7.8,112.2,8.2,111.6,8.0,94.31036648286752,28.88029542745881,88.29860443067778,16.19048716120063,106.26452228489684,23.891302434887173,101.62492889873556,19.61443520335441
40.0,500.0,32.20875713361245,6.580401820989456,58.59750221033434,55.27925142276624,39.262306054545846,45.08312330904238,4.986313481924669,28.443465478277947,108.0,11.6,107.8,10.4,107.4,11.0,108.8,11.6,94.31036648286752,28.88029542745881,88.29860443067778,16.19048716120063,101.62492889873556,19.61443520335441,106.26452228489684,23.891302434887173
40.0,500.0,58.59750221033434,55.27925142276624,4.986313481924669,28.443465478277947,39.262306054545846,45.08312330904238,32.20875713361245,6.580401820989456,107.6,11.0,109.0,12.2,108.2,11.2,108.6,12.2,88.29860443067778,16.19048716120063,106.26452228489684,23.891302434887173,101.62492889873556,19.61443520335441,94.31036648286752,28.88029542745881
40.0,500.0,58.59750221033434,55.27925142276624,4.986313481924669,28.443465478277947,32.20875713361245,6.580401820989456,39.262306054545846,45.08312330904238,110.0,9.4,111.6,10.2,110.8,10.2,110.4,9.8,88.29860443067778,16.19048716120063,106.26452228489684,23.891302434887173,94.31036648286752,28.88029542745881,101.62492889873556,19.61443520335441
40.0,500.0,58.59750221033434,55.27925142276624,39.262306054545846,45.08312330904238,4.986313481924669,28.443465478277947,32.20875713361245,6.580401820989456,106.2,12.2,106.6,13.0,109.6,14.6,107.6,14.6,88.29860443067778,16.19048716120063,101.62492889873556,19.61443520335441,106.26452228489684,23.891302434887173,94.31036648286752,28.88029542745881
40.0,500.0,58.59750221033434,55.27925142276624,39.262306054545846,45.08312330904238,32.20875713361245,6.580401820989456,4.986313481924669,28.443465478277947,108.6,8.2,108.8,8.4,109.6,9.2,109.8,9.2,88.29860443067778,16.19048716120063,101.62492889873556,19.61443520335441,94.31036648286752,28.88029542745881,106.26452228489684,23.891302434887173
40.0,500.0,58.59750221033434,55.27925142276624,32.20875713361245,6.580401820989456,4.986313481924669,28.443465478277947,39.262306054545846,45.08312330904238,108.0,10.0,109.4,11.6,110.8,11.6,109.0,10.4,88.29860443067778,16.19048716120063,94.31036648286752,28.88029542745881,106.26452228489684,23.891302434887173,101.62492889873556,19.61443520335441
40.0,500.0,58.59750221033434,55.27925142276624,32.20875713361245,6.580401820989456,39.262306054545846,45.08312330904238,4.986313481924669,28.443465478277947,112.4,7.4,112.8,7.8,112.6,7.6,113.0,7.8,88.29860443067778,16.19048716120063,94.31036648286752,28.88029542745881,101.62492889873556,19.61443520335441,106.26452228489684,23.891302434887173
40.0,500.0,5.211348800272397,8.376148412347781,57.369293262625085,17.95851595357707,36.03274430982172,41.498665211570525,9.102339826940264,33.941225583291185,94.0,34.6,92.8,34.2,93.4,33.8,94.0,33.4,88.85758232641498,37.12893382197883,74.57944916410268,34.67843512599961,76.45297625298033,28.72918060373078,80.64504000848734,31.249412013481862
40.0,500.0,5.211348800272397,8.376148412347781,9.102339826940264,33.941225583291185,57.369293262625085,17.95851595357707,36.03274430982172,41.498665211570525,94.4,34.6,94.4,32.8,92.6,34.0,94.2,33.4,88.85758232641498,37.12893382197883,80.64504000848734,31.249412013481862,74.57944916410268,34.67843512599961,76.45297625298033,28.72918060373078
40.0,500.0,5.211348800272397,8.376148412347781,9.102339826940264,33.941225583291185,36.03274430982172,41.498665211570525,57.369293262625085,17.95851595357707,94.0,34.0,94.0,29.8,92.2,31.2,89.8,32.6,88.85758232641498,37.12893382197883,80.64504000848734,31.249412013481862,76.45297625298033,28.72918060373078,74.57944916410268,34.67843512599961
40.0,500.0,5.211348800272397,8.376148412347781,36.03274430982172,41.498665211570525,57.369293262625085,17.95851595357707,9.102339826940264,33.941225583291185,92.4,30.6,91.6,29.4,90.6,30.0,92.4,28.8,88.85758232641498,37.12893382197883,76.45297625298033,28.72918060373078,74.57944916410268,34.67843512599961,80.64504000848734,31.249412013481862
40.0,500.0,5.211348800272397,8.376148412347781,36.03274430982172,41.498665211570525,9.102339826940264,33.941225583291185,57.369293262625085,17.95851595357707,94.0,33.2,93.6,31.6,94.0,30.8,91.6,32.4,88.85758232641498,37.12893382197883,76.45297625298033,28.72918060373078,80.64504000848734,31.249412013481862,74.57944916410268,34.67843512599961
40.0,500.0,57.369293262625085,17.95851595357707,5.211348800272397,8.376148412347781,9.102339826940264,33.941225583291185,36.03274430982172,41.498665211570525,94.6,34.0,96.4,34.6,96.4,32.8,95.8,33.4,74.57944916410268,34.67843512599961,88.85758232641498,37.12893382197883,80.64504000848734,31.249412013481862,76.45297625298033,28.72918060373078
40.0,500.0,57.369293262625085,17.95851595357707,5.211348800272397,8.376148412347781,36.03274430982172,41.498665211570525,9.102339826940264,33.941225583291185,91.4,32.6,96.0,34.2,93.6,31.0,96.0,29.4,74.57944916410268,34.67843512599961,88.85758232641498,37.12893382197883,76.45297625298033,28.72918060373078,80.64504000848734,31.249412013481862
40.0,500.0,57.369293262625085,17.95851595357707,9.102339826940264,33.941225583291185,5.211348800272397,8.376148412347781,36.03274430982172,41.498665211570525,92.2,34.6,94.6,33.0,94.6,35.4,93.4,33.8,74.57944916410268,34.67843512599961,80.64504000848734,31.249412013481862,88.85758232641498,37.12893382197883,76.45297625298033,28.72918060373078
40.0,500.0,57.369293262625085,17.95851595357707,9.102339826940264,33.941225583291185,36.03274430982172,41.498665211570525,5.211348800272397,8.376148412347781,93.4,36.0,95.2,34.8,94.0,35.4,95.2,36.6,74.57944916410268,34.67843512599961,80.64504000848734,31.249412013481862,76.45297625298033,28.72918060373078,88.85758232641498,37.12893382197883
40.0,500.0,57.369293262625085,17.95851595357707,36.03274430982172,41.498665211570525,5.211348800272397,8.376148412347781,9.102339826940264,33.941225583291185,92.8,34.2,94.2,33.4,95.0,35.0,95.0,32.6,74.57944916410268,34.67843512599961,76.45297625298033,28.72918060373078,88.85758232641498,37.12893382197883,80.64504000848734,31.249412013481862
40.0,500.0,57.369293262625085,17.95851595357707,36.03274430982172,41.498665211570525,9.102339826940264,33.941225583291185,5.211348800272397,8.376148412347781,86.4,30.4,88.2,29.2,89.6,28.2,89.6,31.8,74.57944916410268,34.67843512599961,76.45297625298033,28.72918060373078,80.64504000848734,31.249412013481862,88.85758232641498,37.12893382197883
40.0,500.0,9.102339826940264,33.941225583291185,5.211348800272397,8.376148412347781,57.369293262625085,17.95851595357707,36.03274430982172,41.498665211570525,94.4,32.8,94.4,32.8,94.6,32.8,94.4,32.8,80.64504000848734,31.249412013481862,88.85758232641498,37.12893382197883,74.57944916410268,34.67843512599961,76.45297625298033,28.72918060373078
40.0,500.0,9.102339826940264,33.941225583291185,5.211348800272397,8.376148412347781,36.03274430982172,41.498665211570525,57.369293262625085,17.95851595357707,94.6,31.4,94.6,35.0,93.2,32.6,91.0,33.8,80.64504000848734,31.249412013481862,88.85758232641498,37.12893382197883,76.45297625298033,28.72918060373078,74.57944916410268,34.67843512599961
40.0,500.0,9.102339826940264,33.941225583291185,57.369293262625085,17.95851595357707,5.211348800272397,8.376148412347781,36.03274430982172,41.498665211570525,93.4,32.2,92.8,33.0,93.4,33.4,93.4,32.6,80.64504000848734,31.249412013481862,74.57944916410268,34.67843512599961,88.85758232641498,37.12893382197883,76.45297625298033,28.72918060373078
40.0,500.0,9.102339826940264,33.941225583291185,57.369293262625085,17.95851595357707,36.03274430982172,41.498665211570525,5.211348800272397,8.376148412347781,95.4,31.0,93.6,32.2,94.6,31.6,95.4,32.8,80.64504000848734,31.249412013481862,74.57944916410268,34.67843512599961,76.45297625298033,28.72918060373078,88.85758232641498,37.12893382197883
40.0,500.0,9.102339826940264,33.941225583291185,36.03274430982172,41.498665211570525,5.211348800272397,8.376148412347781,57.369293262625085,17.95851595357707,91.4,32.0,91.6,32.4,91.4,33.2,90.2,32.8,80.64504000848734,31.249412013481862,76.45297625298033,28.72918060373078,88.85758232641498,37.12893382197883,74.57944916410268,34.67843512599961
40.0,500.0,9.102339826940264,33.941225583291185,36.03274430982172,41.498665211570525,57.369293262625085,17.95851595357707,5.211348800272397,8.376148412347781,96.8,32.4,95.8,33.4,93.8,34.4,96.6,35.4,80.64504000848734,31.249412013481862,76.45297625298033,28.72918060373078,74.57944916410268,34.67843512599961,88.85758232641498,37.12893382197883
40.0,500.0,36.03274430982172,41.498665211570525,5.211348800272397,8.376148412347781,57.369293262625085,17.95851595357707,9.102339826940264,33.941225583291185,96.0,35.6,97.0,36.8,95.2,36.2,97.0,35.0,76.45297625298033,28.72918060373078,88.85758232641498,37.12893382197883,74.57944916410268,34.67843512599961,80.64504000848734,31.249412013481862
40.0,500.0,36.03274430982172,41.498665211570525,5.211348800272397,8.376148412347781,9.102339826940264,33.941225583291185,57.369293262625085,17.95851595357707,96.0,33.2,95.8,33.6,96.0,33.0,95.4,33.4,76.45297625298033,28.72918060373078,88.85758232641498,37.12893382197883,80.64504000848734,31.249412013481862,74.57944916410268,34.67843512599961
40.0,500.0,36.03274430982172,41.498665211570525,57.369293262625085,17.95851595357707,5.211348800272397,8.376148412347781,9.102339826940264,33.941225583291185,92.2,32.8,90.4,33.4,92.0,34.0,92.0,32.2,76.45297625298033,28.72918060373078,74.57944916410268,34.67843512599961,88.85758232641498,37.12893382197883,80.64504000848734,31.249412013481862
40.0,500.0,36.03274430982172,41.498665211570525,57.369293262625085,17.95851595357707,9.102339826940264,33.941225583291185,5.211348800272397,8.376148412347781,96.2,35.0,95.2,35.6,97.0,34.4,97.0,36.2,76.45297625298033,28.72918060373078,74.57944916410268,34.67843512599961,80.64504000848734,31.249412013481862,88.85758232641498,37.12893382197883
40.0,500.0,36.03274430982172,41.498665211570525,9.102339826940264,33.941225583291185,5.211348800272397,8.376148412347781,57.369293262625085,17.95851595357707,92.0,29.0,92.6,28.0,92.6,31.0,89.8,30.0,76.45297625298033,28.72918060373078,80.64504000848734,31.249412013481862,88.85758232641498,37.12893382197883,74.57944916410268,34.67843512599961
40.0,500.0,36.03274430982172,41.498665211570525,9.102339826940264,33.941225583291185,57.369293262625085,17.95851595357707,5.211348800272397,8.376148412347781,94.0,31.4,95.4,30.2,91.2,32.8,95.4,34.4,76.45297625298033,28.72918060373078,80.64504000848734,31.249412013481862,74.57944916410268,34.67843512599961,88.85758232641498,37.12893382197883
40.0,500.0,44.34573782095048,36.33570249394532,0.3037399981834165,56.947888135775045,59.54855169804455,1.5227202548656282,20.561475412279616,42.77581139119352,81.6,11.0,81.6,10.8,81.4,11.2,82.2,10.8,69.11963921223614,33.64247165077315,102.03969201890088,19.080958491191865,63.14295173940306,54.88186074992868,96.31183675821572,30.212759375007245
40.0,500.0,44.34573782095048,36.33570249394532,20.561475412279616,42.77581139119352,0.3037399981834165,56.947888135775045,59.54855169804455,1.5227202548656282,80.8,15.8,81.8,15.8,80.8,15.8,80.4,15.8,69.11963921223614,33.64247165077315,96.31183675821572,30.212759375007245,102.03969201890088,19.080958491191865,63.14295173940306,54.88186074992868
40.0,500.0,44.34573782095048,36.33570249394532,20.561475412279616,42.77581139119352,59.54855169804455,1.5227202548656282,0.3037399981834165,56.947888135775045,81.0,14.4,81.0,14.4,81.0,14.4,81.0,14.4,69.11963921223614,33.64247165077315,96.31183675821572,30.212759375007245,63.14295173940306,54.88186074992868,102.03969201890088,19.080958491191865
40.0,500.0,44.34573782095048,36.33570249394532,59.54855169804455,1.5227202548656282,0.3037399981834165,56.947888135775045,20.561475412279616,42.77581139119352,81.6,11.0,81.2,11.0,81.2,11.0,81.4,11.0,69.11963921223614,33.64247165077315,63.14295173940306,54.88186074992868,102.03969201890088,19.080958491191865,96.31183675821572,30.212759375007245
40.0,500.0,44.34573782095048,36.33570249394532,59.54855169804455,1.5227202548656282,20.561475412279616,42.77581139119352,0.3037399981834165,56.947888135775045,81.8,12.2,81.6,12.2,81.8,12.2,81.8,12.2,69.11963921223614,33.64247165077315,63.14295173940306,54.88186074992868,96.31183675821572,30.212759375007245,102.03969201890088,19.080958491191865
40.0,500.0,0.3037399981834165,56.947888135775045,44.34573782095048,36.33570249394532,20.561475412279616,42.77581139119352,59.54855169804455,1.5227202548656282,77.4,15.6,77.4,15.6,78.2,15.6,77.4,15.6,102.03969201890088,19.080958491191865,69.11963921223614,33.64247165077315,96.31183675821572,30.212759375007245,63.14295173940306,54.88186074992868
40.0,500.0,0.3037399981834165,56.947888135775045,44.34573782095048,36.33570249394532,59.54855169804455,1.5227202548656282,20.561475412279616,42.77581139119352,79.8,9.8,80.2,9.8,80.2,9.8,81.0,9.8,102.03969201890088,19.080958491191865,69.11963921223614,33.64247165077315,63.14295173940306,54.88186074992868,96.31183675821572,30.212759375007245
40.0,500.0,0.3037399981834165,56.947888135775045,20.561475412279616,42.77581139119352,44.34573782095048,36.33570249394532,59.54855169804455,1.5227202548656282,79.2,15.8,79.2,16.0,79.2,16.0,78.8,16.2,102.03969201890088,19.080958491191865,96.31183675821572,30.212759375007245,69.11963921223614,33.64247165077315,63.14295173940306,54.88186074992868
40.0,500.0,0.3037399981834165,56.947888135775045,20.561475412279616,42.77581139119352,59.54855169804455,1.5227202548656282,44.34573782095048,36.33570249394532,80.2,12.6,80.2,12.6,80.2,12.6,80.2,12.6,102.03969201890088,19.080958491191865,96.31183675821572,30.212759375007245,63.14295173940306,54.88186074992868,69.11963921223614,33.64247165077315
40.0,500.0,0.3037399981834165,56.947888135775045,59.54855169804455,1.5227202548656282,44.34573782095048,36.33570249394532,20.561475412279616,42.77581139119352,79.6,17.0,79.6,17.0,79.6,17.0,80.0,17.0,102.03969201890088,19.080958491191865,63.14295173940306,54.88186074992868,69.11963921223614,33.64247165077315,96.31183675821572,30.212759375007245
40.0,500.0,0.3037399981834165,56.947888135775045,59.54855169804455,1.5227202548656282,20.561475412279616,42.77581139119352,44.34573782095048,36.33570249394532,83.0,12.6,83.0,12.6,83.4,12.6,83.0,12.6,102.03969201890088,19.080958491191865,63.14295173940306,54.88186074992868,96.31183675821572,30.212759375007245,69.11963921223614,33.64247165077315
40.0,500.0,20.561475412279616,42.77581139119352,44.34573782095048,36.33570249394532,0.3037399981834165,56.947888135775045,59.54855169804455,1.5227202548656282,81.2,15.8,80.2,15.8,80.2,15.8,80.2,15.8,96.31183675821572,30.212759375007245,69.11963921223614,33.64247165077315,102.03969201890088,19.080958491191865,63.14295173940306,54.88186074992868
40.0,500.0,20.561475412279616,42.77581139119352,44.34573782095048,36.33570249394532,59.54855169804455,1.5227202548656282,0.3037399981834165,56.947888135775045,79.8,14.0,79.6,14.0,79.6,14.0,79.8,14.0,96.31183675821572,30.212759375007245,69.11963921223614,33.64247165077315,63.14295173940306,54.88186074992868,102.03969201890088,19.080958491191865
40.0,500.0,20.561475412279616,42.77581139119352,0.3037399981834165,56.947888135775045,44.34573782095048,36.33570249394532,59.54855169804455,1.5227202548656282,80.4,14.8,80.0,14.8,80.0,14.8,79.8,14.8,96.31183675821572,30.212759375007245,102.03969201890088,19.080958491191865,69.11963921223614,33.64247165077315,63.14295173940306,54.88186074992868
40.0,500.0,20.561475412279616,42.77581139119352,0.3037399981834165,56.947888135775045,59.54855169804455,1.5227202548656282,44.34573782095048,36.33570249394532,81.8,9.0,81.6,8.8,81.4,9.2,81.2,9.0,96.31183675821572,30.212759375007245,102.03969201890088,19.080958491191865,63.14295173940306,54.88186074992868,69.11963921223614,33.64247165077315
40.0,500.0,20.561475412279616,42.77581139119352,59.54855169804455,1.5227202548656282,44.34573782095048,36.33570249394532,0.3037399981834165,56.947888135775045,82.4,15.4,82.0,15.4,82.2,15.4,82.2,15.4,96.31183675821572,30.212759375007245,63.14295173940306,54.88186074992868,69.11963921223614,33.64247165077315,102.03969201890088,19.080958491191865
40.0,500.0,20.561475412279616,42.77581139119352,59.54855169804455,1.5227202548656282,0.3037399981834165,56.947888135775045,44.34573782095048,36.33570249394532,80.8,11.6,80.6,11.6,80.6,11.6,80.6,11.6,96.31183675821572,30.212759375007245,63.14295173940306,54.88186074992868,102.03969201890088,19.080958491191865,69.11963921223614,33.64247165077315
40.0,500.0,59.54855169804455,1.5227202548656282,44.34573782095048,36.33570249394532,0.3037399981834165,56.947888135775045,20.561475412279616,42.77581139119352,82.4,13.2,83.0,13.2,83.0,13.2,83.4,13.2,63.14295173940306,54.88186074992868,69.11963921223614,33.64247165077315,102.03969201890088,19.080958491191865,96.31183675821572,30.212759375007245
40.0,500.0,59.54855169804455,1.5227202548656282,44.34573782095048,36.33570249394532,20.561475412279616,42.77581139119352,0.3037399981834165,56.947888135775045,79.4,15.2,79.6,15.2,81.6,15.2,79.6,15.2,63.14295173940306,54.88186074992868,69.11963921223614,33.64247165077315,96.31183675821572,30.212759375007245,102.03969201890088,19.080958491191865
40.0,500.0,59.54855169804455,1.5227202548656282,0.3037399981834165,56.947888135775045,44.34573782095048,36.33570249394532,20.561475412279616,42.77581139119352,79.6,14.8,79.6,14.8,79.8,14.8,80.2,14.8,63.14295173940306,54.88186074992868,102.03969201890088,19.080958491191865,69.11963921223614,33.64247165077315,96.31183675821572,30.212759375007245
40.0,500.0,59.54855169804455,1.5227202548656282,0.3037399981834165,56.947888135775045,20.561475412279616,42.77581139119352,44.34573782095048,36.33570249394532,79.0,17.8,79.0,17.8,79.4,17.8,79.0,17.8,63.14295173940306,54.88186074992868,102.03969201890088,19.080958491191865,96.31183675821572,30.212759375007245,69.11963921223614,33.64247165077315
40.0,500.0,59.54855169804455,1.5227202548656282,20.561475412279616,42.77581139119352,44.34573782095048,36.33570249394532,0.3037399981834165,56.947888135775045,79.4,13.8,79.6,13.8,79.4,13.8,79.4,13.8,63.14295173940306,54.88186074992868,96.31183675821572,30.212759375007245,69.11963921223614,33.64247165077315,102.03969201890088,19.080958491191865
40.0,500.0,59.54855169804455,1.5227202548656282,20.561475412279616,42.77581139119352,0.3037399981834165,56.947888135775045,44.34573782095048,36.33570249394532,81.4,12.4,81.0,12.4,81.4,12.4,81.4,12.4,63.14295173940306,54.88186074992868,96.31183675821572,30.212759375007245,102.03969201890088,19.080958491191865,69.11963921223614,33.64247165077315
53.333333333333336,500.0,12.185706071055533,9.871360616351224,38.18921908201288,21.308982164732328,2.5780299027295883,43.858517242007046,58.72518985345108,37.79540027620673,99.0,34.4,100.0,34.4,99.6,34.4,99.6,34.4,105.4870983701237,42.7701507102508,95.23031178545357,37.39866491508085,102.74152660557768,33.8371447380889,87.49288860945316,32.99753032207517
53.333333333333336,500.0,12.185706071055533,9.871360616351224,58.72518985345108,37.79540027620673,38.18921908201288,21.308982164732328,2.5780299027295883,43.858517242007046,100.8,36.0,101.6,36.0,101.6,36.0,101.6,36.0,105.4870983701237,42.7701507102508,87.49288860945316,32.99753032207517,95.23031178545357,37.39866491508085,102.74152660557768,33.8371447380889
53.333333333333336,500.0,12.185706071055533,9.871360616351224,58.72518985345108,37.79540027620673,2.5780299027295883,43.858517242007046,38.18921908201288,21.308982164732328,101.0,36.2,101.6,36.0,101.6,35.8,101.6,36.2,105.4870983701237,42.7701507102508,87.49288860945316,32.99753032207517,102.74152660557768,33.8371447380889,95.23031178545357,37.39866491508085
53.333333333333336,500.0,12.185706071055533,9.871360616351224,2.5780299027295883,43.858517242007046,38.18921908201288,21.308982164732328,58.72518985345108,37.79540027620673,99.4,34.4,101.0,34.4,101.0,34.4,101.0,34.4,105.4870983701237,42.7701507102508,102.74152660557768,33.8371447380889,95.23031178545357,37.39866491508085,87.49288860945316,32.99753032207517
53.333333333333336,500.0,12.185706071055533,9.871360616351224,2.5780299027295883,43.858517242007046,58.72518985345108,37.79540027620673,38.18921908201288,21.308982164732328,101.2,35.4,101.8,34.8,101.2,34.8,101.2,35.4,105.4870983701237,42.7701507102508,102.74152660557768,33.8371447380889,87.49288860945316,32.99753032207517,95.23031178545357,37.39866491508085
53.333333333333336,500.0,38.18921908201288,21.308982164732328,12.185706071055533,9.871360616351224,58.72518985345108,37.79540027620673,2.5780299027295883,43.858517242007046,101.8,33.6,101.0,33.6,101.2,33.4,101.6,33.4,95.23031178545357,37.39866491508085,105.4870983701237,42.7701507102508,87.49288860945316,32.99753032207517,102.74152660557768,33.8371447380889
53.333333333333336,500.0,38.18921908201288,21.308982164732328,12.185706071055533,9.871360616351224,2.5780299027295883,43.858517242007046,58.72518985345108,37.79540027620673,101.6,36.0,101.0,36.0,101.6,36.0,101.6,36.0,95.23031178545357,37.39866491508085,105.4870983701237,42.7701507102508,102.74152660557768,33.8371447380889,87.49288860945316,32.99753032207517
53.333333333333336,500.0,38.18921908201288,21.308982164732328,58.72518985345108,37.79540027620673,12.185706071055533,9.871360616351224,2.5780299027295883,43.858517242007046,100.6,35.2,100.6,35.2,100.0,35.2,100.6,35.2,95.23031178545357,37.39866491508085,87.49288860945316,32.99753032207517,105.4870983701237,42.7701507102508,102.74152660557768,33.8371447380889
53.333333333333336,500.0,38.18921908201288,21.308982164732328,58.72518985345108,37.79540027620673,2.5780299027295883,43.858517242007046,12.185706071055533,9.871360616351224,101.8,37.4,101.8,37.4,101.8,37.4,101.2,37.4,95.23031178545357,37.39866491508085,87.49288860945316,32.99753032207517,102.74152660557768,33.8371447380889,105.4870983701237,42.7701507102508
53.333333333333336,500.0,38.18921908201288,21.308982164732328,2.5780299027295883,43.858517242007046,12.185706071055533,9.871360616351224,58.72518985345108,37.79540027620673,100.4,33.0,100.4,33.0,99.8,33.0,100.4,33.0,95.23031178545357,37.39866491508085,102.74152660557768,33.8371447380889,105.4870983701237,42.7701507102508,87.49288860945316,32.99753032207517
53.333333333333336,500.0,38.18921908201288,21.308982164732328,2.5780299027295883,43.858517242007046,58.72518985345108,37.79540027620673,12.185706071055533,9.871360616351224,100.2,33.6,100.2,33.6,100.2,33.6,99.0,33.6,95.23031178545357,37.39866491508085,102.74152660557768,33.8371447380889,87.49288860945316,32.99753032207517,105.4870983701237,42.7701507102508
53.333333333333336,500.0,58.72518985345108,37.79540027620673,12.185706071055533,9.871360616351224,38.18921908201288,21.308982164732328,2.5780299027295883,43.858517242007046,102.8,34.6,102.2,34.6,102.8,34.6,102.8,34.6,87.49288860945316,32.99753032207517,105.4870983701237,42.7701507102508,95.23031178545357,37.39866491508085,102.74152660557768,33.8371447380889
53.333333333333336,500.0,58.72518985345108,37.79540027620673,12.185706071055533,9.871360616351224,2.5780299027295883,43.858517242007046,38.18921908201288,21.308982164732328,101.0,37.0,100.8,37.2,101.0,36.8,101.0,37.2,87.49288860945316,32.99753032207517,105.4870983701237,42.7701507102508,102.74152660557768,33.8371447380889,95.23031178545357,37.39866491508085
53.333333333333336,500.0,58.72518985345108,37.79540027620673,38.18921908201288,21.308982164732328,12.185706071055533,9.871360616351224,2.5780299027295883,43.858517242007046,103.0,36.8,103.0,36.8,102.4,36.8,103.0,36.8,87.49288860945316,32.99753032207517,95.23031178545357,37.39866491508085,105.4870983701237,42.7701507102508,102.74152660557768,33.8371447380889
53.333333333333336,500.0,58.72518985345108,37.79540027620673,38.18921908201288,21.308982164732328,2.5780299027295883,43.858517242007046,12.185706071055533,9.871360616351224,103.4,35.4,103.4,35.4,103.4,35.4,103.0,35.4,87.49288860945316,32.99753032207517,95.23031178545357,37.39866491508085,102.74152660557768,33.8371447380889,105.4870983701237,42.7701507102508
53.333333333333336,500.0,58.72518985345108,37.79540027620673,2.5780299027295883,43.858517242007046,12.185706071055533,9.871360616351224,38.18921908201288,21.308982164732328,100.4,36.8,100.4,36.8,100.2,36.8,100.4,36.8,87.49288860945316,32.99753032207517,102.74152660557768,33.8371447380889,105.4870983701237,42.7701507102508,95.23031178545357,37.39866491508085
53.333333333333336,500.0,58.72518985345108,37.79540027620673,2.5780299027295883,43.858517242007046,38.18921908201288,21.308982164732328,12.185706071055533,9.871360616351224,100.6,36.2,100.6,36.2,100.6,36.2,99.8,36.2,87.49288860945316,32.99753032207517,102.74152660557768,33.8371447380889,95.23031178545357,37.39866491508085,105.4870983701237,42.7701507102508
53.333333333333336,500.0,2.5780299027295883,43.858517242007046,12.185706071055533,9.871360616351224,38.18921908201288,21.308982164732328,58.72518985345108,37.79540027620673,100.4,32.8,99.4,33.4,100.2,33.0,99.8,32.8,102.74152660557768,33.8371447380889,105.4870983701237,42.7701507102508,95.23031178545357,37.39866491508085,87.49288860945316,32.99753032207517
53.333333333333336,500.0,2.5780299027295883,43.858517242007046,12.185706071055533,9.871360616351224,58.72518985345108,37.79540027620673,38.18921908201288,21.308982164732328,101.2,35.2,100.2,36.2,100.6,35.4,100.6,36.0,102.74152660557768,33.8371447380889,105.4870983701237,42.7701507102508,87.49288860945316,32.99753032207517,95.23031178545357,37.39866491508085
53.333333333333336,500.0,2.5780299027295883,43.858517242007046,38.18921908201288,21.308982164732328,12.185706071055533,9.871360616351224,58.72518985345108,37.79540027620673,103.6,34.8,103.8,34.8,102.8,34.8,103.6,34.8,102.74152660557768,33.8371447380889,95.23031178545357,37.39866491508085,105.4870983701237,42.7701507102508,87.49288860945316,32.99753032207517
53.333333333333336,500.0,2.5780299027295883,43.858517242007046,38.18921908201288,21.308982164732328,58.72518985345108,37.79540027620673,12.185706071055533,9.871360616351224,100.4,34.4,100.2,34.6,99.8,34.4,99.8,35.0,102.74152660557768,33.8371447380889,95.23031178545357,37.39866491508085,87.49288860945316,32.99753032207517,105.4870983701237,42.7701507102508
53.333333333333336,500.0,2.5780299027295883,43.858517242007046,58.72518985345108,37.79540027620673,12.185706071055533,9.871360616351224,38.18921908201288,21.308982164732328,101.0,34.4,101.0,34.4,100.4,34.4,100.8,34.4,102.74152660557768,33.8371447380889,87.49288860945316,32.99753032207517,105.4870983701237,42.7701507102508,95.23031178545357,37.39866491508085
53.333333333333336,500.0,2.5780299027295883,43.858517242007046,58.72518985345108,37.79540027620673,38.18921908201288,21.308982164732328,12.185706071055533,9.871360616351224,100.8,33.4,100.8,33.4,100.8,33.4,100.0,33.4,102.74152660557768,33.8371447380889,87.49288860945316,32.99753032207517,95.23031178545357,37.39866491508085,105.4870983701237,42.7701507102508
53.333333333333336,500.0,35.82627493799728,53.58846969708266,43.20819699126219,7.507231169927746,12.730123982247626,51.94818559507895,11.735130422584266,27.941518173983763,93.2,22.6,94.0,48.6,82.0,22.6,81.8,35.8,86.09928968605267,36.150377586349,66.61115287764943,44.61826540730698,74.58367744625272,34.06414814478519,72.8406860774926,39.574244367316105
53.333333333333336,500.0,35.82627493799728,53.58846969708266,11.735130422584266,27.941518173983763,43.20819699126219,7.507231169927746,12.730123982247626,51.94818559507895,90.8,21.0,80.0,33.0,91.0,44.6,80.0,21.0,86.09928968605267,36.150377586349,72.8406860774926,39.574244367316105,66.61115287764943,44.61826540730698,74.58367744625272,34.06414814478519
53.333333333333336,500.0,35.82627493799728,53.58846969708266,11.735130422584266,27.941518173983763,12.730123982247626,51.94818559507895,43.20819699126219,7.507231169927746,93.4,22.4,79.8,37.0,80.0,22.4,93.8,51.2,86.09928968605267,36.150377586349,72.8406860774926,39.574244367316105,74.58367744625272,34.06414814478519,66.61115287764943,44.61826540730698
53.333333333333336,500.0,35.82627493799728,53.58846969708266,12.730123982247626,51.94818559507895,43.20819699126219,7.507231169927746,11.735130422584266,27.941518173983763,89.8,19.4,79.4,19.4,90.6,47.4,79.4,34.4,86.09928968605267,36.150377586349,74.58367744625272,34.06414814478519,66.61115287764943,44.61826540730698,72.8406860774926,39.574244367316105
53.333333333333336,500.0,35.82627493799728,53.58846969708266,12.730123982247626,51.94818559507895,11.735130422584266,27.941518173983763,43.20819699126219,7.507231169927746,91.2,22.6,80.6,22.6,80.2,36.2,92.2,49.0,86.09928968605267,36.150377586349,74.58367744625272,34.06414814478519,72.8406860774926,39.574244367316105,66.61115287764943,44.61826540730698
53.333333333333336,500.0,43.20819699126219,7.507231169927746,35.82627493799728,53.58846969708266,11.735130422584266,27.941518173983763,12.730123982247626,51.94818559507895,93.8,51.4,93.6,21.0,81.0,36.8,80.6,21.0,66.61115287764943,44.61826540730698,86.09928968605267,36.150377586349,72.8406860774926,39.574244367316105,74.58367744625272,34.06414814478519
53.333333333333336,500.0,43.20819699126219,7.507231169927746,35.82627493799728,53.58846969708266,12.730123982247626,51.94818559507895,11.735130422584266,27.941518173983763,92.4,47.6,92.2,20.2,80.6,20.2,80.6,34.8,66.61115287764943,44.61826540730698,86.09928968605267,36.150377586349,74.58367744625272,34.06414814478519,72.8406860774926,39.574244367316105
53.333333333333336,500.0,43.20819699126219,7.507231169927746,11.735130422584266,27.941518173983763,35.82627493799728,53.58846969708266,12.730123982247626,51.94818559507895,92.2,47.4,80.4,34.4,91.8,19.2,80.2,19.2,66.61115287764943,44.61826540730698,72.8406860774926,39.574244367316105,86.09928968605267,36.150377586349,74.58367744625272,34.06414814478519
53.333333333333336,500.0,43.20819699126219,7.507231169927746,11.735130422584266,27.941518173983763,12.730123982247626,51.94818559507895,35.82627493799728,53.58846969708266,93.0,49.0,80.2,35.6,80.8,20.4,92.2,20.4,66.61115287764943,44.61826540730698,72.8406860774926,39.574244367316105,74.58367744625272,34.06414814478519,86.09928968605267,36.150377586349
53.333333333333336,500.0,43.20819699126219,7.507231169927746,12.730123982247626,51.94818559507895,35.82627493799728,53.58846969708266,11.735130422584266,27.941518173983763,91.4,45.0,80.0,20.0,91.4,20.0,80.6,33.0,66.61115287764943,44.61826540730698,74.58367744625272,34.06414814478519,86.09928968605267,36.150377586349,72.8406860774926,39.574244367316105
53.333333333333336,500.0,43.20819699126219,7.507231169927746,12.730123982247626,51.94818559507895,11.735130422584266,27.941518173983763,35.82627493799728,53.58846969708266,96.0,51.0,83.0,22.6,82.6,37.2,95.6,22.6,66.61115287764943,44.61826540730698,74.58367744625272,34.06414814478519,72.8406860774926,39.574244367316105,86.09928968605267,36.150377586349
53.333333333333336,500.0,11.735130422584266,27.941518173983763,35.82627493799728,53.58846969708266,43.20819699126219,7.507231169927746,12.730123982247626,51.94818559507895,79.2,36.6,92.6,21.6,93.0,50.8,79.6,21.6,72.8406860774926,39.574244367316105,86.09928968605267,36.150377586349,66.61115287764943,44.61826540730698,74.58367744625272,34.06414814478519
53.333333333333336,500.0,11.735130422584266,27.941518173983763,35.82627493799728,53.58846969708266,12.730123982247626,51.94818559507895,43.20819699126219,7.507231169927746,79.6,38.2,92.8,22.4,79.6,22.4,93.0,53.2,72.8406860774926,39.574244367316105,86.09928968605267,36.150377586349,74.58367744625272,34.06414814478519,66.61115287764943,44.61826540730698
53.333333333333336,500.0,11.735130422584266,27.941518173983763,43.20819699126219,7.507231169927746,35.82627493799728,53.58846969708266,12.730123982247626,51.94818559507895,82.2,37.6,96.4,52.2,95.6,21.6,82.6,21.6,72.8406860774926,39.574244367316105,66.61115287764943,44.61826540730698,86.09928968605267,36.150377586349,74.58367744625272,34.06414814478519
53.333333333333336,500.0,11.735130422584266,27.941518173983763,43.20819699126219,7.507231169927746,12.730123982247626,51.94818559507895,35.82627493799728,53.58846969708266,81.6,36.8,94.6,50.0,81.8,23.2,94.2,23.2,72.8406860774926,39.574244367316105,66.61115287764943,44.61826540730698,74.58367744625272,34.06414814478519,86.09928968605267,36.150377586349
53.333333333333336,500.0,11.735130422584266,27.941518173983763,12.730123982247626,51.94818559507895,35.82627493799728,53.58846969708266,43.20819699126219,7.507231169927746,82.4,37.2,83.0,22.8,93.2,22.8,94.0,50.0,72.8406860774926,39.574244367316105,74.58367744625272,34.06414814478519,86.09928968605267,36.150377586349,66.61115287764943,44.61826540730698
53.333333333333336,500.0,11.735130422584266,27.941518173983763,12.730123982247626,51.94818559507895,43.20819699126219,7.507231169927746,35.82627493799728,53.58846969708266,80.8,35.2,81.0,20.0,95.0,50.0,94.6,20.0,72.8406860774926,39.574244367316105,74.58367744625272,34.06414814478519,66.61115287764943,44.61826540730698,86.09928968605267,36.150377586349
53.333333333333336,500.0,12.730123982247626,51.94818559507895,35.82627493799728,53.58846969708266,43.20819699126219,7.507231169927746,11.735130422584266,27.941518173983763,82.8,21.8,93.0,21.8,93.4,47.4,82.6,35.4,74.58367744625272,34.06414814478519,86.09928968605267,36.150377586349,66.61115287764943,44.61826540730698,72.8406860774926,39.574244367316105
53.333333333333336,500.0,12.730123982247626,51.94818559507895,35.82627493799728,53.58846969708266,11.735130422584266,27.941518173983763,43.20819699126219,7.507231169927746,82.0,20.6,92.0,20.6,81.4,34.2,93.6,47.4,74.58367744625272,34.06414814478519,86.09928968605267,36.150377586349,72.8406860774926,39.574244367316105,66.61115287764943,44.61826540730698
53.333333333333336,500.0,12.730123982247626,51.94818559507895,43.20819699126219,7.507231169927746,35.82627493799728,53.58846969708266,11.735130422584266,27.941518173983763,80.0,20.2,91.8,48.6,91.4,20.2,79.6,35.4,74.58367744625272,34.06414814478519,66.61115287764943,44.61826540730698,86.09928968605267,36.150377586349,72.8406860774926,39.574244367316105
53.333333333333336,500.0,12.730123982247626,51.94818559507895,43.20819699126219,7.507231169927746,11.735130422584266,27.941518173983763,35.82627493799728,53.58846969708266,81.6,22.6,93.8,52.6,80.8,38.4,92.8,22.6,74.58367744625272,34.06414814478519,66.61115287764943,44.61826540730698,72.8406860774926,39.574244367316105,86.09928968605267,36.150377586349
53.333333333333336,500.0,12.730123982247626,51.94818559507895,11.735130422584266,27.941518173983763,35.82627493799728,53.58846969708266,43.20819699126219,7.507231169927746,83.2,21.2,82.6,33.8,92.4,21.2,93.4,45.2,74.58367744625272,34.06414814478519,72.8406860774926,39.574244367316105,86.09928968605267,36.150377586349,66.61115287764943,44.61826540730698
53.333333333333336,500.0,12.730123982247626,51.94818559507895,11.735130422584266,27.941518173983763,43.20819699126219,7.507231169927746,35.82627493799728,53.58846969708266,79.2,20.8,79.4,34.0,91.0,46.2,89.6,20.8,74.58367744625272,34.06414814478519,72.8406860774926,39.574244367316105,66.61115287764943,44.61826540730698,86.09928968605267,36.150377586349
53.333333333333336,500.0,54.54792674276843,52.36671813014358,26.083593019704068,55.73514920181355,53.37758006349498,9.829793063811872,7.387638858235346,41.06335839119891,98.2,22.2,98.2,22.2,98.2,22.2,98.2,22.2,83.99104618798395,41.91052422246855,96.56492530248026,40.5225947600586,97.673413671521,57.75178413485629,106.5714066502074,49.154793236272006
53.333333333333336,500.0,54.54792674276843,52.36671813014358,7.387638858235346,41.06335839119891,26.083593019704068,55.73514920181355,53.37758006349498,9.829793063811872,95.6,24.6,95.6,24.8,95.2,24.6,95.2,25.0,83.99104618798395,41.91052422246855,106.5714066502074,49.154793236272006,96.56492530248026,40.5225947600586,97.673413671521,57.75178413485629
53.333333333333336,500.0,54.54792674276843,52.36671813014358,7.387638858235346,41.06335839119891,53.37758006349498,9.829793063811872,26.083593019704068,55.73514920181355,96.6,24.8,97.2,25.0,96.8,25.2,97.2,24.8,83.99104618798395,41.91052422246855,106.5714066502074,49.154793236272006,97.673413671521,57.75178413485629,96.56492530248026,40.5225947600586
53.333333333333336,500.0,54.54792674276843,52.36671813014358,53.37758006349498,9.829793063811872,26.083593019704068,55.73514920181355,7.387638858235346,41.06335839119891,97.4,22.8,97.4,23.6,97.8,22.8,98.2,23.2,83.99104618798395,41.91052422246855,97.673413671521,57.75178413485629,96.56492530248026,40.5225947600586,106.5714066502074,49.154793236272006
53.333333333333336,500.0,54.54792674276843,52.36671813014358,53.37758006349498,9.829793063811872,7.387638858235346,41.06335839119891,26.083593019704068,55.73514920181355,95.0,20.0,94.6,20.4,95.0,20.2,94.6,20.0,83.99104618798395,41.91052422246855,97.673413671521,57.75178413485629,106.5714066502074,49.154793236272006,96.56492530248026,40.5225947600586
53.333333333333336,500.0,26.083593019704068,55.73514920181355,54.54792674276843,52.36671813014358,7.387638858235346,41.06335839119891,53.37758006349498,9.829793063811872,95.4,21.0,96.0,21.0,95.4,21.0,95.4,21.0,96.56492530248026,40.5225947600586,83.99104618798395,41.91052422246855,106.5714066502074,49.154793236272006,97.673413671521,57.75178413485629
53.333333333333336,500.0,26.083593019704068,55.73514920181355,54.54792674276843,52.36671813014358,53.37758006349498,9.829793063811872,7.387638858235346,41.06335839119891,98.4,22.4,98.4,22.4,98.4,22.4,98.4,22.4,96.56492530248026,40.5225947600586,83.99104618798395,41.91052422246855,97.673413671521,57.75178413485629,106.5714066502074,49.154793236272006
53.333333333333336,500.0,26.083593019704068,55.73514920181355,7.387638858235346,41.06335839119891,54.54792674276843,52.36671813014358,53.37758006349498,9.829793063811872,98.4,26.0,98.8,26.2,98.6,26.0,98.4,26.4,96.56492530248026,40.5225947600586,106.5714066502074,49.154793236272006,83.99104618798395,41.91052422246855,97.673413671521,57.75178413485629
53.333333333333336,500.0,26.083593019704068,55.73514920181355,7.387638858235346,41.06335839119891,53.37758006349498,9.829793063811872,54.54792674276843,52.36671813014358,96.8,24.4,97.2,24.6,96.8,24.8,97.2,24.4,96.56492530248026,40.5225947600586,106.5714066502074,49.154793236272006,97.673413671521,57.75178413485629,83.99104618798395,41.91052422246855
53.333333333333336,500.0,26.083593019704068,55.73514920181355,53.37758006349498,9.829793063811872,54.54792674276843,52.36671813014358,7.387638858235346,41.06335839119891,95.8,23.6,95.8,24.0,95.8,23.6,96.2,23.8,96.56492530248026,40.5225947600586,97.673413671521,57.75178413485629,83.99104618798395,41.91052422246855,106.5714066502074,49.154793236272006
53.333333333333336,500.0,26.083593019704068,55.73514920181355,53.37758006349498,9.829793063811872,7.387638858235346,41.06335839119891,54.54792674276843,52.36671813014358,98.2,24.4,98.2,24.8,98.8,24.2,99.0,24.2,96.56492530248026,40.5225947600586,97.673413671521,57.75178413485629,106.5714066502074,49.154793236272006,83.99104618798395,41.91052422246855
53.333333333333336,500.0,7.387638858235346,41.06335839119891,54.54792674276843,52.36671813014358,26.083593019704068,55.73514920181355,53.37758006349498,9.829793063811872,94.2,21.2,94.0,21.0,94.2,21.0,93.8,21.4,106.5714066502074,49.154793236272006,83.99104618798395,41.91052422246855,96.56492530248026,40.5225947600586,97.673413671521,57.75178413485629
53.333333333333336,500.0,7.387638858235346,41.06335839119891,54.54792674276843,52.36671813014358,53.37758006349498,9.829793063811872,26.083593019704068,55.73514920181355,98.2,24.4,98.0,24.2,97.8,24.6,97.8,24.2,106.5714066502074,49.154793236272006,83.99104618798395,41.91052422246855,97.673413671521,57.75178413485629,96.56492530248026,40.5225947600586
53.333333333333336,500.0,7.387638858235346,41.06335839119891,26.083593019704068,55.73514920181355,54.54792674276843,52.36671813014358,53.37758006349498,9.829793063811872,96.2,20.4,96.2,20.4,96.2,20.4,96.2,20.4,106.5714066502074,49.154793236272006,96.56492530248026,40.5225947600586,83.99104618798395,41.91052422246855,97.673413671521,57.75178413485629
53.333333333333336,500.0,7.387638858235346,41.06335839119891,26.083593019704068,55.73514920181355,53.37758006349498,9.829793063811872,54.54792674276843,52.36671813014358,95.0,22.0,95.0,22.0,95.0,22.0,95.6,22.0,106.5714066502074,49.154793236272006,96.56492530248026,40.5225947600586,97.673413671521,57.75178413485629,83.99104618798395,41.91052422246855
53.333333333333336,500.0,7.387638858235346,41.06335839119891,53.37758006349498,9.829793063811872,54.54792674276843,52.36671813014358,26.083593019704068,55.73514920181355,94.2,22.8,94.2,22.8,95.2,22.8,94.2,22.8,106.5714066502074,49.154793236272006,97.673413671521,57.75178413485629,83.99104618798395,41.91052422246855,96.56492530248026,40.5225947600586
53.333333333333336,500.0,7.387638858235346,41.06335839119891,53.37758006349498,9.829793063811872,26.083593019704068,55.73514920181355,54.54792674276843,52.36671813014358,96.2,23.0,96.2,23.0,96.2,23.0,96.4,23.0,106.5714066502074,49.154793236272006,97.673413671521,57.75178413485629,96.56492530248026,40.5225947600586,83.99104618798395,41.91052422246855
53.333333333333336,500.0,53.37758006349498,9.829793063811872,54.54792674276843,52.36671813014358,26.083593019704068,55.73514920181355,7.387638858235346,41.06335839119891,98.8,25.6,99.0,25.6,98.8,25.6,98.8,25.6,97.673413671521,57.75178413485629,83.99104618798395,41.91052422246855,96.56492530248026,40.5225947600586,106.5714066502074,49.154793236272006
53.333333333333336,500.0,53.37758006349498,9.829793063811872,54.54792674276843,52.36671813014358,7.387638858235346,41.06335839119891,26.083593019704068,55.73514920181355,96.4,20.0,96.6,20.0,96.4,20.0,96.4,20.0,97.673413671521,57.75178413485629,83.99104618798395,41.91052422246855,106.5714066502074,49.154793236272006,96.56492530248026,40.5225947600586
53.333333333333336,500.0,53.37758006349498,9.829793063811872,26.083593019704068,55.73514920181355,54.54792674276843,52.36671813014358,7.387638858235346,41.06335839119891,98.6,23.8,98.6,23.4,98.8,23.4,99.0,23.6,97.673413671521,57.75178413485629,96.56492530248026,40.5225947600586,83.99104618798395,41.91052422246855,106.5714066502074,49.154793236272006
53.333333333333336,500.0,53.37758006349498,9.829793063811872,26.083593019704068,55.73514920181355,7.387638858235346,41.06335839119891,54.54792674276843,52.36671813014358,97.0,25.2,97.0,24.8,97.4,25.0,97.0,24.8,97.673413671521,57.75178413485629,96.56492530248026,40.5225947600586,106.5714066502074,49.154793236272006,83.99104618798395,41.91052422246855
53.333333333333336,500.0,53.37758006349498,9.829793063811872,7.387638858235346,41.06335839119891,54.54792674276843,52.36671813014358,26.083593019704068,55.73514920181355,97.2,22.6,97.6,22.4,97.4,22.2,97.6,22.2,97.673413671521,57.75178413485629,106.5714066502074,49.154793236272006,83.99104618798395,41.91052422246855,96.56492530248026,40.5225947600586
53.333333333333336,500.0,53.37758006349498,9.829793063811872,7.387638858235346,41.06335839119891,26.083593019704068,55.73514920181355,54.54792674276843,52.36671813014358,96.8,24.2,96.8,24.2,96.8,24.2,97.6,24.2,97.673413671521,57.75178413485629,106.5714066502074,49.154793236272006,96.56492530248026,40.5225947600586,83.99104618798395,41.91052422246855
53.333333333333336,500.0,56.55109035401546,42.16580384118928,1.3107137636651212,1.4520721328146746,25.28609564503224,25.513188285786125,28.47421354476287,46.709608125055446,102.4,7.8,104.6,10.4,103.6,10.0,102.6,8.8,94.08874092994914,28.581597398940552,107.20493019800348,38.85477378244288,84.94734186417827,33.27070277746749,96.86072164232884,28.825627835794823
53.333333333333336,500.0,56.55109035401546,42.16580384118928,28.47421354476287,46.709608125055446,1.3107137636651212,1.4520721328146746,25.28609564503224,25.513188285786125,110.8,13.6,110.8,13.6,110.8,13.6,110.8,13.6,94.08874092994914,28.581597398940552,96.86072164232884,28.825627835794823,107.20493019800348,38.85477378244288,84.94734186417827,33.27070277746749
53.333333333333336,500.0,56.55109035401546,42.16580384118928,28.47421354476287,46.709608125055446,25.28609564503224,25.513188285786125,1.3107137636651212,1.4520721328146746,105.0,15.8,105.0,16.0,105.2,16.2,105.4,16.2,94.08874092994914,28.581597398940552,96.86072164232884,28.825627835794823,84.94734186417827,33.27070277746749,107.20493019800348,38.85477378244288
53.333333333333336,500.0,56.55109035401546,42.16580384118928,25.28609564503224,25.513188285786125,1.3107137636651212,1.4520721328146746,28.47421354476287,46.709608125055446,107.2,14.0,107.4,14.4,107.6,14.4,107.2,14.2,94.08874092994914,28.581597398940552,84.94734186417827,33.27070277746749,107.20493019800348,38.85477378244288,96.86072164232884,28.825627835794823
53.333333333333336,500.0,56.55109035401546,42.16580384118928,25.28609564503224,25.513188285786125,28.47421354476287,46.709608125055446,1.3107137636651212,1.4520721328146746,107.6,6.2,108.4,7.8,107.6,7.0,109.2,7.8,94.08874092994914,28.581597398940552,84.94734186417827,33.27070277746749,96.86072164232884,28.825627835794823,107.20493019800348,38.85477378244288
53.333333333333336,500.0,1.3107137636651212,1.4520721328146746,56.55109035401546,42.16580384118928,28.47421354476287,46.709608125055446,25.28609564503224,25.513188285786125,104.0,11.2,103.6,10.8,103.6,11.0,103.8,11.2,107.20493019800348,38.85477378244288,94.08874092994914,28.581597398940552,96.86072164232884,28.825627835794823,84.94734186417827,33.27070277746749
53.333333333333336,500.0,1.3107137636651212,1.4520721328146746,56.55109035401546,42.16580384118928,25.28609564503224,25.513188285786125,28.47421354476287,46.709608125055446,106.8,10.2,105.8,9.4,106.4,10.2,106.0,9.8,107.20493019800348,38.85477378244288,94.08874092994914,28.581597398940552,84.94734186417827,33.27070277746749,96.86072164232884,28.825627835794823
53.333333333333336,500.0,1.3107137636651212,1.4520721328146746,28.47421354476287,46.709608125055446,56.55109035401546,42.16580384118928,25.28609564503224,25.513188285786125,107.8,12.6,107.0,11.2,106.8,11.0,107.4,12.4,107.20493019800348,38.85477378244288,96.86072164232884,28.825627835794823,94.08874092994914,28.581597398940552,84.94734186417827,33.27070277746749
53.333333333333336,500.0,1.3107137636651212,1.4520721328146746,28.47421354476287,46.709608125055446,25.28609564503224,25.513188285786125,56.55109035401546,42.16580384118928,107.4,14.0,106.2,13.0,106.8,14.2,106.2,12.6,107.20493019800348,38.85477378244288,96.86072164232884,28.825627835794823,84.94734186417827,33.27070277746749,94.08874092994914,28.581597398940552
53.333333333333336,500.0,1.3107137636651212,1.4520721328146746,25.28609564503224,25.513188285786125,56.55109035401546,42.16580384118928,28.47421354476287,46.709608125055446,106.2,10.8,106.0,10.8,105.8,10.4,105.8,10.6,107.20493019800348,38.85477378244288,84.94734186417827,33.27070277746749,94.08874092994914,28.581597398940552,96.86072164232884,28.825627835794823
53.333333333333336,500.0,1.3107137636651212,1.4520721328146746,25.28609564503224,25.513188285786125,28.47421354476287,46.709608125055446,56.55109035401546,42.16580384118928,101.6,14.6,100.8,14.6,100.4,14.0,100.4,13.4,107.20493019800348,38.85477378244288,84.94734186417827,33.27070277746749,96.86072164232884,28.825627835794823,94.08874092994914,28.581597398940552
53.333333333333336,500.0,28.47421354476287,46.709608125055446,56.55109035401546,42.16580384118928,1.3107137636651212,1.4520721328146746,25.28609564503224,25.513188285786125,107.2,10.8,106.8,10.2,108.4,11.8,107.6,11.6,96.86072164232884,28.825627835794823,94.08874092994914,28.581597398940552,107.20493019800348,38.85477378244288,84.94734186417827,33.27070277746749
53.333333333333336,500.0,28.47421354476287,46.709608125055446,56.55109035401546,42.16580384118928,25.28609564503224,25.513188285786125,1.3107137636651212,1.4520721328146746,106.4,11.8,106.4,11.6,106.6,12.0,106.8,12.0,96.86072164232884,28.825627835794823,94.08874092994914,28.581597398940552,84.94734186417827,33.27070277746749,107.20493019800348,38.85477378244288
53.333333333333336,500.0,28.47421354476287,46.709608125055446,1.3107137636651212,1.4520721328146746,56.55109035401546,42.16580384118928,25.28609564503224,25.513188285786125,107.2,11.4,107.6,11.6,107.2,11.2,107.4,11.6,96.86072164232884,28.825627835794823,107.20493019800348,38.85477378244288,94.08874092994914,28.581597398940552,84.94734186417827,33.27070277746749
53.333333333333336,500.0,28.47421354476287,46.709608125055446,1.3107137636651212,1.4520721328146746,25.28609564503224,25.513188285786125,56.55109035401546,42.16580384118928,112.4,11.4,113.6,12.0,113.0,12.0,112.2,10.8,96.86072164232884,28.825627835794823,107.20493019800348,38.85477378244288,84.94734186417827,33.27070277746749,94.08874092994914,28.581597398940552
53.333333333333336,500.0,28.47421354476287,46.709608125055446,25.28609564503224,25.513188285786125,56.55109035401546,42.16580384118928,1.3107137636651212,1.4520721328146746,106.0,9.2,106.8,10.0,105.8,8.4,107.6,10.0,96.86072164232884,28.825627835794823,84.94734186417827,33.27070277746749,94.08874092994914,28.581597398940552,107.20493019800348,38.85477378244288
53.333333333333336,500.0,28.47421354476287,46.709608125055446,25.28609564503224,25.513188285786125,1.3107137636651212,1.4520721328146746,56.55109035401546,42.16580384118928,105.0,12.4,105.6,13.2,106.2,13.6,104.8,11.8,96.86072164232884,28.825627835794823,84.94734186417827,33.27070277746749,107.20493019800348,38.85477378244288,94.08874092994914,28.581597398940552
53.333333333333336,500.0,25.28609564503224,25.513188285786125,56.55109035401546,42.16580384118928,1.3107137636651212,1.4520721328146746,28.47421354476287,46.709608125055446,107.6,12.2,106.6,10.6,108.4,12.2,106.8,11.4,84.94734186417827,33.27070277746749,94.08874092994914,28.581597398940552,107.20493019800348,38.85477378244288,96.86072164232884,28.825627835794823
53.333333333333336,500.0,25.28609564503224,25.513188285786125,56.55109035401546,42.16580384118928,28.47421354476287,46.709608125055446,1.3107137636651212,1.4520721328146746,111.0,10.4,111.0,10.4,111.0,10.4,111.0,10.4,84.94734186417827,33.27070277746749,94.08874092994914,28.581597398940552,96.86072164232884,28.825627835794823,107.20493019800348,38.85477378244288
53.333333333333336,500.0,25.28609564503224,25.513188285786125,1.3107137636651212,1.4520721328146746,56.55109035401546,42.16580384118928,28.47421354476287,46.709608125055446,109.8,12.0,110.8,12.0,108.8,10.0,108.8,11.0,84.94734186417827,33.27070277746749,107.20493019800348,38.85477378244288,94.08874092994914,28.581597398940552,96.86072164232884,28.825627835794823
53.333333333333336,500.0,25.28609564503224,25.513188285786125,1.3107137636651212,1.4520721328146746,28.47421354476287,46.709608125055446,56.55109035401546,42.16580384118928,104.0,14.2,104.8,14.2,103.2,13.4,103.2,12.6,84.94734186417827,33.27070277746749,107.20493019800348,38.85477378244288,96.86072164232884,28.825627835794823,94.08874092994914,28.581597398940552
53.333333333333336,500.0,25.28609564503224,25.513188285786125,28.47421354476287,46.709608125055446,56.55109035401546,42.16580384118928,1.3107137636651212,1.4520721328146746,105.0,13.0,104.4,12.4,104.4,11.8,105.6,13.0,84.94734186417827,33.27070277746749,96.86072164232884,28.825627835794823,94.08874092994914,28.581597398940552,107.20493019800348,38.85477378244288
53.333333333333336,500.0,25.28609564503224,25.513188285786125,28.47421354476287,46.709608125055446,1.3107137636651212,1.4520721328146746,56.55109035401546,42.16580384118928,103.6,13.0,103.0,12.4,104.2,13.0,103.0,11.8,84.94734186417827,33.27070277746749,96.86072164232884,28.825627835794823,107.20493019800348,38.85477378244288,94.08874092994914,28.581597398940552
53.333333333333336,500.0,26.29761949961138,10.622057669513667,8.159263100887744,35.044372623225776,51.436652017042434,17.332232140959412,56.50747002159251,44.56407627355854,100.8,49.8,113.0,36.6,97.8,49.8,85.6,35.6,73.45161389953289,41.67529388823693,78.0704323488572,35.80535494562437,63.83478743166416,39.11666349932587,72.90451757787163,31.55501120296068
53.333333333333336,500.0,26.29761949961138,10.622057669513667,56.50747002159251,44.56407627355854,8.159263100887744,35.044372623225776,51.436652017042434,17.332232140959412,100.0,50.8,85.4,36.4,113.6,37.0,98.6,50.8,73.45161389953289,41.67529388823693,72.90451757787163,31.55501120296068,78.0704323488572,35.80535494562437,63.83478743166416,39.11666349932587
53.333333333333336,500.0,26.29761949961138,10.622057669513667,56.50747002159251,44.56407627355854,51.436652017042434,17.332232140959412,8.159263100887744,35.044372623225776,101.4,46.6,89.6,34.8,100.2,46.4,112.8,35.2,73.45161389953289,41.67529388823693,72.90451757787163,31.55501120296068,63.83478743166416,39.11666349932587,78.0704323488572,35.80535494562437
53.333333333333336,500.0,26.29761949961138,10.622057669513667,51.436652017042434,17.332232140959412,8.159263100887744,35.044372623225776,56.50747002159251,44.56407627355854,99.2,52.0,99.0,52.0,113.4,38.0,85.2,37.8,73.45161389953289,41.67529388823693,63.83478743166416,39.11666349932587,78.0704323488572,35.80535494562437,72.90451757787163,31.55501120296068
53.333333333333336,500.0,26.29761949961138,10.622057669513667,51.436652017042434,17.332232140959412,56.50747002159251,44.56407627355854,8.159263100887744,35.044372623225776,99.6,52.4,96.6,52.4,82.6,36.4,113.6,37.4,73.45161389953289,41.67529388823693,63.83478743166416,39.11666349932587,72.90451757787163,31.55501120296068,78.0704323488572,35.80535494562437
53.333333333333336,500.0,8.159263100887744,35.044372623225776,26.29761949961138,10.622057669513667,56.50747002159251,44.56407627355854,51.436652017042434,17.332232140959412,113.6,35.6,100.4,49.8,85.6,35.2,98.4,49.6,78.0704323488572,35.80535494562437,73.45161389953289,41.67529388823693,72.90451757787163,31.55501120296068,63.83478743166416,39.11666349932587
53.333333333333336,500.0,8.159263100887744,35.044372623225776,26.29761949961138,10.622057669513667,51.436652017042434,17.332232140959412,56.50747002159251,44.56407627355854,111.8,35.0,99.6,47.8,97.0,47.8,85.2,34.0,78.0704323488572,35.80535494562437,73.45161389953289,41.67529388823693,63.83478743166416,39.11666349932587,72.90451757787163,31.55501120296068
53.333333333333336,500.0,8.159263100887744,35.044372623225776,56.50747002159251,44.56407627355854,26.29761949961138,10.622057669513667,51.436652017042434,17.332232140959412,111.6,35.4,84.2,34.8,98.2,48.8,97.0,48.8,78.0704323488572,35.80535494562437,72.90451757787163,31.55501120296068,73.45161389953289,41.67529388823693,63.83478743166416,39.11666349932587
53.333333333333336,500.0,8.159263100887744,35.044372623225776,56.50747002159251,44.56407627355854,51.436652017042434,17.332232140959412,26.29761949961138,10.622057669513667,111.6,36.4,83.6,36.0,97.0,50.2,98.2,50.2,78.0704323488572,35.80535494562437,72.90451757787163,31.55501120296068,63.83478743166416,39.11666349932587,73.45161389953289,41.67529388823693
53.333333333333336,500.0,8.159263100887744,35.044372623225776,51.436652017042434,17.332232140959412,26.29761949961138,10.622057669513667,56.50747002159251,44.56407627355854,112.0,35.6,97.0,48.6,100.0,48.6,85.0,34.6,78.0704323488572,35.80535494562437,63.83478743166416,39.11666349932587,73.45161389953289,41.67529388823693,72.90451757787163,31.55501120296068
53.333333333333336,500.0,8.159263100887744,35.044372623225776,51.436652017042434,17.332232140959412,56.50747002159251,44.56407627355854,26.29761949961138,10.622057669513667,114.4,35.4,99.4,48.4,87.4,34.4,101.8,48.4,78.0704323488572,35.80535494562437,63.83478743166416,39.11666349932587,72.90451757787163,31.55501120296068,73.45161389953289,41.67529388823693
53.333333333333336,500.0,56.50747002159251,44.56407627355854,26.29761949961138,10.622057669513667,8.159263100887744,35.044372623225776,51.436652017042434,17.332232140959412,85.6,36.2,98.2,48.6,110.6,36.2,98.2,48.6,72.90451757787163,31.55501120296068,73.45161389953289,41.67529388823693,78.0704323488572,35.80535494562437,63.83478743166416,39.11666349932587
53.333333333333336,500.0,56.50747002159251,44.56407627355854,26.29761949961138,10.622057669513667,51.436652017042434,17.332232140959412,8.159263100887744,35.044372623225776,83.2,36.8,97.8,50.8,95.6,50.8,110.4,37.6,72.90451757787163,31.55501120296068,73.45161389953289,41.67529388823693,63.83478743166416,39.11666349932587,78.0704323488572,35.80535494562437
53.333333333333336,500.0,56.50747002159251,44.56407627355854,8.159263100887744,35.044372623225776,26.29761949961138,10.622057669513667,51.436652017042434,17.332232140959412,83.2,37.0,114.4,38.0,100.2,53.0,97.4,53.0,72.90451757787163,31.55501120296068,78.0704323488572,35.80535494562437,73.45161389953289,41.67529388823693,63.83478743166416,39.11666349932587
53.333333333333336,500.0,56.50747002159251,44.56407627355854,8.159263100887744,35.044372623225776,51.436652017042434,17.332232140959412,26.29761949961138,10.622057669513667,89.0,34.0,111.8,34.6,99.6,45.6,100.6,45.6,72.90451757787163,31.55501120296068,78.0704323488572,35.80535494562437,63.83478743166416,39.11666349932587,73.45161389953289,41.67529388823693
53.333333333333336,500.0,56.50747002159251,44.56407627355854,51.436652017042434,17.332232140959412,26.29761949961138,10.622057669513667,8.159263100887744,35.044372623225776,86.2,35.4,98.6,48.2,98.6,48.2,111.6,35.6,72.90451757787163,31.55501120296068,63.83478743166416,39.11666349932587,73.45161389953289,41.67529388823693,78.0704323488572,35.80535494562437
53.333333333333336,500.0,56.50747002159251,44.56407627355854,51.436652017042434,17.332232140959412,8.159263100887744,35.044372623225776,26.29761949961138,10.622057669513667,86.4,35.4,98.8,48.2,111.8,35.6,99.4,48.2,72.90451757787163,31.55501120296068,63.83478743166416,39.11666349932587,78.0704323488572,35.80535494562437,73.45161389953289,41.67529388823693
53.333333333333336,500.0,51.436652017042434,17.332232140959412,26.29761949961138,10.622057669513667,8.159263100887744,35.044372623225776,56.50747002159251,44.56407627355854,94.8,49.0,98.6,49.2,110.2,36.0,83.6,35.0,63.83478743166416,39.11666349932587,73.45161389953289,41.67529388823693,78.0704323488572,35.80535494562437,72.90451757787163,31.55501120296068
53.333333333333336,500.0,51.436652017042434,17.332232140959412,26.29761949961138,10.622057669513667,56.50747002159251,44.56407627355854,8.159263100887744,35.044372623225776,99.6,48.8,99.8,48.8,86.8,35.8,112.8,36.0,63.83478743166416,39.11666349932587,73.45161389953289,41.67529388823693,72.90451757787163,31.55501120296068,78.0704323488572,35.80535494562437
53.333333333333336,500.0,51.436652017042434,17.332232140959412,8.159263100887744,35.044372623225776,26.29761949961138,10.622057669513667,56.50747002159251,44.56407627355854,99.8,50.4,114.4,36.6,100.8,50.4,86.4,36.2,63.83478743166416,39.11666349932587,78.0704323488572,35.80535494562437,73.45161389953289,41.67529388823693,72.90451757787163,31.55501120296068
53.333333333333336,500.0,51.436652017042434,17.332232140959412,8.159263100887744,35.044372623225776,56.50747002159251,44.56407627355854,26.29761949961138,10.622057669513667,95.8,50.8,110.4,37.4,83.0,36.8,97.4,50.8,63.83478743166416,39.11666349932587,78.0704323488572,35.80535494562437,72.90451757787163,31.55501120296068,73.45161389953289,41.67529388823693
53.333333333333336,500.0,51.436652017042434,17.332232140959412,56.50747002159251,44.56407627355854,26.29761949961138,10.622057669513667,8.159263100887744,35.044372623225776,96.6,47.8,85.4,35.0,97.6,47.8,110.2,35.8,63.83478743166416,39.11666349932587,72.90451757787163,31.55501120296068,73.45161389953289,41.67529388823693,78.0704323488572,35.80535494562437
53.333333333333336,500.0,51.436652017042434,17.332232140959412,56.50747002159251,44.56407627355854,8.159263100887744,35.044372623225776,26.29761949961138,10.622057669513667,96.6,47.2,85.4,34.8,109.6,35.4,98.2,47.2,63.83478743166416,39.11666349932587,72.90451757787163,31.55501120296068,78.0704323488572,35.80535494562437,73.45161389953289,41.67529388823693
53.333333333333336,500.0,25.588670881418164,38.09203944321389,3.4764116466160577,46.7646209904263,19.04502096122945,3.7262675310507687,51.89543429029944,57.23531273787504,86.6,36.4,86.4,36.4,86.4,36.4,86.4,36.4,90.41466675243136,13.341099117566372,87.53800935086431,13.113639533290446,80.6309663203516,20.29679464192339,79.29783484847799,7.815829851720004
53.333333333333336,500.0,25.588670881418164,38.09203944321389,51.89543429029944,57.23531273787504,3.4764116466160577,46.7646209904263,19.04502096122945,3.7262675310507687,85.8,35.6,85.8,35.6,85.8,35.6,85.8,35.6,90.41466675243136,13.341099117566372,79.29783484847799,7.815829851720004,87.53800935086431,13.113639533290446,80.6309663203516,20.29679464192339
53.333333333333336,500.0,25.588670881418164,38.09203944321389,51.89543429029944,57.23531273787504,19.04502096122945,3.7262675310507687,3.4764116466160577,46.7646209904263,86.4,36.0,86.4,36.0,86.4,36.0,86.2,36.0,90.41466675243136,13.341099117566372,79.29783484847799,7.815829851720004,80.6309663203516,20.29679464192339,87.53800935086431,13.113639533290446
53.333333333333336,500.0,25.588670881418164,38.09203944321389,19.04502096122945,3.7262675310507687,3.4764116466160577,46.7646209904263,51.89543429029944,57.23531273787504,87.2,37.0,87.2,37.0,87.2,37.0,87.2,37.0,90.41466675243136,13.341099117566372,80.6309663203516,20.29679464192339,87.53800935086431,13.113639533290446,79.29783484847799,7.815829851720004
53.333333333333336,500.0,25.588670881418164,38.09203944321389,19.04502096122945,3.7262675310507687,51.89543429029944,57.23531273787504,3.4764116466160577,46.7646209904263,84.6,35.6,84.6,35.6,84.6,35.6,84.6,35.6,90.41466675243136,13.341099117566372,80.6309663203516,20.29679464192339,79.29783484847799,7.815829851720004,87.53800935086431,13.113639533290446
53.333333333333336,500.0,3.4764116466160577,46.7646209904263,25.588670881418164,38.09203944321389,51.89543429029944,57.23531273787504,19.04502096122945,3.7262675310507687,85.2,36.6,85.2,36.6,85.2,36.6,85.4,36.6,87.53800935086431,13.113639533290446,90.41466675243136,13.341099117566372,79.29783484847799,7.815829851720004,80.6309663203516,20.29679464192339
53.333333333333336,500.0,3.4764116466160577,46.7646209904263,25.588670881418164,38.09203944321389,19.04502096122945,3.7262675310507687,51.89543429029944,57.23531273787504,85.0,36.0,85.0,36.0,85.0,36.0,85.0,36.0,87.53800935086431,13.113639533290446,90.41466675243136,13.341099117566372,80.6309663203516,20.29679464192339,79.29783484847799,7.815829851720004
53.333333333333336,500.0,3.4764116466160577,46.7646209904263,51.89543429029944,57.23531273787504,25.588670881418164,38.09203944321389,19.04502096122945,3.7262675310507687,85.8,35.2,85.8,35.2,85.8,35.2,85.8,35.2,87.53800935086431,13.113639533290446,79.29783484847799,7.815829851720004,90.41466675243136,13.341099117566372,80.6309663203516,20.29679464192339
53.333333333333336,500.0,3.4764116466160577,46.7646209904263,51.89543429029944,57.23531273787504,19.04502096122945,3.7262675310507687,25.588670881418164,38.09203944321389,86.8,33.0,86.8,33.0,87.0,33.0,86.8,33.0,87.53800935086431,13.113639533290446,79.29783484847799,7.815829851720004,80.6309663203516,20.29679464192339,90.41466675243136,13.341099117566372
53.333333333333336,500.0,3.4764116466160577,46.7646209904263,19.04502096122945,3.7262675310507687,25.588670881418164,38.09203944321389,51.89543429029944,57.23531273787504,88.0,34.2,88.4,34.8,88.6,34.2,87.8,34.2,87.53800935086431,13.113639533290446,80.6309663203516,20.29679464192339,90.41466675243136,13.341099117566372,79.29783484847799,7.815829851720004
53.333333333333336,500.0,3.4764116466160577,46.7646209904263,19.04502096122945,3.7262675310507687,51.89543429029944,57.23531273787504,25.588670881418164,38.09203944321389,86.2,36.4,86.4,36.4,86.4,36.4,86.4,36.4,87.53800935086431,13.113639533290446,80.6309663203516,20.29679464192339,79.29783484847799,7.815829851720004,90.41466675243136,13.341099117566372
53.333333333333336,500.0,51.89543429029944,57.23531273787504,25.588670881418164,38.09203944321389,3.4764116466160577,46.7646209904263,19.04502096122945,3.7262675310507687,86.2,35.2,86.2,35.2,86.2,35.2,86.2,35.2,79.29783484847799,7.815829851720004,90.41466675243136,13.341099117566372,87.53800935086431,13.113639533290446,80.6309663203516,20.29679464192339
53.333333333333336,500.0,51.89543429029944,57.23531273787504,25.588670881418164,38.09203944321389,19.04502096122945,3.7262675310507687,3.4764116466160577,46.7646209904263,86.0,35.4,86.2,35.4,86.0,35.4,86.0,35.4,79.29783484847799,7.815829851720004,90.41466675243136,13.341099117566372,80.6309663203516,20.29679464192339,87.53800935086431,13.113639533290446
53.333333333333336,500.0,51.89543429029944,57.23531273787504,3.4764116466160577,46.7646209904263,25.588670881418164,38.09203944321389,19.04502096122945,3.7262675310507687,88.0,33.8,88.0,33.8,88.0,33.8,88.0,33.8,79.29783484847799,7.815829851720004,87.53800935086431,13.113639533290446,90.41466675243136,13.341099117566372,80.6309663203516,20.29679464192339
53.333333333333336,500.0,51.89543429029944,57.23531273787504,3.4764116466160577,46.7646209904263,19.04502096122945,3.7262675310507687,25.588670881418164,38.09203944321389,84.4,33.8,84.8,33.8,85.0,34.2,85.2,33.8,79.29783484847799,7.815829851720004,87.53800935086431,13.113639533290446,80.6309663203516,20.29679464192339,90.41466675243136,13.341099117566372
53.333333333333336,500.0,51.89543429029944,57.23531273787504,19.04502096122945,3.7262675310507687,25.588670881418164,38.09203944321389,3.4764116466160577,46.7646209904263,88.0,36.4,88.0,36.4,88.0,36.4,88.0,36.4,79.29783484847799,7.815829851720004,80.6309663203516,20.29679464192339,90.41466675243136,13.341099117566372,87.53800935086431,13.113639533290446
53.333333333333336,500.0,51.89543429029944,57.23531273787504,19.04502096122945,3.7262675310507687,3.4764116466160577,46.7646209904263,25.588670881418164,38.09203944321389,85.8,36.4,86.6,36.8,86.2,36.4,86.4,36.4,79.29783484847799,7.815829851720004,80.6309663203516,20.29679464192339,87.53800935086431,13.113639533290446,90.41466675243136,13.341099117566372
53.333333333333336,500.0,19.04502096122945,3.7262675310507687,25.588670881418164,38.09203944321389,3.4764116466160577,46.7646209904263,51.89543429029944,57.23531273787504,86.8,34.4,86.8,34.4,86.8,34.4,86.8,34.4,80.6309663203516,20.29679464192339,90.41466675243136,13.341099117566372,87.53800935086431,13.113639533290446,79.29783484847799,7.815829851720004
53.333333333333336,500.0,19.04502096122945,3.7262675310507687,25.588670881418164,38.09203944321389,51.89543429029944,57.23531273787504,3.4764116466160577,46.7646209904263,85.0,33.4,85.4,33.4,85.0,33.4,85.0,33.4,80.6309663203516,20.29679464192339,90.41466675243136,13.341099117566372,79.29783484847799,7.815829851720004,87.53800935086431,13.113639533290446
53.333333333333336,500.0,19.04502096122945,3.7262675310507687,3.4764116466160577,46.7646209904263,25.588670881418164,38.09203944321389,51.89543429029944,57.23531273787504,88.4,33.8,88.4,33.8,88.4,33.8,88.4,33.8,80.6309663203516,20.29679464192339,87.53800935086431,13.113639533290446,90.41466675243136,13.341099117566372,79.29783484847799,7.815829851720004
53.333333333333336,500.0,19.04502096122945,3.7262675310507687,3.4764116466160577,46.7646209904263,51.89543429029944,57.23531273787504,25.588670881418164,38.09203944321389,86.8,36.2,86.8,36.2,86.8,36.2,86.8,36.2,80.6309663203516,20.29679464192339,87.53800935086431,13.113639533290446,79.29783484847799,7.815829851720004,90.41466675243136,13.341099117566372
53.333333333333336,500.0,19.04502096122945,3.7262675310507687,51.89543429029944,57.23531273787504,25.588670881418164,38.09203944321389,3.4764116466160577,46.7646209904263,84.6,33.8,84.6,33.8,85.0,33.8,84.6,33.8,80.6309663203516,20.29679464192339,79.29783484847799,7.815829851720004,90.41466675243136,13.341099117566372,87.53800935086431,13.113639533290446
53.333333333333336,500.0,19.04502096122945,3.7262675310507687,51.89543429029944,57.23531273787504,3.4764116466160577,46.7646209904263,25.588670881418164,38.09203944321389,86.4,35.8,85.8,35.4,86.2,35.4,86.4,35.4,80.6309663203516,20.29679464192339,79.29783484847799,7.815829851720004,87.53800935086431,13.113639533290446,90.41466675243136,13.341099117566372
53.333333333333336,500.0,1.2944118027610885,40.88481364879613,50.35445727302164,6.084072657683919,26.24652777410228,16.961404311282003,37.37126712945376,39.609436053519474,109.6,36.2,108.4,37.4,109.0,37.0,108.4,36.2,111.12993019049205,23.32956945307556,72.14006628189162,48.95769041382327,103.22174584938377,39.62284982715425,98.64666847973557,25.25677499023657
53.333333333333336,500.0,1.2944118027610885,40.88481364879613,37.37126712945376,39.609436053519474,50.35445727302164,6.084072657683919,26.24652777410228,16.961404311282003,106.0,33.2,105.4,33.2,105.4,33.8,105.8,33.6,111.12993019049205,23.32956945307556,98.64666847973557,25.25677499023657,72.14006628189162,48.95769041382327,103.22174584938377,39.62284982715425
53.333333333333336,500.0,1.2944118027610885,40.88481364879613,37.37126712945376,39.609436053519474,26.24652777410228,16.961404311282003,50.35445727302164,6.084072657683919,106.0,30.8,104.8,31.4,106.2,31.6,104.8,32.0,111.12993019049205,23.32956945307556,98.64666847973557,25.25677499023657,103.22174584938377,39.62284982715425,72.14006628189162,48.95769041382327
53.333333333333336,500.0,1.2944118027610885,40.88481364879613,26.24652777410228,16.961404311282003,50.35445727302164,6.084072657683919,37.37126712945376,39.609436053519474,107.6,33.6,107.4,34.6,106.4,34.8,106.4,33.6,111.12993019049205,23.32956945307556,103.22174584938377,39.62284982715425,72.14006628189162,48.95769041382327,98.64666847973557,25.25677499023657
53.333333333333336,500.0,1.2944118027610885,40.88481364879613,26.24652777410228,16.961404311282003,37.37126712945376,39.609436053519474,50.35445727302164,6.084072657683919,112.6,35.0,111.8,36.2,110.8,35.0,110.8,36.8,111.12993019049205,23.32956945307556,103.22174584938377,39.62284982715425,98.64666847973557,25.25677499023657,72.14006628189162,48.95769041382327
53.333333333333336,500.0,50.35445727302164,6.084072657683919,1.2944118027610885,40.88481364879613,37.37126712945376,39.609436053519474,26.24652777410228,16.961404311282003,99.2,35.8,101.6,33.4,99.2,33.4,100.6,35.0,72.14006628189162,48.95769041382327,111.12993019049205,23.32956945307556,98.64666847973557,25.25677499023657,103.22174584938377,39.62284982715425
53.333333333333336,500.0,50.35445727302164,6.084072657683919,1.2944118027610885,40.88481364879613,26.24652777410228,16.961404311282003,37.37126712945376,39.609436053519474,104.6,35.6,107.0,33.2,105.2,34.8,104.6,33.2,72.14006628189162,48.95769041382327,111.12993019049205,23.32956945307556,103.22174584938377,39.62284982715425,98.64666847973557,25.25677499023657
53.333333333333336,500.0,50.35445727302164,6.084072657683919,37.37126712945376,39.609436053519474,1.2944118027610885,40.88481364879613,26.24652777410228,16.961404311282003,107.4,35.2,107.4,34.6,108.0,34.6,108.0,35.0,72.14006628189162,48.95769041382327,98.64666847973557,25.25677499023657,111.12993019049205,23.32956945307556,103.22174584938377,39.62284982715425
53.333333333333336,500.0,50.35445727302164,6.084072657683919,37.37126712945376,39.609436053519474,26.24652777410228,16.961404311282003,1.2944118027610885,40.88481364879613,106.2,34.0,106.0,33.8,106.2,34.0,106.4,33.8,72.14006628189162,48.95769041382327,98.64666847973557,25.25677499023657,103.22174584938377,39.62284982715425,111.12993019049205,23.32956945307556
53.333333333333336,500.0,50.35445727302164,6.084072657683919,26.24652777410228,16.961404311282003,1.2944118027610885,40.88481364879613,37.37126712945376,39.609436053519474,106.4,33.0,107.2,32.8,107.0,32.4,106.4,32.4,72.14006628189162,48.95769041382327,103.22174584938377,39.62284982715425,111.12993019049205,23.32956945307556,98.64666847973557,25.25677499023657
53.333333333333336,500.0,50.35445727302164,6.084072657683919,26.24652777410228,16.961404311282003,37.37126712945376,39.609436053519474,1.2944118027610885,40.88481364879613,105.0,35.2,106.8,34.2,105.0,32.2,108.0,32.2,72.14006628189162,48.95769041382327,103.22174584938377,39.62284982715425,98.64666847973557,25.25677499023657,111.12993019049205,23.32956945307556
53.333333333333336,500.0,37.37126712945376,39.609436053519474,1.2944118027610885,40.88481364879613,50.35445727302164,6.084072657683919,26.24652777410228,16.961404311282003,105.4,35.4,106.0,35.4,105.4,36.0,106.0,35.8,98.64666847973557,25.25677499023657,111.12993019049205,23.32956945307556,72.14006628189162,48.95769041382327,103.22174584938377,39.62284982715425
53.333333333333336,500.0,37.37126712945376,39.609436053519474,1.2944118027610885,40.88481364879613,26.24652777410228,16.961404311282003,50.35445727302164,6.084072657683919,105.2,32.6,106.4,32.6,105.6,33.4,105.2,33.8,98.64666847973557,25.25677499023657,111.12993019049205,23.32956945307556,103.22174584938377,39.62284982715425,72.14006628189162,48.95769041382327
53.333333333333336,500.0,37.37126712945376,39.609436053519474,50.35445727302164,6.084072657683919,1.2944118027610885,40.88481364879613,26.24652777410228,16.961404311282003,107.0,31.8,107.0,32.4,108.2,31.2,107.6,32.0,98.64666847973557,25.25677499023657,72.14006628189162,48.95769041382327,111.12993019049205,23.32956945307556,103.22174584938377,39.62284982715425
53.333333333333336,500.0,37.37126712945376,39.609436053519474,50.35445727302164,6.084072657683919,26.24652777410228,16.961404311282003,1.2944118027610885,40.88481364879613,103.6,32.8,103.8,33.4,104.4,33.4,104.8,32.8,98.64666847973557,25.25677499023657,72.14006628189162,48.95769041382327,103.22174584938377,39.62284982715425,111.12993019049205,23.32956945307556
53.333333333333336,500.0,37.37126712945376,39.609436053519474,26.24652777410228,16.961404311282003,1.2944118027610885,40.88481364879613,50.35445727302164,6.084072657683919,105.4,35.4,105.8,35.8,106.0,35.4,105.4,36.0,98.64666847973557,25.25677499023657,103.22174584938377,39.62284982715425,111.12993019049205,23.32956945307556,72.14006628189162,48.95769041382327
53.333333333333336,500.0,37.37126712945376,39.609436053519474,26.24652777410228,16.961404311282003,50.35445727302164,6.084072657683919,1.2944118027610885,40.88481364879613,104.4,32.4,105.6,34.0,104.4,34.8,106.8,32.4,98.64666847973557,25.25677499023657,103.22174584938377,39.62284982715425,72.14006628189162,48.95769041382327,111.12993019049205,23.32956945307556
53.333333333333336,500.0,26.24652777410228,16.961404311282003,1.2944118027610885,40.88481364879613,50.35445727302164,6.084072657683919,37.37126712945376,39.609436053519474,108.8,33.2,108.8,32.8,108.2,33.4,108.2,32.8,103.22174584938377,39.62284982715425,111.12993019049205,23.32956945307556,72.14006628189162,48.95769041382327,98.64666847973557,25.25677499023657
53.333333333333336,500.0,26.24652777410228,16.961404311282003,1.2944118027610885,40.88481364879613,37.37126712945376,39.609436053519474,50.35445727302164,6.084072657683919,102.4,34.4,102.2,34.4,102.2,34.4,102.2,34.4,103.22174584938377,39.62284982715425,111.12993019049205,23.32956945307556,98.64666847973557,25.25677499023657,72.14006628189162,48.95769041382327
53.333333333333336,500.0,26.24652777410228,16.961404311282003,50.35445727302164,6.084072657683919,1.2944118027610885,40.88481364879613,37.37126712945376,39.609436053519474,108.0,33.0,107.2,33.6,109.0,31.8,107.2,31.8,103.22174584938377,39.62284982715425,72.14006628189162,48.95769041382327,111.12993019049205,23.32956945307556,98.64666847973557,25.25677499023657
53.333333333333336,500.0,26.24652777410228,16.961404311282003,50.35445727302164,6.084072657683919,37.37126712945376,39.609436053519474,1.2944118027610885,40.88481364879613,106.0,34.4,104.8,34.6,104.8,34.0,105.4,34.0,103.22174584938377,39.62284982715425,72.14006628189162,48.95769041382327,98.64666847973557,25.25677499023657,111.12993019049205,23.32956945307556
53.333333333333336,500.0,26.24652777410228,16.961404311282003,37.37126712945376,39.609436053519474,1.2944118027610885,40.88481364879613,50.35445727302164,6.084072657683919,104.0,33.4,103.0,32.6,104.4,32.6,103.2,33.8,103.22174584938377,39.62284982715425,98.64666847973557,25.25677499023657,111.12993019049205,23.32956945307556,72.14006628189162,48.95769041382327
53.333333333333336,500.0,26.24652777410228,16.961404311282003,37.37126712945376,39.609436053519474,50.35445727302164,6.084072657683919,1.2944118027610885,40.88481364879613,105.2,32.8,105.0,32.8,105.0,32.8,105.0,32.8,103.22174584938377,39.62284982715425,98.64666847973557,25.25677499023657,72.14006628189162,48.95769041382327,111.12993019049205,23.32956945307556
53.333333333333336,500.0,4.986313481924669,28.443465478277947,39.262306054545846,45.08312330904238,58.59750221033434,55.27925142276624,32.20875713361245,6.580401820989456,73.6,46.0,73.6,46.0,73.6,46.0,73.8,46.0,81.87719158099708,23.573307852940868,69.63017739091539,13.501221049532212,62.54227887006583,6.777472552607996,65.5451619919458,38.337873453544525
53.333333333333336,500.0,4.986313481924669,28.443465478277947,32.20875713361245,6.580401820989456,39.262306054545846,45.08312330904238,58.59750221033434,55.27925142276624,74.0,46.8,74.0,46.8,74.0,46.8,74.0,46.8,81.87719158099708,23.573307852940868,65.5451619919458,38.337873453544525,69.63017739091539,13.501221049532212,62.54227887006583,6.777472552607996
53.333333333333336,500.0,4.986313481924669,28.443465478277947,32.20875713361245,6.580401820989456,58.59750221033434,55.27925142276624,39.262306054545846,45.08312330904238,69.8,52.0,69.8,52.0,69.8,52.0,69.8,52.0,81.87719158099708,23.573307852940868,65.5451619919458,38.337873453544525,62.54227887006583,6.777472552607996,69.63017739091539,13.501221049532212
53.333333333333336,500.0,4.986313481924669,28.443465478277947,58.59750221033434,55.27925142276624,39.262306054545846,45.08312330904238,32.20875713361245,6.580401820989456,73.0,50.8,73.0,50.8,72.8,50.8,73.0,50.8,81.87719158099708,23.573307852940868,62.54227887006583,6.777472552607996,69.63017739091539,13.501221049532212,65.5451619919458,38.337873453544525
53.333333333333336,500.0,4.986313481924669,28.443465478277947,58.59750221033434,55.27925142276624,32.20875713361245,6.580401820989456,39.262306054545846,45.08312330904238,70.4,47.4,70.4,47.4,70.4,47.4,70.4,47.4,81.87719158099708,23.573307852940868,62.54227887006583,6.777472552607996,65.5451619919458,38.337873453544525,69.63017739091539,13.501221049532212
53.333333333333336,500.0,39.262306054545846,45.08312330904238,4.986313481924669,28.443465478277947,32.20875713361245,6.580401820989456,58.59750221033434,55.27925142276624,76.2,45.8,76.2,45.8,76.2,45.8,76.2,45.8,69.63017739091539,13.501221049532212,81.87719158099708,23.573307852940868,65.5451619919458,38.337873453544525,62.54227887006583,6.777472552607996
53.333333333333336,500.0,39.262306054545846,45.08312330904238,4.986313481924669,28.443465478277947,58.59750221033434,55.27925142276624,32.20875713361245,6.580401820989456,74.6,47.6,74.6,47.6,74.6,47.6,74.6,47.6,69.63017739091539,13.501221049532212,81.87719158099708,23.573307852940868,62.54227887006583,6.777472552607996,65.5451619919458,38.337873453544525
53.333333333333336,500.0,39.262306054545846,45.08312330904238,32.20875713361245,6.580401820989456,4.986313481924669,28.443465478277947,58.59750221033434,55.27925142276624,70.6,47.6,70.6,47.6,70.6,47.6,70.6,47.6,69.63017739091539,13.501221049532212,65.5451619919458,38.337873453544525,81.87719158099708,23.573307852940868,62.54227887006583,6.777472552607996
53.333333333333336,500.0,39.262306054545846,45.08312330904238,32.20875713361245,6.580401820989456,58.59750221033434,55.27925142276624,4.986313481924669,28.443465478277947,70.8,50.6,71.0,50.6,71.0,50.6,71.0,50.6,69.63017739091539,13.501221049532212,65.5451619919458,38.337873453544525,62.54227887006583,6.777472552607996,81.87719158099708,23.573307852940868
53.333333333333336,500.0,39.262306054545846,45.08312330904238,58.59750221033434,55.27925142276624,4.986313481924669,28.443465478277947,32.20875713361245,6.580401820989456,73.4,49.8,73.4,49.8,73.8,49.8,73.2,50.0,69.63017739091539,13.501221049532212,62.54227887006583,6.777472552607996,81.87719158099708,23.573307852940868,65.5451619919458,38.337873453544525
53.333333333333336,500.0,39.262306054545846,45.08312330904238,58.59750221033434,55.27925142276624,32.20875713361245,6.580401820989456,4.986313481924669,28.443465478277947,72.2,49.4,72.4,49.4,72.4,49.4,72.4,49.4,69.63017739091539,13.501221049532212,62.54227887006583,6.777472552607996,65.5451619919458,38.337873453544525,81.87719158099708,23.573307852940868
53.333333333333336,500.0,32.20875713361245,6.580401820989456,4.986313481924669,28.443465478277947,39.262306054545846,45.08312330904238,58.59750221033434,55.27925142276624,73.2,48.8,73.2,48.8,73.2,48.8,73.2,48.8,65.5451619919458,38.337873453544525,81.87719158099708,23.573307852940868,69.63017739091539,13.501221049532212,62.54227887006583,6.777472552607996
53.333333333333336,500.0,32.20875713361245,6.580401820989456,4.986313481924669,28.443465478277947,58.59750221033434,55.27925142276624,39.262306054545846,45.08312330904238,74.4,46.6,74.4,46.6,74.2,46.6,74.4,46.6,65.5451619919458,38.337873453544525,81.87719158099708,23.573307852940868,62.54227887006583,6.777472552607996,69.63017739091539,13.501221049532212
53.333333333333336,500.0,32.20875713361245,6.580401820989456,39.262306054545846,45.08312330904238,4.986313481924669,28.443465478277947,58.59750221033434,55.27925142276624,68.2,50.0,68.2,50.0,68.2,50.0,68.2,50.0,65.5451619919458,38.337873453544525,69.63017739091539,13.501221049532212,81.87719158099708,23.573307852940868,62.54227887006583,6.777472552607996
53.333333333333336,500.0,32.20875713361245,6.580401820989456,39.262306054545846,45.08312330904238,58.59750221033434,55.27925142276624,4.986313481924669,28.443465478277947,68.4,49.2,68.2,49.2,68.4,49.2,68.4,49.2,65.5451619919458,38.337873453544525,69.63017739091539,13.501221049532212,62.54227887006583,6.777472552607996,81.87719158099708,23.573307852940868
53.333333333333336,500.0,32.20875713361245,6.580401820989456,58.59750221033434,55.27925142276624,4.986313481924669,28.443465478277947,39.262306054545846,45.08312330904238,71.2,48.4,71.2,48.4,71.2,48.4,71.0,48.4,65.5451619919458,38.337873453544525,62.54227887006583,6.777472552607996,81.87719158099708,23.573307852940868,69.63017739091539,13.501221049532212
53.333333333333336,500.0,32.20875713361245,6.580401820989456,58.59750221033434,55.27925142276624,39.262306054545846,45.08312330904238,4.986313481924669,28.443465478277947,69.8,49.4,69.8,49.4,69.8,49.4,69.8,49.4,65.5451619919458,38.337873453544525,62.54227887006583,6.777472552607996,69.63017739091539,13.501221049532212,81.87719158099708,23.573307852940868
53.333333333333336,500.0,58.59750221033434,55.27925142276624,4.986313481924669,28.443465478277947,39.262306054545846,45.08312330904238,32.20875713361245,6.580401820989456,68.8,51.8,68.8,51.8,68.8,51.8,68.8,51.8,62.54227887006583,6.777472552607996,81.87719158099708,23.573307852940868,69.63017739091539,13.501221049532212,65.5451619919458,38.337873453544525
53.333333333333336,500.0,58.59750221033434,55.27925142276624,4.986313481924669,28.443465478277947,32.20875713361245,6.580401820989456,39.262306054545846,45.08312330904238,73.0,48.4,73.4,48.8,73.0,48.8,72.8,48.6,62.54227887006583,6.777472552607996,81.87719158099708,23.573307852940868,65.5451619919458,38.337873453544525,69.63017739091539,13.501221049532212
53.333333333333336,500.0,58.59750221033434,55.27925142276624,39.262306054545846,45.08312330904238,4.986313481924669,28.443465478277947,32.20875713361245,6.580401820989456,71.0,51.6,71.0,51.6,71.0,51.6,71.0,51.6,62.54227887006583,6.777472552607996,69.63017739091539,13.501221049532212,81.87719158099708,23.573307852940868,65.5451619919458,38.337873453544525
53.333333333333336,500.0,58.59750221033434,55.27925142276624,39.262306054545846,45.08312330904238,32.20875713361245,6.580401820989456,4.986313481924669,28.443465478277947,73.4,48.2,73.4,48.2,73.4,48.6,73.2,48.4,62.54227887006583,6.777472552607996,69.63017739091539,13.501221049532212,65.5451619919458,38.337873453544525,81.87719158099708,23.573307852940868
53.333333333333336,500.0,58.59750221033434,55.27925142276624,32.20875713361245,6.580401820989456,4.986313481924669,28.443465478277947,39.262306054545846,45.08312330904238,72.0,48.8,72.0,48.8,72.0,48.8,72.0,48.8,62.54227887006583,6.777472552607996,65.5451619919458,38.337873453544525,81.87719158099708,23.573307852940868,69.63017739091539,13.501221049532212
53.333333333333336,500.0,58.59750221033434,55.27925142276624,32.20875713361245,6.580401820989456,39.262306054545846,45.08312330904238,4.986313481924669,28.443465478277947,73.0,45.8,73.0,45.8,73.0,45.8,73.0,45.8,62.54227887006583,6.777472552607996,65.5451619919458,38.337873453544525,69.63017739091539,13.501221049532212,81.87719158099708,23.573307852940868
53.333333333333336,500.0,5.211348800272397,8.376148412347781,57.369293262625085,17.95851595357707,36.03274430982172,41.498665211570525,9.102339826940264,33.941225583291185,74.8,38.6,72.4,37.4,73.4,36.6,74.6,36.2,114.93904829005407,45.91967085147749,88.19506123402431,41.84763240684509,104.2647662915958,22.351678543391024,119.30210477552352,30.993835043636967
53.333333333333336,500.0,5.211348800272397,8.376148412347781,9.102339826940264,33.941225583291185,57.369293262625085,17.95851595357707,36.03274430982172,41.498665211570525,75.6,39.8,76.0,35.0,72.2,38.4,74.0,36.4,114.93904829005407,45.91967085147749,119.30210477552352,30.993835043636967,88.19506123402431,41.84763240684509,104.2647662915958,22.351678543391024
53.333333333333336,500.0,5.211348800272397,8.376148412347781,9.102339826940264,33.941225583291185,36.03274430982172,41.498665211570525,57.369293262625085,17.95851595357707,76.4,39.4,76.8,36.2,74.0,36.6,74.4,37.6,114.93904829005407,45.91967085147749,119.30210477552352,30.993835043636967,104.2647662915958,22.351678543391024,88.19506123402431,41.84763240684509
53.333333333333336,500.0,5.211348800272397,8.376148412347781,36.03274430982172,41.498665211570525,57.369293262625085,17.95851595357707,9.102339826940264,33.941225583291185,73.0,39.2,72.4,37.4,70.4,38.8,73.0,36.2,114.93904829005407,45.91967085147749,104.2647662915958,22.351678543391024,88.19506123402431,41.84763240684509,119.30210477552352,30.993835043636967
53.333333333333336,500.0,5.211348800272397,8.376148412347781,36.03274430982172,41.498665211570525,9.102339826940264,33.941225583291185,57.369293262625085,17.95851595357707,76.0,39.8,72.0,34.8,76.0,34.0,72.6,36.8,114.93904829005407,45.91967085147749,104.2647662915958,22.351678543391024,119.30210477552352,30.993835043636967,88.19506123402431,41.84763240684509
53.333333333333336,500.0,57.369293262625085,17.95851595357707,5.211348800272397,8.376148412347781,9.102339826940264,33.941225583291185,36.03274430982172,41.498665211570525,73.4,38.0,75.2,39.0,75.4,36.4,74.0,37.0,88.19506123402431,41.84763240684509,114.93904829005407,45.91967085147749,119.30210477552352,30.993835043636967,104.2647662915958,22.351678543391024
53.333333333333336,500.0,57.369293262625085,17.95851595357707,5.211348800272397,8.376148412347781,36.03274430982172,41.498665211570525,9.102339826940264,33.941225583291185,76.2,39.6,77.2,40.0,76.6,39.0,77.2,38.6,88.19506123402431,41.84763240684509,114.93904829005407,45.91967085147749,104.2647662915958,22.351678543391024,119.30210477552352,30.993835043636967
53.333333333333336,500.0,57.369293262625085,17.95851595357707,9.102339826940264,33.941225583291185,5.211348800272397,8.376148412347781,36.03274430982172,41.498665211570525,75.2,38.2,77.8,35.6,77.8,41.0,73.6,36.2,88.19506123402431,41.84763240684509,119.30210477552352,30.993835043636967,114.93904829005407,45.91967085147749,104.2647662915958,22.351678543391024
53.333333333333336,500.0,57.369293262625085,17.95851595357707,9.102339826940264,33.941225583291185,36.03274430982172,41.498665211570525,5.211348800272397,8.376148412347781,72.2,38.2,75.2,36.0,73.4,36.8,75.2,39.8,88.19506123402431,41.84763240684509,119.30210477552352,30.993835043636967,104.2647662915958,22.351678543391024,114.93904829005407,45.91967085147749
53.333333333333336,500.0,57.369293262625085,17.95851595357707,36.03274430982172,41.498665211570525,5.211348800272397,8.376148412347781,9.102339826940264,33.941225583291185,75.6,38.8,76.0,37.4,77.8,40.0,77.8,36.6,88.19506123402431,41.84763240684509,104.2647662915958,22.351678543391024,114.93904829005407,45.91967085147749,119.30210477552352,30.993835043636967
53.333333333333336,500.0,57.369293262625085,17.95851595357707,36.03274430982172,41.498665211570525,9.102339826940264,33.941225583291185,5.211348800272397,8.376148412347781,73.8,35.6,72.2,33.6,77.4,33.0,77.2,39.2,88.19506123402431,41.84763240684509,104.2647662915958,22.351678543391024,119.30210477552352,30.993835043636967,114.93904829005407,45.91967085147749
53.333333333333336,500.0,9.102339826940264,33.941225583291185,5.211348800272397,8.376148412347781,57.369293262625085,17.95851595357707,36.03274430982172,41.498665211570525,73.4,38.6,73.2,41.4,71.6,40.0,71.4,39.0,119.30210477552352,30.993835043636967,114.93904829005407,45.91967085147749,88.19506123402431,41.84763240684509,104.2647662915958,22.351678543391024
53.333333333333336,500.0,9.102339826940264,33.941225583291185,5.211348800272397,8.376148412347781,36.03274430982172,41.498665211570525,57.369293262625085,17.95851595357707,72.4,34.2,72.4,38.2,70.8,35.0,69.6,36.6,119.30210477552352,30.993835043636967,114.93904829005407,45.91967085147749,104.2647662915958,22.351678543391024,88.19506123402431,41.84763240684509
53.333333333333336,500.0,9.102339826940264,33.941225583291185,57.369293262625085,17.95851595357707,5.211348800272397,8.376148412347781,36.03274430982172,41.498665211570525,75.2,34.2,72.2,37.4,75.2,39.8,71.8,35.2,119.30210477552352,30.993835043636967,88.19506123402431,41.84763240684509,114.93904829005407,45.91967085147749,104.2647662915958,22.351678543391024
53.333333333333336,500.0,9.102339826940264,33.941225583291185,57.369293262625085,17.95851595357707,36.03274430982172,41.498665211570525,5.211348800272397,8.376148412347781,75.0,33.6,72.0,36.6,72.6,34.4,75.2,38.2,119.30210477552352,30.993835043636967,88.19506123402431,41.84763240684509,104.2647662915958,22.351678543391024,114.93904829005407,45.91967085147749
53.333333333333336,500.0,9.102339826940264,33.941225583291185,36.03274430982172,41.498665211570525,5.211348800272397,8.376148412347781,57.369293262625085,17.95851595357707,74.4,36.0,72.8,36.6,74.4,39.6,72.0,38.0,119.30210477552352,30.993835043636967,104.2647662915958,22.351678543391024,114.93904829005407,45.91967085147749,88.19506123402431,41.84763240684509
53.333333333333336,500.0,9.102339826940264,33.941225583291185,36.03274430982172,41.498665211570525,57.369293262625085,17.95851595357707,5.211348800272397,8.376148412347781,72.4,37.2,71.6,37.6,71.0,38.2,72.2,38.8,119.30210477552352,30.993835043636967,104.2647662915958,22.351678543391024,88.19506123402431,41.84763240684509,114.93904829005407,45.91967085147749
53.333333333333336,500.0,36.03274430982172,41.498665211570525,5.211348800272397,8.376148412347781,57.369293262625085,17.95851595357707,9.102339826940264,33.941225583291185,71.8,37.4,72.6,39.2,70.0,38.8,72.6,36.2,104.2647662915958,22.351678543391024,114.93904829005407,45.91967085147749,88.19506123402431,41.84763240684509,119.30210477552352,30.993835043636967
53.333333333333336,500.0,36.03274430982172,41.498665211570525,5.211348800272397,8.376148412347781,9.102339826940264,33.941225583291185,57.369293262625085,17.95851595357707,78.2,33.8,79.4,37.6,80.0,32.4,74.6,35.6,104.2647662915958,22.351678543391024,114.93904829005407,45.91967085147749,119.30210477552352,30.993835043636967,88.19506123402431,41.84763240684509
53.333333333333336,500.0,36.03274430982172,41.498665211570525,57.369293262625085,17.95851595357707,5.211348800272397,8.376148412347781,9.102339826940264,33.941225583291185,73.4,38.0,72.0,39.4,74.6,40.4,74.8,37.0,104.2647662915958,22.351678543391024,88.19506123402431,41.84763240684509,114.93904829005407,45.91967085147749,119.30210477552352,30.993835043636967
53.333333333333336,500.0,36.03274430982172,41.498665211570525,57.369293262625085,17.95851595357707,9.102339826940264,33.941225583291185,5.211348800272397,8.376148412347781,74.4,36.0,72.4,37.4,75.6,35.0,75.6,38.6,104.2647662915958,22.351678543391024,88.19506123402431,41.84763240684509,119.30210477552352,30.993835043636967,114.93904829005407,45.91967085147749
53.333333333333336,500.0,36.03274430982172,41.498665211570525,9.102339826940264,33.941225583291185,5.211348800272397,8.376148412347781,57.369293262625085,17.95851595357707,70.2,35.4,73.0,35.0,72.4,38.8,69.8,36.4,104.2647662915958,22.351678543391024,119.30210477552352,30.993835043636967,114.93904829005407,45.91967085147749,88.19506123402431,41.84763240684509
53.333333333333336,500.0,36.03274430982172,41.498665211570525,9.102339826940264,33.941225583291185,57.369293262625085,17.95851595357707,5.211348800272397,8.376148412347781,78.2,37.0,79.4,36.4,77.4,38.2,79.4,39.2,104.2647662915958,22.351678543391024,119.30210477552352,30.993835043636967,88.19506123402431,41.84763240684509,114.93904829005407,45.91967085147749
53.333333333333336,500.0,44.34573782095048,36.33570249394532,0.3037399981834165,56.947888135775045,59.54855169804455,1.5227202548656282,20.561475412279616,42.77581139119352,87.2,6.4,87.8,5.8,86.6,7.0,88.4,5.8,77.82943981020371,24.13176732043916,89.6163329385277,19.066049404619,71.4328776710401,46.217956423842175,106.44358332396187,31.71202721085276
53.333333333333336,500.0,44.34573782095048,36.33570249394532,20.561475412279616,42.77581139119352,0.3037399981834165,56.947888135775045,59.54855169804455,1.5227202548656282,87.6,7.8,88.8,7.2,88.2,7.2,87.0,8.4,77.82943981020371,24.13176732043916,106.44358332396187,31.71202721085276,89.6163329385277,19.066049404619,71.4328776710401,46.217956423842175
53.333333333333336,500.0,44.34573782095048,36.33570249394532,20.561475412279616,42.77581139119352,59.54855169804455,1.5227202548656282,0.3037399981834165,56.947888135775045,85.4,6.2,86.8,5.6,85.0,6.8,86.2,5.6,77.82943981020371,24.13176732043916,106.44358332396187,31.71202721085276,71.4328776710401,46.217956423842175,89.6163329385277,19.066049404619
53.333333333333336,500.0,44.34573782095048,36.33570249394532,59.54855169804455,1.5227202548656282,0.3037399981834165,56.947888135775045,20.561475412279616,42.77581139119352,87.6,6.6,87.4,7.4,88.6,6.2,89.0,6.4,77.82943981020371,24.13176732043916,71.4328776710401,46.217956423842175,89.6163329385277,19.066049404619,106.44358332396187,31.71202721085276
53.333333333333336,500.0,44.34573782095048,36.33570249394532,59.54855169804455,1.5227202548656282,20.561475412279616,42.77581139119352,0.3037399981834165,56.947888135775045,87.0,7.2,86.6,7.6,87.4,6.8,87.4,6.8,77.82943981020371,24.13176732043916,71.4328776710401,46.217956423842175,106.44358332396187,31.71202721085276,89.6163329385277,19.066049404619
53.333333333333336,500.0,0.3037399981834165,56.947888135775045,44.34573782095048,36.33570249394532,20.561475412279616,42.77581139119352,59.54855169804455,1.5227202548656282,89.2,7.8,88.2,8.8,90.2,7.8,87.2,9.8,89.6163329385277,19.066049404619,77.82943981020371,24.13176732043916,106.44358332396187,31.71202721085276,71.4328776710401,46.217956423842175
53.333333333333336,500.0,0.3037399981834165,56.947888135775045,44.34573782095048,36.33570249394532,59.54855169804455,1.5227202548656282,20.561475412279616,42.77581139119352,87.4,4.8,87.2,4.8,87.4,4.8,87.2,4.8,89.6163329385277,19.066049404619,77.82943981020371,24.13176732043916,71.4328776710401,46.217956423842175,106.44358332396187,31.71202721085276
53.333333333333336,500.0,0.3037399981834165,56.947888135775045,20.561475412279616,42.77581139119352,44.34573782095048,36.33570249394532,59.54855169804455,1.5227202548656282,87.8,5.2,88.4,5.2,87.2,5.8,86.6,6.4,89.6163329385277,19.066049404619,106.44358332396187,31.71202721085276,77.82943981020371,24.13176732043916,71.4328776710401,46.217956423842175
53.333333333333336,500.0,0.3037399981834165,56.947888135775045,20.561475412279616,42.77581139119352,59.54855169804455,1.5227202548656282,44.34573782095048,36.33570249394532,86.6,6.2,86.8,6.2,86.2,6.6,86.4,6.4,89.6163329385277,19.066049404619,106.44358332396187,31.71202721085276,71.4328776710401,46.217956423842175,77.82943981020371,24.13176732043916
53.333333333333336,500.0,0.3037399981834165,56.947888135775045,59.54855169804455,1.5227202548656282,44.34573782095048,36.33570249394532,20.561475412279616,42.77581139119352,85.6,3.6,84.0,5.2,84.6,4.4,86.4,3.6,89.6163329385277,19.066049404619,71.4328776710401,46.217956423842175,77.82943981020371,24.13176732043916,106.44358332396187,31.71202721085276
53.333333333333336,500.0,0.3037399981834165,56.947888135775045,59.54855169804455,1.5227202548656282,20.561475412279616,42.77581139119352,44.34573782095048,36.33570249394532,86.6,4.8,85.4,6.0,87.0,4.8,86.0,5.4,89.6163329385277,19.066049404619,71.4328776710401,46.217956423842175,106.44358332396187,31.71202721085276,77.82943981020371,24.13176732043916
53.333333333333336,500.0,20.561475412279616,42.77581139119352,44.34573782095048,36.33570249394532,0.3037399981834165,56.947888135775045,59.54855169804455,1.5227202548656282,88.8,6.2,88.0,6.6,88.4,6.2,87.6,7.0,106.44358332396187,31.71202721085276,77.82943981020371,24.13176732043916,89.6163329385277,19.066049404619,71.4328776710401,46.217956423842175
53.333333333333336,500.0,20.561475412279616,42.77581139119352,44.34573782095048,36.33570249394532,59.54855169804455,1.5227202548656282,0.3037399981834165,56.947888135775045,88.0,7.4,85.6,8.6,84.4,9.8,86.8,7.4,106.44358332396187,31.71202721085276,77.82943981020371,24.13176732043916,71.4328776710401,46.217956423842175,89.6163329385277,19.066049404619
53.333333333333336,500.0,20.561475412279616,42.77581139119352,0.3037399981834165,56.947888135775045,44.34573782095048,36.33570249394532,59.54855169804455,1.5227202548656282,86.0,4.8,86.0,4.8,85.8,5.0,85.6,5.2,106.44358332396187,31.71202721085276,89.6163329385277,19.066049404619,77.82943981020371,24.13176732043916,71.4328776710401,46.217956423842175
53.333333333333336,500.0,20.561475412279616,42.77581139119352,0.3037399981834165,56.947888135775045,59.54855169804455,1.5227202548656282,44.34573782095048,36.33570249394532,88.6,4.6,88.0,4.6,86.8,5.8,87.4,5.2,106.44358332396187,31.71202721085276,89.6163329385277,19.066049404619,71.4328776710401,46.217956423842175,77.82943981020371,24.13176732043916
53.333333333333336,500.0,20.561475412279616,42.77581139119352,59.54855169804455,1.5227202548656282,44.34573782095048,36.33570249394532,0.3037399981834165,56.947888135775045,87.2,5.8,86.0,6.6,86.4,6.2,86.8,5.8,106.44358332396187,31.71202721085276,71.4328776710401,46.217956423842175,77.82943981020371,24.13176732043916,89.6163329385277,19.066049404619
53.333333333333336,500.0,20.561475412279616,42.77581139119352,59.54855169804455,1.5227202548656282,0.3037399981834165,56.947888135775045,44.34573782095048,36.33570249394532,87.4,4.8,85.6,6.0,86.8,4.8,86.0,5.4,106.44358332396187,31.71202721085276,71.4328776710401,46.217956423842175,89.6163329385277,19.066049404619,77.82943981020371,24.13176732043916
53.333333333333336,500.0,59.54855169804455,1.5227202548656282,44.34573782095048,36.33570249394532,0.3037399981834165,56.947888135775045,20.561475412279616,42.77581139119352,82.8,5.6,83.6,4.8,84.4,4.0,85.2,4.0,71.4328776710401,46.217956423842175,77.82943981020371,24.13176732043916,89.6163329385277,19.066049404619,106.44358332396187,31.71202721085276
53.333333333333336,500.0,59.54855169804455,1.5227202548656282,44.34573782095048,36.33570249394532,20.561475412279616,42.77581139119352,0.3037399981834165,56.947888135775045,84.8,6.2,85.0,5.8,85.8,5.4,85.6,5.4,71.4328776710401,46.217956423842175,77.82943981020371,24.13176732043916,106.44358332396187,31.71202721085276,89.6163329385277,19.066049404619
53.333333333333336,500.0,59.54855169804455,1.5227202548656282,0.3037399981834165,56.947888135775045,44.34573782095048,36.33570249394532,20.561475412279616,42.77581139119352,85.6,7.4,86.8,6.2,86.0,6.8,87.4,6.2,71.4328776710401,46.217956423842175,89.6163329385277,19.066049404619,77.82943981020371,24.13176732043916,106.44358332396187,31.71202721085276
53.333333333333336,500.0,59.54855169804455,1.5227202548656282,0.3037399981834165,56.947888135775045,20.561475412279616,42.77581139119352,44.34573782095048,36.33570249394532,86.4,8.0,88.4,6.0,89.4,6.0,87.4,7.0,71.4328776710401,46.217956423842175,89.6163329385277,19.066049404619,106.44358332396187,31.71202721085276,77.82943981020371,24.13176732043916
53.333333333333336,500.0,59.54855169804455,1.5227202548656282,20.561475412279616,42.77581139119352,44.34573782095048,36.33570249394532,0.3037399981834165,56.947888135775045,88.0,5.6,88.6,5.2,87.8,5.4,88.4,5.2,71.4328776710401,46.217956423842175,106.44358332396187,31.71202721085276,77.82943981020371,24.13176732043916,89.6163329385277,19.066049404619
53.333333333333336,500.0,59.54855169804455,1.5227202548656282,20.561475412279616,42.77581139119352,0.3037399981834165,56.947888135775045,44.34573782095048,36.33570249394532,88.2,6.0,88.2,6.0,88.2,6.0,88.0,6.0,71.4328776710401,46.217956423842175,106.44358332396187,31.71202721085276,89.6163329385277,19.066049404619,77.82943981020371,24.13176732043916
66.66666666666667,500.0,12.185706071055533,9.871360616351224,38.18921908201288,21.308982164732328,2.5780299027295883,43.858517242007046,58.72518985345108,37.79540027620673,99.0,34.4,100.0,34.4,99.6,34.4,99.6,34.4,93.70962249010245,29.085497573766013,96.6714916022122,27.687846913098547,98.52704683744298,22.85606193308708,82.5968698201723,22.17426717982496
66.66666666666667,500.0,12.185706071055533,9.871360616351224,58.72518985345108,37.79540027620673,38.18921908201288,21.308982164732328,2.5780299027295883,43.858517242007046,100.8,36.0,101.6,36.0,101.6,36.0,101.6,36.0,93.70962249010245,29.085497573766013,82.5968698201723,22.17426717982496,96.6714916022122,27.687846913098547,98.52704683744298,22.85606193308708
66.66666666666667,500.0,12.185706071055533,9.871360616351224,58.72518985345108,37.79540027620673,2.5780299027295883,43.858517242007046,38.18921908201288,21.308982164732328,101.0,36.2,101.6,36.0,101.6,35.8,101.6,36.2,93.70962249010245,29.085497573766013,82.5968698201723,22.17426717982496,98.52704683744298,22.85606193308708,96.6714916022122,27.687846913098547
66.66666666666667,500.0,12.185706071055533,9.871360616351224,2.5780299027295883,43.858517242007046,38.18921908201288,21.308982164732328,58.72518985345108,37.79540027620673,99.6,34.2,101.2,34.2,101.2,34.2,101.2,34.2,93.70962249010245,29.085497573766013,98.52704683744298,22.85606193308708,96.6714916022122,27.687846913098547,82.5968698201723,22.17426717982496
66.66666666666667,500.0,12.185706071055533,9.871360616351224,2.5780299027295883,43.858517242007046,58.72518985345108,37.79540027620673,38.18921908201288,21.308982164732328,101.2,35.4,101.8,34.8,101.2,34.8,101.2,35.4,93.70962249010245,29.085497573766013,98.52704683744298,22.85606193308708,82.5968698201723,22.17426717982496,96.6714916022122,27.687846913098547
66.66666666666667,500.0,38.18921908201288,21.308982164732328,12.185706071055533,9.871360616351224,58.72518985345108,37.79540027620673,2.5780299027295883,43.858517242007046,101.6,32.6,100.8,32.6,101.0,32.4,101.4,32.4,96.6714916022122,27.687846913098547,93.70962249010245,29.085497573766013,82.5968698201723,22.17426717982496,98.52704683744298,22.85606193308708
66.66666666666667,500.0,38.18921908201288,21.308982164732328,12.185706071055533,9.871360616351224,2.5780299027295883,43.858517242007046,58.72518985345108,37.79540027620673,101.6,36.0,101.0,36.0,101.6,36.0,101.6,36.0,96.6714916022122,27.687846913098547,93.70962249010245,29.085497573766013,98.52704683744298,22.85606193308708,82.5968698201723,22.17426717982496
66.66666666666667,500.0,38.18921908201288,21.308982164732328,58.72518985345108,37.79540027620673,12.185706071055533,9.871360616351224,2.5780299027295883,43.858517242007046,100.8,34.8,100.8,34.8,100.2,34.8,100.8,34.8,96.6714916022122,27.687846913098547,82.5968698201723,22.17426717982496,93.70962249010245,29.085497573766013,98.52704683744298,22.85606193308708
66.66666666666667,500.0,38.18921908201288,21.308982164732328,58.72518985345108,37.79540027620673,2.5780299027295883,43.858517242007046,12.185706071055533,9.871360616351224,101.8,37.2,101.8,37.2,101.8,37.2,101.2,37.2,96.6714916022122,27.687846913098547,82.5968698201723,22.17426717982496,98.52704683744298,22.85606193308708,93.70962249010245,29.085497573766013
66.66666666666667,500.0,38.18921908201288,21.308982164732328,2.5780299027295883,43.858517242007046,12.185706071055533,9.871360616351224,58.72518985345108,37.79540027620673,100.4,32.8,100.4,32.8,99.8,32.8,100.4,32.8,96.6714916022122,27.687846913098547,98.52704683744298,22.85606193308708,93.70962249010245,29.085497573766013,82.5968698201723,22.17426717982496
66.66666666666667,500.0,38.18921908201288,21.308982164732328,2.5780299027295883,43.858517242007046,58.72518985345108,37.79540027620673,12.185706071055533,9.871360616351224,100.2,33.6,100.2,33.6,100.2,33.6,99.0,33.6,96.6714916022122,27.687846913098547,98.52704683744298,22.85606193308708,82.5968698201723,22.17426717982496,93.70962249010245,29.085497573766013
66.66666666666667,500.0,58.72518985345108,37.79540027620673,12.185706071055533,9.871360616351224,38.18921908201288,21.308982164732328,2.5780299027295883,43.858517242007046,102.8,34.6,102.2,34.6,102.8,34.6,102.8,34.6,82.5968698201723,22.17426717982496,93.70962249010245,29.085497573766013,96.6714916022122,27.687846913098547,98.52704683744298,22.85606193308708
66.66666666666667,500.0,58.72518985345108,37.79540027620673,12.185706071055533,9.871360616351224,2.5780299027295883,43.858517242007046,38.18921908201288,21.308982164732328,101.0,36.8,100.8,37.0,101.0,36.6,101.0,37.0,82.5968698201723,22.17426717982496,93.70962249010245,29.085497573766013,98.52704683744298,22.85606193308708,96.6714916022122,27.687846913098547
66.66666666666667,500.0,58.72518985345108,37.79540027620673,38.18921908201288,21.308982164732328,12.185706071055533,9.871360616351224,2.5780299027295883,43.858517242007046,103.0,36.8,103.0,36.8,102.4,36.8,103.0,36.8,82.5968698201723,22.17426717982496,96.6714916022122,27.687846913098547,93.70962249010245,29.085497573766013,98.52704683744298,22.85606193308708
66.66666666666667,500.0,58.72518985345108,37.79540027620673,38.18921908201288,21.308982164732328,2.5780299027295883,43.858517242007046,12.185706071055533,9.871360616351224,103.4,34.8,103.4,34.8,103.4,34.8,103.0,34.8,82.5968698201723,22.17426717982496,96.6714916022122,27.687846913098547,98.52704683744298,22.85606193308708,93.70962249010245,29.085497573766013
66.66666666666667,500.0,58.72518985345108,37.79540027620673,2.5780299027295883,43.858517242007046,12.185706071055533,9.871360616351224,38.18921908201288,21.308982164732328,100.4,36.8,100.4,36.8,100.2,36.8,100.4,36.8,82.5968698201723,22.17426717982496,98.52704683744298,22.85606193308708,93.70962249010245,29.085497573766013,96.6714916022122,27.687846913098547
66.66666666666667,500.0,58.72518985345108,37.79540027620673,2.5780299027295883,43.858517242007046,38.18921908201288,21.308982164732328,12.185706071055533,9.871360616351224,100.6,36.2,100.6,36.2,100.6,36.2,99.8,36.2,82.5968698201723,22.17426717982496,98.52704683744298,22.85606193308708,96.6714916022122,27.687846913098547,93.70962249010245,29.085497573766013
66.66666666666667,500.0,2.5780299027295883,43.858517242007046,12.185706071055533,9.871360616351224,38.18921908201288,21.308982164732328,58.72518985345108,37.79540027620673,100.4,32.8,99.4,33.4,100.2,33.0,99.8,32.8,98.52704683744298,22.85606193308708,93.70962249010245,29.085497573766013,96.6714916022122,27.687846913098547,82.5968698201723,22.17426717982496
66.66666666666667,500.0,2.5780299027295883,43.858517242007046,12.185706071055533,9.871360616351224,58.72518985345108,37.79540027620673,38.18921908201288,21.308982164732328,101.2,35.2,100.2,36.2,100.6,35.4,100.6,36.0,98.52704683744298,22.85606193308708,93.70962249010245,29.085497573766013,82.5968698201723,22.17426717982496,96.6714916022122,27.687846913098547
66.66666666666667,500.0,2.5780299027295883,43.858517242007046,38.18921908201288,21.308982164732328,12.185706071055533,9.871360616351224,58.72518985345108,37.79540027620673,103.6,34.8,103.8,34.8,102.8,34.8,103.6,34.8,98.52704683744298,22.85606193308708,96.6714916022122,27.687846913098547,93.70962249010245,29.085497573766013,82.5968698201723,22.17426717982496
66.66666666666667,500.0,2.5780299027295883,43.858517242007046,38.18921908201288,21.308982164732328,58.72518985345108,37.79540027620673,12.185706071055533,9.871360616351224,100.4,34.2,100.2,34.4,99.8,34.2,99.8,34.8,98.52704683744298,22.85606193308708,96.6714916022122,27.687846913098547,82.5968698201723,22.17426717982496,93.70962249010245,29.085497573766013
66.66666666666667,500.0,2.5780299027295883,43.858517242007046,58.72518985345108,37.79540027620673,12.185706071055533,9.871360616351224,38.18921908201288,21.308982164732328,101.0,34.2,101.0,34.2,100.4,34.2,100.8,34.2,98.52704683744298,22.85606193308708,82.5968698201723,22.17426717982496,93.70962249010245,29.085497573766013,96.6714916022122,27.687846913098547
66.66666666666667,500.0,2.5780299027295883,43.858517242007046,58.72518985345108,37.79540027620673,38.18921908201288,21.308982164732328,12.185706071055533,9.871360616351224,100.8,33.2,100.8,33.2,100.8,33.2,100.0,33.2,98.52704683744298,22.85606193308708,82.5968698201723,22.17426717982496,96.6714916022122,27.687846913098547,93.70962249010245,29.085497573766013
66.66666666666667,500.0,35.82627493799728,53.58846969708266,43.20819699126219,7.507231169927746,12.730123982247626,51.94818559507895,11.735130422584266,27.941518173983763,93.2,22.6,94.0,48.6,82.0,22.6,81.8,35.8,65.65392133442741,3.7552207547035854,72.97947705632635,16.064811312876603,64.65249736207464,3.719223154676492,87.97769073656289,12.192636324345203
66.66666666666667,500.0,35.82627493799728,53.58846969708266,11.735130422584266,27.941518173983763,43.20819699126219,7.507231169927746,12.730123982247626,51.94818559507895,90.8,21.0,80.0,33.0,91.0,44.6,80.0,21.0,65.65392133442741,3.7552207547035854,87.97769073656289,12.192636324345203,72.97947705632635,16.064811312876603,64.65249736207464,3.719223154676492
66.66666666666667,500.0,35.82627493799728,53.58846969708266,11.735130422584266,27.941518173983763,12.730123982247626,51.94818559507895,43.20819699126219,7.507231169927746,93.4,22.4,79.8,37.0,80.0,22.4,93.8,51.2,65.65392133442741,3.7552207547035854,87.97769073656289,12.192636324345203,64.65249736207464,3.719223154676492,72.97947705632635,16.064811312876603
66.66666666666667,500.0,35.82627493799728,53.58846969708266,12.730123982247626,51.94818559507895,43.20819699126219,7.507231169927746,11.735130422584266,27.941518173983763,89.8,19.4,79.4,19.4,90.6,47.4,79.4,34.4,65.65392133442741,3.7552207547035854,64.65249736207464,3.719223154676492,72.97947705632635,16.064811312876603,87.97769073656289,12.192636324345203
66.66666666666667,500.0,35.82627493799728,53.58846969708266,12.730123982247626,51.94818559507895,11.735130422584266,27.941518173983763,43.20819699126219,7.507231169927746,91.2,22.6,80.6,22.6,80.2,36.2,92.2,49.0,65.65392133442741,3.7552207547035854,64.65249736207464,3.719223154676492,87.97769073656289,12.192636324345203,72.97947705632635,16.064811312876603
66.66666666666667,500.0,43.20819699126219,7.507231169927746,35.82627493799728,53.58846969708266,11.735130422584266,27.941518173983763,12.730123982247626,51.94818559507895,93.8,51.4,93.6,21.0,81.0,36.8,80.6,21.0,72.97947705632635,16.064811312876603,65.65392133442741,3.7552207547035854,87.97769073656289,12.192636324345203,64.65249736207464,3.719223154676492
66.66666666666667,500.0,43.20819699126219,7.507231169927746,35.82627493799728,53.58846969708266,12.730123982247626,51.94818559507895,11.735130422584266,27.941518173983763,92.4,47.6,92.2,20.2,80.6,20.2,80.6,34.8,72.97947705632635,16.064811312876603,65.65392133442741,3.7552207547035854,64.65249736207464,3.719223154676492,87.97769073656289,12.192636324345203
66.66666666666667,500.0,43.20819699126219,7.507231169927746,11.735130422584266,27.941518173983763,35.82627493799728,53.58846969708266,12.730123982247626,51.94818559507895,92.2,47.4,80.4,34.4,91.8,19.2,80.2,19.2,72.97947705632635,16.064811312876603,87.97769073656289,12.192636324345203,65.65392133442741,3.7552207547035854,64.65249736207464,3.719223154676492
66.66666666666667,500.0,43.20819699126219,7.507231169927746,11.735130422584266,27.941518173983763,12.730123982247626,51.94818559507895,35.82627493799728,53.58846969708266,93.0,49.0,80.2,35.6,80.8,20.4,92.2,20.4,72.97947705632635,16.064811312876603,87.97769073656289,12.192636324345203,64.65249736207464,3.719223154676492,65.65392133442741,3.7552207547035854
66.66666666666667,500.0,43.20819699126219,7.507231169927746,12.730123982247626,51.94818559507895,35.82627493799728,53.58846969708266,11.735130422584266,27.941518173983763,91.4,45.0,80.0,20.0,91.4,20.0,80.6,33.0,72.97947705632635,16.064811312876603,64.65249736207464,3.719223154676492,65.65392133442741,3.7552207547035854,87.97769073656289,12.192636324345203
66.66666666666667,500.0,43.20819699126219,7.507231169927746,12.730123982247626,51.94818559507895,11.735130422584266,27.941518173983763,35.82627493799728,53.58846969708266,96.0,51.0,83.0,22.6,82.6,37.2,95.6,22.6,72.97947705632635,16.064811312876603,64.65249736207464,3.719223154676492,87.97769073656289,12.192636324345203,65.65392133442741,3.7552207547035854
66.66666666666667,500.0,11.735130422584266,27.941518173983763,35.82627493799728,53.58846969708266,43.20819699126219,7.507231169927746,12.730123982247626,51.94818559507895,79.2,36.6,92.6,21.6,93.0,50.8,79.6,21.6,87.97769073656289,12.192636324345203,65.65392133442741,3.7552207547035854,72.97947705632635,16.064811312876603,64.65249736207464,3.719223154676492
66.66666666666667,500.0,11.735130422584266,27.941518173983763,35.82627493799728,53.58846969708266,12.730123982247626,51.94818559507895,43.20819699126219,7.507231169927746,79.6,38.2,92.8,22.4,79.6,22.4,93.0,53.2,87.97769073656289,12.192636324345203,65.65392133442741,3.7552207547035854,64.65249736207464,3.719223154676492,72.97947705632635,16.064811312876603
66.66666666666667,500.0,11.735130422584266,27.941518173983763,43.20819699126219,7.507231169927746,35.82627493799728,53.58846969708266,12.730123982247626,51.94818559507895,82.2,37.6,96.4,52.2,95.6,21.6,82.6,21.6,87.97769073656289,12.192636324345203,72.97947705632635,16.064811312876603,65.65392133442741,3.7552207547035854,64.65249736207464,3.719223154676492
66.66666666666667,500.0,11.735130422584266,27.941518173983763,43.20819699126219,7.507231169927746,12.730123982247626,51.94818559507895,35.82627493799728,53.58846969708266,81.6,36.8,94.6,50.0,81.8,23.2,94.2,23.2,87.97769073656289,12.192636324345203,72.97947705632635,16.064811312876603,64.65249736207464,3.719223154676492,65.65392133442741,3.7552207547035854
66.66666666666667,500.0,11.735130422584266,27.941518173983763,12.730123982247626,51.94818559507895,35.82627493799728,53.58846969708266,43.20819699126219,7.507231169927746,82.4,37.2,83.0,22.8,93.2,22.8,94.0,50.0,87.97769073656289,12.192636324345203,64.65249736207464,3.719223154676492,65.65392133442741,3.7552207547035854,72.97947705632635,16.064811312876603
66.66666666666667,500.0,11.735130422584266,27.941518173983763,12.730123982247626,51.94818559507895,43.20819699126219,7.507231169927746,35.82627493799728,53.58846969708266,81.4,35.4,81.4,20.0,95.4,50.4,95.0,20.0,87.97769073656289,12.192636324345203,64.65249736207464,3.719223154676492,72.97947705632635,16.064811312876603,65.65392133442741,3.7552207547035854
66.66666666666667,500.0,12.730123982247626,51.94818559507895,35.82627493799728,53.58846969708266,43.20819699126219,7.507231169927746,11.735130422584266,27.941518173983763,82.8,21.8,93.0,21.8,93.4,47.4,82.6,35.4,64.65249736207464,3.719223154676492,65.65392133442741,3.7552207547035854,72.97947705632635,16.064811312876603,87.97769073656289,12.192636324345203
66.66666666666667,500.0,12.730123982247626,51.94818559507895,35.82627493799728,53.58846969708266,11.735130422584266,27.941518173983763,43.20819699126219,7.507231169927746,82.0,20.6,92.0,20.6,81.4,34.2,93.6,47.4,64.65249736207464,3.719223154676492,65.65392133442741,3.7552207547035854,87.97769073656289,12.192636324345203,72.97947705632635,16.064811312876603
66.66666666666667,500.0,12.730123982247626,51.94818559507895,43.20819699126219,7.507231169927746,35.82627493799728,53.58846969708266,11.735130422584266,27.941518173983763,80.0,20.2,91.8,48.6,91.4,20.2,79.6,35.4,64.65249736207464,3.719223154676492,72.97947705632635,16.064811312876603,65.65392133442741,3.7552207547035854,87.97769073656289,12.192636324345203
66.66666666666667,500.0,12.730123982247626,51.94818559507895,43.20819699126219,7.507231169927746,11.735130422584266,27.941518173983763,35.82627493799728,53.58846969708266,81.6,22.6,93.8,52.6,80.8,38.4,92.8,22.6,64.65249736207464,3.719223154676492,72.97947705632635,16.064811312876603,87.97769073656289,12.192636324345203,65.65392133442741,3.7552207547035854
66.66666666666667,500.0,12.730123982247626,51.94818559507895,11.735130422584266,27.941518173983763,35.82627493799728,53.58846969708266,43.20819699126219,7.507231169927746,84.0,21.2,83.8,34.2,93.2,21.2,94.2,46.0,64.65249736207464,3.719223154676492,87.97769073656289,12.192636324345203,65.65392133442741,3.7552207547035854,72.97947705632635,16.064811312876603
66.66666666666667,500.0,12.730123982247626,51.94818559507895,11.735130422584266,27.941518173983763,43.20819699126219,7.507231169927746,35.82627493799728,53.58846969708266,79.2,20.8,79.4,34.0,91.0,46.2,89.6,20.8,64.65249736207464,3.719223154676492,87.97769073656289,12.192636324345203,72.97947705632635,16.064811312876603,65.65392133442741,3.7552207547035854
66.66666666666667,500.0,54.54792674276843,52.36671813014358,26.083593019704068,55.73514920181355,53.37758006349498,9.829793063811872,7.387638858235346,41.06335839119891,98.2,22.2,98.2,22.2,98.2,22.2,98.2,22.2,100.10306473090252,28.97867963019152,104.36746132170876,29.102583476520945,99.69251171650887,39.57479376451944,111.99527950070654,32.30047397628949
66.66666666666667,500.0,54.54792674276843,52.36671813014358,7.387638858235346,41.06335839119891,26.083593019704068,55.73514920181355,53.37758006349498,9.829793063811872,95.8,24.8,95.8,25.0,95.4,24.8,95.4,25.2,100.10306473090252,28.97867963019152,111.99527950070654,32.30047397628949,104.36746132170876,29.102583476520945,99.69251171650887,39.57479376451944
66.66666666666667,500.0,54.54792674276843,52.36671813014358,7.387638858235346,41.06335839119891,53.37758006349498,9.829793063811872,26.083593019704068,55.73514920181355,96.6,24.8,97.2,25.0,96.8,25.2,97.2,24.8,100.10306473090252,28.97867963019152,111.99527950070654,32.30047397628949,99.69251171650887,39.57479376451944,104.36746132170876,29.102583476520945
66.66666666666667,500.0,54.54792674276843,52.36671813014358,53.37758006349498,9.829793063811872,26.083593019704068,55.73514920181355,7.387638858235346,41.06335839119891,97.4,22.8,97.4,23.6,97.8,22.8,98.2,23.2,100.10306473090252,28.97867963019152,99.69251171650887,39.57479376451944,104.36746132170876,29.102583476520945,111.99527950070654,32.30047397628949
66.66666666666667,500.0,54.54792674276843,52.36671813014358,53.37758006349498,9.829793063811872,7.387638858235346,41.06335839119891,26.083593019704068,55.73514920181355,95.0,20.0,94.6,20.4,95.0,20.2,94.6,20.0,100.10306473090252,28.97867963019152,99.69251171650887,39.57479376451944,111.99527950070654,32.30047397628949,104.36746132170876,29.102583476520945
66.66666666666667,500.0,26.083593019704068,55.73514920181355,54.54792674276843,52.36671813014358,7.387638858235346,41.06335839119891,53.37758006349498,9.829793063811872,95.4,21.0,96.0,21.0,95.4,21.0,95.4,21.0,104.36746132170876,29.102583476520945,100.10306473090252,28.97867963019152,111.99527950070654,32.30047397628949,99.69251171650887,39.57479376451944
66.66666666666667,500.0,26.083593019704068,55.73514920181355,54.54792674276843,52.36671813014358,53.37758006349498,9.829793063811872,7.387638858235346,41.06335839119891,98.4,22.4,98.4,22.4,98.4,22.4,98.4,22.4,104.36746132170876,29.102583476520945,100.10306473090252,28.97867963019152,99.69251171650887,39.57479376451944,111.99527950070654,32.30047397628949
66.66666666666667,500.0,26.083593019704068,55.73514920181355,7.387638858235346,41.06335839119891,54.54792674276843,52.36671813014358,53.37758006349498,9.829793063811872,98.4,26.0,98.8,26.2,98.6,26.0,98.4,26.4,104.36746132170876,29.102583476520945,111.99527950070654,32.30047397628949,100.10306473090252,28.97867963019152,99.69251171650887,39.57479376451944
66.66666666666667,500.0,26.083593019704068,55.73514920181355,7.387638858235346,41.06335839119891,53.37758006349498,9.829793063811872,54.54792674276843,52.36671813014358,96.8,24.4,97.2,24.6,96.8,24.8,97.2,24.4,104.36746132170876,29.102583476520945,111.99527950070654,32.30047397628949,99.69251171650887,39.57479376451944,100.10306473090252,28.97867963019152
66.66666666666667,500.0,26.083593019704068,55.73514920181355,53.37758006349498,9.829793063811872,54.54792674276843,52.36671813014358,7.387638858235346,41.06335839119891,96.0,23.8,96.0,24.2,96.0,23.8,96.4,24.0,104.36746132170876,29.102583476520945,99.69251171650887,39.57479376451944,100.10306473090252,28.97867963019152,111.99527950070654,32.30047397628949
66.66666666666667,500.0,26.083593019704068,55.73514920181355,53.37758006349498,9.829793063811872,7.387638858235346,41.06335839119891,54.54792674276843,52.36671813014358,98.2,24.4,98.2,24.8,98.8,24.2,99.0,24.2,104.36746132170876,29.102583476520945,99.69251171650887,39.57479376451944,111.99527950070654,32.30047397628949,100.10306473090252,28.97867963019152
66.66666666666667,500.0,7.387638858235346,41.06335839119891,54.54792674276843,52.36671813014358,26.083593019704068,55.73514920181355,53.37758006349498,9.829793063811872,94.2,21.2,94.0,21.0,94.2,21.0,93.8,21.4,111.99527950070654,32.30047397628949,100.10306473090252,28.97867963019152,104.36746132170876,29.102583476520945,99.69251171650887,39.57479376451944
66.66666666666667,500.0,7.387638858235346,41.06335839119891,54.54792674276843,52.36671813014358,53.37758006349498,9.829793063811872,26.083593019704068,55.73514920181355,98.2,24.4,98.0,24.2,97.8,24.6,97.8,24.2,111.99527950070654,32.30047397628949,100.10306473090252,28.97867963019152,99.69251171650887,39.57479376451944,104.36746132170876,29.102583476520945
66.66666666666667,500.0,7.387638858235346,41.06335839119891,26.083593019704068,55.73514920181355,54.54792674276843,52.36671813014358,53.37758006349498,9.829793063811872,96.2,20.4,96.2,20.4,96.2,20.4,96.2,20.4,111.99527950070654,32.30047397628949,104.36746132170876,29.102583476520945,100.10306473090252,28.97867963019152,99.69251171650887,39.57479376451944
66.66666666666667,500.0,7.387638858235346,41.06335839119891,26.083593019704068,55.73514920181355,53.37758006349498,9.829793063811872,54.54792674276843,52.36671813014358,95.0,22.0,95.0,22.0,95.0,22.0,95.6,22.0,111.99527950070654,32.30047397628949,104.36746132170876,29.102583476520945,99.69251171650887,39.57479376451944,100.10306473090252,28.97867963019152
66.66666666666667,500.0,7.387638858235346,41.06335839119891,53.37758006349498,9.829793063811872,54.54792674276843,52.36671813014358,26.083593019704068,55.73514920181355,94.2,22.8,94.2,22.8,95.2,22.8,94.2,22.8,111.99527950070654,32.30047397628949,99.69251171650887,39.57479376451944,100.10306473090252,28.97867963019152,104.36746132170876,29.102583476520945
66.66666666666667,500.0,7.387638858235346,41.06335839119891,53.37758006349498,9.829793063811872,26.083593019704068,55.73514920181355,54.54792674276843,52.36671813014358,96.2,23.0,96.2,23.0,96.2,23.0,96.4,23.0,111.99527950070654,32.30047397628949,99.69251171650887,39.57479376451944,104.36746132170876,29.102583476520945,100.10306473090252,28.97867963019152
66.66666666666667,500.0,53.37758006349498,9.829793063811872,54.54792674276843,52.36671813014358,26.083593019704068,55.73514920181355,7.387638858235346,41.06335839119891,98.8,25.6,99.0,25.6,98.8,25.6,98.8,25.6,99.69251171650887,39.57479376451944,100.10306473090252,28.97867963019152,104.36746132170876,29.102583476520945,111.99527950070654,32.30047397628949
66.66666666666667,500.0,53.37758006349498,9.829793063811872,54.54792674276843,52.36671813014358,7.387638858235346,41.06335839119891,26.083593019704068,55.73514920181355,96.4,20.0,96.6,20.0,96.4,20.0,96.4,20.0,99.69251171650887,39.57479376451944,100.10306473090252,28.97867963019152,111.99527950070654,32.30047397628949,104.36746132170876,29.102583476520945
66.66666666666667,500.0,53.37758006349498,9.829793063811872,26.083593019704068,55.73514920181355,54.54792674276843,52.36671813014358,7.387638858235346,41.06335839119891,98.6,23.8,98.6,23.4,98.8,23.4,99.0,23.6,99.69251171650887,39.57479376451944,104.36746132170876,29.102583476520945,100.10306473090252,28.97867963019152,111.99527950070654,32.30047397628949
66.66666666666667,500.0,53.37758006349498,9.829793063811872,26.083593019704068,55.73514920181355,7.387638858235346,41.06335839119891,54.54792674276843,52.36671813014358,97.0,25.2,97.0,24.8,97.4,25.0,97.0,24.8,99.69251171650887,39.57479376451944,104.36746132170876,29.102583476520945,111.99527950070654,32.30047397628949,100.10306473090252,28.97867963019152
66.66666666666667,500.0,53.37758006349498,9.829793063811872,7.387638858235346,41.06335839119891,54.54792674276843,52.36671813014358,26.083593019704068,55.73514920181355,97.2,22.6,97.6,22.4,97.4,22.2,97.6,22.2,99.69251171650887,39.57479376451944,111.99527950070654,32.30047397628949,100.10306473090252,28.97867963019152,104.36746132170876,29.102583476520945
66.66666666666667,500.0,53.37758006349498,9.829793063811872,7.387638858235346,41.06335839119891,26.083593019704068,55.73514920181355,54.54792674276843,52.36671813014358,96.8,24.2,96.8,24.2,96.8,24.2,97.6,24.2,99.69251171650887,39.57479376451944,111.99527950070654,32.30047397628949,104.36746132170876,29.102583476520945,100.10306473090252,28.97867963019152
66.66666666666667,500.0,56.55109035401546,42.16580384118928,1.3107137636651212,1.4520721328146746,25.28609564503224,25.513188285786125,28.47421354476287,46.709608125055446,102.8,8.2,104.8,10.2,103.8,10.2,102.8,9.2,65.9046599373108,12.327400000568783,99.07928707137556,39.48508426288272,77.41407424721413,24.860717541509576,81.13946034815518,7.911486157592812
66.66666666666667,500.0,56.55109035401546,42.16580384118928,28.47421354476287,46.709608125055446,1.3107137636651212,1.4520721328146746,25.28609564503224,25.513188285786125,110.8,13.6,110.8,13.6,110.8,13.6,110.8,13.6,65.9046599373108,12.327400000568783,81.13946034815518,7.911486157592812,99.07928707137556,39.48508426288272,77.41407424721413,24.860717541509576
66.66666666666667,500.0,56.55109035401546,42.16580384118928,28.47421354476287,46.709608125055446,25.28609564503224,25.513188285786125,1.3107137636651212,1.4520721328146746,105.4,15.6,105.4,15.8,105.6,16.0,105.8,16.0,65.9046599373108,12.327400000568783,81.13946034815518,7.911486157592812,77.41407424721413,24.860717541509576,99.07928707137556,39.48508426288272
66.66666666666667,500.0,56.55109035401546,42.16580384118928,25.28609564503224,25.513188285786125,1.3107137636651212,1.4520721328146746,28.47421354476287,46.709608125055446,107.2,14.0,107.4,14.4,107.6,14.4,107.2,14.2,65.9046599373108,12.327400000568783,77.41407424721413,24.860717541509576,99.07928707137556,39.48508426288272,81.13946034815518,7.911486157592812
66.66666666666667,500.0,56.55109035401546,42.16580384118928,25.28609564503224,25.513188285786125,28.47421354476287,46.709608125055446,1.3107137636651212,1.4520721328146746,107.6,6.2,108.4,7.8,107.6,7.0,109.2,7.8,65.9046599373108,12.327400000568783,77.41407424721413,24.860717541509576,81.13946034815518,7.911486157592812,99.07928707137556,39.48508426288272
66.66666666666667,500.0,1.3107137636651212,1.4520721328146746,56.55109035401546,42.16580384118928,28.47421354476287,46.709608125055446,25.28609564503224,25.513188285786125,104.0,11.2,103.6,10.8,103.6,11.0,103.8,11.2,99.07928707137556,39.48508426288272,65.9046599373108,12.327400000568783,81.13946034815518,7.911486157592812,77.41407424721413,24.860717541509576
66.66666666666667,500.0,1.3107137636651212,1.4520721328146746,56.55109035401546,42.16580384118928,25.28609564503224,25.513188285786125,28.47421354476287,46.709608125055446,106.8,10.2,105.8,9.4,106.4,10.2,106.0,9.8,99.07928707137556,39.48508426288272,65.9046599373108,12.327400000568783,77.41407424721413,24.860717541509576,81.13946034815518,7.911486157592812
66.66666666666667,500.0,1.3107137636651212,1.4520721328146746,28.47421354476287,46.709608125055446,56.55109035401546,42.16580384118928,25.28609564503224,25.513188285786125,107.8,12.6,107.0,11.2,106.8,11.0,107.4,12.4,99.07928707137556,39.48508426288272,81.13946034815518,7.911486157592812,65.9046599373108,12.327400000568783,77.41407424721413,24.860717541509576
66.66666666666667,500.0,1.3107137636651212,1.4520721328146746,28.47421354476287,46.709608125055446,25.28609564503224,25.513188285786125,56.55109035401546,42.16580384118928,107.4,14.0,106.2,13.0,106.8,14.2,106.2,12.6,99.07928707137556,39.48508426288272,81.13946034815518,7.911486157592812,77.41407424721413,24.860717541509576,65.9046599373108,12.327400000568783
66.66666666666667,500.0,1.3107137636651212,1.4520721328146746,25.28609564503224,25.513188285786125,56.55109035401546,42.16580384118928,28.47421354476287,46.709608125055446,106.2,10.8,106.0,10.8,105.8,10.4,105.8,10.6,99.07928707137556,39.48508426288272,77.41407424721413,24.860717541509576,65.9046599373108,12.327400000568783,81.13946034815518,7.911486157592812
66.66666666666667,500.0,1.3107137636651212,1.4520721328146746,25.28609564503224,25.513188285786125,28.47421354476287,46.709608125055446,56.55109035401546,42.16580384118928,102.0,14.4,101.2,14.4,100.8,13.8,100.8,13.2,99.07928707137556,39.48508426288272,77.41407424721413,24.860717541509576,81.13946034815518,7.911486157592812,65.9046599373108,12.327400000568783
66.66666666666667,500.0,28.47421354476287,46.709608125055446,56.55109035401546,42.16580384118928,1.3107137636651212,1.4520721328146746,25.28609564503224,25.513188285786125,107.2,10.8,106.8,10.2,108.4,11.8,107.6,11.6,81.13946034815518,7.911486157592812,65.9046599373108,12.327400000568783,99.07928707137556,39.48508426288272,77.41407424721413,24.860717541509576
66.66666666666667,500.0,28.47421354476287,46.709608125055446,56.55109035401546,42.16580384118928,25.28609564503224,25.513188285786125,1.3107137636651212,1.4520721328146746,106.8,11.6,106.8,11.4,107.0,11.8,107.2,11.8,81.13946034815518,7.911486157592812,65.9046599373108,12.327400000568783,77.41407424721413,24.860717541509576,99.07928707137556,39.48508426288272
66.66666666666667,500.0,28.47421354476287,46.709608125055446,1.3107137636651212,1.4520721328146746,56.55109035401546,42.16580384118928,25.28609564503224,25.513188285786125,107.4,11.0,107.8,11.2,107.4,10.8,107.6,11.2,81.13946034815518,7.911486157592812,99.07928707137556,39.48508426288272,65.9046599373108,12.327400000568783,77.41407424721413,24.860717541509576
66.66666666666667,500.0,28.47421354476287,46.709608125055446,1.3107137636651212,1.4520721328146746,25.28609564503224,25.513188285786125,56.55109035401546,42.16580384118928,112.8,11.2,114.0,11.8,113.4,11.8,112.6,10.6,81.13946034815518,7.911486157592812,99.07928707137556,39.48508426288272,77.41407424721413,24.860717541509576,65.9046599373108,12.327400000568783
66.66666666666667,500.0,28.47421354476287,46.709608125055446,25.28609564503224,25.513188285786125,56.55109035401546,42.16580384118928,1.3107137636651212,1.4520721328146746,106.4,9.0,107.2,9.8,106.2,8.2,108.0,9.8,81.13946034815518,7.911486157592812,77.41407424721413,24.860717541509576,65.9046599373108,12.327400000568783,99.07928707137556,39.48508426288272
66.66666666666667,500.0,28.47421354476287,46.709608125055446,25.28609564503224,25.513188285786125,1.3107137636651212,1.4520721328146746,56.55109035401546,42.16580384118928,105.0,12.4,105.6,13.2,106.2,13.6,104.8,11.8,81.13946034815518,7.911486157592812,77.41407424721413,24.860717541509576,99.07928707137556,39.48508426288272,65.9046599373108,12.327400000568783
66.66666666666667,500.0,25.28609564503224,25.513188285786125,56.55109035401546,42.16580384118928,1.3107137636651212,1.4520721328146746,28.47421354476287,46.709608125055446,107.6,12.2,106.6,10.6,108.4,12.2,106.8,11.4,77.41407424721413,24.860717541509576,65.9046599373108,12.327400000568783,99.07928707137556,39.48508426288272,81.13946034815518,7.911486157592812
66.66666666666667,500.0,25.28609564503224,25.513188285786125,56.55109035401546,42.16580384118928,28.47421354476287,46.709608125055446,1.3107137636651212,1.4520721328146746,111.0,10.4,111.0,10.4,111.0,10.4,111.0,10.4,77.41407424721413,24.860717541509576,65.9046599373108,12.327400000568783,81.13946034815518,7.911486157592812,99.07928707137556,39.48508426288272
66.66666666666667,500.0,25.28609564503224,25.513188285786125,1.3107137636651212,1.4520721328146746,56.55109035401546,42.16580384118928,28.47421354476287,46.709608125055446,109.8,12.0,110.8,12.0,108.8,10.0,108.8,11.0,77.41407424721413,24.860717541509576,99.07928707137556,39.48508426288272,65.9046599373108,12.327400000568783,81.13946034815518,7.911486157592812
66.66666666666667,500.0,25.28609564503224,25.513188285786125,1.3107137636651212,1.4520721328146746,28.47421354476287,46.709608125055446,56.55109035401546,42.16580384118928,104.0,14.2,104.8,14.2,103.2,13.4,103.2,12.6,77.41407424721413,24.860717541509576,99.07928707137556,39.48508426288272,81.13946034815518,7.911486157592812,65.9046599373108,12.327400000568783
66.66666666666667,500.0,25.28609564503224,25.513188285786125,28.47421354476287,46.709608125055446,56.55109035401546,42.16580384118928,1.3107137636651212,1.4520721328146746,105.0,13.0,104.4,12.4,104.4,11.8,105.6,13.0,77.41407424721413,24.860717541509576,81.13946034815518,7.911486157592812,65.9046599373108,12.327400000568783,99.07928707137556,39.48508426288272
66.66666666666667,500.0,25.28609564503224,25.513188285786125,28.47421354476287,46.709608125055446,1.3107137636651212,1.4520721328146746,56.55109035401546,42.16580384118928,103.6,13.0,103.0,12.4,104.2,13.0,103.0,11.8,77.41407424721413,24.860717541509576,81.13946034815518,7.911486157592812,99.07928707137556,39.48508426288272,65.9046599373108,12.327400000568783
66.66666666666667,500.0,26.29761949961138,10.622057669513667,8.159263100887744,35.044372623225776,51.436652017042434,17.332232140959412,56.50747002159251,44.56407627355854,100.8,49.8,113.0,36.6,97.8,49.8,85.6,35.6,65.59488838664643,40.97484990422216,77.06727364783593,32.04228584144776,63.52956113991454,40.40085548573066,60.08708604882904,28.564690019596565
66.66666666666667,500.0,26.29761949961138,10.622057669513667,56.50747002159251,44.56407627355854,8.159263100887744,35.044372623225776,51.436652017042434,17.332232140959412,99.8,50.8,85.2,36.4,113.4,37.0,98.4,50.8,65.59488838664643,40.97484990422216,60.08708604882904,28.564690019596565,77.06727364783593,32.04228584144776,63.52956113991454,40.40085548573066
66.66666666666667,500.0,26.29761949961138,10.622057669513667,56.50747002159251,44.56407627355854,51.436652017042434,17.332232140959412,8.159263100887744,35.044372623225776,101.0,46.6,89.4,34.8,100.0,46.4,112.6,35.2,65.59488838664643,40.97484990422216,60.08708604882904,28.564690019596565,63.52956113991454,40.40085548573066,77.06727364783593,32.04228584144776
66.66666666666667,500.0,26.29761949961138,10.622057669513667,51.436652017042434,17.332232140959412,8.159263100887744,35.044372623225776,56.50747002159251,44.56407627355854,99.2,52.0,99.0,52.0,113.4,38.0,85.2,37.8,65.59488838664643,40.97484990422216,63.52956113991454,40.40085548573066,77.06727364783593,32.04228584144776,60.08708604882904,28.564690019596565
66.66666666666667,500.0,26.29761949961138,10.622057669513667,51.436652017042434,17.332232140959412,56.50747002159251,44.56407627355854,8.159263100887744,35.044372623225776,99.6,52.4,96.6,52.4,82.6,36.4,113.6,37.4,65.59488838664643,40.97484990422216,63.52956113991454,40.40085548573066,60.08708604882904,28.564690019596565,77.06727364783593,32.04228584144776
66.66666666666667,500.0,8.159263100887744,35.044372623225776,26.29761949961138,10.622057669513667,56.50747002159251,44.56407627355854,51.436652017042434,17.332232140959412,113.6,35.6,100.4,49.8,85.6,35.2,98.4,49.6,77.06727364783593,32.04228584144776,65.59488838664643,40.97484990422216,60.08708604882904,28.564690019596565,63.52956113991454,40.40085548573066
66.66666666666667,500.0,8.159263100887744,35.044372623225776,26.29761949961138,10.622057669513667,51.436652017042434,17.332232140959412,56.50747002159251,44.56407627355854,111.6,35.0,99.2,47.8,96.8,47.8,85.0,34.0,77.06727364783593,32.04228584144776,65.59488838664643,40.97484990422216,63.52956113991454,40.40085548573066,60.08708604882904,28.564690019596565
66.66666666666667,500.0,8.159263100887744,35.044372623225776,56.50747002159251,44.56407627355854,26.29761949961138,10.622057669513667,51.436652017042434,17.332232140959412,111.0,35.4,83.6,34.8,97.6,48.8,96.4,48.8,77.06727364783593,32.04228584144776,60.08708604882904,28.564690019596565,65.59488838664643,40.97484990422216,63.52956113991454,40.40085548573066
66.66666666666667,500.0,8.159263100887744,35.044372623225776,56.50747002159251,44.56407627355854,51.436652017042434,17.332232140959412,26.29761949961138,10.622057669513667,111.6,36.4,83.6,36.0,97.0,50.2,98.2,50.2,77.06727364783593,32.04228584144776,60.08708604882904,28.564690019596565,63.52956113991454,40.40085548573066,65.59488838664643,40.97484990422216
66.66666666666667,500.0,8.159263100887744,35.044372623225776,51.436652017042434,17.332232140959412,26.29761949961138,10.622057669513667,56.50747002159251,44.56407627355854,112.0,35.6,97.0,48.6,100.0,48.6,85.0,34.6,77.06727364783593,32.04228584144776,63.52956113991454,40.40085548573066,65.59488838664643,40.97484990422216,60.08708604882904,28.564690019596565
66.66666666666667,500.0,8.159263100887744,35.044372623225776,51.436652017042434,17.332232140959412,56.50747002159251,44.56407627355854,26.29761949961138,10.622057669513667,114.2,35.4,99.2,48.4,87.2,34.4,101.4,48.4,77.06727364783593,32.04228584144776,63.52956113991454,40.40085548573066,60.08708604882904,28.564690019596565,65.59488838664643,40.97484990422216
66.66666666666667,500.0,56.50747002159251,44.56407627355854,26.29761949961138,10.622057669513667,8.159263100887744,35.044372623225776,51.436652017042434,17.332232140959412,85.6,36.2,98.2,48.6,110.6,36.2,98.2,48.6,60.08708604882904,28.564690019596565,65.59488838664643,40.97484990422216,77.06727364783593,32.04228584144776,63.52956113991454,40.40085548573066
66.66666666666667,500.0,56.50747002159251,44.56407627355854,26.29761949961138,10.622057669513667,51.436652017042434,17.332232140959412,8.159263100887744,35.044372623225776,83.2,36.8,97.8,50.8,95.6,50.8,110.4,37.6,60.08708604882904,28.564690019596565,65.59488838664643,40.97484990422216,63.52956113991454,40.40085548573066,77.06727364783593,32.04228584144776
66.66666666666667,500.0,56.50747002159251,44.56407627355854,8.159263100887744,35.044372623225776,26.29761949961138,10.622057669513667,51.436652017042434,17.332232140959412,83.2,37.0,114.4,38.0,100.2,53.0,97.4,53.0,60.08708604882904,28.564690019596565,77.06727364783593,32.04228584144776,65.59488838664643,40.97484990422216,63.52956113991454,40.40085548573066
66.66666666666667,500.0,56.50747002159251,44.56407627355854,8.159263100887744,35.044372623225776,51.436652017042434,17.332232140959412,26.29761949961138,10.622057669513667,89.2,33.8,111.8,34.4,99.6,45.4,100.4,45.4,60.08708604882904,28.564690019596565,77.06727364783593,32.04228584144776,63.52956113991454,40.40085548573066,65.59488838664643,40.97484990422216
66.66666666666667,500.0,56.50747002159251,44.56407627355854,51.436652017042434,17.332232140959412,26.29761949961138,10.622057669513667,8.159263100887744,35.044372623225776,86.0,35.4,98.4,48.2,98.2,48.2,111.4,35.6,60.08708604882904,28.564690019596565,63.52956113991454,40.40085548573066,65.59488838664643,40.97484990422216,77.06727364783593,32.04228584144776
66.66666666666667,500.0,56.50747002159251,44.56407627355854,51.436652017042434,17.332232140959412,8.159263100887744,35.044372623225776,26.29761949961138,10.622057669513667,86.2,35.4,98.6,48.2,111.6,35.6,99.0,48.2,60.08708604882904,28.564690019596565,63.52956113991454,40.40085548573066,77.06727364783593,32.04228584144776,65.59488838664643,40.97484990422216
66.66666666666667,500.0,51.436652017042434,17.332232140959412,26.29761949961138,10.622057669513667,8.159263100887744,35.044372623225776,56.50747002159251,44.56407627355854,94.8,49.0,98.6,49.2,110.2,36.0,83.6,35.0,63.52956113991454,40.40085548573066,65.59488838664643,40.97484990422216,77.06727364783593,32.04228584144776,60.08708604882904,28.564690019596565
66.66666666666667,500.0,51.436652017042434,17.332232140959412,26.29761949961138,10.622057669513667,56.50747002159251,44.56407627355854,8.159263100887744,35.044372623225776,99.6,48.8,99.8,48.8,86.8,35.8,112.8,36.0,63.52956113991454,40.40085548573066,65.59488838664643,40.97484990422216,60.08708604882904,28.564690019596565,77.06727364783593,32.04228584144776
66.66666666666667,500.0,51.436652017042434,17.332232140959412,8.159263100887744,35.044372623225776,26.29761949961138,10.622057669513667,56.50747002159251,44.56407627355854,99.8,50.4,114.4,36.6,100.8,50.4,86.4,36.2,63.52956113991454,40.40085548573066,77.06727364783593,32.04228584144776,65.59488838664643,40.97484990422216,60.08708604882904,28.564690019596565
66.66666666666667,500.0,51.436652017042434,17.332232140959412,8.159263100887744,35.044372623225776,56.50747002159251,44.56407627355854,26.29761949961138,10.622057669513667,95.6,50.8,110.2,37.4,82.8,36.8,97.0,50.8,63.52956113991454,40.40085548573066,77.06727364783593,32.04228584144776,60.08708604882904,28.564690019596565,65.59488838664643,40.97484990422216
66.66666666666667,500.0,51.436652017042434,17.332232140959412,56.50747002159251,44.56407627355854,26.29761949961138,10.622057669513667,8.159263100887744,35.044372623225776,96.6,47.8,85.4,35.0,97.6,47.8,110.2,35.8,63.52956113991454,40.40085548573066,60.08708604882904,28.564690019596565,65.59488838664643,40.97484990422216,77.06727364783593,32.04228584144776
66.66666666666667,500.0,51.436652017042434,17.332232140959412,56.50747002159251,44.56407627355854,8.159263100887744,35.044372623225776,26.29761949961138,10.622057669513667,96.6,47.2,85.4,34.8,109.6,35.4,98.2,47.2,63.52956113991454,40.40085548573066,60.08708604882904,28.564690019596565,77.06727364783593,32.04228584144776,65.59488838664643,40.97484990422216
66.66666666666667,500.0,25.588670881418164,38.09203944321389,3.4764116466160577,46.7646209904263,19.04502096122945,3.7262675310507687,51.89543429029944,57.23531273787504,86.6,36.4,86.4,36.4,86.4,36.4,86.4,36.4,97.21137667075152,32.35443818813351,105.9133373523189,30.81240088966888,112.05834449825905,38.63203088316385,91.16220546096876,25.759106750127525
66.66666666666667,500.0,25.588670881418164,38.09203944321389,51.89543429029944,57.23531273787504,3.4764116466160577,46.7646209904263,19.04502096122945,3.7262675310507687,85.8,35.6,85.8,35.6,85.8,35.6,85.8,35.6,97.21137667075152,32.35443818813351,91.16220546096876,25.759106750127525,105.9133373523189,30.81240088966888,112.05834449825905,38.63203088316385
66.66666666666667,500.0,25.588670881418164,38.09203944321389,51.89543429029944,57.23531273787504,19.04502096122945,3.7262675310507687,3.4764116466160577,46.7646209904263,86.2,35.8,86.0,35.8,86.0,35.8,85.8,35.8,97.21137667075152,32.35443818813351,91.16220546096876,25.759106750127525,112.05834449825905,38.63203088316385,105.9133373523189,30.81240088966888
66.66666666666667,500.0,25.588670881418164,38.09203944321389,19.04502096122945,3.7262675310507687,3.4764116466160577,46.7646209904263,51.89543429029944,57.23531273787504,87.2,37.0,87.2,37.0,87.2,37.0,87.2,37.0,97.21137667075152,32.35443818813351,112.05834449825905,38.63203088316385,105.9133373523189,30.81240088966888,91.16220546096876,25.759106750127525
66.66666666666667,500.0,25.588670881418164,38.09203944321389,19.04502096122945,3.7262675310507687,51.89543429029944,57.23531273787504,3.4764116466160577,46.7646209904263,84.6,35.6,84.6,35.6,84.6,35.6,84.6,35.6,97.21137667075152,32.35443818813351,112.05834449825905,38.63203088316385,91.16220546096876,25.759106750127525,105.9133373523189,30.81240088966888
66.66666666666667,500.0,3.4764116466160577,46.7646209904263,25.588670881418164,38.09203944321389,51.89543429029944,57.23531273787504,19.04502096122945,3.7262675310507687,85.2,36.6,85.2,36.6,85.2,36.6,85.4,36.6,105.9133373523189,30.81240088966888,97.21137667075152,32.35443818813351,91.16220546096876,25.759106750127525,112.05834449825905,38.63203088316385
66.66666666666667,500.0,3.4764116466160577,46.7646209904263,25.588670881418164,38.09203944321389,19.04502096122945,3.7262675310507687,51.89543429029944,57.23531273787504,85.0,36.0,85.0,36.0,85.0,36.0,85.0,36.0,105.9133373523189,30.81240088966888,97.21137667075152,32.35443818813351,112.05834449825905,38.63203088316385,91.16220546096876,25.759106750127525
66.66666666666667,500.0,3.4764116466160577,46.7646209904263,51.89543429029944,57.23531273787504,25.588670881418164,38.09203944321389,19.04502096122945,3.7262675310507687,85.8,35.2,85.8,35.2,85.8,35.2,85.8,35.2,105.9133373523189,30.81240088966888,91.16220546096876,25.759106750127525,97.21137667075152,32.35443818813351,112.05834449825905,38.63203088316385
66.66666666666667,500.0,3.4764116466160577,46.7646209904263,51.89543429029944,57.23531273787504,19.04502096122945,3.7262675310507687,25.588670881418164,38.09203944321389,86.4,32.8,86.4,32.8,86.6,32.8,86.6,32.8,105.9133373523189,30.81240088966888,91.16220546096876,25.759106750127525,112.05834449825905,38.63203088316385,97.21137667075152,32.35443818813351
66.66666666666667,500.0,3.4764116466160577,46.7646209904263,19.04502096122945,3.7262675310507687,25.588670881418164,38.09203944321389,51.89543429029944,57.23531273787504,88.0,34.2,88.4,34.8,88.6,34.2,87.8,34.2,105.9133373523189,30.81240088966888,112.05834449825905,38.63203088316385,97.21137667075152,32.35443818813351,91.16220546096876,25.759106750127525
66.66666666666667,500.0,3.4764116466160577,46.7646209904263,19.04502096122945,3.7262675310507687,51.89543429029944,57.23531273787504,25.588670881418164,38.09203944321389,86.2,36.4,86.4,36.4,86.4,36.4,86.4,36.4,105.9133373523189,30.81240088966888,112.05834449825905,38.63203088316385,91.16220546096876,25.759106750127525,97.21137667075152,32.35443818813351
66.66666666666667,500.0,51.89543429029944,57.23531273787504,25.588670881418164,38.09203944321389,3.4764116466160577,46.7646209904263,19.04502096122945,3.7262675310507687,86.2,35.2,86.2,35.2,86.2,35.2,86.2,35.2,91.16220546096876,25.759106750127525,97.21137667075152,32.35443818813351,105.9133373523189,30.81240088966888,112.05834449825905,38.63203088316385
66.66666666666667,500.0,51.89543429029944,57.23531273787504,25.588670881418164,38.09203944321389,19.04502096122945,3.7262675310507687,3.4764116466160577,46.7646209904263,86.0,35.4,86.2,35.4,86.0,35.4,86.0,35.4,91.16220546096876,25.759106750127525,97.21137667075152,32.35443818813351,112.05834449825905,38.63203088316385,105.9133373523189,30.81240088966888
66.66666666666667,500.0,51.89543429029944,57.23531273787504,3.4764116466160577,46.7646209904263,25.588670881418164,38.09203944321389,19.04502096122945,3.7262675310507687,88.0,33.8,88.0,33.8,88.0,33.8,88.0,33.8,91.16220546096876,25.759106750127525,105.9133373523189,30.81240088966888,97.21137667075152,32.35443818813351,112.05834449825905,38.63203088316385
66.66666666666667,500.0,51.89543429029944,57.23531273787504,3.4764116466160577,46.7646209904263,19.04502096122945,3.7262675310507687,25.588670881418164,38.09203944321389,84.4,33.8,84.8,33.8,85.0,34.2,85.2,33.8,91.16220546096876,25.759106750127525,105.9133373523189,30.81240088966888,112.05834449825905,38.63203088316385,97.21137667075152,32.35443818813351
66.66666666666667,500.0,51.89543429029944,57.23531273787504,19.04502096122945,3.7262675310507687,25.588670881418164,38.09203944321389,3.4764116466160577,46.7646209904263,88.0,36.4,88.0,36.4,88.0,36.4,88.0,36.4,91.16220546096876,25.759106750127525,112.05834449825905,38.63203088316385,97.21137667075152,32.35443818813351,105.9133373523189,30.81240088966888
66.66666666666667,500.0,51.89543429029944,57.23531273787504,19.04502096122945,3.7262675310507687,3.4764116466160577,46.7646209904263,25.588670881418164,38.09203944321389,85.8,36.4,86.6,36.8,86.2,36.4,86.4,36.4,91.16220546096876,25.759106750127525,112.05834449825905,38.63203088316385,105.9133373523189,30.81240088966888,97.21137667075152,32.35443818813351
66.66666666666667,500.0,19.04502096122945,3.7262675310507687,25.588670881418164,38.09203944321389,3.4764116466160577,46.7646209904263,51.89543429029944,57.23531273787504,86.8,34.4,86.8,34.4,86.8,34.4,86.8,34.4,112.05834449825905,38.63203088316385,97.21137667075152,32.35443818813351,105.9133373523189,30.81240088966888,91.16220546096876,25.759106750127525
66.66666666666667,500.0,19.04502096122945,3.7262675310507687,25.588670881418164,38.09203944321389,51.89543429029944,57.23531273787504,3.4764116466160577,46.7646209904263,85.0,33.4,85.4,33.4,85.0,33.4,85.0,33.4,112.05834449825905,38.63203088316385,97.21137667075152,32.35443818813351,91.16220546096876,25.759106750127525,105.9133373523189,30.81240088966888
66.66666666666667,500.0,19.04502096122945,3.7262675310507687,3.4764116466160577,46.7646209904263,25.588670881418164,38.09203944321389,51.89543429029944,57.23531273787504,87.6,33.4,87.6,33.4,88.0,33.4,87.6,33.4,112.05834449825905,38.63203088316385,105.9133373523189,30.81240088966888,97.21137667075152,32.35443818813351,91.16220546096876,25.759106750127525
66.66666666666667,500.0,19.04502096122945,3.7262675310507687,3.4764116466160577,46.7646209904263,51.89543429029944,57.23531273787504,25.588670881418164,38.09203944321389,86.4,36.0,86.4,36.0,86.4,36.0,86.6,36.0,112.05834449825905,38.63203088316385,105.9133373523189,30.81240088966888,91.16220546096876,25.759106750127525,97.21137667075152,32.35443818813351
66.66666666666667,500.0,19.04502096122945,3.7262675310507687,51.89543429029944,57.23531273787504,25.588670881418164,38.09203944321389,3.4764116466160577,46.7646209904263,84.6,33.8,84.6,33.8,85.0,33.8,84.6,33.8,112.05834449825905,38.63203088316385,91.16220546096876,25.759106750127525,97.21137667075152,32.35443818813351,105.9133373523189,30.81240088966888
66.66666666666667,500.0,19.04502096122945,3.7262675310507687,51.89543429029944,57.23531273787504,3.4764116466160577,46.7646209904263,25.588670881418164,38.09203944321389,86.4,35.8,85.8,35.4,86.2,35.4,86.4,35.4,112.05834449825905,38.63203088316385,91.16220546096876,25.759106750127525,105.9133373523189,30.81240088966888,97.21137667075152,32.35443818813351
66.66666666666667,500.0,1.2944118027610885,40.88481364879613,50.35445727302164,6.084072657683919,26.24652777410228,16.961404311282003,37.37126712945376,39.609436053519474,109.6,36.2,108.4,37.4,109.0,37.0,108.4,36.2,96.60153586899872,16.091266365106637,64.64750820200612,39.28883522546498,77.92033691497427,32.42656163489414,61.5519618810345,16.297581448820203
66.66666666666667,500.0,1.2944118027610885,40.88481364879613,37.37126712945376,39.609436053519474,50.35445727302164,6.084072657683919,26.24652777410228,16.961404311282003,106.2,33.2,105.0,33.2,105.0,34.4,105.6,34.0,96.60153586899872,16.091266365106637,61.5519618810345,16.297581448820203,64.64750820200612,39.28883522546498,77.92033691497427,32.42656163489414
66.66666666666667,500.0,1.2944118027610885,40.88481364879613,37.37126712945376,39.609436053519474,26.24652777410228,16.961404311282003,50.35445727302164,6.084072657683919,106.0,30.8,104.8,31.4,106.2,31.6,104.8,32.0,96.60153586899872,16.091266365106637,61.5519618810345,16.297581448820203,77.92033691497427,32.42656163489414,64.64750820200612,39.28883522546498
66.66666666666667,500.0,1.2944118027610885,40.88481364879613,26.24652777410228,16.961404311282003,50.35445727302164,6.084072657683919,37.37126712945376,39.609436053519474,107.6,33.6,107.4,34.6,106.4,34.8,106.4,33.6,96.60153586899872,16.091266365106637,77.92033691497427,32.42656163489414,64.64750820200612,39.28883522546498,61.5519618810345,16.297581448820203
66.66666666666667,500.0,1.2944118027610885,40.88481364879613,26.24652777410228,16.961404311282003,37.37126712945376,39.609436053519474,50.35445727302164,6.084072657683919,112.6,34.8,111.8,36.0,110.8,34.8,110.8,36.6,96.60153586899872,16.091266365106637,77.92033691497427,32.42656163489414,61.5519618810345,16.297581448820203,64.64750820200612,39.28883522546498
66.66666666666667,500.0,50.35445727302164,6.084072657683919,1.2944118027610885,40.88481364879613,37.37126712945376,39.609436053519474,26.24652777410228,16.961404311282003,99.2,35.8,101.6,33.4,99.2,33.4,100.6,35.0,64.64750820200612,39.28883522546498,96.60153586899872,16.091266365106637,61.5519618810345,16.297581448820203,77.92033691497427,32.42656163489414
66.66666666666667,500.0,50.35445727302164,6.084072657683919,1.2944118027610885,40.88481364879613,26.24652777410228,16.961404311282003,37.37126712945376,39.609436053519474,104.8,35.6,107.2,33.2,105.4,34.8,104.8,33.2,64.64750820200612,39.28883522546498,96.60153586899872,16.091266365106637,77.92033691497427,32.42656163489414,61.5519618810345,16.297581448820203
66.66666666666667,500.0,50.35445727302164,6.084072657683919,37.37126712945376,39.609436053519474,1.2944118027610885,40.88481364879613,26.24652777410228,16.961404311282003,107.4,35.2,107.4,34.6,108.0,34.6,108.0,35.0,64.64750820200612,39.28883522546498,61.5519618810345,16.297581448820203,96.60153586899872,16.091266365106637,77.92033691497427,32.42656163489414
66.66666666666667,500.0,50.35445727302164,6.084072657683919,37.37126712945376,39.609436053519474,26.24652777410228,16.961404311282003,1.2944118027610885,40.88481364879613,106.2,34.0,106.0,33.8,106.2,34.0,106.4,33.8,64.64750820200612,39.28883522546498,61.5519618810345,16.297581448820203,77.92033691497427,32.42656163489414,96.60153586899872,16.091266365106637
66.66666666666667,500.0,50.35445727302164,6.084072657683919,26.24652777410228,16.961404311282003,1.2944118027610885,40.88481364879613,37.37126712945376,39.609436053519474,106.4,33.0,107.2,32.8,107.0,32.4,106.4,32.4,64.64750820200612,39.28883522546498,77.92033691497427,32.42656163489414,96.60153586899872,16.091266365106637,61.5519618810345,16.297581448820203
66.66666666666667,500.0,50.35445727302164,6.084072657683919,26.24652777410228,16.961404311282003,37.37126712945376,39.609436053519474,1.2944118027610885,40.88481364879613,105.0,35.2,106.8,34.2,105.0,32.2,108.0,32.2,64.64750820200612,39.28883522546498,77.92033691497427,32.42656163489414,61.5519618810345,16.297581448820203,96.60153586899872,16.091266365106637
66.66666666666667,500.0,37.37126712945376,39.609436053519474,1.2944118027610885,40.88481364879613,50.35445727302164,6.084072657683919,26.24652777410228,16.961404311282003,104.6,35.4,106.4,35.4,104.6,37.2,105.6,36.6,61.5519618810345,16.297581448820203,96.60153586899872,16.091266365106637,64.64750820200612,39.28883522546498,77.92033691497427,32.42656163489414
66.66666666666667,500.0,37.37126712945376,39.609436053519474,1.2944118027610885,40.88481364879613,26.24652777410228,16.961404311282003,50.35445727302164,6.084072657683919,105.2,32.6,106.4,32.6,105.6,33.4,105.2,33.8,61.5519618810345,16.297581448820203,96.60153586899872,16.091266365106637,77.92033691497427,32.42656163489414,64.64750820200612,39.28883522546498
66.66666666666667,500.0,37.37126712945376,39.609436053519474,50.35445727302164,6.084072657683919,1.2944118027610885,40.88481364879613,26.24652777410228,16.961404311282003,107.0,32.0,107.0,32.6,108.2,31.4,107.4,32.2,61.5519618810345,16.297581448820203,64.64750820200612,39.28883522546498,96.60153586899872,16.091266365106637,77.92033691497427,32.42656163489414
66.66666666666667,500.0,37.37126712945376,39.609436053519474,50.35445727302164,6.084072657683919,26.24652777410228,16.961404311282003,1.2944118027610885,40.88481364879613,103.2,32.8,103.4,34.0,104.2,33.8,105.0,32.8,61.5519618810345,16.297581448820203,64.64750820200612,39.28883522546498,77.92033691497427,32.42656163489414,96.60153586899872,16.091266365106637
66.66666666666667,500.0,37.37126712945376,39.609436053519474,26.24652777410228,16.961404311282003,1.2944118027610885,40.88481364879613,50.35445727302164,6.084072657683919,105.4,35.4,105.8,35.8,106.0,35.4,105.4,36.0,61.5519618810345,16.297581448820203,77.92033691497427,32.42656163489414,96.60153586899872,16.091266365106637,64.64750820200612,39.28883522546498
66.66666666666667,500.0,37.37126712945376,39.609436053519474,26.24652777410228,16.961404311282003,50.35445727302164,6.084072657683919,1.2944118027610885,40.88481364879613,104.4,32.4,105.6,34.0,104.4,34.8,106.8,32.4,61.5519618810345,16.297581448820203,77.92033691497427,32.42656163489414,64.64750820200612,39.28883522546498,96.60153586899872,16.091266365106637
66.66666666666667,500.0,26.24652777410228,16.961404311282003,1.2944118027610885,40.88481364879613,50.35445727302164,6.084072657683919,37.37126712945376,39.609436053519474,108.6,33.2,108.6,32.8,108.0,33.4,108.0,32.8,77.92033691497427,32.42656163489414,96.60153586899872,16.091266365106637,64.64750820200612,39.28883522546498,61.5519618810345,16.297581448820203
66.66666666666667,500.0,26.24652777410228,16.961404311282003,1.2944118027610885,40.88481364879613,37.37126712945376,39.609436053519474,50.35445727302164,6.084072657683919,102.4,34.4,102.2,34.4,102.2,34.4,102.2,34.4,77.92033691497427,32.42656163489414,96.60153586899872,16.091266365106637,61.5519618810345,16.297581448820203,64.64750820200612,39.28883522546498
66.66666666666667,500.0,26.24652777410228,16.961404311282003,50.35445727302164,6.084072657683919,1.2944118027610885,40.88481364879613,37.37126712945376,39.609436053519474,107.8,33.4,106.8,34.2,109.2,31.8,106.8,31.8,77.92033691497427,32.42656163489414,64.64750820200612,39.28883522546498,96.60153586899872,16.091266365106637,61.5519618810345,16.297581448820203
66.66666666666667,500.0,26.24652777410228,16.961404311282003,50.35445727302164,6.084072657683919,37.37126712945376,39.609436053519474,1.2944118027610885,40.88481364879613,106.0,34.4,104.8,34.6,104.8,34.0,105.4,34.0,77.92033691497427,32.42656163489414,64.64750820200612,39.28883522546498,61.5519618810345,16.297581448820203,96.60153586899872,16.091266365106637
66.66666666666667,500.0,26.24652777410228,16.961404311282003,37.37126712945376,39.609436053519474,1.2944118027610885,40.88481364879613,50.35445727302164,6.084072657683919,104.0,33.4,103.0,32.6,104.4,32.6,103.2,33.8,77.92033691497427,32.42656163489414,61.5519618810345,16.297581448820203,96.60153586899872,16.091266365106637,64.64750820200612,39.28883522546498
66.66666666666667,500.0,26.24652777410228,16.961404311282003,37.37126712945376,39.609436053519474,50.35445727302164,6.084072657683919,1.2944118027610885,40.88481364879613,105.2,32.8,105.0,32.8,105.0,32.8,105.0,32.8,77.92033691497427,32.42656163489414,61.5519618810345,16.297581448820203,64.64750820200612,39.28883522546498,96.60153586899872,16.091266365106637
66.66666666666667,500.0,4.986313481924669,28.443465478277947,39.262306054545846,45.08312330904238,58.59750221033434,55.27925142276624,32.20875713361245,6.580401820989456,73.6,46.0,73.6,46.0,73.6,46.0,73.8,46.0,114.42185196578195,32.94055406436199,74.39071005769975,22.787305385774484,70.86413134965663,20.09946325534581,82.25379776609147,42.55483890785842
66.66666666666667,500.0,4.986313481924669,28.443465478277947,32.20875713361245,6.580401820989456,39.262306054545846,45.08312330904238,58.59750221033434,55.27925142276624,73.4,47.2,73.4,47.2,73.4,47.2,73.4,47.2,114.42185196578195,32.94055406436199,82.25379776609147,42.55483890785842,74.39071005769975,22.787305385774484,70.86413134965663,20.09946325534581
66.66666666666667,500.0,4.986313481924669,28.443465478277947,32.20875713361245,6.580401820989456,58.59750221033434,55.27925142276624,39.262306054545846,45.08312330904238,69.8,52.0,69.8,52.0,69.8,52.0,69.8,52.0,114.42185196578195,32.94055406436199,82.25379776609147,42.55483890785842,70.86413134965663,20.09946325534581,74.39071005769975,22.787305385774484
66.66666666666667,500.0,4.986313481924669,28.443465478277947,58.59750221033434,55.27925142276624,39.262306054545846,45.08312330904238,32.20875713361245,6.580401820989456,73.0,50.8,73.0,50.8,72.8,50.8,73.0,50.8,114.42185196578195,32.94055406436199,70.86413134965663,20.09946325534581,74.39071005769975,22.787305385774484,82.25379776609147,42.55483890785842
66.66666666666667,500.0,4.986313481924669,28.443465478277947,58.59750221033434,55.27925142276624,32.20875713361245,6.580401820989456,39.262306054545846,45.08312330904238,70.4,47.4,70.4,47.4,70.4,47.4,70.4,47.4,114.42185196578195,32.94055406436199,70.86413134965663,20.09946325534581,82.25379776609147,42.55483890785842,74.39071005769975,22.787305385774484
66.66666666666667,500.0,39.262306054545846,45.08312330904238,4.986313481924669,28.443465478277947,32.20875713361245,6.580401820989456,58.59750221033434,55.27925142276624,75.6,46.2,75.6,46.2,75.6,46.2,75.6,46.2,74.39071005769975,22.787305385774484,114.42185196578195,32.94055406436199,82.25379776609147,42.55483890785842,70.86413134965663,20.09946325534581
66.66666666666667,500.0,39.262306054545846,45.08312330904238,4.986313481924669,28.443465478277947,58.59750221033434,55.27925142276624,32.20875713361245,6.580401820989456,74.6,47.6,74.6,47.6,74.6,47.6,74.6,47.6,74.39071005769975,22.787305385774484,114.42185196578195,32.94055406436199,70.86413134965663,20.09946325534581,82.25379776609147,42.55483890785842
66.66666666666667,500.0,39.262306054545846,45.08312330904238,32.20875713361245,6.580401820989456,4.986313481924669,28.443465478277947,58.59750221033434,55.27925142276624,70.6,47.6,70.6,47.6,70.6,47.6,70.6,47.6,74.39071005769975,22.787305385774484,82.25379776609147,42.55483890785842,114.42185196578195,32.94055406436199,70.86413134965663,20.09946325534581
66.66666666666667,500.0,39.262306054545846,45.08312330904238,32.20875713361245,6.580401820989456,58.59750221033434,55.27925142276624,4.986313481924669,28.443465478277947,70.8,50.6,71.0,50.6,71.0,50.6,71.0,50.6,74.39071005769975,22.787305385774484,82.25379776609147,42.55483890785842,70.86413134965663,20.09946325534581,114.42185196578195,32.94055406436199
66.66666666666667,500.0,39.262306054545846,45.08312330904238,58.59750221033434,55.27925142276624,4.986313481924669,28.443465478277947,32.20875713361245,6.580401820989456,73.4,49.8,73.4,49.8,73.8,49.8,73.2,50.0,74.39071005769975,22.787305385774484,70.86413134965663,20.09946325534581,114.42185196578195,32.94055406436199,82.25379776609147,42.55483890785842
66.66666666666667,500.0,39.262306054545846,45.08312330904238,58.59750221033434,55.27925142276624,32.20875713361245,6.580401820989456,4.986313481924669,28.443465478277947,72.2,49.4,72.4,49.4,72.4,49.4,72.4,49.4,74.39071005769975,22.787305385774484,70.86413134965663,20.09946325534581,82.25379776609147,42.55483890785842,114.42185196578195,32.94055406436199
66.66666666666667,500.0,32.20875713361245,6.580401820989456,4.986313481924669,28.443465478277947,39.262306054545846,45.08312330904238,58.59750221033434,55.27925142276624,72.0,49.6,72.0,49.6,72.0,49.6,72.0,49.6,82.25379776609147,42.55483890785842,114.42185196578195,32.94055406436199,74.39071005769975,22.787305385774484,70.86413134965663,20.09946325534581
66.66666666666667,500.0,32.20875713361245,6.580401820989456,4.986313481924669,28.443465478277947,58.59750221033434,55.27925142276624,39.262306054545846,45.08312330904238,74.4,46.6,74.4,46.6,74.2,46.6,74.4,46.6,82.25379776609147,42.55483890785842,114.42185196578195,32.94055406436199,70.86413134965663,20.09946325534581,74.39071005769975,22.787305385774484
66.66666666666667,500.0,32.20875713361245,6.580401820989456,39.262306054545846,45.08312330904238,4.986313481924669,28.443465478277947,58.59750221033434,55.27925142276624,68.2,50.0,68.2,50.0,68.2,50.0,68.2,50.0,82.25379776609147,42.55483890785842,74.39071005769975,22.787305385774484,114.42185196578195,32.94055406436199,70.86413134965663,20.09946325534581
66.66666666666667,500.0,32.20875713361245,6.580401820989456,39.262306054545846,45.08312330904238,58.59750221033434,55.27925142276624,4.986313481924669,28.443465478277947,68.4,49.2,68.2,49.2,68.4,49.2,68.4,49.2,82.25379776609147,42.55483890785842,74.39071005769975,22.787305385774484,70.86413134965663,20.09946325534581,114.42185196578195,32.94055406436199
66.66666666666667,500.0,32.20875713361245,6.580401820989456,58.59750221033434,55.27925142276624,4.986313481924669,28.443465478277947,39.262306054545846,45.08312330904238,71.2,48.4,71.2,48.4,71.2,48.4,71.0,48.4,82.25379776609147,42.55483890785842,70.86413134965663,20.09946325534581,114.42185196578195,32.94055406436199,74.39071005769975,22.787305385774484
66.66666666666667,500.0,32.20875713361245,6.580401820989456,58.59750221033434,55.27925142276624,39.262306054545846,45.08312330904238,4.986313481924669,28.443465478277947,69.8,49.4,69.8,49.4,69.8,49.4,69.8,49.4,82.25379776609147,42.55483890785842,70.86413134965663,20.09946325534581,74.39071005769975,22.787305385774484,114.42185196578195,32.94055406436199
66.66666666666667,500.0,58.59750221033434,55.27925142276624,4.986313481924669,28.443465478277947,39.262306054545846,45.08312330904238,32.20875713361245,6.580401820989456,68.8,51.8,68.8,51.8,68.8,51.8,68.8,51.8,70.86413134965663,20.09946325534581,114.42185196578195,32.94055406436199,74.39071005769975,22.787305385774484,82.25379776609147,42.55483890785842
66.66666666666667,500.0,58.59750221033434,55.27925142276624,4.986313481924669,28.443465478277947,32.20875713361245,6.580401820989456,39.262306054545846,45.08312330904238,73.0,48.4,73.4,48.8,73.0,48.8,72.8,48.6,70.86413134965663,20.09946325534581,114.42185196578195,32.94055406436199,82.25379776609147,42.55483890785842,74.39071005769975,22.787305385774484
66.66666666666667,500.0,58.59750221033434,55.27925142276624,39.262306054545846,45.08312330904238,4.986313481924669,28.443465478277947,32.20875713361245,6.580401820989456,71.0,51.6,71.0,51.6,71.0,51.6,71.0,51.6,70.86413134965663,20.09946325534581,74.39071005769975,22.787305385774484,114.42185196578195,32.94055406436199,82.25379776609147,42.55483890785842
66.66666666666667,500.0,58.59750221033434,55.27925142276624,39.262306054545846,45.08312330904238,32.20875713361245,6.580401820989456,4.986313481924669,28.443465478277947,73.4,48.2,73.4,48.2,73.4,48.6,73.2,48.4,70.86413134965663,20.09946325534581,74.39071005769975,22.787305385774484,82.25379776609147,42.55483890785842,114.42185196578195,32.94055406436199
66.66666666666667,500.0,58.59750221033434,55.27925142276624,32.20875713361245,6.580401820989456,4.986313481924669,28.443465478277947,39.262306054545846,45.08312330904238,72.0,48.8,72.0,48.8,72.0,48.8,72.0,48.8,70.86413134965663,20.09946325534581,82.25379776609147,42.55483890785842,114.42185196578195,32.94055406436199,74.39071005769975,22.787305385774484
66.66666666666667,500.0,58.59750221033434,55.27925142276624,32.20875713361245,6.580401820989456,39.262306054545846,45.08312330904238,4.986313481924669,28.443465478277947,73.0,45.8,73.0,45.8,73.0,45.8,73.0,45.8,70.86413134965663,20.09946325534581,82.25379776609147,42.55483890785842,74.39071005769975,22.787305385774484,114.42185196578195,32.94055406436199
66.66666666666667,500.0,5.211348800272397,8.376148412347781,57.369293262625085,17.95851595357707,36.03274430982172,41.498665211570525,9.102339826940264,33.941225583291185,74.8,38.6,72.4,37.4,73.4,36.6,74.6,36.2,97.34315525666172,42.38212012559321,77.70082075792857,38.19276760612269,81.8734446116561,35.470261263964616,88.77005716432548,34.40021282657093
66.66666666666667,500.0,5.211348800272397,8.376148412347781,9.102339826940264,33.941225583291185,57.369293262625085,17.95851595357707,36.03274430982172,41.498665211570525,75.4,39.4,75.8,34.6,72.0,38.0,73.8,36.0,97.34315525666172,42.38212012559321,88.77005716432548,34.40021282657093,77.70082075792857,38.19276760612269,81.8734446116561,35.470261263964616
66.66666666666667,500.0,5.211348800272397,8.376148412347781,9.102339826940264,33.941225583291185,36.03274430982172,41.498665211570525,57.369293262625085,17.95851595357707,76.4,39.4,76.8,36.2,74.0,36.6,74.4,37.6,97.34315525666172,42.38212012559321,88.77005716432548,34.40021282657093,81.8734446116561,35.470261263964616,77.70082075792857,38.19276760612269
66.66666666666667,500.0,5.211348800272397,8.376148412347781,36.03274430982172,41.498665211570525,57.369293262625085,17.95851595357707,9.102339826940264,33.941225583291185,73.2,39.4,72.6,37.6,70.6,39.0,73.2,36.4,97.34315525666172,42.38212012559321,81.8734446116561,35.470261263964616,77.70082075792857,38.19276760612269,88.77005716432548,34.40021282657093
66.66666666666667,500.0,5.211348800272397,8.376148412347781,36.03274430982172,41.498665211570525,9.102339826940264,33.941225583291185,57.369293262625085,17.95851595357707,76.0,39.8,72.0,34.8,76.0,34.0,72.6,36.8,97.34315525666172,42.38212012559321,81.8734446116561,35.470261263964616,88.77005716432548,34.40021282657093,77.70082075792857,38.19276760612269
66.66666666666667,500.0,57.369293262625085,17.95851595357707,5.211348800272397,8.376148412347781,9.102339826940264,33.941225583291185,36.03274430982172,41.498665211570525,73.4,38.0,75.2,39.0,75.4,36.4,74.0,37.0,77.70082075792857,38.19276760612269,97.34315525666172,42.38212012559321,88.77005716432548,34.40021282657093,81.8734446116561,35.470261263964616
66.66666666666667,500.0,57.369293262625085,17.95851595357707,5.211348800272397,8.376148412347781,36.03274430982172,41.498665211570525,9.102339826940264,33.941225583291185,76.2,39.6,77.2,40.0,76.6,39.0,77.2,38.6,77.70082075792857,38.19276760612269,97.34315525666172,42.38212012559321,81.8734446116561,35.470261263964616,88.77005716432548,34.40021282657093
66.66666666666667,500.0,57.369293262625085,17.95851595357707,9.102339826940264,33.941225583291185,5.211348800272397,8.376148412347781,36.03274430982172,41.498665211570525,75.2,38.0,77.8,35.4,77.8,40.8,73.6,36.0,77.70082075792857,38.19276760612269,88.77005716432548,34.40021282657093,97.34315525666172,42.38212012559321,81.8734446116561,35.470261263964616
66.66666666666667,500.0,57.369293262625085,17.95851595357707,9.102339826940264,33.941225583291185,36.03274430982172,41.498665211570525,5.211348800272397,8.376148412347781,72.2,38.2,75.2,36.0,73.4,36.8,75.2,39.8,77.70082075792857,38.19276760612269,88.77005716432548,34.40021282657093,81.8734446116561,35.470261263964616,97.34315525666172,42.38212012559321
66.66666666666667,500.0,57.369293262625085,17.95851595357707,36.03274430982172,41.498665211570525,5.211348800272397,8.376148412347781,9.102339826940264,33.941225583291185,75.6,38.8,76.0,37.4,77.8,40.0,77.8,36.6,77.70082075792857,38.19276760612269,81.8734446116561,35.470261263964616,97.34315525666172,42.38212012559321,88.77005716432548,34.40021282657093
66.66666666666667,500.0,57.369293262625085,17.95851595357707,36.03274430982172,41.498665211570525,9.102339826940264,33.941225583291185,5.211348800272397,8.376148412347781,73.8,35.6,72.2,33.6,77.4,33.0,77.2,39.2,77.70082075792857,38.19276760612269,81.8734446116561,35.470261263964616,88.77005716432548,34.40021282657093,97.34315525666172,42.38212012559321
66.66666666666667,500.0,9.102339826940264,33.941225583291185,5.211348800272397,8.376148412347781,57.369293262625085,17.95851595357707,36.03274430982172,41.498665211570525,73.4,38.6,73.2,41.4,71.6,40.0,71.4,39.0,88.77005716432548,34.40021282657093,97.34315525666172,42.38212012559321,77.70082075792857,38.19276760612269,81.8734446116561,35.470261263964616
66.66666666666667,500.0,9.102339826940264,33.941225583291185,5.211348800272397,8.376148412347781,36.03274430982172,41.498665211570525,57.369293262625085,17.95851595357707,72.6,34.2,72.6,38.2,71.0,35.0,69.8,36.6,88.77005716432548,34.40021282657093,97.34315525666172,42.38212012559321,81.8734446116561,35.470261263964616,77.70082075792857,38.19276760612269
66.66666666666667,500.0,9.102339826940264,33.941225583291185,57.369293262625085,17.95851595357707,5.211348800272397,8.376148412347781,36.03274430982172,41.498665211570525,75.2,34.2,72.2,37.4,75.2,39.8,71.8,35.2,88.77005716432548,34.40021282657093,77.70082075792857,38.19276760612269,97.34315525666172,42.38212012559321,81.8734446116561,35.470261263964616
66.66666666666667,500.0,9.102339826940264,33.941225583291185,57.369293262625085,17.95851595357707,36.03274430982172,41.498665211570525,5.211348800272397,8.376148412347781,75.0,33.6,72.0,36.6,72.6,34.4,75.2,38.2,88.77005716432548,34.40021282657093,77.70082075792857,38.19276760612269,81.8734446116561,35.470261263964616,97.34315525666172,42.38212012559321
66.66666666666667,500.0,9.102339826940264,33.941225583291185,36.03274430982172,41.498665211570525,5.211348800272397,8.376148412347781,57.369293262625085,17.95851595357707,74.2,35.6,72.6,36.2,74.2,39.2,71.8,37.6,88.77005716432548,34.40021282657093,81.8734446116561,35.470261263964616,97.34315525666172,42.38212012559321,77.70082075792857,38.19276760612269
66.66666666666667,500.0,9.102339826940264,33.941225583291185,36.03274430982172,41.498665211570525,57.369293262625085,17.95851595357707,5.211348800272397,8.376148412347781,72.4,37.2,71.6,37.6,71.0,38.2,72.2,38.8,88.77005716432548,34.40021282657093,81.8734446116561,35.470261263964616,77.70082075792857,38.19276760612269,97.34315525666172,42.38212012559321
66.66666666666667,500.0,36.03274430982172,41.498665211570525,5.211348800272397,8.376148412347781,57.369293262625085,17.95851595357707,9.102339826940264,33.941225583291185,71.8,37.4,72.6,39.2,70.0,38.8,72.6,36.2,81.8734446116561,35.470261263964616,97.34315525666172,42.38212012559321,77.70082075792857,38.19276760612269,88.77005716432548,34.40021282657093
66.66666666666667,500.0,36.03274430982172,41.498665211570525,5.211348800272397,8.376148412347781,9.102339826940264,33.941225583291185,57.369293262625085,17.95851595357707,78.2,33.8,79.4,37.6,80.0,32.4,74.6,35.6,81.8734446116561,35.470261263964616,97.34315525666172,42.38212012559321,88.77005716432548,34.40021282657093,77.70082075792857,38.19276760612269
66.66666666666667,500.0,36.03274430982172,41.498665211570525,57.369293262625085,17.95851595357707,5.211348800272397,8.376148412347781,9.102339826940264,33.941225583291185,73.4,38.0,72.0,39.4,74.6,40.4,74.8,37.0,81.8734446116561,35.470261263964616,77.70082075792857,38.19276760612269,97.34315525666172,42.38212012559321,88.77005716432548,34.40021282657093
66.66666666666667,500.0,36.03274430982172,41.498665211570525,57.369293262625085,17.95851595357707,9.102339826940264,33.941225583291185,5.211348800272397,8.376148412347781,74.4,35.8,72.4,37.2,75.6,34.8,75.6,38.4,81.8734446116561,35.470261263964616,77.70082075792857,38.19276760612269,88.77005716432548,34.40021282657093,97.34315525666172,42.38212012559321
66.66666666666667,500.0,36.03274430982172,41.498665211570525,9.102339826940264,33.941225583291185,5.211348800272397,8.376148412347781,57.369293262625085,17.95851595357707,70.2,35.4,73.2,35.0,72.6,38.8,70.0,36.4,81.8734446116561,35.470261263964616,88.77005716432548,34.40021282657093,97.34315525666172,42.38212012559321,77.70082075792857,38.19276760612269
66.66666666666667,500.0,36.03274430982172,41.498665211570525,9.102339826940264,33.941225583291185,57.369293262625085,17.95851595357707,5.211348800272397,8.376148412347781,77.6,35.8,78.8,35.2,76.8,37.0,78.8,38.0,81.8734446116561,35.470261263964616,88.77005716432548,34.40021282657093,77.70082075792857,38.19276760612269,97.34315525666172,42.38212012559321
66.66666666666667,500.0,44.34573782095048,36.33570249394532,0.3037399981834165,56.947888135775045,59.54855169804455,1.5227202548656282,20.561475412279616,42.77581139119352,87.2,6.4,87.8,5.8,86.6,7.0,88.4,5.8,118.35695843899455,29.247050235139103,104.51845196040856,25.18119984705781,106.96555993356031,30.673242463707503,118.09362754457626,29.20214462792165
66.66666666666667,500.0,44.34573782095048,36.33570249394532,20.561475412279616,42.77581139119352,0.3037399981834165,56.947888135775045,59.54855169804455,1.5227202548656282,87.6,7.8,88.8,7.2,88.2,7.2,87.0,8.4,118.35695843899455,29.247050235139103,118.09362754457626,29.20214462792165,104.51845196040856,25.18119984705781,106.96555993356031,30.673242463707503
66.66666666666667,500.0,44.34573782095048,36.33570249394532,20.561475412279616,42.77581139119352,59.54855169804455,1.5227202548656282,0.3037399981834165,56.947888135775045,85.4,6.2,86.8,5.6,85.0,6.8,86.2,5.6,118.35695843899455,29.247050235139103,118.09362754457626,29.20214462792165,106.96555993356031,30.673242463707503,104.51845196040856,25.18119984705781
66.66666666666667,500.0,44.34573782095048,36.33570249394532,59.54855169804455,1.5227202548656282,0.3037399981834165,56.947888135775045,20.561475412279616,42.77581139119352,87.6,6.6,87.4,7.4,88.6,6.2,89.0,6.4,118.35695843899455,29.247050235139103,106.96555993356031,30.673242463707503,104.51845196040856,25.18119984705781,118.09362754457626,29.20214462792165
66.66666666666667,500.0,44.34573782095048,36.33570249394532,59.54855169804455,1.5227202548656282,20.561475412279616,42.77581139119352,0.3037399981834165,56.947888135775045,87.0,7.2,86.6,7.6,87.4,6.8,87.4,6.8,118.35695843899455,29.247050235139103,106.96555993356031,30.673242463707503,118.09362754457626,29.20214462792165,104.51845196040856,25.18119984705781
66.66666666666667,500.0,0.3037399981834165,56.947888135775045,44.34573782095048,36.33570249394532,20.561475412279616,42.77581139119352,59.54855169804455,1.5227202548656282,89.2,7.8,88.2,8.8,90.2,7.8,87.2,9.8,104.51845196040856,25.18119984705781,118.35695843899455,29.247050235139103,118.09362754457626,29.20214462792165,106.96555993356031,30.673242463707503
66.66666666666667,500.0,0.3037399981834165,56.947888135775045,44.34573782095048,36.33570249394532,59.54855169804455,1.5227202548656282,20.561475412279616,42.77581139119352,87.4,4.8,87.2,4.8,87.4,4.8,87.2,4.8,104.51845196040856,25.18119984705781,118.35695843899455,29.247050235139103,106.96555993356031,30.673242463707503,118.09362754457626,29.20214462792165
66.66666666666667,500.0,0.3037399981834165,56.947888135775045,20.561475412279616,42.77581139119352,44.34573782095048,36.33570249394532,59.54855169804455,1.5227202548656282,87.8,5.2,88.4,5.2,87.2,5.8,86.6,6.4,104.51845196040856,25.18119984705781,118.09362754457626,29.20214462792165,118.35695843899455,29.247050235139103,106.96555993356031,30.673242463707503
66.66666666666667,500.0,0.3037399981834165,56.947888135775045,20.561475412279616,42.77581139119352,59.54855169804455,1.5227202548656282,44.34573782095048,36.33570249394532,86.6,6.2,86.8,6.2,86.2,6.6,86.4,6.4,104.51845196040856,25.18119984705781,118.09362754457626,29.20214462792165,106.96555993356031,30.673242463707503,118.35695843899455,29.247050235139103
66.66666666666667,500.0,0.3037399981834165,56.947888135775045,59.54855169804455,1.5227202548656282,44.34573782095048,36.33570249394532,20.561475412279616,42.77581139119352,85.6,3.6,84.0,5.2,84.6,4.4,86.4,3.6,104.51845196040856,25.18119984705781,106.96555993356031,30.673242463707503,118.35695843899455,29.247050235139103,118.09362754457626,29.20214462792165
66.66666666666667,500.0,0.3037399981834165,56.947888135775045,59.54855169804455,1.5227202548656282,20.561475412279616,42.77581139119352,44.34573782095048,36.33570249394532,86.6,4.8,85.4,6.0,87.0,4.8,86.0,5.4,104.51845196040856,25.18119984705781,106.96555993356031,30.673242463707503,118.09362754457626,29.20214462792165,118.35695843899455,29.247050235139103
66.66666666666667,500.0,20.561475412279616,42.77581139119352,44.34573782095048,36.33570249394532,0.3037399981834165,56.947888135775045,59.54855169804455,1.5227202548656282,88.8,6.2,88.0,6.6,88.4,6.2,87.6,7.0,118.09362754457626,29.20214462792165,118.35695843899455,29.247050235139103,104.51845196040856,25.18119984705781,106.96555993356031,30.673242463707503
66.66666666666667,500.0,20.561475412279616,42.77581139119352,44.34573782095048,36.33570249394532,59.54855169804455,1.5227202548656282,0.3037399981834165,56.947888135775045,88.0,7.4,85.6,8.6,84.4,9.8,86.8,7.4,118.09362754457626,29.20214462792165,118.35695843899455,29.247050235139103,106.96555993356031,30.673242463707503,104.51845196040856,25.18119984705781
66.66666666666667,500.0,20.561475412279616,42.77581139119352,0.3037399981834165,56.947888135775045,44.34573782095048,36.33570249394532,59.54855169804455,1.5227202548656282,86.0,4.8,86.0,4.8,85.8,5.0,85.6,5.2,118.09362754457626,29.20214462792165,104.51845196040856,25.18119984705781,118.35695843899455,29.247050235139103,106.96555993356031,30.673242463707503
66.66666666666667,500.0,20.561475412279616,42.77581139119352,0.3037399981834165,56.947888135775045,59.54855169804455,1.5227202548656282,44.34573782095048,36.33570249394532,88.6,4.6,88.0,4.6,86.8,5.8,87.4,5.2,118.09362754457626,29.20214462792165,104.51845196040856,25.18119984705781,106.96555993356031,30.673242463707503,118.35695843899455,29.247050235139103
66.66666666666667,500.0,20.561475412279616,42.77581139119352,59.54855169804455,1.5227202548656282,44.34573782095048,36.33570249394532,0.3037399981834165,56.947888135775045,87.2,5.8,86.0,6.6,86.4,6.2,86.8,5.8,118.09362754457626,29.20214462792165,106.96555993356031,30.673242463707503,118.35695843899455,29.247050235139103,104.51845196040856,25.18119984705781
66.66666666666667,500.0,20.561475412279616,42.77581139119352,59.54855169804455,1.5227202548656282,0.3037399981834165,56.947888135775045,44.34573782095048,36.33570249394532,87.4,4.8,85.6,6.0,86.8,4.8,86.0,5.4,118.09362754457626,29.20214462792165,106.96555993356031,30.673242463707503,104.51845196040856,25.18119984705781,118.35695843899455,29.247050235139103
66.66666666666667,500.0,59.54855169804455,1.5227202548656282,44.34573782095048,36.33570249394532,0.3037399981834165,56.947888135775045,20.561475412279616,42.77581139119352,82.8,5.6,83.6,4.8,84.4,4.0,85.2,4.0,106.96555993356031,30.673242463707503,118.35695843899455,29.247050235139103,104.51845196040856,25.18119984705781,118.09362754457626,29.20214462792165
66.66666666666667,500.0,59.54855169804455,1.5227202548656282,44.34573782095048,36.33570249394532,20.561475412279616,42.77581139119352,0.3037399981834165,56.947888135775045,84.8,6.2,85.0,5.8,85.8,5.4,85.6,5.4,106.96555993356031,30.673242463707503,118.35695843899455,29.247050235139103,118.09362754457626,29.20214462792165,104.51845196040856,25.18119984705781
66.66666666666667,500.0,59.54855169804455,1.5227202548656282,0.3037399981834165,56.947888135775045,44.34573782095048,36.33570249394532,20.561475412279616,42.77581139119352,85.6,7.4,86.8,6.2,86.0,6.8,87.4,6.2,106.96555993356031,30.673242463707503,104.51845196040856,25.18119984705781,118.35695843899455,29.247050235139103,118.09362754457626,29.20214462792165
66.66666666666667,500.0,59.54855169804455,1.5227202548656282,0.3037399981834165,56.947888135775045,20.561475412279616,42.77581139119352,44.34573782095048,36.33570249394532,86.4,8.0,88.4,6.0,89.4,6.0,87.4,7.0,106.96555993356031,30.673242463707503,104.51845196040856,25.18119984705781,118.09362754457626,29.20214462792165,118.35695843899455,29.247050235139103
66.66666666666667,500.0,59.54855169804455,1.5227202548656282,20.561475412279616,42.77581139119352,44.34573782095048,36.33570249394532,0.3037399981834165,56.947888135775045,88.0,5.6,88.6,5.2,87.8,5.4,88.4,5.2,106.96555993356031,30.673242463707503,118.09362754457626,29.20214462792165,118.35695843899455,29.247050235139103,104.51845196040856,25.18119984705781
66.66666666666667,500.0,59.54855169804455,1.5227202548656282,20.561475412279616,42.77581139119352,0.3037399981834165,56.947888135775045,44.34573782095048,36.33570249394532,88.2,6.0,88.2,6.0,88.2,6.0,88.0,6.0,106.96555993356031,30.673242463707503,118.09362754457626,29.20214462792165,104.51845196040856,25.18119984705781,118.35695843899455,29.247050235139103
80.0,500.0,12.185706071055533,9.871360616351224,38.18921908201288,21.308982164732328,2.5780299027295883,43.858517242007046,58.72518985345108,37.79540027620673,97.6,11.6,95.0,11.0,96.8,9.8,95.0,9.8,111.79108167234656,22.044317840038737,103.97445980225528,18.520653369106675,118.31842173564,14.582129163381136,97.14421242023012,14.554568529498315
80.0,500.0,12.185706071055533,9.871360616351224,58.72518985345108,37.79540027620673,38.18921908201288,21.308982164732328,2.5780299027295883,43.858517242007046,98.8,14.8,95.6,13.0,96.6,14.2,97.6,13.0,111.79108167234656,22.044317840038737,97.14421242023012,14.554568529498315,103.97445980225528,18.520653369106675,118.31842173564,14.582129163381136
80.0,500.0,12.185706071055533,9.871360616351224,58.72518985345108,37.79540027620673,2.5780299027295883,43.858517242007046,38.18921908201288,21.308982164732328,96.4,14.2,94.0,13.0,95.2,13.0,94.6,13.8,111.79108167234656,22.044317840038737,97.14421242023012,14.554568529498315,118.31842173564,14.582129163381136,103.97445980225528,18.520653369106675
80.0,500.0,12.185706071055533,9.871360616351224,2.5780299027295883,43.858517242007046,38.18921908201288,21.308982164732328,58.72518985345108,37.79540027620673,97.8,11.2,97.8,7.8,93.8,10.2,94.6,8.0,111.79108167234656,22.044317840038737,118.31842173564,14.582129163381136,103.97445980225528,18.520653369106675,97.14421242023012,14.554568529498315
80.0,500.0,12.185706071055533,9.871360616351224,2.5780299027295883,43.858517242007046,58.72518985345108,37.79540027620673,38.18921908201288,21.308982164732328,95.8,18.2,95.6,14.6,91.8,14.8,93.6,17.0,111.79108167234656,22.044317840038737,118.31842173564,14.582129163381136,97.14421242023012,14.554568529498315,103.97445980225528,18.520653369106675
80.0,500.0,38.18921908201288,21.308982164732328,12.185706071055533,9.871360616351224,58.72518985345108,37.79540027620673,2.5780299027295883,43.858517242007046,92.4,11.8,96.2,12.8,92.8,9.6,96.0,9.4,103.97445980225528,18.520653369106675,111.79108167234656,22.044317840038737,97.14421242023012,14.554568529498315,118.31842173564,14.582129163381136
80.0,500.0,38.18921908201288,21.308982164732328,12.185706071055533,9.871360616351224,2.5780299027295883,43.858517242007046,58.72518985345108,37.79540027620673,93.8,11.6,96.6,12.6,96.8,9.8,94.0,9.8,103.97445980225528,18.520653369106675,111.79108167234656,22.044317840038737,118.31842173564,14.582129163381136,97.14421242023012,14.554568529498315
80.0,500.0,38.18921908201288,21.308982164732328,58.72518985345108,37.79540027620673,12.185706071055533,9.871360616351224,2.5780299027295883,43.858517242007046,94.4,12.8,93.8,10.8,97.4,13.8,96.8,10.8,103.97445980225528,18.520653369106675,97.14421242023012,14.554568529498315,111.79108167234656,22.044317840038737,118.31842173564,14.582129163381136
80.0,500.0,38.18921908201288,21.308982164732328,58.72518985345108,37.79540027620673,2.5780299027295883,43.858517242007046,12.185706071055533,9.871360616351224,93.6,12.8,94.0,12.2,95.0,12.2,94.8,13.2,103.97445980225528,18.520653369106675,97.14421242023012,14.554568529498315,118.31842173564,14.582129163381136,111.79108167234656,22.044317840038737
80.0,500.0,38.18921908201288,21.308982164732328,2.5780299027295883,43.858517242007046,12.185706071055533,9.871360616351224,58.72518985345108,37.79540027620673,92.2,14.2,96.6,11.8,97.0,15.4,93.0,11.8,103.97445980225528,18.520653369106675,118.31842173564,14.582129163381136,111.79108167234656,22.044317840038737,97.14421242023012,14.554568529498315
80.0,500.0,38.18921908201288,21.308982164732328,2.5780299027295883,43.858517242007046,58.72518985345108,37.79540027620673,12.185706071055533,9.871360616351224,93.4,10.6,96.0,9.0,93.4,9.0,96.2,11.4,103.97445980225528,18.520653369106675,118.31842173564,14.582129163381136,97.14421242023012,14.554568529498315,111.79108167234656,22.044317840038737
80.0,500.0,58.72518985345108,37.79540027620673,12.185706071055533,9.871360616351224,38.18921908201288,21.308982164732328,2.5780299027295883,43.858517242007046,98.0,7.2,100.6,9.0,98.4,8.4,99.6,7.2,97.14421242023012,14.554568529498315,111.79108167234656,22.044317840038737,103.97445980225528,18.520653369106675,118.31842173564,14.582129163381136
80.0,500.0,58.72518985345108,37.79540027620673,12.185706071055533,9.871360616351224,2.5780299027295883,43.858517242007046,38.18921908201288,21.308982164732328,95.4,8.0,98.2,10.0,97.8,7.8,96.2,9.4,97.14421242023012,14.554568529498315,111.79108167234656,22.044317840038737,118.31842173564,14.582129163381136,103.97445980225528,18.520653369106675
80.0,500.0,58.72518985345108,37.79540027620673,38.18921908201288,21.308982164732328,12.185706071055533,9.871360616351224,2.5780299027295883,43.858517242007046,95.2,10.4,95.4,12.0,98.6,12.8,97.8,10.4,97.14421242023012,14.554568529498315,103.97445980225528,18.520653369106675,111.79108167234656,22.044317840038737,118.31842173564,14.582129163381136
80.0,500.0,58.72518985345108,37.79540027620673,38.18921908201288,21.308982164732328,2.5780299027295883,43.858517242007046,12.185706071055533,9.871360616351224,92.0,8.4,92.2,11.0,96.2,8.2,96.2,12.2,97.14421242023012,14.554568529498315,103.97445980225528,18.520653369106675,118.31842173564,14.582129163381136,111.79108167234656,22.044317840038737
80.0,500.0,58.72518985345108,37.79540027620673,2.5780299027295883,43.858517242007046,12.185706071055533,9.871360616351224,38.18921908201288,21.308982164732328,94.2,11.0,96.6,11.0,96.6,13.4,93.8,12.6,97.14421242023012,14.554568529498315,118.31842173564,14.582129163381136,111.79108167234656,22.044317840038737,103.97445980225528,18.520653369106675
80.0,500.0,58.72518985345108,37.79540027620673,2.5780299027295883,43.858517242007046,38.18921908201288,21.308982164732328,12.185706071055533,9.871360616351224,96.8,10.6,98.6,10.6,97.4,11.8,99.6,12.4,97.14421242023012,14.554568529498315,118.31842173564,14.582129163381136,103.97445980225528,18.520653369106675,111.79108167234656,22.044317840038737
80.0,500.0,2.5780299027295883,43.858517242007046,12.185706071055533,9.871360616351224,38.18921908201288,21.308982164732328,58.72518985345108,37.79540027620673,97.2,9.6,97.4,11.8,95.2,11.0,95.0,9.6,118.31842173564,14.582129163381136,111.79108167234656,22.044317840038737,103.97445980225528,18.520653369106675,97.14421242023012,14.554568529498315
80.0,500.0,2.5780299027295883,43.858517242007046,12.185706071055533,9.871360616351224,58.72518985345108,37.79540027620673,38.18921908201288,21.308982164732328,96.8,11.6,97.4,14.6,93.6,11.6,94.2,13.6,118.31842173564,14.582129163381136,111.79108167234656,22.044317840038737,97.14421242023012,14.554568529498315,103.97445980225528,18.520653369106675
80.0,500.0,2.5780299027295883,43.858517242007046,38.18921908201288,21.308982164732328,12.185706071055533,9.871360616351224,58.72518985345108,37.79540027620673,97.2,14.2,96.2,15.8,98.6,16.6,94.8,14.2,118.31842173564,14.582129163381136,103.97445980225528,18.520653369106675,111.79108167234656,22.044317840038737,97.14421242023012,14.554568529498315
80.0,500.0,2.5780299027295883,43.858517242007046,38.18921908201288,21.308982164732328,58.72518985345108,37.79540027620673,12.185706071055533,9.871360616351224,99.4,9.0,95.0,11.4,95.6,9.0,99.4,12.6,118.31842173564,14.582129163381136,103.97445980225528,18.520653369106675,97.14421242023012,14.554568529498315,111.79108167234656,22.044317840038737
80.0,500.0,2.5780299027295883,43.858517242007046,58.72518985345108,37.79540027620673,12.185706071055533,9.871360616351224,38.18921908201288,21.308982164732328,98.6,11.2,95.4,11.2,99.2,14.2,95.8,13.2,118.31842173564,14.582129163381136,97.14421242023012,14.554568529498315,111.79108167234656,22.044317840038737,103.97445980225528,18.520653369106675
80.0,500.0,2.5780299027295883,43.858517242007046,58.72518985345108,37.79540027620673,38.18921908201288,21.308982164732328,12.185706071055533,9.871360616351224,99.4,10.2,97.6,10.2,97.0,11.2,99.2,12.0,118.31842173564,14.582129163381136,97.14421242023012,14.554568529498315,103.97445980225528,18.520653369106675,111.79108167234656,22.044317840038737
80.0,500.0,35.82627493799728,53.58846969708266,43.20819699126219,7.507231169927746,12.730123982247626,51.94818559507895,11.735130422584266,27.941518173983763,102.2,10.8,103.4,39.6,103.6,10.8,116.8,25.6,60.042018883148295,25.07023968216216,65.79169312057134,56.62938820587979,73.74983264240439,25.75216943105373,75.16263361854998,42.44891524179136
80.0,500.0,35.82627493799728,53.58846969708266,11.735130422584266,27.941518173983763,43.20819699126219,7.507231169927746,12.730123982247626,51.94818559507895,100.2,10.6,114.4,25.2,101.4,38.6,102.0,10.6,60.042018883148295,25.07023968216216,75.16263361854998,42.44891524179136,65.79169312057134,56.62938820587979,73.74983264240439,25.75216943105373
80.0,500.0,35.82627493799728,53.58846969708266,11.735130422584266,27.941518173983763,12.730123982247626,51.94818559507895,43.20819699126219,7.507231169927746,102.4,10.2,115.8,25.4,102.6,10.2,102.8,39.8,60.042018883148295,25.07023968216216,75.16263361854998,42.44891524179136,73.74983264240439,25.75216943105373,65.79169312057134,56.62938820587979
80.0,500.0,35.82627493799728,53.58846969708266,12.730123982247626,51.94818559507895,43.20819699126219,7.507231169927746,11.735130422584266,27.941518173983763,97.0,6.0,99.0,6.0,98.8,38.0,113.2,22.4,60.042018883148295,25.07023968216216,73.74983264240439,25.75216943105373,65.79169312057134,56.62938820587979,75.16263361854998,42.44891524179136
80.0,500.0,35.82627493799728,53.58846969708266,12.730123982247626,51.94818559507895,11.735130422584266,27.941518173983763,43.20819699126219,7.507231169927746,99.8,11.4,101.4,11.8,113.0,26.4,101.4,40.6,60.042018883148295,25.07023968216216,73.74983264240439,25.75216943105373,75.16263361854998,42.44891524179136,65.79169312057134,56.62938820587979
80.0,500.0,43.20819699126219,7.507231169927746,35.82627493799728,53.58846969708266,11.735130422584266,27.941518173983763,12.730123982247626,51.94818559507895,101.0,39.6,99.6,9.0,115.2,25.6,101.8,8.8,65.79169312057134,56.62938820587979,60.042018883148295,25.07023968216216,75.16263361854998,42.44891524179136,73.74983264240439,25.75216943105373
80.0,500.0,43.20819699126219,7.507231169927746,35.82627493799728,53.58846969708266,12.730123982247626,51.94818559507895,11.735130422584266,27.941518173983763,100.6,38.2,100.2,7.4,100.6,7.4,115.0,23.2,65.79169312057134,56.62938820587979,60.042018883148295,25.07023968216216,73.74983264240439,25.75216943105373,75.16263361854998,42.44891524179136
80.0,500.0,43.20819699126219,7.507231169927746,11.735130422584266,27.941518173983763,35.82627493799728,53.58846969708266,12.730123982247626,51.94818559507895,100.6,38.8,114.2,25.8,99.8,10.0,101.8,10.0,65.79169312057134,56.62938820587979,75.16263361854998,42.44891524179136,60.042018883148295,25.07023968216216,73.74983264240439,25.75216943105373
80.0,500.0,43.20819699126219,7.507231169927746,11.735130422584266,27.941518173983763,12.730123982247626,51.94818559507895,35.82627493799728,53.58846969708266,101.2,36.4,112.0,24.2,100.4,11.2,101.2,11.0,65.79169312057134,56.62938820587979,75.16263361854998,42.44891524179136,73.74983264240439,25.75216943105373,60.042018883148295,25.07023968216216
80.0,500.0,43.20819699126219,7.507231169927746,12.730123982247626,51.94818559507895,35.82627493799728,53.58846969708266,11.735130422584266,27.941518173983763,102.0,41.0,102.0,12.6,101.2,12.6,114.6,27.4,65.79169312057134,56.62938820587979,73.74983264240439,25.75216943105373,60.042018883148295,25.07023968216216,75.16263361854998,42.44891524179136
80.0,500.0,43.20819699126219,7.507231169927746,12.730123982247626,51.94818559507895,11.735130422584266,27.941518173983763,35.82627493799728,53.58846969708266,100.6,38.4,101.2,11.2,114.0,25.4,100.2,11.2,65.79169312057134,56.62938820587979,73.74983264240439,25.75216943105373,75.16263361854998,42.44891524179136,60.042018883148295,25.07023968216216
80.0,500.0,11.735130422584266,27.941518173983763,35.82627493799728,53.58846969708266,43.20819699126219,7.507231169927746,12.730123982247626,51.94818559507895,114.4,24.2,100.0,9.2,100.8,38.4,100.4,9.2,75.16263361854998,42.44891524179136,60.042018883148295,25.07023968216216,65.79169312057134,56.62938820587979,73.74983264240439,25.75216943105373
80.0,500.0,11.735130422584266,27.941518173983763,35.82627493799728,53.58846969708266,12.730123982247626,51.94818559507895,43.20819699126219,7.507231169927746,115.6,26.2,101.4,10.6,102.2,10.6,102.2,40.6,75.16263361854998,42.44891524179136,60.042018883148295,25.07023968216216,73.74983264240439,25.75216943105373,65.79169312057134,56.62938820587979
80.0,500.0,11.735130422584266,27.941518173983763,43.20819699126219,7.507231169927746,35.82627493799728,53.58846969708266,12.730123982247626,51.94818559507895,114.0,25.6,101.6,38.6,101.4,11.0,102.0,11.0,75.16263361854998,42.44891524179136,65.79169312057134,56.62938820587979,60.042018883148295,25.07023968216216,73.74983264240439,25.75216943105373
80.0,500.0,11.735130422584266,27.941518173983763,43.20819699126219,7.507231169927746,12.730123982247626,51.94818559507895,35.82627493799728,53.58846969708266,115.8,25.2,102.6,39.2,102.4,10.4,102.6,10.4,75.16263361854998,42.44891524179136,65.79169312057134,56.62938820587979,73.74983264240439,25.75216943105373,60.042018883148295,25.07023968216216
80.0,500.0,11.735130422584266,27.941518173983763,12.730123982247626,51.94818559507895,35.82627493799728,53.58846969708266,43.20819699126219,7.507231169927746,112.2,24.0,99.8,9.2,98.8,9.2,99.2,37.2,75.16263361854998,42.44891524179136,73.74983264240439,25.75216943105373,60.042018883148295,25.07023968216216,65.79169312057134,56.62938820587979
80.0,500.0,11.735130422584266,27.941518173983763,12.730123982247626,51.94818559507895,43.20819699126219,7.507231169927746,35.82627493799728,53.58846969708266,114.2,24.8,101.2,10.0,101.8,38.4,100.4,10.0,75.16263361854998,42.44891524179136,73.74983264240439,25.75216943105373,65.79169312057134,56.62938820587979,60.042018883148295,25.07023968216216
80.0,500.0,12.730123982247626,51.94818559507895,35.82627493799728,53.58846969708266,43.20819699126219,7.507231169927746,11.735130422584266,27.941518173983763,100.4,12.4,98.4,12.4,100.0,37.6,111.4,25.6,73.74983264240439,25.75216943105373,60.042018883148295,25.07023968216216,65.79169312057134,56.62938820587979,75.16263361854998,42.44891524179136
80.0,500.0,12.730123982247626,51.94818559507895,35.82627493799728,53.58846969708266,11.735130422584266,27.941518173983763,43.20819699126219,7.507231169927746,100.8,10.4,98.6,10.4,113.4,25.6,100.2,39.2,73.74983264240439,25.75216943105373,60.042018883148295,25.07023968216216,75.16263361854998,42.44891524179136,65.79169312057134,56.62938820587979
80.0,500.0,12.730123982247626,51.94818559507895,43.20819699126219,7.507231169927746,35.82627493799728,53.58846969708266,11.735130422584266,27.941518173983763,102.2,12.2,101.4,40.6,100.2,12.2,114.6,27.4,73.74983264240439,25.75216943105373,65.79169312057134,56.62938820587979,60.042018883148295,25.07023968216216,75.16263361854998,42.44891524179136
80.0,500.0,12.730123982247626,51.94818559507895,43.20819699126219,7.507231169927746,11.735130422584266,27.941518173983763,35.82627493799728,53.58846969708266,99.2,8.4,98.4,39.2,112.0,24.8,95.6,8.4,73.74983264240439,25.75216943105373,65.79169312057134,56.62938820587979,75.16263361854998,42.44891524179136,60.042018883148295,25.07023968216216
80.0,500.0,12.730123982247626,51.94818559507895,11.735130422584266,27.941518173983763,35.82627493799728,53.58846969708266,43.20819699126219,7.507231169927746,101.4,11.6,114.8,25.8,100.4,11.6,101.6,40.0,73.74983264240439,25.75216943105373,75.16263361854998,42.44891524179136,60.042018883148295,25.07023968216216,65.79169312057134,56.62938820587979
80.0,500.0,12.730123982247626,51.94818559507895,11.735130422584266,27.941518173983763,43.20819699126219,7.507231169927746,35.82627493799728,53.58846969708266,101.6,10.2,114.8,25.4,100.8,39.0,100.0,10.2,73.74983264240439,25.75216943105373,75.16263361854998,42.44891524179136,65.79169312057134,56.62938820587979,60.042018883148295,25.07023968216216
80.0,500.0,54.54792674276843,52.36671813014358,26.083593019704068,55.73514920181355,53.37758006349498,9.829793063811872,7.387638858235346,41.06335839119891,110.8,41.2,114.0,41.2,110.8,45.0,113.0,42.6,70.88560602949669,5.219950363425923,116.06030640862662,0.517087035907501,65.20010724441876,59.01319566451605,115.69266178271944,19.03814274961689
80.0,500.0,54.54792674276843,52.36671813014358,7.387638858235346,41.06335839119891,26.083593019704068,55.73514920181355,53.37758006349498,9.829793063811872,114.2,51.4,116.2,52.2,116.4,51.4,114.2,54.2,70.88560602949669,5.219950363425923,115.69266178271944,19.03814274961689,116.06030640862662,0.517087035907501,65.20010724441876,59.01319566451605
80.0,500.0,54.54792674276843,52.36671813014358,7.387638858235346,41.06335839119891,53.37758006349498,9.829793063811872,26.083593019704068,55.73514920181355,114.0,47.8,114.6,48.4,114.0,49.0,115.2,47.8,70.88560602949669,5.219950363425923,115.69266178271944,19.03814274961689,65.20010724441876,59.01319566451605,116.06030640862662,0.517087035907501
80.0,500.0,54.54792674276843,52.36671813014358,53.37758006349498,9.829793063811872,26.083593019704068,55.73514920181355,7.387638858235346,41.06335839119891,113.2,47.8,113.4,51.4,116.8,47.8,115.4,49.4,70.88560602949669,5.219950363425923,65.20010724441876,59.01319566451605,116.06030640862662,0.517087035907501,115.69266178271944,19.03814274961689
80.0,500.0,54.54792674276843,52.36671813014358,53.37758006349498,9.829793063811872,7.387638858235346,41.06335839119891,26.083593019704068,55.73514920181355,110.6,45.6,110.6,50.0,114.2,46.4,113.6,45.6,70.88560602949669,5.219950363425923,65.20010724441876,59.01319566451605,115.69266178271944,19.03814274961689,116.06030640862662,0.517087035907501
80.0,500.0,26.083593019704068,55.73514920181355,54.54792674276843,52.36671813014358,7.387638858235346,41.06335839119891,53.37758006349498,9.829793063811872,113.4,47.0,111.4,47.0,113.6,47.6,111.4,49.8,116.06030640862662,0.517087035907501,70.88560602949669,5.219950363425923,115.69266178271944,19.03814274961689,65.20010724441876,59.01319566451605
80.0,500.0,26.083593019704068,55.73514920181355,54.54792674276843,52.36671813014358,53.37758006349498,9.829793063811872,7.387638858235346,41.06335839119891,116.4,48.8,114.6,48.8,114.6,50.8,115.6,49.6,116.06030640862662,0.517087035907501,70.88560602949669,5.219950363425923,65.20010724441876,59.01319566451605,115.69266178271944,19.03814274961689
80.0,500.0,26.083593019704068,55.73514920181355,7.387638858235346,41.06335839119891,54.54792674276843,52.36671813014358,53.37758006349498,9.829793063811872,114.8,44.6,114.2,45.6,112.4,44.6,112.4,47.4,116.06030640862662,0.517087035907501,115.69266178271944,19.03814274961689,70.88560602949669,5.219950363425923,65.20010724441876,59.01319566451605
80.0,500.0,26.083593019704068,55.73514920181355,7.387638858235346,41.06335839119891,53.37758006349498,9.829793063811872,54.54792674276843,52.36671813014358,117.2,50.0,116.2,51.4,114.0,53.6,114.0,50.0,116.06030640862662,0.517087035907501,115.69266178271944,19.03814274961689,65.20010724441876,59.01319566451605,70.88560602949669,5.219950363425923
80.0,500.0,26.083593019704068,55.73514920181355,53.37758006349498,9.829793063811872,54.54792674276843,52.36671813014358,7.387638858235346,41.06335839119891,116.2,47.0,114.8,48.8,114.8,47.0,116.0,47.6,116.06030640862662,0.517087035907501,65.20010724441876,59.01319566451605,70.88560602949669,5.219950363425923,115.69266178271944,19.03814274961689
80.0,500.0,26.083593019704068,55.73514920181355,53.37758006349498,9.829793063811872,7.387638858235346,41.06335839119891,54.54792674276843,52.36671813014358,115.8,46.0,113.8,49.0,116.2,46.6,113.8,46.0,116.06030640862662,0.517087035907501,65.20010724441876,59.01319566451605,115.69266178271944,19.03814274961689,70.88560602949669,5.219950363425923
80.0,500.0,7.387638858235346,41.06335839119891,54.54792674276843,52.36671813014358,26.083593019704068,55.73514920181355,53.37758006349498,9.829793063811872,116.6,48.2,116.2,48.2,116.4,48.2,116.2,48.6,115.69266178271944,19.03814274961689,70.88560602949669,5.219950363425923,116.06030640862662,0.517087035907501,65.20010724441876,59.01319566451605
80.0,500.0,7.387638858235346,41.06335839119891,54.54792674276843,52.36671813014358,53.37758006349498,9.829793063811872,26.083593019704068,55.73514920181355,114.8,49.0,112.8,47.8,112.8,51.4,115.4,48.0,115.69266178271944,19.03814274961689,70.88560602949669,5.219950363425923,65.20010724441876,59.01319566451605,116.06030640862662,0.517087035907501
80.0,500.0,7.387638858235346,41.06335839119891,26.083593019704068,55.73514920181355,54.54792674276843,52.36671813014358,53.37758006349498,9.829793063811872,116.4,48.0,116.8,47.6,115.0,47.4,115.0,49.8,115.69266178271944,19.03814274961689,116.06030640862662,0.517087035907501,70.88560602949669,5.219950363425923,65.20010724441876,59.01319566451605
80.0,500.0,7.387638858235346,41.06335839119891,26.083593019704068,55.73514920181355,53.37758006349498,9.829793063811872,54.54792674276843,52.36671813014358,115.4,48.4,115.0,47.2,113.8,50.0,113.8,47.2,115.69266178271944,19.03814274961689,116.06030640862662,0.517087035907501,65.20010724441876,59.01319566451605,70.88560602949669,5.219950363425923
80.0,500.0,7.387638858235346,41.06335839119891,53.37758006349498,9.829793063811872,54.54792674276843,52.36671813014358,26.083593019704068,55.73514920181355,114.6,46.4,113.8,47.6,113.8,46.0,115.0,46.2,115.69266178271944,19.03814274961689,65.20010724441876,59.01319566451605,70.88560602949669,5.219950363425923,116.06030640862662,0.517087035907501
80.0,500.0,7.387638858235346,41.06335839119891,53.37758006349498,9.829793063811872,26.083593019704068,55.73514920181355,54.54792674276843,52.36671813014358,115.4,45.4,114.0,46.8,115.6,44.8,114.0,44.8,115.69266178271944,19.03814274961689,65.20010724441876,59.01319566451605,116.06030640862662,0.517087035907501,70.88560602949669,5.219950363425923
80.0,500.0,53.37758006349498,9.829793063811872,54.54792674276843,52.36671813014358,26.083593019704068,55.73514920181355,7.387638858235346,41.06335839119891,115.2,51.8,115.2,49.6,117.0,49.6,116.6,50.4,65.20010724441876,59.01319566451605,70.88560602949669,5.219950363425923,116.06030640862662,0.517087035907501,115.69266178271944,19.03814274961689
80.0,500.0,53.37758006349498,9.829793063811872,54.54792674276843,52.36671813014358,7.387638858235346,41.06335839119891,26.083593019704068,55.73514920181355,112.0,48.4,112.0,45.6,113.8,46.6,114.4,45.6,65.20010724441876,59.01319566451605,70.88560602949669,5.219950363425923,115.69266178271944,19.03814274961689,116.06030640862662,0.517087035907501
80.0,500.0,53.37758006349498,9.829793063811872,26.083593019704068,55.73514920181355,54.54792674276843,52.36671813014358,7.387638858235346,41.06335839119891,111.4,49.2,113.6,46.0,111.2,46.0,113.8,46.6,65.20010724441876,59.01319566451605,116.06030640862662,0.517087035907501,70.88560602949669,5.219950363425923,115.69266178271944,19.03814274961689
80.0,500.0,53.37758006349498,9.829793063811872,26.083593019704068,55.73514920181355,7.387638858235346,41.06335839119891,54.54792674276843,52.36671813014358,115.2,47.6,116.8,46.0,116.4,46.6,115.4,46.0,65.20010724441876,59.01319566451605,116.06030640862662,0.517087035907501,115.69266178271944,19.03814274961689,70.88560602949669,5.219950363425923
80.0,500.0,53.37758006349498,9.829793063811872,7.387638858235346,41.06335839119891,54.54792674276843,52.36671813014358,26.083593019704068,55.73514920181355,112.0,49.8,114.6,47.2,112.0,47.0,113.6,47.0,65.20010724441876,59.01319566451605,115.69266178271944,19.03814274961689,70.88560602949669,5.219950363425923,116.06030640862662,0.517087035907501
80.0,500.0,53.37758006349498,9.829793063811872,7.387638858235346,41.06335839119891,26.083593019704068,55.73514920181355,54.54792674276843,52.36671813014358,111.8,47.8,114.2,45.4,113.6,45.0,111.8,45.0,65.20010724441876,59.01319566451605,115.69266178271944,19.03814274961689,116.06030640862662,0.517087035907501,70.88560602949669,5.219950363425923
80.0,500.0,56.55109035401546,42.16580384118928,1.3107137636651212,1.4520721328146746,25.28609564503224,25.513188285786125,28.47421354476287,46.709608125055446,106.6,37.4,107.6,37.8,107.6,38.0,107.4,37.4,66.46090181839578,41.40023351066577,101.82952872691575,54.44321443520205,74.57235313834651,45.5246485600337,77.29614267707777,44.82721964598232
80.0,500.0,56.55109035401546,42.16580384118928,28.47421354476287,46.709608125055446,1.3107137636651212,1.4520721328146746,25.28609564503224,25.513188285786125,107.4,40.0,108.2,40.0,108.2,40.4,108.2,40.6,66.46090181839578,41.40023351066577,77.29614267707777,44.82721964598232,101.82952872691575,54.44321443520205,74.57235313834651,45.5246485600337
80.0,500.0,56.55109035401546,42.16580384118928,28.47421354476287,46.709608125055446,25.28609564503224,25.513188285786125,1.3107137636651212,1.4520721328146746,109.2,38.0,110.2,38.0,110.2,38.0,110.0,38.2,66.46090181839578,41.40023351066577,77.29614267707777,44.82721964598232,74.57235313834651,45.5246485600337,101.82952872691575,54.44321443520205
80.0,500.0,56.55109035401546,42.16580384118928,25.28609564503224,25.513188285786125,1.3107137636651212,1.4520721328146746,28.47421354476287,46.709608125055446,112.8,40.4,113.2,40.4,113.2,40.4,113.2,40.4,66.46090181839578,41.40023351066577,74.57235313834651,45.5246485600337,101.82952872691575,54.44321443520205,77.29614267707777,44.82721964598232
80.0,500.0,56.55109035401546,42.16580384118928,25.28609564503224,25.513188285786125,28.47421354476287,46.709608125055446,1.3107137636651212,1.4520721328146746,109.8,39.6,110.6,40.2,110.6,39.6,110.6,40.0,66.46090181839578,41.40023351066577,74.57235313834651,45.5246485600337,77.29614267707777,44.82721964598232,101.82952872691575,54.44321443520205
80.0,500.0,1.3107137636651212,1.4520721328146746,56.55109035401546,42.16580384118928,28.47421354476287,46.709608125055446,25.28609564503224,25.513188285786125,107.8,40.0,106.8,39.4,107.6,39.4,107.2,39.8,101.82952872691575,54.44321443520205,66.46090181839578,41.40023351066577,77.29614267707777,44.82721964598232,74.57235313834651,45.5246485600337
80.0,500.0,1.3107137636651212,1.4520721328146746,56.55109035401546,42.16580384118928,25.28609564503224,25.513188285786125,28.47421354476287,46.709608125055446,109.2,38.2,108.6,37.6,109.4,38.0,109.2,37.6,101.82952872691575,54.44321443520205,66.46090181839578,41.40023351066577,74.57235313834651,45.5246485600337,77.29614267707777,44.82721964598232
80.0,500.0,1.3107137636651212,1.4520721328146746,28.47421354476287,46.709608125055446,56.55109035401546,42.16580384118928,25.28609564503224,25.513188285786125,110.2,38.6,110.2,38.6,109.4,38.6,110.2,38.6,101.82952872691575,54.44321443520205,77.29614267707777,44.82721964598232,66.46090181839578,41.40023351066577,74.57235313834651,45.5246485600337
80.0,500.0,1.3107137636651212,1.4520721328146746,28.47421354476287,46.709608125055446,25.28609564503224,25.513188285786125,56.55109035401546,42.16580384118928,108.2,39.2,108.2,38.8,108.2,39.4,107.2,38.8,101.82952872691575,54.44321443520205,77.29614267707777,44.82721964598232,74.57235313834651,45.5246485600337,66.46090181839578,41.40023351066577
80.0,500.0,1.3107137636651212,1.4520721328146746,25.28609564503224,25.513188285786125,56.55109035401546,42.16580384118928,28.47421354476287,46.709608125055446,111.4,39.0,111.4,39.0,110.6,39.0,111.4,39.0,101.82952872691575,54.44321443520205,74.57235313834651,45.5246485600337,66.46090181839578,41.40023351066577,77.29614267707777,44.82721964598232
80.0,500.0,1.3107137636651212,1.4520721328146746,25.28609564503224,25.513188285786125,28.47421354476287,46.709608125055446,56.55109035401546,42.16580384118928,112.4,39.2,112.4,39.2,112.4,39.2,111.8,39.2,101.82952872691575,54.44321443520205,74.57235313834651,45.5246485600337,77.29614267707777,44.82721964598232,66.46090181839578,41.40023351066577
80.0,500.0,28.47421354476287,46.709608125055446,56.55109035401546,42.16580384118928,1.3107137636651212,1.4520721328146746,25.28609564503224,25.513188285786125,109.4,36.8,108.6,36.6,109.2,37.0,109.2,37.0,77.29614267707777,44.82721964598232,66.46090181839578,41.40023351066577,101.82952872691575,54.44321443520205,74.57235313834651,45.5246485600337
80.0,500.0,28.47421354476287,46.709608125055446,56.55109035401546,42.16580384118928,25.28609564503224,25.513188285786125,1.3107137636651212,1.4520721328146746,107.8,39.6,107.4,39.6,107.8,39.6,107.8,39.6,77.29614267707777,44.82721964598232,66.46090181839578,41.40023351066577,74.57235313834651,45.5246485600337,101.82952872691575,54.44321443520205
80.0,500.0,28.47421354476287,46.709608125055446,1.3107137636651212,1.4520721328146746,56.55109035401546,42.16580384118928,25.28609564503224,25.513188285786125,109.0,36.6,108.8,37.6,106.8,36.6,108.6,37.4,77.29614267707777,44.82721964598232,101.82952872691575,54.44321443520205,66.46090181839578,41.40023351066577,74.57235313834651,45.5246485600337
80.0,500.0,28.47421354476287,46.709608125055446,1.3107137636651212,1.4520721328146746,25.28609564503224,25.513188285786125,56.55109035401546,42.16580384118928,110.4,35.8,110.4,35.8,110.4,35.8,109.8,35.8,77.29614267707777,44.82721964598232,101.82952872691575,54.44321443520205,74.57235313834651,45.5246485600337,66.46090181839578,41.40023351066577
80.0,500.0,28.47421354476287,46.709608125055446,25.28609564503224,25.513188285786125,56.55109035401546,42.16580384118928,1.3107137636651212,1.4520721328146746,111.0,40.0,111.0,40.0,110.8,40.0,111.0,40.0,77.29614267707777,44.82721964598232,74.57235313834651,45.5246485600337,66.46090181839578,41.40023351066577,101.82952872691575,54.44321443520205
80.0,500.0,28.47421354476287,46.709608125055446,25.28609564503224,25.513188285786125,1.3107137636651212,1.4520721328146746,56.55109035401546,42.16580384118928,113.4,36.6,113.4,37.0,113.4,37.2,112.0,36.6,77.29614267707777,44.82721964598232,74.57235313834651,45.5246485600337,101.82952872691575,54.44321443520205,66.46090181839578,41.40023351066577
80.0,500.0,25.28609564503224,25.513188285786125,56.55109035401546,42.16580384118928,1.3107137636651212,1.4520721328146746,28.47421354476287,46.709608125055446,114.0,38.0,111.8,36.6,114.4,38.4,114.6,36.6,74.57235313834651,45.5246485600337,66.46090181839578,41.40023351066577,101.82952872691575,54.44321443520205,77.29614267707777,44.82721964598232
80.0,500.0,25.28609564503224,25.513188285786125,56.55109035401546,42.16580384118928,28.47421354476287,46.709608125055446,1.3107137636651212,1.4520721328146746,108.8,38.0,107.2,37.0,109.0,37.2,108.8,37.8,74.57235313834651,45.5246485600337,66.46090181839578,41.40023351066577,77.29614267707777,44.82721964598232,101.82952872691575,54.44321443520205
80.0,500.0,25.28609564503224,25.513188285786125,1.3107137636651212,1.4520721328146746,56.55109035401546,42.16580384118928,28.47421354476287,46.709608125055446,110.6,39.6,110.6,39.6,109.8,39.2,110.8,39.4,74.57235313834651,45.5246485600337,101.82952872691575,54.44321443520205,66.46090181839578,41.40023351066577,77.29614267707777,44.82721964598232
80.0,500.0,25.28609564503224,25.513188285786125,1.3107137636651212,1.4520721328146746,28.47421354476287,46.709608125055446,56.55109035401546,42.16580384118928,109.0,40.6,108.8,40.4,108.8,40.0,108.2,40.0,74.57235313834651,45.5246485600337,101.82952872691575,54.44321443520205,77.29614267707777,44.82721964598232,66.46090181839578,41.40023351066577
80.0,500.0,25.28609564503224,25.513188285786125,28.47421354476287,46.709608125055446,56.55109035401546,42.16580384118928,1.3107137636651212,1.4520721328146746,111.8,39.6,113.0,38.8,111.8,38.8,113.0,40.0,74.57235313834651,45.5246485600337,77.29614267707777,44.82721964598232,66.46090181839578,41.40023351066577,101.82952872691575,54.44321443520205
80.0,500.0,25.28609564503224,25.513188285786125,28.47421354476287,46.709608125055446,1.3107137636651212,1.4520721328146746,56.55109035401546,42.16580384118928,106.6,39.0,106.6,39.0,106.6,39.0,106.2,39.0,74.57235313834651,45.5246485600337,77.29614267707777,44.82721964598232,101.82952872691575,54.44321443520205,66.46090181839578,41.40023351066577
80.0,500.0,26.29761949961138,10.622057669513667,8.159263100887744,35.044372623225776,51.436652017042434,17.332232140959412,56.50747002159251,44.56407627355854,82.4,27.0,95.0,26.8,93.6,27.0,94.6,26.8,88.62301931724683,53.09246662137287,117.1935530229258,32.119638187131535,91.81241591789748,48.90971926305554,88.91378798746015,30.701921183012463
80.0,500.0,26.29761949961138,10.622057669513667,56.50747002159251,44.56407627355854,8.159263100887744,35.044372623225776,51.436652017042434,17.332232140959412,82.2,29.6,93.6,28.8,95.2,28.8,94.0,29.6,88.62301931724683,53.09246662137287,88.91378798746015,30.701921183012463,117.1935530229258,32.119638187131535,91.81241591789748,48.90971926305554
80.0,500.0,26.29761949961138,10.622057669513667,56.50747002159251,44.56407627355854,51.436652017042434,17.332232140959412,8.159263100887744,35.044372623225776,81.8,26.0,95.6,25.6,95.4,26.0,96.4,25.6,88.62301931724683,53.09246662137287,88.91378798746015,30.701921183012463,91.81241591789748,48.90971926305554,117.1935530229258,32.119638187131535
80.0,500.0,26.29761949961138,10.622057669513667,51.436652017042434,17.332232140959412,8.159263100887744,35.044372623225776,56.50747002159251,44.56407627355854,82.4,28.2,93.8,28.2,94.4,28.2,94.4,28.2,88.62301931724683,53.09246662137287,91.81241591789748,48.90971926305554,117.1935530229258,32.119638187131535,88.91378798746015,30.701921183012463
80.0,500.0,26.29761949961138,10.622057669513667,51.436652017042434,17.332232140959412,56.50747002159251,44.56407627355854,8.159263100887744,35.044372623225776,83.8,27.6,96.4,27.0,95.4,26.4,98.0,26.4,88.62301931724683,53.09246662137287,91.81241591789748,48.90971926305554,88.91378798746015,30.701921183012463,117.1935530229258,32.119638187131535
80.0,500.0,8.159263100887744,35.044372623225776,26.29761949961138,10.622057669513667,56.50747002159251,44.56407627355854,51.436652017042434,17.332232140959412,99.8,26.2,85.2,28.0,96.2,26.2,97.0,28.0,117.1935530229258,32.119638187131535,88.62301931724683,53.09246662137287,88.91378798746015,30.701921183012463,91.81241591789748,48.90971926305554
80.0,500.0,8.159263100887744,35.044372623225776,26.29761949961138,10.622057669513667,51.436652017042434,17.332232140959412,56.50747002159251,44.56407627355854,93.8,25.2,81.4,25.8,92.6,25.8,92.4,25.0,117.1935530229258,32.119638187131535,88.62301931724683,53.09246662137287,91.81241591789748,48.90971926305554,88.91378798746015,30.701921183012463
80.0,500.0,8.159263100887744,35.044372623225776,56.50747002159251,44.56407627355854,26.29761949961138,10.622057669513667,51.436652017042434,17.332232140959412,94.6,27.2,93.4,27.2,82.2,28.0,93.2,27.0,117.1935530229258,32.119638187131535,88.91378798746015,30.701921183012463,88.62301931724683,53.09246662137287,91.81241591789748,48.90971926305554
80.0,500.0,8.159263100887744,35.044372623225776,56.50747002159251,44.56407627355854,51.436652017042434,17.332232140959412,26.29761949961138,10.622057669513667,94.0,29.2,90.4,29.2,91.0,30.2,81.8,30.8,117.1935530229258,32.119638187131535,88.91378798746015,30.701921183012463,91.81241591789748,48.90971926305554,88.62301931724683,53.09246662137287
80.0,500.0,8.159263100887744,35.044372623225776,51.436652017042434,17.332232140959412,26.29761949961138,10.622057669513667,56.50747002159251,44.56407627355854,97.2,25.0,95.4,25.8,82.8,26.0,95.0,24.6,117.1935530229258,32.119638187131535,91.81241591789748,48.90971926305554,88.62301931724683,53.09246662137287,88.91378798746015,30.701921183012463
80.0,500.0,8.159263100887744,35.044372623225776,51.436652017042434,17.332232140959412,56.50747002159251,44.56407627355854,26.29761949961138,10.622057669513667,96.2,26.0,94.2,26.8,94.4,26.0,82.2,26.8,117.1935530229258,32.119638187131535,91.81241591789748,48.90971926305554,88.91378798746015,30.701921183012463,88.62301931724683,53.09246662137287
80.0,500.0,56.50747002159251,44.56407627355854,26.29761949961138,10.622057669513667,8.159263100887744,35.044372623225776,51.436652017042434,17.332232140959412,94.6,27.4,82.2,27.6,95.0,27.4,94.4,27.6,88.91378798746015,30.701921183012463,88.62301931724683,53.09246662137287,117.1935530229258,32.119638187131535,91.81241591789748,48.90971926305554
80.0,500.0,56.50747002159251,44.56407627355854,26.29761949961138,10.622057669513667,51.436652017042434,17.332232140959412,8.159263100887744,35.044372623225776,93.4,27.2,81.4,27.2,92.2,27.2,93.4,27.2,88.91378798746015,30.701921183012463,88.62301931724683,53.09246662137287,91.81241591789748,48.90971926305554,117.1935530229258,32.119638187131535
80.0,500.0,56.50747002159251,44.56407627355854,8.159263100887744,35.044372623225776,26.29761949961138,10.622057669513667,51.436652017042434,17.332232140959412,94.8,23.6,96.6,23.6,81.4,24.6,94.6,24.8,88.91378798746015,30.701921183012463,117.1935530229258,32.119638187131535,88.62301931724683,53.09246662137287,91.81241591789748,48.90971926305554
80.0,500.0,56.50747002159251,44.56407627355854,8.159263100887744,35.044372623225776,51.436652017042434,17.332232140959412,26.29761949961138,10.622057669513667,94.2,28.2,95.0,28.2,94.4,28.6,82.0,28.6,88.91378798746015,30.701921183012463,117.1935530229258,32.119638187131535,91.81241591789748,48.90971926305554,88.62301931724683,53.09246662137287
80.0,500.0,56.50747002159251,44.56407627355854,51.436652017042434,17.332232140959412,26.29761949961138,10.622057669513667,8.159263100887744,35.044372623225776,95.2,27.0,95.0,27.2,82.2,27.2,95.6,27.0,88.91378798746015,30.701921183012463,91.81241591789748,48.90971926305554,88.62301931724683,53.09246662137287,117.1935530229258,32.119638187131535
80.0,500.0,56.50747002159251,44.56407627355854,51.436652017042434,17.332232140959412,8.159263100887744,35.044372623225776,26.29761949961138,10.622057669513667,96.8,24.6,95.6,24.6,96.8,24.6,82.4,24.6,88.91378798746015,30.701921183012463,91.81241591789748,48.90971926305554,117.1935530229258,32.119638187131535,88.62301931724683,53.09246662137287
80.0,500.0,51.436652017042434,17.332232140959412,26.29761949961138,10.622057669513667,8.159263100887744,35.044372623225776,56.50747002159251,44.56407627355854,94.2,26.8,82.4,26.8,95.2,26.4,94.6,26.4,91.81241591789748,48.90971926305554,88.62301931724683,53.09246662137287,117.1935530229258,32.119638187131535,88.91378798746015,30.701921183012463
80.0,500.0,51.436652017042434,17.332232140959412,26.29761949961138,10.622057669513667,56.50747002159251,44.56407627355854,8.159263100887744,35.044372623225776,94.4,26.4,82.2,26.4,95.2,26.2,95.6,26.2,91.81241591789748,48.90971926305554,88.62301931724683,53.09246662137287,88.91378798746015,30.701921183012463,117.1935530229258,32.119638187131535
80.0,500.0,51.436652017042434,17.332232140959412,8.159263100887744,35.044372623225776,26.29761949961138,10.622057669513667,56.50747002159251,44.56407627355854,95.6,28.2,97.8,27.0,83.8,28.2,95.4,27.0,91.81241591789748,48.90971926305554,117.1935530229258,32.119638187131535,88.62301931724683,53.09246662137287,88.91378798746015,30.701921183012463
80.0,500.0,51.436652017042434,17.332232140959412,8.159263100887744,35.044372623225776,56.50747002159251,44.56407627355854,26.29761949961138,10.622057669513667,95.0,27.6,96.2,26.4,93.8,26.4,81.6,27.6,91.81241591789748,48.90971926305554,117.1935530229258,32.119638187131535,88.91378798746015,30.701921183012463,88.62301931724683,53.09246662137287
80.0,500.0,51.436652017042434,17.332232140959412,56.50747002159251,44.56407627355854,26.29761949961138,10.622057669513667,8.159263100887744,35.044372623225776,96.2,26.8,96.6,26.2,85.2,26.8,98.0,26.2,91.81241591789748,48.90971926305554,88.91378798746015,30.701921183012463,88.62301931724683,53.09246662137287,117.1935530229258,32.119638187131535
80.0,500.0,51.436652017042434,17.332232140959412,56.50747002159251,44.56407627355854,8.159263100887744,35.044372623225776,26.29761949961138,10.622057669513667,96.2,27.6,96.2,26.2,98.4,26.2,84.4,27.4,91.81241591789748,48.90971926305554,88.91378798746015,30.701921183012463,117.1935530229258,32.119638187131535,88.62301931724683,53.09246662137287
80.0,500.0,25.588670881418164,38.09203944321389,3.4764116466160577,46.7646209904263,19.04502096122945,3.7262675310507687,51.89543429029944,57.23531273787504,86.8,11.6,75.8,11.6,75.6,11.8,75.0,11.4,95.14052647329687,21.166649175393808,108.41684106817208,15.385430458062594,89.44827033616082,46.71968850677068,73.30174585479365,8.760053056072387
80.0,500.0,25.588670881418164,38.09203944321389,51.89543429029944,57.23531273787504,3.4764116466160577,46.7646209904263,19.04502096122945,3.7262675310507687,84.4,12.0,71.2,11.4,71.8,12.2,72.4,13.0,95.14052647329687,21.166649175393808,73.30174585479365,8.760053056072387,108.41684106817208,15.385430458062594,89.44827033616082,46.71968850677068
80.0,500.0,25.588670881418164,38.09203944321389,51.89543429029944,57.23531273787504,19.04502096122945,3.7262675310507687,3.4764116466160577,46.7646209904263,86.2,10.6,73.0,9.6,75.4,11.6,74.6,10.6,95.14052647329687,21.166649175393808,73.30174585479365,8.760053056072387,89.44827033616082,46.71968850677068,108.41684106817208,15.385430458062594
80.0,500.0,25.588670881418164,38.09203944321389,19.04502096122945,3.7262675310507687,3.4764116466160577,46.7646209904263,51.89543429029944,57.23531273787504,85.0,10.8,72.4,12.0,71.0,11.0,70.6,10.0,95.14052647329687,21.166649175393808,89.44827033616082,46.71968850677068,108.41684106817208,15.385430458062594,73.30174585479365,8.760053056072387
80.0,500.0,25.588670881418164,38.09203944321389,19.04502096122945,3.7262675310507687,51.89543429029944,57.23531273787504,3.4764116466160577,46.7646209904263,88.2,10.8,77.0,11.0,76.2,10.6,76.8,10.8,95.14052647329687,21.166649175393808,89.44827033616082,46.71968850677068,73.30174585479365,8.760053056072387,108.41684106817208,15.385430458062594
80.0,500.0,3.4764116466160577,46.7646209904263,25.588670881418164,38.09203944321389,51.89543429029944,57.23531273787504,19.04502096122945,3.7262675310507687,75.0,11.6,85.6,11.6,73.8,11.0,75.0,12.2,108.41684106817208,15.385430458062594,95.14052647329687,21.166649175393808,73.30174585479365,8.760053056072387,89.44827033616082,46.71968850677068
80.0,500.0,3.4764116466160577,46.7646209904263,25.588670881418164,38.09203944321389,19.04502096122945,3.7262675310507687,51.89543429029944,57.23531273787504,73.0,8.4,86.6,8.4,74.4,9.2,72.2,7.6,108.41684106817208,15.385430458062594,95.14052647329687,21.166649175393808,89.44827033616082,46.71968850677068,73.30174585479365,8.760053056072387
80.0,500.0,3.4764116466160577,46.7646209904263,51.89543429029944,57.23531273787504,25.588670881418164,38.09203944321389,19.04502096122945,3.7262675310507687,72.4,9.4,71.0,9.0,84.6,9.4,72.0,10.4,108.41684106817208,15.385430458062594,73.30174585479365,8.760053056072387,95.14052647329687,21.166649175393808,89.44827033616082,46.71968850677068
80.0,500.0,3.4764116466160577,46.7646209904263,51.89543429029944,57.23531273787504,19.04502096122945,3.7262675310507687,25.588670881418164,38.09203944321389,71.4,10.8,69.6,9.8,72.6,12.2,83.2,11.0,108.41684106817208,15.385430458062594,73.30174585479365,8.760053056072387,89.44827033616082,46.71968850677068,95.14052647329687,21.166649175393808
80.0,500.0,3.4764116466160577,46.7646209904263,19.04502096122945,3.7262675310507687,25.588670881418164,38.09203944321389,51.89543429029944,57.23531273787504,67.2,10.0,67.6,10.0,81.4,10.0,67.2,10.0,108.41684106817208,15.385430458062594,89.44827033616082,46.71968850677068,95.14052647329687,21.166649175393808,73.30174585479365,8.760053056072387
80.0,500.0,3.4764116466160577,46.7646209904263,19.04502096122945,3.7262675310507687,51.89543429029944,57.23531273787504,25.588670881418164,38.09203944321389,74.8,10.0,74.8,10.6,73.4,9.2,86.8,9.6,108.41684106817208,15.385430458062594,89.44827033616082,46.71968850677068,73.30174585479365,8.760053056072387,95.14052647329687,21.166649175393808
80.0,500.0,51.89543429029944,57.23531273787504,25.588670881418164,38.09203944321389,3.4764116466160577,46.7646209904263,19.04502096122945,3.7262675310507687,71.4,7.0,85.6,8.4,74.0,8.4,74.6,9.6,73.30174585479365,8.760053056072387,95.14052647329687,21.166649175393808,108.41684106817208,15.385430458062594,89.44827033616082,46.71968850677068
80.0,500.0,51.89543429029944,57.23531273787504,25.588670881418164,38.09203944321389,19.04502096122945,3.7262675310507687,3.4764116466160577,46.7646209904263,74.8,11.2,87.2,12.4,77.4,13.6,76.4,12.4,73.30174585479365,8.760053056072387,95.14052647329687,21.166649175393808,89.44827033616082,46.71968850677068,108.41684106817208,15.385430458062594
80.0,500.0,51.89543429029944,57.23531273787504,3.4764116466160577,46.7646209904263,25.588670881418164,38.09203944321389,19.04502096122945,3.7262675310507687,76.2,10.8,77.0,11.2,88.2,11.2,77.0,11.6,73.30174585479365,8.760053056072387,108.41684106817208,15.385430458062594,95.14052647329687,21.166649175393808,89.44827033616082,46.71968850677068
80.0,500.0,51.89543429029944,57.23531273787504,3.4764116466160577,46.7646209904263,19.04502096122945,3.7262675310507687,25.588670881418164,38.09203944321389,73.2,8.6,73.8,9.0,74.0,9.4,86.8,9.0,73.30174585479365,8.760053056072387,108.41684106817208,15.385430458062594,89.44827033616082,46.71968850677068,95.14052647329687,21.166649175393808
80.0,500.0,51.89543429029944,57.23531273787504,19.04502096122945,3.7262675310507687,25.588670881418164,38.09203944321389,3.4764116466160577,46.7646209904263,75.8,10.0,78.4,12.4,89.2,11.2,77.0,11.2,73.30174585479365,8.760053056072387,89.44827033616082,46.71968850677068,95.14052647329687,21.166649175393808,108.41684106817208,15.385430458062594
80.0,500.0,51.89543429029944,57.23531273787504,19.04502096122945,3.7262675310507687,3.4764116466160577,46.7646209904263,25.588670881418164,38.09203944321389,73.4,13.0,76.4,15.4,74.6,14.2,85.8,14.2,73.30174585479365,8.760053056072387,89.44827033616082,46.71968850677068,108.41684106817208,15.385430458062594,95.14052647329687,21.166649175393808
80.0,500.0,19.04502096122945,3.7262675310507687,25.588670881418164,38.09203944321389,3.4764116466160577,46.7646209904263,51.89543429029944,57.23531273787504,71.2,9.0,84.8,7.6,69.8,7.6,68.4,6.2,89.44827033616082,46.71968850677068,95.14052647329687,21.166649175393808,108.41684106817208,15.385430458062594,73.30174585479365,8.760053056072387
80.0,500.0,19.04502096122945,3.7262675310507687,25.588670881418164,38.09203944321389,51.89543429029944,57.23531273787504,3.4764116466160577,46.7646209904263,73.4,11.2,85.4,11.0,72.8,10.8,73.4,11.0,89.44827033616082,46.71968850677068,95.14052647329687,21.166649175393808,73.30174585479365,8.760053056072387,108.41684106817208,15.385430458062594
80.0,500.0,19.04502096122945,3.7262675310507687,3.4764116466160577,46.7646209904263,25.588670881418164,38.09203944321389,51.89543429029944,57.23531273787504,75.2,10.6,74.4,10.0,86.6,10.0,73.4,9.4,89.44827033616082,46.71968850677068,108.41684106817208,15.385430458062594,95.14052647329687,21.166649175393808,73.30174585479365,8.760053056072387
80.0,500.0,19.04502096122945,3.7262675310507687,3.4764116466160577,46.7646209904263,51.89543429029944,57.23531273787504,25.588670881418164,38.09203944321389,72.0,10.2,71.4,9.8,70.8,9.4,84.0,9.8,89.44827033616082,46.71968850677068,108.41684106817208,15.385430458062594,73.30174585479365,8.760053056072387,95.14052647329687,21.166649175393808
80.0,500.0,19.04502096122945,3.7262675310507687,51.89543429029944,57.23531273787504,25.588670881418164,38.09203944321389,3.4764116466160577,46.7646209904263,72.4,9.0,70.2,7.4,84.6,8.2,71.4,8.2,89.44827033616082,46.71968850677068,73.30174585479365,8.760053056072387,95.14052647329687,21.166649175393808,108.41684106817208,15.385430458062594
80.0,500.0,19.04502096122945,3.7262675310507687,51.89543429029944,57.23531273787504,3.4764116466160577,46.7646209904263,25.588670881418164,38.09203944321389,74.4,9.8,73.2,9.0,74.2,9.4,86.6,9.4,89.44827033616082,46.71968850677068,73.30174585479365,8.760053056072387,108.41684106817208,15.385430458062594,95.14052647329687,21.166649175393808
80.0,500.0,1.2944118027610885,40.88481364879613,50.35445727302164,6.084072657683919,26.24652777410228,16.961404311282003,37.37126712945376,39.609436053519474,110.8,11.2,71.8,50.6,84.2,37.4,71.8,11.0,91.59002717285584,18.11657027898888,69.98568844964984,44.29201878632901,73.70919312409794,33.73819011032319,63.16559277215784,22.90481400489114
80.0,500.0,1.2944118027610885,40.88481364879613,37.37126712945376,39.609436053519474,50.35445727302164,6.084072657683919,26.24652777410228,16.961404311282003,110.0,12.6,75.8,12.6,75.4,47.0,86.8,35.6,91.59002717285584,18.11657027898888,63.16559277215784,22.90481400489114,69.98568844964984,44.29201878632901,73.70919312409794,33.73819011032319
80.0,500.0,1.2944118027610885,40.88481364879613,37.37126712945376,39.609436053519474,26.24652777410228,16.961404311282003,50.35445727302164,6.084072657683919,111.0,9.6,73.0,9.8,85.2,35.0,72.8,47.8,91.59002717285584,18.11657027898888,63.16559277215784,22.90481400489114,73.70919312409794,33.73819011032319,69.98568844964984,44.29201878632901
80.0,500.0,1.2944118027610885,40.88481364879613,26.24652777410228,16.961404311282003,50.35445727302164,6.084072657683919,37.37126712945376,39.609436053519474,109.8,11.2,85.4,35.2,73.8,47.2,73.8,11.2,91.59002717285584,18.11657027898888,73.70919312409794,33.73819011032319,69.98568844964984,44.29201878632901,63.16559277215784,22.90481400489114
80.0,500.0,1.2944118027610885,40.88481364879613,26.24652777410228,16.961404311282003,37.37126712945376,39.609436053519474,50.35445727302164,6.084072657683919,110.8,10.8,86.8,34.4,75.4,10.8,75.4,46.2,91.59002717285584,18.11657027898888,73.70919312409794,33.73819011032319,63.16559277215784,22.90481400489114,69.98568844964984,44.29201878632901
80.0,500.0,50.35445727302164,6.084072657683919,1.2944118027610885,40.88481364879613,37.37126712945376,39.609436053519474,26.24652777410228,16.961404311282003,72.0,45.4,106.8,11.0,72.6,11.0,84.0,34.2,69.98568844964984,44.29201878632901,91.59002717285584,18.11657027898888,63.16559277215784,22.90481400489114,73.70919312409794,33.73819011032319
80.0,500.0,50.35445727302164,6.084072657683919,1.2944118027610885,40.88481364879613,26.24652777410228,16.961404311282003,37.37126712945376,39.609436053519474,75.2,49.4,115.4,9.2,88.4,36.2,75.8,9.2,69.98568844964984,44.29201878632901,91.59002717285584,18.11657027898888,73.70919312409794,33.73819011032319,63.16559277215784,22.90481400489114
80.0,500.0,50.35445727302164,6.084072657683919,37.37126712945376,39.609436053519474,1.2944118027610885,40.88481364879613,26.24652777410228,16.961404311282003,71.2,51.0,71.2,10.8,111.4,10.8,84.4,37.6,69.98568844964984,44.29201878632901,63.16559277215784,22.90481400489114,91.59002717285584,18.11657027898888,73.70919312409794,33.73819011032319
80.0,500.0,50.35445727302164,6.084072657683919,37.37126712945376,39.609436053519474,26.24652777410228,16.961404311282003,1.2944118027610885,40.88481364879613,74.8,49.2,74.8,13.2,86.2,37.2,110.8,13.2,69.98568844964984,44.29201878632901,63.16559277215784,22.90481400489114,73.70919312409794,33.73819011032319,91.59002717285584,18.11657027898888
80.0,500.0,50.35445727302164,6.084072657683919,26.24652777410228,16.961404311282003,1.2944118027610885,40.88481364879613,37.37126712945376,39.609436053519474,76.0,50.2,87.4,37.6,113.8,12.4,76.0,12.4,69.98568844964984,44.29201878632901,73.70919312409794,33.73819011032319,91.59002717285584,18.11657027898888,63.16559277215784,22.90481400489114
80.0,500.0,50.35445727302164,6.084072657683919,26.24652777410228,16.961404311282003,37.37126712945376,39.609436053519474,1.2944118027610885,40.88481364879613,71.8,51.6,84.0,38.4,71.8,12.0,111.4,12.0,69.98568844964984,44.29201878632901,73.70919312409794,33.73819011032319,63.16559277215784,22.90481400489114,91.59002717285584,18.11657027898888
80.0,500.0,37.37126712945376,39.609436053519474,1.2944118027610885,40.88481364879613,50.35445727302164,6.084072657683919,26.24652777410228,16.961404311282003,77.2,13.0,110.8,13.0,76.8,46.6,88.0,35.4,63.16559277215784,22.90481400489114,91.59002717285584,18.11657027898888,69.98568844964984,44.29201878632901,73.70919312409794,33.73819011032319
80.0,500.0,37.37126712945376,39.609436053519474,1.2944118027610885,40.88481364879613,26.24652777410228,16.961404311282003,50.35445727302164,6.084072657683919,72.8,7.4,116.0,7.4,87.0,36.2,72.8,50.6,63.16559277215784,22.90481400489114,91.59002717285584,18.11657027898888,73.70919312409794,33.73819011032319,69.98568844964984,44.29201878632901
80.0,500.0,37.37126712945376,39.609436053519474,50.35445727302164,6.084072657683919,1.2944118027610885,40.88481364879613,26.24652777410228,16.961404311282003,72.4,11.0,72.4,49.4,110.8,11.0,84.6,36.6,63.16559277215784,22.90481400489114,69.98568844964984,44.29201878632901,91.59002717285584,18.11657027898888,73.70919312409794,33.73819011032319
80.0,500.0,37.37126712945376,39.609436053519474,50.35445727302164,6.084072657683919,26.24652777410228,16.961404311282003,1.2944118027610885,40.88481364879613,75.0,10.8,75.0,48.6,87.2,36.0,112.8,10.8,63.16559277215784,22.90481400489114,69.98568844964984,44.29201878632901,73.70919312409794,33.73819011032319,91.59002717285584,18.11657027898888
80.0,500.0,37.37126712945376,39.609436053519474,26.24652777410228,16.961404311282003,1.2944118027610885,40.88481364879613,50.35445727302164,6.084072657683919,69.8,7.2,84.0,36.8,113.6,7.4,69.8,51.6,63.16559277215784,22.90481400489114,73.70919312409794,33.73819011032319,91.59002717285584,18.11657027898888,69.98568844964984,44.29201878632901
80.0,500.0,37.37126712945376,39.609436053519474,26.24652777410228,16.961404311282003,50.35445727302164,6.084072657683919,1.2944118027610885,40.88481364879613,71.4,7.2,85.0,34.8,71.4,48.6,112.8,7.2,63.16559277215784,22.90481400489114,73.70919312409794,33.73819011032319,69.98568844964984,44.29201878632901,91.59002717285584,18.11657027898888
80.0,500.0,26.24652777410228,16.961404311282003,1.2944118027610885,40.88481364879613,50.35445727302164,6.084072657683919,37.37126712945376,39.609436053519474,86.8,33.2,110.0,10.4,75.6,44.6,75.8,10.4,73.70919312409794,33.73819011032319,91.59002717285584,18.11657027898888,69.98568844964984,44.29201878632901,63.16559277215784,22.90481400489114
80.0,500.0,26.24652777410228,16.961404311282003,1.2944118027610885,40.88481364879613,37.37126712945376,39.609436053519474,50.35445727302164,6.084072657683919,84.6,37.4,112.2,10.6,72.0,10.6,72.0,50.8,73.70919312409794,33.73819011032319,91.59002717285584,18.11657027898888,63.16559277215784,22.90481400489114,69.98568844964984,44.29201878632901
80.0,500.0,26.24652777410228,16.961404311282003,50.35445727302164,6.084072657683919,1.2944118027610885,40.88481364879613,37.37126712945376,39.609436053519474,85.6,35.6,73.6,47.8,110.0,11.4,73.6,11.4,73.70919312409794,33.73819011032319,69.98568844964984,44.29201878632901,91.59002717285584,18.11657027898888,63.16559277215784,22.90481400489114
80.0,500.0,26.24652777410228,16.961404311282003,50.35445727302164,6.084072657683919,37.37126712945376,39.609436053519474,1.2944118027610885,40.88481364879613,85.4,36.2,72.0,50.0,72.0,8.6,113.4,8.6,73.70919312409794,33.73819011032319,69.98568844964984,44.29201878632901,63.16559277215784,22.90481400489114,91.59002717285584,18.11657027898888
80.0,500.0,26.24652777410228,16.961404311282003,37.37126712945376,39.609436053519474,1.2944118027610885,40.88481364879613,50.35445727302164,6.084072657683919,84.6,38.2,71.8,11.8,111.4,11.8,71.6,51.4,73.70919312409794,33.73819011032319,63.16559277215784,22.90481400489114,91.59002717285584,18.11657027898888,69.98568844964984,44.29201878632901
80.0,500.0,26.24652777410228,16.961404311282003,37.37126712945376,39.609436053519474,50.35445727302164,6.084072657683919,1.2944118027610885,40.88481364879613,84.8,33.4,73.4,10.2,73.4,45.2,108.6,10.0,73.70919312409794,33.73819011032319,63.16559277215784,22.90481400489114,69.98568844964984,44.29201878632901,91.59002717285584,18.11657027898888
80.0,500.0,4.986313481924669,28.443465478277947,39.262306054545846,45.08312330904238,58.59750221033434,55.27925142276624,32.20875713361245,6.580401820989456,72.6,36.0,72.6,36.0,72.6,36.0,72.6,36.0,94.25165088168168,44.72796461380117,95.73741484518636,38.66556519380488,80.75553003918527,31.71348900550097,96.67869098637968,54.07815584058012
80.0,500.0,4.986313481924669,28.443465478277947,32.20875713361245,6.580401820989456,39.262306054545846,45.08312330904238,58.59750221033434,55.27925142276624,66.8,37.2,66.8,37.2,66.8,37.2,66.8,37.2,94.25165088168168,44.72796461380117,96.67869098637968,54.07815584058012,95.73741484518636,38.66556519380488,80.75553003918527,31.71348900550097
80.0,500.0,4.986313481924669,28.443465478277947,32.20875713361245,6.580401820989456,58.59750221033434,55.27925142276624,39.262306054545846,45.08312330904238,70.2,36.0,70.2,36.0,70.2,36.0,70.2,36.0,94.25165088168168,44.72796461380117,96.67869098637968,54.07815584058012,80.75553003918527,31.71348900550097,95.73741484518636,38.66556519380488
80.0,500.0,4.986313481924669,28.443465478277947,58.59750221033434,55.27925142276624,39.262306054545846,45.08312330904238,32.20875713361245,6.580401820989456,66.8,35.6,66.8,35.6,66.8,35.6,66.8,35.6,94.25165088168168,44.72796461380117,80.75553003918527,31.71348900550097,95.73741484518636,38.66556519380488,96.67869098637968,54.07815584058012
80.0,500.0,4.986313481924669,28.443465478277947,58.59750221033434,55.27925142276624,32.20875713361245,6.580401820989456,39.262306054545846,45.08312330904238,66.2,37.4,66.2,37.4,66.2,37.4,66.2,37.4,94.25165088168168,44.72796461380117,80.75553003918527,31.71348900550097,96.67869098637968,54.07815584058012,95.73741484518636,38.66556519380488
80.0,500.0,39.262306054545846,45.08312330904238,4.986313481924669,28.443465478277947,32.20875713361245,6.580401820989456,58.59750221033434,55.27925142276624,71.0,33.2,71.0,33.2,71.0,33.2,71.0,33.2,95.73741484518636,38.66556519380488,94.25165088168168,44.72796461380117,96.67869098637968,54.07815584058012,80.75553003918527,31.71348900550097
80.0,500.0,39.262306054545846,45.08312330904238,4.986313481924669,28.443465478277947,58.59750221033434,55.27925142276624,32.20875713361245,6.580401820989456,66.8,37.6,66.8,37.6,66.8,37.6,66.8,37.6,95.73741484518636,38.66556519380488,94.25165088168168,44.72796461380117,80.75553003918527,31.71348900550097,96.67869098637968,54.07815584058012
80.0,500.0,39.262306054545846,45.08312330904238,32.20875713361245,6.580401820989456,4.986313481924669,28.443465478277947,58.59750221033434,55.27925142276624,67.0,35.8,67.0,35.8,67.0,35.8,67.0,35.8,95.73741484518636,38.66556519380488,96.67869098637968,54.07815584058012,94.25165088168168,44.72796461380117,80.75553003918527,31.71348900550097
80.0,500.0,39.262306054545846,45.08312330904238,32.20875713361245,6.580401820989456,58.59750221033434,55.27925142276624,4.986313481924669,28.443465478277947,67.8,35.8,67.8,35.8,67.8,35.8,67.8,35.8,95.73741484518636,38.66556519380488,96.67869098637968,54.07815584058012,80.75553003918527,31.71348900550097,94.25165088168168,44.72796461380117
80.0,500.0,39.262306054545846,45.08312330904238,58.59750221033434,55.27925142276624,4.986313481924669,28.443465478277947,32.20875713361245,6.580401820989456,66.6,34.8,66.6,34.8,66.6,34.8,66.6,34.8,95.73741484518636,38.66556519380488,80.75553003918527,31.71348900550097,94.25165088168168,44.72796461380117,96.67869098637968,54.07815584058012
80.0,500.0,39.262306054545846,45.08312330904238,58.59750221033434,55.27925142276624,32.20875713361245,6.580401820989456,4.986313481924669,28.443465478277947,71.6,37.0,71.6,37.0,71.6,37.0,71.6,37.0,95.73741484518636,38.66556519380488,80.75553003918527,31.71348900550097,96.67869098637968,54.07815584058012,94.25165088168168,44.72796461380117
80.0,500.0,32.20875713361245,6.580401820989456,4.986313481924669,28.443465478277947,39.262306054545846,45.08312330904238,58.59750221033434,55.27925142276624,68.0,38.2,68.0,38.2,68.0,38.2,68.0,38.2,96.67869098637968,54.07815584058012,94.25165088168168,44.72796461380117,95.73741484518636,38.66556519380488,80.75553003918527,31.71348900550097
80.0,500.0,32.20875713361245,6.580401820989456,4.986313481924669,28.443465478277947,58.59750221033434,55.27925142276624,39.262306054545846,45.08312330904238,70.8,37.2,70.8,37.2,70.8,37.2,70.8,37.2,96.67869098637968,54.07815584058012,94.25165088168168,44.72796461380117,80.75553003918527,31.71348900550097,95.73741484518636,38.66556519380488
80.0,500.0,32.20875713361245,6.580401820989456,39.262306054545846,45.08312330904238,4.986313481924669,28.443465478277947,58.59750221033434,55.27925142276624,68.4,35.8,68.6,35.8,68.6,35.8,68.6,35.8,96.67869098637968,54.07815584058012,95.73741484518636,38.66556519380488,94.25165088168168,44.72796461380117,80.75553003918527,31.71348900550097
80.0,500.0,32.20875713361245,6.580401820989456,39.262306054545846,45.08312330904238,58.59750221033434,55.27925142276624,4.986313481924669,28.443465478277947,66.0,37.8,66.0,37.8,66.0,37.8,66.0,37.8,96.67869098637968,54.07815584058012,95.73741484518636,38.66556519380488,80.75553003918527,31.71348900550097,94.25165088168168,44.72796461380117
80.0,500.0,32.20875713361245,6.580401820989456,58.59750221033434,55.27925142276624,4.986313481924669,28.443465478277947,39.262306054545846,45.08312330904238,67.2,36.6,67.4,36.6,67.4,36.6,67.4,36.6,96.67869098637968,54.07815584058012,80.75553003918527,31.71348900550097,94.25165088168168,44.72796461380117,95.73741484518636,38.66556519380488
80.0,500.0,32.20875713361245,6.580401820989456,58.59750221033434,55.27925142276624,39.262306054545846,45.08312330904238,4.986313481924669,28.443465478277947,70.8,36.8,70.8,36.8,70.8,36.8,70.8,36.8,96.67869098637968,54.07815584058012,80.75553003918527,31.71348900550097,95.73741484518636,38.66556519380488,94.25165088168168,44.72796461380117
80.0,500.0,58.59750221033434,55.27925142276624,4.986313481924669,28.443465478277947,39.262306054545846,45.08312330904238,32.20875713361245,6.580401820989456,65.4,36.0,65.4,36.0,65.4,36.0,65.4,36.0,80.75553003918527,31.71348900550097,94.25165088168168,44.72796461380117,95.73741484518636,38.66556519380488,96.67869098637968,54.07815584058012
80.0,500.0,58.59750221033434,55.27925142276624,4.986313481924669,28.443465478277947,32.20875713361245,6.580401820989456,39.262306054545846,45.08312330904238,73.2,37.6,73.0,37.6,73.2,37.6,73.2,37.6,80.75553003918527,31.71348900550097,94.25165088168168,44.72796461380117,96.67869098637968,54.07815584058012,95.73741484518636,38.66556519380488
80.0,500.0,58.59750221033434,55.27925142276624,39.262306054545846,45.08312330904238,4.986313481924669,28.443465478277947,32.20875713361245,6.580401820989456,70.4,34.2,70.4,34.2,70.4,34.2,70.4,34.2,80.75553003918527,31.71348900550097,95.73741484518636,38.66556519380488,94.25165088168168,44.72796461380117,96.67869098637968,54.07815584058012
80.0,500.0,58.59750221033434,55.27925142276624,39.262306054545846,45.08312330904238,32.20875713361245,6.580401820989456,4.986313481924669,28.443465478277947,68.4,35.0,68.4,35.0,68.4,35.0,68.4,35.0,80.75553003918527,31.71348900550097,95.73741484518636,38.66556519380488,96.67869098637968,54.07815584058012,94.25165088168168,44.72796461380117
80.0,500.0,58.59750221033434,55.27925142276624,32.20875713361245,6.580401820989456,4.986313481924669,28.443465478277947,39.262306054545846,45.08312330904238,72.0,32.8,72.0,32.8,72.0,32.8,72.0,32.8,80.75553003918527,31.71348900550097,96.67869098637968,54.07815584058012,94.25165088168168,44.72796461380117,95.73741484518636,38.66556519380488
80.0,500.0,58.59750221033434,55.27925142276624,32.20875713361245,6.580401820989456,39.262306054545846,45.08312330904238,4.986313481924669,28.443465478277947,70.6,35.2,70.6,35.2,70.6,35.2,70.6,35.2,80.75553003918527,31.71348900550097,96.67869098637968,54.07815584058012,95.73741484518636,38.66556519380488,94.25165088168168,44.72796461380117
80.0,500.0,5.211348800272397,8.376148412347781,57.369293262625085,17.95851595357707,36.03274430982172,41.498665211570525,9.102339826940264,33.941225583291185,86.6,12.6,84.2,11.8,85.2,10.6,86.6,11.2,119.04787003075197,36.99038085691413,86.87953402405977,30.95204940693258,97.6165486906048,14.962248687477556,113.47943140441386,22.510505732491023
80.0,500.0,5.211348800272397,8.376148412347781,9.102339826940264,33.941225583291185,57.369293262625085,17.95851595357707,36.03274430982172,41.498665211570525,85.6,16.4,85.6,14.6,83.6,15.4,84.2,15.2,119.04787003075197,36.99038085691413,113.47943140441386,22.510505732491023,86.87953402405977,30.95204940693258,97.6165486906048,14.962248687477556
80.0,500.0,5.211348800272397,8.376148412347781,9.102339826940264,33.941225583291185,36.03274430982172,41.498665211570525,57.369293262625085,17.95851595357707,86.0,15.4,86.0,15.0,86.0,15.0,85.2,15.4,119.04787003075197,36.99038085691413,113.47943140441386,22.510505732491023,97.6165486906048,14.962248687477556,86.87953402405977,30.95204940693258
80.0,500.0,5.211348800272397,8.376148412347781,36.03274430982172,41.498665211570525,57.369293262625085,17.95851595357707,9.102339826940264,33.941225583291185,86.0,12.0,84.8,10.6,83.4,10.8,86.0,9.2,119.04787003075197,36.99038085691413,97.6165486906048,14.962248687477556,86.87953402405977,30.95204940693258,113.47943140441386,22.510505732491023
80.0,500.0,5.211348800272397,8.376148412347781,36.03274430982172,41.498665211570525,9.102339826940264,33.941225583291185,57.369293262625085,17.95851595357707,86.4,11.4,85.8,10.6,86.4,11.2,85.2,11.4,119.04787003075197,36.99038085691413,97.6165486906048,14.962248687477556,113.47943140441386,22.510505732491023,86.87953402405977,30.95204940693258
80.0,500.0,57.369293262625085,17.95851595357707,5.211348800272397,8.376148412347781,9.102339826940264,33.941225583291185,36.03274430982172,41.498665211570525,80.8,12.0,82.2,12.8,82.2,11.6,80.8,11.2,86.87953402405977,30.95204940693258,119.04787003075197,36.99038085691413,113.47943140441386,22.510505732491023,97.6165486906048,14.962248687477556
80.0,500.0,57.369293262625085,17.95851595357707,5.211348800272397,8.376148412347781,36.03274430982172,41.498665211570525,9.102339826940264,33.941225583291185,81.4,10.2,82.6,10.6,80.8,9.4,82.6,10.0,86.87953402405977,30.95204940693258,119.04787003075197,36.99038085691413,97.6165486906048,14.962248687477556,113.47943140441386,22.510505732491023
80.0,500.0,57.369293262625085,17.95851595357707,9.102339826940264,33.941225583291185,5.211348800272397,8.376148412347781,36.03274430982172,41.498665211570525,83.4,12.4,85.8,11.4,85.8,13.4,83.8,12.2,86.87953402405977,30.95204940693258,113.47943140441386,22.510505732491023,119.04787003075197,36.99038085691413,97.6165486906048,14.962248687477556
80.0,500.0,57.369293262625085,17.95851595357707,9.102339826940264,33.941225583291185,36.03274430982172,41.498665211570525,5.211348800272397,8.376148412347781,84.4,11.8,85.6,11.4,85.0,11.0,85.6,12.0,86.87953402405977,30.95204940693258,113.47943140441386,22.510505732491023,97.6165486906048,14.962248687477556,119.04787003075197,36.99038085691413
80.0,500.0,57.369293262625085,17.95851595357707,36.03274430982172,41.498665211570525,5.211348800272397,8.376148412347781,9.102339826940264,33.941225583291185,85.8,12.6,85.8,12.4,87.2,13.2,87.2,12.2,86.87953402405977,30.95204940693258,97.6165486906048,14.962248687477556,119.04787003075197,36.99038085691413,113.47943140441386,22.510505732491023
80.0,500.0,57.369293262625085,17.95851595357707,36.03274430982172,41.498665211570525,9.102339826940264,33.941225583291185,5.211348800272397,8.376148412347781,82.6,10.2,82.4,10.0,83.2,10.0,83.2,10.8,86.87953402405977,30.95204940693258,97.6165486906048,14.962248687477556,113.47943140441386,22.510505732491023,119.04787003075197,36.99038085691413
80.0,500.0,9.102339826940264,33.941225583291185,5.211348800272397,8.376148412347781,57.369293262625085,17.95851595357707,36.03274430982172,41.498665211570525,86.4,10.8,86.4,11.8,84.4,11.6,85.8,10.4,113.47943140441386,22.510505732491023,119.04787003075197,36.99038085691413,86.87953402405977,30.95204940693258,97.6165486906048,14.962248687477556
80.0,500.0,9.102339826940264,33.941225583291185,5.211348800272397,8.376148412347781,36.03274430982172,41.498665211570525,57.369293262625085,17.95851595357707,88.2,14.6,88.6,16.4,86.6,14.4,86.8,15.2,113.47943140441386,22.510505732491023,119.04787003075197,36.99038085691413,97.6165486906048,14.962248687477556,86.87953402405977,30.95204940693258
80.0,500.0,9.102339826940264,33.941225583291185,57.369293262625085,17.95851595357707,5.211348800272397,8.376148412347781,36.03274430982172,41.498665211570525,82.8,11.0,82.0,11.2,82.8,11.6,81.6,10.6,113.47943140441386,22.510505732491023,86.87953402405977,30.95204940693258,119.04787003075197,36.99038085691413,97.6165486906048,14.962248687477556
80.0,500.0,9.102339826940264,33.941225583291185,57.369293262625085,17.95851595357707,36.03274430982172,41.498665211570525,5.211348800272397,8.376148412347781,87.8,12.8,86.0,13.4,85.8,12.6,87.8,14.2,113.47943140441386,22.510505732491023,86.87953402405977,30.95204940693258,97.6165486906048,14.962248687477556,119.04787003075197,36.99038085691413
80.0,500.0,9.102339826940264,33.941225583291185,36.03274430982172,41.498665211570525,5.211348800272397,8.376148412347781,57.369293262625085,17.95851595357707,85.4,9.8,85.2,10.2,85.4,10.6,84.8,10.2,113.47943140441386,22.510505732491023,97.6165486906048,14.962248687477556,119.04787003075197,36.99038085691413,86.87953402405977,30.95204940693258
80.0,500.0,9.102339826940264,33.941225583291185,36.03274430982172,41.498665211570525,57.369293262625085,17.95851595357707,5.211348800272397,8.376148412347781,84.4,11.6,81.8,11.2,81.6,12.2,84.4,13.4,113.47943140441386,22.510505732491023,97.6165486906048,14.962248687477556,86.87953402405977,30.95204940693258,119.04787003075197,36.99038085691413
80.0,500.0,36.03274430982172,41.498665211570525,5.211348800272397,8.376148412347781,57.369293262625085,17.95851595357707,9.102339826940264,33.941225583291185,82.6,7.4,84.6,9.4,83.2,8.4,84.6,8.2,97.6165486906048,14.962248687477556,119.04787003075197,36.99038085691413,86.87953402405977,30.95204940693258,113.47943140441386,22.510505732491023
80.0,500.0,36.03274430982172,41.498665211570525,5.211348800272397,8.376148412347781,9.102339826940264,33.941225583291185,57.369293262625085,17.95851595357707,86.4,14.0,88.2,16.2,88.4,14.8,86.6,15.0,97.6165486906048,14.962248687477556,119.04787003075197,36.99038085691413,113.47943140441386,22.510505732491023,86.87953402405977,30.95204940693258
80.0,500.0,36.03274430982172,41.498665211570525,57.369293262625085,17.95851595357707,5.211348800272397,8.376148412347781,9.102339826940264,33.941225583291185,84.8,12.2,85.0,12.4,85.6,13.0,85.6,12.2,97.6165486906048,14.962248687477556,86.87953402405977,30.95204940693258,119.04787003075197,36.99038085691413,113.47943140441386,22.510505732491023
80.0,500.0,36.03274430982172,41.498665211570525,57.369293262625085,17.95851595357707,9.102339826940264,33.941225583291185,5.211348800272397,8.376148412347781,83.2,14.8,83.0,14.4,84.4,13.4,84.4,15.6,97.6165486906048,14.962248687477556,86.87953402405977,30.95204940693258,113.47943140441386,22.510505732491023,119.04787003075197,36.99038085691413
80.0,500.0,36.03274430982172,41.498665211570525,9.102339826940264,33.941225583291185,5.211348800272397,8.376148412347781,57.369293262625085,17.95851595357707,84.6,9.4,85.8,9.6,85.8,10.0,85.0,9.8,97.6165486906048,14.962248687477556,113.47943140441386,22.510505732491023,119.04787003075197,36.99038085691413,86.87953402405977,30.95204940693258
80.0,500.0,36.03274430982172,41.498665211570525,9.102339826940264,33.941225583291185,57.369293262625085,17.95851595357707,5.211348800272397,8.376148412347781,85.2,13.6,85.6,13.2,85.0,13.6,85.6,14.0,97.6165486906048,14.962248687477556,113.47943140441386,22.510505732491023,86.87953402405977,30.95204940693258,119.04787003075197,36.99038085691413
80.0,500.0,44.34573782095048,36.33570249394532,0.3037399981834165,56.947888135775045,59.54855169804455,1.5227202548656282,20.561475412279616,42.77581139119352,95.6,24.6,97.6,23.4,94.8,25.8,96.0,24.4,108.34974572112829,25.465324909453336,115.93377477692124,20.013778413655736,107.46664979995369,34.43959534846045,115.89188311551511,21.06283215700661
80.0,500.0,44.34573782095048,36.33570249394532,20.561475412279616,42.77581139119352,0.3037399981834165,56.947888135775045,59.54855169804455,1.5227202548656282,96.0,24.4,96.0,24.4,97.6,22.8,94.2,26.0,108.34974572112829,25.465324909453336,115.89188311551511,21.06283215700661,115.93377477692124,20.013778413655736,107.46664979995369,34.43959534846045
80.0,500.0,44.34573782095048,36.33570249394532,20.561475412279616,42.77581139119352,59.54855169804455,1.5227202548656282,0.3037399981834165,56.947888135775045,93.4,26.8,93.2,26.8,92.6,28.0,95.0,25.6,108.34974572112829,25.465324909453336,115.89188311551511,21.06283215700661,107.46664979995369,34.43959534846045,115.93377477692124,20.013778413655736
80.0,500.0,44.34573782095048,36.33570249394532,59.54855169804455,1.5227202548656282,0.3037399981834165,56.947888135775045,20.561475412279616,42.77581139119352,95.0,25.0,94.4,26.0,96.6,24.0,95.4,25.0,108.34974572112829,25.465324909453336,107.46664979995369,34.43959534846045,115.93377477692124,20.013778413655736,115.89188311551511,21.06283215700661
80.0,500.0,44.34573782095048,36.33570249394532,59.54855169804455,1.5227202548656282,20.561475412279616,42.77581139119352,0.3037399981834165,56.947888135775045,93.0,26.0,92.2,27.0,93.0,26.0,94.2,25.0,108.34974572112829,25.465324909453336,107.46664979995369,34.43959534846045,115.89188311551511,21.06283215700661,115.93377477692124,20.013778413655736
80.0,500.0,0.3037399981834165,56.947888135775045,44.34573782095048,36.33570249394532,20.561475412279616,42.77581139119352,59.54855169804455,1.5227202548656282,92.8,23.2,91.8,24.2,91.8,24.2,90.8,25.2,115.93377477692124,20.013778413655736,108.34974572112829,25.465324909453336,115.89188311551511,21.06283215700661,107.46664979995369,34.43959534846045
80.0,500.0,0.3037399981834165,56.947888135775045,44.34573782095048,36.33570249394532,59.54855169804455,1.5227202548656282,20.561475412279616,42.77581139119352,96.6,23.4,93.6,26.2,91.0,29.0,93.6,26.2,115.93377477692124,20.013778413655736,108.34974572112829,25.465324909453336,107.46664979995369,34.43959534846045,115.89188311551511,21.06283215700661
80.0,500.0,0.3037399981834165,56.947888135775045,20.561475412279616,42.77581139119352,44.34573782095048,36.33570249394532,59.54855169804455,1.5227202548656282,99.0,22.8,97.4,24.0,97.4,24.0,96.2,25.2,115.93377477692124,20.013778413655736,115.89188311551511,21.06283215700661,108.34974572112829,25.465324909453336,107.46664979995369,34.43959534846045
80.0,500.0,0.3037399981834165,56.947888135775045,20.561475412279616,42.77581139119352,59.54855169804455,1.5227202548656282,44.34573782095048,36.33570249394532,98.2,22.8,96.4,24.6,94.6,26.4,96.2,24.6,115.93377477692124,20.013778413655736,115.89188311551511,21.06283215700661,107.46664979995369,34.43959534846045,108.34974572112829,25.465324909453336
80.0,500.0,0.3037399981834165,56.947888135775045,59.54855169804455,1.5227202548656282,44.34573782095048,36.33570249394532,20.561475412279616,42.77581139119352,95.0,25.0,93.6,26.6,94.2,25.8,94.2,25.8,115.93377477692124,20.013778413655736,107.46664979995369,34.43959534846045,108.34974572112829,25.465324909453336,115.89188311551511,21.06283215700661
80.0,500.0,0.3037399981834165,56.947888135775045,59.54855169804455,1.5227202548656282,20.561475412279616,42.77581139119352,44.34573782095048,36.33570249394532,96.4,25.6,94.4,27.6,94.8,26.6,95.4,26.6,115.93377477692124,20.013778413655736,107.46664979995369,34.43959534846045,115.89188311551511,21.06283215700661,108.34974572112829,25.465324909453336
80.0,500.0,20.561475412279616,42.77581139119352,44.34573782095048,36.33570249394532,0.3037399981834165,56.947888135775045,59.54855169804455,1.5227202548656282,94.8,25.4,94.8,25.4,95.6,24.6,94.0,26.2,115.89188311551511,21.06283215700661,108.34974572112829,25.465324909453336,115.93377477692124,20.013778413655736,107.46664979995369,34.43959534846045
80.0,500.0,20.561475412279616,42.77581139119352,44.34573782095048,36.33570249394532,59.54855169804455,1.5227202548656282,0.3037399981834165,56.947888135775045,94.8,27.4,94.4,27.4,94.8,27.8,95.6,27.0,115.89188311551511,21.06283215700661,108.34974572112829,25.465324909453336,107.46664979995369,34.43959534846045,115.93377477692124,20.013778413655736
80.0,500.0,20.561475412279616,42.77581139119352,0.3037399981834165,56.947888135775045,44.34573782095048,36.33570249394532,59.54855169804455,1.5227202548656282,94.0,26.0,95.2,24.8,93.8,26.0,92.8,27.2,115.89188311551511,21.06283215700661,115.93377477692124,20.013778413655736,108.34974572112829,25.465324909453336,107.46664979995369,34.43959534846045
80.0,500.0,20.561475412279616,42.77581139119352,0.3037399981834165,56.947888135775045,59.54855169804455,1.5227202548656282,44.34573782095048,36.33570249394532,93.6,23.8,94.4,23.0,92.6,24.6,93.4,23.8,115.89188311551511,21.06283215700661,115.93377477692124,20.013778413655736,107.46664979995369,34.43959534846045,108.34974572112829,25.465324909453336
80.0,500.0,20.561475412279616,42.77581139119352,59.54855169804455,1.5227202548656282,44.34573782095048,36.33570249394532,0.3037399981834165,56.947888135775045,95.8,27.0,94.0,28.6,95.2,27.0,97.4,25.4,115.89188311551511,21.06283215700661,107.46664979995369,34.43959534846045,108.34974572112829,25.465324909453336,115.93377477692124,20.013778413655736
80.0,500.0,20.561475412279616,42.77581139119352,59.54855169804455,1.5227202548656282,0.3037399981834165,56.947888135775045,44.34573782095048,36.33570249394532,93.4,27.4,92.0,29.2,95.2,25.6,93.4,27.2,115.89188311551511,21.06283215700661,107.46664979995369,34.43959534846045,115.93377477692124,20.013778413655736,108.34974572112829,25.465324909453336
80.0,500.0,59.54855169804455,1.5227202548656282,44.34573782095048,36.33570249394532,0.3037399981834165,56.947888135775045,20.561475412279616,42.77581139119352,94.8,26.6,95.8,25.4,97.4,24.2,96.0,25.4,107.46664979995369,34.43959534846045,108.34974572112829,25.465324909453336,115.93377477692124,20.013778413655736,115.89188311551511,21.06283215700661
80.0,500.0,59.54855169804455,1.5227202548656282,44.34573782095048,36.33570249394532,20.561475412279616,42.77581139119352,0.3037399981834165,56.947888135775045,94.8,26.6,96.0,25.2,96.0,25.2,97.6,23.8,107.46664979995369,34.43959534846045,108.34974572112829,25.465324909453336,115.89188311551511,21.06283215700661,115.93377477692124,20.013778413655736
80.0,500.0,59.54855169804455,1.5227202548656282,0.3037399981834165,56.947888135775045,44.34573782095048,36.33570249394532,20.561475412279616,42.77581139119352,95.0,26.0,98.2,22.8,96.2,24.4,96.6,24.4,107.46664979995369,34.43959534846045,115.93377477692124,20.013778413655736,108.34974572112829,25.465324909453336,115.89188311551511,21.06283215700661
80.0,500.0,59.54855169804455,1.5227202548656282,0.3037399981834165,56.947888135775045,20.561475412279616,42.77581139119352,44.34573782095048,36.33570249394532,93.0,28.8,96.8,24.8,94.8,26.8,95.0,26.6,107.46664979995369,34.43959534846045,115.93377477692124,20.013778413655736,115.89188311551511,21.06283215700661,108.34974572112829,25.465324909453336
80.0,500.0,59.54855169804455,1.5227202548656282,20.561475412279616,42.77581139119352,44.34573782095048,36.33570249394532,0.3037399981834165,56.947888135775045,94.0,28.6,94.2,27.8,94.4,27.8,95.6,27.0,107.46664979995369,34.43959534846045,115.89188311551511,21.06283215700661,108.34974572112829,25.465324909453336,115.93377477692124,20.013778413655736
80.0,500.0,59.54855169804455,1.5227202548656282,20.561475412279616,42.77581139119352,0.3037399981834165,56.947888135775045,44.34573782095048,36.33570249394532,94.4,27.0,95.4,25.8,96.8,24.6,95.2,25.8,107.46664979995369,34.43959534846045,115.89188311551511,21.06283215700661,115.93377477692124,20.013778413655736,108.34974572112829,25.465324909453336
93.33333333333334,500.0,12.185706071055533,9.871360616351224,38.18921908201288,21.308982164732328,2.5780299027295883,43.858517242007046,58.72518985345108,37.79540027620673,96.8,22.0,96.0,22.0,96.0,22.0,96.0,22.0,107.29243862989172,45.9446770831328,88.98196006632072,38.84274048060835,101.14498071223542,25.626640474910563,72.06256522766398,27.65443228982737
93.33333333333334,500.0,12.185706071055533,9.871360616351224,58.72518985345108,37.79540027620673,38.18921908201288,21.308982164732328,2.5780299027295883,43.858517242007046,97.8,22.6,97.2,22.6,97.2,22.6,97.2,22.6,107.29243862989172,45.9446770831328,72.06256522766398,27.65443228982737,88.98196006632072,38.84274048060835,101.14498071223542,25.626640474910563
93.33333333333334,500.0,12.185706071055533,9.871360616351224,58.72518985345108,37.79540027620673,2.5780299027295883,43.858517242007046,38.18921908201288,21.308982164732328,97.2,24.2,95.0,23.0,96.2,23.6,95.6,23.6,107.29243862989172,45.9446770831328,72.06256522766398,27.65443228982737,101.14498071223542,25.626640474910563,88.98196006632072,38.84274048060835
93.33333333333334,500.0,12.185706071055533,9.871360616351224,2.5780299027295883,43.858517242007046,38.18921908201288,21.308982164732328,58.72518985345108,37.79540027620673,99.0,24.2,97.8,23.0,96.8,23.4,96.4,22.4,107.29243862989172,45.9446770831328,101.14498071223542,25.626640474910563,88.98196006632072,38.84274048060835,72.06256522766398,27.65443228982737
93.33333333333334,500.0,12.185706071055533,9.871360616351224,2.5780299027295883,43.858517242007046,58.72518985345108,37.79540027620673,38.18921908201288,21.308982164732328,94.6,21.2,93.8,21.2,94.2,21.2,94.2,21.2,107.29243862989172,45.9446770831328,101.14498071223542,25.626640474910563,72.06256522766398,27.65443228982737,88.98196006632072,38.84274048060835
93.33333333333334,500.0,38.18921908201288,21.308982164732328,12.185706071055533,9.871360616351224,58.72518985345108,37.79540027620673,2.5780299027295883,43.858517242007046,94.2,21.8,95.0,21.8,94.0,21.6,94.4,21.6,88.98196006632072,38.84274048060835,107.29243862989172,45.9446770831328,72.06256522766398,27.65443228982737,101.14498071223542,25.626640474910563
93.33333333333334,500.0,38.18921908201288,21.308982164732328,12.185706071055533,9.871360616351224,2.5780299027295883,43.858517242007046,58.72518985345108,37.79540027620673,96.8,24.2,97.0,24.2,96.2,24.2,96.6,24.2,88.98196006632072,38.84274048060835,107.29243862989172,45.9446770831328,101.14498071223542,25.626640474910563,72.06256522766398,27.65443228982737
93.33333333333334,500.0,38.18921908201288,21.308982164732328,58.72518985345108,37.79540027620673,12.185706071055533,9.871360616351224,2.5780299027295883,43.858517242007046,95.6,24.0,95.6,24.0,96.2,24.0,95.8,24.0,88.98196006632072,38.84274048060835,72.06256522766398,27.65443228982737,107.29243862989172,45.9446770831328,101.14498071223542,25.626640474910563
93.33333333333334,500.0,38.18921908201288,21.308982164732328,58.72518985345108,37.79540027620673,2.5780299027295883,43.858517242007046,12.185706071055533,9.871360616351224,96.0,24.6,96.0,24.6,95.8,24.6,96.4,24.6,88.98196006632072,38.84274048060835,72.06256522766398,27.65443228982737,101.14498071223542,25.626640474910563,107.29243862989172,45.9446770831328
93.33333333333334,500.0,38.18921908201288,21.308982164732328,2.5780299027295883,43.858517242007046,12.185706071055533,9.871360616351224,58.72518985345108,37.79540027620673,92.6,24.2,93.0,23.6,93.6,24.2,92.4,23.6,88.98196006632072,38.84274048060835,101.14498071223542,25.626640474910563,107.29243862989172,45.9446770831328,72.06256522766398,27.65443228982737
93.33333333333334,500.0,38.18921908201288,21.308982164732328,2.5780299027295883,43.858517242007046,58.72518985345108,37.79540027620673,12.185706071055533,9.871360616351224,96.8,25.2,97.0,24.6,96.8,24.6,97.8,25.2,88.98196006632072,38.84274048060835,101.14498071223542,25.626640474910563,72.06256522766398,27.65443228982737,107.29243862989172,45.9446770831328
93.33333333333334,500.0,58.72518985345108,37.79540027620673,12.185706071055533,9.871360616351224,38.18921908201288,21.308982164732328,2.5780299027295883,43.858517242007046,93.8,22.8,94.8,23.4,93.8,23.4,94.2,22.8,72.06256522766398,27.65443228982737,107.29243862989172,45.9446770831328,88.98196006632072,38.84274048060835,101.14498071223542,25.626640474910563
93.33333333333334,500.0,58.72518985345108,37.79540027620673,12.185706071055533,9.871360616351224,2.5780299027295883,43.858517242007046,38.18921908201288,21.308982164732328,96.2,23.8,96.8,23.8,96.0,23.8,96.2,23.8,72.06256522766398,27.65443228982737,107.29243862989172,45.9446770831328,101.14498071223542,25.626640474910563,88.98196006632072,38.84274048060835
93.33333333333334,500.0,58.72518985345108,37.79540027620673,38.18921908201288,21.308982164732328,12.185706071055533,9.871360616351224,2.5780299027295883,43.858517242007046,95.4,19.2,95.6,19.4,95.6,19.6,95.6,19.2,72.06256522766398,27.65443228982737,88.98196006632072,38.84274048060835,107.29243862989172,45.9446770831328,101.14498071223542,25.626640474910563
93.33333333333334,500.0,58.72518985345108,37.79540027620673,38.18921908201288,21.308982164732328,2.5780299027295883,43.858517242007046,12.185706071055533,9.871360616351224,97.4,21.6,98.2,22.2,98.2,21.6,98.6,22.4,72.06256522766398,27.65443228982737,88.98196006632072,38.84274048060835,101.14498071223542,25.626640474910563,107.29243862989172,45.9446770831328
93.33333333333334,500.0,58.72518985345108,37.79540027620673,2.5780299027295883,43.858517242007046,12.185706071055533,9.871360616351224,38.18921908201288,21.308982164732328,97.4,21.6,98.8,21.6,98.2,23.2,98.4,22.2,72.06256522766398,27.65443228982737,101.14498071223542,25.626640474910563,107.29243862989172,45.9446770831328,88.98196006632072,38.84274048060835
93.33333333333334,500.0,58.72518985345108,37.79540027620673,2.5780299027295883,43.858517242007046,38.18921908201288,21.308982164732328,12.185706071055533,9.871360616351224,95.6,21.8,96.6,21.8,96.4,22.4,97.0,22.6,72.06256522766398,27.65443228982737,101.14498071223542,25.626640474910563,88.98196006632072,38.84274048060835,107.29243862989172,45.9446770831328
93.33333333333334,500.0,2.5780299027295883,43.858517242007046,12.185706071055533,9.871360616351224,38.18921908201288,21.308982164732328,58.72518985345108,37.79540027620673,95.6,23.6,96.0,23.6,95.6,23.6,95.6,23.6,101.14498071223542,25.626640474910563,107.29243862989172,45.9446770831328,88.98196006632072,38.84274048060835,72.06256522766398,27.65443228982737
93.33333333333334,500.0,2.5780299027295883,43.858517242007046,12.185706071055533,9.871360616351224,58.72518985345108,37.79540027620673,38.18921908201288,21.308982164732328,93.6,23.2,94.4,23.2,93.6,23.2,93.6,23.2,101.14498071223542,25.626640474910563,107.29243862989172,45.9446770831328,72.06256522766398,27.65443228982737,88.98196006632072,38.84274048060835
93.33333333333334,500.0,2.5780299027295883,43.858517242007046,38.18921908201288,21.308982164732328,12.185706071055533,9.871360616351224,58.72518985345108,37.79540027620673,93.0,24.0,93.6,24.0,93.8,24.0,93.4,24.0,101.14498071223542,25.626640474910563,88.98196006632072,38.84274048060835,107.29243862989172,45.9446770831328,72.06256522766398,27.65443228982737
93.33333333333334,500.0,2.5780299027295883,43.858517242007046,38.18921908201288,21.308982164732328,58.72518985345108,37.79540027620673,12.185706071055533,9.871360616351224,93.4,20.2,92.8,20.6,92.8,20.2,93.6,20.8,101.14498071223542,25.626640474910563,88.98196006632072,38.84274048060835,72.06256522766398,27.65443228982737,107.29243862989172,45.9446770831328
93.33333333333334,500.0,2.5780299027295883,43.858517242007046,58.72518985345108,37.79540027620673,12.185706071055533,9.871360616351224,38.18921908201288,21.308982164732328,97.2,23.2,95.4,23.2,98.2,25.2,96.2,24.6,101.14498071223542,25.626640474910563,72.06256522766398,27.65443228982737,107.29243862989172,45.9446770831328,88.98196006632072,38.84274048060835
93.33333333333334,500.0,2.5780299027295883,43.858517242007046,58.72518985345108,37.79540027620673,38.18921908201288,21.308982164732328,12.185706071055533,9.871360616351224,96.8,21.4,97.2,21.4,97.2,21.4,97.4,21.4,101.14498071223542,25.626640474910563,72.06256522766398,27.65443228982737,88.98196006632072,38.84274048060835,107.29243862989172,45.9446770831328
93.33333333333334,500.0,35.82627493799728,53.58846969708266,43.20819699126219,7.507231169927746,12.730123982247626,51.94818559507895,11.735130422584266,27.941518173983763,72.6,21.8,72.6,23.0,72.6,21.8,73.4,22.4,77.81100416342451,45.026864291746,69.24384891927443,55.78043574692016,82.25733781523931,45.68746631188482,81.49912762955167,51.581169292387294
93.33333333333334,500.0,35.82627493799728,53.58846969708266,11.735130422584266,27.941518173983763,43.20819699126219,7.507231169927746,12.730123982247626,51.94818559507895,73.0,20.2,73.6,20.4,73.0,20.6,73.0,20.2,77.81100416342451,45.026864291746,81.49912762955167,51.581169292387294,69.24384891927443,55.78043574692016,82.25733781523931,45.68746631188482
93.33333333333334,500.0,35.82627493799728,53.58846969708266,11.735130422584266,27.941518173983763,12.730123982247626,51.94818559507895,43.20819699126219,7.507231169927746,74.2,22.4,75.2,23.6,74.4,22.4,74.2,24.2,77.81100416342451,45.026864291746,81.49912762955167,51.581169292387294,82.25733781523931,45.68746631188482,69.24384891927443,55.78043574692016
93.33333333333334,500.0,35.82627493799728,53.58846969708266,12.730123982247626,51.94818559507895,43.20819699126219,7.507231169927746,11.735130422584266,27.941518173983763,71.4,22.4,71.6,22.4,71.6,22.8,71.8,22.6,77.81100416342451,45.026864291746,82.25733781523931,45.68746631188482,69.24384891927443,55.78043574692016,81.49912762955167,51.581169292387294
93.33333333333334,500.0,35.82627493799728,53.58846969708266,12.730123982247626,51.94818559507895,11.735130422584266,27.941518173983763,43.20819699126219,7.507231169927746,75.4,18.8,75.4,18.8,77.8,20.8,75.4,22.8,77.81100416342451,45.026864291746,82.25733781523931,45.68746631188482,81.49912762955167,51.581169292387294,69.24384891927443,55.78043574692016
93.33333333333334,500.0,43.20819699126219,7.507231169927746,35.82627493799728,53.58846969708266,11.735130422584266,27.941518173983763,12.730123982247626,51.94818559507895,79.8,23.0,79.8,20.6,81.4,21.8,79.8,20.6,69.24384891927443,55.78043574692016,77.81100416342451,45.026864291746,81.49912762955167,51.581169292387294,82.25733781523931,45.68746631188482
93.33333333333334,500.0,43.20819699126219,7.507231169927746,35.82627493799728,53.58846969708266,12.730123982247626,51.94818559507895,11.735130422584266,27.941518173983763,75.4,22.0,75.4,20.0,75.4,20.0,76.4,21.0,69.24384891927443,55.78043574692016,77.81100416342451,45.026864291746,82.25733781523931,45.68746631188482,81.49912762955167,51.581169292387294
93.33333333333334,500.0,43.20819699126219,7.507231169927746,11.735130422584266,27.941518173983763,35.82627493799728,53.58846969708266,12.730123982247626,51.94818559507895,69.2,23.2,69.8,22.6,69.2,22.0,69.2,22.0,69.24384891927443,55.78043574692016,81.49912762955167,51.581169292387294,77.81100416342451,45.026864291746,82.25733781523931,45.68746631188482
93.33333333333334,500.0,43.20819699126219,7.507231169927746,11.735130422584266,27.941518173983763,12.730123982247626,51.94818559507895,35.82627493799728,53.58846969708266,74.6,24.6,75.4,24.0,75.0,23.2,74.2,23.4,69.24384891927443,55.78043574692016,81.49912762955167,51.581169292387294,82.25733781523931,45.68746631188482,77.81100416342451,45.026864291746
93.33333333333334,500.0,43.20819699126219,7.507231169927746,12.730123982247626,51.94818559507895,35.82627493799728,53.58846969708266,11.735130422584266,27.941518173983763,72.0,21.8,72.0,21.4,72.0,21.4,72.2,21.6,69.24384891927443,55.78043574692016,82.25733781523931,45.68746631188482,77.81100416342451,45.026864291746,81.49912762955167,51.581169292387294
93.33333333333334,500.0,43.20819699126219,7.507231169927746,12.730123982247626,51.94818559507895,11.735130422584266,27.941518173983763,35.82627493799728,53.58846969708266,75.4,22.8,75.4,21.2,76.2,22.0,75.4,21.2,69.24384891927443,55.78043574692016,82.25733781523931,45.68746631188482,81.49912762955167,51.581169292387294,77.81100416342451,45.026864291746
93.33333333333334,500.0,11.735130422584266,27.941518173983763,35.82627493799728,53.58846969708266,43.20819699126219,7.507231169927746,12.730123982247626,51.94818559507895,70.8,21.6,70.0,21.2,70.0,22.0,70.0,21.2,81.49912762955167,51.581169292387294,77.81100416342451,45.026864291746,69.24384891927443,55.78043574692016,82.25733781523931,45.68746631188482
93.33333333333334,500.0,11.735130422584266,27.941518173983763,35.82627493799728,53.58846969708266,12.730123982247626,51.94818559507895,43.20819699126219,7.507231169927746,77.0,23.6,76.4,22.6,76.0,22.8,76.4,24.4,81.49912762955167,51.581169292387294,77.81100416342451,45.026864291746,82.25733781523931,45.68746631188482,69.24384891927443,55.78043574692016
93.33333333333334,500.0,11.735130422584266,27.941518173983763,43.20819699126219,7.507231169927746,35.82627493799728,53.58846969708266,12.730123982247626,51.94818559507895,70.8,20.0,70.2,20.6,70.2,19.4,70.2,19.4,81.49912762955167,51.581169292387294,69.24384891927443,55.78043574692016,77.81100416342451,45.026864291746,82.25733781523931,45.68746631188482
93.33333333333334,500.0,11.735130422584266,27.941518173983763,43.20819699126219,7.507231169927746,12.730123982247626,51.94818559507895,35.82627493799728,53.58846969708266,74.2,23.2,73.0,23.6,73.4,22.2,73.0,22.2,81.49912762955167,51.581169292387294,69.24384891927443,55.78043574692016,82.25733781523931,45.68746631188482,77.81100416342451,45.026864291746
93.33333333333334,500.0,11.735130422584266,27.941518173983763,12.730123982247626,51.94818559507895,35.82627493799728,53.58846969708266,43.20819699126219,7.507231169927746,76.0,24.6,75.8,24.4,75.8,24.4,75.8,24.8,81.49912762955167,51.581169292387294,82.25733781523931,45.68746631188482,77.81100416342451,45.026864291746,69.24384891927443,55.78043574692016
93.33333333333334,500.0,11.735130422584266,27.941518173983763,12.730123982247626,51.94818559507895,43.20819699126219,7.507231169927746,35.82627493799728,53.58846969708266,73.0,22.4,72.8,21.8,72.2,23.6,72.2,21.6,81.49912762955167,51.581169292387294,82.25733781523931,45.68746631188482,69.24384891927443,55.78043574692016,77.81100416342451,45.026864291746
93.33333333333334,500.0,12.730123982247626,51.94818559507895,35.82627493799728,53.58846969708266,43.20819699126219,7.507231169927746,11.735130422584266,27.941518173983763,73.8,21.2,73.4,21.2,73.8,22.4,74.2,21.8,82.25733781523931,45.68746631188482,77.81100416342451,45.026864291746,69.24384891927443,55.78043574692016,81.49912762955167,51.581169292387294
93.33333333333334,500.0,12.730123982247626,51.94818559507895,35.82627493799728,53.58846969708266,11.735130422584266,27.941518173983763,43.20819699126219,7.507231169927746,70.8,19.4,70.8,19.4,71.6,20.2,70.8,21.0,82.25733781523931,45.68746631188482,77.81100416342451,45.026864291746,81.49912762955167,51.581169292387294,69.24384891927443,55.78043574692016
93.33333333333334,500.0,12.730123982247626,51.94818559507895,43.20819699126219,7.507231169927746,35.82627493799728,53.58846969708266,11.735130422584266,27.941518173983763,73.8,21.0,73.6,22.2,73.4,21.0,74.0,21.8,82.25733781523931,45.68746631188482,69.24384891927443,55.78043574692016,77.81100416342451,45.026864291746,81.49912762955167,51.581169292387294
93.33333333333334,500.0,12.730123982247626,51.94818559507895,43.20819699126219,7.507231169927746,11.735130422584266,27.941518173983763,35.82627493799728,53.58846969708266,71.8,20.8,72.0,22.6,73.0,21.8,72.0,20.6,82.25733781523931,45.68746631188482,69.24384891927443,55.78043574692016,81.49912762955167,51.581169292387294,77.81100416342451,45.026864291746
93.33333333333334,500.0,12.730123982247626,51.94818559507895,11.735130422584266,27.941518173983763,35.82627493799728,53.58846969708266,43.20819699126219,7.507231169927746,74.8,20.8,75.6,22.2,74.4,20.8,74.4,23.0,82.25733781523931,45.68746631188482,81.49912762955167,51.581169292387294,77.81100416342451,45.026864291746,69.24384891927443,55.78043574692016
93.33333333333334,500.0,12.730123982247626,51.94818559507895,11.735130422584266,27.941518173983763,43.20819699126219,7.507231169927746,35.82627493799728,53.58846969708266,72.2,21.4,73.2,22.2,72.2,23.0,72.2,21.4,82.25733781523931,45.68746631188482,81.49912762955167,51.581169292387294,69.24384891927443,55.78043574692016,77.81100416342451,45.026864291746
93.33333333333334,500.0,54.54792674276843,52.36671813014358,26.083593019704068,55.73514920181355,53.37758006349498,9.829793063811872,7.387638858235346,41.06335839119891,96.4,26.0,96.8,26.0,96.4,26.4,96.6,26.2,77.40110244858104,21.19200080930496,102.12627813634452,17.26392458478167,84.63855293868018,50.46891480656348,112.04425066430824,28.16456540383136
93.33333333333334,500.0,54.54792674276843,52.36671813014358,7.387638858235346,41.06335839119891,26.083593019704068,55.73514920181355,53.37758006349498,9.829793063811872,97.8,23.6,97.8,23.6,97.8,23.6,97.8,23.6,77.40110244858104,21.19200080930496,112.04425066430824,28.16456540383136,102.12627813634452,17.26392458478167,84.63855293868018,50.46891480656348
93.33333333333334,500.0,54.54792674276843,52.36671813014358,7.387638858235346,41.06335839119891,53.37758006349498,9.829793063811872,26.083593019704068,55.73514920181355,98.2,24.0,98.2,24.6,98.2,24.6,98.0,24.4,77.40110244858104,21.19200080930496,112.04425066430824,28.16456540383136,84.63855293868018,50.46891480656348,102.12627813634452,17.26392458478167
93.33333333333334,500.0,54.54792674276843,52.36671813014358,53.37758006349498,9.829793063811872,26.083593019704068,55.73514920181355,7.387638858235346,41.06335839119891,99.8,24.6,99.8,24.6,99.8,24.6,99.8,24.6,77.40110244858104,21.19200080930496,84.63855293868018,50.46891480656348,102.12627813634452,17.26392458478167,112.04425066430824,28.16456540383136
93.33333333333334,500.0,54.54792674276843,52.36671813014358,53.37758006349498,9.829793063811872,7.387638858235346,41.06335839119891,26.083593019704068,55.73514920181355,100.2,23.6,100.2,23.6,100.2,23.6,100.2,23.6,77.40110244858104,21.19200080930496,84.63855293868018,50.46891480656348,112.04425066430824,28.16456540383136,102.12627813634452,17.26392458478167
93.33333333333334,500.0,26.083593019704068,55.73514920181355,54.54792674276843,52.36671813014358,7.387638858235346,41.06335839119891,53.37758006349498,9.829793063811872,98.2,25.8,98.0,25.8,98.2,25.8,98.2,25.8,102.12627813634452,17.26392458478167,77.40110244858104,21.19200080930496,112.04425066430824,28.16456540383136,84.63855293868018,50.46891480656348
93.33333333333334,500.0,26.083593019704068,55.73514920181355,54.54792674276843,52.36671813014358,53.37758006349498,9.829793063811872,7.387638858235346,41.06335839119891,96.4,24.2,96.4,24.2,96.4,24.2,96.4,24.2,102.12627813634452,17.26392458478167,77.40110244858104,21.19200080930496,84.63855293868018,50.46891480656348,112.04425066430824,28.16456540383136
93.33333333333334,500.0,26.083593019704068,55.73514920181355,7.387638858235346,41.06335839119891,54.54792674276843,52.36671813014358,53.37758006349498,9.829793063811872,94.2,23.8,94.2,23.8,94.2,23.8,94.2,23.8,102.12627813634452,17.26392458478167,112.04425066430824,28.16456540383136,77.40110244858104,21.19200080930496,84.63855293868018,50.46891480656348
93.33333333333334,500.0,26.083593019704068,55.73514920181355,7.387638858235346,41.06335839119891,53.37758006349498,9.829793063811872,54.54792674276843,52.36671813014358,98.6,23.4,98.4,23.6,98.2,23.8,98.2,23.4,102.12627813634452,17.26392458478167,112.04425066430824,28.16456540383136,84.63855293868018,50.46891480656348,77.40110244858104,21.19200080930496
93.33333333333334,500.0,26.083593019704068,55.73514920181355,53.37758006349498,9.829793063811872,54.54792674276843,52.36671813014358,7.387638858235346,41.06335839119891,98.0,24.8,98.0,24.8,98.0,24.8,98.0,24.8,102.12627813634452,17.26392458478167,84.63855293868018,50.46891480656348,77.40110244858104,21.19200080930496,112.04425066430824,28.16456540383136
93.33333333333334,500.0,26.083593019704068,55.73514920181355,53.37758006349498,9.829793063811872,7.387638858235346,41.06335839119891,54.54792674276843,52.36671813014358,96.4,22.8,96.4,22.8,96.4,22.8,96.4,22.8,102.12627813634452,17.26392458478167,84.63855293868018,50.46891480656348,112.04425066430824,28.16456540383136,77.40110244858104,21.19200080930496
93.33333333333334,500.0,7.387638858235346,41.06335839119891,54.54792674276843,52.36671813014358,26.083593019704068,55.73514920181355,53.37758006349498,9.829793063811872,93.4,26.2,93.4,26.2,93.4,26.2,93.4,26.2,112.04425066430824,28.16456540383136,77.40110244858104,21.19200080930496,102.12627813634452,17.26392458478167,84.63855293868018,50.46891480656348
93.33333333333334,500.0,7.387638858235346,41.06335839119891,54.54792674276843,52.36671813014358,53.37758006349498,9.829793063811872,26.083593019704068,55.73514920181355,98.6,26.0,98.6,26.0,98.6,26.0,98.6,26.0,112.04425066430824,28.16456540383136,77.40110244858104,21.19200080930496,84.63855293868018,50.46891480656348,102.12627813634452,17.26392458478167
93.33333333333334,500.0,7.387638858235346,41.06335839119891,26.083593019704068,55.73514920181355,54.54792674276843,52.36671813014358,53.37758006349498,9.829793063811872,96.2,24.0,96.2,24.0,96.2,24.0,96.2,24.0,112.04425066430824,28.16456540383136,102.12627813634452,17.26392458478167,77.40110244858104,21.19200080930496,84.63855293868018,50.46891480656348
93.33333333333334,500.0,7.387638858235346,41.06335839119891,26.083593019704068,55.73514920181355,53.37758006349498,9.829793063811872,54.54792674276843,52.36671813014358,99.8,24.2,99.6,24.2,99.2,24.2,99.6,24.2,112.04425066430824,28.16456540383136,102.12627813634452,17.26392458478167,84.63855293868018,50.46891480656348,77.40110244858104,21.19200080930496
93.33333333333334,500.0,7.387638858235346,41.06335839119891,53.37758006349498,9.829793063811872,54.54792674276843,52.36671813014358,26.083593019704068,55.73514920181355,100.0,26.4,100.0,26.4,100.0,26.4,100.0,26.4,112.04425066430824,28.16456540383136,84.63855293868018,50.46891480656348,77.40110244858104,21.19200080930496,102.12627813634452,17.26392458478167
93.33333333333334,500.0,7.387638858235346,41.06335839119891,53.37758006349498,9.829793063811872,26.083593019704068,55.73514920181355,54.54792674276843,52.36671813014358,95.2,24.4,95.2,24.4,95.2,24.4,95.2,24.4,112.04425066430824,28.16456540383136,84.63855293868018,50.46891480656348,102.12627813634452,17.26392458478167,77.40110244858104,21.19200080930496
93.33333333333334,500.0,53.37758006349498,9.829793063811872,54.54792674276843,52.36671813014358,26.083593019704068,55.73514920181355,7.387638858235346,41.06335839119891,99.0,24.2,99.0,24.2,99.0,24.2,99.0,24.2,84.63855293868018,50.46891480656348,77.40110244858104,21.19200080930496,102.12627813634452,17.26392458478167,112.04425066430824,28.16456540383136
93.33333333333334,500.0,53.37758006349498,9.829793063811872,54.54792674276843,52.36671813014358,7.387638858235346,41.06335839119891,26.083593019704068,55.73514920181355,96.6,24.8,96.6,24.8,96.6,24.8,96.6,24.8,84.63855293868018,50.46891480656348,77.40110244858104,21.19200080930496,112.04425066430824,28.16456540383136,102.12627813634452,17.26392458478167
93.33333333333334,500.0,53.37758006349498,9.829793063811872,26.083593019704068,55.73514920181355,54.54792674276843,52.36671813014358,7.387638858235346,41.06335839119891,97.4,25.2,97.6,25.2,97.4,24.8,97.4,25.0,84.63855293868018,50.46891480656348,102.12627813634452,17.26392458478167,77.40110244858104,21.19200080930496,112.04425066430824,28.16456540383136
93.33333333333334,500.0,53.37758006349498,9.829793063811872,26.083593019704068,55.73514920181355,7.387638858235346,41.06335839119891,54.54792674276843,52.36671813014358,99.0,24.4,99.6,24.4,99.6,24.4,99.6,24.4,84.63855293868018,50.46891480656348,102.12627813634452,17.26392458478167,112.04425066430824,28.16456540383136,77.40110244858104,21.19200080930496
93.33333333333334,500.0,53.37758006349498,9.829793063811872,7.387638858235346,41.06335839119891,54.54792674276843,52.36671813014358,26.083593019704068,55.73514920181355,97.8,24.0,99.0,24.0,99.0,24.0,99.0,24.0,84.63855293868018,50.46891480656348,112.04425066430824,28.16456540383136,77.40110244858104,21.19200080930496,102.12627813634452,17.26392458478167
93.33333333333334,500.0,53.37758006349498,9.829793063811872,7.387638858235346,41.06335839119891,26.083593019704068,55.73514920181355,54.54792674276843,52.36671813014358,97.6,25.0,98.0,24.6,97.8,24.6,97.6,24.6,84.63855293868018,50.46891480656348,112.04425066430824,28.16456540383136,102.12627813634452,17.26392458478167,77.40110244858104,21.19200080930496
93.33333333333334,500.0,56.55109035401546,42.16580384118928,1.3107137636651212,1.4520721328146746,25.28609564503224,25.513188285786125,28.47421354476287,46.709608125055446,97.6,48.8,99.6,50.2,100.8,49.6,100.8,49.2,63.69182350830391,15.817240446071684,69.55031114187594,27.047713137775418,60.228921414734685,22.583463334303747,75.39451507371425,17.270390491477016
93.33333333333334,500.0,56.55109035401546,42.16580384118928,28.47421354476287,46.709608125055446,1.3107137636651212,1.4520721328146746,25.28609564503224,25.513188285786125,97.2,52.4,99.0,52.6,98.0,53.0,98.8,52.8,63.69182350830391,15.817240446071684,75.39451507371425,17.270390491477016,69.55031114187594,27.047713137775418,60.228921414734685,22.583463334303747
93.33333333333334,500.0,56.55109035401546,42.16580384118928,28.47421354476287,46.709608125055446,25.28609564503224,25.513188285786125,1.3107137636651212,1.4520721328146746,96.2,49.2,101.2,50.2,99.6,51.8,99.0,51.8,63.69182350830391,15.817240446071684,75.39451507371425,17.270390491477016,60.228921414734685,22.583463334303747,69.55031114187594,27.047713137775418
93.33333333333334,500.0,56.55109035401546,42.16580384118928,25.28609564503224,25.513188285786125,1.3107137636651212,1.4520721328146746,28.47421354476287,46.709608125055446,98.2,51.4,99.4,52.6,99.4,52.6,101.8,52.0,63.69182350830391,15.817240446071684,60.228921414734685,22.583463334303747,69.55031114187594,27.047713137775418,75.39451507371425,17.270390491477016
93.33333333333334,500.0,56.55109035401546,42.16580384118928,25.28609564503224,25.513188285786125,28.47421354476287,46.709608125055446,1.3107137636651212,1.4520721328146746,96.8,50.0,99.6,50.8,100.8,50.4,98.8,51.4,63.69182350830391,15.817240446071684,60.228921414734685,22.583463334303747,75.39451507371425,17.270390491477016,69.55031114187594,27.047713137775418
93.33333333333334,500.0,1.3107137636651212,1.4520721328146746,56.55109035401546,42.16580384118928,28.47421354476287,46.709608125055446,25.28609564503224,25.513188285786125,98.0,48.0,96.0,46.4,99.6,47.0,99.2,47.6,69.55031114187594,27.047713137775418,63.69182350830391,15.817240446071684,75.39451507371425,17.270390491477016,60.228921414734685,22.583463334303747
93.33333333333334,500.0,1.3107137636651212,1.4520721328146746,56.55109035401546,42.16580384118928,25.28609564503224,25.513188285786125,28.47421354476287,46.709608125055446,99.4,47.8,97.6,46.4,100.2,47.2,100.6,46.6,69.55031114187594,27.047713137775418,63.69182350830391,15.817240446071684,60.228921414734685,22.583463334303747,75.39451507371425,17.270390491477016
93.33333333333334,500.0,1.3107137636651212,1.4520721328146746,28.47421354476287,46.709608125055446,56.55109035401546,42.16580384118928,25.28609564503224,25.513188285786125,98.4,49.2,99.8,48.8,97.8,48.8,99.4,48.8,69.55031114187594,27.047713137775418,75.39451507371425,17.270390491477016,63.69182350830391,15.817240446071684,60.228921414734685,22.583463334303747
93.33333333333334,500.0,1.3107137636651212,1.4520721328146746,28.47421354476287,46.709608125055446,25.28609564503224,25.513188285786125,56.55109035401546,42.16580384118928,96.6,49.8,97.8,48.8,97.0,49.8,94.6,47.8,69.55031114187594,27.047713137775418,75.39451507371425,17.270390491477016,60.228921414734685,22.583463334303747,63.69182350830391,15.817240446071684
93.33333333333334,500.0,1.3107137636651212,1.4520721328146746,25.28609564503224,25.513188285786125,56.55109035401546,42.16580384118928,28.47421354476287,46.709608125055446,98.8,50.8,99.2,50.4,97.2,49.6,100.6,50.0,69.55031114187594,27.047713137775418,60.228921414734685,22.583463334303747,63.69182350830391,15.817240446071684,75.39451507371425,17.270390491477016
93.33333333333334,500.0,1.3107137636651212,1.4520721328146746,25.28609564503224,25.513188285786125,28.47421354476287,46.709608125055446,56.55109035401546,42.16580384118928,98.4,49.6,99.2,49.0,100.4,48.2,95.4,47.4,69.55031114187594,27.047713137775418,60.228921414734685,22.583463334303747,75.39451507371425,17.270390491477016,63.69182350830391,15.817240446071684
93.33333333333334,500.0,28.47421354476287,46.709608125055446,56.55109035401546,42.16580384118928,1.3107137636651212,1.4520721328146746,25.28609564503224,25.513188285786125,103.4,46.8,96.4,45.8,100.6,49.0,101.6,48.4,75.39451507371425,17.270390491477016,63.69182350830391,15.817240446071684,69.55031114187594,27.047713137775418,60.228921414734685,22.583463334303747
93.33333333333334,500.0,28.47421354476287,46.709608125055446,56.55109035401546,42.16580384118928,25.28609564503224,25.513188285786125,1.3107137636651212,1.4520721328146746,100.6,47.2,97.6,46.8,100.0,47.6,99.2,48.0,75.39451507371425,17.270390491477016,63.69182350830391,15.817240446071684,60.228921414734685,22.583463334303747,69.55031114187594,27.047713137775418
93.33333333333334,500.0,28.47421354476287,46.709608125055446,1.3107137636651212,1.4520721328146746,56.55109035401546,42.16580384118928,25.28609564503224,25.513188285786125,102.0,45.8,99.8,47.8,96.4,45.2,100.8,46.8,75.39451507371425,17.270390491477016,69.55031114187594,27.047713137775418,63.69182350830391,15.817240446071684,60.228921414734685,22.583463334303747
93.33333333333334,500.0,28.47421354476287,46.709608125055446,1.3107137636651212,1.4520721328146746,25.28609564503224,25.513188285786125,56.55109035401546,42.16580384118928,102.0,49.6,100.4,51.4,101.2,50.6,97.4,49.0,75.39451507371425,17.270390491477016,69.55031114187594,27.047713137775418,60.228921414734685,22.583463334303747,63.69182350830391,15.817240446071684
93.33333333333334,500.0,28.47421354476287,46.709608125055446,25.28609564503224,25.513188285786125,56.55109035401546,42.16580384118928,1.3107137636651212,1.4520721328146746,101.8,48.6,99.8,50.0,97.4,47.6,100.0,50.2,75.39451507371425,17.270390491477016,60.228921414734685,22.583463334303747,63.69182350830391,15.817240446071684,69.55031114187594,27.047713137775418
93.33333333333334,500.0,28.47421354476287,46.709608125055446,25.28609564503224,25.513188285786125,1.3107137636651212,1.4520721328146746,56.55109035401546,42.16580384118928,100.2,48.0,99.2,48.8,98.6,49.2,96.2,47.2,75.39451507371425,17.270390491477016,60.228921414734685,22.583463334303747,69.55031114187594,27.047713137775418,63.69182350830391,15.817240446071684
93.33333333333334,500.0,25.28609564503224,25.513188285786125,56.55109035401546,42.16580384118928,1.3107137636651212,1.4520721328146746,28.47421354476287,46.709608125055446,101.8,49.4,96.6,46.2,101.0,50.0,103.2,47.8,60.228921414734685,22.583463334303747,63.69182350830391,15.817240446071684,69.55031114187594,27.047713137775418,75.39451507371425,17.270390491477016
93.33333333333334,500.0,25.28609564503224,25.513188285786125,56.55109035401546,42.16580384118928,28.47421354476287,46.709608125055446,1.3107137636651212,1.4520721328146746,99.8,48.8,94.6,46.4,100.6,47.6,98.2,49.4,60.228921414734685,22.583463334303747,63.69182350830391,15.817240446071684,75.39451507371425,17.270390491477016,69.55031114187594,27.047713137775418
93.33333333333334,500.0,25.28609564503224,25.513188285786125,1.3107137636651212,1.4520721328146746,56.55109035401546,42.16580384118928,28.47421354476287,46.709608125055446,98.8,51.0,98.4,51.0,96.0,48.6,99.8,49.8,60.228921414734685,22.583463334303747,69.55031114187594,27.047713137775418,63.69182350830391,15.817240446071684,75.39451507371425,17.270390491477016
93.33333333333334,500.0,25.28609564503224,25.513188285786125,1.3107137636651212,1.4520721328146746,28.47421354476287,46.709608125055446,56.55109035401546,42.16580384118928,98.8,51.2,98.6,51.2,100.4,50.2,96.6,49.2,60.228921414734685,22.583463334303747,69.55031114187594,27.047713137775418,75.39451507371425,17.270390491477016,63.69182350830391,15.817240446071684
93.33333333333334,500.0,25.28609564503224,25.513188285786125,28.47421354476287,46.709608125055446,56.55109035401546,42.16580384118928,1.3107137636651212,1.4520721328146746,102.8,50.8,102.6,50.6,99.4,50.4,101.4,51.6,60.228921414734685,22.583463334303747,75.39451507371425,17.270390491477016,63.69182350830391,15.817240446071684,69.55031114187594,27.047713137775418
93.33333333333334,500.0,25.28609564503224,25.513188285786125,28.47421354476287,46.709608125055446,1.3107137636651212,1.4520721328146746,56.55109035401546,42.16580384118928,99.2,49.0,100.0,48.4,98.4,49.6,96.0,47.8,60.228921414734685,22.583463334303747,75.39451507371425,17.270390491477016,69.55031114187594,27.047713137775418,63.69182350830391,15.817240446071684
93.33333333333334,500.0,26.29761949961138,10.622057669513667,8.159263100887744,35.044372623225776,51.436652017042434,17.332232140959412,56.50747002159251,44.56407627355854,99.6,51.6,99.0,51.0,98.0,51.8,98.0,51.2,89.62709753347669,44.48335921430103,93.1108067587756,42.84730593843728,85.76966739859208,43.1856925265616,76.4637146271717,38.83117536398511
93.33333333333334,500.0,26.29761949961138,10.622057669513667,56.50747002159251,44.56407627355854,8.159263100887744,35.044372623225776,51.436652017042434,17.332232140959412,101.8,53.0,99.8,52.2,101.0,52.2,99.8,53.0,89.62709753347669,44.48335921430103,76.4637146271717,38.83117536398511,93.1108067587756,42.84730593843728,85.76966739859208,43.1856925265616
93.33333333333334,500.0,26.29761949961138,10.622057669513667,56.50747002159251,44.56407627355854,51.436652017042434,17.332232140959412,8.159263100887744,35.044372623225776,98.6,49.8,97.8,48.8,97.8,49.8,100.0,48.8,89.62709753347669,44.48335921430103,76.4637146271717,38.83117536398511,85.76966739859208,43.1856925265616,93.1108067587756,42.84730593843728
93.33333333333334,500.0,26.29761949961138,10.622057669513667,51.436652017042434,17.332232140959412,8.159263100887744,35.044372623225776,56.50747002159251,44.56407627355854,97.4,48.2,95.8,48.2,98.0,47.4,95.8,47.4,89.62709753347669,44.48335921430103,85.76966739859208,43.1856925265616,93.1108067587756,42.84730593843728,76.4637146271717,38.83117536398511
93.33333333333334,500.0,26.29761949961138,10.622057669513667,51.436652017042434,17.332232140959412,56.50747002159251,44.56407627355854,8.159263100887744,35.044372623225776,100.2,51.6,97.8,51.6,97.6,50.0,100.2,50.4,89.62709753347669,44.48335921430103,85.76966739859208,43.1856925265616,76.4637146271717,38.83117536398511,93.1108067587756,42.84730593843728
93.33333333333334,500.0,8.159263100887744,35.044372623225776,26.29761949961138,10.622057669513667,56.50747002159251,44.56407627355854,51.436652017042434,17.332232140959412,101.2,49.2,100.2,50.8,98.0,49.2,98.2,50.8,93.1108067587756,42.84730593843728,89.62709753347669,44.48335921430103,76.4637146271717,38.83117536398511,85.76966739859208,43.1856925265616
93.33333333333334,500.0,8.159263100887744,35.044372623225776,26.29761949961138,10.622057669513667,51.436652017042434,17.332232140959412,56.50747002159251,44.56407627355854,100.0,48.2,99.8,49.4,96.6,49.4,96.6,48.2,93.1108067587756,42.84730593843728,89.62709753347669,44.48335921430103,85.76966739859208,43.1856925265616,76.4637146271717,38.83117536398511
93.33333333333334,500.0,8.159263100887744,35.044372623225776,56.50747002159251,44.56407627355854,26.29761949961138,10.622057669513667,51.436652017042434,17.332232140959412,100.8,52.4,97.6,52.2,101.0,53.8,97.8,53.8,93.1108067587756,42.84730593843728,76.4637146271717,38.83117536398511,89.62709753347669,44.48335921430103,85.76966739859208,43.1856925265616
93.33333333333334,500.0,8.159263100887744,35.044372623225776,56.50747002159251,44.56407627355854,51.436652017042434,17.332232140959412,26.29761949961138,10.622057669513667,100.4,53.2,97.8,53.4,98.4,54.6,101.0,54.8,93.1108067587756,42.84730593843728,76.4637146271717,38.83117536398511,85.76966739859208,43.1856925265616,89.62709753347669,44.48335921430103
93.33333333333334,500.0,8.159263100887744,35.044372623225776,51.436652017042434,17.332232140959412,26.29761949961138,10.622057669513667,56.50747002159251,44.56407627355854,99.8,48.4,99.8,48.6,100.6,48.8,99.8,48.6,93.1108067587756,42.84730593843728,85.76966739859208,43.1856925265616,89.62709753347669,44.48335921430103,76.4637146271717,38.83117536398511
93.33333333333334,500.0,8.159263100887744,35.044372623225776,51.436652017042434,17.332232140959412,56.50747002159251,44.56407627355854,26.29761949961138,10.622057669513667,100.0,54.8,96.2,56.4,96.0,54.8,100.2,56.4,93.1108067587756,42.84730593843728,85.76966739859208,43.1856925265616,76.4637146271717,38.83117536398511,89.62709753347669,44.48335921430103
93.33333333333334,500.0,56.50747002159251,44.56407627355854,26.29761949961138,10.622057669513667,8.159263100887744,35.044372623225776,51.436652017042434,17.332232140959412,96.2,52.6,98.0,53.4,98.4,52.6,96.2,53.4,76.4637146271717,38.83117536398511,89.62709753347669,44.48335921430103,93.1108067587756,42.84730593843728,85.76966739859208,43.1856925265616
93.33333333333334,500.0,56.50747002159251,44.56407627355854,26.29761949961138,10.622057669513667,51.436652017042434,17.332232140959412,8.159263100887744,35.044372623225776,96.4,51.2,100.2,52.6,96.4,52.6,100.2,51.2,76.4637146271717,38.83117536398511,89.62709753347669,44.48335921430103,85.76966739859208,43.1856925265616,93.1108067587756,42.84730593843728
93.33333333333334,500.0,56.50747002159251,44.56407627355854,8.159263100887744,35.044372623225776,26.29761949961138,10.622057669513667,51.436652017042434,17.332232140959412,98.4,50.4,99.0,50.8,100.4,51.6,98.4,51.6,76.4637146271717,38.83117536398511,93.1108067587756,42.84730593843728,89.62709753347669,44.48335921430103,85.76966739859208,43.1856925265616
93.33333333333334,500.0,56.50747002159251,44.56407627355854,8.159263100887744,35.044372623225776,51.436652017042434,17.332232140959412,26.29761949961138,10.622057669513667,100.4,51.6,101.4,51.8,99.8,52.6,101.8,52.6,76.4637146271717,38.83117536398511,93.1108067587756,42.84730593843728,85.76966739859208,43.1856925265616,89.62709753347669,44.48335921430103
93.33333333333334,500.0,56.50747002159251,44.56407627355854,51.436652017042434,17.332232140959412,26.29761949961138,10.622057669513667,8.159263100887744,35.044372623225776,99.4,49.8,99.4,50.8,101.4,50.8,102.0,49.8,76.4637146271717,38.83117536398511,85.76966739859208,43.1856925265616,89.62709753347669,44.48335921430103,93.1108067587756,42.84730593843728
93.33333333333334,500.0,56.50747002159251,44.56407627355854,51.436652017042434,17.332232140959412,8.159263100887744,35.044372623225776,26.29761949961138,10.622057669513667,99.2,47.2,99.4,47.8,100.8,47.2,99.4,47.8,76.4637146271717,38.83117536398511,85.76966739859208,43.1856925265616,93.1108067587756,42.84730593843728,89.62709753347669,44.48335921430103
93.33333333333334,500.0,51.436652017042434,17.332232140959412,26.29761949961138,10.622057669513667,8.159263100887744,35.044372623225776,56.50747002159251,44.56407627355854,97.4,49.6,99.0,49.6,99.2,48.8,97.4,48.8,85.76966739859208,43.1856925265616,89.62709753347669,44.48335921430103,93.1108067587756,42.84730593843728,76.4637146271717,38.83117536398511
93.33333333333334,500.0,51.436652017042434,17.332232140959412,26.29761949961138,10.622057669513667,56.50747002159251,44.56407627355854,8.159263100887744,35.044372623225776,98.2,51.4,101.0,51.4,98.2,50.4,100.6,50.4,85.76966739859208,43.1856925265616,89.62709753347669,44.48335921430103,76.4637146271717,38.83117536398511,93.1108067587756,42.84730593843728
93.33333333333334,500.0,51.436652017042434,17.332232140959412,8.159263100887744,35.044372623225776,26.29761949961138,10.622057669513667,56.50747002159251,44.56407627355854,98.6,51.4,99.4,51.0,99.2,51.4,98.6,51.0,85.76966739859208,43.1856925265616,93.1108067587756,42.84730593843728,89.62709753347669,44.48335921430103,76.4637146271717,38.83117536398511
93.33333333333334,500.0,51.436652017042434,17.332232140959412,8.159263100887744,35.044372623225776,56.50747002159251,44.56407627355854,26.29761949961138,10.622057669513667,97.8,51.8,99.4,51.0,97.8,51.0,99.2,51.8,85.76966739859208,43.1856925265616,93.1108067587756,42.84730593843728,76.4637146271717,38.83117536398511,89.62709753347669,44.48335921430103
93.33333333333334,500.0,51.436652017042434,17.332232140959412,56.50747002159251,44.56407627355854,26.29761949961138,10.622057669513667,8.159263100887744,35.044372623225776,98.2,48.2,98.2,47.6,98.6,48.2,99.6,47.6,85.76966739859208,43.1856925265616,76.4637146271717,38.83117536398511,89.62709753347669,44.48335921430103,93.1108067587756,42.84730593843728
93.33333333333334,500.0,51.436652017042434,17.332232140959412,56.50747002159251,44.56407627355854,8.159263100887744,35.044372623225776,26.29761949961138,10.622057669513667,99.0,51.2,99.0,50.4,100.6,50.4,101.2,51.2,85.76966739859208,43.1856925265616,76.4637146271717,38.83117536398511,93.1108067587756,42.84730593843728,89.62709753347669,44.48335921430103
93.33333333333334,500.0,25.588670881418164,38.09203944321389,3.4764116466160577,46.7646209904263,19.04502096122945,3.7262675310507687,51.89543429029944,57.23531273787504,109.0,34.8,109.2,34.8,110.0,34.8,109.2,34.8,76.7930166321583,23.172105547738283,92.28007674347737,17.548013293209106,104.13627437349275,37.92747395458059,67.3584418222445,11.70681201760231
93.33333333333334,500.0,25.588670881418164,38.09203944321389,51.89543429029944,57.23531273787504,3.4764116466160577,46.7646209904263,19.04502096122945,3.7262675310507687,113.2,39.0,113.6,39.0,113.4,39.0,113.8,39.0,76.7930166321583,23.172105547738283,67.3584418222445,11.70681201760231,92.28007674347737,17.548013293209106,104.13627437349275,37.92747395458059
93.33333333333334,500.0,25.588670881418164,38.09203944321389,51.89543429029944,57.23531273787504,19.04502096122945,3.7262675310507687,3.4764116466160577,46.7646209904263,111.2,36.2,112.0,36.2,112.8,36.2,112.0,36.2,76.7930166321583,23.172105547738283,67.3584418222445,11.70681201760231,104.13627437349275,37.92747395458059,92.28007674347737,17.548013293209106
93.33333333333334,500.0,25.588670881418164,38.09203944321389,19.04502096122945,3.7262675310507687,3.4764116466160577,46.7646209904263,51.89543429029944,57.23531273787504,111.0,38.2,111.2,38.2,110.6,38.2,110.8,38.2,76.7930166321583,23.172105547738283,104.13627437349275,37.92747395458059,92.28007674347737,17.548013293209106,67.3584418222445,11.70681201760231
93.33333333333334,500.0,25.588670881418164,38.09203944321389,19.04502096122945,3.7262675310507687,51.89543429029944,57.23531273787504,3.4764116466160577,46.7646209904263,111.4,37.2,112.2,37.4,111.6,37.0,111.8,37.2,76.7930166321583,23.172105547738283,104.13627437349275,37.92747395458059,67.3584418222445,11.70681201760231,92.28007674347737,17.548013293209106
93.33333333333334,500.0,3.4764116466160577,46.7646209904263,25.588670881418164,38.09203944321389,51.89543429029944,57.23531273787504,19.04502096122945,3.7262675310507687,112.6,36.8,111.6,36.8,112.4,36.6,112.6,37.0,92.28007674347737,17.548013293209106,76.7930166321583,23.172105547738283,67.3584418222445,11.70681201760231,104.13627437349275,37.92747395458059
93.33333333333334,500.0,3.4764116466160577,46.7646209904263,25.588670881418164,38.09203944321389,19.04502096122945,3.7262675310507687,51.89543429029944,57.23531273787504,110.8,36.8,111.4,36.8,111.6,36.8,111.0,36.8,92.28007674347737,17.548013293209106,76.7930166321583,23.172105547738283,104.13627437349275,37.92747395458059,67.3584418222445,11.70681201760231
93.33333333333334,500.0,3.4764116466160577,46.7646209904263,51.89543429029944,57.23531273787504,25.588670881418164,38.09203944321389,19.04502096122945,3.7262675310507687,112.4,36.4,112.4,36.4,111.6,36.4,112.6,36.4,92.28007674347737,17.548013293209106,67.3584418222445,11.70681201760231,76.7930166321583,23.172105547738283,104.13627437349275,37.92747395458059
93.33333333333334,500.0,3.4764116466160577,46.7646209904263,51.89543429029944,57.23531273787504,19.04502096122945,3.7262675310507687,25.588670881418164,38.09203944321389,110.4,37.4,110.2,37.2,111.0,37.6,109.6,37.4,92.28007674347737,17.548013293209106,67.3584418222445,11.70681201760231,104.13627437349275,37.92747395458059,76.7930166321583,23.172105547738283
93.33333333333334,500.0,3.4764116466160577,46.7646209904263,19.04502096122945,3.7262675310507687,25.588670881418164,38.09203944321389,51.89543429029944,57.23531273787504,112.6,34.6,113.4,35.2,112.8,34.6,113.2,34.0,92.28007674347737,17.548013293209106,104.13627437349275,37.92747395458059,76.7930166321583,23.172105547738283,67.3584418222445,11.70681201760231
93.33333333333334,500.0,3.4764116466160577,46.7646209904263,19.04502096122945,3.7262675310507687,51.89543429029944,57.23531273787504,25.588670881418164,38.09203944321389,114.6,39.0,114.6,39.0,114.6,39.0,114.6,39.0,92.28007674347737,17.548013293209106,104.13627437349275,37.92747395458059,67.3584418222445,11.70681201760231,76.7930166321583,23.172105547738283
93.33333333333334,500.0,51.89543429029944,57.23531273787504,25.588670881418164,38.09203944321389,3.4764116466160577,46.7646209904263,19.04502096122945,3.7262675310507687,109.6,33.8,109.0,34.2,109.4,34.2,109.8,34.6,67.3584418222445,11.70681201760231,76.7930166321583,23.172105547738283,92.28007674347737,17.548013293209106,104.13627437349275,37.92747395458059
93.33333333333334,500.0,51.89543429029944,57.23531273787504,25.588670881418164,38.09203944321389,19.04502096122945,3.7262675310507687,3.4764116466160577,46.7646209904263,111.4,37.0,111.0,37.0,111.4,37.0,111.4,37.0,67.3584418222445,11.70681201760231,76.7930166321583,23.172105547738283,104.13627437349275,37.92747395458059,92.28007674347737,17.548013293209106
93.33333333333334,500.0,51.89543429029944,57.23531273787504,3.4764116466160577,46.7646209904263,25.588670881418164,38.09203944321389,19.04502096122945,3.7262675310507687,114.4,39.2,114.8,39.6,114.2,39.6,114.4,40.0,67.3584418222445,11.70681201760231,92.28007674347737,17.548013293209106,76.7930166321583,23.172105547738283,104.13627437349275,37.92747395458059
93.33333333333334,500.0,51.89543429029944,57.23531273787504,3.4764116466160577,46.7646209904263,19.04502096122945,3.7262675310507687,25.588670881418164,38.09203944321389,109.8,36.8,109.6,37.0,110.2,37.2,109.0,37.0,67.3584418222445,11.70681201760231,92.28007674347737,17.548013293209106,104.13627437349275,37.92747395458059,76.7930166321583,23.172105547738283
93.33333333333334,500.0,51.89543429029944,57.23531273787504,19.04502096122945,3.7262675310507687,25.588670881418164,38.09203944321389,3.4764116466160577,46.7646209904263,111.6,37.8,112.0,38.2,111.8,38.0,111.4,38.0,67.3584418222445,11.70681201760231,104.13627437349275,37.92747395458059,76.7930166321583,23.172105547738283,92.28007674347737,17.548013293209106
93.33333333333334,500.0,51.89543429029944,57.23531273787504,19.04502096122945,3.7262675310507687,3.4764116466160577,46.7646209904263,25.588670881418164,38.09203944321389,112.6,37.2,112.6,37.2,112.6,37.2,111.8,37.2,67.3584418222445,11.70681201760231,104.13627437349275,37.92747395458059,92.28007674347737,17.548013293209106,76.7930166321583,23.172105547738283
93.33333333333334,500.0,19.04502096122945,3.7262675310507687,25.588670881418164,38.09203944321389,3.4764116466160577,46.7646209904263,51.89543429029944,57.23531273787504,112.6,36.8,112.6,36.6,112.2,36.6,112.6,36.4,104.13627437349275,37.92747395458059,76.7930166321583,23.172105547738283,92.28007674347737,17.548013293209106,67.3584418222445,11.70681201760231
93.33333333333334,500.0,19.04502096122945,3.7262675310507687,25.588670881418164,38.09203944321389,51.89543429029944,57.23531273787504,3.4764116466160577,46.7646209904263,113.0,36.8,112.4,36.6,112.4,36.4,112.6,36.6,104.13627437349275,37.92747395458059,76.7930166321583,23.172105547738283,67.3584418222445,11.70681201760231,92.28007674347737,17.548013293209106
93.33333333333334,500.0,19.04502096122945,3.7262675310507687,3.4764116466160577,46.7646209904263,25.588670881418164,38.09203944321389,51.89543429029944,57.23531273787504,114.0,36.0,113.8,35.8,113.0,35.8,113.6,35.6,104.13627437349275,37.92747395458059,92.28007674347737,17.548013293209106,76.7930166321583,23.172105547738283,67.3584418222445,11.70681201760231
93.33333333333334,500.0,19.04502096122945,3.7262675310507687,3.4764116466160577,46.7646209904263,51.89543429029944,57.23531273787504,25.588670881418164,38.09203944321389,114.0,37.6,114.0,37.6,114.0,37.6,113.8,37.6,104.13627437349275,37.92747395458059,92.28007674347737,17.548013293209106,67.3584418222445,11.70681201760231,76.7930166321583,23.172105547738283
93.33333333333334,500.0,19.04502096122945,3.7262675310507687,51.89543429029944,57.23531273787504,25.588670881418164,38.09203944321389,3.4764116466160577,46.7646209904263,114.2,38.0,113.8,38.0,113.8,38.0,113.8,38.0,104.13627437349275,37.92747395458059,67.3584418222445,11.70681201760231,76.7930166321583,23.172105547738283,92.28007674347737,17.548013293209106
93.33333333333334,500.0,19.04502096122945,3.7262675310507687,51.89543429029944,57.23531273787504,3.4764116466160577,46.7646209904263,25.588670881418164,38.09203944321389,111.0,35.8,109.6,34.6,110.0,35.0,111.0,35.0,104.13627437349275,37.92747395458059,67.3584418222445,11.70681201760231,92.28007674347737,17.548013293209106,76.7930166321583,23.172105547738283
93.33333333333334,500.0,1.2944118027610885,40.88481364879613,50.35445727302164,6.084072657683919,26.24652777410228,16.961404311282003,37.37126712945376,39.609436053519474,110.4,11.0,108.2,13.6,109.0,12.8,108.2,10.8,87.26331193771969,26.681428697825822,99.6200637530711,36.3556278274193,87.77059480406609,32.737264786832625,99.18580279083672,28.554237411252863
93.33333333333334,500.0,1.2944118027610885,40.88481364879613,37.37126712945376,39.609436053519474,50.35445727302164,6.084072657683919,26.24652777410228,16.961404311282003,111.8,9.2,109.4,9.2,109.4,11.2,110.6,10.6,87.26331193771969,26.681428697825822,99.18580279083672,28.554237411252863,99.6200637530711,36.3556278274193,87.77059480406609,32.737264786832625
93.33333333333334,500.0,1.2944118027610885,40.88481364879613,37.37126712945376,39.609436053519474,26.24652777410228,16.961404311282003,50.35445727302164,6.084072657683919,111.0,9.6,108.6,9.6,109.4,11.2,108.6,12.0,87.26331193771969,26.681428697825822,99.18580279083672,28.554237411252863,87.77059480406609,32.737264786832625,99.6200637530711,36.3556278274193
93.33333333333334,500.0,1.2944118027610885,40.88481364879613,26.24652777410228,16.961404311282003,50.35445727302164,6.084072657683919,37.37126712945376,39.609436053519474,113.4,10.0,111.6,13.0,108.2,14.0,108.0,9.8,87.26331193771969,26.681428697825822,87.77059480406609,32.737264786832625,99.6200637530711,36.3556278274193,99.18580279083672,28.554237411252863
93.33333333333334,500.0,1.2944118027610885,40.88481364879613,26.24652777410228,16.961404311282003,37.37126712945376,39.609436053519474,50.35445727302164,6.084072657683919,110.8,10.6,110.0,11.8,108.4,10.6,108.4,12.2,87.26331193771969,26.681428697825822,87.77059480406609,32.737264786832625,99.18580279083672,28.554237411252863,99.6200637530711,36.3556278274193
93.33333333333334,500.0,50.35445727302164,6.084072657683919,1.2944118027610885,40.88481364879613,37.37126712945376,39.609436053519474,26.24652777410228,16.961404311282003,107.6,14.6,109.4,13.6,107.6,13.6,109.0,14.4,99.6200637530711,36.3556278274193,87.26331193771969,26.681428697825822,99.18580279083672,28.554237411252863,87.77059480406609,32.737264786832625
93.33333333333334,500.0,50.35445727302164,6.084072657683919,1.2944118027610885,40.88481364879613,26.24652777410228,16.961404311282003,37.37126712945376,39.609436053519474,106.4,15.2,109.4,13.0,108.2,14.6,106.4,13.0,99.6200637530711,36.3556278274193,87.26331193771969,26.681428697825822,87.77059480406609,32.737264786832625,99.18580279083672,28.554237411252863
93.33333333333334,500.0,50.35445727302164,6.084072657683919,37.37126712945376,39.609436053519474,1.2944118027610885,40.88481364879613,26.24652777410228,16.961404311282003,104.0,16.2,104.0,11.8,110.0,11.8,108.0,15.0,99.6200637530711,36.3556278274193,99.18580279083672,28.554237411252863,87.26331193771969,26.681428697825822,87.77059480406609,32.737264786832625
93.33333333333334,500.0,50.35445727302164,6.084072657683919,37.37126712945376,39.609436053519474,26.24652777410228,16.961404311282003,1.2944118027610885,40.88481364879613,105.4,13.4,105.4,10.8,107.8,13.0,108.4,11.0,99.6200637530711,36.3556278274193,99.18580279083672,28.554237411252863,87.77059480406609,32.737264786832625,87.26331193771969,26.681428697825822
93.33333333333334,500.0,50.35445727302164,6.084072657683919,26.24652777410228,16.961404311282003,1.2944118027610885,40.88481364879613,37.37126712945376,39.609436053519474,106.4,14.6,107.4,14.2,108.2,13.2,106.4,13.2,99.6200637530711,36.3556278274193,87.77059480406609,32.737264786832625,87.26331193771969,26.681428697825822,99.18580279083672,28.554237411252863
93.33333333333334,500.0,50.35445727302164,6.084072657683919,26.24652777410228,16.961404311282003,37.37126712945376,39.609436053519474,1.2944118027610885,40.88481364879613,110.4,10.6,112.0,9.6,110.4,7.4,114.0,7.4,99.6200637530711,36.3556278274193,87.77059480406609,32.737264786832625,99.18580279083672,28.554237411252863,87.26331193771969,26.681428697825822
93.33333333333334,500.0,37.37126712945376,39.609436053519474,1.2944118027610885,40.88481364879613,50.35445727302164,6.084072657683919,26.24652777410228,16.961404311282003,111.2,10.6,111.8,10.6,111.2,10.8,111.8,10.8,99.18580279083672,28.554237411252863,87.26331193771969,26.681428697825822,99.6200637530711,36.3556278274193,87.77059480406609,32.737264786832625
93.33333333333334,500.0,37.37126712945376,39.609436053519474,1.2944118027610885,40.88481364879613,26.24652777410228,16.961404311282003,50.35445727302164,6.084072657683919,105.4,11.4,110.2,11.4,107.2,14.4,105.4,15.8,99.18580279083672,28.554237411252863,87.26331193771969,26.681428697825822,87.77059480406609,32.737264786832625,99.6200637530711,36.3556278274193
93.33333333333334,500.0,37.37126712945376,39.609436053519474,50.35445727302164,6.084072657683919,1.2944118027610885,40.88481364879613,26.24652777410228,16.961404311282003,108.6,9.4,108.6,13.2,114.0,9.4,112.4,12.2,99.18580279083672,28.554237411252863,99.6200637530711,36.3556278274193,87.26331193771969,26.681428697825822,87.77059480406609,32.737264786832625
93.33333333333334,500.0,37.37126712945376,39.609436053519474,50.35445727302164,6.084072657683919,26.24652777410228,16.961404311282003,1.2944118027610885,40.88481364879613,110.0,8.2,110.0,10.4,111.8,9.8,113.0,8.2,99.18580279083672,28.554237411252863,99.6200637530711,36.3556278274193,87.77059480406609,32.737264786832625,87.26331193771969,26.681428697825822
93.33333333333334,500.0,37.37126712945376,39.609436053519474,26.24652777410228,16.961404311282003,1.2944118027610885,40.88481364879613,50.35445727302164,6.084072657683919,103.0,14.0,107.0,17.0,109.0,14.0,103.0,18.0,99.18580279083672,28.554237411252863,87.77059480406609,32.737264786832625,87.26331193771969,26.681428697825822,99.6200637530711,36.3556278274193
93.33333333333334,500.0,37.37126712945376,39.609436053519474,26.24652777410228,16.961404311282003,50.35445727302164,6.084072657683919,1.2944118027610885,40.88481364879613,106.2,10.2,108.2,13.2,106.2,14.6,111.0,10.2,99.18580279083672,28.554237411252863,87.77059480406609,32.737264786832625,99.6200637530711,36.3556278274193,87.26331193771969,26.681428697825822
93.33333333333334,500.0,26.24652777410228,16.961404311282003,1.2944118027610885,40.88481364879613,50.35445727302164,6.084072657683919,37.37126712945376,39.609436053519474,110.6,11.6,111.4,10.4,109.0,12.0,109.0,10.4,87.77059480406609,32.737264786832625,87.26331193771969,26.681428697825822,99.6200637530711,36.3556278274193,99.18580279083672,28.554237411252863
93.33333333333334,500.0,26.24652777410228,16.961404311282003,1.2944118027610885,40.88481364879613,37.37126712945376,39.609436053519474,50.35445727302164,6.084072657683919,109.6,11.6,110.0,11.0,107.0,10.6,107.0,12.4,87.77059480406609,32.737264786832625,87.26331193771969,26.681428697825822,99.18580279083672,28.554237411252863,99.6200637530711,36.3556278274193
93.33333333333334,500.0,26.24652777410228,16.961404311282003,50.35445727302164,6.084072657683919,1.2944118027610885,40.88481364879613,37.37126712945376,39.609436053519474,110.4,12.0,108.6,12.6,111.6,10.4,108.6,10.4,87.77059480406609,32.737264786832625,99.6200637530711,36.3556278274193,87.26331193771969,26.681428697825822,99.18580279083672,28.554237411252863
93.33333333333334,500.0,26.24652777410228,16.961404311282003,50.35445727302164,6.084072657683919,37.37126712945376,39.609436053519474,1.2944118027610885,40.88481364879613,111.8,11.0,109.8,11.2,109.8,10.0,112.2,10.0,87.77059480406609,32.737264786832625,99.6200637530711,36.3556278274193,99.18580279083672,28.554237411252863,87.26331193771969,26.681428697825822
93.33333333333334,500.0,26.24652777410228,16.961404311282003,37.37126712945376,39.609436053519474,1.2944118027610885,40.88481364879613,50.35445727302164,6.084072657683919,105.6,15.8,102.0,12.4,107.2,12.8,102.0,16.8,87.77059480406609,32.737264786832625,99.18580279083672,28.554237411252863,87.26331193771969,26.681428697825822,99.6200637530711,36.3556278274193
93.33333333333334,500.0,26.24652777410228,16.961404311282003,37.37126712945376,39.609436053519474,50.35445727302164,6.084072657683919,1.2944118027610885,40.88481364879613,107.4,13.8,105.4,11.8,105.4,14.6,108.8,11.8,87.77059480406609,32.737264786832625,99.18580279083672,28.554237411252863,99.6200637530711,36.3556278274193,87.26331193771969,26.681428697825822
93.33333333333334,500.0,4.986313481924669,28.443465478277947,39.262306054545846,45.08312330904238,58.59750221033434,55.27925142276624,32.20875713361245,6.580401820989456,106.4,38.6,105.6,38.2,105.6,38.2,105.0,38.6,111.1894307016058,29.56608040001417,108.81680686259746,25.088270978818905,104.58128004615364,23.05062993084436,105.30062636166564,36.28293177410799
93.33333333333334,500.0,4.986313481924669,28.443465478277947,32.20875713361245,6.580401820989456,39.262306054545846,45.08312330904238,58.59750221033434,55.27925142276624,111.2,37.8,110.2,37.8,110.6,37.8,110.6,37.8,111.1894307016058,29.56608040001417,105.30062636166564,36.28293177410799,108.81680686259746,25.088270978818905,104.58128004615364,23.05062993084436
93.33333333333334,500.0,4.986313481924669,28.443465478277947,32.20875713361245,6.580401820989456,58.59750221033434,55.27925142276624,39.262306054545846,45.08312330904238,113.8,35.6,113.4,35.6,113.6,35.6,113.6,35.6,111.1894307016058,29.56608040001417,105.30062636166564,36.28293177410799,104.58128004615364,23.05062993084436,108.81680686259746,25.088270978818905
93.33333333333334,500.0,4.986313481924669,28.443465478277947,58.59750221033434,55.27925142276624,39.262306054545846,45.08312330904238,32.20875713361245,6.580401820989456,110.2,36.8,110.0,36.8,110.0,36.8,109.2,36.8,111.1894307016058,29.56608040001417,104.58128004615364,23.05062993084436,108.81680686259746,25.088270978818905,105.30062636166564,36.28293177410799
93.33333333333334,500.0,4.986313481924669,28.443465478277947,58.59750221033434,55.27925142276624,32.20875713361245,6.580401820989456,39.262306054545846,45.08312330904238,108.6,36.2,108.2,36.2,108.0,36.2,108.2,36.2,111.1894307016058,29.56608040001417,104.58128004615364,23.05062993084436,105.30062636166564,36.28293177410799,108.81680686259746,25.088270978818905
93.33333333333334,500.0,39.262306054545846,45.08312330904238,4.986313481924669,28.443465478277947,32.20875713361245,6.580401820989456,58.59750221033434,55.27925142276624,109.4,38.0,110.8,38.0,108.4,38.2,109.4,37.6,108.81680686259746,25.088270978818905,111.1894307016058,29.56608040001417,105.30062636166564,36.28293177410799,104.58128004615364,23.05062993084436
93.33333333333334,500.0,39.262306054545846,45.08312330904238,4.986313481924669,28.443465478277947,58.59750221033434,55.27925142276624,32.20875713361245,6.580401820989456,106.8,39.0,107.8,39.0,106.8,39.0,106.0,39.0,108.81680686259746,25.088270978818905,111.1894307016058,29.56608040001417,104.58128004615364,23.05062993084436,105.30062636166564,36.28293177410799
93.33333333333334,500.0,39.262306054545846,45.08312330904238,32.20875713361245,6.580401820989456,4.986313481924669,28.443465478277947,58.59750221033434,55.27925142276624,110.8,34.6,110.6,34.6,110.8,34.6,110.8,34.6,108.81680686259746,25.088270978818905,105.30062636166564,36.28293177410799,111.1894307016058,29.56608040001417,104.58128004615364,23.05062993084436
93.33333333333334,500.0,39.262306054545846,45.08312330904238,32.20875713361245,6.580401820989456,58.59750221033434,55.27925142276624,4.986313481924669,28.443465478277947,109.2,37.4,108.8,37.4,109.2,37.4,110.0,37.4,108.81680686259746,25.088270978818905,105.30062636166564,36.28293177410799,104.58128004615364,23.05062993084436,111.1894307016058,29.56608040001417
93.33333333333334,500.0,39.262306054545846,45.08312330904238,58.59750221033434,55.27925142276624,4.986313481924669,28.443465478277947,32.20875713361245,6.580401820989456,104.8,36.6,104.8,36.6,105.6,37.0,104.2,37.0,108.81680686259746,25.088270978818905,104.58128004615364,23.05062993084436,111.1894307016058,29.56608040001417,105.30062636166564,36.28293177410799
93.33333333333334,500.0,39.262306054545846,45.08312330904238,58.59750221033434,55.27925142276624,32.20875713361245,6.580401820989456,4.986313481924669,28.443465478277947,109.8,39.0,109.8,39.0,109.4,39.0,110.8,39.0,108.81680686259746,25.088270978818905,104.58128004615364,23.05062993084436,105.30062636166564,36.28293177410799,111.1894307016058,29.56608040001417
93.33333333333334,500.0,32.20875713361245,6.580401820989456,4.986313481924669,28.443465478277947,39.262306054545846,45.08312330904238,58.59750221033434,55.27925142276624,108.4,37.0,110.0,37.0,108.6,36.8,109.0,36.6,105.30062636166564,36.28293177410799,111.1894307016058,29.56608040001417,108.81680686259746,25.088270978818905,104.58128004615364,23.05062993084436
93.33333333333334,500.0,32.20875713361245,6.580401820989456,4.986313481924669,28.443465478277947,58.59750221033434,55.27925142276624,39.262306054545846,45.08312330904238,104.0,36.4,104.8,36.4,104.6,36.4,104.4,36.4,105.30062636166564,36.28293177410799,111.1894307016058,29.56608040001417,104.58128004615364,23.05062993084436,108.81680686259746,25.088270978818905
93.33333333333334,500.0,32.20875713361245,6.580401820989456,39.262306054545846,45.08312330904238,4.986313481924669,28.443465478277947,58.59750221033434,55.27925142276624,108.4,37.2,109.0,37.2,109.2,37.2,109.0,37.2,105.30062636166564,36.28293177410799,108.81680686259746,25.088270978818905,111.1894307016058,29.56608040001417,104.58128004615364,23.05062993084436
93.33333333333334,500.0,32.20875713361245,6.580401820989456,39.262306054545846,45.08312330904238,58.59750221033434,55.27925142276624,4.986313481924669,28.443465478277947,109.8,37.8,110.4,37.8,110.4,37.8,111.4,37.8,105.30062636166564,36.28293177410799,108.81680686259746,25.088270978818905,104.58128004615364,23.05062993084436,111.1894307016058,29.56608040001417
93.33333333333334,500.0,32.20875713361245,6.580401820989456,58.59750221033434,55.27925142276624,4.986313481924669,28.443465478277947,39.262306054545846,45.08312330904238,107.4,37.0,108.0,37.0,109.0,37.0,108.0,37.0,105.30062636166564,36.28293177410799,104.58128004615364,23.05062993084436,111.1894307016058,29.56608040001417,108.81680686259746,25.088270978818905
93.33333333333334,500.0,32.20875713361245,6.580401820989456,58.59750221033434,55.27925142276624,39.262306054545846,45.08312330904238,4.986313481924669,28.443465478277947,109.6,39.2,110.4,39.2,110.4,39.2,110.8,39.2,105.30062636166564,36.28293177410799,104.58128004615364,23.05062993084436,108.81680686259746,25.088270978818905,111.1894307016058,29.56608040001417
93.33333333333334,500.0,58.59750221033434,55.27925142276624,4.986313481924669,28.443465478277947,39.262306054545846,45.08312330904238,32.20875713361245,6.580401820989456,108.0,37.6,108.6,37.6,108.0,37.6,107.8,37.6,104.58128004615364,23.05062993084436,111.1894307016058,29.56608040001417,108.81680686259746,25.088270978818905,105.30062636166564,36.28293177410799
93.33333333333334,500.0,58.59750221033434,55.27925142276624,4.986313481924669,28.443465478277947,32.20875713361245,6.580401820989456,39.262306054545846,45.08312330904238,109.8,36.8,109.8,36.8,109.0,36.8,109.8,36.8,104.58128004615364,23.05062993084436,111.1894307016058,29.56608040001417,105.30062636166564,36.28293177410799,108.81680686259746,25.088270978818905
93.33333333333334,500.0,58.59750221033434,55.27925142276624,39.262306054545846,45.08312330904238,4.986313481924669,28.443465478277947,32.20875713361245,6.580401820989456,110.6,38.8,110.6,38.8,111.2,38.8,109.8,38.8,104.58128004615364,23.05062993084436,108.81680686259746,25.088270978818905,111.1894307016058,29.56608040001417,105.30062636166564,36.28293177410799
93.33333333333334,500.0,58.59750221033434,55.27925142276624,39.262306054545846,45.08312330904238,32.20875713361245,6.580401820989456,4.986313481924669,28.443465478277947,107.2,35.6,107.2,35.6,106.6,35.6,107.6,35.6,104.58128004615364,23.05062993084436,108.81680686259746,25.088270978818905,105.30062636166564,36.28293177410799,111.1894307016058,29.56608040001417
93.33333333333334,500.0,58.59750221033434,55.27925142276624,32.20875713361245,6.580401820989456,4.986313481924669,28.443465478277947,39.262306054545846,45.08312330904238,108.4,36.6,107.8,37.0,109.4,37.0,108.6,36.6,104.58128004615364,23.05062993084436,105.30062636166564,36.28293177410799,111.1894307016058,29.56608040001417,108.81680686259746,25.088270978818905
93.33333333333334,500.0,58.59750221033434,55.27925142276624,32.20875713361245,6.580401820989456,39.262306054545846,45.08312330904238,4.986313481924669,28.443465478277947,109.2,36.4,108.8,36.4,109.2,36.4,109.8,36.4,104.58128004615364,23.05062993084436,105.30062636166564,36.28293177410799,108.81680686259746,25.088270978818905,111.1894307016058,29.56608040001417
93.33333333333334,500.0,5.211348800272397,8.376148412347781,57.369293262625085,17.95851595357707,36.03274430982172,41.498665211570525,9.102339826940264,33.941225583291185,99.8,38.4,98.6,38.4,98.0,38.6,99.8,38.4,70.41264413623963,39.08816261544118,61.12642185781522,37.80912390501941,71.36059369738982,28.55367388501349,83.89708654684065,33.662012189982974
93.33333333333334,500.0,5.211348800272397,8.376148412347781,9.102339826940264,33.941225583291185,57.369293262625085,17.95851595357707,36.03274430982172,41.498665211570525,94.6,37.4,94.6,36.6,93.4,37.2,92.4,37.0,70.41264413623963,39.08816261544118,83.89708654684065,33.662012189982974,61.12642185781522,37.80912390501941,71.36059369738982,28.55367388501349
93.33333333333334,500.0,5.211348800272397,8.376148412347781,9.102339826940264,33.941225583291185,36.03274430982172,41.498665211570525,57.369293262625085,17.95851595357707,98.4,38.2,98.4,37.8,95.8,38.2,97.2,38.0,70.41264413623963,39.08816261544118,83.89708654684065,33.662012189982974,71.36059369738982,28.55367388501349,61.12642185781522,37.80912390501941
93.33333333333334,500.0,5.211348800272397,8.376148412347781,36.03274430982172,41.498665211570525,57.369293262625085,17.95851595357707,9.102339826940264,33.941225583291185,95.2,35.2,93.0,35.8,95.0,35.2,95.2,35.2,70.41264413623963,39.08816261544118,71.36059369738982,28.55367388501349,61.12642185781522,37.80912390501941,83.89708654684065,33.662012189982974
93.33333333333334,500.0,5.211348800272397,8.376148412347781,36.03274430982172,41.498665211570525,9.102339826940264,33.941225583291185,57.369293262625085,17.95851595357707,96.4,37.0,95.2,37.2,96.4,37.0,95.6,37.0,70.41264413623963,39.08816261544118,71.36059369738982,28.55367388501349,83.89708654684065,33.662012189982974,61.12642185781522,37.80912390501941
93.33333333333334,500.0,57.369293262625085,17.95851595357707,5.211348800272397,8.376148412347781,9.102339826940264,33.941225583291185,36.03274430982172,41.498665211570525,97.8,35.6,98.2,35.6,98.0,35.6,96.6,36.0,61.12642185781522,37.80912390501941,70.41264413623963,39.08816261544118,83.89708654684065,33.662012189982974,71.36059369738982,28.55367388501349
93.33333333333334,500.0,57.369293262625085,17.95851595357707,5.211348800272397,8.376148412347781,36.03274430982172,41.498665211570525,9.102339826940264,33.941225583291185,94.6,33.0,96.2,33.0,92.2,33.8,96.2,33.0,61.12642185781522,37.80912390501941,70.41264413623963,39.08816261544118,71.36059369738982,28.55367388501349,83.89708654684065,33.662012189982974
93.33333333333334,500.0,57.369293262625085,17.95851595357707,9.102339826940264,33.941225583291185,5.211348800272397,8.376148412347781,36.03274430982172,41.498665211570525,97.0,37.4,97.8,37.4,97.8,37.4,96.4,37.6,61.12642185781522,37.80912390501941,83.89708654684065,33.662012189982974,70.41264413623963,39.08816261544118,71.36059369738982,28.55367388501349
93.33333333333334,500.0,57.369293262625085,17.95851595357707,9.102339826940264,33.941225583291185,36.03274430982172,41.498665211570525,5.211348800272397,8.376148412347781,96.4,35.0,98.0,34.8,95.2,35.2,98.2,35.0,61.12642185781522,37.80912390501941,83.89708654684065,33.662012189982974,71.36059369738982,28.55367388501349,70.41264413623963,39.08816261544118
93.33333333333334,500.0,57.369293262625085,17.95851595357707,36.03274430982172,41.498665211570525,5.211348800272397,8.376148412347781,9.102339826940264,33.941225583291185,95.6,34.6,94.8,34.8,96.2,34.6,96.2,34.6,61.12642185781522,37.80912390501941,71.36059369738982,28.55367388501349,70.41264413623963,39.08816261544118,83.89708654684065,33.662012189982974
93.33333333333334,500.0,57.369293262625085,17.95851595357707,36.03274430982172,41.498665211570525,9.102339826940264,33.941225583291185,5.211348800272397,8.376148412347781,94.2,37.6,93.6,37.8,94.6,37.6,94.6,37.6,61.12642185781522,37.80912390501941,71.36059369738982,28.55367388501349,83.89708654684065,33.662012189982974,70.41264413623963,39.08816261544118
93.33333333333334,500.0,9.102339826940264,33.941225583291185,5.211348800272397,8.376148412347781,57.369293262625085,17.95851595357707,36.03274430982172,41.498665211570525,100.2,37.0,100.2,37.0,99.4,37.0,98.8,37.2,83.89708654684065,33.662012189982974,70.41264413623963,39.08816261544118,61.12642185781522,37.80912390501941,71.36059369738982,28.55367388501349
93.33333333333334,500.0,9.102339826940264,33.941225583291185,5.211348800272397,8.376148412347781,36.03274430982172,41.498665211570525,57.369293262625085,17.95851595357707,99.2,34.2,99.2,34.2,96.8,34.6,98.0,34.2,83.89708654684065,33.662012189982974,70.41264413623963,39.08816261544118,71.36059369738982,28.55367388501349,61.12642185781522,37.80912390501941
93.33333333333334,500.0,9.102339826940264,33.941225583291185,57.369293262625085,17.95851595357707,5.211348800272397,8.376148412347781,36.03274430982172,41.498665211570525,99.2,35.6,98.4,35.8,99.2,36.0,97.0,36.0,83.89708654684065,33.662012189982974,61.12642185781522,37.80912390501941,70.41264413623963,39.08816261544118,71.36059369738982,28.55367388501349
93.33333333333334,500.0,9.102339826940264,33.941225583291185,57.369293262625085,17.95851595357707,36.03274430982172,41.498665211570525,5.211348800272397,8.376148412347781,97.0,36.8,95.8,37.0,93.8,37.4,97.0,37.2,83.89708654684065,33.662012189982974,61.12642185781522,37.80912390501941,71.36059369738982,28.55367388501349,70.41264413623963,39.08816261544118
93.33333333333334,500.0,9.102339826940264,33.941225583291185,36.03274430982172,41.498665211570525,5.211348800272397,8.376148412347781,57.369293262625085,17.95851595357707,95.6,35.0,92.0,36.2,95.6,35.0,95.4,35.0,83.89708654684065,33.662012189982974,71.36059369738982,28.55367388501349,70.41264413623963,39.08816261544118,61.12642185781522,37.80912390501941
93.33333333333334,500.0,9.102339826940264,33.941225583291185,36.03274430982172,41.498665211570525,57.369293262625085,17.95851595357707,5.211348800272397,8.376148412347781,95.6,36.0,92.2,36.4,94.8,36.0,95.6,36.2,83.89708654684065,33.662012189982974,71.36059369738982,28.55367388501349,61.12642185781522,37.80912390501941,70.41264413623963,39.08816261544118
93.33333333333334,500.0,36.03274430982172,41.498665211570525,5.211348800272397,8.376148412347781,57.369293262625085,17.95851595357707,9.102339826940264,33.941225583291185,95.4,34.4,98.8,34.0,98.0,33.8,98.8,33.6,71.36059369738982,28.55367388501349,70.41264413623963,39.08816261544118,61.12642185781522,37.80912390501941,83.89708654684065,33.662012189982974
93.33333333333334,500.0,36.03274430982172,41.498665211570525,5.211348800272397,8.376148412347781,9.102339826940264,33.941225583291185,57.369293262625085,17.95851595357707,95.0,36.4,96.8,36.2,96.8,36.2,95.6,36.2,71.36059369738982,28.55367388501349,70.41264413623963,39.08816261544118,83.89708654684065,33.662012189982974,61.12642185781522,37.80912390501941
93.33333333333334,500.0,36.03274430982172,41.498665211570525,57.369293262625085,17.95851595357707,5.211348800272397,8.376148412347781,9.102339826940264,33.941225583291185,95.4,34.8,96.0,34.6,96.8,34.6,96.8,34.6,71.36059369738982,28.55367388501349,61.12642185781522,37.80912390501941,70.41264413623963,39.08816261544118,83.89708654684065,33.662012189982974
93.33333333333334,500.0,36.03274430982172,41.498665211570525,57.369293262625085,17.95851595357707,9.102339826940264,33.941225583291185,5.211348800272397,8.376148412347781,96.6,36.4,99.0,35.6,99.0,35.6,99.0,35.6,71.36059369738982,28.55367388501349,61.12642185781522,37.80912390501941,83.89708654684065,33.662012189982974,70.41264413623963,39.08816261544118
93.33333333333334,500.0,36.03274430982172,41.498665211570525,9.102339826940264,33.941225583291185,5.211348800272397,8.376148412347781,57.369293262625085,17.95851595357707,94.2,37.2,96.2,36.8,96.2,36.8,95.4,36.8,71.36059369738982,28.55367388501349,83.89708654684065,33.662012189982974,70.41264413623963,39.08816261544118,61.12642185781522,37.80912390501941
93.33333333333334,500.0,36.03274430982172,41.498665211570525,9.102339826940264,33.941225583291185,57.369293262625085,17.95851595357707,5.211348800272397,8.376148412347781,94.8,36.2,96.6,35.6,96.6,35.6,96.6,35.6,71.36059369738982,28.55367388501349,83.89708654684065,33.662012189982974,61.12642185781522,37.80912390501941,70.41264413623963,39.08816261544118
93.33333333333334,500.0,44.34573782095048,36.33570249394532,0.3037399981834165,56.947888135775045,59.54855169804455,1.5227202548656282,20.561475412279616,42.77581139119352,95.0,50.8,108.0,50.8,108.0,50.8,108.0,50.8,91.19331169150718,18.115413879553905,90.45347415407797,18.13509562101754,88.17237222269749,18.749474257796187,83.77073461292116,17.421162774439214
93.33333333333334,500.0,44.34573782095048,36.33570249394532,20.561475412279616,42.77581139119352,0.3037399981834165,56.947888135775045,59.54855169804455,1.5227202548656282,97.8,45.8,110.0,45.8,110.0,45.6,109.6,46.0,91.19331169150718,18.115413879553905,83.77073461292116,17.421162774439214,90.45347415407797,18.13509562101754,88.17237222269749,18.749474257796187
93.33333333333334,500.0,44.34573782095048,36.33570249394532,20.561475412279616,42.77581139119352,59.54855169804455,1.5227202548656282,0.3037399981834165,56.947888135775045,96.8,51.0,109.4,51.0,109.4,51.0,109.4,51.0,91.19331169150718,18.115413879553905,83.77073461292116,17.421162774439214,88.17237222269749,18.749474257796187,90.45347415407797,18.13509562101754
93.33333333333334,500.0,44.34573782095048,36.33570249394532,59.54855169804455,1.5227202548656282,0.3037399981834165,56.947888135775045,20.561475412279616,42.77581139119352,97.2,51.6,112.6,51.6,112.6,51.6,112.6,51.6,91.19331169150718,18.115413879553905,88.17237222269749,18.749474257796187,90.45347415407797,18.13509562101754,83.77073461292116,17.421162774439214
93.33333333333334,500.0,44.34573782095048,36.33570249394532,59.54855169804455,1.5227202548656282,20.561475412279616,42.77581139119352,0.3037399981834165,56.947888135775045,96.6,48.6,109.6,48.6,109.4,48.6,109.6,48.6,91.19331169150718,18.115413879553905,88.17237222269749,18.749474257796187,83.77073461292116,17.421162774439214,90.45347415407797,18.13509562101754
93.33333333333334,500.0,0.3037399981834165,56.947888135775045,44.34573782095048,36.33570249394532,20.561475412279616,42.77581139119352,59.54855169804455,1.5227202548656282,109.6,48.0,97.0,48.0,109.4,48.0,109.6,48.0,90.45347415407797,18.13509562101754,91.19331169150718,18.115413879553905,83.77073461292116,17.421162774439214,88.17237222269749,18.749474257796187
93.33333333333334,500.0,0.3037399981834165,56.947888135775045,44.34573782095048,36.33570249394532,59.54855169804455,1.5227202548656282,20.561475412279616,42.77581139119352,109.4,48.2,96.0,48.2,109.2,48.8,109.2,48.4,90.45347415407797,18.13509562101754,91.19331169150718,18.115413879553905,88.17237222269749,18.749474257796187,83.77073461292116,17.421162774439214
93.33333333333334,500.0,0.3037399981834165,56.947888135775045,20.561475412279616,42.77581139119352,44.34573782095048,36.33570249394532,59.54855169804455,1.5227202548656282,106.8,50.2,107.0,50.2,93.6,50.2,106.8,50.2,90.45347415407797,18.13509562101754,83.77073461292116,17.421162774439214,91.19331169150718,18.115413879553905,88.17237222269749,18.749474257796187
93.33333333333334,500.0,0.3037399981834165,56.947888135775045,20.561475412279616,42.77581139119352,59.54855169804455,1.5227202548656282,44.34573782095048,36.33570249394532,108.0,48.8,108.2,49.0,107.6,49.2,96.0,49.0,90.45347415407797,18.13509562101754,83.77073461292116,17.421162774439214,88.17237222269749,18.749474257796187,91.19331169150718,18.115413879553905
93.33333333333334,500.0,0.3037399981834165,56.947888135775045,59.54855169804455,1.5227202548656282,44.34573782095048,36.33570249394532,20.561475412279616,42.77581139119352,107.6,43.6,107.2,44.0,96.2,43.8,108.2,43.8,90.45347415407797,18.13509562101754,88.17237222269749,18.749474257796187,91.19331169150718,18.115413879553905,83.77073461292116,17.421162774439214
93.33333333333334,500.0,0.3037399981834165,56.947888135775045,59.54855169804455,1.5227202548656282,20.561475412279616,42.77581139119352,44.34573782095048,36.33570249394532,109.4,47.0,109.4,47.0,109.2,47.0,97.6,47.0,90.45347415407797,18.13509562101754,88.17237222269749,18.749474257796187,83.77073461292116,17.421162774439214,91.19331169150718,18.115413879553905
93.33333333333334,500.0,20.561475412279616,42.77581139119352,44.34573782095048,36.33570249394532,0.3037399981834165,56.947888135775045,59.54855169804455,1.5227202548656282,105.8,48.0,94.4,48.0,105.8,48.0,105.8,48.0,83.77073461292116,17.421162774439214,91.19331169150718,18.115413879553905,90.45347415407797,18.13509562101754,88.17237222269749,18.749474257796187
93.33333333333334,500.0,20.561475412279616,42.77581139119352,44.34573782095048,36.33570249394532,59.54855169804455,1.5227202548656282,0.3037399981834165,56.947888135775045,107.6,47.2,93.4,47.2,106.2,48.0,107.2,47.4,83.77073461292116,17.421162774439214,91.19331169150718,18.115413879553905,88.17237222269749,18.749474257796187,90.45347415407797,18.13509562101754
93.33333333333334,500.0,20.561475412279616,42.77581139119352,0.3037399981834165,56.947888135775045,44.34573782095048,36.33570249394532,59.54855169804455,1.5227202548656282,109.4,51.6,109.8,51.6,97.2,51.6,109.8,51.6,83.77073461292116,17.421162774439214,90.45347415407797,18.13509562101754,91.19331169150718,18.115413879553905,88.17237222269749,18.749474257796187
93.33333333333334,500.0,20.561475412279616,42.77581139119352,0.3037399981834165,56.947888135775045,59.54855169804455,1.5227202548656282,44.34573782095048,36.33570249394532,106.0,46.4,106.0,46.4,106.0,46.4,94.6,46.4,83.77073461292116,17.421162774439214,90.45347415407797,18.13509562101754,88.17237222269749,18.749474257796187,91.19331169150718,18.115413879553905
93.33333333333334,500.0,20.561475412279616,42.77581139119352,59.54855169804455,1.5227202548656282,44.34573782095048,36.33570249394532,0.3037399981834165,56.947888135775045,110.0,46.4,109.6,46.4,98.0,46.4,109.6,46.4,83.77073461292116,17.421162774439214,88.17237222269749,18.749474257796187,91.19331169150718,18.115413879553905,90.45347415407797,18.13509562101754
93.33333333333334,500.0,20.561475412279616,42.77581139119352,59.54855169804455,1.5227202548656282,0.3037399981834165,56.947888135775045,44.34573782095048,36.33570249394532,108.2,48.8,108.0,48.8,108.0,48.8,95.6,48.8,83.77073461292116,17.421162774439214,88.17237222269749,18.749474257796187,90.45347415407797,18.13509562101754,91.19331169150718,18.115413879553905
93.33333333333334,500.0,59.54855169804455,1.5227202548656282,44.34573782095048,36.33570249394532,0.3037399981834165,56.947888135775045,20.561475412279616,42.77581139119352,109.8,51.4,96.4,51.2,110.2,51.0,110.2,51.2,88.17237222269749,18.749474257796187,91.19331169150718,18.115413879553905,90.45347415407797,18.13509562101754,83.77073461292116,17.421162774439214
93.33333333333334,500.0,59.54855169804455,1.5227202548656282,44.34573782095048,36.33570249394532,20.561475412279616,42.77581139119352,0.3037399981834165,56.947888135775045,107.6,49.2,95.2,49.2,107.8,49.2,107.6,49.2,88.17237222269749,18.749474257796187,91.19331169150718,18.115413879553905,83.77073461292116,17.421162774439214,90.45347415407797,18.13509562101754
93.33333333333334,500.0,59.54855169804455,1.5227202548656282,0.3037399981834165,56.947888135775045,44.34573782095048,36.33570249394532,20.561475412279616,42.77581139119352,106.8,47.8,106.8,47.8,95.6,47.8,106.6,47.8,88.17237222269749,18.749474257796187,90.45347415407797,18.13509562101754,91.19331169150718,18.115413879553905,83.77073461292116,17.421162774439214
93.33333333333334,500.0,59.54855169804455,1.5227202548656282,0.3037399981834165,56.947888135775045,20.561475412279616,42.77581139119352,44.34573782095048,36.33570249394532,109.4,49.2,109.4,49.2,109.0,49.2,96.6,49.2,88.17237222269749,18.749474257796187,90.45347415407797,18.13509562101754,83.77073461292116,17.421162774439214,91.19331169150718,18.115413879553905
93.33333333333334,500.0,59.54855169804455,1.5227202548656282,20.561475412279616,42.77581139119352,44.34573782095048,36.33570249394532,0.3037399981834165,56.947888135775045,107.8,49.8,107.8,49.8,95.4,49.8,107.8,49.8,88.17237222269749,18.749474257796187,83.77073461292116,17.421162774439214,91.19331169150718,18.115413879553905,90.45347415407797,18.13509562101754
93.33333333333334,500.0,59.54855169804455,1.5227202548656282,20.561475412279616,42.77581139119352,0.3037399981834165,56.947888135775045,44.34573782095048,36.33570249394532,114.0,50.4,114.0,50.4,114.0,50.4,99.8,50.4,88.17237222269749,18.749474257796187,83.77073461292116,17.421162774439214,90.45347415407797,18.13509562101754,91.19331169150718,18.115413879553905
106.66666666666669,500.0,12.185706071055533,9.871360616351224,38.18921908201288,21.308982164732328,2.5780299027295883,43.858517242007046,58.72518985345108,37.79540027620673,96.8,22.0,96.0,22.0,96.0,22.0,96.0,22.0,102.20917699454895,36.71984924175907,85.36298090783269,28.950678436008623,99.21794831070906,12.383244278265956,70.61205151538219,12.804519429483436
106.66666666666669,500.0,12.185706071055533,9.871360616351224,58.72518985345108,37.79540027620673,38.18921908201288,21.308982164732328,2.5780299027295883,43.858517242007046,97.8,22.6,97.2,22.6,97.2,22.6,97.2,22.6,102.20917699454895,36.71984924175907,70.61205151538219,12.804519429483436,85.36298090783269,28.950678436008623,99.21794831070906,12.383244278265956
106.66666666666669,500.0,12.185706071055533,9.871360616351224,58.72518985345108,37.79540027620673,2.5780299027295883,43.858517242007046,38.18921908201288,21.308982164732328,97.8,25.4,95.0,24.2,96.2,24.8,95.6,24.8,102.20917699454895,36.71984924175907,70.61205151538219,12.804519429483436,99.21794831070906,12.383244278265956,85.36298090783269,28.950678436008623
106.66666666666669,500.0,12.185706071055533,9.871360616351224,2.5780299027295883,43.858517242007046,38.18921908201288,21.308982164732328,58.72518985345108,37.79540027620673,99.0,24.2,97.8,23.0,96.8,23.4,96.4,22.4,102.20917699454895,36.71984924175907,99.21794831070906,12.383244278265956,85.36298090783269,28.950678436008623,70.61205151538219,12.804519429483436
106.66666666666669,500.0,12.185706071055533,9.871360616351224,2.5780299027295883,43.858517242007046,58.72518985345108,37.79540027620673,38.18921908201288,21.308982164732328,94.8,21.6,93.8,21.6,94.2,21.6,94.2,21.6,102.20917699454895,36.71984924175907,99.21794831070906,12.383244278265956,70.61205151538219,12.804519429483436,85.36298090783269,28.950678436008623
106.66666666666669,500.0,38.18921908201288,21.308982164732328,12.185706071055533,9.871360616351224,58.72518985345108,37.79540027620673,2.5780299027295883,43.858517242007046,94.2,21.8,95.0,21.8,94.0,21.6,94.4,21.6,85.36298090783269,28.950678436008623,102.20917699454895,36.71984924175907,70.61205151538219,12.804519429483436,99.21794831070906,12.383244278265956
106.66666666666669,500.0,38.18921908201288,21.308982164732328,12.185706071055533,9.871360616351224,2.5780299027295883,43.858517242007046,58.72518985345108,37.79540027620673,96.8,24.2,97.0,24.2,96.2,24.2,96.6,24.2,85.36298090783269,28.950678436008623,102.20917699454895,36.71984924175907,99.21794831070906,12.383244278265956,70.61205151538219,12.804519429483436
106.66666666666669,500.0,38.18921908201288,21.308982164732328,58.72518985345108,37.79540027620673,12.185706071055533,9.871360616351224,2.5780299027295883,43.858517242007046,95.6,24.0,95.6,24.0,96.2,24.0,95.8,24.0,85.36298090783269,28.950678436008623,70.61205151538219,12.804519429483436,102.20917699454895,36.71984924175907,99.21794831070906,12.383244278265956
106.66666666666669,500.0,38.18921908201288,21.308982164732328,58.72518985345108,37.79540027620673,2.5780299027295883,43.858517242007046,12.185706071055533,9.871360616351224,96.0,24.6,96.0,24.6,95.8,24.6,96.4,24.6,85.36298090783269,28.950678436008623,70.61205151538219,12.804519429483436,99.21794831070906,12.383244278265956,102.20917699454895,36.71984924175907
106.66666666666669,500.0,38.18921908201288,21.308982164732328,2.5780299027295883,43.858517242007046,12.185706071055533,9.871360616351224,58.72518985345108,37.79540027620673,92.6,24.2,93.0,23.6,93.6,24.2,92.4,23.6,85.36298090783269,28.950678436008623,99.21794831070906,12.383244278265956,102.20917699454895,36.71984924175907,70.61205151538219,12.804519429483436
106.66666666666669,500.0,38.18921908201288,21.308982164732328,2.5780299027295883,43.858517242007046,58.72518985345108,37.79540027620673,12.185706071055533,9.871360616351224,96.8,25.6,97.0,25.0,96.8,25.0,98.0,25.6,85.36298090783269,28.950678436008623,99.21794831070906,12.383244278265956,70.61205151538219,12.804519429483436,102.20917699454895,36.71984924175907
106.66666666666669,500.0,58.72518985345108,37.79540027620673,12.185706071055533,9.871360616351224,38.18921908201288,21.308982164732328,2.5780299027295883,43.858517242007046,93.8,22.8,94.8,23.4,93.8,23.4,94.2,22.8,70.61205151538219,12.804519429483436,102.20917699454895,36.71984924175907,85.36298090783269,28.950678436008623,99.21794831070906,12.383244278265956
106.66666666666669,500.0,58.72518985345108,37.79540027620673,12.185706071055533,9.871360616351224,2.5780299027295883,43.858517242007046,38.18921908201288,21.308982164732328,96.2,23.8,96.8,23.8,96.0,23.8,96.2,23.8,70.61205151538219,12.804519429483436,102.20917699454895,36.71984924175907,99.21794831070906,12.383244278265956,85.36298090783269,28.950678436008623
106.66666666666669,500.0,58.72518985345108,37.79540027620673,38.18921908201288,21.308982164732328,12.185706071055533,9.871360616351224,2.5780299027295883,43.858517242007046,95.4,20.0,95.6,20.2,96.0,20.4,95.6,20.0,70.61205151538219,12.804519429483436,85.36298090783269,28.950678436008623,102.20917699454895,36.71984924175907,99.21794831070906,12.383244278265956
106.66666666666669,500.0,58.72518985345108,37.79540027620673,38.18921908201288,21.308982164732328,2.5780299027295883,43.858517242007046,12.185706071055533,9.871360616351224,97.4,21.6,98.2,22.2,98.2,21.6,98.6,22.4,70.61205151538219,12.804519429483436,85.36298090783269,28.950678436008623,99.21794831070906,12.383244278265956,102.20917699454895,36.71984924175907
106.66666666666669,500.0,58.72518985345108,37.79540027620673,2.5780299027295883,43.858517242007046,12.185706071055533,9.871360616351224,38.18921908201288,21.308982164732328,97.4,21.6,98.8,21.6,98.2,23.2,98.4,22.2,70.61205151538219,12.804519429483436,99.21794831070906,12.383244278265956,102.20917699454895,36.71984924175907,85.36298090783269,28.950678436008623
106.66666666666669,500.0,58.72518985345108,37.79540027620673,2.5780299027295883,43.858517242007046,38.18921908201288,21.308982164732328,12.185706071055533,9.871360616351224,95.6,22.2,96.6,22.2,96.4,22.8,97.2,23.0,70.61205151538219,12.804519429483436,99.21794831070906,12.383244278265956,85.36298090783269,28.950678436008623,102.20917699454895,36.71984924175907
106.66666666666669,500.0,2.5780299027295883,43.858517242007046,12.185706071055533,9.871360616351224,38.18921908201288,21.308982164732328,58.72518985345108,37.79540027620673,95.6,23.6,96.0,23.6,95.6,23.6,95.6,23.6,99.21794831070906,12.383244278265956,102.20917699454895,36.71984924175907,85.36298090783269,28.950678436008623,70.61205151538219,12.804519429483436
106.66666666666669,500.0,2.5780299027295883,43.858517242007046,12.185706071055533,9.871360616351224,58.72518985345108,37.79540027620673,38.18921908201288,21.308982164732328,93.6,24.0,94.8,24.0,93.6,24.0,93.6,24.0,99.21794831070906,12.383244278265956,102.20917699454895,36.71984924175907,70.61205151538219,12.804519429483436,85.36298090783269,28.950678436008623
106.66666666666669,500.0,2.5780299027295883,43.858517242007046,38.18921908201288,21.308982164732328,12.185706071055533,9.871360616351224,58.72518985345108,37.79540027620673,93.0,24.0,93.6,24.0,93.8,24.0,93.4,24.0,99.21794831070906,12.383244278265956,85.36298090783269,28.950678436008623,102.20917699454895,36.71984924175907,70.61205151538219,12.804519429483436
106.66666666666669,500.0,2.5780299027295883,43.858517242007046,38.18921908201288,21.308982164732328,58.72518985345108,37.79540027620673,12.185706071055533,9.871360616351224,93.4,20.2,92.8,20.6,92.8,20.2,93.6,20.8,99.21794831070906,12.383244278265956,85.36298090783269,28.950678436008623,70.61205151538219,12.804519429483436,102.20917699454895,36.71984924175907
106.66666666666669,500.0,2.5780299027295883,43.858517242007046,58.72518985345108,37.79540027620673,12.185706071055533,9.871360616351224,38.18921908201288,21.308982164732328,97.2,23.2,95.4,23.2,98.2,25.2,96.2,24.6,99.21794831070906,12.383244278265956,70.61205151538219,12.804519429483436,102.20917699454895,36.71984924175907,85.36298090783269,28.950678436008623
106.66666666666669,500.0,2.5780299027295883,43.858517242007046,58.72518985345108,37.79540027620673,38.18921908201288,21.308982164732328,12.185706071055533,9.871360616351224,96.8,21.4,97.2,21.4,97.2,21.4,97.4,21.4,99.21794831070906,12.383244278265956,70.61205151538219,12.804519429483436,85.36298090783269,28.950678436008623,102.20917699454895,36.71984924175907
106.66666666666669,500.0,35.82627493799728,53.58846969708266,43.20819699126219,7.507231169927746,12.730123982247626,51.94818559507895,11.735130422584266,27.941518173983763,72.8,22.0,72.8,22.8,72.8,22.0,73.4,22.4,98.58843838614708,42.11106454491911,96.3060898710427,52.83479709730733,106.27241931994833,40.87631261550188,108.98994350471986,47.491041142795055
106.66666666666669,500.0,35.82627493799728,53.58846969708266,11.735130422584266,27.941518173983763,43.20819699126219,7.507231169927746,12.730123982247626,51.94818559507895,73.0,20.2,73.6,20.4,73.0,20.6,73.0,20.2,98.58843838614708,42.11106454491911,108.98994350471986,47.491041142795055,96.3060898710427,52.83479709730733,106.27241931994833,40.87631261550188
106.66666666666669,500.0,35.82627493799728,53.58846969708266,11.735130422584266,27.941518173983763,12.730123982247626,51.94818559507895,43.20819699126219,7.507231169927746,74.6,22.6,75.6,23.4,75.0,22.6,74.6,23.6,98.58843838614708,42.11106454491911,108.98994350471986,47.491041142795055,106.27241931994833,40.87631261550188,96.3060898710427,52.83479709730733
106.66666666666669,500.0,35.82627493799728,53.58846969708266,12.730123982247626,51.94818559507895,43.20819699126219,7.507231169927746,11.735130422584266,27.941518173983763,71.4,22.4,71.6,22.4,71.6,22.8,71.8,22.6,98.58843838614708,42.11106454491911,106.27241931994833,40.87631261550188,96.3060898710427,52.83479709730733,108.98994350471986,47.491041142795055
106.66666666666669,500.0,35.82627493799728,53.58846969708266,12.730123982247626,51.94818559507895,11.735130422584266,27.941518173983763,43.20819699126219,7.507231169927746,76.0,19.4,76.0,19.4,77.8,20.8,76.0,22.2,98.58843838614708,42.11106454491911,106.27241931994833,40.87631261550188,108.98994350471986,47.491041142795055,96.3060898710427,52.83479709730733
106.66666666666669,500.0,43.20819699126219,7.507231169927746,35.82627493799728,53.58846969708266,11.735130422584266,27.941518173983763,12.730123982247626,51.94818559507895,79.8,23.0,79.8,20.6,81.4,21.8,79.8,20.6,96.3060898710427,52.83479709730733,98.58843838614708,42.11106454491911,108.98994350471986,47.491041142795055,106.27241931994833,40.87631261550188
106.66666666666669,500.0,43.20819699126219,7.507231169927746,35.82627493799728,53.58846969708266,12.730123982247626,51.94818559507895,11.735130422584266,27.941518173983763,75.6,21.8,75.6,20.2,75.6,20.2,76.4,21.0,96.3060898710427,52.83479709730733,98.58843838614708,42.11106454491911,106.27241931994833,40.87631261550188,108.98994350471986,47.491041142795055
106.66666666666669,500.0,43.20819699126219,7.507231169927746,11.735130422584266,27.941518173983763,35.82627493799728,53.58846969708266,12.730123982247626,51.94818559507895,69.4,23.0,69.8,22.6,69.4,22.2,69.4,22.2,96.3060898710427,52.83479709730733,108.98994350471986,47.491041142795055,98.58843838614708,42.11106454491911,106.27241931994833,40.87631261550188
106.66666666666669,500.0,43.20819699126219,7.507231169927746,11.735130422584266,27.941518173983763,12.730123982247626,51.94818559507895,35.82627493799728,53.58846969708266,74.8,24.4,75.4,24.0,75.2,23.4,74.4,23.6,96.3060898710427,52.83479709730733,108.98994350471986,47.491041142795055,106.27241931994833,40.87631261550188,98.58843838614708,42.11106454491911
106.66666666666669,500.0,43.20819699126219,7.507231169927746,12.730123982247626,51.94818559507895,35.82627493799728,53.58846969708266,11.735130422584266,27.941518173983763,72.0,21.8,72.0,21.4,72.0,21.4,72.2,21.6,96.3060898710427,52.83479709730733,106.27241931994833,40.87631261550188,98.58843838614708,42.11106454491911,108.98994350471986,47.491041142795055
106.66666666666669,500.0,43.20819699126219,7.507231169927746,12.730123982247626,51.94818559507895,11.735130422584266,27.941518173983763,35.82627493799728,53.58846969708266,75.4,22.8,75.4,21.2,76.2,22.0,75.4,21.2,96.3060898710427,52.83479709730733,106.27241931994833,40.87631261550188,108.98994350471986,47.491041142795055,98.58843838614708,42.11106454491911
106.66666666666669,500.0,11.735130422584266,27.941518173983763,35.82627493799728,53.58846969708266,43.20819699126219,7.507231169927746,12.730123982247626,51.94818559507895,70.8,21.4,70.2,21.2,70.2,21.6,70.2,21.2,108.98994350471986,47.491041142795055,98.58843838614708,42.11106454491911,96.3060898710427,52.83479709730733,106.27241931994833,40.87631261550188
106.66666666666669,500.0,11.735130422584266,27.941518173983763,35.82627493799728,53.58846969708266,12.730123982247626,51.94818559507895,43.20819699126219,7.507231169927746,77.0,23.6,76.4,22.6,76.0,22.8,76.4,24.4,108.98994350471986,47.491041142795055,98.58843838614708,42.11106454491911,106.27241931994833,40.87631261550188,96.3060898710427,52.83479709730733
106.66666666666669,500.0,11.735130422584266,27.941518173983763,43.20819699126219,7.507231169927746,35.82627493799728,53.58846969708266,12.730123982247626,51.94818559507895,70.8,20.0,70.2,20.6,70.2,19.4,70.2,19.4,108.98994350471986,47.491041142795055,96.3060898710427,52.83479709730733,98.58843838614708,42.11106454491911,106.27241931994833,40.87631261550188
106.66666666666669,500.0,11.735130422584266,27.941518173983763,43.20819699126219,7.507231169927746,12.730123982247626,51.94818559507895,35.82627493799728,53.58846969708266,74.2,23.2,73.0,23.6,73.4,22.2,73.0,22.2,108.98994350471986,47.491041142795055,96.3060898710427,52.83479709730733,106.27241931994833,40.87631261550188,98.58843838614708,42.11106454491911
106.66666666666669,500.0,11.735130422584266,27.941518173983763,12.730123982247626,51.94818559507895,35.82627493799728,53.58846969708266,43.20819699126219,7.507231169927746,76.0,24.6,75.8,24.4,75.8,24.4,75.8,24.8,108.98994350471986,47.491041142795055,106.27241931994833,40.87631261550188,98.58843838614708,42.11106454491911,96.3060898710427,52.83479709730733
106.66666666666669,500.0,11.735130422584266,27.941518173983763,12.730123982247626,51.94818559507895,43.20819699126219,7.507231169927746,35.82627493799728,53.58846969708266,73.0,22.4,73.4,22.4,72.8,23.0,72.8,22.2,108.98994350471986,47.491041142795055,106.27241931994833,40.87631261550188,96.3060898710427,52.83479709730733,98.58843838614708,42.11106454491911
106.66666666666669,500.0,12.730123982247626,51.94818559507895,35.82627493799728,53.58846969708266,43.20819699126219,7.507231169927746,11.735130422584266,27.941518173983763,73.8,21.2,73.4,21.2,73.8,22.4,74.2,21.8,106.27241931994833,40.87631261550188,98.58843838614708,42.11106454491911,96.3060898710427,52.83479709730733,108.98994350471986,47.491041142795055
106.66666666666669,500.0,12.730123982247626,51.94818559507895,35.82627493799728,53.58846969708266,11.735130422584266,27.941518173983763,43.20819699126219,7.507231169927746,71.2,19.8,71.2,19.8,71.6,20.2,71.2,20.6,106.27241931994833,40.87631261550188,98.58843838614708,42.11106454491911,108.98994350471986,47.491041142795055,96.3060898710427,52.83479709730733
106.66666666666669,500.0,12.730123982247626,51.94818559507895,43.20819699126219,7.507231169927746,35.82627493799728,53.58846969708266,11.735130422584266,27.941518173983763,73.8,21.0,73.6,22.2,73.4,21.0,74.0,21.8,106.27241931994833,40.87631261550188,96.3060898710427,52.83479709730733,98.58843838614708,42.11106454491911,108.98994350471986,47.491041142795055
106.66666666666669,500.0,12.730123982247626,51.94818559507895,43.20819699126219,7.507231169927746,11.735130422584266,27.941518173983763,35.82627493799728,53.58846969708266,71.8,20.8,72.0,22.6,73.0,21.8,72.0,20.6,106.27241931994833,40.87631261550188,96.3060898710427,52.83479709730733,108.98994350471986,47.491041142795055,98.58843838614708,42.11106454491911
106.66666666666669,500.0,12.730123982247626,51.94818559507895,11.735130422584266,27.941518173983763,35.82627493799728,53.58846969708266,43.20819699126219,7.507231169927746,74.8,20.8,75.6,22.2,74.4,20.8,74.4,23.0,106.27241931994833,40.87631261550188,108.98994350471986,47.491041142795055,98.58843838614708,42.11106454491911,96.3060898710427,52.83479709730733
106.66666666666669,500.0,12.730123982247626,51.94818559507895,11.735130422584266,27.941518173983763,43.20819699126219,7.507231169927746,35.82627493799728,53.58846969708266,72.6,21.8,73.2,22.2,72.6,22.6,72.6,21.8,106.27241931994833,40.87631261550188,108.98994350471986,47.491041142795055,96.3060898710427,52.83479709730733,98.58843838614708,42.11106454491911
106.66666666666669,500.0,54.54792674276843,52.36671813014358,26.083593019704068,55.73514920181355,53.37758006349498,9.829793063811872,7.387638858235346,41.06335839119891,96.4,26.0,96.8,26.0,96.4,26.4,96.6,26.2,113.34789453612645,32.26966552521804,113.96028454667628,31.326473358581545,119.08717868634425,43.16956111254994,116.41191195802196,35.986945709906486
106.66666666666669,500.0,54.54792674276843,52.36671813014358,7.387638858235346,41.06335839119891,26.083593019704068,55.73514920181355,53.37758006349498,9.829793063811872,97.8,23.6,97.8,23.6,97.8,23.6,97.8,23.6,113.34789453612645,32.26966552521804,116.41191195802196,35.986945709906486,113.96028454667628,31.326473358581545,119.08717868634425,43.16956111254994
106.66666666666669,500.0,54.54792674276843,52.36671813014358,7.387638858235346,41.06335839119891,53.37758006349498,9.829793063811872,26.083593019704068,55.73514920181355,98.2,23.6,98.2,24.2,98.2,24.2,98.0,24.0,113.34789453612645,32.26966552521804,116.41191195802196,35.986945709906486,119.08717868634425,43.16956111254994,113.96028454667628,31.326473358581545
106.66666666666669,500.0,54.54792674276843,52.36671813014358,53.37758006349498,9.829793063811872,26.083593019704068,55.73514920181355,7.387638858235346,41.06335839119891,99.8,24.6,99.8,24.6,99.8,24.6,99.8,24.6,113.34789453612645,32.26966552521804,119.08717868634425,43.16956111254994,113.96028454667628,31.326473358581545,116.41191195802196,35.986945709906486
106.66666666666669,500.0,54.54792674276843,52.36671813014358,53.37758006349498,9.829793063811872,7.387638858235346,41.06335839119891,26.083593019704068,55.73514920181355,100.2,23.6,100.2,23.6,100.2,23.6,100.2,23.6,113.34789453612645,32.26966552521804,119.08717868634425,43.16956111254994,116.41191195802196,35.986945709906486,113.96028454667628,31.326473358581545
106.66666666666669,500.0,26.083593019704068,55.73514920181355,54.54792674276843,52.36671813014358,7.387638858235346,41.06335839119891,53.37758006349498,9.829793063811872,98.2,25.8,98.0,25.8,98.2,25.8,98.2,25.8,113.96028454667628,31.326473358581545,113.34789453612645,32.26966552521804,116.41191195802196,35.986945709906486,119.08717868634425,43.16956111254994
106.66666666666669,500.0,26.083593019704068,55.73514920181355,54.54792674276843,52.36671813014358,53.37758006349498,9.829793063811872,7.387638858235346,41.06335839119891,96.4,24.2,96.4,24.2,96.4,24.2,96.4,24.2,113.96028454667628,31.326473358581545,113.34789453612645,32.26966552521804,119.08717868634425,43.16956111254994,116.41191195802196,35.986945709906486
106.66666666666669,500.0,26.083593019704068,55.73514920181355,7.387638858235346,41.06335839119891,54.54792674276843,52.36671813014358,53.37758006349498,9.829793063811872,94.2,23.8,94.2,23.8,94.2,23.8,94.2,23.8,113.96028454667628,31.326473358581545,116.41191195802196,35.986945709906486,113.34789453612645,32.26966552521804,119.08717868634425,43.16956111254994
106.66666666666669,500.0,26.083593019704068,55.73514920181355,7.387638858235346,41.06335839119891,53.37758006349498,9.829793063811872,54.54792674276843,52.36671813014358,98.6,23.4,98.4,23.6,98.2,23.8,98.2,23.4,113.96028454667628,31.326473358581545,116.41191195802196,35.986945709906486,119.08717868634425,43.16956111254994,113.34789453612645,32.26966552521804
106.66666666666669,500.0,26.083593019704068,55.73514920181355,53.37758006349498,9.829793063811872,54.54792674276843,52.36671813014358,7.387638858235346,41.06335839119891,98.0,24.8,98.0,24.8,98.0,24.8,98.0,24.8,113.96028454667628,31.326473358581545,119.08717868634425,43.16956111254994,113.34789453612645,32.26966552521804,116.41191195802196,35.986945709906486
106.66666666666669,500.0,26.083593019704068,55.73514920181355,53.37758006349498,9.829793063811872,7.387638858235346,41.06335839119891,54.54792674276843,52.36671813014358,96.4,22.8,96.4,22.8,96.4,22.8,96.4,22.8,113.96028454667628,31.326473358581545,119.08717868634425,43.16956111254994,116.41191195802196,35.986945709906486,113.34789453612645,32.26966552521804
106.66666666666669,500.0,7.387638858235346,41.06335839119891,54.54792674276843,52.36671813014358,26.083593019704068,55.73514920181355,53.37758006349498,9.829793063811872,93.4,26.2,93.4,26.2,93.4,26.2,93.4,26.2,116.41191195802196,35.986945709906486,113.34789453612645,32.26966552521804,113.96028454667628,31.326473358581545,119.08717868634425,43.16956111254994
106.66666666666669,500.0,7.387638858235346,41.06335839119891,54.54792674276843,52.36671813014358,53.37758006349498,9.829793063811872,26.083593019704068,55.73514920181355,98.6,26.0,98.6,26.0,98.6,26.0,98.6,26.0,116.41191195802196,35.986945709906486,113.34789453612645,32.26966552521804,119.08717868634425,43.16956111254994,113.96028454667628,31.326473358581545
106.66666666666669,500.0,7.387638858235346,41.06335839119891,26.083593019704068,55.73514920181355,54.54792674276843,52.36671813014358,53.37758006349498,9.829793063811872,96.2,24.0,96.2,24.0,96.2,24.0,96.2,24.0,116.41191195802196,35.986945709906486,113.96028454667628,31.326473358581545,113.34789453612645,32.26966552521804,119.08717868634425,43.16956111254994
106.66666666666669,500.0,7.387638858235346,41.06335839119891,26.083593019704068,55.73514920181355,53.37758006349498,9.829793063811872,54.54792674276843,52.36671813014358,99.8,24.2,99.6,24.2,99.2,24.2,99.6,24.2,116.41191195802196,35.986945709906486,113.96028454667628,31.326473358581545,119.08717868634425,43.16956111254994,113.34789453612645,32.26966552521804
106.66666666666669,500.0,7.387638858235346,41.06335839119891,53.37758006349498,9.829793063811872,54.54792674276843,52.36671813014358,26.083593019704068,55.73514920181355,100.0,26.4,100.0,26.4,100.0,26.4,100.0,26.4,116.41191195802196,35.986945709906486,119.08717868634425,43.16956111254994,113.34789453612645,32.26966552521804,113.96028454667628,31.326473358581545
106.66666666666669,500.0,7.387638858235346,41.06335839119891,53.37758006349498,9.829793063811872,26.083593019704068,55.73514920181355,54.54792674276843,52.36671813014358,95.2,24.6,95.2,24.6,95.2,24.6,95.2,24.6,116.41191195802196,35.986945709906486,119.08717868634425,43.16956111254994,113.96028454667628,31.326473358581545,113.34789453612645,32.26966552521804
106.66666666666669,500.0,53.37758006349498,9.829793063811872,54.54792674276843,52.36671813014358,26.083593019704068,55.73514920181355,7.387638858235346,41.06335839119891,99.0,24.2,99.0,24.2,99.0,24.2,99.0,24.2,119.08717868634425,43.16956111254994,113.34789453612645,32.26966552521804,113.96028454667628,31.326473358581545,116.41191195802196,35.986945709906486
106.66666666666669,500.0,53.37758006349498,9.829793063811872,54.54792674276843,52.36671813014358,7.387638858235346,41.06335839119891,26.083593019704068,55.73514920181355,96.6,24.8,96.6,24.8,96.6,24.8,96.6,24.8,119.08717868634425,43.16956111254994,113.34789453612645,32.26966552521804,116.41191195802196,35.986945709906486,113.96028454667628,31.326473358581545
106.66666666666669,500.0,53.37758006349498,9.829793063811872,26.083593019704068,55.73514920181355,54.54792674276843,52.36671813014358,7.387638858235346,41.06335839119891,97.4,25.2,97.6,25.2,97.4,24.8,97.4,25.0,119.08717868634425,43.16956111254994,113.96028454667628,31.326473358581545,113.34789453612645,32.26966552521804,116.41191195802196,35.986945709906486
106.66666666666669,500.0,53.37758006349498,9.829793063811872,26.083593019704068,55.73514920181355,7.387638858235346,41.06335839119891,54.54792674276843,52.36671813014358,99.0,24.4,99.6,24.4,99.6,24.4,99.6,24.4,119.08717868634425,43.16956111254994,113.96028454667628,31.326473358581545,116.41191195802196,35.986945709906486,113.34789453612645,32.26966552521804
106.66666666666669,500.0,53.37758006349498,9.829793063811872,7.387638858235346,41.06335839119891,54.54792674276843,52.36671813014358,26.083593019704068,55.73514920181355,97.8,24.0,99.0,24.0,99.0,24.0,99.0,24.0,119.08717868634425,43.16956111254994,116.41191195802196,35.986945709906486,113.34789453612645,32.26966552521804,113.96028454667628,31.326473358581545
106.66666666666669,500.0,53.37758006349498,9.829793063811872,7.387638858235346,41.06335839119891,26.083593019704068,55.73514920181355,54.54792674276843,52.36671813014358,97.6,25.0,98.0,24.6,97.8,24.6,97.6,24.6,119.08717868634425,43.16956111254994,116.41191195802196,35.986945709906486,113.96028454667628,31.326473358581545,113.34789453612645,32.26966552521804
106.66666666666669,500.0,56.55109035401546,42.16580384118928,1.3107137636651212,1.4520721328146746,25.28609564503224,25.513188285786125,28.47421354476287,46.709608125055446,97.2,48.8,99.2,50.2,100.4,49.6,100.4,49.2,92.09120308307516,25.6334013426217,110.7073161301728,35.16400418138109,79.32572713332871,27.41855169272052,110.69564518668696,22.630878302880856
106.66666666666669,500.0,56.55109035401546,42.16580384118928,28.47421354476287,46.709608125055446,1.3107137636651212,1.4520721328146746,25.28609564503224,25.513188285786125,97.2,52.4,99.0,52.6,98.0,53.0,98.8,52.8,92.09120308307516,25.6334013426217,110.69564518668696,22.630878302880856,110.7073161301728,35.16400418138109,79.32572713332871,27.41855169272052
106.66666666666669,500.0,56.55109035401546,42.16580384118928,28.47421354476287,46.709608125055446,25.28609564503224,25.513188285786125,1.3107137636651212,1.4520721328146746,96.2,49.2,101.2,50.2,99.6,51.8,99.0,51.8,92.09120308307516,25.6334013426217,110.69564518668696,22.630878302880856,79.32572713332871,27.41855169272052,110.7073161301728,35.16400418138109
106.66666666666669,500.0,56.55109035401546,42.16580384118928,25.28609564503224,25.513188285786125,1.3107137636651212,1.4520721328146746,28.47421354476287,46.709608125055446,98.2,51.4,99.4,52.6,99.4,52.6,101.8,52.0,92.09120308307516,25.6334013426217,79.32572713332871,27.41855169272052,110.7073161301728,35.16400418138109,110.69564518668696,22.630878302880856
106.66666666666669,500.0,56.55109035401546,42.16580384118928,25.28609564503224,25.513188285786125,28.47421354476287,46.709608125055446,1.3107137636651212,1.4520721328146746,96.8,50.0,99.6,50.8,100.8,50.4,98.8,51.4,92.09120308307516,25.6334013426217,79.32572713332871,27.41855169272052,110.69564518668696,22.630878302880856,110.7073161301728,35.16400418138109
106.66666666666669,500.0,1.3107137636651212,1.4520721328146746,56.55109035401546,42.16580384118928,28.47421354476287,46.709608125055446,25.28609564503224,25.513188285786125,98.0,48.0,96.0,46.4,99.6,47.0,99.2,47.6,110.7073161301728,35.16400418138109,92.09120308307516,25.6334013426217,110.69564518668696,22.630878302880856,79.32572713332871,27.41855169272052
106.66666666666669,500.0,1.3107137636651212,1.4520721328146746,56.55109035401546,42.16580384118928,25.28609564503224,25.513188285786125,28.47421354476287,46.709608125055446,99.0,47.8,97.2,46.4,99.8,47.2,100.2,46.6,110.7073161301728,35.16400418138109,92.09120308307516,25.6334013426217,79.32572713332871,27.41855169272052,110.69564518668696,22.630878302880856
106.66666666666669,500.0,1.3107137636651212,1.4520721328146746,28.47421354476287,46.709608125055446,56.55109035401546,42.16580384118928,25.28609564503224,25.513188285786125,98.4,49.2,99.8,48.8,97.8,48.8,99.4,48.8,110.7073161301728,35.16400418138109,110.69564518668696,22.630878302880856,92.09120308307516,25.6334013426217,79.32572713332871,27.41855169272052
106.66666666666669,500.0,1.3107137636651212,1.4520721328146746,28.47421354476287,46.709608125055446,25.28609564503224,25.513188285786125,56.55109035401546,42.16580384118928,96.6,49.8,97.8,48.8,97.0,49.8,94.6,47.8,110.7073161301728,35.16400418138109,110.69564518668696,22.630878302880856,79.32572713332871,27.41855169272052,92.09120308307516,25.6334013426217
106.66666666666669,500.0,1.3107137636651212,1.4520721328146746,25.28609564503224,25.513188285786125,56.55109035401546,42.16580384118928,28.47421354476287,46.709608125055446,98.8,50.8,99.2,50.4,97.2,49.6,100.6,50.0,110.7073161301728,35.16400418138109,79.32572713332871,27.41855169272052,92.09120308307516,25.6334013426217,110.69564518668696,22.630878302880856
106.66666666666669,500.0,1.3107137636651212,1.4520721328146746,25.28609564503224,25.513188285786125,28.47421354476287,46.709608125055446,56.55109035401546,42.16580384118928,98.4,49.8,99.2,49.2,100.4,48.4,95.4,47.6,110.7073161301728,35.16400418138109,79.32572713332871,27.41855169272052,110.69564518668696,22.630878302880856,92.09120308307516,25.6334013426217
106.66666666666669,500.0,28.47421354476287,46.709608125055446,56.55109035401546,42.16580384118928,1.3107137636651212,1.4520721328146746,25.28609564503224,25.513188285786125,103.4,46.8,96.4,45.8,100.6,49.0,101.6,48.4,110.69564518668696,22.630878302880856,92.09120308307516,25.6334013426217,110.7073161301728,35.16400418138109,79.32572713332871,27.41855169272052
106.66666666666669,500.0,28.47421354476287,46.709608125055446,56.55109035401546,42.16580384118928,25.28609564503224,25.513188285786125,1.3107137636651212,1.4520721328146746,100.6,47.0,97.6,46.6,100.0,47.4,99.2,47.8,110.69564518668696,22.630878302880856,92.09120308307516,25.6334013426217,79.32572713332871,27.41855169272052,110.7073161301728,35.16400418138109
106.66666666666669,500.0,28.47421354476287,46.709608125055446,1.3107137636651212,1.4520721328146746,56.55109035401546,42.16580384118928,25.28609564503224,25.513188285786125,102.2,45.8,100.0,47.8,96.6,45.2,101.0,46.8,110.69564518668696,22.630878302880856,110.7073161301728,35.16400418138109,92.09120308307516,25.6334013426217,79.32572713332871,27.41855169272052
106.66666666666669,500.0,28.47421354476287,46.709608125055446,1.3107137636651212,1.4520721328146746,25.28609564503224,25.513188285786125,56.55109035401546,42.16580384118928,102.0,49.6,100.4,51.4,101.2,50.6,97.4,49.0,110.69564518668696,22.630878302880856,110.7073161301728,35.16400418138109,79.32572713332871,27.41855169272052,92.09120308307516,25.6334013426217
106.66666666666669,500.0,28.47421354476287,46.709608125055446,25.28609564503224,25.513188285786125,56.55109035401546,42.16580384118928,1.3107137636651212,1.4520721328146746,101.8,48.6,99.8,50.0,97.4,47.6,100.0,50.2,110.69564518668696,22.630878302880856,79.32572713332871,27.41855169272052,92.09120308307516,25.6334013426217,110.7073161301728,35.16400418138109
106.66666666666669,500.0,28.47421354476287,46.709608125055446,25.28609564503224,25.513188285786125,1.3107137636651212,1.4520721328146746,56.55109035401546,42.16580384118928,99.8,48.0,98.8,48.8,98.2,49.2,95.8,47.2,110.69564518668696,22.630878302880856,79.32572713332871,27.41855169272052,110.7073161301728,35.16400418138109,92.09120308307516,25.6334013426217
106.66666666666669,500.0,25.28609564503224,25.513188285786125,56.55109035401546,42.16580384118928,1.3107137636651212,1.4520721328146746,28.47421354476287,46.709608125055446,101.4,49.4,96.2,46.2,100.6,50.0,102.8,47.8,79.32572713332871,27.41855169272052,92.09120308307516,25.6334013426217,110.7073161301728,35.16400418138109,110.69564518668696,22.630878302880856
106.66666666666669,500.0,25.28609564503224,25.513188285786125,56.55109035401546,42.16580384118928,28.47421354476287,46.709608125055446,1.3107137636651212,1.4520721328146746,99.8,48.8,94.6,46.4,100.6,47.6,98.2,49.4,79.32572713332871,27.41855169272052,92.09120308307516,25.6334013426217,110.69564518668696,22.630878302880856,110.7073161301728,35.16400418138109
106.66666666666669,500.0,25.28609564503224,25.513188285786125,1.3107137636651212,1.4520721328146746,56.55109035401546,42.16580384118928,28.47421354476287,46.709608125055446,99.2,51.2,98.8,51.2,96.4,48.8,100.2,50.0,79.32572713332871,27.41855169272052,110.7073161301728,35.16400418138109,92.09120308307516,25.6334013426217,110.69564518668696,22.630878302880856
106.66666666666669,500.0,25.28609564503224,25.513188285786125,1.3107137636651212,1.4520721328146746,28.47421354476287,46.709608125055446,56.55109035401546,42.16580384118928,98.8,51.2,98.6,51.2,100.4,50.2,96.6,49.2,79.32572713332871,27.41855169272052,110.7073161301728,35.16400418138109,110.69564518668696,22.630878302880856,92.09120308307516,25.6334013426217
106.66666666666669,500.0,25.28609564503224,25.513188285786125,28.47421354476287,46.709608125055446,56.55109035401546,42.16580384118928,1.3107137636651212,1.4520721328146746,102.8,50.8,102.6,50.6,99.4,50.4,101.4,51.6,79.32572713332871,27.41855169272052,110.69564518668696,22.630878302880856,92.09120308307516,25.6334013426217,110.7073161301728,35.16400418138109
106.66666666666669,500.0,25.28609564503224,25.513188285786125,28.47421354476287,46.709608125055446,1.3107137636651212,1.4520721328146746,56.55109035401546,42.16580384118928,98.8,49.0,99.6,48.4,98.0,49.6,95.6,47.8,79.32572713332871,27.41855169272052,110.69564518668696,22.630878302880856,110.7073161301728,35.16400418138109,92.09120308307516,25.6334013426217
106.66666666666669,500.0,26.29761949961138,10.622057669513667,8.159263100887744,35.044372623225776,51.436652017042434,17.332232140959412,56.50747002159251,44.56407627355854,99.6,51.6,99.0,51.0,98.0,51.8,98.0,51.2,104.9416231143233,24.563219382514887,108.71398906018192,9.581995573529092,89.16525738651299,19.99778547631225,84.48617872644569,4.077831816574282
106.66666666666669,500.0,26.29761949961138,10.622057669513667,56.50747002159251,44.56407627355854,8.159263100887744,35.044372623225776,51.436652017042434,17.332232140959412,101.8,53.0,99.8,52.2,101.0,52.2,99.8,53.0,104.9416231143233,24.563219382514887,84.48617872644569,4.077831816574282,108.71398906018192,9.581995573529092,89.16525738651299,19.99778547631225
106.66666666666669,500.0,26.29761949961138,10.622057669513667,56.50747002159251,44.56407627355854,51.436652017042434,17.332232140959412,8.159263100887744,35.044372623225776,99.0,49.8,97.8,48.8,97.8,49.8,100.0,48.8,104.9416231143233,24.563219382514887,84.48617872644569,4.077831816574282,89.16525738651299,19.99778547631225,108.71398906018192,9.581995573529092
106.66666666666669,500.0,26.29761949961138,10.622057669513667,51.436652017042434,17.332232140959412,8.159263100887744,35.044372623225776,56.50747002159251,44.56407627355854,98.2,48.4,95.6,48.4,97.8,47.6,95.6,47.6,104.9416231143233,24.563219382514887,89.16525738651299,19.99778547631225,108.71398906018192,9.581995573529092,84.48617872644569,4.077831816574282
106.66666666666669,500.0,26.29761949961138,10.622057669513667,51.436652017042434,17.332232140959412,56.50747002159251,44.56407627355854,8.159263100887744,35.044372623225776,100.4,51.6,97.8,51.6,97.6,50.0,100.2,50.4,104.9416231143233,24.563219382514887,89.16525738651299,19.99778547631225,84.48617872644569,4.077831816574282,108.71398906018192,9.581995573529092
106.66666666666669,500.0,8.159263100887744,35.044372623225776,26.29761949961138,10.622057669513667,56.50747002159251,44.56407627355854,51.436652017042434,17.332232140959412,101.2,49.2,100.4,50.8,98.0,49.2,98.2,50.8,108.71398906018192,9.581995573529092,104.9416231143233,24.563219382514887,84.48617872644569,4.077831816574282,89.16525738651299,19.99778547631225
106.66666666666669,500.0,8.159263100887744,35.044372623225776,26.29761949961138,10.622057669513667,51.436652017042434,17.332232140959412,56.50747002159251,44.56407627355854,100.4,48.2,100.2,49.4,97.0,49.4,97.0,48.2,108.71398906018192,9.581995573529092,104.9416231143233,24.563219382514887,89.16525738651299,19.99778547631225,84.48617872644569,4.077831816574282
106.66666666666669,500.0,8.159263100887744,35.044372623225776,56.50747002159251,44.56407627355854,26.29761949961138,10.622057669513667,51.436652017042434,17.332232140959412,100.8,52.4,97.6,52.2,101.0,53.8,97.8,53.8,108.71398906018192,9.581995573529092,84.48617872644569,4.077831816574282,104.9416231143233,24.563219382514887,89.16525738651299,19.99778547631225
106.66666666666669,500.0,8.159263100887744,35.044372623225776,56.50747002159251,44.56407627355854,51.436652017042434,17.332232140959412,26.29761949961138,10.622057669513667,100.4,53.2,97.8,53.4,98.4,54.6,101.0,54.8,108.71398906018192,9.581995573529092,84.48617872644569,4.077831816574282,89.16525738651299,19.99778547631225,104.9416231143233,24.563219382514887
106.66666666666669,500.0,8.159263100887744,35.044372623225776,51.436652017042434,17.332232140959412,26.29761949961138,10.622057669513667,56.50747002159251,44.56407627355854,99.8,48.4,99.8,48.6,100.6,48.8,99.8,48.6,108.71398906018192,9.581995573529092,89.16525738651299,19.99778547631225,104.9416231143233,24.563219382514887,84.48617872644569,4.077831816574282
106.66666666666669,500.0,8.159263100887744,35.044372623225776,51.436652017042434,17.332232140959412,56.50747002159251,44.56407627355854,26.29761949961138,10.622057669513667,100.0,54.8,96.2,56.4,96.0,54.8,100.2,56.4,108.71398906018192,9.581995573529092,89.16525738651299,19.99778547631225,84.48617872644569,4.077831816574282,104.9416231143233,24.563219382514887
106.66666666666669,500.0,56.50747002159251,44.56407627355854,26.29761949961138,10.622057669513667,8.159263100887744,35.044372623225776,51.436652017042434,17.332232140959412,96.2,52.6,98.2,53.4,98.4,52.6,96.2,53.4,84.48617872644569,4.077831816574282,104.9416231143233,24.563219382514887,108.71398906018192,9.581995573529092,89.16525738651299,19.99778547631225
106.66666666666669,500.0,56.50747002159251,44.56407627355854,26.29761949961138,10.622057669513667,51.436652017042434,17.332232140959412,8.159263100887744,35.044372623225776,96.4,51.2,100.4,52.6,96.4,52.6,100.2,51.2,84.48617872644569,4.077831816574282,104.9416231143233,24.563219382514887,89.16525738651299,19.99778547631225,108.71398906018192,9.581995573529092
106.66666666666669,500.0,56.50747002159251,44.56407627355854,8.159263100887744,35.044372623225776,26.29761949961138,10.622057669513667,51.436652017042434,17.332232140959412,98.4,50.4,99.0,50.8,100.4,51.6,98.4,51.6,84.48617872644569,4.077831816574282,108.71398906018192,9.581995573529092,104.9416231143233,24.563219382514887,89.16525738651299,19.99778547631225
106.66666666666669,500.0,56.50747002159251,44.56407627355854,8.159263100887744,35.044372623225776,51.436652017042434,17.332232140959412,26.29761949961138,10.622057669513667,100.4,51.6,101.4,51.8,99.8,52.6,101.8,52.6,84.48617872644569,4.077831816574282,108.71398906018192,9.581995573529092,89.16525738651299,19.99778547631225,104.9416231143233,24.563219382514887
106.66666666666669,500.0,56.50747002159251,44.56407627355854,51.436652017042434,17.332232140959412,26.29761949961138,10.622057669513667,8.159263100887744,35.044372623225776,99.4,49.8,99.4,50.8,101.4,50.8,102.0,49.8,84.48617872644569,4.077831816574282,89.16525738651299,19.99778547631225,104.9416231143233,24.563219382514887,108.71398906018192,9.581995573529092
106.66666666666669,500.0,56.50747002159251,44.56407627355854,51.436652017042434,17.332232140959412,8.159263100887744,35.044372623225776,26.29761949961138,10.622057669513667,99.2,47.2,99.4,47.8,100.8,47.2,99.8,47.8,84.48617872644569,4.077831816574282,89.16525738651299,19.99778547631225,108.71398906018192,9.581995573529092,104.9416231143233,24.563219382514887
106.66666666666669,500.0,51.436652017042434,17.332232140959412,26.29761949961138,10.622057669513667,8.159263100887744,35.044372623225776,56.50747002159251,44.56407627355854,97.4,49.6,99.2,49.6,99.2,48.8,97.4,48.8,89.16525738651299,19.99778547631225,104.9416231143233,24.563219382514887,108.71398906018192,9.581995573529092,84.48617872644569,4.077831816574282
106.66666666666669,500.0,51.436652017042434,17.332232140959412,26.29761949961138,10.622057669513667,56.50747002159251,44.56407627355854,8.159263100887744,35.044372623225776,98.2,51.4,101.0,51.4,98.2,50.4,100.6,50.4,89.16525738651299,19.99778547631225,104.9416231143233,24.563219382514887,84.48617872644569,4.077831816574282,108.71398906018192,9.581995573529092
106.66666666666669,500.0,51.436652017042434,17.332232140959412,8.159263100887744,35.044372623225776,26.29761949961138,10.622057669513667,56.50747002159251,44.56407627355854,98.4,51.2,99.2,50.8,99.2,51.2,98.4,50.8,89.16525738651299,19.99778547631225,108.71398906018192,9.581995573529092,104.9416231143233,24.563219382514887,84.48617872644569,4.077831816574282
106.66666666666669,500.0,51.436652017042434,17.332232140959412,8.159263100887744,35.044372623225776,56.50747002159251,44.56407627355854,26.29761949961138,10.622057669513667,97.8,51.8,99.4,51.0,97.8,51.0,99.4,51.8,89.16525738651299,19.99778547631225,108.71398906018192,9.581995573529092,84.48617872644569,4.077831816574282,104.9416231143233,24.563219382514887
106.66666666666669,500.0,51.436652017042434,17.332232140959412,56.50747002159251,44.56407627355854,26.29761949961138,10.622057669513667,8.159263100887744,35.044372623225776,98.0,48.0,98.0,47.4,98.4,48.0,99.4,47.4,89.16525738651299,19.99778547631225,84.48617872644569,4.077831816574282,104.9416231143233,24.563219382514887,108.71398906018192,9.581995573529092
106.66666666666669,500.0,51.436652017042434,17.332232140959412,56.50747002159251,44.56407627355854,8.159263100887744,35.044372623225776,26.29761949961138,10.622057669513667,98.8,51.0,98.8,50.2,100.4,50.2,101.0,51.0,89.16525738651299,19.99778547631225,84.48617872644569,4.077831816574282,108.71398906018192,9.581995573529092,104.9416231143233,24.563219382514887
106.66666666666669,500.0,25.588670881418164,38.09203944321389,3.4764116466160577,46.7646209904263,19.04502096122945,3.7262675310507687,51.89543429029944,57.23531273787504,109.0,35.0,109.4,35.0,110.4,35.0,109.4,35.0,87.1398728228413,24.66140830566572,106.7982110007951,16.04806146499024,87.75911265586602,44.51376889919511,66.38352211689822,8.768718307482423
106.66666666666669,500.0,25.588670881418164,38.09203944321389,51.89543429029944,57.23531273787504,3.4764116466160577,46.7646209904263,19.04502096122945,3.7262675310507687,113.2,39.0,113.6,39.0,113.4,39.0,113.8,39.0,87.1398728228413,24.66140830566572,66.38352211689822,8.768718307482423,106.7982110007951,16.04806146499024,87.75911265586602,44.51376889919511
106.66666666666669,500.0,25.588670881418164,38.09203944321389,51.89543429029944,57.23531273787504,19.04502096122945,3.7262675310507687,3.4764116466160577,46.7646209904263,111.2,36.2,112.0,36.2,112.8,36.2,112.0,36.2,87.1398728228413,24.66140830566572,66.38352211689822,8.768718307482423,87.75911265586602,44.51376889919511,106.7982110007951,16.04806146499024
106.66666666666669,500.0,25.588670881418164,38.09203944321389,19.04502096122945,3.7262675310507687,3.4764116466160577,46.7646209904263,51.89543429029944,57.23531273787504,111.0,38.2,111.2,38.2,110.6,38.2,110.8,38.2,87.1398728228413,24.66140830566572,87.75911265586602,44.51376889919511,106.7982110007951,16.04806146499024,66.38352211689822,8.768718307482423
106.66666666666669,500.0,25.588670881418164,38.09203944321389,19.04502096122945,3.7262675310507687,51.89543429029944,57.23531273787504,3.4764116466160577,46.7646209904263,111.4,37.2,112.2,37.4,111.6,37.0,111.8,37.2,87.1398728228413,24.66140830566572,87.75911265586602,44.51376889919511,66.38352211689822,8.768718307482423,106.7982110007951,16.04806146499024
106.66666666666669,500.0,3.4764116466160577,46.7646209904263,25.588670881418164,38.09203944321389,51.89543429029944,57.23531273787504,19.04502096122945,3.7262675310507687,112.6,36.8,111.6,36.8,112.4,36.6,112.6,37.0,106.7982110007951,16.04806146499024,87.1398728228413,24.66140830566572,66.38352211689822,8.768718307482423,87.75911265586602,44.51376889919511
106.66666666666669,500.0,3.4764116466160577,46.7646209904263,25.588670881418164,38.09203944321389,19.04502096122945,3.7262675310507687,51.89543429029944,57.23531273787504,110.8,36.8,111.4,36.8,111.6,36.8,111.0,36.8,106.7982110007951,16.04806146499024,87.1398728228413,24.66140830566572,87.75911265586602,44.51376889919511,66.38352211689822,8.768718307482423
106.66666666666669,500.0,3.4764116466160577,46.7646209904263,51.89543429029944,57.23531273787504,25.588670881418164,38.09203944321389,19.04502096122945,3.7262675310507687,112.4,36.4,112.4,36.4,111.6,36.4,112.6,36.4,106.7982110007951,16.04806146499024,66.38352211689822,8.768718307482423,87.1398728228413,24.66140830566572,87.75911265586602,44.51376889919511
106.66666666666669,500.0,3.4764116466160577,46.7646209904263,51.89543429029944,57.23531273787504,19.04502096122945,3.7262675310507687,25.588670881418164,38.09203944321389,110.4,37.4,110.2,37.2,111.0,37.6,109.6,37.4,106.7982110007951,16.04806146499024,66.38352211689822,8.768718307482423,87.75911265586602,44.51376889919511,87.1398728228413,24.66140830566572
106.66666666666669,500.0,3.4764116466160577,46.7646209904263,19.04502096122945,3.7262675310507687,25.588670881418164,38.09203944321389,51.89543429029944,57.23531273787504,112.6,34.6,113.4,35.2,112.8,34.6,113.2,34.0,106.7982110007951,16.04806146499024,87.75911265586602,44.51376889919511,87.1398728228413,24.66140830566572,66.38352211689822,8.768718307482423
106.66666666666669,500.0,3.4764116466160577,46.7646209904263,19.04502096122945,3.7262675310507687,51.89543429029944,57.23531273787504,25.588670881418164,38.09203944321389,114.6,39.0,114.6,39.0,114.6,39.0,114.6,39.0,106.7982110007951,16.04806146499024,87.75911265586602,44.51376889919511,66.38352211689822,8.768718307482423,87.1398728228413,24.66140830566572
106.66666666666669,500.0,51.89543429029944,57.23531273787504,25.588670881418164,38.09203944321389,3.4764116466160577,46.7646209904263,19.04502096122945,3.7262675310507687,109.8,34.0,109.0,34.4,109.6,34.4,110.2,34.8,66.38352211689822,8.768718307482423,87.1398728228413,24.66140830566572,106.7982110007951,16.04806146499024,87.75911265586602,44.51376889919511
106.66666666666669,500.0,51.89543429029944,57.23531273787504,25.588670881418164,38.09203944321389,19.04502096122945,3.7262675310507687,3.4764116466160577,46.7646209904263,111.4,37.0,111.0,37.0,111.4,37.0,111.4,37.0,66.38352211689822,8.768718307482423,87.1398728228413,24.66140830566572,87.75911265586602,44.51376889919511,106.7982110007951,16.04806146499024
106.66666666666669,500.0,51.89543429029944,57.23531273787504,3.4764116466160577,46.7646209904263,25.588670881418164,38.09203944321389,19.04502096122945,3.7262675310507687,114.4,39.2,114.8,39.6,114.2,39.6,114.4,40.0,66.38352211689822,8.768718307482423,106.7982110007951,16.04806146499024,87.1398728228413,24.66140830566572,87.75911265586602,44.51376889919511
106.66666666666669,500.0,51.89543429029944,57.23531273787504,3.4764116466160577,46.7646209904263,19.04502096122945,3.7262675310507687,25.588670881418164,38.09203944321389,109.8,36.8,109.6,37.0,110.2,37.2,109.0,37.0,66.38352211689822,8.768718307482423,106.7982110007951,16.04806146499024,87.75911265586602,44.51376889919511,87.1398728228413,24.66140830566572
106.66666666666669,500.0,51.89543429029944,57.23531273787504,19.04502096122945,3.7262675310507687,25.588670881418164,38.09203944321389,3.4764116466160577,46.7646209904263,111.6,37.8,112.0,38.2,111.8,38.0,111.4,38.0,66.38352211689822,8.768718307482423,87.75911265586602,44.51376889919511,87.1398728228413,24.66140830566572,106.7982110007951,16.04806146499024
106.66666666666669,500.0,51.89543429029944,57.23531273787504,19.04502096122945,3.7262675310507687,3.4764116466160577,46.7646209904263,25.588670881418164,38.09203944321389,112.6,37.2,112.6,37.2,112.6,37.2,111.8,37.2,66.38352211689822,8.768718307482423,87.75911265586602,44.51376889919511,106.7982110007951,16.04806146499024,87.1398728228413,24.66140830566572
106.66666666666669,500.0,19.04502096122945,3.7262675310507687,25.588670881418164,38.09203944321389,3.4764116466160577,46.7646209904263,51.89543429029944,57.23531273787504,112.6,36.8,112.6,36.6,112.2,36.6,112.6,36.4,87.75911265586602,44.51376889919511,87.1398728228413,24.66140830566572,106.7982110007951,16.04806146499024,66.38352211689822,8.768718307482423
106.66666666666669,500.0,19.04502096122945,3.7262675310507687,25.588670881418164,38.09203944321389,51.89543429029944,57.23531273787504,3.4764116466160577,46.7646209904263,113.4,37.0,112.4,36.8,112.6,36.6,112.8,36.8,87.75911265586602,44.51376889919511,87.1398728228413,24.66140830566572,66.38352211689822,8.768718307482423,106.7982110007951,16.04806146499024
106.66666666666669,500.0,19.04502096122945,3.7262675310507687,3.4764116466160577,46.7646209904263,25.588670881418164,38.09203944321389,51.89543429029944,57.23531273787504,114.0,36.0,113.8,35.8,113.0,35.8,113.6,35.6,87.75911265586602,44.51376889919511,106.7982110007951,16.04806146499024,87.1398728228413,24.66140830566572,66.38352211689822,8.768718307482423
106.66666666666669,500.0,19.04502096122945,3.7262675310507687,3.4764116466160577,46.7646209904263,51.89543429029944,57.23531273787504,25.588670881418164,38.09203944321389,114.0,37.6,114.0,37.6,114.0,37.6,113.8,37.6,87.75911265586602,44.51376889919511,106.7982110007951,16.04806146499024,66.38352211689822,8.768718307482423,87.1398728228413,24.66140830566572
106.66666666666669,500.0,19.04502096122945,3.7262675310507687,51.89543429029944,57.23531273787504,25.588670881418164,38.09203944321389,3.4764116466160577,46.7646209904263,114.2,38.0,113.8,38.0,113.8,38.0,113.8,38.0,87.75911265586602,44.51376889919511,66.38352211689822,8.768718307482423,87.1398728228413,24.66140830566572,106.7982110007951,16.04806146499024
106.66666666666669,500.0,19.04502096122945,3.7262675310507687,51.89543429029944,57.23531273787504,3.4764116466160577,46.7646209904263,25.588670881418164,38.09203944321389,111.0,35.8,109.6,34.6,110.0,35.0,111.0,35.0,87.75911265586602,44.51376889919511,66.38352211689822,8.768718307482423,106.7982110007951,16.04806146499024,87.1398728228413,24.66140830566572
106.66666666666669,500.0,1.2944118027610885,40.88481364879613,50.35445727302164,6.084072657683919,26.24652777410228,16.961404311282003,37.37126712945376,39.609436053519474,110.4,11.0,108.2,13.6,109.0,12.8,108.2,10.8,92.1163264518992,27.871445830492284,63.91683907666748,51.648524699340086,65.86124280735694,43.57406014533463,74.94855567883366,28.017148688128003
106.66666666666669,500.0,1.2944118027610885,40.88481364879613,37.37126712945376,39.609436053519474,50.35445727302164,6.084072657683919,26.24652777410228,16.961404311282003,111.8,9.2,109.4,9.2,109.4,11.2,110.6,10.6,92.1163264518992,27.871445830492284,74.94855567883366,28.017148688128003,63.91683907666748,51.648524699340086,65.86124280735694,43.57406014533463
106.66666666666669,500.0,1.2944118027610885,40.88481364879613,37.37126712945376,39.609436053519474,26.24652777410228,16.961404311282003,50.35445727302164,6.084072657683919,111.0,9.6,108.6,9.6,109.4,11.2,108.6,12.0,92.1163264518992,27.871445830492284,74.94855567883366,28.017148688128003,65.86124280735694,43.57406014533463,63.91683907666748,51.648524699340086
106.66666666666669,500.0,1.2944118027610885,40.88481364879613,26.24652777410228,16.961404311282003,50.35445727302164,6.084072657683919,37.37126712945376,39.609436053519474,113.2,10.2,111.8,12.8,108.6,13.6,108.4,10.0,92.1163264518992,27.871445830492284,65.86124280735694,43.57406014533463,63.91683907666748,51.648524699340086,74.94855567883366,28.017148688128003
106.66666666666669,500.0,1.2944118027610885,40.88481364879613,26.24652777410228,16.961404311282003,37.37126712945376,39.609436053519474,50.35445727302164,6.084072657683919,110.8,10.6,110.0,11.8,108.4,10.6,108.4,12.2,92.1163264518992,27.871445830492284,65.86124280735694,43.57406014533463,74.94855567883366,28.017148688128003,63.91683907666748,51.648524699340086
106.66666666666669,500.0,50.35445727302164,6.084072657683919,1.2944118027610885,40.88481364879613,37.37126712945376,39.609436053519474,26.24652777410228,16.961404311282003,108.0,14.2,109.2,13.8,108.0,13.8,109.2,14.2,63.91683907666748,51.648524699340086,92.1163264518992,27.871445830492284,74.94855567883366,28.017148688128003,65.86124280735694,43.57406014533463
106.66666666666669,500.0,50.35445727302164,6.084072657683919,1.2944118027610885,40.88481364879613,26.24652777410228,16.961404311282003,37.37126712945376,39.609436053519474,106.4,15.2,109.4,13.0,108.2,14.6,106.4,13.0,63.91683907666748,51.648524699340086,92.1163264518992,27.871445830492284,65.86124280735694,43.57406014533463,74.94855567883366,28.017148688128003
106.66666666666669,500.0,50.35445727302164,6.084072657683919,37.37126712945376,39.609436053519474,1.2944118027610885,40.88481364879613,26.24652777410228,16.961404311282003,104.4,15.8,104.4,12.0,109.8,12.0,108.2,14.8,63.91683907666748,51.648524699340086,74.94855567883366,28.017148688128003,92.1163264518992,27.871445830492284,65.86124280735694,43.57406014533463
106.66666666666669,500.0,50.35445727302164,6.084072657683919,37.37126712945376,39.609436053519474,26.24652777410228,16.961404311282003,1.2944118027610885,40.88481364879613,105.8,13.4,105.8,11.4,108.0,13.2,108.2,11.6,63.91683907666748,51.648524699340086,74.94855567883366,28.017148688128003,65.86124280735694,43.57406014533463,92.1163264518992,27.871445830492284
106.66666666666669,500.0,50.35445727302164,6.084072657683919,26.24652777410228,16.961404311282003,1.2944118027610885,40.88481364879613,37.37126712945376,39.609436053519474,106.4,14.6,107.4,14.2,108.2,13.2,106.4,13.2,63.91683907666748,51.648524699340086,65.86124280735694,43.57406014533463,92.1163264518992,27.871445830492284,74.94855567883366,28.017148688128003
106.66666666666669,500.0,50.35445727302164,6.084072657683919,26.24652777410228,16.961404311282003,37.37126712945376,39.609436053519474,1.2944118027610885,40.88481364879613,110.4,10.6,112.0,9.6,110.4,7.4,114.0,7.4,63.91683907666748,51.648524699340086,65.86124280735694,43.57406014533463,74.94855567883366,28.017148688128003,92.1163264518992,27.871445830492284
106.66666666666669,500.0,37.37126712945376,39.609436053519474,1.2944118027610885,40.88481364879613,50.35445727302164,6.084072657683919,26.24652777410228,16.961404311282003,111.2,10.6,111.8,10.6,111.2,10.8,111.8,10.8,74.94855567883366,28.017148688128003,92.1163264518992,27.871445830492284,63.91683907666748,51.648524699340086,65.86124280735694,43.57406014533463
106.66666666666669,500.0,37.37126712945376,39.609436053519474,1.2944118027610885,40.88481364879613,26.24652777410228,16.961404311282003,50.35445727302164,6.084072657683919,105.8,11.6,110.0,11.6,107.4,14.2,105.8,15.4,74.94855567883366,28.017148688128003,92.1163264518992,27.871445830492284,65.86124280735694,43.57406014533463,63.91683907666748,51.648524699340086
106.66666666666669,500.0,37.37126712945376,39.609436053519474,50.35445727302164,6.084072657683919,1.2944118027610885,40.88481364879613,26.24652777410228,16.961404311282003,108.6,9.4,108.6,13.2,114.0,9.4,112.4,12.2,74.94855567883366,28.017148688128003,63.91683907666748,51.648524699340086,92.1163264518992,27.871445830492284,65.86124280735694,43.57406014533463
106.66666666666669,500.0,37.37126712945376,39.609436053519474,50.35445727302164,6.084072657683919,26.24652777410228,16.961404311282003,1.2944118027610885,40.88481364879613,110.0,8.2,110.0,10.4,111.8,9.8,113.0,8.2,74.94855567883366,28.017148688128003,63.91683907666748,51.648524699340086,65.86124280735694,43.57406014533463,92.1163264518992,27.871445830492284
106.66666666666669,500.0,37.37126712945376,39.609436053519474,26.24652777410228,16.961404311282003,1.2944118027610885,40.88481364879613,50.35445727302164,6.084072657683919,103.0,14.0,107.0,17.0,109.0,14.0,103.0,18.0,74.94855567883366,28.017148688128003,65.86124280735694,43.57406014533463,92.1163264518992,27.871445830492284,63.91683907666748,51.648524699340086
106.66666666666669,500.0,37.37126712945376,39.609436053519474,26.24652777410228,16.961404311282003,50.35445727302164,6.084072657683919,1.2944118027610885,40.88481364879613,106.6,10.8,108.4,13.4,106.6,14.6,110.8,10.8,74.94855567883366,28.017148688128003,65.86124280735694,43.57406014533463,63.91683907666748,51.648524699340086,92.1163264518992,27.871445830492284
106.66666666666669,500.0,26.24652777410228,16.961404311282003,1.2944118027610885,40.88481364879613,50.35445727302164,6.084072657683919,37.37126712945376,39.609436053519474,110.8,11.8,111.6,10.6,109.2,12.2,109.2,10.6,65.86124280735694,43.57406014533463,92.1163264518992,27.871445830492284,63.91683907666748,51.648524699340086,74.94855567883366,28.017148688128003
106.66666666666669,500.0,26.24652777410228,16.961404311282003,1.2944118027610885,40.88481364879613,37.37126712945376,39.609436053519474,50.35445727302164,6.084072657683919,109.6,11.6,110.0,11.0,107.0,10.6,107.0,12.4,65.86124280735694,43.57406014533463,92.1163264518992,27.871445830492284,74.94855567883366,28.017148688128003,63.91683907666748,51.648524699340086
106.66666666666669,500.0,26.24652777410228,16.961404311282003,50.35445727302164,6.084072657683919,1.2944118027610885,40.88481364879613,37.37126712945376,39.609436053519474,110.4,12.0,108.6,12.6,111.6,10.4,108.6,10.4,65.86124280735694,43.57406014533463,63.91683907666748,51.648524699340086,92.1163264518992,27.871445830492284,74.94855567883366,28.017148688128003
106.66666666666669,500.0,26.24652777410228,16.961404311282003,50.35445727302164,6.084072657683919,37.37126712945376,39.609436053519474,1.2944118027610885,40.88481364879613,111.8,11.0,109.8,11.2,109.8,10.0,112.2,10.0,65.86124280735694,43.57406014533463,63.91683907666748,51.648524699340086,74.94855567883366,28.017148688128003,92.1163264518992,27.871445830492284
106.66666666666669,500.0,26.24652777410228,16.961404311282003,37.37126712945376,39.609436053519474,1.2944118027610885,40.88481364879613,50.35445727302164,6.084072657683919,105.8,16.0,102.4,13.0,107.0,13.4,102.4,16.8,65.86124280735694,43.57406014533463,74.94855567883366,28.017148688128003,92.1163264518992,27.871445830492284,63.91683907666748,51.648524699340086
106.66666666666669,500.0,26.24652777410228,16.961404311282003,37.37126712945376,39.609436053519474,50.35445727302164,6.084072657683919,1.2944118027610885,40.88481364879613,107.6,13.6,105.8,12.0,105.8,14.2,108.6,12.0,65.86124280735694,43.57406014533463,74.94855567883366,28.017148688128003,63.91683907666748,51.648524699340086,92.1163264518992,27.871445830492284
106.66666666666669,500.0,4.986313481924669,28.443465478277947,39.262306054545846,45.08312330904238,58.59750221033434,55.27925142276624,32.20875713361245,6.580401820989456,107.0,38.4,106.2,38.0,106.2,38.0,105.6,38.4,98.7528995831776,50.037058665016914,114.45903171452818,52.23592316542708,111.7833336145785,50.93772151258305,114.27016356339294,52.26911408626292
106.66666666666669,500.0,4.986313481924669,28.443465478277947,32.20875713361245,6.580401820989456,39.262306054545846,45.08312330904238,58.59750221033434,55.27925142276624,111.2,37.8,110.2,37.8,110.6,37.8,110.6,37.8,98.7528995831776,50.037058665016914,114.27016356339294,52.26911408626292,114.45903171452818,52.23592316542708,111.7833336145785,50.93772151258305
106.66666666666669,500.0,4.986313481924669,28.443465478277947,32.20875713361245,6.580401820989456,58.59750221033434,55.27925142276624,39.262306054545846,45.08312330904238,113.8,35.6,113.4,35.6,113.6,35.6,113.6,35.6,98.7528995831776,50.037058665016914,114.27016356339294,52.26911408626292,111.7833336145785,50.93772151258305,114.45903171452818,52.23592316542708
106.66666666666669,500.0,4.986313481924669,28.443465478277947,58.59750221033434,55.27925142276624,39.262306054545846,45.08312330904238,32.20875713361245,6.580401820989456,110.2,37.0,110.0,37.0,110.0,37.0,109.2,37.0,98.7528995831776,50.037058665016914,111.7833336145785,50.93772151258305,114.45903171452818,52.23592316542708,114.27016356339294,52.26911408626292
106.66666666666669,500.0,4.986313481924669,28.443465478277947,58.59750221033434,55.27925142276624,32.20875713361245,6.580401820989456,39.262306054545846,45.08312330904238,109.2,36.0,108.8,36.0,108.6,36.0,108.8,36.0,98.7528995831776,50.037058665016914,111.7833336145785,50.93772151258305,114.27016356339294,52.26911408626292,114.45903171452818,52.23592316542708
106.66666666666669,500.0,39.262306054545846,45.08312330904238,4.986313481924669,28.443465478277947,32.20875713361245,6.580401820989456,58.59750221033434,55.27925142276624,109.8,38.0,111.2,38.0,108.8,38.2,109.8,37.6,114.45903171452818,52.23592316542708,98.7528995831776,50.037058665016914,114.27016356339294,52.26911408626292,111.7833336145785,50.93772151258305
106.66666666666669,500.0,39.262306054545846,45.08312330904238,4.986313481924669,28.443465478277947,58.59750221033434,55.27925142276624,32.20875713361245,6.580401820989456,106.8,39.0,107.8,39.0,106.8,39.0,106.0,39.0,114.45903171452818,52.23592316542708,98.7528995831776,50.037058665016914,111.7833336145785,50.93772151258305,114.27016356339294,52.26911408626292
106.66666666666669,500.0,39.262306054545846,45.08312330904238,32.20875713361245,6.580401820989456,4.986313481924669,28.443465478277947,58.59750221033434,55.27925142276624,111.4,34.4,111.2,34.4,111.4,34.4,111.4,34.4,114.45903171452818,52.23592316542708,114.27016356339294,52.26911408626292,98.7528995831776,50.037058665016914,111.7833336145785,50.93772151258305
106.66666666666669,500.0,39.262306054545846,45.08312330904238,32.20875713361245,6.580401820989456,58.59750221033434,55.27925142276624,4.986313481924669,28.443465478277947,109.2,37.4,108.8,37.4,109.2,37.4,110.0,37.4,114.45903171452818,52.23592316542708,114.27016356339294,52.26911408626292,111.7833336145785,50.93772151258305,98.7528995831776,50.037058665016914
106.66666666666669,500.0,39.262306054545846,45.08312330904238,58.59750221033434,55.27925142276624,4.986313481924669,28.443465478277947,32.20875713361245,6.580401820989456,104.8,36.6,104.8,36.6,105.6,37.0,104.2,37.0,114.45903171452818,52.23592316542708,111.7833336145785,50.93772151258305,98.7528995831776,50.037058665016914,114.27016356339294,52.26911408626292
106.66666666666669,500.0,39.262306054545846,45.08312330904238,58.59750221033434,55.27925142276624,32.20875713361245,6.580401820989456,4.986313481924669,28.443465478277947,109.8,39.0,109.8,39.0,109.4,39.0,110.8,39.0,114.45903171452818,52.23592316542708,111.7833336145785,50.93772151258305,114.27016356339294,52.26911408626292,98.7528995831776,50.037058665016914
106.66666666666669,500.0,32.20875713361245,6.580401820989456,4.986313481924669,28.443465478277947,39.262306054545846,45.08312330904238,58.59750221033434,55.27925142276624,109.0,36.8,110.6,36.8,109.2,36.6,109.6,36.4,114.27016356339294,52.26911408626292,98.7528995831776,50.037058665016914,114.45903171452818,52.23592316542708,111.7833336145785,50.93772151258305
106.66666666666669,500.0,32.20875713361245,6.580401820989456,4.986313481924669,28.443465478277947,58.59750221033434,55.27925142276624,39.262306054545846,45.08312330904238,104.0,36.4,104.8,36.4,104.6,36.4,104.4,36.4,114.27016356339294,52.26911408626292,98.7528995831776,50.037058665016914,111.7833336145785,50.93772151258305,114.45903171452818,52.23592316542708
106.66666666666669,500.0,32.20875713361245,6.580401820989456,39.262306054545846,45.08312330904238,4.986313481924669,28.443465478277947,58.59750221033434,55.27925142276624,108.4,37.2,109.0,37.2,109.2,37.2,109.0,37.2,114.27016356339294,52.26911408626292,114.45903171452818,52.23592316542708,98.7528995831776,50.037058665016914,111.7833336145785,50.93772151258305
106.66666666666669,500.0,32.20875713361245,6.580401820989456,39.262306054545846,45.08312330904238,58.59750221033434,55.27925142276624,4.986313481924669,28.443465478277947,109.8,37.8,110.4,37.8,110.4,37.8,111.4,37.8,114.27016356339294,52.26911408626292,114.45903171452818,52.23592316542708,111.7833336145785,50.93772151258305,98.7528995831776,50.037058665016914
106.66666666666669,500.0,32.20875713361245,6.580401820989456,58.59750221033434,55.27925142276624,4.986313481924669,28.443465478277947,39.262306054545846,45.08312330904238,107.4,37.0,108.0,37.0,109.0,37.0,108.0,37.0,114.27016356339294,52.26911408626292,111.7833336145785,50.93772151258305,98.7528995831776,50.037058665016914,114.45903171452818,52.23592316542708
106.66666666666669,500.0,32.20875713361245,6.580401820989456,58.59750221033434,55.27925142276624,39.262306054545846,45.08312330904238,4.986313481924669,28.443465478277947,109.6,39.2,110.4,39.2,110.4,39.2,110.8,39.2,114.27016356339294,52.26911408626292,111.7833336145785,50.93772151258305,114.45903171452818,52.23592316542708,98.7528995831776,50.037058665016914
106.66666666666669,500.0,58.59750221033434,55.27925142276624,4.986313481924669,28.443465478277947,39.262306054545846,45.08312330904238,32.20875713361245,6.580401820989456,108.0,37.8,108.6,37.8,108.0,37.8,107.8,37.8,111.7833336145785,50.93772151258305,98.7528995831776,50.037058665016914,114.45903171452818,52.23592316542708,114.27016356339294,52.26911408626292
106.66666666666669,500.0,58.59750221033434,55.27925142276624,4.986313481924669,28.443465478277947,32.20875713361245,6.580401820989456,39.262306054545846,45.08312330904238,110.0,36.4,110.0,36.4,109.2,36.4,110.0,36.4,111.7833336145785,50.93772151258305,98.7528995831776,50.037058665016914,114.27016356339294,52.26911408626292,114.45903171452818,52.23592316542708
106.66666666666669,500.0,58.59750221033434,55.27925142276624,39.262306054545846,45.08312330904238,4.986313481924669,28.443465478277947,32.20875713361245,6.580401820989456,110.6,38.8,110.6,38.8,111.2,38.8,109.8,38.8,111.7833336145785,50.93772151258305,114.45903171452818,52.23592316542708,98.7528995831776,50.037058665016914,114.27016356339294,52.26911408626292
106.66666666666669,500.0,58.59750221033434,55.27925142276624,39.262306054545846,45.08312330904238,32.20875713361245,6.580401820989456,4.986313481924669,28.443465478277947,107.2,35.6,107.2,35.6,106.6,35.6,107.6,35.6,111.7833336145785,50.93772151258305,114.45903171452818,52.23592316542708,114.27016356339294,52.26911408626292,98.7528995831776,50.037058665016914
106.66666666666669,500.0,58.59750221033434,55.27925142276624,32.20875713361245,6.580401820989456,4.986313481924669,28.443465478277947,39.262306054545846,45.08312330904238,108.4,36.6,107.8,37.0,109.4,37.0,108.6,36.6,111.7833336145785,50.93772151258305,114.27016356339294,52.26911408626292,98.7528995831776,50.037058665016914,114.45903171452818,52.23592316542708
106.66666666666669,500.0,58.59750221033434,55.27925142276624,32.20875713361245,6.580401820989456,39.262306054545846,45.08312330904238,4.986313481924669,28.443465478277947,109.2,36.4,108.8,36.4,109.2,36.4,109.8,36.4,111.7833336145785,50.93772151258305,114.27016356339294,52.26911408626292,114.45903171452818,52.23592316542708,98.7528995831776,50.037058665016914
106.66666666666669,500.0,5.211348800272397,8.376148412347781,57.369293262625085,17.95851595357707,36.03274430982172,41.498665211570525,9.102339826940264,33.941225583291185,99.8,38.4,98.6,38.4,98.0,38.6,99.8,38.4,79.98550320797005,45.12487200166337,60.4919474733842,35.321117126031154,75.7192117235149,25.4406179899938,89.47747154809906,32.15441882646263
106.66666666666669,500.0,5.211348800272397,8.376148412347781,9.102339826940264,33.941225583291185,57.369293262625085,17.95851595357707,36.03274430982172,41.498665211570525,94.6,37.4,94.6,36.6,93.4,37.2,92.4,37.0,79.98550320797005,45.12487200166337,89.47747154809906,32.15441882646263,60.4919474733842,35.321117126031154,75.7192117235149,25.4406179899938
106.66666666666669,500.0,5.211348800272397,8.376148412347781,9.102339826940264,33.941225583291185,36.03274430982172,41.498665211570525,57.369293262625085,17.95851595357707,98.4,38.2,98.4,37.8,95.8,38.2,97.2,38.0,79.98550320797005,45.12487200166337,89.47747154809906,32.15441882646263,75.7192117235149,25.4406179899938,60.4919474733842,35.321117126031154
106.66666666666669,500.0,5.211348800272397,8.376148412347781,36.03274430982172,41.498665211570525,57.369293262625085,17.95851595357707,9.102339826940264,33.941225583291185,95.6,35.2,92.8,36.0,95.4,35.2,95.6,35.2,79.98550320797005,45.12487200166337,75.7192117235149,25.4406179899938,60.4919474733842,35.321117126031154,89.47747154809906,32.15441882646263
106.66666666666669,500.0,5.211348800272397,8.376148412347781,36.03274430982172,41.498665211570525,9.102339826940264,33.941225583291185,57.369293262625085,17.95851595357707,96.8,37.0,95.0,37.4,96.8,37.0,96.0,37.0,79.98550320797005,45.12487200166337,75.7192117235149,25.4406179899938,89.47747154809906,32.15441882646263,60.4919474733842,35.321117126031154
106.66666666666669,500.0,57.369293262625085,17.95851595357707,5.211348800272397,8.376148412347781,9.102339826940264,33.941225583291185,36.03274430982172,41.498665211570525,97.8,35.4,98.2,35.4,98.0,35.4,96.0,36.0,60.4919474733842,35.321117126031154,79.98550320797005,45.12487200166337,89.47747154809906,32.15441882646263,75.7192117235149,25.4406179899938
106.66666666666669,500.0,57.369293262625085,17.95851595357707,5.211348800272397,8.376148412347781,36.03274430982172,41.498665211570525,9.102339826940264,33.941225583291185,95.0,33.0,96.6,33.0,92.0,34.0,96.6,33.0,60.4919474733842,35.321117126031154,79.98550320797005,45.12487200166337,75.7192117235149,25.4406179899938,89.47747154809906,32.15441882646263
106.66666666666669,500.0,57.369293262625085,17.95851595357707,9.102339826940264,33.941225583291185,5.211348800272397,8.376148412347781,36.03274430982172,41.498665211570525,96.6,37.8,97.4,37.8,97.4,37.8,96.0,38.0,60.4919474733842,35.321117126031154,89.47747154809906,32.15441882646263,79.98550320797005,45.12487200166337,75.7192117235149,25.4406179899938
106.66666666666669,500.0,57.369293262625085,17.95851595357707,9.102339826940264,33.941225583291185,36.03274430982172,41.498665211570525,5.211348800272397,8.376148412347781,96.4,35.0,98.0,34.8,95.2,35.2,98.2,35.0,60.4919474733842,35.321117126031154,89.47747154809906,32.15441882646263,75.7192117235149,25.4406179899938,79.98550320797005,45.12487200166337
106.66666666666669,500.0,57.369293262625085,17.95851595357707,36.03274430982172,41.498665211570525,5.211348800272397,8.376148412347781,9.102339826940264,33.941225583291185,96.4,34.6,94.4,35.2,97.0,34.6,97.0,34.6,60.4919474733842,35.321117126031154,75.7192117235149,25.4406179899938,79.98550320797005,45.12487200166337,89.47747154809906,32.15441882646263
106.66666666666669,500.0,57.369293262625085,17.95851595357707,36.03274430982172,41.498665211570525,9.102339826940264,33.941225583291185,5.211348800272397,8.376148412347781,95.0,37.6,93.2,38.2,95.4,37.6,95.4,37.6,60.4919474733842,35.321117126031154,75.7192117235149,25.4406179899938,89.47747154809906,32.15441882646263,79.98550320797005,45.12487200166337
106.66666666666669,500.0,9.102339826940264,33.941225583291185,5.211348800272397,8.376148412347781,57.369293262625085,17.95851595357707,36.03274430982172,41.498665211570525,100.2,37.0,100.2,37.0,99.4,37.0,98.8,37.2,89.47747154809906,32.15441882646263,79.98550320797005,45.12487200166337,60.4919474733842,35.321117126031154,75.7192117235149,25.4406179899938
106.66666666666669,500.0,9.102339826940264,33.941225583291185,5.211348800272397,8.376148412347781,36.03274430982172,41.498665211570525,57.369293262625085,17.95851595357707,99.0,34.6,99.0,34.6,96.6,35.0,97.8,34.6,89.47747154809906,32.15441882646263,79.98550320797005,45.12487200166337,75.7192117235149,25.4406179899938,60.4919474733842,35.321117126031154
106.66666666666669,500.0,9.102339826940264,33.941225583291185,57.369293262625085,17.95851595357707,5.211348800272397,8.376148412347781,36.03274430982172,41.498665211570525,99.8,35.4,99.0,35.6,99.8,35.8,96.4,36.2,89.47747154809906,32.15441882646263,60.4919474733842,35.321117126031154,79.98550320797005,45.12487200166337,75.7192117235149,25.4406179899938
106.66666666666669,500.0,9.102339826940264,33.941225583291185,57.369293262625085,17.95851595357707,36.03274430982172,41.498665211570525,5.211348800272397,8.376148412347781,97.0,36.8,95.8,37.0,93.8,37.4,97.0,37.2,89.47747154809906,32.15441882646263,60.4919474733842,35.321117126031154,75.7192117235149,25.4406179899938,79.98550320797005,45.12487200166337
106.66666666666669,500.0,9.102339826940264,33.941225583291185,36.03274430982172,41.498665211570525,5.211348800272397,8.376148412347781,57.369293262625085,17.95851595357707,95.6,35.0,92.0,36.2,95.6,35.0,95.4,35.0,89.47747154809906,32.15441882646263,75.7192117235149,25.4406179899938,79.98550320797005,45.12487200166337,60.4919474733842,35.321117126031154
106.66666666666669,500.0,9.102339826940264,33.941225583291185,36.03274430982172,41.498665211570525,57.369293262625085,17.95851595357707,5.211348800272397,8.376148412347781,95.6,36.0,92.2,36.4,94.8,36.0,95.6,36.2,89.47747154809906,32.15441882646263,75.7192117235149,25.4406179899938,60.4919474733842,35.321117126031154,79.98550320797005,45.12487200166337
106.66666666666669,500.0,36.03274430982172,41.498665211570525,5.211348800272397,8.376148412347781,57.369293262625085,17.95851595357707,9.102339826940264,33.941225583291185,95.4,34.4,98.8,34.0,98.0,33.8,98.8,33.6,75.7192117235149,25.4406179899938,79.98550320797005,45.12487200166337,60.4919474733842,35.321117126031154,89.47747154809906,32.15441882646263
106.66666666666669,500.0,36.03274430982172,41.498665211570525,5.211348800272397,8.376148412347781,9.102339826940264,33.941225583291185,57.369293262625085,17.95851595357707,94.8,36.6,97.2,36.2,97.2,36.2,96.0,36.2,75.7192117235149,25.4406179899938,79.98550320797005,45.12487200166337,89.47747154809906,32.15441882646263,60.4919474733842,35.321117126031154
106.66666666666669,500.0,36.03274430982172,41.498665211570525,57.369293262625085,17.95851595357707,5.211348800272397,8.376148412347781,9.102339826940264,33.941225583291185,95.4,35.4,96.0,35.2,96.8,35.2,96.8,35.2,75.7192117235149,25.4406179899938,60.4919474733842,35.321117126031154,79.98550320797005,45.12487200166337,89.47747154809906,32.15441882646263
106.66666666666669,500.0,36.03274430982172,41.498665211570525,57.369293262625085,17.95851595357707,9.102339826940264,33.941225583291185,5.211348800272397,8.376148412347781,96.4,36.6,99.4,35.6,99.4,35.6,99.4,35.6,75.7192117235149,25.4406179899938,60.4919474733842,35.321117126031154,89.47747154809906,32.15441882646263,79.98550320797005,45.12487200166337
106.66666666666669,500.0,36.03274430982172,41.498665211570525,9.102339826940264,33.941225583291185,5.211348800272397,8.376148412347781,57.369293262625085,17.95851595357707,94.2,37.2,96.2,36.8,96.2,36.8,95.4,36.8,75.7192117235149,25.4406179899938,89.47747154809906,32.15441882646263,79.98550320797005,45.12487200166337,60.4919474733842,35.321117126031154
106.66666666666669,500.0,36.03274430982172,41.498665211570525,9.102339826940264,33.941225583291185,57.369293262625085,17.95851595357707,5.211348800272397,8.376148412347781,95.0,36.0,97.4,35.2,97.4,35.2,97.4,35.2,75.7192117235149,25.4406179899938,89.47747154809906,32.15441882646263,60.4919474733842,35.321117126031154,79.98550320797005,45.12487200166337
106.66666666666669,500.0,44.34573782095048,36.33570249394532,0.3037399981834165,56.947888135775045,59.54855169804455,1.5227202548656282,20.561475412279616,42.77581139119352,95.0,50.8,108.0,50.8,108.0,50.8,108.0,50.8,86.51019526512373,3.015130258502303,79.05743638526316,1.4646248325920226,78.51781351746081,25.38815890333512,109.64116401204453,11.358415878934125
106.66666666666669,500.0,44.34573782095048,36.33570249394532,20.561475412279616,42.77581139119352,0.3037399981834165,56.947888135775045,59.54855169804455,1.5227202548656282,97.8,45.8,110.0,45.8,110.0,45.6,109.6,46.0,86.51019526512373,3.015130258502303,109.64116401204453,11.358415878934125,79.05743638526316,1.4646248325920226,78.51781351746081,25.38815890333512
106.66666666666669,500.0,44.34573782095048,36.33570249394532,20.561475412279616,42.77581139119352,59.54855169804455,1.5227202548656282,0.3037399981834165,56.947888135775045,96.8,51.0,109.4,51.0,109.4,51.0,109.4,51.0,86.51019526512373,3.015130258502303,109.64116401204453,11.358415878934125,78.51781351746081,25.38815890333512,79.05743638526316,1.4646248325920226
106.66666666666669,500.0,44.34573782095048,36.33570249394532,59.54855169804455,1.5227202548656282,0.3037399981834165,56.947888135775045,20.561475412279616,42.77581139119352,97.2,51.6,112.6,51.6,112.6,51.6,112.6,51.6,86.51019526512373,3.015130258502303,78.51781351746081,25.38815890333512,79.05743638526316,1.4646248325920226,109.64116401204453,11.358415878934125
106.66666666666669,500.0,44.34573782095048,36.33570249394532,59.54855169804455,1.5227202548656282,20.561475412279616,42.77581139119352,0.3037399981834165,56.947888135775045,96.6,48.6,109.6,48.6,109.4,48.6,109.6,48.6,86.51019526512373,3.015130258502303,78.51781351746081,25.38815890333512,109.64116401204453,11.358415878934125,79.05743638526316,1.4646248325920226
106.66666666666669,500.0,0.3037399981834165,56.947888135775045,44.34573782095048,36.33570249394532,20.561475412279616,42.77581139119352,59.54855169804455,1.5227202548656282,109.6,48.0,97.0,48.0,109.4,48.0,109.6,48.0,79.05743638526316,1.4646248325920226,86.51019526512373,3.015130258502303,109.64116401204453,11.358415878934125,78.51781351746081,25.38815890333512
106.66666666666669,500.0,0.3037399981834165,56.947888135775045,44.34573782095048,36.33570249394532,59.54855169804455,1.5227202548656282,20.561475412279616,42.77581139119352,109.4,48.2,96.0,48.2,109.2,48.8,109.2,48.4,79.05743638526316,1.4646248325920226,86.51019526512373,3.015130258502303,78.51781351746081,25.38815890333512,109.64116401204453,11.358415878934125
106.66666666666669,500.0,0.3037399981834165,56.947888135775045,20.561475412279616,42.77581139119352,44.34573782095048,36.33570249394532,59.54855169804455,1.5227202548656282,106.8,50.2,107.0,50.2,93.6,50.2,106.8,50.2,79.05743638526316,1.4646248325920226,109.64116401204453,11.358415878934125,86.51019526512373,3.015130258502303,78.51781351746081,25.38815890333512
106.66666666666669,500.0,0.3037399981834165,56.947888135775045,20.561475412279616,42.77581139119352,59.54855169804455,1.5227202548656282,44.34573782095048,36.33570249394532,108.0,48.8,108.2,49.0,107.6,49.2,96.0,49.0,79.05743638526316,1.4646248325920226,109.64116401204453,11.358415878934125,78.51781351746081,25.38815890333512,86.51019526512373,3.015130258502303
106.66666666666669,500.0,0.3037399981834165,56.947888135775045,59.54855169804455,1.5227202548656282,44.34573782095048,36.33570249394532,20.561475412279616,42.77581139119352,107.6,43.6,107.2,44.0,96.2,43.8,108.2,43.8,79.05743638526316,1.4646248325920226,78.51781351746081,25.38815890333512,86.51019526512373,3.015130258502303,109.64116401204453,11.358415878934125
106.66666666666669,500.0,0.3037399981834165,56.947888135775045,59.54855169804455,1.5227202548656282,20.561475412279616,42.77581139119352,44.34573782095048,36.33570249394532,109.4,47.0,109.4,47.0,109.2,47.0,97.6,47.0,79.05743638526316,1.4646248325920226,78.51781351746081,25.38815890333512,109.64116401204453,11.358415878934125,86.51019526512373,3.015130258502303
106.66666666666669,500.0,20.561475412279616,42.77581139119352,44.34573782095048,36.33570249394532,0.3037399981834165,56.947888135775045,59.54855169804455,1.5227202548656282,105.8,48.0,94.4,48.0,105.8,48.0,105.8,48.0,109.64116401204453,11.358415878934125,86.51019526512373,3.015130258502303,79.05743638526316,1.4646248325920226,78.51781351746081,25.38815890333512
106.66666666666669,500.0,20.561475412279616,42.77581139119352,44.34573782095048,36.33570249394532,59.54855169804455,1.5227202548656282,0.3037399981834165,56.947888135775045,107.6,47.2,93.4,47.2,106.2,48.0,107.2,47.4,109.64116401204453,11.358415878934125,86.51019526512373,3.015130258502303,78.51781351746081,25.38815890333512,79.05743638526316,1.4646248325920226
106.66666666666669,500.0,20.561475412279616,42.77581139119352,0.3037399981834165,56.947888135775045,44.34573782095048,36.33570249394532,59.54855169804455,1.5227202548656282,109.4,51.6,109.8,51.6,97.2,51.6,109.8,51.6,109.64116401204453,11.358415878934125,79.05743638526316,1.4646248325920226,86.51019526512373,3.015130258502303,78.51781351746081,25.38815890333512
106.66666666666669,500.0,20.561475412279616,42.77581139119352,0.3037399981834165,56.947888135775045,59.54855169804455,1.5227202548656282,44.34573782095048,36.33570249394532,106.0,46.4,106.0,46.4,106.0,46.4,94.6,46.4,109.64116401204453,11.358415878934125,79.05743638526316,1.4646248325920226,78.51781351746081,25.38815890333512,86.51019526512373,3.015130258502303
106.66666666666669,500.0,20.561475412279616,42.77581139119352,59.54855169804455,1.5227202548656282,44.34573782095048,36.33570249394532,0.3037399981834165,56.947888135775045,110.0,46.4,109.6,46.4,98.0,46.4,109.6,46.4,109.64116401204453,11.358415878934125,78.51781351746081,25.38815890333512,86.51019526512373,3.015130258502303,79.05743638526316,1.4646248325920226
106.66666666666669,500.0,20.561475412279616,42.77581139119352,59.54855169804455,1.5227202548656282,0.3037399981834165,56.947888135775045,44.34573782095048,36.33570249394532,108.2,48.8,108.0,48.8,108.0,48.8,95.6,48.8,109.64116401204453,11.358415878934125,78.51781351746081,25.38815890333512,79.05743638526316,1.4646248325920226,86.51019526512373,3.015130258502303
106.66666666666669,500.0,59.54855169804455,1.5227202548656282,44.34573782095048,36.33570249394532,0.3037399981834165,56.947888135775045,20.561475412279616,42.77581139119352,109.6,51.8,96.2,51.6,110.0,51.4,110.0,51.6,78.51781351746081,25.38815890333512,86.51019526512373,3.015130258502303,79.05743638526316,1.4646248325920226,109.64116401204453,11.358415878934125
106.66666666666669,500.0,59.54855169804455,1.5227202548656282,44.34573782095048,36.33570249394532,20.561475412279616,42.77581139119352,0.3037399981834165,56.947888135775045,107.6,49.2,95.2,49.2,107.8,49.2,107.6,49.2,78.51781351746081,25.38815890333512,86.51019526512373,3.015130258502303,109.64116401204453,11.358415878934125,79.05743638526316,1.4646248325920226
106.66666666666669,500.0,59.54855169804455,1.5227202548656282,0.3037399981834165,56.947888135775045,44.34573782095048,36.33570249394532,20.561475412279616,42.77581139119352,106.8,47.8,106.8,47.8,95.6,47.8,106.6,47.8,78.51781351746081,25.38815890333512,79.05743638526316,1.4646248325920226,86.51019526512373,3.015130258502303,109.64116401204453,11.358415878934125
106.66666666666669,500.0,59.54855169804455,1.5227202548656282,0.3037399981834165,56.947888135775045,20.561475412279616,42.77581139119352,44.34573782095048,36.33570249394532,109.4,49.2,109.4,49.2,109.0,49.2,96.6,49.2,78.51781351746081,25.38815890333512,79.05743638526316,1.4646248325920226,109.64116401204453,11.358415878934125,86.51019526512373,3.015130258502303
106.66666666666669,500.0,59.54855169804455,1.5227202548656282,20.561475412279616,42.77581139119352,44.34573782095048,36.33570249394532,0.3037399981834165,56.947888135775045,107.8,49.8,107.8,49.8,95.4,49.8,107.8,49.8,78.51781351746081,25.38815890333512,109.64116401204453,11.358415878934125,86.51019526512373,3.015130258502303,79.05743638526316,1.4646248325920226
106.66666666666669,500.0,59.54855169804455,1.5227202548656282,20.561475412279616,42.77581139119352,0.3037399981834165,56.947888135775045,44.34573782095048,36.33570249394532,114.0,50.4,114.0,50.4,114.0,50.4,99.8,50.4,78.51781351746081,25.38815890333512,109.64116401204453,11.358415878934125,79.05743638526316,1.4646248325920226,86.51019526512373,3.015130258502303
120.0,500.0,12.185706071055533,9.871360616351224,38.18921908201288,21.308982164732328,2.5780299027295883,43.858517242007046,58.72518985345108,37.79540027620673,112.6,37.0,98.2,37.0,98.2,37.0,98.2,37.0,94.51078453166468,23.288136641162293,65.76310183698187,17.198139793531237,97.35947143243396,2.151113002431167,62.75555541920093,4.923402657039311
120.0,500.0,12.185706071055533,9.871360616351224,58.72518985345108,37.79540027620673,38.18921908201288,21.308982164732328,2.5780299027295883,43.858517242007046,111.0,37.4,98.8,37.4,98.8,37.4,98.8,37.4,94.51078453166468,23.288136641162293,62.75555541920093,4.923402657039311,65.76310183698187,17.198139793531237,97.35947143243396,2.151113002431167
120.0,500.0,12.185706071055533,9.871360616351224,58.72518985345108,37.79540027620673,2.5780299027295883,43.858517242007046,38.18921908201288,21.308982164732328,112.8,34.8,99.6,34.8,99.6,34.8,99.6,34.8,94.51078453166468,23.288136641162293,62.75555541920093,4.923402657039311,97.35947143243396,2.151113002431167,65.76310183698187,17.198139793531237
120.0,500.0,12.185706071055533,9.871360616351224,2.5780299027295883,43.858517242007046,38.18921908201288,21.308982164732328,58.72518985345108,37.79540027620673,112.4,37.6,98.8,37.0,98.6,37.4,98.4,37.0,94.51078453166468,23.288136641162293,97.35947143243396,2.151113002431167,65.76310183698187,17.198139793531237,62.75555541920093,4.923402657039311
120.0,500.0,12.185706071055533,9.871360616351224,2.5780299027295883,43.858517242007046,58.72518985345108,37.79540027620673,38.18921908201288,21.308982164732328,112.2,34.4,99.2,34.4,99.2,34.4,99.2,34.4,94.51078453166468,23.288136641162293,97.35947143243396,2.151113002431167,62.75555541920093,4.923402657039311,65.76310183698187,17.198139793531237
120.0,500.0,38.18921908201288,21.308982164732328,12.185706071055533,9.871360616351224,58.72518985345108,37.79540027620673,2.5780299027295883,43.858517242007046,98.4,37.2,110.8,37.2,98.4,37.2,98.4,37.2,65.76310183698187,17.198139793531237,94.51078453166468,23.288136641162293,62.75555541920093,4.923402657039311,97.35947143243396,2.151113002431167
120.0,500.0,38.18921908201288,21.308982164732328,12.185706071055533,9.871360616351224,2.5780299027295883,43.858517242007046,58.72518985345108,37.79540027620673,98.6,35.4,111.2,35.4,98.6,35.4,98.6,35.4,65.76310183698187,17.198139793531237,94.51078453166468,23.288136641162293,97.35947143243396,2.151113002431167,62.75555541920093,4.923402657039311
120.0,500.0,38.18921908201288,21.308982164732328,58.72518985345108,37.79540027620673,12.185706071055533,9.871360616351224,2.5780299027295883,43.858517242007046,98.8,34.0,98.8,34.0,111.8,34.0,98.8,34.0,65.76310183698187,17.198139793531237,62.75555541920093,4.923402657039311,94.51078453166468,23.288136641162293,97.35947143243396,2.151113002431167
120.0,500.0,38.18921908201288,21.308982164732328,58.72518985345108,37.79540027620673,2.5780299027295883,43.858517242007046,12.185706071055533,9.871360616351224,98.4,35.4,98.0,34.6,98.8,34.6,110.8,35.8,65.76310183698187,17.198139793531237,62.75555541920093,4.923402657039311,97.35947143243396,2.151113002431167,94.51078453166468,23.288136641162293
120.0,500.0,38.18921908201288,21.308982164732328,2.5780299027295883,43.858517242007046,12.185706071055533,9.871360616351224,58.72518985345108,37.79540027620673,98.4,33.6,98.4,33.6,110.0,33.6,98.4,33.6,65.76310183698187,17.198139793531237,97.35947143243396,2.151113002431167,94.51078453166468,23.288136641162293,62.75555541920093,4.923402657039311
120.0,500.0,38.18921908201288,21.308982164732328,2.5780299027295883,43.858517242007046,58.72518985345108,37.79540027620673,12.185706071055533,9.871360616351224,99.6,35.8,99.4,35.8,99.4,35.8,113.4,35.8,65.76310183698187,17.198139793531237,97.35947143243396,2.151113002431167,62.75555541920093,4.923402657039311,94.51078453166468,23.288136641162293
120.0,500.0,58.72518985345108,37.79540027620673,12.185706071055533,9.871360616351224,38.18921908201288,21.308982164732328,2.5780299027295883,43.858517242007046,98.6,35.8,110.6,35.8,98.6,35.8,98.6,35.8,62.75555541920093,4.923402657039311,94.51078453166468,23.288136641162293,65.76310183698187,17.198139793531237,97.35947143243396,2.151113002431167
120.0,500.0,58.72518985345108,37.79540027620673,12.185706071055533,9.871360616351224,2.5780299027295883,43.858517242007046,38.18921908201288,21.308982164732328,100.2,35.8,113.2,35.8,100.2,35.8,100.2,35.8,62.75555541920093,4.923402657039311,94.51078453166468,23.288136641162293,97.35947143243396,2.151113002431167,65.76310183698187,17.198139793531237
120.0,500.0,58.72518985345108,37.79540027620673,38.18921908201288,21.308982164732328,12.185706071055533,9.871360616351224,2.5780299027295883,43.858517242007046,100.0,35.6,100.0,35.6,113.8,35.6,100.0,35.6,62.75555541920093,4.923402657039311,65.76310183698187,17.198139793531237,94.51078453166468,23.288136641162293,97.35947143243396,2.151113002431167
120.0,500.0,58.72518985345108,37.79540027620673,38.18921908201288,21.308982164732328,2.5780299027295883,43.858517242007046,12.185706071055533,9.871360616351224,97.8,35.0,97.8,35.0,97.8,35.0,109.4,35.0,62.75555541920093,4.923402657039311,65.76310183698187,17.198139793531237,97.35947143243396,2.151113002431167,94.51078453166468,23.288136641162293
120.0,500.0,58.72518985345108,37.79540027620673,2.5780299027295883,43.858517242007046,12.185706071055533,9.871360616351224,38.18921908201288,21.308982164732328,98.2,36.4,98.6,36.4,112.4,37.0,98.4,36.8,62.75555541920093,4.923402657039311,97.35947143243396,2.151113002431167,94.51078453166468,23.288136641162293,65.76310183698187,17.198139793531237
120.0,500.0,58.72518985345108,37.79540027620673,2.5780299027295883,43.858517242007046,38.18921908201288,21.308982164732328,12.185706071055533,9.871360616351224,96.2,36.8,96.2,36.8,96.2,36.8,108.8,36.8,62.75555541920093,4.923402657039311,97.35947143243396,2.151113002431167,65.76310183698187,17.198139793531237,94.51078453166468,23.288136641162293
120.0,500.0,2.5780299027295883,43.858517242007046,12.185706071055533,9.871360616351224,38.18921908201288,21.308982164732328,58.72518985345108,37.79540027620673,97.4,35.8,111.6,35.8,97.6,35.8,97.4,35.8,97.35947143243396,2.151113002431167,94.51078453166468,23.288136641162293,65.76310183698187,17.198139793531237,62.75555541920093,4.923402657039311
120.0,500.0,2.5780299027295883,43.858517242007046,12.185706071055533,9.871360616351224,58.72518985345108,37.79540027620673,38.18921908201288,21.308982164732328,100.2,34.8,112.8,34.8,100.2,34.8,100.2,34.8,97.35947143243396,2.151113002431167,94.51078453166468,23.288136641162293,62.75555541920093,4.923402657039311,65.76310183698187,17.198139793531237
120.0,500.0,2.5780299027295883,43.858517242007046,38.18921908201288,21.308982164732328,12.185706071055533,9.871360616351224,58.72518985345108,37.79540027620673,98.8,34.8,98.8,34.8,112.2,34.8,98.8,34.8,97.35947143243396,2.151113002431167,65.76310183698187,17.198139793531237,94.51078453166468,23.288136641162293,62.75555541920093,4.923402657039311
120.0,500.0,2.5780299027295883,43.858517242007046,38.18921908201288,21.308982164732328,58.72518985345108,37.79540027620673,12.185706071055533,9.871360616351224,99.0,34.6,98.4,35.0,98.4,34.6,111.2,35.2,97.35947143243396,2.151113002431167,65.76310183698187,17.198139793531237,62.75555541920093,4.923402657039311,94.51078453166468,23.288136641162293
120.0,500.0,2.5780299027295883,43.858517242007046,58.72518985345108,37.79540027620673,12.185706071055533,9.871360616351224,38.18921908201288,21.308982164732328,98.0,33.6,97.6,33.6,110.8,34.6,97.8,34.6,97.35947143243396,2.151113002431167,62.75555541920093,4.923402657039311,94.51078453166468,23.288136641162293,65.76310183698187,17.198139793531237
120.0,500.0,2.5780299027295883,43.858517242007046,58.72518985345108,37.79540027620673,38.18921908201288,21.308982164732328,12.185706071055533,9.871360616351224,99.4,33.0,99.0,33.0,99.4,33.4,111.0,33.6,97.35947143243396,2.151113002431167,62.75555541920093,4.923402657039311,65.76310183698187,17.198139793531237,94.51078453166468,23.288136641162293
120.0,500.0,35.82627493799728,53.58846969708266,43.20819699126219,7.507231169927746,12.730123982247626,51.94818559507895,11.735130422584266,27.941518173983763,111.8,19.6,112.0,21.2,112.8,19.6,113.2,21.0,108.59891597317704,24.872631755945097,100.4176764048807,54.674461545424805,115.84184594980766,27.825949818990324,119.88936092056984,43.881364748611205
120.0,500.0,35.82627493799728,53.58846969708266,11.735130422584266,27.941518173983763,43.20819699126219,7.507231169927746,12.730123982247626,51.94818559507895,112.6,19.6,114.4,21.4,113.2,21.4,114.4,19.6,108.59891597317704,24.872631755945097,119.88936092056984,43.881364748611205,100.4176764048807,54.674461545424805,115.84184594980766,27.825949818990324
120.0,500.0,35.82627493799728,53.58846969708266,11.735130422584266,27.941518173983763,12.730123982247626,51.94818559507895,43.20819699126219,7.507231169927746,110.2,19.4,112.8,22.4,112.0,19.4,110.4,23.0,108.59891597317704,24.872631755945097,119.88936092056984,43.881364748611205,115.84184594980766,27.825949818990324,100.4176764048807,54.674461545424805
120.0,500.0,35.82627493799728,53.58846969708266,12.730123982247626,51.94818559507895,43.20819699126219,7.507231169927746,11.735130422584266,27.941518173983763,111.4,19.4,112.8,19.4,111.8,22.6,114.2,21.6,108.59891597317704,24.872631755945097,115.84184594980766,27.825949818990324,100.4176764048807,54.674461545424805,119.88936092056984,43.881364748611205
120.0,500.0,35.82627493799728,53.58846969708266,12.730123982247626,51.94818559507895,11.735130422584266,27.941518173983763,43.20819699126219,7.507231169927746,114.2,19.8,115.8,19.8,116.6,22.0,114.6,22.4,108.59891597317704,24.872631755945097,115.84184594980766,27.825949818990324,119.88936092056984,43.881364748611205,100.4176764048807,54.674461545424805
120.0,500.0,43.20819699126219,7.507231169927746,35.82627493799728,53.58846969708266,11.735130422584266,27.941518173983763,12.730123982247626,51.94818559507895,111.0,21.8,110.8,20.0,112.4,21.2,111.4,20.0,100.4176764048807,54.674461545424805,108.59891597317704,24.872631755945097,119.88936092056984,43.881364748611205,115.84184594980766,27.825949818990324
120.0,500.0,43.20819699126219,7.507231169927746,35.82627493799728,53.58846969708266,12.730123982247626,51.94818559507895,11.735130422584266,27.941518173983763,110.0,22.8,109.6,20.2,111.2,20.2,112.0,22.4,100.4176764048807,54.674461545424805,108.59891597317704,24.872631755945097,115.84184594980766,27.825949818990324,119.88936092056984,43.881364748611205
120.0,500.0,43.20819699126219,7.507231169927746,11.735130422584266,27.941518173983763,35.82627493799728,53.58846969708266,12.730123982247626,51.94818559507895,106.6,22.0,108.4,21.2,106.4,19.8,107.0,19.8,100.4176764048807,54.674461545424805,119.88936092056984,43.881364748611205,108.59891597317704,24.872631755945097,115.84184594980766,27.825949818990324
120.0,500.0,43.20819699126219,7.507231169927746,11.735130422584266,27.941518173983763,12.730123982247626,51.94818559507895,35.82627493799728,53.58846969708266,110.2,22.2,112.8,21.6,111.8,18.6,109.8,18.6,100.4176764048807,54.674461545424805,119.88936092056984,43.881364748611205,115.84184594980766,27.825949818990324,108.59891597317704,24.872631755945097
120.0,500.0,43.20819699126219,7.507231169927746,12.730123982247626,51.94818559507895,35.82627493799728,53.58846969708266,11.735130422584266,27.941518173983763,110.4,21.2,111.2,20.0,110.2,20.0,111.2,21.2,100.4176764048807,54.674461545424805,115.84184594980766,27.825949818990324,108.59891597317704,24.872631755945097,119.88936092056984,43.881364748611205
120.0,500.0,43.20819699126219,7.507231169927746,12.730123982247626,51.94818559507895,11.735130422584266,27.941518173983763,35.82627493799728,53.58846969708266,117.0,21.0,117.0,21.0,117.0,21.0,117.0,21.0,100.4176764048807,54.674461545424805,115.84184594980766,27.825949818990324,119.88936092056984,43.881364748611205,108.59891597317704,24.872631755945097
120.0,500.0,11.735130422584266,27.941518173983763,35.82627493799728,53.58846969708266,43.20819699126219,7.507231169927746,12.730123982247626,51.94818559507895,115.8,21.4,113.4,19.6,113.8,22.0,114.6,19.6,119.88936092056984,43.881364748611205,108.59891597317704,24.872631755945097,100.4176764048807,54.674461545424805,115.84184594980766,27.825949818990324
120.0,500.0,11.735130422584266,27.941518173983763,35.82627493799728,53.58846969708266,12.730123982247626,51.94818559507895,43.20819699126219,7.507231169927746,112.2,21.6,109.6,19.2,111.2,19.2,110.0,22.2,119.88936092056984,43.881364748611205,108.59891597317704,24.872631755945097,115.84184594980766,27.825949818990324,100.4176764048807,54.674461545424805
120.0,500.0,11.735130422584266,27.941518173983763,43.20819699126219,7.507231169927746,35.82627493799728,53.58846969708266,12.730123982247626,51.94818559507895,114.8,22.6,113.6,22.6,113.0,20.8,114.8,20.8,119.88936092056984,43.881364748611205,100.4176764048807,54.674461545424805,108.59891597317704,24.872631755945097,115.84184594980766,27.825949818990324
120.0,500.0,11.735130422584266,27.941518173983763,43.20819699126219,7.507231169927746,12.730123982247626,51.94818559507895,35.82627493799728,53.58846969708266,115.4,25.0,111.0,26.2,113.0,20.8,110.2,20.8,119.88936092056984,43.881364748611205,100.4176764048807,54.674461545424805,115.84184594980766,27.825949818990324,108.59891597317704,24.872631755945097
120.0,500.0,11.735130422584266,27.941518173983763,12.730123982247626,51.94818559507895,35.82627493799728,53.58846969708266,43.20819699126219,7.507231169927746,113.4,20.4,113.4,19.6,113.0,19.6,113.0,20.6,119.88936092056984,43.881364748611205,115.84184594980766,27.825949818990324,108.59891597317704,24.872631755945097,100.4176764048807,54.674461545424805
120.0,500.0,11.735130422584266,27.941518173983763,12.730123982247626,51.94818559507895,43.20819699126219,7.507231169927746,35.82627493799728,53.58846969708266,114.0,21.8,113.0,20.2,112.2,22.4,112.2,20.0,119.88936092056984,43.881364748611205,115.84184594980766,27.825949818990324,100.4176764048807,54.674461545424805,108.59891597317704,24.872631755945097
120.0,500.0,12.730123982247626,51.94818559507895,35.82627493799728,53.58846969708266,43.20819699126219,7.507231169927746,11.735130422584266,27.941518173983763,113.8,20.6,113.4,20.6,113.4,21.4,114.6,21.0,115.84184594980766,27.825949818990324,108.59891597317704,24.872631755945097,100.4176764048807,54.674461545424805,119.88936092056984,43.881364748611205
120.0,500.0,12.730123982247626,51.94818559507895,35.82627493799728,53.58846969708266,11.735130422584266,27.941518173983763,43.20819699126219,7.507231169927746,112.6,20.0,112.2,20.0,113.0,20.2,112.6,20.4,115.84184594980766,27.825949818990324,108.59891597317704,24.872631755945097,119.88936092056984,43.881364748611205,100.4176764048807,54.674461545424805
120.0,500.0,12.730123982247626,51.94818559507895,43.20819699126219,7.507231169927746,35.82627493799728,53.58846969708266,11.735130422584266,27.941518173983763,107.4,19.2,106.8,21.2,106.6,19.2,108.4,20.8,115.84184594980766,27.825949818990324,100.4176764048807,54.674461545424805,108.59891597317704,24.872631755945097,119.88936092056984,43.881364748611205
120.0,500.0,12.730123982247626,51.94818559507895,43.20819699126219,7.507231169927746,11.735130422584266,27.941518173983763,35.82627493799728,53.58846969708266,110.6,18.8,109.4,21.0,111.0,20.8,109.0,18.8,115.84184594980766,27.825949818990324,100.4176764048807,54.674461545424805,119.88936092056984,43.881364748611205,108.59891597317704,24.872631755945097
120.0,500.0,12.730123982247626,51.94818559507895,11.735130422584266,27.941518173983763,35.82627493799728,53.58846969708266,43.20819699126219,7.507231169927746,110.2,20.6,111.0,21.8,109.0,20.6,109.8,22.4,115.84184594980766,27.825949818990324,119.88936092056984,43.881364748611205,108.59891597317704,24.872631755945097,100.4176764048807,54.674461545424805
120.0,500.0,12.730123982247626,51.94818559507895,11.735130422584266,27.941518173983763,43.20819699126219,7.507231169927746,35.82627493799728,53.58846969708266,114.4,19.8,114.4,21.2,113.6,21.4,113.0,19.8,115.84184594980766,27.825949818990324,119.88936092056984,43.881364748611205,100.4176764048807,54.674461545424805,108.59891597317704,24.872631755945097
120.0,500.0,54.54792674276843,52.36671813014358,26.083593019704068,55.73514920181355,53.37758006349498,9.829793063811872,7.387638858235346,41.06335839119891,111.8,22.6,112.6,22.6,112.0,23.8,113.0,22.6,80.17067178293937,2.81076673343172,95.50541093896284,0.852498571124535,82.0998500121985,30.89666151709013,108.49380354281352,10.752083627632588
120.0,500.0,54.54792674276843,52.36671813014358,7.387638858235346,41.06335839119891,26.083593019704068,55.73514920181355,53.37758006349498,9.829793063811872,112.2,24.0,113.0,24.0,112.6,24.0,112.2,24.8,80.17067178293937,2.81076673343172,108.49380354281352,10.752083627632588,95.50541093896284,0.852498571124535,82.0998500121985,30.89666151709013
120.0,500.0,54.54792674276843,52.36671813014358,7.387638858235346,41.06335839119891,53.37758006349498,9.829793063811872,26.083593019704068,55.73514920181355,114.0,19.8,116.4,19.8,114.0,22.2,115.2,19.8,80.17067178293937,2.81076673343172,108.49380354281352,10.752083627632588,82.0998500121985,30.89666151709013,95.50541093896284,0.852498571124535
120.0,500.0,54.54792674276843,52.36671813014358,53.37758006349498,9.829793063811872,26.083593019704068,55.73514920181355,7.387638858235346,41.06335839119891,109.8,24.4,109.8,25.6,110.4,24.4,111.0,24.4,80.17067178293937,2.81076673343172,82.0998500121985,30.89666151709013,95.50541093896284,0.852498571124535,108.49380354281352,10.752083627632588
120.0,500.0,54.54792674276843,52.36671813014358,53.37758006349498,9.829793063811872,7.387638858235346,41.06335839119891,26.083593019704068,55.73514920181355,110.4,24.2,110.4,25.0,111.2,24.2,110.8,24.2,80.17067178293937,2.81076673343172,82.0998500121985,30.89666151709013,108.49380354281352,10.752083627632588,95.50541093896284,0.852498571124535
120.0,500.0,26.083593019704068,55.73514920181355,54.54792674276843,52.36671813014358,7.387638858235346,41.06335839119891,53.37758006349498,9.829793063811872,114.2,21.8,113.8,22.0,114.6,22.0,113.8,23.0,95.50541093896284,0.852498571124535,80.17067178293937,2.81076673343172,108.49380354281352,10.752083627632588,82.0998500121985,30.89666151709013
120.0,500.0,26.083593019704068,55.73514920181355,54.54792674276843,52.36671813014358,53.37758006349498,9.829793063811872,7.387638858235346,41.06335839119891,111.4,23.6,111.2,23.6,111.2,24.0,111.6,23.6,95.50541093896284,0.852498571124535,80.17067178293937,2.81076673343172,82.0998500121985,30.89666151709013,108.49380354281352,10.752083627632588
120.0,500.0,26.083593019704068,55.73514920181355,7.387638858235346,41.06335839119891,54.54792674276843,52.36671813014358,53.37758006349498,9.829793063811872,111.8,23.0,112.0,23.0,111.6,23.0,111.6,23.4,95.50541093896284,0.852498571124535,108.49380354281352,10.752083627632588,80.17067178293937,2.81076673343172,82.0998500121985,30.89666151709013
120.0,500.0,26.083593019704068,55.73514920181355,7.387638858235346,41.06335839119891,53.37758006349498,9.829793063811872,54.54792674276843,52.36671813014358,111.2,22.8,111.8,22.8,110.6,24.0,110.6,22.8,95.50541093896284,0.852498571124535,108.49380354281352,10.752083627632588,82.0998500121985,30.89666151709013,80.17067178293937,2.81076673343172
120.0,500.0,26.083593019704068,55.73514920181355,53.37758006349498,9.829793063811872,54.54792674276843,52.36671813014358,7.387638858235346,41.06335839119891,113.2,23.6,113.0,24.0,113.0,23.6,113.4,23.6,95.50541093896284,0.852498571124535,82.0998500121985,30.89666151709013,80.17067178293937,2.81076673343172,108.49380354281352,10.752083627632588
120.0,500.0,26.083593019704068,55.73514920181355,53.37758006349498,9.829793063811872,7.387638858235346,41.06335839119891,54.54792674276843,52.36671813014358,112.6,23.0,111.8,24.6,113.4,23.0,111.8,23.0,95.50541093896284,0.852498571124535,82.0998500121985,30.89666151709013,108.49380354281352,10.752083627632588,80.17067178293937,2.81076673343172
120.0,500.0,7.387638858235346,41.06335839119891,54.54792674276843,52.36671813014358,26.083593019704068,55.73514920181355,53.37758006349498,9.829793063811872,111.6,22.4,110.4,22.4,111.0,22.4,110.4,23.6,108.49380354281352,10.752083627632588,80.17067178293937,2.81076673343172,95.50541093896284,0.852498571124535,82.0998500121985,30.89666151709013
120.0,500.0,7.387638858235346,41.06335839119891,54.54792674276843,52.36671813014358,53.37758006349498,9.829793063811872,26.083593019704068,55.73514920181355,114.6,23.2,113.8,23.2,113.8,24.0,114.2,23.2,108.49380354281352,10.752083627632588,80.17067178293937,2.81076673343172,82.0998500121985,30.89666151709013,95.50541093896284,0.852498571124535
120.0,500.0,7.387638858235346,41.06335839119891,26.083593019704068,55.73514920181355,54.54792674276843,52.36671813014358,53.37758006349498,9.829793063811872,110.4,22.6,109.8,22.4,108.8,22.4,109.2,24.0,108.49380354281352,10.752083627632588,95.50541093896284,0.852498571124535,80.17067178293937,2.81076673343172,82.0998500121985,30.89666151709013
120.0,500.0,7.387638858235346,41.06335839119891,26.083593019704068,55.73514920181355,53.37758006349498,9.829793063811872,54.54792674276843,52.36671813014358,109.0,25.0,108.8,25.0,108.6,25.4,108.6,25.0,108.49380354281352,10.752083627632588,95.50541093896284,0.852498571124535,82.0998500121985,30.89666151709013,80.17067178293937,2.81076673343172
120.0,500.0,7.387638858235346,41.06335839119891,53.37758006349498,9.829793063811872,54.54792674276843,52.36671813014358,26.083593019704068,55.73514920181355,113.2,22.6,113.2,22.6,113.2,22.6,113.2,22.6,108.49380354281352,10.752083627632588,82.0998500121985,30.89666151709013,80.17067178293937,2.81076673343172,95.50541093896284,0.852498571124535
120.0,500.0,7.387638858235346,41.06335839119891,53.37758006349498,9.829793063811872,26.083593019704068,55.73514920181355,54.54792674276843,52.36671813014358,112.6,23.4,111.4,24.6,112.0,23.4,111.4,23.4,108.49380354281352,10.752083627632588,82.0998500121985,30.89666151709013,95.50541093896284,0.852498571124535,80.17067178293937,2.81076673343172
120.0,500.0,53.37758006349498,9.829793063811872,54.54792674276843,52.36671813014358,26.083593019704068,55.73514920181355,7.387638858235346,41.06335839119891,112.6,23.4,112.6,21.8,113.4,21.8,114.2,21.8,82.0998500121985,30.89666151709013,80.17067178293937,2.81076673343172,95.50541093896284,0.852498571124535,108.49380354281352,10.752083627632588
120.0,500.0,53.37758006349498,9.829793063811872,54.54792674276843,52.36671813014358,7.387638858235346,41.06335839119891,26.083593019704068,55.73514920181355,109.0,23.8,109.0,22.2,110.6,22.2,109.8,22.2,82.0998500121985,30.89666151709013,80.17067178293937,2.81076673343172,108.49380354281352,10.752083627632588,95.50541093896284,0.852498571124535
120.0,500.0,53.37758006349498,9.829793063811872,26.083593019704068,55.73514920181355,54.54792674276843,52.36671813014358,7.387638858235346,41.06335839119891,111.2,22.6,111.2,22.6,111.2,22.6,111.2,22.6,82.0998500121985,30.89666151709013,95.50541093896284,0.852498571124535,80.17067178293937,2.81076673343172,108.49380354281352,10.752083627632588
120.0,500.0,53.37758006349498,9.829793063811872,26.083593019704068,55.73514920181355,7.387638858235346,41.06335839119891,54.54792674276843,52.36671813014358,109.6,23.4,109.8,23.0,110.0,23.0,109.6,23.0,82.0998500121985,30.89666151709013,95.50541093896284,0.852498571124535,108.49380354281352,10.752083627632588,80.17067178293937,2.81076673343172
120.0,500.0,53.37758006349498,9.829793063811872,7.387638858235346,41.06335839119891,54.54792674276843,52.36671813014358,26.083593019704068,55.73514920181355,111.2,23.8,111.2,23.8,111.2,23.8,111.2,23.8,82.0998500121985,30.89666151709013,108.49380354281352,10.752083627632588,80.17067178293937,2.81076673343172,95.50541093896284,0.852498571124535
120.0,500.0,53.37758006349498,9.829793063811872,7.387638858235346,41.06335839119891,26.083593019704068,55.73514920181355,54.54792674276843,52.36671813014358,113.2,23.0,114.4,21.8,113.8,21.8,113.2,21.8,82.0998500121985,30.89666151709013,108.49380354281352,10.752083627632588,95.50541093896284,0.852498571124535,80.17067178293937,2.81076673343172
120.0,500.0,56.55109035401546,42.16580384118928,1.3107137636651212,1.4520721328146746,25.28609564503224,25.513188285786125,28.47421354476287,46.709608125055446,89.2,36.8,89.0,36.8,89.2,36.8,89.2,36.8,111.37721674171638,25.2585789834377,102.1496024836806,26.879904609940507,109.64471258399384,25.498210667416625,103.46484025683056,26.584982418575272
120.0,500.0,56.55109035401546,42.16580384118928,28.47421354476287,46.709608125055446,1.3107137636651212,1.4520721328146746,25.28609564503224,25.513188285786125,87.0,36.2,87.0,36.2,86.6,36.2,87.0,36.2,111.37721674171638,25.2585789834377,103.46484025683056,26.584982418575272,102.1496024836806,26.879904609940507,109.64471258399384,25.498210667416625
120.0,500.0,56.55109035401546,42.16580384118928,28.47421354476287,46.709608125055446,25.28609564503224,25.513188285786125,1.3107137636651212,1.4520721328146746,93.0,36.6,93.0,36.6,93.0,36.6,91.8,36.6,111.37721674171638,25.2585789834377,103.46484025683056,26.584982418575272,109.64471258399384,25.498210667416625,102.1496024836806,26.879904609940507
120.0,500.0,56.55109035401546,42.16580384118928,25.28609564503224,25.513188285786125,1.3107137636651212,1.4520721328146746,28.47421354476287,46.709608125055446,89.6,36.8,89.6,36.8,88.6,36.8,89.6,36.8,111.37721674171638,25.2585789834377,109.64471258399384,25.498210667416625,102.1496024836806,26.879904609940507,103.46484025683056,26.584982418575272
120.0,500.0,56.55109035401546,42.16580384118928,25.28609564503224,25.513188285786125,28.47421354476287,46.709608125055446,1.3107137636651212,1.4520721328146746,89.2,37.4,89.2,37.4,89.2,37.4,88.4,37.4,111.37721674171638,25.2585789834377,109.64471258399384,25.498210667416625,103.46484025683056,26.584982418575272,102.1496024836806,26.879904609940507
120.0,500.0,1.3107137636651212,1.4520721328146746,56.55109035401546,42.16580384118928,28.47421354476287,46.709608125055446,25.28609564503224,25.513188285786125,87.4,37.2,88.0,37.2,88.0,37.2,87.8,37.2,102.1496024836806,26.879904609940507,111.37721674171638,25.2585789834377,103.46484025683056,26.584982418575272,109.64471258399384,25.498210667416625
120.0,500.0,1.3107137636651212,1.4520721328146746,56.55109035401546,42.16580384118928,25.28609564503224,25.513188285786125,28.47421354476287,46.709608125055446,84.8,37.8,85.4,37.8,85.4,37.8,85.4,37.8,102.1496024836806,26.879904609940507,111.37721674171638,25.2585789834377,109.64471258399384,25.498210667416625,103.46484025683056,26.584982418575272
120.0,500.0,1.3107137636651212,1.4520721328146746,28.47421354476287,46.709608125055446,56.55109035401546,42.16580384118928,25.28609564503224,25.513188285786125,89.0,38.0,90.0,38.0,90.0,38.0,90.0,38.0,102.1496024836806,26.879904609940507,103.46484025683056,26.584982418575272,111.37721674171638,25.2585789834377,109.64471258399384,25.498210667416625
120.0,500.0,1.3107137636651212,1.4520721328146746,28.47421354476287,46.709608125055446,25.28609564503224,25.513188285786125,56.55109035401546,42.16580384118928,86.2,38.6,86.4,38.6,86.4,38.6,86.4,38.6,102.1496024836806,26.879904609940507,103.46484025683056,26.584982418575272,109.64471258399384,25.498210667416625,111.37721674171638,25.2585789834377
120.0,500.0,1.3107137636651212,1.4520721328146746,25.28609564503224,25.513188285786125,56.55109035401546,42.16580384118928,28.47421354476287,46.709608125055446,87.8,34.6,88.4,34.6,88.6,34.6,88.8,34.6,102.1496024836806,26.879904609940507,109.64471258399384,25.498210667416625,111.37721674171638,25.2585789834377,103.46484025683056,26.584982418575272
120.0,500.0,1.3107137636651212,1.4520721328146746,25.28609564503224,25.513188285786125,28.47421354476287,46.709608125055446,56.55109035401546,42.16580384118928,88.8,38.0,89.6,38.0,89.8,38.0,89.6,38.0,102.1496024836806,26.879904609940507,109.64471258399384,25.498210667416625,103.46484025683056,26.584982418575272,111.37721674171638,25.2585789834377
120.0,500.0,28.47421354476287,46.709608125055446,56.55109035401546,42.16580384118928,1.3107137636651212,1.4520721328146746,25.28609564503224,25.513188285786125,87.8,34.8,87.8,34.8,87.2,34.8,87.6,34.8,103.46484025683056,26.584982418575272,111.37721674171638,25.2585789834377,102.1496024836806,26.879904609940507,109.64471258399384,25.498210667416625
120.0,500.0,28.47421354476287,46.709608125055446,56.55109035401546,42.16580384118928,25.28609564503224,25.513188285786125,1.3107137636651212,1.4520721328146746,88.4,35.4,87.8,35.4,87.8,35.8,88.0,36.0,103.46484025683056,26.584982418575272,111.37721674171638,25.2585789834377,109.64471258399384,25.498210667416625,102.1496024836806,26.879904609940507
120.0,500.0,28.47421354476287,46.709608125055446,1.3107137636651212,1.4520721328146746,56.55109035401546,42.16580384118928,25.28609564503224,25.513188285786125,87.8,38.2,87.0,38.8,87.2,38.2,87.2,38.6,103.46484025683056,26.584982418575272,102.1496024836806,26.879904609940507,111.37721674171638,25.2585789834377,109.64471258399384,25.498210667416625
120.0,500.0,28.47421354476287,46.709608125055446,1.3107137636651212,1.4520721328146746,25.28609564503224,25.513188285786125,56.55109035401546,42.16580384118928,88.2,36.8,87.8,36.8,88.4,36.8,88.2,36.8,103.46484025683056,26.584982418575272,102.1496024836806,26.879904609940507,109.64471258399384,25.498210667416625,111.37721674171638,25.2585789834377
120.0,500.0,28.47421354476287,46.709608125055446,25.28609564503224,25.513188285786125,56.55109035401546,42.16580384118928,1.3107137636651212,1.4520721328146746,87.2,36.6,87.2,36.6,87.2,36.6,86.4,36.6,103.46484025683056,26.584982418575272,109.64471258399384,25.498210667416625,111.37721674171638,25.2585789834377,102.1496024836806,26.879904609940507
120.0,500.0,28.47421354476287,46.709608125055446,25.28609564503224,25.513188285786125,1.3107137636651212,1.4520721328146746,56.55109035401546,42.16580384118928,90.8,38.8,90.2,39.2,90.2,39.4,90.2,38.8,103.46484025683056,26.584982418575272,109.64471258399384,25.498210667416625,102.1496024836806,26.879904609940507,111.37721674171638,25.2585789834377
120.0,500.0,25.28609564503224,25.513188285786125,56.55109035401546,42.16580384118928,1.3107137636651212,1.4520721328146746,28.47421354476287,46.709608125055446,88.4,35.2,88.4,35.2,87.8,35.2,88.2,35.2,109.64471258399384,25.498210667416625,111.37721674171638,25.2585789834377,102.1496024836806,26.879904609940507,103.46484025683056,26.584982418575272
120.0,500.0,25.28609564503224,25.513188285786125,56.55109035401546,42.16580384118928,28.47421354476287,46.709608125055446,1.3107137636651212,1.4520721328146746,89.0,39.6,89.4,39.6,89.4,39.6,89.2,39.6,109.64471258399384,25.498210667416625,111.37721674171638,25.2585789834377,103.46484025683056,26.584982418575272,102.1496024836806,26.879904609940507
120.0,500.0,25.28609564503224,25.513188285786125,1.3107137636651212,1.4520721328146746,56.55109035401546,42.16580384118928,28.47421354476287,46.709608125055446,88.4,35.8,87.8,35.8,88.4,35.8,88.4,35.8,109.64471258399384,25.498210667416625,102.1496024836806,26.879904609940507,111.37721674171638,25.2585789834377,103.46484025683056,26.584982418575272
120.0,500.0,25.28609564503224,25.513188285786125,1.3107137636651212,1.4520721328146746,28.47421354476287,46.709608125055446,56.55109035401546,42.16580384118928,89.0,37.0,88.6,37.0,89.0,37.0,89.0,37.0,109.64471258399384,25.498210667416625,102.1496024836806,26.879904609940507,103.46484025683056,26.584982418575272,111.37721674171638,25.2585789834377
120.0,500.0,25.28609564503224,25.513188285786125,28.47421354476287,46.709608125055446,56.55109035401546,42.16580384118928,1.3107137636651212,1.4520721328146746,88.4,36.6,88.8,36.2,88.2,36.2,88.2,36.8,109.64471258399384,25.498210667416625,103.46484025683056,26.584982418575272,111.37721674171638,25.2585789834377,102.1496024836806,26.879904609940507
120.0,500.0,25.28609564503224,25.513188285786125,28.47421354476287,46.709608125055446,1.3107137636651212,1.4520721328146746,56.55109035401546,42.16580384118928,89.6,37.8,89.6,37.8,88.8,37.8,89.6,37.8,109.64471258399384,25.498210667416625,103.46484025683056,26.584982418575272,102.1496024836806,26.879904609940507,111.37721674171638,25.2585789834377
120.0,500.0,26.29761949961138,10.622057669513667,8.159263100887744,35.044372623225776,51.436652017042434,17.332232140959412,56.50747002159251,44.56407627355854,96.4,21.2,96.4,21.2,96.4,21.2,96.4,21.2,79.4122098028665,50.10146786051156,80.00720025675116,54.00979068179872,90.77528018990785,51.31274135738465,70.19567056752982,51.3836229286938
120.0,500.0,26.29761949961138,10.622057669513667,56.50747002159251,44.56407627355854,8.159263100887744,35.044372623225776,51.436652017042434,17.332232140959412,91.6,20.6,91.0,20.4,91.6,20.4,91.0,20.6,79.4122098028665,50.10146786051156,70.19567056752982,51.3836229286938,80.00720025675116,54.00979068179872,90.77528018990785,51.31274135738465
120.0,500.0,26.29761949961138,10.622057669513667,56.50747002159251,44.56407627355854,51.436652017042434,17.332232140959412,8.159263100887744,35.044372623225776,97.2,20.8,96.6,20.2,96.6,20.8,97.2,20.8,79.4122098028665,50.10146786051156,70.19567056752982,51.3836229286938,90.77528018990785,51.31274135738465,80.00720025675116,54.00979068179872
120.0,500.0,26.29761949961138,10.622057669513667,51.436652017042434,17.332232140959412,8.159263100887744,35.044372623225776,56.50747002159251,44.56407627355854,94.8,20.0,94.8,20.0,94.8,20.0,94.8,20.0,79.4122098028665,50.10146786051156,90.77528018990785,51.31274135738465,80.00720025675116,54.00979068179872,70.19567056752982,51.3836229286938
120.0,500.0,26.29761949961138,10.622057669513667,51.436652017042434,17.332232140959412,56.50747002159251,44.56407627355854,8.159263100887744,35.044372623225776,95.8,22.0,95.8,22.0,96.0,22.0,95.8,22.0,79.4122098028665,50.10146786051156,90.77528018990785,51.31274135738465,70.19567056752982,51.3836229286938,80.00720025675116,54.00979068179872
120.0,500.0,8.159263100887744,35.044372623225776,26.29761949961138,10.622057669513667,56.50747002159251,44.56407627355854,51.436652017042434,17.332232140959412,92.8,18.2,92.8,18.2,92.8,18.2,92.8,18.2,80.00720025675116,54.00979068179872,79.4122098028665,50.10146786051156,70.19567056752982,51.3836229286938,90.77528018990785,51.31274135738465
120.0,500.0,8.159263100887744,35.044372623225776,26.29761949961138,10.622057669513667,51.436652017042434,17.332232140959412,56.50747002159251,44.56407627355854,94.6,18.6,94.8,18.6,94.6,18.6,94.6,18.6,80.00720025675116,54.00979068179872,79.4122098028665,50.10146786051156,90.77528018990785,51.31274135738465,70.19567056752982,51.3836229286938
120.0,500.0,8.159263100887744,35.044372623225776,56.50747002159251,44.56407627355854,26.29761949961138,10.622057669513667,51.436652017042434,17.332232140959412,98.8,20.4,98.8,20.4,99.0,20.4,98.8,20.4,80.00720025675116,54.00979068179872,70.19567056752982,51.3836229286938,79.4122098028665,50.10146786051156,90.77528018990785,51.31274135738465
120.0,500.0,8.159263100887744,35.044372623225776,56.50747002159251,44.56407627355854,51.436652017042434,17.332232140959412,26.29761949961138,10.622057669513667,99.2,19.6,98.8,19.6,99.0,19.8,99.0,19.8,80.00720025675116,54.00979068179872,70.19567056752982,51.3836229286938,90.77528018990785,51.31274135738465,79.4122098028665,50.10146786051156
120.0,500.0,8.159263100887744,35.044372623225776,51.436652017042434,17.332232140959412,26.29761949961138,10.622057669513667,56.50747002159251,44.56407627355854,95.0,21.4,95.0,21.4,94.8,21.4,95.2,21.4,80.00720025675116,54.00979068179872,90.77528018990785,51.31274135738465,79.4122098028665,50.10146786051156,70.19567056752982,51.3836229286938
120.0,500.0,8.159263100887744,35.044372623225776,51.436652017042434,17.332232140959412,56.50747002159251,44.56407627355854,26.29761949961138,10.622057669513667,97.4,20.2,97.4,20.2,97.6,20.2,97.4,20.2,80.00720025675116,54.00979068179872,90.77528018990785,51.31274135738465,70.19567056752982,51.3836229286938,79.4122098028665,50.10146786051156
120.0,500.0,56.50747002159251,44.56407627355854,26.29761949961138,10.622057669513667,8.159263100887744,35.044372623225776,51.436652017042434,17.332232140959412,95.2,21.8,94.8,21.8,95.0,21.8,95.2,21.8,70.19567056752982,51.3836229286938,79.4122098028665,50.10146786051156,80.00720025675116,54.00979068179872,90.77528018990785,51.31274135738465
120.0,500.0,56.50747002159251,44.56407627355854,26.29761949961138,10.622057669513667,51.436652017042434,17.332232140959412,8.159263100887744,35.044372623225776,99.2,19.2,98.8,19.2,98.8,19.2,98.8,19.2,70.19567056752982,51.3836229286938,79.4122098028665,50.10146786051156,90.77528018990785,51.31274135738465,80.00720025675116,54.00979068179872
120.0,500.0,56.50747002159251,44.56407627355854,8.159263100887744,35.044372623225776,26.29761949961138,10.622057669513667,51.436652017042434,17.332232140959412,93.0,19.0,93.0,19.0,93.0,19.0,93.0,19.0,70.19567056752982,51.3836229286938,80.00720025675116,54.00979068179872,79.4122098028665,50.10146786051156,90.77528018990785,51.31274135738465
120.0,500.0,56.50747002159251,44.56407627355854,8.159263100887744,35.044372623225776,51.436652017042434,17.332232140959412,26.29761949961138,10.622057669513667,95.6,20.2,95.6,20.2,95.6,20.2,95.6,20.2,70.19567056752982,51.3836229286938,80.00720025675116,54.00979068179872,90.77528018990785,51.31274135738465,79.4122098028665,50.10146786051156
120.0,500.0,56.50747002159251,44.56407627355854,51.436652017042434,17.332232140959412,26.29761949961138,10.622057669513667,8.159263100887744,35.044372623225776,98.6,20.8,98.6,20.8,98.4,20.8,98.6,20.8,70.19567056752982,51.3836229286938,90.77528018990785,51.31274135738465,79.4122098028665,50.10146786051156,80.00720025675116,54.00979068179872
120.0,500.0,56.50747002159251,44.56407627355854,51.436652017042434,17.332232140959412,8.159263100887744,35.044372623225776,26.29761949961138,10.622057669513667,92.6,19.4,92.6,19.4,92.6,19.4,92.6,19.4,70.19567056752982,51.3836229286938,90.77528018990785,51.31274135738465,80.00720025675116,54.00979068179872,79.4122098028665,50.10146786051156
120.0,500.0,51.436652017042434,17.332232140959412,26.29761949961138,10.622057669513667,8.159263100887744,35.044372623225776,56.50747002159251,44.56407627355854,96.2,20.8,96.2,20.8,96.2,20.8,96.2,20.8,90.77528018990785,51.31274135738465,79.4122098028665,50.10146786051156,80.00720025675116,54.00979068179872,70.19567056752982,51.3836229286938
120.0,500.0,51.436652017042434,17.332232140959412,26.29761949961138,10.622057669513667,56.50747002159251,44.56407627355854,8.159263100887744,35.044372623225776,91.6,22.0,91.6,22.0,91.6,22.0,91.6,22.0,90.77528018990785,51.31274135738465,79.4122098028665,50.10146786051156,70.19567056752982,51.3836229286938,80.00720025675116,54.00979068179872
120.0,500.0,51.436652017042434,17.332232140959412,8.159263100887744,35.044372623225776,26.29761949961138,10.622057669513667,56.50747002159251,44.56407627355854,93.0,21.6,92.8,21.6,93.0,21.6,93.2,21.6,90.77528018990785,51.31274135738465,80.00720025675116,54.00979068179872,79.4122098028665,50.10146786051156,70.19567056752982,51.3836229286938
120.0,500.0,51.436652017042434,17.332232140959412,8.159263100887744,35.044372623225776,56.50747002159251,44.56407627355854,26.29761949961138,10.622057669513667,94.2,19.8,94.2,19.8,94.4,19.8,94.0,19.8,90.77528018990785,51.31274135738465,80.00720025675116,54.00979068179872,70.19567056752982,51.3836229286938,79.4122098028665,50.10146786051156
120.0,500.0,51.436652017042434,17.332232140959412,56.50747002159251,44.56407627355854,26.29761949961138,10.622057669513667,8.159263100887744,35.044372623225776,97.0,23.0,97.2,22.6,97.4,23.0,98.0,22.6,90.77528018990785,51.31274135738465,70.19567056752982,51.3836229286938,79.4122098028665,50.10146786051156,80.00720025675116,54.00979068179872
120.0,500.0,51.436652017042434,17.332232140959412,56.50747002159251,44.56407627355854,8.159263100887744,35.044372623225776,26.29761949961138,10.622057669513667,93.8,19.6,93.8,19.6,93.8,19.6,93.8,19.6,90.77528018990785,51.31274135738465,70.19567056752982,51.3836229286938,80.00720025675116,54.00979068179872,79.4122098028665,50.10146786051156
120.0,500.0,25.588670881418164,38.09203944321389,3.4764116466160577,46.7646209904263,19.04502096122945,3.7262675310507687,51.89543429029944,57.23531273787504,86.8,29.0,86.8,29.0,98.4,29.0,86.8,29.0,93.33550313830628,14.478580835262257,103.99393394302577,11.345855969411788,101.09156044003169,22.51429765184643,93.97585859960574,9.597018772331625
120.0,500.0,25.588670881418164,38.09203944321389,51.89543429029944,57.23531273787504,3.4764116466160577,46.7646209904263,19.04502096122945,3.7262675310507687,85.4,27.2,84.8,27.2,85.4,27.6,98.4,27.8,93.33550313830628,14.478580835262257,93.97585859960574,9.597018772331625,103.99393394302577,11.345855969411788,101.09156044003169,22.51429765184643
120.0,500.0,25.588670881418164,38.09203944321389,51.89543429029944,57.23531273787504,19.04502096122945,3.7262675310507687,3.4764116466160577,46.7646209904263,87.6,28.4,87.6,28.4,99.4,28.4,87.6,28.4,93.33550313830628,14.478580835262257,93.97585859960574,9.597018772331625,101.09156044003169,22.51429765184643,103.99393394302577,11.345855969411788
120.0,500.0,25.588670881418164,38.09203944321389,19.04502096122945,3.7262675310507687,3.4764116466160577,46.7646209904263,51.89543429029944,57.23531273787504,88.2,30.2,99.8,30.2,88.4,30.2,88.2,30.2,93.33550313830628,14.478580835262257,101.09156044003169,22.51429765184643,103.99393394302577,11.345855969411788,93.97585859960574,9.597018772331625
120.0,500.0,25.588670881418164,38.09203944321389,19.04502096122945,3.7262675310507687,51.89543429029944,57.23531273787504,3.4764116466160577,46.7646209904263,86.0,26.6,99.6,26.6,86.0,26.6,86.0,26.6,93.33550313830628,14.478580835262257,101.09156044003169,22.51429765184643,93.97585859960574,9.597018772331625,103.99393394302577,11.345855969411788
120.0,500.0,3.4764116466160577,46.7646209904263,25.588670881418164,38.09203944321389,51.89543429029944,57.23531273787504,19.04502096122945,3.7262675310507687,84.6,26.4,84.6,26.4,84.6,26.4,98.4,26.4,103.99393394302577,11.345855969411788,93.33550313830628,14.478580835262257,93.97585859960574,9.597018772331625,101.09156044003169,22.51429765184643
120.0,500.0,3.4764116466160577,46.7646209904263,25.588670881418164,38.09203944321389,19.04502096122945,3.7262675310507687,51.89543429029944,57.23531273787504,86.2,28.0,86.2,27.6,98.2,28.2,85.8,27.6,103.99393394302577,11.345855969411788,93.33550313830628,14.478580835262257,101.09156044003169,22.51429765184643,93.97585859960574,9.597018772331625
120.0,500.0,3.4764116466160577,46.7646209904263,51.89543429029944,57.23531273787504,25.588670881418164,38.09203944321389,19.04502096122945,3.7262675310507687,85.8,27.2,85.2,26.8,85.8,26.8,98.4,27.4,103.99393394302577,11.345855969411788,93.97585859960574,9.597018772331625,93.33550313830628,14.478580835262257,101.09156044003169,22.51429765184643
120.0,500.0,3.4764116466160577,46.7646209904263,51.89543429029944,57.23531273787504,19.04502096122945,3.7262675310507687,25.588670881418164,38.09203944321389,85.0,25.6,85.0,25.6,99.2,25.6,85.0,25.6,103.99393394302577,11.345855969411788,93.97585859960574,9.597018772331625,101.09156044003169,22.51429765184643,93.33550313830628,14.478580835262257
120.0,500.0,3.4764116466160577,46.7646209904263,19.04502096122945,3.7262675310507687,25.588670881418164,38.09203944321389,51.89543429029944,57.23531273787504,87.0,26.8,99.6,26.8,86.8,26.8,87.0,26.8,103.99393394302577,11.345855969411788,101.09156044003169,22.51429765184643,93.33550313830628,14.478580835262257,93.97585859960574,9.597018772331625
120.0,500.0,3.4764116466160577,46.7646209904263,19.04502096122945,3.7262675310507687,51.89543429029944,57.23531273787504,25.588670881418164,38.09203944321389,89.8,26.2,102.2,26.2,90.0,26.2,89.8,26.2,103.99393394302577,11.345855969411788,101.09156044003169,22.51429765184643,93.97585859960574,9.597018772331625,93.33550313830628,14.478580835262257
120.0,500.0,51.89543429029944,57.23531273787504,25.588670881418164,38.09203944321389,3.4764116466160577,46.7646209904263,19.04502096122945,3.7262675310507687,86.0,27.4,85.8,27.4,85.8,27.4,98.6,27.4,93.97585859960574,9.597018772331625,93.33550313830628,14.478580835262257,103.99393394302577,11.345855969411788,101.09156044003169,22.51429765184643
120.0,500.0,51.89543429029944,57.23531273787504,25.588670881418164,38.09203944321389,19.04502096122945,3.7262675310507687,3.4764116466160577,46.7646209904263,87.8,27.8,87.6,27.8,100.6,27.8,87.8,27.8,93.97585859960574,9.597018772331625,93.33550313830628,14.478580835262257,101.09156044003169,22.51429765184643,103.99393394302577,11.345855969411788
120.0,500.0,51.89543429029944,57.23531273787504,3.4764116466160577,46.7646209904263,25.588670881418164,38.09203944321389,19.04502096122945,3.7262675310507687,84.8,27.8,84.8,27.8,84.8,27.8,97.6,27.8,93.97585859960574,9.597018772331625,103.99393394302577,11.345855969411788,93.33550313830628,14.478580835262257,101.09156044003169,22.51429765184643
120.0,500.0,51.89543429029944,57.23531273787504,3.4764116466160577,46.7646209904263,19.04502096122945,3.7262675310507687,25.588670881418164,38.09203944321389,85.8,28.6,85.8,28.6,98.2,28.6,85.8,28.6,93.97585859960574,9.597018772331625,103.99393394302577,11.345855969411788,101.09156044003169,22.51429765184643,93.33550313830628,14.478580835262257
120.0,500.0,51.89543429029944,57.23531273787504,19.04502096122945,3.7262675310507687,25.588670881418164,38.09203944321389,3.4764116466160577,46.7646209904263,87.0,28.4,98.6,28.4,87.0,28.4,87.0,28.4,93.97585859960574,9.597018772331625,101.09156044003169,22.51429765184643,93.33550313830628,14.478580835262257,103.99393394302577,11.345855969411788
120.0,500.0,51.89543429029944,57.23531273787504,19.04502096122945,3.7262675310507687,3.4764116466160577,46.7646209904263,25.588670881418164,38.09203944321389,86.8,29.2,99.2,29.2,86.8,29.2,86.8,29.2,93.97585859960574,9.597018772331625,101.09156044003169,22.51429765184643,103.99393394302577,11.345855969411788,93.33550313830628,14.478580835262257
120.0,500.0,19.04502096122945,3.7262675310507687,25.588670881418164,38.09203944321389,3.4764116466160577,46.7646209904263,51.89543429029944,57.23531273787504,100.0,29.4,87.8,29.0,88.4,29.2,88.0,29.2,101.09156044003169,22.51429765184643,93.33550313830628,14.478580835262257,103.99393394302577,11.345855969411788,93.97585859960574,9.597018772331625
120.0,500.0,19.04502096122945,3.7262675310507687,25.588670881418164,38.09203944321389,51.89543429029944,57.23531273787504,3.4764116466160577,46.7646209904263,99.8,27.0,86.0,27.0,86.0,27.0,86.0,27.0,101.09156044003169,22.51429765184643,93.33550313830628,14.478580835262257,93.97585859960574,9.597018772331625,103.99393394302577,11.345855969411788
120.0,500.0,19.04502096122945,3.7262675310507687,3.4764116466160577,46.7646209904263,25.588670881418164,38.09203944321389,51.89543429029944,57.23531273787504,99.2,27.0,85.6,27.0,85.6,27.0,85.6,27.0,101.09156044003169,22.51429765184643,103.99393394302577,11.345855969411788,93.33550313830628,14.478580835262257,93.97585859960574,9.597018772331625
120.0,500.0,19.04502096122945,3.7262675310507687,3.4764116466160577,46.7646209904263,51.89543429029944,57.23531273787504,25.588670881418164,38.09203944321389,97.4,30.8,85.2,30.8,85.2,30.8,85.2,30.8,101.09156044003169,22.51429765184643,103.99393394302577,11.345855969411788,93.97585859960574,9.597018772331625,93.33550313830628,14.478580835262257
120.0,500.0,19.04502096122945,3.7262675310507687,51.89543429029944,57.23531273787504,25.588670881418164,38.09203944321389,3.4764116466160577,46.7646209904263,100.6,26.4,87.2,26.4,87.2,26.4,87.2,26.4,101.09156044003169,22.51429765184643,93.97585859960574,9.597018772331625,93.33550313830628,14.478580835262257,103.99393394302577,11.345855969411788
120.0,500.0,19.04502096122945,3.7262675310507687,51.89543429029944,57.23531273787504,3.4764116466160577,46.7646209904263,25.588670881418164,38.09203944321389,100.0,24.8,85.6,24.8,85.6,24.8,85.8,24.8,101.09156044003169,22.51429765184643,93.97585859960574,9.597018772331625,103.99393394302577,11.345855969411788,93.33550313830628,14.478580835262257
120.0,500.0,1.2944118027610885,40.88481364879613,50.35445727302164,6.084072657683919,26.24652777410228,16.961404311282003,37.37126712945376,39.609436053519474,101.4,21.8,101.2,23.0,101.8,22.4,101.2,21.2,102.73556233282342,22.37328653277281,78.320071465408,44.79074151104044,98.48807986142064,36.670089901381886,95.56821088776474,22.34794568124436
120.0,500.0,1.2944118027610885,40.88481364879613,37.37126712945376,39.609436053519474,50.35445727302164,6.084072657683919,26.24652777410228,16.961404311282003,101.8,20.6,101.2,20.0,101.2,23.0,102.4,22.0,102.73556233282342,22.37328653277281,95.56821088776474,22.34794568124436,78.320071465408,44.79074151104044,98.48807986142064,36.670089901381886
120.0,500.0,1.2944118027610885,40.88481364879613,37.37126712945376,39.609436053519474,26.24652777410228,16.961404311282003,50.35445727302164,6.084072657683919,101.8,21.2,101.6,20.8,102.0,21.6,101.6,22.0,102.73556233282342,22.37328653277281,95.56821088776474,22.34794568124436,98.48807986142064,36.670089901381886,78.320071465408,44.79074151104044
120.0,500.0,1.2944118027610885,40.88481364879613,26.24652777410228,16.961404311282003,50.35445727302164,6.084072657683919,37.37126712945376,39.609436053519474,103.4,21.8,103.2,22.4,102.8,22.8,102.8,21.6,102.73556233282342,22.37328653277281,98.48807986142064,36.670089901381886,78.320071465408,44.79074151104044,95.56821088776474,22.34794568124436
120.0,500.0,1.2944118027610885,40.88481364879613,26.24652777410228,16.961404311282003,37.37126712945376,39.609436053519474,50.35445727302164,6.084072657683919,101.2,22.6,101.4,23.0,101.0,22.2,101.0,23.4,102.73556233282342,22.37328653277281,98.48807986142064,36.670089901381886,95.56821088776474,22.34794568124436,78.320071465408,44.79074151104044
120.0,500.0,50.35445727302164,6.084072657683919,1.2944118027610885,40.88481364879613,37.37126712945376,39.609436053519474,26.24652777410228,16.961404311282003,100.4,23.2,100.4,23.2,100.2,23.2,100.4,23.2,78.320071465408,44.79074151104044,102.73556233282342,22.37328653277281,95.56821088776474,22.34794568124436,98.48807986142064,36.670089901381886
120.0,500.0,50.35445727302164,6.084072657683919,1.2944118027610885,40.88481364879613,26.24652777410228,16.961404311282003,37.37126712945376,39.609436053519474,102.4,24.6,103.2,23.2,103.6,24.0,102.2,22.6,78.320071465408,44.79074151104044,102.73556233282342,22.37328653277281,98.48807986142064,36.670089901381886,95.56821088776474,22.34794568124436
120.0,500.0,50.35445727302164,6.084072657683919,37.37126712945376,39.609436053519474,1.2944118027610885,40.88481364879613,26.24652777410228,16.961404311282003,102.0,23.2,102.0,20.8,102.0,21.6,102.8,22.4,78.320071465408,44.79074151104044,95.56821088776474,22.34794568124436,102.73556233282342,22.37328653277281,98.48807986142064,36.670089901381886
120.0,500.0,50.35445727302164,6.084072657683919,37.37126712945376,39.609436053519474,26.24652777410228,16.961404311282003,1.2944118027610885,40.88481364879613,100.0,21.4,100.0,20.8,100.4,21.2,100.0,20.8,78.320071465408,44.79074151104044,95.56821088776474,22.34794568124436,98.48807986142064,36.670089901381886,102.73556233282342,22.37328653277281
120.0,500.0,50.35445727302164,6.084072657683919,26.24652777410228,16.961404311282003,1.2944118027610885,40.88481364879613,37.37126712945376,39.609436053519474,101.4,24.6,102.6,23.4,101.4,22.2,101.4,21.0,78.320071465408,44.79074151104044,98.48807986142064,36.670089901381886,102.73556233282342,22.37328653277281,95.56821088776474,22.34794568124436
120.0,500.0,50.35445727302164,6.084072657683919,26.24652777410228,16.961404311282003,37.37126712945376,39.609436053519474,1.2944118027610885,40.88481364879613,102.6,23.2,103.4,22.4,102.6,20.8,102.6,21.6,78.320071465408,44.79074151104044,98.48807986142064,36.670089901381886,95.56821088776474,22.34794568124436,102.73556233282342,22.37328653277281
120.0,500.0,37.37126712945376,39.609436053519474,1.2944118027610885,40.88481364879613,50.35445727302164,6.084072657683919,26.24652777410228,16.961404311282003,101.0,22.8,101.0,22.8,101.0,22.8,101.0,22.8,95.56821088776474,22.34794568124436,102.73556233282342,22.37328653277281,78.320071465408,44.79074151104044,98.48807986142064,36.670089901381886
120.0,500.0,37.37126712945376,39.609436053519474,1.2944118027610885,40.88481364879613,26.24652777410228,16.961404311282003,50.35445727302164,6.084072657683919,100.8,21.6,100.8,22.4,101.6,23.2,100.8,24.0,95.56821088776474,22.34794568124436,102.73556233282342,22.37328653277281,98.48807986142064,36.670089901381886,78.320071465408,44.79074151104044
120.0,500.0,37.37126712945376,39.609436053519474,50.35445727302164,6.084072657683919,1.2944118027610885,40.88481364879613,26.24652777410228,16.961404311282003,98.4,23.0,98.4,25.4,98.6,23.8,99.2,24.6,95.56821088776474,22.34794568124436,78.320071465408,44.79074151104044,102.73556233282342,22.37328653277281,98.48807986142064,36.670089901381886
120.0,500.0,37.37126712945376,39.609436053519474,50.35445727302164,6.084072657683919,26.24652777410228,16.961404311282003,1.2944118027610885,40.88481364879613,97.6,20.6,97.6,24.4,99.0,23.2,98.0,21.6,95.56821088776474,22.34794568124436,78.320071465408,44.79074151104044,98.48807986142064,36.670089901381886,102.73556233282342,22.37328653277281
120.0,500.0,37.37126712945376,39.609436053519474,26.24652777410228,16.961404311282003,1.2944118027610885,40.88481364879613,50.35445727302164,6.084072657683919,101.6,23.0,102.2,24.2,101.6,23.6,101.4,24.8,95.56821088776474,22.34794568124436,98.48807986142064,36.670089901381886,102.73556233282342,22.37328653277281,78.320071465408,44.79074151104044
120.0,500.0,37.37126712945376,39.609436053519474,26.24652777410228,16.961404311282003,50.35445727302164,6.084072657683919,1.2944118027610885,40.88481364879613,99.6,24.6,99.6,24.6,99.6,24.6,99.6,24.6,95.56821088776474,22.34794568124436,98.48807986142064,36.670089901381886,78.320071465408,44.79074151104044,102.73556233282342,22.37328653277281
120.0,500.0,26.24652777410228,16.961404311282003,1.2944118027610885,40.88481364879613,50.35445727302164,6.084072657683919,37.37126712945376,39.609436053519474,101.4,22.0,101.0,21.6,101.0,22.4,100.6,21.2,98.48807986142064,36.670089901381886,102.73556233282342,22.37328653277281,78.320071465408,44.79074151104044,95.56821088776474,22.34794568124436
120.0,500.0,26.24652777410228,16.961404311282003,1.2944118027610885,40.88481364879613,37.37126712945376,39.609436053519474,50.35445727302164,6.084072657683919,101.0,21.6,100.6,21.2,100.6,20.8,100.6,22.0,98.48807986142064,36.670089901381886,102.73556233282342,22.37328653277281,95.56821088776474,22.34794568124436,78.320071465408,44.79074151104044
120.0,500.0,26.24652777410228,16.961404311282003,50.35445727302164,6.084072657683919,1.2944118027610885,40.88481364879613,37.37126712945376,39.609436053519474,103.8,23.8,103.0,24.6,103.0,23.0,103.0,22.2,98.48807986142064,36.670089901381886,78.320071465408,44.79074151104044,102.73556233282342,22.37328653277281,95.56821088776474,22.34794568124436
120.0,500.0,26.24652777410228,16.961404311282003,50.35445727302164,6.084072657683919,37.37126712945376,39.609436053519474,1.2944118027610885,40.88481364879613,101.0,22.8,100.8,23.0,100.8,22.4,100.8,22.6,98.48807986142064,36.670089901381886,78.320071465408,44.79074151104044,95.56821088776474,22.34794568124436,102.73556233282342,22.37328653277281
120.0,500.0,26.24652777410228,16.961404311282003,37.37126712945376,39.609436053519474,1.2944118027610885,40.88481364879613,50.35445727302164,6.084072657683919,102.2,23.6,101.2,21.6,101.4,22.6,101.2,24.6,98.48807986142064,36.670089901381886,95.56821088776474,22.34794568124436,102.73556233282342,22.37328653277281,78.320071465408,44.79074151104044
120.0,500.0,26.24652777410228,16.961404311282003,37.37126712945376,39.609436053519474,50.35445727302164,6.084072657683919,1.2944118027610885,40.88481364879613,102.2,24.4,100.6,22.2,100.8,25.4,101.8,23.0,98.48807986142064,36.670089901381886,95.56821088776474,22.34794568124436,78.320071465408,44.79074151104044,102.73556233282342,22.37328653277281
120.0,500.0,4.986313481924669,28.443465478277947,39.262306054545846,45.08312330904238,58.59750221033434,55.27925142276624,32.20875713361245,6.580401820989456,113.2,19.6,113.0,19.6,111.4,19.6,113.0,19.6,114.22459201719757,45.439697286162605,85.91541123231603,35.087856484914965,62.55272924964074,32.72975151284861,97.53088316708984,59.55620406387344
120.0,500.0,4.986313481924669,28.443465478277947,32.20875713361245,6.580401820989456,39.262306054545846,45.08312330904238,58.59750221033434,55.27925142276624,110.0,21.4,110.0,21.4,110.0,21.4,109.0,21.4,114.22459201719757,45.439697286162605,97.53088316708984,59.55620406387344,85.91541123231603,35.087856484914965,62.55272924964074,32.72975151284861
120.0,500.0,4.986313481924669,28.443465478277947,32.20875713361245,6.580401820989456,58.59750221033434,55.27925142276624,39.262306054545846,45.08312330904238,109.0,21.0,109.0,21.0,108.6,21.0,109.0,21.0,114.22459201719757,45.439697286162605,97.53088316708984,59.55620406387344,62.55272924964074,32.72975151284861,85.91541123231603,35.087856484914965
120.0,500.0,4.986313481924669,28.443465478277947,58.59750221033434,55.27925142276624,39.262306054545846,45.08312330904238,32.20875713361245,6.580401820989456,109.4,23.6,108.8,23.6,109.4,23.6,109.4,23.6,114.22459201719757,45.439697286162605,62.55272924964074,32.72975151284861,85.91541123231603,35.087856484914965,97.53088316708984,59.55620406387344
120.0,500.0,4.986313481924669,28.443465478277947,58.59750221033434,55.27925142276624,32.20875713361245,6.580401820989456,39.262306054545846,45.08312330904238,106.0,24.6,105.0,24.2,105.8,24.6,106.0,24.4,114.22459201719757,45.439697286162605,62.55272924964074,32.72975151284861,97.53088316708984,59.55620406387344,85.91541123231603,35.087856484914965
120.0,500.0,39.262306054545846,45.08312330904238,4.986313481924669,28.443465478277947,32.20875713361245,6.580401820989456,58.59750221033434,55.27925142276624,110.2,20.4,110.2,20.4,110.0,20.4,109.4,20.4,85.91541123231603,35.087856484914965,114.22459201719757,45.439697286162605,97.53088316708984,59.55620406387344,62.55272924964074,32.72975151284861
120.0,500.0,39.262306054545846,45.08312330904238,4.986313481924669,28.443465478277947,58.59750221033434,55.27925142276624,32.20875713361245,6.580401820989456,111.4,21.4,111.6,21.8,110.2,21.6,111.4,21.8,85.91541123231603,35.087856484914965,114.22459201719757,45.439697286162605,62.55272924964074,32.72975151284861,97.53088316708984,59.55620406387344
120.0,500.0,39.262306054545846,45.08312330904238,32.20875713361245,6.580401820989456,4.986313481924669,28.443465478277947,58.59750221033434,55.27925142276624,113.0,21.8,113.0,21.8,113.0,21.8,112.2,21.8,85.91541123231603,35.087856484914965,97.53088316708984,59.55620406387344,114.22459201719757,45.439697286162605,62.55272924964074,32.72975151284861
120.0,500.0,39.262306054545846,45.08312330904238,32.20875713361245,6.580401820989456,58.59750221033434,55.27925142276624,4.986313481924669,28.443465478277947,111.6,22.0,111.6,22.0,111.2,22.0,111.6,22.0,85.91541123231603,35.087856484914965,97.53088316708984,59.55620406387344,62.55272924964074,32.72975151284861,114.22459201719757,45.439697286162605
120.0,500.0,39.262306054545846,45.08312330904238,58.59750221033434,55.27925142276624,4.986313481924669,28.443465478277947,32.20875713361245,6.580401820989456,109.4,21.0,108.4,21.0,109.4,21.0,109.4,21.0,85.91541123231603,35.087856484914965,62.55272924964074,32.72975151284861,114.22459201719757,45.439697286162605,97.53088316708984,59.55620406387344
120.0,500.0,39.262306054545846,45.08312330904238,58.59750221033434,55.27925142276624,32.20875713361245,6.580401820989456,4.986313481924669,28.443465478277947,111.4,22.6,110.6,22.6,111.4,22.6,111.4,22.6,85.91541123231603,35.087856484914965,62.55272924964074,32.72975151284861,97.53088316708984,59.55620406387344,114.22459201719757,45.439697286162605
120.0,500.0,32.20875713361245,6.580401820989456,4.986313481924669,28.443465478277947,39.262306054545846,45.08312330904238,58.59750221033434,55.27925142276624,112.0,18.6,112.0,18.6,111.8,18.2,111.4,18.4,97.53088316708984,59.55620406387344,114.22459201719757,45.439697286162605,85.91541123231603,35.087856484914965,62.55272924964074,32.72975151284861
120.0,500.0,32.20875713361245,6.580401820989456,4.986313481924669,28.443465478277947,58.59750221033434,55.27925142276624,39.262306054545846,45.08312330904238,113.0,21.2,113.0,21.2,111.4,21.2,113.0,21.2,97.53088316708984,59.55620406387344,114.22459201719757,45.439697286162605,62.55272924964074,32.72975151284861,85.91541123231603,35.087856484914965
120.0,500.0,32.20875713361245,6.580401820989456,39.262306054545846,45.08312330904238,4.986313481924669,28.443465478277947,58.59750221033434,55.27925142276624,110.4,22.4,110.4,22.0,110.6,22.4,110.0,22.2,97.53088316708984,59.55620406387344,85.91541123231603,35.087856484914965,114.22459201719757,45.439697286162605,62.55272924964074,32.72975151284861
120.0,500.0,32.20875713361245,6.580401820989456,39.262306054545846,45.08312330904238,58.59750221033434,55.27925142276624,4.986313481924669,28.443465478277947,110.0,23.2,110.2,22.8,109.2,22.6,110.6,23.2,97.53088316708984,59.55620406387344,85.91541123231603,35.087856484914965,62.55272924964074,32.72975151284861,114.22459201719757,45.439697286162605
120.0,500.0,32.20875713361245,6.580401820989456,58.59750221033434,55.27925142276624,4.986313481924669,28.443465478277947,39.262306054545846,45.08312330904238,110.8,20.6,110.2,20.6,111.0,20.6,110.8,20.6,97.53088316708984,59.55620406387344,62.55272924964074,32.72975151284861,114.22459201719757,45.439697286162605,85.91541123231603,35.087856484914965
120.0,500.0,32.20875713361245,6.580401820989456,58.59750221033434,55.27925142276624,39.262306054545846,45.08312330904238,4.986313481924669,28.443465478277947,110.8,21.4,110.2,21.4,110.8,21.4,111.0,21.4,97.53088316708984,59.55620406387344,62.55272924964074,32.72975151284861,85.91541123231603,35.087856484914965,114.22459201719757,45.439697286162605
120.0,500.0,58.59750221033434,55.27925142276624,4.986313481924669,28.443465478277947,39.262306054545846,45.08312330904238,32.20875713361245,6.580401820989456,106.8,20.4,107.6,20.8,107.6,20.6,107.4,20.8,62.55272924964074,32.72975151284861,114.22459201719757,45.439697286162605,85.91541123231603,35.087856484914965,97.53088316708984,59.55620406387344
120.0,500.0,58.59750221033434,55.27925142276624,4.986313481924669,28.443465478277947,32.20875713361245,6.580401820989456,39.262306054545846,45.08312330904238,109.8,19.8,111.0,19.8,111.0,19.8,111.0,19.8,62.55272924964074,32.72975151284861,114.22459201719757,45.439697286162605,97.53088316708984,59.55620406387344,85.91541123231603,35.087856484914965
120.0,500.0,58.59750221033434,55.27925142276624,39.262306054545846,45.08312330904238,4.986313481924669,28.443465478277947,32.20875713361245,6.580401820989456,107.6,21.4,108.4,21.4,108.4,21.4,108.4,21.4,62.55272924964074,32.72975151284861,85.91541123231603,35.087856484914965,114.22459201719757,45.439697286162605,97.53088316708984,59.55620406387344
120.0,500.0,58.59750221033434,55.27925142276624,39.262306054545846,45.08312330904238,32.20875713361245,6.580401820989456,4.986313481924669,28.443465478277947,108.6,20.4,110.0,20.4,109.8,21.0,110.2,21.0,62.55272924964074,32.72975151284861,85.91541123231603,35.087856484914965,97.53088316708984,59.55620406387344,114.22459201719757,45.439697286162605
120.0,500.0,58.59750221033434,55.27925142276624,32.20875713361245,6.580401820989456,4.986313481924669,28.443465478277947,39.262306054545846,45.08312330904238,109.6,21.8,110.4,21.8,110.4,21.8,110.4,21.8,62.55272924964074,32.72975151284861,97.53088316708984,59.55620406387344,114.22459201719757,45.439697286162605,85.91541123231603,35.087856484914965
120.0,500.0,58.59750221033434,55.27925142276624,32.20875713361245,6.580401820989456,39.262306054545846,45.08312330904238,4.986313481924669,28.443465478277947,109.8,19.2,110.6,19.8,110.8,19.4,111.2,19.8,62.55272924964074,32.72975151284861,97.53088316708984,59.55620406387344,85.91541123231603,35.087856484914965,114.22459201719757,45.439697286162605
120.0,500.0,5.211348800272397,8.376148412347781,57.369293262625085,17.95851595357707,36.03274430982172,41.498665211570525,9.102339826940264,33.941225583291185,109.4,11.2,108.0,11.0,68.2,23.4,109.4,10.0,79.36314907149384,25.4944720260559,65.75389361937474,20.32634235224988,71.984409408839,14.12699570710176,85.10897265298055,16.44373449108215
120.0,500.0,5.211348800272397,8.376148412347781,9.102339826940264,33.941225583291185,57.369293262625085,17.95851595357707,36.03274430982172,41.498665211570525,106.4,16.4,106.4,15.0,104.4,16.2,68.8,27.0,79.36314907149384,25.4944720260559,85.10897265298055,16.44373449108215,65.75389361937474,20.32634235224988,71.984409408839,14.12699570710176
120.0,500.0,5.211348800272397,8.376148412347781,9.102339826940264,33.941225583291185,36.03274430982172,41.498665211570525,57.369293262625085,17.95851595357707,108.0,11.6,108.0,11.2,68.0,24.0,106.8,11.6,79.36314907149384,25.4944720260559,85.10897265298055,16.44373449108215,71.984409408839,14.12699570710176,65.75389361937474,20.32634235224988
120.0,500.0,5.211348800272397,8.376148412347781,36.03274430982172,41.498665211570525,57.369293262625085,17.95851595357707,9.102339826940264,33.941225583291185,109.6,9.2,66.4,23.2,109.2,9.2,109.6,9.0,79.36314907149384,25.4944720260559,71.984409408839,14.12699570710176,65.75389361937474,20.32634235224988,85.10897265298055,16.44373449108215
120.0,500.0,5.211348800272397,8.376148412347781,36.03274430982172,41.498665211570525,9.102339826940264,33.941225583291185,57.369293262625085,17.95851595357707,107.0,11.4,68.8,22.8,107.0,10.6,105.6,11.2,79.36314907149384,25.4944720260559,71.984409408839,14.12699570710176,85.10897265298055,16.44373449108215,65.75389361937474,20.32634235224988
120.0,500.0,57.369293262625085,17.95851595357707,5.211348800272397,8.376148412347781,9.102339826940264,33.941225583291185,36.03274430982172,41.498665211570525,104.8,12.8,105.2,12.8,105.2,12.6,70.4,24.0,65.75389361937474,20.32634235224988,79.36314907149384,25.4944720260559,85.10897265298055,16.44373449108215,71.984409408839,14.12699570710176
120.0,500.0,57.369293262625085,17.95851595357707,5.211348800272397,8.376148412347781,36.03274430982172,41.498665211570525,9.102339826940264,33.941225583291185,107.0,11.0,108.2,11.0,67.4,23.2,107.6,10.4,65.75389361937474,20.32634235224988,79.36314907149384,25.4944720260559,71.984409408839,14.12699570710176,85.10897265298055,16.44373449108215
120.0,500.0,57.369293262625085,17.95851595357707,9.102339826940264,33.941225583291185,5.211348800272397,8.376148412347781,36.03274430982172,41.498665211570525,109.0,10.6,109.0,10.6,109.0,10.6,67.6,24.4,65.75389361937474,20.32634235224988,85.10897265298055,16.44373449108215,79.36314907149384,25.4944720260559,71.984409408839,14.12699570710176
120.0,500.0,57.369293262625085,17.95851595357707,9.102339826940264,33.941225583291185,36.03274430982172,41.498665211570525,5.211348800272397,8.376148412347781,105.4,13.4,106.2,13.0,67.8,25.4,106.2,13.4,65.75389361937474,20.32634235224988,85.10897265298055,16.44373449108215,71.984409408839,14.12699570710176,79.36314907149384,25.4944720260559
120.0,500.0,57.369293262625085,17.95851595357707,36.03274430982172,41.498665211570525,5.211348800272397,8.376148412347781,9.102339826940264,33.941225583291185,107.6,11.0,68.8,23.4,108.4,11.0,108.4,10.6,65.75389361937474,20.32634235224988,71.984409408839,14.12699570710176,79.36314907149384,25.4944720260559,85.10897265298055,16.44373449108215
120.0,500.0,57.369293262625085,17.95851595357707,36.03274430982172,41.498665211570525,9.102339826940264,33.941225583291185,5.211348800272397,8.376148412347781,110.2,10.0,70.2,22.8,111.0,9.6,111.0,10.0,65.75389361937474,20.32634235224988,71.984409408839,14.12699570710176,85.10897265298055,16.44373449108215,79.36314907149384,25.4944720260559
120.0,500.0,9.102339826940264,33.941225583291185,5.211348800272397,8.376148412347781,57.369293262625085,17.95851595357707,36.03274430982172,41.498665211570525,106.0,10.6,106.0,11.4,104.4,11.4,66.4,23.0,85.10897265298055,16.44373449108215,79.36314907149384,25.4944720260559,65.75389361937474,20.32634235224988,71.984409408839,14.12699570710176
120.0,500.0,9.102339826940264,33.941225583291185,5.211348800272397,8.376148412347781,36.03274430982172,41.498665211570525,57.369293262625085,17.95851595357707,109.2,9.4,109.2,11.0,67.8,22.4,107.2,10.6,85.10897265298055,16.44373449108215,79.36314907149384,25.4944720260559,71.984409408839,14.12699570710176,65.75389361937474,20.32634235224988
120.0,500.0,9.102339826940264,33.941225583291185,57.369293262625085,17.95851595357707,5.211348800272397,8.376148412347781,36.03274430982172,41.498665211570525,106.2,13.2,106.0,13.4,106.2,13.6,69.0,25.6,85.10897265298055,16.44373449108215,65.75389361937474,20.32634235224988,79.36314907149384,25.4944720260559,71.984409408839,14.12699570710176
120.0,500.0,9.102339826940264,33.941225583291185,57.369293262625085,17.95851595357707,36.03274430982172,41.498665211570525,5.211348800272397,8.376148412347781,105.0,11.4,103.0,12.4,65.4,23.6,105.0,12.4,85.10897265298055,16.44373449108215,65.75389361937474,20.32634235224988,71.984409408839,14.12699570710176,79.36314907149384,25.4944720260559
120.0,500.0,9.102339826940264,33.941225583291185,36.03274430982172,41.498665211570525,5.211348800272397,8.376148412347781,57.369293262625085,17.95851595357707,106.6,13.2,70.0,25.4,106.6,13.2,106.6,13.2,85.10897265298055,16.44373449108215,71.984409408839,14.12699570710176,79.36314907149384,25.4944720260559,65.75389361937474,20.32634235224988
120.0,500.0,9.102339826940264,33.941225583291185,36.03274430982172,41.498665211570525,57.369293262625085,17.95851595357707,5.211348800272397,8.376148412347781,110.6,10.2,71.0,23.0,109.8,10.6,110.6,10.6,85.10897265298055,16.44373449108215,71.984409408839,14.12699570710176,65.75389361937474,20.32634235224988,79.36314907149384,25.4944720260559
120.0,500.0,36.03274430982172,41.498665211570525,5.211348800272397,8.376148412347781,57.369293262625085,17.95851595357707,9.102339826940264,33.941225583291185,65.8,23.2,110.2,9.6,109.2,9.4,110.2,8.8,71.984409408839,14.12699570710176,79.36314907149384,25.4944720260559,65.75389361937474,20.32634235224988,85.10897265298055,16.44373449108215
120.0,500.0,36.03274430982172,41.498665211570525,5.211348800272397,8.376148412347781,9.102339826940264,33.941225583291185,57.369293262625085,17.95851595357707,69.4,22.2,107.8,10.6,107.8,9.8,106.6,10.4,71.984409408839,14.12699570710176,79.36314907149384,25.4944720260559,85.10897265298055,16.44373449108215,65.75389361937474,20.32634235224988
120.0,500.0,36.03274430982172,41.498665211570525,57.369293262625085,17.95851595357707,5.211348800272397,8.376148412347781,9.102339826940264,33.941225583291185,71.0,23.2,107.0,11.2,107.0,11.2,107.0,11.2,71.984409408839,14.12699570710176,65.75389361937474,20.32634235224988,79.36314907149384,25.4944720260559,85.10897265298055,16.44373449108215
120.0,500.0,36.03274430982172,41.498665211570525,57.369293262625085,17.95851595357707,9.102339826940264,33.941225583291185,5.211348800272397,8.376148412347781,67.8,23.2,108.0,10.8,108.6,10.2,109.2,10.8,71.984409408839,14.12699570710176,65.75389361937474,20.32634235224988,85.10897265298055,16.44373449108215,79.36314907149384,25.4944720260559
120.0,500.0,36.03274430982172,41.498665211570525,9.102339826940264,33.941225583291185,5.211348800272397,8.376148412347781,57.369293262625085,17.95851595357707,68.6,26.0,105.8,14.0,105.8,14.4,105.0,14.4,71.984409408839,14.12699570710176,85.10897265298055,16.44373449108215,79.36314907149384,25.4944720260559,65.75389361937474,20.32634235224988
120.0,500.0,36.03274430982172,41.498665211570525,9.102339826940264,33.941225583291185,57.369293262625085,17.95851595357707,5.211348800272397,8.376148412347781,66.6,22.6,110.8,8.4,109.2,9.4,110.8,9.8,71.984409408839,14.12699570710176,85.10897265298055,16.44373449108215,65.75389361937474,20.32634235224988,79.36314907149384,25.4944720260559
120.0,500.0,44.34573782095048,36.33570249394532,0.3037399981834165,56.947888135775045,59.54855169804455,1.5227202548656282,20.561475412279616,42.77581139119352,87.4,49.6,88.2,49.6,88.2,49.6,88.2,49.6,99.31958138916532,25.80815568941728,100.86584716454276,25.65262279576093,88.15507698693936,36.78870171016068,108.53147464836871,29.52509422397264
120.0,500.0,44.34573782095048,36.33570249394532,20.561475412279616,42.77581139119352,0.3037399981834165,56.947888135775045,59.54855169804455,1.5227202548656282,89.2,51.0,90.0,51.0,90.0,51.0,90.0,51.0,99.31958138916532,25.80815568941728,108.53147464836871,29.52509422397264,100.86584716454276,25.65262279576093,88.15507698693936,36.78870171016068
120.0,500.0,44.34573782095048,36.33570249394532,20.561475412279616,42.77581139119352,59.54855169804455,1.5227202548656282,0.3037399981834165,56.947888135775045,88.2,51.2,88.6,51.2,88.6,51.2,88.6,51.2,99.31958138916532,25.80815568941728,108.53147464836871,29.52509422397264,88.15507698693936,36.78870171016068,100.86584716454276,25.65262279576093
120.0,500.0,44.34573782095048,36.33570249394532,59.54855169804455,1.5227202548656282,0.3037399981834165,56.947888135775045,20.561475412279616,42.77581139119352,87.8,52.4,88.0,52.4,88.0,52.4,88.0,52.4,99.31958138916532,25.80815568941728,88.15507698693936,36.78870171016068,100.86584716454276,25.65262279576093,108.53147464836871,29.52509422397264
120.0,500.0,44.34573782095048,36.33570249394532,59.54855169804455,1.5227202548656282,20.561475412279616,42.77581139119352,0.3037399981834165,56.947888135775045,86.4,50.8,86.8,50.8,86.8,50.8,87.0,50.8,99.31958138916532,25.80815568941728,88.15507698693936,36.78870171016068,108.53147464836871,29.52509422397264,100.86584716454276,25.65262279576093
120.0,500.0,0.3037399981834165,56.947888135775045,44.34573782095048,36.33570249394532,20.561475412279616,42.77581139119352,59.54855169804455,1.5227202548656282,89.0,49.2,88.8,49.2,89.0,49.2,89.0,49.2,100.86584716454276,25.65262279576093,99.31958138916532,25.80815568941728,108.53147464836871,29.52509422397264,88.15507698693936,36.78870171016068
120.0,500.0,0.3037399981834165,56.947888135775045,44.34573782095048,36.33570249394532,59.54855169804455,1.5227202548656282,20.561475412279616,42.77581139119352,87.2,52.2,87.0,52.2,87.2,52.2,87.2,52.2,100.86584716454276,25.65262279576093,99.31958138916532,25.80815568941728,88.15507698693936,36.78870171016068,108.53147464836871,29.52509422397264
120.0,500.0,0.3037399981834165,56.947888135775045,20.561475412279616,42.77581139119352,44.34573782095048,36.33570249394532,59.54855169804455,1.5227202548656282,87.6,51.6,87.6,51.6,87.4,51.6,87.6,51.6,100.86584716454276,25.65262279576093,108.53147464836871,29.52509422397264,99.31958138916532,25.80815568941728,88.15507698693936,36.78870171016068
120.0,500.0,0.3037399981834165,56.947888135775045,20.561475412279616,42.77581139119352,59.54855169804455,1.5227202548656282,44.34573782095048,36.33570249394532,89.0,50.4,89.0,50.4,88.8,50.4,88.4,50.4,100.86584716454276,25.65262279576093,108.53147464836871,29.52509422397264,88.15507698693936,36.78870171016068,99.31958138916532,25.80815568941728
120.0,500.0,0.3037399981834165,56.947888135775045,59.54855169804455,1.5227202548656282,44.34573782095048,36.33570249394532,20.561475412279616,42.77581139119352,90.4,53.2,90.4,53.2,89.8,53.2,90.4,53.2,100.86584716454276,25.65262279576093,88.15507698693936,36.78870171016068,99.31958138916532,25.80815568941728,108.53147464836871,29.52509422397264
120.0,500.0,0.3037399981834165,56.947888135775045,59.54855169804455,1.5227202548656282,20.561475412279616,42.77581139119352,44.34573782095048,36.33570249394532,84.6,54.8,84.6,54.8,84.6,54.8,83.6,54.8,100.86584716454276,25.65262279576093,88.15507698693936,36.78870171016068,108.53147464836871,29.52509422397264,99.31958138916532,25.80815568941728
120.0,500.0,20.561475412279616,42.77581139119352,44.34573782095048,36.33570249394532,0.3037399981834165,56.947888135775045,59.54855169804455,1.5227202548656282,86.2,51.4,86.0,51.4,86.2,51.4,86.2,51.4,108.53147464836871,29.52509422397264,99.31958138916532,25.80815568941728,100.86584716454276,25.65262279576093,88.15507698693936,36.78870171016068
120.0,500.0,20.561475412279616,42.77581139119352,44.34573782095048,36.33570249394532,59.54855169804455,1.5227202548656282,0.3037399981834165,56.947888135775045,86.2,54.6,86.0,54.6,86.2,54.6,86.4,54.6,108.53147464836871,29.52509422397264,99.31958138916532,25.80815568941728,88.15507698693936,36.78870171016068,100.86584716454276,25.65262279576093
120.0,500.0,20.561475412279616,42.77581139119352,0.3037399981834165,56.947888135775045,44.34573782095048,36.33570249394532,59.54855169804455,1.5227202548656282,88.4,50.0,88.4,50.0,88.2,50.0,88.4,50.0,108.53147464836871,29.52509422397264,100.86584716454276,25.65262279576093,99.31958138916532,25.80815568941728,88.15507698693936,36.78870171016068
120.0,500.0,20.561475412279616,42.77581139119352,0.3037399981834165,56.947888135775045,59.54855169804455,1.5227202548656282,44.34573782095048,36.33570249394532,88.0,50.0,88.4,50.0,88.0,50.0,87.2,50.0,108.53147464836871,29.52509422397264,100.86584716454276,25.65262279576093,88.15507698693936,36.78870171016068,99.31958138916532,25.80815568941728
120.0,500.0,20.561475412279616,42.77581139119352,59.54855169804455,1.5227202548656282,44.34573782095048,36.33570249394532,0.3037399981834165,56.947888135775045,88.6,49.2,88.6,49.2,88.4,49.2,88.6,49.2,108.53147464836871,29.52509422397264,88.15507698693936,36.78870171016068,99.31958138916532,25.80815568941728,100.86584716454276,25.65262279576093
120.0,500.0,20.561475412279616,42.77581139119352,59.54855169804455,1.5227202548656282,0.3037399981834165,56.947888135775045,44.34573782095048,36.33570249394532,89.0,50.8,89.0,50.8,89.0,50.8,88.2,50.8,108.53147464836871,29.52509422397264,88.15507698693936,36.78870171016068,100.86584716454276,25.65262279576093,99.31958138916532,25.80815568941728
120.0,500.0,59.54855169804455,1.5227202548656282,44.34573782095048,36.33570249394532,0.3037399981834165,56.947888135775045,20.561475412279616,42.77581139119352,89.6,51.0,89.0,51.0,89.6,51.0,89.6,51.0,88.15507698693936,36.78870171016068,99.31958138916532,25.80815568941728,100.86584716454276,25.65262279576093,108.53147464836871,29.52509422397264
120.0,500.0,59.54855169804455,1.5227202548656282,44.34573782095048,36.33570249394532,20.561475412279616,42.77581139119352,0.3037399981834165,56.947888135775045,85.4,53.4,84.6,53.4,85.4,53.4,85.6,53.4,88.15507698693936,36.78870171016068,99.31958138916532,25.80815568941728,108.53147464836871,29.52509422397264,100.86584716454276,25.65262279576093
120.0,500.0,59.54855169804455,1.5227202548656282,0.3037399981834165,56.947888135775045,44.34573782095048,36.33570249394532,20.561475412279616,42.77581139119352,88.0,49.8,88.2,49.8,87.6,49.8,88.0,49.8,88.15507698693936,36.78870171016068,100.86584716454276,25.65262279576093,99.31958138916532,25.80815568941728,108.53147464836871,29.52509422397264
120.0,500.0,59.54855169804455,1.5227202548656282,0.3037399981834165,56.947888135775045,20.561475412279616,42.77581139119352,44.34573782095048,36.33570249394532,86.0,52.6,86.0,52.6,86.0,52.6,85.6,52.6,88.15507698693936,36.78870171016068,100.86584716454276,25.65262279576093,108.53147464836871,29.52509422397264,99.31958138916532,25.80815568941728
120.0,500.0,59.54855169804455,1.5227202548656282,20.561475412279616,42.77581139119352,44.34573782095048,36.33570249394532,0.3037399981834165,56.947888135775045,89.8,52.0,89.8,52.0,88.8,52.0,89.8,52.0,88.15507698693936,36.78870171016068,108.53147464836871,29.52509422397264,99.31958138916532,25.80815568941728,100.86584716454276,25.65262279576093
120.0,500.0,59.54855169804455,1.5227202548656282,20.561475412279616,42.77581139119352,0.3037399981834165,56.947888135775045,44.34573782095048,36.33570249394532,90.6,48.4,90.6,48.4,90.6,48.4,90.0,48.4,88.15507698693936,36.78870171016068,108.53147464836871,29.52509422397264,100.86584716454276,25.65262279576093,99.31958138916532,25.80815568941728
