Jammer_X,Jammer_Y,Fitness,Média_C_media_total,Média_C_min_total,Initial_X1,Initial_Y1,Initial_X2,Initial_Y2,Initial_X3,Initial_Y3,Initial_X4,Initial_Y4,Final_X1,Final_Y1,Final_X2,Final_Y2,Final_X3,Final_Y3,Final_X4,Final_Y4
0.0,500.0,21613357.337732617,6467.83737746182,3229.950301392984,12.185706071055533,9.871360616351224,38.18921908201288,21.308982164732328,58.72518985345108,37.79540027620673,2.5780299027295883,43.858517242007046,90.66196145627931,50.01422548701453,110.43612310880754,23.96741155877413,112.37206115978915,55.14702820530457,62.22242643706134,28.38717514222426
0.0,500.0,16941936.43397972,5640.620685648163,2850.310668823959,35.82627493799728,53.58846969708266,43.20819699126219,7.507231169927746,11.735130422584266,27.941518173983763,12.730123982247626,51.94818559507895,112.700232894448,52.45253768340281,103.05285507505889,31.77416936194804,79.42893042482817,33.44244808623561,66.15539886029497,55.89550933766378
0.0,500.0,24909488.79733178,7236.911537228262,3086.590965857456,54.54792674276843,52.36671813014358,26.083593019704068,55.73514920181355,7.387638858235346,41.06335839119891,53.37758006349498,9.829793063811872,111.39503124205544,54.16428182702128,87.56640924098096,49.356442868785166,72.4523456846004,34.9785167344111,102.96759470995642,34.088088789178755
0.0,500.0,13405967.345273674,6430.323475415612,2027.0000741816243,56.55109035401546,42.16580384118928,1.3107137636651212,1.4520721328146746,28.47421354476287,46.709608125055446,25.28609564503224,25.513188285786125,112.35326558824218,53.16382529657374,61.97453290873264,44.29122873416639,89.98378014942594,52.25489205175864,101.05254303225551,12.609835950797336
0.0,500.0,29935459.17990462,7908.115311982765,3780.5088813675793,26.29761949961138,10.622057669513667,8.159263100887744,35.044372623225776,56.50747002159251,44.56407627355854,51.436652017042434,17.332232140959412,87.98943891996241,24.496009052364403,61.82263507040758,18.123605475062657,117.4791748456998,51.29440135076072,107.4369279400172,31.938813630459236
0.0,500.0,6722618.715349329,4876.433277436166,1186.2125638669363,25.588670881418164,38.09203944321389,3.4764116466160577,46.7646209904263,51.89543429029944,57.23531273787504,19.04502096122945,3.7262675310507687,67.92788781079133,10.914819269618013,77.49538662907399,46.67426018071605,107.5086137593683,44.216205946274016,116.72517108981818,20.429092587500268
0.0,500.0,22641974.11394134,6362.76313308929,3005.8867830358454,1.2944118027610885,40.88481364879613,50.35445727302164,6.084072657683919,37.37126712945376,39.609436053519474,26.24652777410228,16.961404311282003,65.85944005782734,27.665638995775645,110.3470071471737,30.85762809865939,105.11314606281294,50.344988171286445,82.5143921554784,46.179111099214495
0.0,500.0,24358023.02044387,7110.405483113307,3039.759793010094,4.986313481924669,28.443465478277947,39.262306054545846,45.08312330904238,32.20875713361245,6.580401820989456,58.59750221033434,55.27925142276624,61.4259069331394,21.95552531393072,75.59065738765182,44.074778860360674,88.35677591581027,24.074162331779007,96.77880603288288,42.96902739374963
0.0,500.0,27375082.617871884,6706.4762096665045,4051.942601349345,5.211348800272397,8.376148412347781,57.369293262625085,17.95851595357707,9.102339826940264,33.941225583291185,36.03274430982172,41.498665211570525,82.82720982734585,17.4324866691559,102.97536808174804,25.433774021791656,62.94459092192456,32.32617045940706,102.95123259389752,54.10949282713058
0.0,500.0,15072393.224567888,5669.2428396998175,2299.060336190033,44.34573782095048,36.33570249394532,0.3037399981834165,56.947888135775045,20.561475412279616,42.77581139119352,59.54855169804455,1.5227202548656282,92.1057630943288,28.9913560786198,64.23494318756714,35.582431484549204,72.99513364500547,12.57595818563593,119.69993758015714,51.9829811006239
13.333333333333334,500.0,21616965.196725704,6028.8227679270285,3187.744653143552,12.185706071055533,9.871360616351224,38.18921908201288,21.308982164732328,58.72518985345108,37.79540027620673,2.5780299027295883,43.858517242007046,86.31241401977266,10.3076765590901,83.61979239180621,43.574372761252455,112.08176312021996,5.502127723730915,65.40276496703981,18.585778760642043
13.333333333333334,500.0,24924019.324784968,6941.892967863103,3401.309506468432,35.82627493799728,53.58846969708266,43.20819699126219,7.507231169927746,11.735130422584266,27.941518173983763,12.730123982247626,51.94818559507895,96.95781572157016,30.419338047121315,118.9818942855258,26.813660571263597,60.43297915289125,20.64460156145288,76.51316987929106,35.66100830801333
13.333333333333334,500.0,16238936.906457366,6922.085260346543,2263.396525747254,54.54792674276843,52.36671813014358,26.083593019704068,55.73514920181355,7.387638858235346,41.06335839119891,53.37758006349498,9.829793063811872,108.83805591944416,30.73902917610589,88.61169739905012,34.30213633848774,61.38992456228244,40.84515284418649,71.17913707198437,21.061727100010398
13.333333333333334,500.0,15674564.468095308,5357.09924293821,2719.6901236387525,56.55109035401546,42.16580384118928,1.3107137636651212,1.4520721328146746,28.47421354476287,46.709608125055446,25.28609564503224,25.513188285786125,109.24091398839144,27.390027959188977,83.19192319088629,17.185817104755483,95.9920192089338,49.925512073350845,64.17864782843937,34.81356319203186
13.333333333333334,500.0,33132385.84249496,6924.808497819632,4711.863447214689,26.29761949961138,10.622057669513667,8.159263100887744,35.044372623225776,56.50747002159251,44.56407627355854,51.436652017042434,17.332232140959412,91.92584655319908,16.061523337097114,64.41586295651902,10.974883605521548,70.77032137532085,31.94099546653901,119.8458389308564,33.613901148331024
13.333333333333334,500.0,6926297.962196219,5521.647383825966,1167.1078370037274,25.588670881418164,38.09203944321389,3.4764116466160577,46.7646209904263,51.89543429029944,57.23531273787504,19.04502096122945,3.7262675310507687,80.18187563277351,55.103919467098045,67.815576345872,12.47606429628538,99.39258118651102,45.02001462642282,108.8253788819904,17.48681677368675
13.333333333333334,500.0,20663931.20762996,6523.645638070295,2807.514558811965,1.2944118027610885,40.88481364879613,50.35445727302164,6.084072657683919,37.37126712945376,39.609436053519474,26.24652777410228,16.961404311282003,80.9710039990914,28.84536323323962,103.27313769767584,8.975841292186653,107.30372013885004,28.674096683443253,62.73074192939805,9.77105894234588
13.333333333333334,500.0,16697156.779561462,6067.278764903909,2648.1815328663365,4.986313481924669,28.443465478277947,39.262306054545846,45.08312330904238,32.20875713361245,6.580401820989456,58.59750221033434,55.27925142276624,68.91694799703494,20.448960711784743,65.79086708310633,59.67628209127093,84.6934703303138,43.79497571349653,110.92300691155222,45.36817206772945
13.333333333333334,500.0,30912243.98681632,6940.176465748352,4419.458363045828,5.211348800272397,8.376148412347781,57.369293262625085,17.95851595357707,9.102339826940264,33.941225583291185,36.03274430982172,41.498665211570525,90.2823707368452,17.371546185234926,115.1441491702927,27.590969583227157,68.61784334065467,33.17113974639343,103.30658540257232,46.7369355022036
13.333333333333334,500.0,15641831.97001624,6925.5528523117655,2024.130252746196,44.34573782095048,36.33570249394532,0.3037399981834165,56.947888135775045,20.561475412279616,42.77581139119352,59.54855169804455,1.5227202548656282,117.5965065663469,51.89668165031771,62.665447785744654,27.50280488097977,98.5732263483335,41.71104037445282,113.80184430946107,28.73060444424279
26.666666666666668,500.0,19849321.83976525,6074.342287644427,2986.0036402956634,12.185706071055533,9.871360616351224,38.18921908201288,21.308982164732328,58.72518985345108,37.79540027620673,2.5780299027295883,43.858517242007046,71.45542652824149,34.57999709459388,92.33531727314102,24.383824723168026,109.636236634187,36.30405601903767,84.65666182566143,51.13007361597791
26.666666666666668,500.0,11058027.660899194,5906.51862375462,1709.4798228627203,35.82627493799728,53.58846969708266,43.20819699126219,7.507231169927746,11.735130422584266,27.941518173983763,12.730123982247626,51.94818559507895,118.10539305131394,33.22031888205214,71.55546197630116,13.287802402441908,67.98905633922114,39.8681298110111,94.52575093538296,46.30295817660689
26.666666666666668,500.0,21743259.60761087,7184.9785149543895,2851.3856671108606,54.54792674276843,52.36671813014358,26.083593019704068,55.73514920181355,7.387638858235346,41.06335839119891,53.37758006349498,9.829793063811872,117.59107029332318,56.88884727767775,93.18642317510836,52.26497731815017,80.72444490904105,34.364094679577434,106.9796386457713,33.18215387342493
26.666666666666668,500.0,20076773.33676541,6235.646912587821,2976.329055432227,56.55109035401546,42.16580384118928,1.3107137636651212,1.4520721328146746,28.47421354476287,46.709608125055446,25.28609564503224,25.513188285786125,116.11450933613162,19.73614606369316,89.63888090380476,14.730642569570788,100.32783384640965,37.0762534372416,61.29777579799965,32.055281677171564
26.666666666666668,500.0,25638941.984471694,7235.406760693178,3542.743232681401,26.29761949961138,10.622057669513667,8.159263100887744,35.044372623225776,56.50747002159251,44.56407627355854,51.436652017042434,17.332232140959412,72.14234257297298,11.264569010529812,96.9305265771536,29.165821687767973,118.03440096840718,26.12829318859461,115.1714586505202,2.14516235607606
26.666666666666668,500.0,13238071.126873257,6656.368727247674,1653.1606303075612,25.588670881418164,38.09203944321389,3.4764116466160577,46.7646209904263,51.89543429029944,57.23531273787504,19.04502096122945,3.7262675310507687,90.65599836446242,31.879046027074192,63.03725494231908,31.547516152047145,118.6231857384405,32.31660415920092,75.14676149290919,11.983495818059836
26.666666666666668,500.0,11022066.382148476,4728.103321263524,2261.6460680374275,1.2944118027610885,40.88481364879613,50.35445727302164,6.084072657683919,37.37126712945376,39.609436053519474,26.24652777410228,16.961404311282003,83.31345685303053,42.690786416475405,118.58577261601909,5.765283520399523,113.27250589856456,27.49509789981221,60.30129745633916,25.83986495525946
26.666666666666668,500.0,15648732.94325526,5772.826006634198,2304.0473812103023,4.986313481924669,28.443465478277947,39.262306054545846,45.08312330904238,32.20875713361245,6.580401820989456,58.59750221033434,55.27925142276624,68.36853045904444,17.549026374499345,68.83911941521794,52.20189325207647,83.36469182709465,36.96441155277682,111.88483667892795,21.01016598345548
26.666666666666668,500.0,27744561.13456288,6712.073833359725,4132.147651085803,5.211348800272397,8.376148412347781,57.369293262625085,17.95851595357707,9.102339826940264,33.941225583291185,36.03274430982172,41.498665211570525,67.17304860070212,15.670210595458231,113.63810654314966,34.578555269950776,60.40074617711964,43.97261183398364,83.79130347859514,36.4235714686647
26.666666666666668,500.0,12954602.533483746,5677.419478339463,2191.516165353394,44.34573782095048,36.33570249394532,0.3037399981834165,56.947888135775045,20.561475412279616,42.77581139119352,59.54855169804455,1.5227202548656282,90.1421881347822,48.353754177789405,62.106155040618354,47.78038547862761,64.95616315683729,9.675367277633534,114.75108549867076,52.00505126528742
40.0,500.0,27843603.829579245,7006.935402776111,3690.003099198362,12.185706071055533,9.871360616351224,38.18921908201288,21.308982164732328,58.72518985345108,37.79540027620673,2.5780299027295883,43.858517242007046,85.30024475589184,9.677843731792771,107.37189004204976,3.060835609146327,99.1618398737254,26.69339646397485,61.37316035778387,3.739286491872484
40.0,500.0,15179602.102353698,6409.538812733965,2284.6822284668287,35.82627493799728,53.58846969708266,43.20819699126219,7.507231169927746,11.735130422584266,27.941518173983763,12.730123982247626,51.94818559507895,106.4955317691864,37.92958498179081,85.90305017565385,29.573558830960465,61.06323474102729,25.45404938919713,64.89174308136475,56.309985769001976
40.0,500.0,25673495.581065804,7001.199255725056,3480.6937504068023,54.54792674276843,52.36671813014358,26.083593019704068,55.73514920181355,7.387638858235346,41.06335839119891,53.37758006349498,9.829793063811872,115.31804038573674,41.972545390376695,90.42435626658477,38.27102462785744,63.89270303207733,27.70324821819054,106.71513228782533,23.027613017797208
40.0,500.0,2368880.893842852,4552.906947270628,496.4621406718452,56.55109035401546,42.16580384118928,1.3107137636651212,1.4520721328146746,28.47421354476287,46.709608125055446,25.28609564503224,25.513188285786125,71.37072915627797,55.5904368698663,80.2108249219526,16.072801949663138,62.5276935767685,31.936996250962636,103.73775165025032,9.636198565194212
40.0,500.0,22126576.266060703,6817.9797776104415,3269.710641350544,26.29761949961138,10.622057669513667,8.159263100887744,35.044372623225776,56.50747002159251,44.56407627355854,51.436652017042434,17.332232140959412,84.0871661768243,35.43843345072142,82.80548681338435,57.57059063220312,108.02467542371258,49.58343764580205,119.0466336685808,32.89166244635882
40.0,500.0,12600945.0210058,6076.110058367994,1838.7671407767364,25.588670881418164,38.09203944321389,3.4764116466160577,46.7646209904263,51.89543429029944,57.23531273787504,19.04502096122945,3.7262675310507687,110.45304848941058,20.876909824995543,88.10722153681446,22.94095691045201,107.68959041273652,41.70581536767561,61.8882376527161,14.641094648196267
40.0,500.0,19747721.66637945,6168.0525042087465,2935.276044165006,1.2944118027610885,40.88481364879613,50.35445727302164,6.084072657683919,37.37126712945376,39.609436053519474,26.24652777410228,16.961404311282003,61.434657651484926,16.375215333099813,97.90690649974717,37.18560051920919,115.83308664202784,49.73747943718579,83.51018336354673,51.61432510159069
40.0,500.0,20684024.24568073,6964.707212067647,2775.804641229626,4.986313481924669,28.443465478277947,39.262306054545846,45.08312330904238,32.20875713361245,6.580401820989456,58.59750221033434,55.27925142276624,62.215259491496745,24.346983362598408,91.66019931634098,51.308277692324985,88.83535814458476,30.47148595560884,112.6568972614104,47.53642182304229
40.0,500.0,16604094.313461613,5649.800192774973,2951.995826564051,5.211348800272397,8.376148412347781,57.369293262625085,17.95851595357707,9.102339826940264,33.941225583291185,36.03274430982172,41.498665211570525,60.46393701559906,10.300078464500576,111.0253993106978,30.242452676039598,104.99915824537828,3.2212815754322897,79.08451611286358,40.37977784668527
40.0,500.0,10084745.98707573,5325.402238357722,1757.9236315336022,44.34573782095048,36.33570249394532,0.3037399981834165,56.947888135775045,20.561475412279616,42.77581139119352,59.54855169804455,1.5227202548656282,114.82076683158374,27.25134406033168,76.79806690979727,44.11973453641836,60.25109348865435,6.310672261550181,75.81434158680143,21.2163537855477
53.333333333333336,500.0,22189893.04159326,6456.755327020773,3317.650957981456,12.185706071055533,9.871360616351224,38.18921908201288,21.308982164732328,58.72518985345108,37.79540027620673,2.5780299027295883,43.858517242007046,89.35209158936505,22.338000518574688,109.65402528941462,26.857325521910795,116.56999245198948,46.316953665116415,60.82358292936289,10.44013754899146
53.333333333333336,500.0,13267982.868765106,6666.109888879387,1902.7967898298768,35.82627493799728,53.58846969708266,43.20819699126219,7.507231169927746,11.735130422584266,27.941518173983763,12.730123982247626,51.94818559507895,99.8234172344836,28.5104860283886,110.55667007717604,9.942944290940131,62.96486163132271,10.295727839076296,74.1398709578506,33.27339072459107
53.333333333333336,500.0,18503338.383293506,6361.940943831861,2861.909423965432,54.54792674276843,52.36671813014358,26.083593019704068,55.73514920181355,7.387638858235346,41.06335839119891,53.37758006349498,9.829793063811872,88.89474503854194,47.56893246639118,62.05440281985301,51.16111892844616,73.87452924151432,20.71878081782605,118.78078988782138,40.91983882929467
53.333333333333336,500.0,13517150.739345193,5372.757709373041,2404.803152711527,56.55109035401546,42.16580384118928,1.3107137636651212,1.4520721328146746,28.47421354476287,46.709608125055446,25.28609564503224,25.513188285786125,113.62793100826308,26.402068250944957,83.25830789425126,27.96932863950188,111.68445024532122,58.35515154404077,61.5146526652045,49.48389310908072
53.333333333333336,500.0,26051094.10807276,7292.180475392514,3647.470035824628,26.29761949961138,10.622057669513667,8.159263100887744,35.044372623225776,56.50747002159251,44.56407627355854,51.436652017042434,17.332232140959412,80.72397590902271,37.003934180259,87.55692534881904,58.27556340275432,119.65487140068716,52.20555685973967,107.7343969810576,30.82758319545857
53.333333333333336,500.0,15018807.672556823,6096.230769737103,2093.382395722953,25.588670881418164,38.09203944321389,3.4764116466160577,46.7646209904263,51.89543429029944,57.23531273787504,19.04502096122945,3.7262675310507687,98.20814950422542,25.185887492501585,76.70322794991317,38.21497123743492,119.86608928545974,22.901142054576702,60.51639630314436,21.33613667046203
53.333333333333336,500.0,16504338.07784696,7278.098424054494,2116.7451850070106,1.2944118027610885,40.88481364879613,50.35445727302164,6.084072657683919,37.37126712945376,39.609436053519474,26.24652777410228,16.961404311282003,93.05483571798192,30.306300423060456,103.34155547854138,10.115632011581194,117.92470889917186,31.46104978470977,65.24403054600394,8.601577738028043
53.333333333333336,500.0,22969884.554556448,6403.780658554479,3333.3974243777525,4.986313481924669,28.443465478277947,39.262306054545846,45.08312330904238,32.20875713361245,6.580401820989456,58.59750221033434,55.27925142276624,66.78251612514055,5.924521998494271,62.26433486710137,33.63401958608088,94.77784018940238,23.2713334299178,115.5294219593632,17.882797977303426
53.333333333333336,500.0,23214304.92533876,6713.3135395568925,3538.4328832189963,5.211348800272397,8.376148412347781,57.369293262625085,17.95851595357707,9.102339826940264,33.941225583291185,36.03274430982172,41.498665211570525,104.22562225836492,16.986820482832602,110.65996231961694,48.73573956965093,65.85398441147792,29.889656821053837,89.76830253529693,34.59683776462205
53.333333333333336,500.0,5106230.867348376,4263.938346654833,1253.2952330524358,44.34573782095048,36.33570249394532,0.3037399981834165,56.947888135775045,20.561475412279616,42.77581139119352,59.54855169804455,1.5227202548656282,96.82502470374476,49.66840436961518,65.06989979069921,58.27073298353932,65.56609387503798,18.165744212219717,117.54270378396338,10.137207305747095
66.66666666666667,500.0,23627360.27498716,5988.483128981825,3640.126528125963,12.185706071055533,9.871360616351224,38.18921908201288,21.308982164732328,58.72518985345108,37.79540027620673,2.5780299027295883,43.858517242007046,61.95391688729571,38.142555242544965,85.39870496336096,40.62794602302588,116.408027613396,47.849373594846725,74.61080961517257,59.22078372593755
66.66666666666667,500.0,964301.7361390978,2909.28936221323,354.6921653175354,35.82627493799728,53.58846969708266,43.20819699126219,7.507231169927746,11.735130422584266,27.941518173983763,12.730123982247626,51.94818559507895,88.07209118203758,45.93345450983277,98.45276651336675,10.281707334377144,102.10728652572654,19.00236757711616,80.17365755649337,25.365165381501946
66.66666666666667,500.0,15239578.2158515,6275.627463064643,2454.4693377119315,54.54792674276843,52.36671813014358,26.083593019704068,55.73514920181355,7.387638858235346,41.06335839119891,53.37758006349498,9.829793063811872,80.89405475746493,55.37669779182571,64.27814238304984,44.24272878179523,66.44374232244313,15.799991057900662,97.73785519464433,39.98340573734454
66.66666666666667,500.0,16884215.83578776,5523.2491583999645,2646.534338932104,56.55109035401546,42.16580384118928,1.3107137636651212,1.4520721328146746,28.47421354476287,46.709608125055446,25.28609564503224,25.513188285786125,103.99503878831548,53.50056013954816,94.66167102145428,25.41269182860052,64.97348767201429,42.83341635602607,119.54784150562944,31.586203382521354
66.66666666666667,500.0,29189534.184464756,5837.267748972184,4995.136384267805,26.29761949961138,10.622057669513667,8.159263100887744,35.044372623225776,56.50747002159251,44.56407627355854,51.436652017042434,17.332232140959412,70.49779160580893,6.594143401879991,69.1272632139084,27.934915369300253,95.00304943754428,41.788551590054105,111.59899517969046,19.445399504173928
66.66666666666667,500.0,13465236.163801486,5013.518827171142,2424.5925782356985,25.588670881418164,38.09203944321389,3.4764116466160577,46.7646209904263,51.89543429029944,57.23531273787504,19.04502096122945,3.7262675310507687,119.37658036025158,16.91686429590257,83.09073363036073,27.69212956932684,103.58842546047472,38.87349804474074,62.46559635276513,8.942823287606895
66.66666666666667,500.0,18945115.6436934,5743.544011710241,3228.526633359145,1.2944118027610885,40.88481364879613,50.35445727302164,6.084072657683919,37.37126712945376,39.609436053519474,26.24652777410228,16.961404311282003,81.08379578283774,37.23842119893882,99.4125542500804,5.897921227589881,110.80979890109325,24.59430634758185,63.89714030844064,18.189563076265063
66.66666666666667,500.0,14716206.790614814,5865.491451930949,2254.459615630801,4.986313481924669,28.443465478277947,39.262306054545846,45.08312330904238,32.20875713361245,6.580401820989456,58.59750221033434,55.27925142276624,60.198286331360336,40.30513680320341,87.13950527842675,37.53495344812666,67.92446547989488,14.227113523875246,111.5149851413957,19.923606363286552
66.66666666666667,500.0,30070921.734501638,7388.796547279489,4119.338210139299,5.211348800272397,8.376148412347781,57.369293262625085,17.95851595357707,9.102339826940264,33.941225583291185,36.03274430982172,41.498665211570525,62.26290468603454,29.573118884390027,89.41657493883142,21.509960426406728,88.61159786888155,46.03950646557393,114.61185374065536,41.04380547458148
66.66666666666667,500.0,12731684.42070085,6150.438437479702,1984.4833228733075,44.34573782095048,36.33570249394532,0.3037399981834165,56.947888135775045,20.561475412279616,42.77581139119352,59.54855169804455,1.5227202548656282,106.08647729561788,57.69120222142628,81.17198131416566,59.67339429820211,70.93838249613505,34.33777575491474,98.74724095915693,34.085862155972194
80.0,500.0,25073290.782299776,6076.193716823957,3910.542641503432,12.185706071055533,9.871360616351224,38.18921908201288,21.308982164732328,58.72518985345108,37.79540027620673,2.5780299027295883,43.858517242007046,65.93598746521887,39.250481698449214,94.19165556769129,23.474162457372948,110.9355052449742,39.45797324327209,88.89556365691365,50.65712763711623
80.0,500.0,15700207.37008553,5822.3782640209765,2520.3809661508312,35.82627493799728,53.58846969708266,43.20819699126219,7.507231169927746,11.735130422584266,27.941518173983763,12.730123982247626,51.94818559507895,110.79913887106436,23.06738067484216,87.5816073369772,12.198122055231524,62.1082394168682,16.754064140609923,64.75388351483251,43.065198030644126
80.0,500.0,27491604.467598516,6781.416556301699,3976.816996970057,54.54792674276843,52.36671813014358,26.083593019704068,55.73514920181355,7.387638858235346,41.06335839119891,53.37758006349498,9.829793063811872,106.44974696593628,31.17310897849913,78.98434279501548,44.53367707636303,65.26443752229582,19.279262285104775,86.18427529798072,22.657488850786542
80.0,500.0,11847020.32174234,6175.495707390696,1696.0176655014295,56.55109035401546,42.16580384118928,1.3107137636651212,1.4520721328146746,28.47421354476287,46.709608125055446,25.28609564503224,25.513188285786125,105.98160542964568,34.51756663790722,64.17911846976011,16.97137990213468,78.82632534540376,36.94449710052674,106.06740383091577,8.245526408439954
80.0,500.0,21114994.339757275,6378.423853192784,3176.8810086386525,26.29761949961138,10.622057669513667,8.159263100887744,35.044372623225776,56.50747002159251,44.56407627355854,51.436652017042434,17.332232140959412,61.02333722930538,30.92526817568013,81.1283914828312,48.90850248656594,110.19729212672804,18.99672025113368,79.38890606916289,10.368782257261053
80.0,500.0,11971123.87347286,6655.77046048347,1749.3079818944743,25.588670881418164,38.09203944321389,3.4764116466160577,46.7646209904263,51.89543429029944,57.23531273787504,19.04502096122945,3.7262675310507687,93.2416452990252,50.21640940696783,61.47035138304233,43.35219019127784,117.71038755213328,22.635543353604906,76.19191273690457,20.98661313624952
80.0,500.0,9279745.59407472,5107.415265796241,1908.360612566615,1.2944118027610885,40.88481364879613,50.35445727302164,6.084072657683919,37.37126712945376,39.609436053519474,26.24652777410228,16.961404311282003,82.3920491638676,52.38931822610916,91.87378963404808,10.456810371637248,112.5871382053934,36.57625175982506,73.14016483413093,20.069689791857915
80.0,500.0,59126462.98254672,8832.76521749641,4635.175965078857,4.986313481924669,28.443465478277947,39.262306054545846,45.08312330904238,32.20875713361245,6.580401820989456,58.59750221033434,55.27925142276624,87.45577225112531,29.020952183617837,70.68607732019856,11.083330929962514,99.82231638913086,39.79112713958678,82.02460766741109,10.24605251061088
80.0,500.0,26870194.069887448,7202.928937362928,3821.4476420605024,5.211348800272397,8.376148412347781,57.369293262625085,17.95851595357707,9.102339826940264,33.941225583291185,36.03274430982172,41.498665211570525,64.48348119830173,32.94591117838686,83.64250209653551,22.11806538911129,82.88437050609265,43.419120948342005,106.00656605196136,44.64140119226701
80.0,500.0,14823403.561927946,7310.252855041991,1956.432613430146,44.34573782095048,36.33570249394532,0.3037399981834165,56.947888135775045,20.561475412279616,42.77581139119352,59.54855169804455,1.5227202548656282,85.65023302397427,1.31639325088112,93.50749542908316,32.619872695017854,61.1453344267058,1.3037313088507645,113.7696666526971,39.57633785850276
93.33333333333334,500.0,21400271.260636862,6235.4607149728445,3272.717485917857,12.185706071055533,9.871360616351224,38.18921908201288,21.308982164732328,58.72518985345108,37.79540027620673,2.5780299027295883,43.858517242007046,77.03752582772225,28.49371429033807,92.42459245584018,56.404235705841245,118.8959037434835,33.75941069254496,61.806207825494006,51.75718128315607
93.33333333333334,500.0,3437988.982638568,5899.131920972806,801.905087576471,35.82627493799728,53.58846969708266,43.20819699126219,7.507231169927746,11.735130422584266,27.941518173983763,12.730123982247626,51.94818559507895,94.91563675330995,24.490650960936083,69.19470070584103,43.166114677114166,90.3042943208724,31.458139022681006,95.81251195713864,59.85760561363468
93.33333333333334,500.0,23678341.617737062,6573.962849330083,3584.919607570724,54.54792674276843,52.36671813014358,26.083593019704068,55.73514920181355,7.387638858235346,41.06335839119891,53.37758006349498,9.829793063811872,117.67455276234688,32.57905556564309,66.87657521871408,36.75570278760463,65.33457016570414,15.6397609575669,95.7800748240518,30.07618220989476
93.33333333333334,500.0,11423759.43579026,5224.922067255508,1999.431581807093,56.55109035401546,42.16580384118928,1.3107137636651212,1.4520721328146746,28.47421354476287,46.709608125055446,25.28609564503224,25.513188285786125,115.1933366303172,27.23141372235223,65.63686072221559,13.80981395441496,74.7663257980585,41.96347217782445,86.2130044835319,2.0570235799905987
93.33333333333334,500.0,22046820.66590891,5472.913004366634,2577.2385332976287,26.29761949961138,10.622057669513667,8.159263100887744,35.044372623225776,56.50747002159251,44.56407627355854,51.436652017042434,17.332232140959412,115.09819720149684,41.0931095912451,106.99450242381096,49.64823117606903,109.60605251128548,9.798373999053936,113.14412966890195,27.71949589968637
93.33333333333334,500.0,6060343.152258673,6057.305044862692,945.1366491197084,25.588670881418164,38.09203944321389,3.4764116466160577,46.7646209904263,51.89543429029944,57.23531273787504,19.04502096122945,3.7262675310507687,83.08048027136138,32.356221494435786,63.1295398805792,34.79601082907688,118.0319212620692,47.09701068478368,115.8066344222017,7.058162868357723
93.33333333333334,500.0,30343690.082588296,8155.419635884494,3581.202523022173,1.2944118027610885,40.88481364879613,50.35445727302164,6.084072657683919,37.37126712945376,39.609436053519474,26.24652777410228,16.961404311282003,66.29321078750309,30.52843788741193,110.30692313574087,18.539017986692592,93.82134224643936,37.04204556137036,90.78575197217631,12.368994224952782
93.33333333333334,500.0,12062356.57261579,4281.438780421294,2470.5833992967505,4.986313481924669,28.443465478277947,39.262306054545846,45.08312330904238,32.20875713361245,6.580401820989456,58.59750221033434,55.27925142276624,63.24742738760485,36.898063183432,119.58041849364426,19.43923001143416,94.13402169162087,16.849324274109886,115.70193411573874,51.95367898150077
93.33333333333334,500.0,29474184.721333116,6352.519669715206,4671.564276983031,5.211348800272397,8.376148412347781,57.369293262625085,17.95851595357707,9.102339826940264,33.941225583291185,36.03274430982172,41.498665211570525,94.16942057787594,10.111194099159544,117.9647107025867,16.19258087451631,78.05947245753048,32.237132001622776,109.9954847682339,39.356833793216815
93.33333333333334,500.0,14479531.399224572,5675.667026034084,2554.880949972205,44.34573782095048,36.33570249394532,0.3037399981834165,56.947888135775045,20.561475412279616,42.77581139119352,59.54855169804455,1.5227202548656282,105.83726103668609,41.98675519606359,67.59839885989139,56.08859116437672,66.8868567247038,33.023738130840435,119.6332703785683,19.96164217131347
106.66666666666669,500.0,16993202.01255288,5965.453172448386,2469.1625204240204,12.185706071055533,9.871360616351224,38.18921908201288,21.308982164732328,58.72518985345108,37.79540027620673,2.5780299027295883,43.858517242007046,92.96792645549552,12.717547118723145,83.53378731092022,47.73212905056175,116.49317325513238,2.175896789226762,72.88081651702126,24.238579378440942
106.66666666666669,500.0,16555136.413596343,6976.663618755538,2116.7889926429248,35.82627493799728,53.58846969708266,43.20819699126219,7.507231169927746,11.735130422584266,27.941518173983763,12.730123982247626,51.94818559507895,109.83394529746556,50.645314937922,101.53151471591032,29.38856175665165,61.66832034547241,38.44254090716644,85.13906960299406,53.04149580622864
106.66666666666669,500.0,19546636.698669232,6421.871899307181,3041.1466733352986,54.54792674276843,52.36671813014358,26.083593019704068,55.73514920181355,7.387638858235346,41.06335839119891,53.37758006349498,9.829793063811872,118.12430131686575,53.930955235129815,83.84087580086234,57.70533686624111,70.85392391220041,34.29528082583818,117.403220117706,32.314411841414255
106.66666666666669,500.0,8506184.057364134,4939.990406411952,1442.700080577583,56.55109035401546,42.16580384118928,1.3107137636651212,1.4520721328146746,28.47421354476287,46.709608125055446,25.28609564503224,25.513188285786125,118.14867905128744,28.63149680512858,68.52778401449737,59.5306037078295,89.40829696936606,49.81670233846839,105.76806396651897,5.040861275828799
106.66666666666669,500.0,13385327.237365264,8763.913592185463,1954.9422721555231,26.29761949961138,10.622057669513667,8.159263100887744,35.044372623225776,56.50747002159251,44.56407627355854,51.436652017042434,17.332232140959412,95.9987085483144,21.43324033537069,86.08506979376394,38.23095004058188,107.50729101660062,29.153587279496747,62.40828781660867,48.863683547272096
106.66666666666669,500.0,8456624.942466998,4655.909299701634,1789.54557023154,25.588670881418164,38.09203944321389,3.4764116466160577,46.7646209904263,51.89543429029944,57.23531273787504,19.04502096122945,3.7262675310507687,112.87267954258728,9.261741067267836,84.35105751144047,25.932751072975275,117.30950628633352,41.71668144400674,68.3412354059569,9.541267749635532
106.66666666666669,500.0,19075926.98912454,5897.113748981777,3007.5186211226646,1.2944118027610885,40.88481364879613,50.35445727302164,6.084072657683919,37.37126712945376,39.609436053519474,26.24652777410228,16.961404311282003,60.66434038108719,42.50885681817343,110.14918058013438,10.789194765713608,98.3545888834592,28.607726071851555,75.2473715946167,26.090117828974492
106.66666666666669,500.0,18292731.548742205,5234.343398126631,2970.8057553235394,4.986313481924669,28.443465478277947,39.262306054545846,45.08312330904238,32.20875713361245,6.580401820989456,58.59750221033434,55.27925142276624,60.52315821485101,26.640379525591516,83.15555501799996,34.67953921480595,95.92356527140166,10.361881244242776,107.22102743877343,29.827833915996123
106.66666666666669,500.0,22141177.59483677,6008.4806688678655,3666.7451168993593,5.211348800272397,8.376148412347781,57.369293262625085,17.95851595357707,9.102339826940264,33.941225583291185,36.03274430982172,41.498665211570525,66.77941727460893,31.82850955638824,114.53720315666148,12.551973930817496,73.34502414778241,53.4683149443398,105.82290465900832,31.8431985222281
106.66666666666669,500.0,15324551.054753242,6282.964937390446,2371.7889650893835,44.34573782095048,36.33570249394532,0.3037399981834165,56.947888135775045,20.561475412279616,42.77581139119352,59.54855169804455,1.5227202548656282,113.67932018564343,33.425418907226955,92.85328957222607,39.34492926204646,63.25171182454058,7.342014127372899,78.40400740706212,20.74694593707904
120.0,500.0,24825415.33660173,6445.190516756516,3517.4787187876445,12.185706071055533,9.871360616351224,38.18921908201288,21.308982164732328,58.72518985345108,37.79540027620673,2.5780299027295883,43.858517242007046,85.72333580453326,37.40666721246232,93.46769443469198,57.13611648375686,114.83754296848186,20.17831370857913,62.70794543961036,42.275281147934415
120.0,500.0,3228531.1621105056,3990.487871581016,715.461008309741,35.82627493799728,53.58846969708266,43.20819699126219,7.507231169927746,11.735130422584266,27.941518173983763,12.730123982247626,51.94818559507895,97.97222820040852,51.35075160942426,60.6963010872428,5.11528105112439,108.28868874670069,26.99294153123529,72.20786274104387,45.904903943324975
120.0,500.0,12749998.806907326,4870.39448537139,2537.7102797858497,54.54792674276843,52.36671813014358,26.083593019704068,55.73514920181355,7.387638858235346,41.06335839119891,53.37758006349498,9.829793063811872,112.0868806288336,10.880473325766744,117.72089400298802,47.1896121618307,69.04307003091645,32.64542953417002,63.18571266341465,11.550622250285231
120.0,500.0,17144034.32558086,5503.067486156472,2435.321072754052,56.55109035401546,42.16580384118928,1.3107137636651212,1.4520721328146746,28.47421354476287,46.709608125055446,25.28609564503224,25.513188285786125,105.78648213151784,19.986677323503105,60.71935928089499,20.231708807523862,74.09906423446131,36.46269504258896,83.20864665723295,14.561353132213926
120.0,500.0,31152411.788668577,7024.359888224255,4355.533338582617,26.29761949961138,10.622057669513667,8.159263100887744,35.044372623225776,56.50747002159251,44.56407627355854,51.436652017042434,17.332232140959412,90.08465086468112,52.34187998394398,68.10209067077047,36.00386551717457,112.14354606078696,40.55835182436214,100.59423928556672,17.768617588107748
120.0,500.0,12411408.17534367,6759.523145242056,1690.2976178426882,25.588670881418164,38.09203944321389,3.4764116466160577,46.7646209904263,51.89543429029944,57.23531273787504,19.04502096122945,3.7262675310507687,99.59654970837818,47.82047806117493,65.83295572038604,44.66502986291732,119.22424048770128,38.60952990359449,81.74816070285414,29.45658992806878
120.0,500.0,22682753.8595061,6868.333064132977,3305.5088910124177,1.2944118027610885,40.88481364879613,50.35445727302164,6.084072657683919,37.37126712945376,39.609436053519474,26.24652777410228,16.961404311282003,61.423639841335245,45.91009908146997,97.23057044356494,27.788332679116625,97.54933320096356,56.96692290502346,68.6662460014169,24.576001681409604
120.0,500.0,21697477.88725494,6163.562724991556,2942.9274298566847,4.986313481924669,28.443465478277947,39.262306054545846,45.08312330904238,32.20875713361245,6.580401820989456,58.59750221033434,55.27925142276624,69.17488486389232,35.731474610168966,85.0681030152559,52.46444407884026,96.64040919371324,32.376638086821146,117.54839879960858,41.91746601437541
120.0,500.0,31326932.673445567,6891.50679426867,4476.066281491242,5.211348800272397,8.376148412347781,57.369293262625085,17.95851595357707,9.102339826940264,33.941225583291185,36.03274430982172,41.498665211570525,60.25607781065554,18.729557160698388,108.44774088396514,26.91626118953331,65.31077955080865,42.22050367323156,82.90311262043919,11.67440746168736
120.0,500.0,21053588.019800022,7196.306324443532,2757.2686798943027,44.34573782095048,36.33570249394532,0.3037399981834165,56.947888135775045,20.561475412279616,42.77581139119352,59.54855169804455,1.5227202548656282,106.67702085854287,41.52080157962513,64.02812297783304,30.54586929857976,85.41973690920975,29.88467737111535,115.16486309755106,20.93020891573254
0.0,500.0,21613357.337732617,6467.83737746182,3229.950301392984,12.185706071055533,9.871360616351224,38.18921908201288,21.308982164732328,2.5780299027295883,43.858517242007046,58.72518985345108,37.79540027620673,90.66196145627931,50.01422548701453,110.43612310880754,23.96741155877413,62.22242643706134,28.38717514222426,112.37206115978915,55.14702820530457
0.0,500.0,21613357.337732617,6467.83737746182,3229.950301392984,12.185706071055533,9.871360616351224,58.72518985345108,37.79540027620673,38.18921908201288,21.308982164732328,2.5780299027295883,43.858517242007046,90.66196145627931,50.01422548701453,112.37206115978915,55.14702820530457,110.43612310880754,23.96741155877413,62.22242643706134,28.38717514222426
0.0,500.0,21613357.337732617,6467.83737746182,3229.950301392984,12.185706071055533,9.871360616351224,58.72518985345108,37.79540027620673,2.5780299027295883,43.858517242007046,38.18921908201288,21.308982164732328,90.66196145627931,50.01422548701453,112.37206115978915,55.14702820530457,62.22242643706134,28.38717514222426,110.43612310880754,23.96741155877413
0.0,500.0,21613357.337732617,6467.83737746182,3229.950301392984,12.185706071055533,9.871360616351224,2.5780299027295883,43.858517242007046,38.18921908201288,21.308982164732328,58.72518985345108,37.79540027620673,90.66196145627931,50.01422548701453,62.22242643706134,28.38717514222426,110.43612310880754,23.96741155877413,112.37206115978915,55.14702820530457
0.0,500.0,21613357.337732617,6467.83737746182,3229.950301392984,12.185706071055533,9.871360616351224,2.5780299027295883,43.858517242007046,58.72518985345108,37.79540027620673,38.18921908201288,21.308982164732328,90.66196145627931,50.01422548701453,62.22242643706134,28.38717514222426,112.37206115978915,55.14702820530457,110.43612310880754,23.96741155877413
0.0,500.0,21613357.337732617,6467.83737746182,3229.950301392984,38.18921908201288,21.308982164732328,12.185706071055533,9.871360616351224,58.72518985345108,37.79540027620673,2.5780299027295883,43.858517242007046,110.43612310880754,23.96741155877413,90.66196145627931,50.01422548701453,112.37206115978915,55.14702820530457,62.22242643706134,28.38717514222426
0.0,500.0,21613357.337732617,6467.83737746182,3229.950301392984,38.18921908201288,21.308982164732328,12.185706071055533,9.871360616351224,2.5780299027295883,43.858517242007046,58.72518985345108,37.79540027620673,110.43612310880754,23.96741155877413,90.66196145627931,50.01422548701453,62.22242643706134,28.38717514222426,112.37206115978915,55.14702820530457
0.0,500.0,21613357.337732617,6467.83737746182,3229.950301392984,38.18921908201288,21.308982164732328,58.72518985345108,37.79540027620673,12.185706071055533,9.871360616351224,2.5780299027295883,43.858517242007046,110.43612310880754,23.96741155877413,112.37206115978915,55.14702820530457,90.66196145627931,50.01422548701453,62.22242643706134,28.38717514222426
0.0,500.0,21613357.337732617,6467.83737746182,3229.950301392984,38.18921908201288,21.308982164732328,58.72518985345108,37.79540027620673,2.5780299027295883,43.858517242007046,12.185706071055533,9.871360616351224,110.43612310880754,23.96741155877413,112.37206115978915,55.14702820530457,62.22242643706134,28.38717514222426,90.66196145627931,50.01422548701453
0.0,500.0,21613357.337732617,6467.83737746182,3229.950301392984,38.18921908201288,21.308982164732328,2.5780299027295883,43.858517242007046,12.185706071055533,9.871360616351224,58.72518985345108,37.79540027620673,110.43612310880754,23.96741155877413,62.22242643706134,28.38717514222426,90.66196145627931,50.01422548701453,112.37206115978915,55.14702820530457
0.0,500.0,21613357.337732617,6467.83737746182,3229.950301392984,38.18921908201288,21.308982164732328,2.5780299027295883,43.858517242007046,58.72518985345108,37.79540027620673,12.185706071055533,9.871360616351224,110.43612310880754,23.96741155877413,62.22242643706134,28.38717514222426,112.37206115978915,55.14702820530457,90.66196145627931,50.01422548701453
0.0,500.0,21613357.337732617,6467.83737746182,3229.950301392984,58.72518985345108,37.79540027620673,12.185706071055533,9.871360616351224,38.18921908201288,21.308982164732328,2.5780299027295883,43.858517242007046,112.37206115978915,55.14702820530457,90.66196145627931,50.01422548701453,110.43612310880754,23.96741155877413,62.22242643706134,28.38717514222426
0.0,500.0,21613357.337732617,6467.83737746182,3229.950301392984,58.72518985345108,37.79540027620673,12.185706071055533,9.871360616351224,2.5780299027295883,43.858517242007046,38.18921908201288,21.308982164732328,112.37206115978915,55.14702820530457,90.66196145627931,50.01422548701453,62.22242643706134,28.38717514222426,110.43612310880754,23.96741155877413
0.0,500.0,21613357.337732617,6467.83737746182,3229.950301392984,58.72518985345108,37.79540027620673,38.18921908201288,21.308982164732328,12.185706071055533,9.871360616351224,2.5780299027295883,43.858517242007046,112.37206115978915,55.14702820530457,110.43612310880754,23.96741155877413,90.66196145627931,50.01422548701453,62.22242643706134,28.38717514222426
0.0,500.0,21613357.337732617,6467.83737746182,3229.950301392984,58.72518985345108,37.79540027620673,38.18921908201288,21.308982164732328,2.5780299027295883,43.858517242007046,12.185706071055533,9.871360616351224,112.37206115978915,55.14702820530457,110.43612310880754,23.96741155877413,62.22242643706134,28.38717514222426,90.66196145627931,50.01422548701453
0.0,500.0,21613357.337732617,6467.83737746182,3229.950301392984,58.72518985345108,37.79540027620673,2.5780299027295883,43.858517242007046,12.185706071055533,9.871360616351224,38.18921908201288,21.308982164732328,112.37206115978915,55.14702820530457,62.22242643706134,28.38717514222426,90.66196145627931,50.01422548701453,110.43612310880754,23.96741155877413
0.0,500.0,21613357.337732617,6467.83737746182,3229.950301392984,58.72518985345108,37.79540027620673,2.5780299027295883,43.858517242007046,38.18921908201288,21.308982164732328,12.185706071055533,9.871360616351224,112.37206115978915,55.14702820530457,62.22242643706134,28.38717514222426,110.43612310880754,23.96741155877413,90.66196145627931,50.01422548701453
0.0,500.0,21613357.337732617,6467.83737746182,3229.950301392984,2.5780299027295883,43.858517242007046,12.185706071055533,9.871360616351224,38.18921908201288,21.308982164732328,58.72518985345108,37.79540027620673,62.22242643706134,28.38717514222426,90.66196145627931,50.01422548701453,110.43612310880754,23.96741155877413,112.37206115978915,55.14702820530457
0.0,500.0,21613357.337732617,6467.83737746182,3229.950301392984,2.5780299027295883,43.858517242007046,12.185706071055533,9.871360616351224,58.72518985345108,37.79540027620673,38.18921908201288,21.308982164732328,62.22242643706134,28.38717514222426,90.66196145627931,50.01422548701453,112.37206115978915,55.14702820530457,110.43612310880754,23.96741155877413
0.0,500.0,21613357.337732617,6467.83737746182,3229.950301392984,2.5780299027295883,43.858517242007046,38.18921908201288,21.308982164732328,12.185706071055533,9.871360616351224,58.72518985345108,37.79540027620673,62.22242643706134,28.38717514222426,110.43612310880754,23.96741155877413,90.66196145627931,50.01422548701453,112.37206115978915,55.14702820530457
0.0,500.0,21613357.337732617,6467.83737746182,3229.950301392984,2.5780299027295883,43.858517242007046,38.18921908201288,21.308982164732328,58.72518985345108,37.79540027620673,12.185706071055533,9.871360616351224,62.22242643706134,28.38717514222426,110.43612310880754,23.96741155877413,112.37206115978915,55.14702820530457,90.66196145627931,50.01422548701453
0.0,500.0,21613357.337732617,6467.83737746182,3229.950301392984,2.5780299027295883,43.858517242007046,58.72518985345108,37.79540027620673,12.185706071055533,9.871360616351224,38.18921908201288,21.308982164732328,62.22242643706134,28.38717514222426,112.37206115978915,55.14702820530457,90.66196145627931,50.01422548701453,110.43612310880754,23.96741155877413
0.0,500.0,21613357.337732617,6467.83737746182,3229.950301392984,2.5780299027295883,43.858517242007046,58.72518985345108,37.79540027620673,38.18921908201288,21.308982164732328,12.185706071055533,9.871360616351224,62.22242643706134,28.38717514222426,112.37206115978915,55.14702820530457,110.43612310880754,23.96741155877413,90.66196145627931,50.01422548701453
0.0,500.0,16941936.43397972,5640.620685648163,2850.310668823959,35.82627493799728,53.58846969708266,43.20819699126219,7.507231169927746,12.730123982247626,51.94818559507895,11.735130422584266,27.941518173983763,112.700232894448,52.45253768340281,103.05285507505889,31.77416936194804,66.15539886029497,55.89550933766378,79.42893042482817,33.44244808623561
0.0,500.0,16941936.43397972,5640.620685648163,2850.310668823959,35.82627493799728,53.58846969708266,11.735130422584266,27.941518173983763,43.20819699126219,7.507231169927746,12.730123982247626,51.94818559507895,112.700232894448,52.45253768340281,79.42893042482817,33.44244808623561,103.05285507505889,31.77416936194804,66.15539886029497,55.89550933766378
0.0,500.0,16941936.43397972,5640.620685648163,2850.310668823959,35.82627493799728,53.58846969708266,11.735130422584266,27.941518173983763,12.730123982247626,51.94818559507895,43.20819699126219,7.507231169927746,112.700232894448,52.45253768340281,79.42893042482817,33.44244808623561,66.15539886029497,55.89550933766378,103.05285507505889,31.77416936194804
0.0,500.0,16941936.43397972,5640.620685648163,2850.310668823959,35.82627493799728,53.58846969708266,12.730123982247626,51.94818559507895,43.20819699126219,7.507231169927746,11.735130422584266,27.941518173983763,112.700232894448,52.45253768340281,66.15539886029497,55.89550933766378,103.05285507505889,31.77416936194804,79.42893042482817,33.44244808623561
0.0,500.0,16941936.43397972,5640.620685648163,2850.310668823959,35.82627493799728,53.58846969708266,12.730123982247626,51.94818559507895,11.735130422584266,27.941518173983763,43.20819699126219,7.507231169927746,112.700232894448,52.45253768340281,66.15539886029497,55.89550933766378,79.42893042482817,33.44244808623561,103.05285507505889,31.77416936194804
0.0,500.0,16941936.43397972,5640.620685648163,2850.310668823959,43.20819699126219,7.507231169927746,35.82627493799728,53.58846969708266,11.735130422584266,27.941518173983763,12.730123982247626,51.94818559507895,103.05285507505889,31.77416936194804,112.700232894448,52.45253768340281,79.42893042482817,33.44244808623561,66.15539886029497,55.89550933766378
0.0,500.0,16941936.43397972,5640.620685648163,2850.310668823959,43.20819699126219,7.507231169927746,35.82627493799728,53.58846969708266,12.730123982247626,51.94818559507895,11.735130422584266,27.941518173983763,103.05285507505889,31.77416936194804,112.700232894448,52.45253768340281,66.15539886029497,55.89550933766378,79.42893042482817,33.44244808623561
0.0,500.0,16941936.43397972,5640.620685648163,2850.310668823959,43.20819699126219,7.507231169927746,11.735130422584266,27.941518173983763,35.82627493799728,53.58846969708266,12.730123982247626,51.94818559507895,103.05285507505889,31.77416936194804,79.42893042482817,33.44244808623561,112.700232894448,52.45253768340281,66.15539886029497,55.89550933766378
0.0,500.0,16941936.43397972,5640.620685648163,2850.310668823959,43.20819699126219,7.507231169927746,11.735130422584266,27.941518173983763,12.730123982247626,51.94818559507895,35.82627493799728,53.58846969708266,103.05285507505889,31.77416936194804,79.42893042482817,33.44244808623561,66.15539886029497,55.89550933766378,112.700232894448,52.45253768340281
0.0,500.0,16941936.43397972,5640.620685648163,2850.310668823959,43.20819699126219,7.507231169927746,12.730123982247626,51.94818559507895,35.82627493799728,53.58846969708266,11.735130422584266,27.941518173983763,103.05285507505889,31.77416936194804,66.15539886029497,55.89550933766378,112.700232894448,52.45253768340281,79.42893042482817,33.44244808623561
0.0,500.0,16941936.43397972,5640.620685648163,2850.310668823959,43.20819699126219,7.507231169927746,12.730123982247626,51.94818559507895,11.735130422584266,27.941518173983763,35.82627493799728,53.58846969708266,103.05285507505889,31.77416936194804,66.15539886029497,55.89550933766378,79.42893042482817,33.44244808623561,112.700232894448,52.45253768340281
0.0,500.0,16941936.43397972,5640.620685648163,2850.310668823959,11.735130422584266,27.941518173983763,35.82627493799728,53.58846969708266,43.20819699126219,7.507231169927746,12.730123982247626,51.94818559507895,79.42893042482817,33.44244808623561,112.700232894448,52.45253768340281,103.05285507505889,31.77416936194804,66.15539886029497,55.89550933766378
0.0,500.0,16941936.43397972,5640.620685648163,2850.310668823959,11.735130422584266,27.941518173983763,35.82627493799728,53.58846969708266,12.730123982247626,51.94818559507895,43.20819699126219,7.507231169927746,79.42893042482817,33.44244808623561,112.700232894448,52.45253768340281,66.15539886029497,55.89550933766378,103.05285507505889,31.77416936194804
0.0,500.0,16941936.43397972,5640.620685648163,2850.310668823959,11.735130422584266,27.941518173983763,43.20819699126219,7.507231169927746,35.82627493799728,53.58846969708266,12.730123982247626,51.94818559507895,79.42893042482817,33.44244808623561,103.05285507505889,31.77416936194804,112.700232894448,52.45253768340281,66.15539886029497,55.89550933766378
0.0,500.0,16941936.43397972,5640.620685648163,2850.310668823959,11.735130422584266,27.941518173983763,43.20819699126219,7.507231169927746,12.730123982247626,51.94818559507895,35.82627493799728,53.58846969708266,79.42893042482817,33.44244808623561,103.05285507505889,31.77416936194804,66.15539886029497,55.89550933766378,112.700232894448,52.45253768340281
0.0,500.0,16941936.43397972,5640.620685648163,2850.310668823959,11.735130422584266,27.941518173983763,12.730123982247626,51.94818559507895,35.82627493799728,53.58846969708266,43.20819699126219,7.507231169927746,79.42893042482817,33.44244808623561,66.15539886029497,55.89550933766378,112.700232894448,52.45253768340281,103.05285507505889,31.77416936194804
0.0,500.0,16941936.43397972,5640.620685648163,2850.310668823959,11.735130422584266,27.941518173983763,12.730123982247626,51.94818559507895,43.20819699126219,7.507231169927746,35.82627493799728,53.58846969708266,79.42893042482817,33.44244808623561,66.15539886029497,55.89550933766378,103.05285507505889,31.77416936194804,112.700232894448,52.45253768340281
0.0,500.0,16941936.43397972,5640.620685648163,2850.310668823959,12.730123982247626,51.94818559507895,35.82627493799728,53.58846969708266,43.20819699126219,7.507231169927746,11.735130422584266,27.941518173983763,66.15539886029497,55.89550933766378,112.700232894448,52.45253768340281,103.05285507505889,31.77416936194804,79.42893042482817,33.44244808623561
0.0,500.0,16941936.43397972,5640.620685648163,2850.310668823959,12.730123982247626,51.94818559507895,35.82627493799728,53.58846969708266,11.735130422584266,27.941518173983763,43.20819699126219,7.507231169927746,66.15539886029497,55.89550933766378,112.700232894448,52.45253768340281,79.42893042482817,33.44244808623561,103.05285507505889,31.77416936194804
0.0,500.0,16941936.43397972,5640.620685648163,2850.310668823959,12.730123982247626,51.94818559507895,43.20819699126219,7.507231169927746,35.82627493799728,53.58846969708266,11.735130422584266,27.941518173983763,66.15539886029497,55.89550933766378,103.05285507505889,31.77416936194804,112.700232894448,52.45253768340281,79.42893042482817,33.44244808623561
0.0,500.0,16941936.43397972,5640.620685648163,2850.310668823959,12.730123982247626,51.94818559507895,43.20819699126219,7.507231169927746,11.735130422584266,27.941518173983763,35.82627493799728,53.58846969708266,66.15539886029497,55.89550933766378,103.05285507505889,31.77416936194804,79.42893042482817,33.44244808623561,112.700232894448,52.45253768340281
0.0,500.0,16941936.43397972,5640.620685648163,2850.310668823959,12.730123982247626,51.94818559507895,11.735130422584266,27.941518173983763,35.82627493799728,53.58846969708266,43.20819699126219,7.507231169927746,66.15539886029497,55.89550933766378,79.42893042482817,33.44244808623561,112.700232894448,52.45253768340281,103.05285507505889,31.77416936194804
0.0,500.0,16941936.43397972,5640.620685648163,2850.310668823959,12.730123982247626,51.94818559507895,11.735130422584266,27.941518173983763,43.20819699126219,7.507231169927746,35.82627493799728,53.58846969708266,66.15539886029497,55.89550933766378,79.42893042482817,33.44244808623561,103.05285507505889,31.77416936194804,112.700232894448,52.45253768340281
0.0,500.0,24909488.79733178,7236.911537228262,3086.590965857456,54.54792674276843,52.36671813014358,26.083593019704068,55.73514920181355,53.37758006349498,9.829793063811872,7.387638858235346,41.06335839119891,111.39503124205544,54.16428182702128,87.56640924098096,49.356442868785166,102.96759470995642,34.088088789178755,72.4523456846004,34.9785167344111
0.0,500.0,24909488.79733178,7236.911537228262,3086.590965857456,54.54792674276843,52.36671813014358,7.387638858235346,41.06335839119891,26.083593019704068,55.73514920181355,53.37758006349498,9.829793063811872,111.39503124205544,54.16428182702128,72.4523456846004,34.9785167344111,87.56640924098096,49.356442868785166,102.96759470995642,34.088088789178755
0.0,500.0,24909488.79733178,7236.911537228262,3086.590965857456,54.54792674276843,52.36671813014358,7.387638858235346,41.06335839119891,53.37758006349498,9.829793063811872,26.083593019704068,55.73514920181355,111.39503124205544,54.16428182702128,72.4523456846004,34.9785167344111,102.96759470995642,34.088088789178755,87.56640924098096,49.356442868785166
0.0,500.0,24909488.79733178,7236.911537228262,3086.590965857456,54.54792674276843,52.36671813014358,53.37758006349498,9.829793063811872,26.083593019704068,55.73514920181355,7.387638858235346,41.06335839119891,111.39503124205544,54.16428182702128,102.96759470995642,34.088088789178755,87.56640924098096,49.356442868785166,72.4523456846004,34.9785167344111
0.0,500.0,24909488.79733178,7236.911537228262,3086.590965857456,54.54792674276843,52.36671813014358,53.37758006349498,9.829793063811872,7.387638858235346,41.06335839119891,26.083593019704068,55.73514920181355,111.39503124205544,54.16428182702128,102.96759470995642,34.088088789178755,72.4523456846004,34.9785167344111,87.56640924098096,49.356442868785166
0.0,500.0,24909488.79733178,7236.911537228262,3086.590965857456,26.083593019704068,55.73514920181355,54.54792674276843,52.36671813014358,7.387638858235346,41.06335839119891,53.37758006349498,9.829793063811872,87.56640924098096,49.356442868785166,111.39503124205544,54.16428182702128,72.4523456846004,34.9785167344111,102.96759470995642,34.088088789178755
0.0,500.0,24909488.79733178,7236.911537228262,3086.590965857456,26.083593019704068,55.73514920181355,54.54792674276843,52.36671813014358,53.37758006349498,9.829793063811872,7.387638858235346,41.06335839119891,87.56640924098096,49.356442868785166,111.39503124205544,54.16428182702128,102.96759470995642,34.088088789178755,72.4523456846004,34.9785167344111
0.0,500.0,24909488.79733178,7236.911537228262,3086.590965857456,26.083593019704068,55.73514920181355,7.387638858235346,41.06335839119891,54.54792674276843,52.36671813014358,53.37758006349498,9.829793063811872,87.56640924098096,49.356442868785166,72.4523456846004,34.9785167344111,111.39503124205544,54.16428182702128,102.96759470995642,34.088088789178755
0.0,500.0,24909488.79733178,7236.911537228262,3086.590965857456,26.083593019704068,55.73514920181355,7.387638858235346,41.06335839119891,53.37758006349498,9.829793063811872,54.54792674276843,52.36671813014358,87.56640924098096,49.356442868785166,72.4523456846004,34.9785167344111,102.96759470995642,34.088088789178755,111.39503124205544,54.16428182702128
0.0,500.0,24909488.79733178,7236.911537228262,3086.590965857456,26.083593019704068,55.73514920181355,53.37758006349498,9.829793063811872,54.54792674276843,52.36671813014358,7.387638858235346,41.06335839119891,87.56640924098096,49.356442868785166,102.96759470995642,34.088088789178755,111.39503124205544,54.16428182702128,72.4523456846004,34.9785167344111
0.0,500.0,24909488.79733178,7236.911537228262,3086.590965857456,26.083593019704068,55.73514920181355,53.37758006349498,9.829793063811872,7.387638858235346,41.06335839119891,54.54792674276843,52.36671813014358,87.56640924098096,49.356442868785166,102.96759470995642,34.088088789178755,72.4523456846004,34.9785167344111,111.39503124205544,54.16428182702128
0.0,500.0,24909488.79733178,7236.911537228262,3086.590965857456,7.387638858235346,41.06335839119891,54.54792674276843,52.36671813014358,26.083593019704068,55.73514920181355,53.37758006349498,9.829793063811872,72.4523456846004,34.9785167344111,111.39503124205544,54.16428182702128,87.56640924098096,49.356442868785166,102.96759470995642,34.088088789178755
0.0,500.0,24909488.79733178,7236.911537228262,3086.590965857456,7.387638858235346,41.06335839119891,54.54792674276843,52.36671813014358,53.37758006349498,9.829793063811872,26.083593019704068,55.73514920181355,72.4523456846004,34.9785167344111,111.39503124205544,54.16428182702128,102.96759470995642,34.088088789178755,87.56640924098096,49.356442868785166
0.0,500.0,24909488.79733178,7236.911537228262,3086.590965857456,7.387638858235346,41.06335839119891,26.083593019704068,55.73514920181355,54.54792674276843,52.36671813014358,53.37758006349498,9.829793063811872,72.4523456846004,34.9785167344111,87.56640924098096,49.356442868785166,111.39503124205544,54.16428182702128,102.96759470995642,34.088088789178755
0.0,500.0,24909488.79733178,7236.911537228262,3086.590965857456,7.387638858235346,41.06335839119891,26.083593019704068,55.73514920181355,53.37758006349498,9.829793063811872,54.54792674276843,52.36671813014358,72.4523456846004,34.9785167344111,87.56640924098096,49.356442868785166,102.96759470995642,34.088088789178755,111.39503124205544,54.16428182702128
0.0,500.0,24909488.79733178,7236.911537228262,3086.590965857456,7.387638858235346,41.06335839119891,53.37758006349498,9.829793063811872,54.54792674276843,52.36671813014358,26.083593019704068,55.73514920181355,72.4523456846004,34.9785167344111,102.96759470995642,34.088088789178755,111.39503124205544,54.16428182702128,87.56640924098096,49.356442868785166
0.0,500.0,24909488.79733178,7236.911537228262,3086.590965857456,7.387638858235346,41.06335839119891,53.37758006349498,9.829793063811872,26.083593019704068,55.73514920181355,54.54792674276843,52.36671813014358,72.4523456846004,34.9785167344111,102.96759470995642,34.088088789178755,87.56640924098096,49.356442868785166,111.39503124205544,54.16428182702128
0.0,500.0,24909488.79733178,7236.911537228262,3086.590965857456,53.37758006349498,9.829793063811872,54.54792674276843,52.36671813014358,26.083593019704068,55.73514920181355,7.387638858235346,41.06335839119891,102.96759470995642,34.088088789178755,111.39503124205544,54.16428182702128,87.56640924098096,49.356442868785166,72.4523456846004,34.9785167344111
0.0,500.0,24909488.79733178,7236.911537228262,3086.590965857456,53.37758006349498,9.829793063811872,54.54792674276843,52.36671813014358,7.387638858235346,41.06335839119891,26.083593019704068,55.73514920181355,102.96759470995642,34.088088789178755,111.39503124205544,54.16428182702128,72.4523456846004,34.9785167344111,87.56640924098096,49.356442868785166
0.0,500.0,24909488.79733178,7236.911537228262,3086.590965857456,53.37758006349498,9.829793063811872,26.083593019704068,55.73514920181355,54.54792674276843,52.36671813014358,7.387638858235346,41.06335839119891,102.96759470995642,34.088088789178755,87.56640924098096,49.356442868785166,111.39503124205544,54.16428182702128,72.4523456846004,34.9785167344111
0.0,500.0,24909488.79733178,7236.911537228262,3086.590965857456,53.37758006349498,9.829793063811872,26.083593019704068,55.73514920181355,7.387638858235346,41.06335839119891,54.54792674276843,52.36671813014358,102.96759470995642,34.088088789178755,87.56640924098096,49.356442868785166,72.4523456846004,34.9785167344111,111.39503124205544,54.16428182702128
0.0,500.0,24909488.79733178,7236.911537228262,3086.590965857456,53.37758006349498,9.829793063811872,7.387638858235346,41.06335839119891,54.54792674276843,52.36671813014358,26.083593019704068,55.73514920181355,102.96759470995642,34.088088789178755,72.4523456846004,34.9785167344111,111.39503124205544,54.16428182702128,87.56640924098096,49.356442868785166
0.0,500.0,24909488.79733178,7236.911537228262,3086.590965857456,53.37758006349498,9.829793063811872,7.387638858235346,41.06335839119891,26.083593019704068,55.73514920181355,54.54792674276843,52.36671813014358,102.96759470995642,34.088088789178755,72.4523456846004,34.9785167344111,87.56640924098096,49.356442868785166,111.39503124205544,54.16428182702128
0.0,500.0,13405967.345273674,6430.323475415612,2027.0000741816243,56.55109035401546,42.16580384118928,1.3107137636651212,1.4520721328146746,25.28609564503224,25.513188285786125,28.47421354476287,46.709608125055446,112.35326558824218,53.16382529657374,61.97453290873264,44.29122873416639,101.05254303225551,12.609835950797336,89.98378014942594,52.25489205175864
0.0,500.0,13405967.345273674,6430.323475415612,2027.0000741816243,56.55109035401546,42.16580384118928,28.47421354476287,46.709608125055446,1.3107137636651212,1.4520721328146746,25.28609564503224,25.513188285786125,112.35326558824218,53.16382529657374,89.98378014942594,52.25489205175864,61.97453290873264,44.29122873416639,101.05254303225551,12.609835950797336
0.0,500.0,13405967.345273674,6430.323475415612,2027.0000741816243,56.55109035401546,42.16580384118928,28.47421354476287,46.709608125055446,25.28609564503224,25.513188285786125,1.3107137636651212,1.4520721328146746,112.35326558824218,53.16382529657374,89.98378014942594,52.25489205175864,101.05254303225551,12.609835950797336,61.97453290873264,44.29122873416639
0.0,500.0,13405967.345273674,6430.323475415612,2027.0000741816243,56.55109035401546,42.16580384118928,25.28609564503224,25.513188285786125,1.3107137636651212,1.4520721328146746,28.47421354476287,46.709608125055446,112.35326558824218,53.16382529657374,101.05254303225551,12.609835950797336,61.97453290873264,44.29122873416639,89.98378014942594,52.25489205175864
0.0,500.0,13405967.345273674,6430.323475415612,2027.0000741816243,56.55109035401546,42.16580384118928,25.28609564503224,25.513188285786125,28.47421354476287,46.709608125055446,1.3107137636651212,1.4520721328146746,112.35326558824218,53.16382529657374,101.05254303225551,12.609835950797336,89.98378014942594,52.25489205175864,61.97453290873264,44.29122873416639
0.0,500.0,13405967.345273674,6430.323475415612,2027.0000741816243,1.3107137636651212,1.4520721328146746,56.55109035401546,42.16580384118928,28.47421354476287,46.709608125055446,25.28609564503224,25.513188285786125,61.97453290873264,44.29122873416639,112.35326558824218,53.16382529657374,89.98378014942594,52.25489205175864,101.05254303225551,12.609835950797336
0.0,500.0,13405967.345273674,6430.323475415612,2027.0000741816243,1.3107137636651212,1.4520721328146746,56.55109035401546,42.16580384118928,25.28609564503224,25.513188285786125,28.47421354476287,46.709608125055446,61.97453290873264,44.29122873416639,112.35326558824218,53.16382529657374,101.05254303225551,12.609835950797336,89.98378014942594,52.25489205175864
0.0,500.0,13405967.345273674,6430.323475415612,2027.0000741816243,1.3107137636651212,1.4520721328146746,28.47421354476287,46.709608125055446,56.55109035401546,42.16580384118928,25.28609564503224,25.513188285786125,61.97453290873264,44.29122873416639,89.98378014942594,52.25489205175864,112.35326558824218,53.16382529657374,101.05254303225551,12.609835950797336
0.0,500.0,13405967.345273674,6430.323475415612,2027.0000741816243,1.3107137636651212,1.4520721328146746,28.47421354476287,46.709608125055446,25.28609564503224,25.513188285786125,56.55109035401546,42.16580384118928,61.97453290873264,44.29122873416639,89.98378014942594,52.25489205175864,101.05254303225551,12.609835950797336,112.35326558824218,53.16382529657374
0.0,500.0,13405967.345273674,6430.323475415612,2027.0000741816243,1.3107137636651212,1.4520721328146746,25.28609564503224,25.513188285786125,56.55109035401546,42.16580384118928,28.47421354476287,46.709608125055446,61.97453290873264,44.29122873416639,101.05254303225551,12.609835950797336,112.35326558824218,53.16382529657374,89.98378014942594,52.25489205175864
0.0,500.0,13405967.345273674,6430.323475415612,2027.0000741816243,1.3107137636651212,1.4520721328146746,25.28609564503224,25.513188285786125,28.47421354476287,46.709608125055446,56.55109035401546,42.16580384118928,61.97453290873264,44.29122873416639,101.05254303225551,12.609835950797336,89.98378014942594,52.25489205175864,112.35326558824218,53.16382529657374
0.0,500.0,13405967.345273674,6430.323475415612,2027.0000741816243,28.47421354476287,46.709608125055446,56.55109035401546,42.16580384118928,1.3107137636651212,1.4520721328146746,25.28609564503224,25.513188285786125,89.98378014942594,52.25489205175864,112.35326558824218,53.16382529657374,61.97453290873264,44.29122873416639,101.05254303225551,12.609835950797336
0.0,500.0,13405967.345273674,6430.323475415612,2027.0000741816243,28.47421354476287,46.709608125055446,56.55109035401546,42.16580384118928,25.28609564503224,25.513188285786125,1.3107137636651212,1.4520721328146746,89.98378014942594,52.25489205175864,112.35326558824218,53.16382529657374,101.05254303225551,12.609835950797336,61.97453290873264,44.29122873416639
0.0,500.0,13405967.345273674,6430.323475415612,2027.0000741816243,28.47421354476287,46.709608125055446,1.3107137636651212,1.4520721328146746,56.55109035401546,42.16580384118928,25.28609564503224,25.513188285786125,89.98378014942594,52.25489205175864,61.97453290873264,44.29122873416639,112.35326558824218,53.16382529657374,101.05254303225551,12.609835950797336
0.0,500.0,13405967.345273674,6430.323475415612,2027.0000741816243,28.47421354476287,46.709608125055446,1.3107137636651212,1.4520721328146746,25.28609564503224,25.513188285786125,56.55109035401546,42.16580384118928,89.98378014942594,52.25489205175864,61.97453290873264,44.29122873416639,101.05254303225551,12.609835950797336,112.35326558824218,53.16382529657374
0.0,500.0,13405967.345273674,6430.323475415612,2027.0000741816243,28.47421354476287,46.709608125055446,25.28609564503224,25.513188285786125,56.55109035401546,42.16580384118928,1.3107137636651212,1.4520721328146746,89.98378014942594,52.25489205175864,101.05254303225551,12.609835950797336,112.35326558824218,53.16382529657374,61.97453290873264,44.29122873416639
0.0,500.0,13405967.345273674,6430.323475415612,2027.0000741816243,28.47421354476287,46.709608125055446,25.28609564503224,25.513188285786125,1.3107137636651212,1.4520721328146746,56.55109035401546,42.16580384118928,89.98378014942594,52.25489205175864,101.05254303225551,12.609835950797336,61.97453290873264,44.29122873416639,112.35326558824218,53.16382529657374
0.0,500.0,13405967.345273674,6430.323475415612,2027.0000741816243,25.28609564503224,25.513188285786125,56.55109035401546,42.16580384118928,1.3107137636651212,1.4520721328146746,28.47421354476287,46.709608125055446,101.05254303225551,12.609835950797336,112.35326558824218,53.16382529657374,61.97453290873264,44.29122873416639,89.98378014942594,52.25489205175864
0.0,500.0,13405967.345273674,6430.323475415612,2027.0000741816243,25.28609564503224,25.513188285786125,56.55109035401546,42.16580384118928,28.47421354476287,46.709608125055446,1.3107137636651212,1.4520721328146746,101.05254303225551,12.609835950797336,112.35326558824218,53.16382529657374,89.98378014942594,52.25489205175864,61.97453290873264,44.29122873416639
0.0,500.0,13405967.345273674,6430.323475415612,2027.0000741816243,25.28609564503224,25.513188285786125,1.3107137636651212,1.4520721328146746,56.55109035401546,42.16580384118928,28.47421354476287,46.709608125055446,101.05254303225551,12.609835950797336,61.97453290873264,44.29122873416639,112.35326558824218,53.16382529657374,89.98378014942594,52.25489205175864
0.0,500.0,13405967.345273674,6430.323475415612,2027.0000741816243,25.28609564503224,25.513188285786125,1.3107137636651212,1.4520721328146746,28.47421354476287,46.709608125055446,56.55109035401546,42.16580384118928,101.05254303225551,12.609835950797336,61.97453290873264,44.29122873416639,89.98378014942594,52.25489205175864,112.35326558824218,53.16382529657374
0.0,500.0,13405967.345273674,6430.323475415612,2027.0000741816243,25.28609564503224,25.513188285786125,28.47421354476287,46.709608125055446,56.55109035401546,42.16580384118928,1.3107137636651212,1.4520721328146746,101.05254303225551,12.609835950797336,89.98378014942594,52.25489205175864,112.35326558824218,53.16382529657374,61.97453290873264,44.29122873416639
0.0,500.0,13405967.345273674,6430.323475415612,2027.0000741816243,25.28609564503224,25.513188285786125,28.47421354476287,46.709608125055446,1.3107137636651212,1.4520721328146746,56.55109035401546,42.16580384118928,101.05254303225551,12.609835950797336,89.98378014942594,52.25489205175864,61.97453290873264,44.29122873416639,112.35326558824218,53.16382529657374
0.0,500.0,29935459.17990462,7908.115311982765,3780.5088813675793,26.29761949961138,10.622057669513667,8.159263100887744,35.044372623225776,51.436652017042434,17.332232140959412,56.50747002159251,44.56407627355854,87.98943891996241,24.496009052364403,61.82263507040758,18.123605475062657,107.4369279400172,31.938813630459236,117.4791748456998,51.29440135076072
0.0,500.0,29935459.17990462,7908.115311982765,3780.5088813675793,26.29761949961138,10.622057669513667,56.50747002159251,44.56407627355854,8.159263100887744,35.044372623225776,51.436652017042434,17.332232140959412,87.98943891996241,24.496009052364403,117.4791748456998,51.29440135076072,61.82263507040758,18.123605475062657,107.4369279400172,31.938813630459236
0.0,500.0,29935459.17990462,7908.115311982765,3780.5088813675793,26.29761949961138,10.622057669513667,56.50747002159251,44.56407627355854,51.436652017042434,17.332232140959412,8.159263100887744,35.044372623225776,87.98943891996241,24.496009052364403,117.4791748456998,51.29440135076072,107.4369279400172,31.938813630459236,61.82263507040758,18.123605475062657
0.0,500.0,29935459.17990462,7908.115311982765,3780.5088813675793,26.29761949961138,10.622057669513667,51.436652017042434,17.332232140959412,8.159263100887744,35.044372623225776,56.50747002159251,44.56407627355854,87.98943891996241,24.496009052364403,107.4369279400172,31.938813630459236,61.82263507040758,18.123605475062657,117.4791748456998,51.29440135076072
0.0,500.0,29935459.17990462,7908.115311982765,3780.5088813675793,26.29761949961138,10.622057669513667,51.436652017042434,17.332232140959412,56.50747002159251,44.56407627355854,8.159263100887744,35.044372623225776,87.98943891996241,24.496009052364403,107.4369279400172,31.938813630459236,117.4791748456998,51.29440135076072,61.82263507040758,18.123605475062657
0.0,500.0,29935459.17990462,7908.115311982765,3780.5088813675793,8.159263100887744,35.044372623225776,26.29761949961138,10.622057669513667,56.50747002159251,44.56407627355854,51.436652017042434,17.332232140959412,61.82263507040758,18.123605475062657,87.98943891996241,24.496009052364403,117.4791748456998,51.29440135076072,107.4369279400172,31.938813630459236
0.0,500.0,29935459.17990462,7908.115311982765,3780.5088813675793,8.159263100887744,35.044372623225776,26.29761949961138,10.622057669513667,51.436652017042434,17.332232140959412,56.50747002159251,44.56407627355854,61.82263507040758,18.123605475062657,87.98943891996241,24.496009052364403,107.4369279400172,31.938813630459236,117.4791748456998,51.29440135076072
0.0,500.0,29935459.17990462,7908.115311982765,3780.5088813675793,8.159263100887744,35.044372623225776,56.50747002159251,44.56407627355854,26.29761949961138,10.622057669513667,51.436652017042434,17.332232140959412,61.82263507040758,18.123605475062657,117.4791748456998,51.29440135076072,87.98943891996241,24.496009052364403,107.4369279400172,31.938813630459236
0.0,500.0,29935459.17990462,7908.115311982765,3780.5088813675793,8.159263100887744,35.044372623225776,56.50747002159251,44.56407627355854,51.436652017042434,17.332232140959412,26.29761949961138,10.622057669513667,61.82263507040758,18.123605475062657,117.4791748456998,51.29440135076072,107.4369279400172,31.938813630459236,87.98943891996241,24.496009052364403
0.0,500.0,29935459.17990462,7908.115311982765,3780.5088813675793,8.159263100887744,35.044372623225776,51.436652017042434,17.332232140959412,26.29761949961138,10.622057669513667,56.50747002159251,44.56407627355854,61.82263507040758,18.123605475062657,107.4369279400172,31.938813630459236,87.98943891996241,24.496009052364403,117.4791748456998,51.29440135076072
0.0,500.0,29935459.17990462,7908.115311982765,3780.5088813675793,8.159263100887744,35.044372623225776,51.436652017042434,17.332232140959412,56.50747002159251,44.56407627355854,26.29761949961138,10.622057669513667,61.82263507040758,18.123605475062657,107.4369279400172,31.938813630459236,117.4791748456998,51.29440135076072,87.98943891996241,24.496009052364403
0.0,500.0,29935459.17990462,7908.115311982765,3780.5088813675793,56.50747002159251,44.56407627355854,26.29761949961138,10.622057669513667,8.159263100887744,35.044372623225776,51.436652017042434,17.332232140959412,117.4791748456998,51.29440135076072,87.98943891996241,24.496009052364403,61.82263507040758,18.123605475062657,107.4369279400172,31.938813630459236
0.0,500.0,29935459.17990462,7908.115311982765,3780.5088813675793,56.50747002159251,44.56407627355854,26.29761949961138,10.622057669513667,51.436652017042434,17.332232140959412,8.159263100887744,35.044372623225776,117.4791748456998,51.29440135076072,87.98943891996241,24.496009052364403,107.4369279400172,31.938813630459236,61.82263507040758,18.123605475062657
0.0,500.0,29935459.17990462,7908.115311982765,3780.5088813675793,56.50747002159251,44.56407627355854,8.159263100887744,35.044372623225776,26.29761949961138,10.622057669513667,51.436652017042434,17.332232140959412,117.4791748456998,51.29440135076072,61.82263507040758,18.123605475062657,87.98943891996241,24.496009052364403,107.4369279400172,31.938813630459236
0.0,500.0,29935459.17990462,7908.115311982765,3780.5088813675793,56.50747002159251,44.56407627355854,8.159263100887744,35.044372623225776,51.436652017042434,17.332232140959412,26.29761949961138,10.622057669513667,117.4791748456998,51.29440135076072,61.82263507040758,18.123605475062657,107.4369279400172,31.938813630459236,87.98943891996241,24.496009052364403
0.0,500.0,29935459.17990462,7908.115311982765,3780.5088813675793,56.50747002159251,44.56407627355854,51.436652017042434,17.332232140959412,26.29761949961138,10.622057669513667,8.159263100887744,35.044372623225776,117.4791748456998,51.29440135076072,107.4369279400172,31.938813630459236,87.98943891996241,24.496009052364403,61.82263507040758,18.123605475062657
0.0,500.0,29935459.17990462,7908.115311982765,3780.5088813675793,56.50747002159251,44.56407627355854,51.436652017042434,17.332232140959412,8.159263100887744,35.044372623225776,26.29761949961138,10.622057669513667,117.4791748456998,51.29440135076072,107.4369279400172,31.938813630459236,61.82263507040758,18.123605475062657,87.98943891996241,24.496009052364403
0.0,500.0,29935459.17990462,7908.115311982765,3780.5088813675793,51.436652017042434,17.332232140959412,26.29761949961138,10.622057669513667,8.159263100887744,35.044372623225776,56.50747002159251,44.56407627355854,107.4369279400172,31.938813630459236,87.98943891996241,24.496009052364403,61.82263507040758,18.123605475062657,117.4791748456998,51.29440135076072
0.0,500.0,29935459.17990462,7908.115311982765,3780.5088813675793,51.436652017042434,17.332232140959412,26.29761949961138,10.622057669513667,56.50747002159251,44.56407627355854,8.159263100887744,35.044372623225776,107.4369279400172,31.938813630459236,87.98943891996241,24.496009052364403,117.4791748456998,51.29440135076072,61.82263507040758,18.123605475062657
0.0,500.0,29935459.17990462,7908.115311982765,3780.5088813675793,51.436652017042434,17.332232140959412,8.159263100887744,35.044372623225776,26.29761949961138,10.622057669513667,56.50747002159251,44.56407627355854,107.4369279400172,31.938813630459236,61.82263507040758,18.123605475062657,87.98943891996241,24.496009052364403,117.4791748456998,51.29440135076072
0.0,500.0,29935459.17990462,7908.115311982765,3780.5088813675793,51.436652017042434,17.332232140959412,8.159263100887744,35.044372623225776,56.50747002159251,44.56407627355854,26.29761949961138,10.622057669513667,107.4369279400172,31.938813630459236,61.82263507040758,18.123605475062657,117.4791748456998,51.29440135076072,87.98943891996241,24.496009052364403
0.0,500.0,29935459.17990462,7908.115311982765,3780.5088813675793,51.436652017042434,17.332232140959412,56.50747002159251,44.56407627355854,26.29761949961138,10.622057669513667,8.159263100887744,35.044372623225776,107.4369279400172,31.938813630459236,117.4791748456998,51.29440135076072,87.98943891996241,24.496009052364403,61.82263507040758,18.123605475062657
0.0,500.0,29935459.17990462,7908.115311982765,3780.5088813675793,51.436652017042434,17.332232140959412,56.50747002159251,44.56407627355854,8.159263100887744,35.044372623225776,26.29761949961138,10.622057669513667,107.4369279400172,31.938813630459236,117.4791748456998,51.29440135076072,61.82263507040758,18.123605475062657,87.98943891996241,24.496009052364403
0.0,500.0,6722618.715349329,4876.433277436166,1186.2125638669363,25.588670881418164,38.09203944321389,3.4764116466160577,46.7646209904263,19.04502096122945,3.7262675310507687,51.89543429029944,57.23531273787504,67.92788781079133,10.914819269618013,77.49538662907399,46.67426018071605,116.72517108981818,20.429092587500268,107.5086137593683,44.216205946274016
0.0,500.0,6722618.715349329,4876.433277436166,1186.2125638669363,25.588670881418164,38.09203944321389,51.89543429029944,57.23531273787504,3.4764116466160577,46.7646209904263,19.04502096122945,3.7262675310507687,67.92788781079133,10.914819269618013,107.5086137593683,44.216205946274016,77.49538662907399,46.67426018071605,116.72517108981818,20.429092587500268
0.0,500.0,6722618.715349329,4876.433277436166,1186.2125638669363,25.588670881418164,38.09203944321389,51.89543429029944,57.23531273787504,19.04502096122945,3.7262675310507687,3.4764116466160577,46.7646209904263,67.92788781079133,10.914819269618013,107.5086137593683,44.216205946274016,116.72517108981818,20.429092587500268,77.49538662907399,46.67426018071605
0.0,500.0,6722618.715349329,4876.433277436166,1186.2125638669363,25.588670881418164,38.09203944321389,19.04502096122945,3.7262675310507687,3.4764116466160577,46.7646209904263,51.89543429029944,57.23531273787504,67.92788781079133,10.914819269618013,116.72517108981818,20.429092587500268,77.49538662907399,46.67426018071605,107.5086137593683,44.216205946274016
0.0,500.0,6722618.715349329,4876.433277436166,1186.2125638669363,25.588670881418164,38.09203944321389,19.04502096122945,3.7262675310507687,51.89543429029944,57.23531273787504,3.4764116466160577,46.7646209904263,67.92788781079133,10.914819269618013,116.72517108981818,20.429092587500268,107.5086137593683,44.216205946274016,77.49538662907399,46.67426018071605
0.0,500.0,6722618.715349329,4876.433277436166,1186.2125638669363,3.4764116466160577,46.7646209904263,25.588670881418164,38.09203944321389,51.89543429029944,57.23531273787504,19.04502096122945,3.7262675310507687,77.49538662907399,46.67426018071605,67.92788781079133,10.914819269618013,107.5086137593683,44.216205946274016,116.72517108981818,20.429092587500268
0.0,500.0,6722618.715349329,4876.433277436166,1186.2125638669363,3.4764116466160577,46.7646209904263,25.588670881418164,38.09203944321389,19.04502096122945,3.7262675310507687,51.89543429029944,57.23531273787504,77.49538662907399,46.67426018071605,67.92788781079133,10.914819269618013,116.72517108981818,20.429092587500268,107.5086137593683,44.216205946274016
0.0,500.0,6722618.715349329,4876.433277436166,1186.2125638669363,3.4764116466160577,46.7646209904263,51.89543429029944,57.23531273787504,25.588670881418164,38.09203944321389,19.04502096122945,3.7262675310507687,77.49538662907399,46.67426018071605,107.5086137593683,44.216205946274016,67.92788781079133,10.914819269618013,116.72517108981818,20.429092587500268
0.0,500.0,6722618.715349329,4876.433277436166,1186.2125638669363,3.4764116466160577,46.7646209904263,51.89543429029944,57.23531273787504,19.04502096122945,3.7262675310507687,25.588670881418164,38.09203944321389,77.49538662907399,46.67426018071605,107.5086137593683,44.216205946274016,116.72517108981818,20.429092587500268,67.92788781079133,10.914819269618013
0.0,500.0,6722618.715349329,4876.433277436166,1186.2125638669363,3.4764116466160577,46.7646209904263,19.04502096122945,3.7262675310507687,25.588670881418164,38.09203944321389,51.89543429029944,57.23531273787504,77.49538662907399,46.67426018071605,116.72517108981818,20.429092587500268,67.92788781079133,10.914819269618013,107.5086137593683,44.216205946274016
0.0,500.0,6722618.715349329,4876.433277436166,1186.2125638669363,3.4764116466160577,46.7646209904263,19.04502096122945,3.7262675310507687,51.89543429029944,57.23531273787504,25.588670881418164,38.09203944321389,77.49538662907399,46.67426018071605,116.72517108981818,20.429092587500268,107.5086137593683,44.216205946274016,67.92788781079133,10.914819269618013
0.0,500.0,6722618.715349329,4876.433277436166,1186.2125638669363,51.89543429029944,57.23531273787504,25.588670881418164,38.09203944321389,3.4764116466160577,46.7646209904263,19.04502096122945,3.7262675310507687,107.5086137593683,44.216205946274016,67.92788781079133,10.914819269618013,77.49538662907399,46.67426018071605,116.72517108981818,20.429092587500268
0.0,500.0,6722618.715349329,4876.433277436166,1186.2125638669363,51.89543429029944,57.23531273787504,25.588670881418164,38.09203944321389,19.04502096122945,3.7262675310507687,3.4764116466160577,46.7646209904263,107.5086137593683,44.216205946274016,67.92788781079133,10.914819269618013,116.72517108981818,20.429092587500268,77.49538662907399,46.67426018071605
0.0,500.0,6722618.715349329,4876.433277436166,1186.2125638669363,51.89543429029944,57.23531273787504,3.4764116466160577,46.7646209904263,25.588670881418164,38.09203944321389,19.04502096122945,3.7262675310507687,107.5086137593683,44.216205946274016,77.49538662907399,46.67426018071605,67.92788781079133,10.914819269618013,116.72517108981818,20.429092587500268
0.0,500.0,6722618.715349329,4876.433277436166,1186.2125638669363,51.89543429029944,57.23531273787504,3.4764116466160577,46.7646209904263,19.04502096122945,3.7262675310507687,25.588670881418164,38.09203944321389,107.5086137593683,44.216205946274016,77.49538662907399,46.67426018071605,116.72517108981818,20.429092587500268,67.92788781079133,10.914819269618013
0.0,500.0,6722618.715349329,4876.433277436166,1186.2125638669363,51.89543429029944,57.23531273787504,19.04502096122945,3.7262675310507687,25.588670881418164,38.09203944321389,3.4764116466160577,46.7646209904263,107.5086137593683,44.216205946274016,116.72517108981818,20.429092587500268,67.92788781079133,10.914819269618013,77.49538662907399,46.67426018071605
0.0,500.0,6722618.715349329,4876.433277436166,1186.2125638669363,51.89543429029944,57.23531273787504,19.04502096122945,3.7262675310507687,3.4764116466160577,46.7646209904263,25.588670881418164,38.09203944321389,107.5086137593683,44.216205946274016,116.72517108981818,20.429092587500268,77.49538662907399,46.67426018071605,67.92788781079133,10.914819269618013
0.0,500.0,6722618.715349329,4876.433277436166,1186.2125638669363,19.04502096122945,3.7262675310507687,25.588670881418164,38.09203944321389,3.4764116466160577,46.7646209904263,51.89543429029944,57.23531273787504,116.72517108981818,20.429092587500268,67.92788781079133,10.914819269618013,77.49538662907399,46.67426018071605,107.5086137593683,44.216205946274016
0.0,500.0,6722618.715349329,4876.433277436166,1186.2125638669363,19.04502096122945,3.7262675310507687,25.588670881418164,38.09203944321389,51.89543429029944,57.23531273787504,3.4764116466160577,46.7646209904263,116.72517108981818,20.429092587500268,67.92788781079133,10.914819269618013,107.5086137593683,44.216205946274016,77.49538662907399,46.67426018071605
0.0,500.0,6722618.715349329,4876.433277436166,1186.2125638669363,19.04502096122945,3.7262675310507687,3.4764116466160577,46.7646209904263,25.588670881418164,38.09203944321389,51.89543429029944,57.23531273787504,116.72517108981818,20.429092587500268,77.49538662907399,46.67426018071605,67.92788781079133,10.914819269618013,107.5086137593683,44.216205946274016
0.0,500.0,6722618.715349329,4876.433277436166,1186.2125638669363,19.04502096122945,3.7262675310507687,3.4764116466160577,46.7646209904263,51.89543429029944,57.23531273787504,25.588670881418164,38.09203944321389,116.72517108981818,20.429092587500268,77.49538662907399,46.67426018071605,107.5086137593683,44.216205946274016,67.92788781079133,10.914819269618013
0.0,500.0,6722618.715349329,4876.433277436166,1186.2125638669363,19.04502096122945,3.7262675310507687,51.89543429029944,57.23531273787504,25.588670881418164,38.09203944321389,3.4764116466160577,46.7646209904263,116.72517108981818,20.429092587500268,107.5086137593683,44.216205946274016,67.92788781079133,10.914819269618013,77.49538662907399,46.67426018071605
0.0,500.0,6722618.715349329,4876.433277436166,1186.2125638669363,19.04502096122945,3.7262675310507687,51.89543429029944,57.23531273787504,3.4764116466160577,46.7646209904263,25.588670881418164,38.09203944321389,116.72517108981818,20.429092587500268,107.5086137593683,44.216205946274016,77.49538662907399,46.67426018071605,67.92788781079133,10.914819269618013
0.0,500.0,22641974.11394134,6362.76313308929,3005.8867830358454,1.2944118027610885,40.88481364879613,50.35445727302164,6.084072657683919,26.24652777410228,16.961404311282003,37.37126712945376,39.609436053519474,65.85944005782734,27.665638995775645,110.3470071471737,30.85762809865939,82.5143921554784,46.179111099214495,105.11314606281294,50.344988171286445
0.0,500.0,22641974.11394134,6362.76313308929,3005.8867830358454,1.2944118027610885,40.88481364879613,37.37126712945376,39.609436053519474,50.35445727302164,6.084072657683919,26.24652777410228,16.961404311282003,65.85944005782734,27.665638995775645,105.11314606281294,50.344988171286445,110.3470071471737,30.85762809865939,82.5143921554784,46.179111099214495
0.0,500.0,22641974.11394134,6362.76313308929,3005.8867830358454,1.2944118027610885,40.88481364879613,37.37126712945376,39.609436053519474,26.24652777410228,16.961404311282003,50.35445727302164,6.084072657683919,65.85944005782734,27.665638995775645,105.11314606281294,50.344988171286445,82.5143921554784,46.179111099214495,110.3470071471737,30.85762809865939
0.0,500.0,22641974.11394134,6362.76313308929,3005.8867830358454,1.2944118027610885,40.88481364879613,26.24652777410228,16.961404311282003,50.35445727302164,6.084072657683919,37.37126712945376,39.609436053519474,65.85944005782734,27.665638995775645,82.5143921554784,46.179111099214495,110.3470071471737,30.85762809865939,105.11314606281294,50.344988171286445
0.0,500.0,22641974.11394134,6362.76313308929,3005.8867830358454,1.2944118027610885,40.88481364879613,26.24652777410228,16.961404311282003,37.37126712945376,39.609436053519474,50.35445727302164,6.084072657683919,65.85944005782734,27.665638995775645,82.5143921554784,46.179111099214495,105.11314606281294,50.344988171286445,110.3470071471737,30.85762809865939
0.0,500.0,22641974.11394134,6362.76313308929,3005.8867830358454,50.35445727302164,6.084072657683919,1.2944118027610885,40.88481364879613,37.37126712945376,39.609436053519474,26.24652777410228,16.961404311282003,110.3470071471737,30.85762809865939,65.85944005782734,27.665638995775645,105.11314606281294,50.344988171286445,82.5143921554784,46.179111099214495
0.0,500.0,22641974.11394134,6362.76313308929,3005.8867830358454,50.35445727302164,6.084072657683919,1.2944118027610885,40.88481364879613,26.24652777410228,16.961404311282003,37.37126712945376,39.609436053519474,110.3470071471737,30.85762809865939,65.85944005782734,27.665638995775645,82.5143921554784,46.179111099214495,105.11314606281294,50.344988171286445
0.0,500.0,22641974.11394134,6362.76313308929,3005.8867830358454,50.35445727302164,6.084072657683919,37.37126712945376,39.609436053519474,1.2944118027610885,40.88481364879613,26.24652777410228,16.961404311282003,110.3470071471737,30.85762809865939,105.11314606281294,50.344988171286445,65.85944005782734,27.665638995775645,82.5143921554784,46.179111099214495
0.0,500.0,22641974.11394134,6362.76313308929,3005.8867830358454,50.35445727302164,6.084072657683919,37.37126712945376,39.609436053519474,26.24652777410228,16.961404311282003,1.2944118027610885,40.88481364879613,110.3470071471737,30.85762809865939,105.11314606281294,50.344988171286445,82.5143921554784,46.179111099214495,65.85944005782734,27.665638995775645
0.0,500.0,22641974.11394134,6362.76313308929,3005.8867830358454,50.35445727302164,6.084072657683919,26.24652777410228,16.961404311282003,1.2944118027610885,40.88481364879613,37.37126712945376,39.609436053519474,110.3470071471737,30.85762809865939,82.5143921554784,46.179111099214495,65.85944005782734,27.665638995775645,105.11314606281294,50.344988171286445
0.0,500.0,22641974.11394134,6362.76313308929,3005.8867830358454,50.35445727302164,6.084072657683919,26.24652777410228,16.961404311282003,37.37126712945376,39.609436053519474,1.2944118027610885,40.88481364879613,110.3470071471737,30.85762809865939,82.5143921554784,46.179111099214495,105.11314606281294,50.344988171286445,65.85944005782734,27.665638995775645
0.0,500.0,22641974.11394134,6362.76313308929,3005.8867830358454,37.37126712945376,39.609436053519474,1.2944118027610885,40.88481364879613,50.35445727302164,6.084072657683919,26.24652777410228,16.961404311282003,105.11314606281294,50.344988171286445,65.85944005782734,27.665638995775645,110.3470071471737,30.85762809865939,82.5143921554784,46.179111099214495
0.0,500.0,22641974.11394134,6362.76313308929,3005.8867830358454,37.37126712945376,39.609436053519474,1.2944118027610885,40.88481364879613,26.24652777410228,16.961404311282003,50.35445727302164,6.084072657683919,105.11314606281294,50.344988171286445,65.85944005782734,27.665638995775645,82.5143921554784,46.179111099214495,110.3470071471737,30.85762809865939
0.0,500.0,22641974.11394134,6362.76313308929,3005.8867830358454,37.37126712945376,39.609436053519474,50.35445727302164,6.084072657683919,1.2944118027610885,40.88481364879613,26.24652777410228,16.961404311282003,105.11314606281294,50.344988171286445,110.3470071471737,30.85762809865939,65.85944005782734,27.665638995775645,82.5143921554784,46.179111099214495
0.0,500.0,22641974.11394134,6362.76313308929,3005.8867830358454,37.37126712945376,39.609436053519474,50.35445727302164,6.084072657683919,26.24652777410228,16.961404311282003,1.2944118027610885,40.88481364879613,105.11314606281294,50.344988171286445,110.3470071471737,30.85762809865939,82.5143921554784,46.179111099214495,65.85944005782734,27.665638995775645
0.0,500.0,22641974.11394134,6362.76313308929,3005.8867830358454,37.37126712945376,39.609436053519474,26.24652777410228,16.961404311282003,1.2944118027610885,40.88481364879613,50.35445727302164,6.084072657683919,105.11314606281294,50.344988171286445,82.5143921554784,46.179111099214495,65.85944005782734,27.665638995775645,110.3470071471737,30.85762809865939
0.0,500.0,22641974.11394134,6362.76313308929,3005.8867830358454,37.37126712945376,39.609436053519474,26.24652777410228,16.961404311282003,50.35445727302164,6.084072657683919,1.2944118027610885,40.88481364879613,105.11314606281294,50.344988171286445,82.5143921554784,46.179111099214495,110.3470071471737,30.85762809865939,65.85944005782734,27.665638995775645
0.0,500.0,22641974.11394134,6362.76313308929,3005.8867830358454,26.24652777410228,16.961404311282003,1.2944118027610885,40.88481364879613,50.35445727302164,6.084072657683919,37.37126712945376,39.609436053519474,82.5143921554784,46.179111099214495,65.85944005782734,27.665638995775645,110.3470071471737,30.85762809865939,105.11314606281294,50.344988171286445
0.0,500.0,22641974.11394134,6362.76313308929,3005.8867830358454,26.24652777410228,16.961404311282003,1.2944118027610885,40.88481364879613,37.37126712945376,39.609436053519474,50.35445727302164,6.084072657683919,82.5143921554784,46.179111099214495,65.85944005782734,27.665638995775645,105.11314606281294,50.344988171286445,110.3470071471737,30.85762809865939
0.0,500.0,22641974.11394134,6362.76313308929,3005.8867830358454,26.24652777410228,16.961404311282003,50.35445727302164,6.084072657683919,1.2944118027610885,40.88481364879613,37.37126712945376,39.609436053519474,82.5143921554784,46.179111099214495,110.3470071471737,30.85762809865939,65.85944005782734,27.665638995775645,105.11314606281294,50.344988171286445
0.0,500.0,22641974.11394134,6362.76313308929,3005.8867830358454,26.24652777410228,16.961404311282003,50.35445727302164,6.084072657683919,37.37126712945376,39.609436053519474,1.2944118027610885,40.88481364879613,82.5143921554784,46.179111099214495,110.3470071471737,30.85762809865939,105.11314606281294,50.344988171286445,65.85944005782734,27.665638995775645
0.0,500.0,22641974.11394134,6362.76313308929,3005.8867830358454,26.24652777410228,16.961404311282003,37.37126712945376,39.609436053519474,1.2944118027610885,40.88481364879613,50.35445727302164,6.084072657683919,82.5143921554784,46.179111099214495,105.11314606281294,50.344988171286445,65.85944005782734,27.665638995775645,110.3470071471737,30.85762809865939
0.0,500.0,22641974.11394134,6362.76313308929,3005.8867830358454,26.24652777410228,16.961404311282003,37.37126712945376,39.609436053519474,50.35445727302164,6.084072657683919,1.2944118027610885,40.88481364879613,82.5143921554784,46.179111099214495,105.11314606281294,50.344988171286445,110.3470071471737,30.85762809865939,65.85944005782734,27.665638995775645
0.0,500.0,24358023.02044387,7110.405483113307,3039.759793010094,4.986313481924669,28.443465478277947,39.262306054545846,45.08312330904238,58.59750221033434,55.27925142276624,32.20875713361245,6.580401820989456,61.4259069331394,21.95552531393072,75.59065738765182,44.074778860360674,96.77880603288288,42.96902739374963,88.35677591581027,24.074162331779007
0.0,500.0,24358023.02044387,7110.405483113307,3039.759793010094,4.986313481924669,28.443465478277947,32.20875713361245,6.580401820989456,39.262306054545846,45.08312330904238,58.59750221033434,55.27925142276624,61.4259069331394,21.95552531393072,88.35677591581027,24.074162331779007,75.59065738765182,44.074778860360674,96.77880603288288,42.96902739374963
0.0,500.0,24358023.02044387,7110.405483113307,3039.759793010094,4.986313481924669,28.443465478277947,32.20875713361245,6.580401820989456,58.59750221033434,55.27925142276624,39.262306054545846,45.08312330904238,61.4259069331394,21.95552531393072,88.35677591581027,24.074162331779007,96.77880603288288,42.96902739374963,75.59065738765182,44.074778860360674
0.0,500.0,24358023.02044387,7110.405483113307,3039.759793010094,4.986313481924669,28.443465478277947,58.59750221033434,55.27925142276624,39.262306054545846,45.08312330904238,32.20875713361245,6.580401820989456,61.4259069331394,21.95552531393072,96.77880603288288,42.96902739374963,75.59065738765182,44.074778860360674,88.35677591581027,24.074162331779007
0.0,500.0,24358023.02044387,7110.405483113307,3039.759793010094,4.986313481924669,28.443465478277947,58.59750221033434,55.27925142276624,32.20875713361245,6.580401820989456,39.262306054545846,45.08312330904238,61.4259069331394,21.95552531393072,96.77880603288288,42.96902739374963,88.35677591581027,24.074162331779007,75.59065738765182,44.074778860360674
0.0,500.0,24358023.02044387,7110.405483113307,3039.759793010094,39.262306054545846,45.08312330904238,4.986313481924669,28.443465478277947,32.20875713361245,6.580401820989456,58.59750221033434,55.27925142276624,75.59065738765182,44.074778860360674,61.4259069331394,21.95552531393072,88.35677591581027,24.074162331779007,96.77880603288288,42.96902739374963
0.0,500.0,24358023.02044387,7110.405483113307,3039.759793010094,39.262306054545846,45.08312330904238,4.986313481924669,28.443465478277947,58.59750221033434,55.27925142276624,32.20875713361245,6.580401820989456,75.59065738765182,44.074778860360674,61.4259069331394,21.95552531393072,96.77880603288288,42.96902739374963,88.35677591581027,24.074162331779007
0.0,500.0,24358023.02044387,7110.405483113307,3039.759793010094,39.262306054545846,45.08312330904238,32.20875713361245,6.580401820989456,4.986313481924669,28.443465478277947,58.59750221033434,55.27925142276624,75.59065738765182,44.074778860360674,88.35677591581027,24.074162331779007,61.4259069331394,21.95552531393072,96.77880603288288,42.96902739374963
0.0,500.0,24358023.02044387,7110.405483113307,3039.759793010094,39.262306054545846,45.08312330904238,32.20875713361245,6.580401820989456,58.59750221033434,55.27925142276624,4.986313481924669,28.443465478277947,75.59065738765182,44.074778860360674,88.35677591581027,24.074162331779007,96.77880603288288,42.96902739374963,61.4259069331394,21.95552531393072
0.0,500.0,24358023.02044387,7110.405483113307,3039.759793010094,39.262306054545846,45.08312330904238,58.59750221033434,55.27925142276624,4.986313481924669,28.443465478277947,32.20875713361245,6.580401820989456,75.59065738765182,44.074778860360674,96.77880603288288,42.96902739374963,61.4259069331394,21.95552531393072,88.35677591581027,24.074162331779007
0.0,500.0,24358023.02044387,7110.405483113307,3039.759793010094,39.262306054545846,45.08312330904238,58.59750221033434,55.27925142276624,32.20875713361245,6.580401820989456,4.986313481924669,28.443465478277947,75.59065738765182,44.074778860360674,96.77880603288288,42.96902739374963,88.35677591581027,24.074162331779007,61.4259069331394,21.95552531393072
0.0,500.0,24358023.02044387,7110.405483113307,3039.759793010094,32.20875713361245,6.580401820989456,4.986313481924669,28.443465478277947,39.262306054545846,45.08312330904238,58.59750221033434,55.27925142276624,88.35677591581027,24.074162331779007,61.4259069331394,21.95552531393072,75.59065738765182,44.074778860360674,96.77880603288288,42.96902739374963
0.0,500.0,24358023.02044387,7110.405483113307,3039.759793010094,32.20875713361245,6.580401820989456,4.986313481924669,28.443465478277947,58.59750221033434,55.27925142276624,39.262306054545846,45.08312330904238,88.35677591581027,24.074162331779007,61.4259069331394,21.95552531393072,96.77880603288288,42.96902739374963,75.59065738765182,44.074778860360674
0.0,500.0,24358023.02044387,7110.405483113307,3039.759793010094,32.20875713361245,6.580401820989456,39.262306054545846,45.08312330904238,4.986313481924669,28.443465478277947,58.59750221033434,55.27925142276624,88.35677591581027,24.074162331779007,75.59065738765182,44.074778860360674,61.4259069331394,21.95552531393072,96.77880603288288,42.96902739374963
0.0,500.0,24358023.02044387,7110.405483113307,3039.759793010094,32.20875713361245,6.580401820989456,39.262306054545846,45.08312330904238,58.59750221033434,55.27925142276624,4.986313481924669,28.443465478277947,88.35677591581027,24.074162331779007,75.59065738765182,44.074778860360674,96.77880603288288,42.96902739374963,61.4259069331394,21.95552531393072
0.0,500.0,24358023.02044387,7110.405483113307,3039.759793010094,32.20875713361245,6.580401820989456,58.59750221033434,55.27925142276624,4.986313481924669,28.443465478277947,39.262306054545846,45.08312330904238,88.35677591581027,24.074162331779007,96.77880603288288,42.96902739374963,61.4259069331394,21.95552531393072,75.59065738765182,44.074778860360674
0.0,500.0,24358023.02044387,7110.405483113307,3039.759793010094,32.20875713361245,6.580401820989456,58.59750221033434,55.27925142276624,39.262306054545846,45.08312330904238,4.986313481924669,28.443465478277947,88.35677591581027,24.074162331779007,96.77880603288288,42.96902739374963,75.59065738765182,44.074778860360674,61.4259069331394,21.95552531393072
0.0,500.0,24358023.02044387,7110.405483113307,3039.759793010094,58.59750221033434,55.27925142276624,4.986313481924669,28.443465478277947,39.262306054545846,45.08312330904238,32.20875713361245,6.580401820989456,96.77880603288288,42.96902739374963,61.4259069331394,21.95552531393072,75.59065738765182,44.074778860360674,88.35677591581027,24.074162331779007
0.0,500.0,24358023.02044387,7110.405483113307,3039.759793010094,58.59750221033434,55.27925142276624,4.986313481924669,28.443465478277947,32.20875713361245,6.580401820989456,39.262306054545846,45.08312330904238,96.77880603288288,42.96902739374963,61.4259069331394,21.95552531393072,88.35677591581027,24.074162331779007,75.59065738765182,44.074778860360674
0.0,500.0,24358023.02044387,7110.405483113307,3039.759793010094,58.59750221033434,55.27925142276624,39.262306054545846,45.08312330904238,4.986313481924669,28.443465478277947,32.20875713361245,6.580401820989456,96.77880603288288,42.96902739374963,75.59065738765182,44.074778860360674,61.4259069331394,21.95552531393072,88.35677591581027,24.074162331779007
0.0,500.0,24358023.02044387,7110.405483113307,3039.759793010094,58.59750221033434,55.27925142276624,39.262306054545846,45.08312330904238,32.20875713361245,6.580401820989456,4.986313481924669,28.443465478277947,96.77880603288288,42.96902739374963,75.59065738765182,44.074778860360674,88.35677591581027,24.074162331779007,61.4259069331394,21.95552531393072
0.0,500.0,24358023.02044387,7110.405483113307,3039.759793010094,58.59750221033434,55.27925142276624,32.20875713361245,6.580401820989456,4.986313481924669,28.443465478277947,39.262306054545846,45.08312330904238,96.77880603288288,42.96902739374963,88.35677591581027,24.074162331779007,61.4259069331394,21.95552531393072,75.59065738765182,44.074778860360674
0.0,500.0,24358023.02044387,7110.405483113307,3039.759793010094,58.59750221033434,55.27925142276624,32.20875713361245,6.580401820989456,39.262306054545846,45.08312330904238,4.986313481924669,28.443465478277947,96.77880603288288,42.96902739374963,88.35677591581027,24.074162331779007,75.59065738765182,44.074778860360674,61.4259069331394,21.95552531393072
0.0,500.0,27375082.617871884,6706.4762096665045,4051.942601349345,5.211348800272397,8.376148412347781,57.369293262625085,17.95851595357707,36.03274430982172,41.498665211570525,9.102339826940264,33.941225583291185,82.82720982734585,17.4324866691559,102.97536808174804,25.433774021791656,102.95123259389752,54.10949282713058,62.94459092192456,32.32617045940706
0.0,500.0,27375082.617871884,6706.4762096665045,4051.942601349345,5.211348800272397,8.376148412347781,9.102339826940264,33.941225583291185,57.369293262625085,17.95851595357707,36.03274430982172,41.498665211570525,82.82720982734585,17.4324866691559,62.94459092192456,32.32617045940706,102.97536808174804,25.433774021791656,102.95123259389752,54.10949282713058
0.0,500.0,27375082.617871884,6706.4762096665045,4051.942601349345,5.211348800272397,8.376148412347781,9.102339826940264,33.941225583291185,36.03274430982172,41.498665211570525,57.369293262625085,17.95851595357707,82.82720982734585,17.4324866691559,62.94459092192456,32.32617045940706,102.95123259389752,54.10949282713058,102.97536808174804,25.433774021791656
0.0,500.0,27375082.617871884,6706.4762096665045,4051.942601349345,5.211348800272397,8.376148412347781,36.03274430982172,41.498665211570525,57.369293262625085,17.95851595357707,9.102339826940264,33.941225583291185,82.82720982734585,17.4324866691559,102.95123259389752,54.10949282713058,102.97536808174804,25.433774021791656,62.94459092192456,32.32617045940706
0.0,500.0,27375082.617871884,6706.4762096665045,4051.942601349345,5.211348800272397,8.376148412347781,36.03274430982172,41.498665211570525,9.102339826940264,33.941225583291185,57.369293262625085,17.95851595357707,82.82720982734585,17.4324866691559,102.95123259389752,54.10949282713058,62.94459092192456,32.32617045940706,102.97536808174804,25.433774021791656
0.0,500.0,27375082.617871884,6706.4762096665045,4051.942601349345,57.369293262625085,17.95851595357707,5.211348800272397,8.376148412347781,9.102339826940264,33.941225583291185,36.03274430982172,41.498665211570525,102.97536808174804,25.433774021791656,82.82720982734585,17.4324866691559,62.94459092192456,32.32617045940706,102.95123259389752,54.10949282713058
0.0,500.0,27375082.617871884,6706.4762096665045,4051.942601349345,57.369293262625085,17.95851595357707,5.211348800272397,8.376148412347781,36.03274430982172,41.498665211570525,9.102339826940264,33.941225583291185,102.97536808174804,25.433774021791656,82.82720982734585,17.4324866691559,102.95123259389752,54.10949282713058,62.94459092192456,32.32617045940706
0.0,500.0,27375082.617871884,6706.4762096665045,4051.942601349345,57.369293262625085,17.95851595357707,9.102339826940264,33.941225583291185,5.211348800272397,8.376148412347781,36.03274430982172,41.498665211570525,102.97536808174804,25.433774021791656,62.94459092192456,32.32617045940706,82.82720982734585,17.4324866691559,102.95123259389752,54.10949282713058
0.0,500.0,27375082.617871884,6706.4762096665045,4051.942601349345,57.369293262625085,17.95851595357707,9.102339826940264,33.941225583291185,36.03274430982172,41.498665211570525,5.211348800272397,8.376148412347781,102.97536808174804,25.433774021791656,62.94459092192456,32.32617045940706,102.95123259389752,54.10949282713058,82.82720982734585,17.4324866691559
0.0,500.0,27375082.617871884,6706.4762096665045,4051.942601349345,57.369293262625085,17.95851595357707,36.03274430982172,41.498665211570525,5.211348800272397,8.376148412347781,9.102339826940264,33.941225583291185,102.97536808174804,25.433774021791656,102.95123259389752,54.10949282713058,82.82720982734585,17.4324866691559,62.94459092192456,32.32617045940706
0.0,500.0,27375082.617871884,6706.4762096665045,4051.942601349345,57.369293262625085,17.95851595357707,36.03274430982172,41.498665211570525,9.102339826940264,33.941225583291185,5.211348800272397,8.376148412347781,102.97536808174804,25.433774021791656,102.95123259389752,54.10949282713058,62.94459092192456,32.32617045940706,82.82720982734585,17.4324866691559
0.0,500.0,27375082.617871884,6706.4762096665045,4051.942601349345,9.102339826940264,33.941225583291185,5.211348800272397,8.376148412347781,57.369293262625085,17.95851595357707,36.03274430982172,41.498665211570525,62.94459092192456,32.32617045940706,82.82720982734585,17.4324866691559,102.97536808174804,25.433774021791656,102.95123259389752,54.10949282713058
0.0,500.0,27375082.617871884,6706.4762096665045,4051.942601349345,9.102339826940264,33.941225583291185,5.211348800272397,8.376148412347781,36.03274430982172,41.498665211570525,57.369293262625085,17.95851595357707,62.94459092192456,32.32617045940706,82.82720982734585,17.4324866691559,102.95123259389752,54.10949282713058,102.97536808174804,25.433774021791656
0.0,500.0,27375082.617871884,6706.4762096665045,4051.942601349345,9.102339826940264,33.941225583291185,57.369293262625085,17.95851595357707,5.211348800272397,8.376148412347781,36.03274430982172,41.498665211570525,62.94459092192456,32.32617045940706,102.97536808174804,25.433774021791656,82.82720982734585,17.4324866691559,102.95123259389752,54.10949282713058
0.0,500.0,27375082.617871884,6706.4762096665045,4051.942601349345,9.102339826940264,33.941225583291185,57.369293262625085,17.95851595357707,36.03274430982172,41.498665211570525,5.211348800272397,8.376148412347781,62.94459092192456,32.32617045940706,102.97536808174804,25.433774021791656,102.95123259389752,54.10949282713058,82.82720982734585,17.4324866691559
0.0,500.0,27375082.617871884,6706.4762096665045,4051.942601349345,9.102339826940264,33.941225583291185,36.03274430982172,41.498665211570525,5.211348800272397,8.376148412347781,57.369293262625085,17.95851595357707,62.94459092192456,32.32617045940706,102.95123259389752,54.10949282713058,82.82720982734585,17.4324866691559,102.97536808174804,25.433774021791656
0.0,500.0,27375082.617871884,6706.4762096665045,4051.942601349345,9.102339826940264,33.941225583291185,36.03274430982172,41.498665211570525,57.369293262625085,17.95851595357707,5.211348800272397,8.376148412347781,62.94459092192456,32.32617045940706,102.95123259389752,54.10949282713058,102.97536808174804,25.433774021791656,82.82720982734585,17.4324866691559
0.0,500.0,27375082.617871884,6706.4762096665045,4051.942601349345,36.03274430982172,41.498665211570525,5.211348800272397,8.376148412347781,57.369293262625085,17.95851595357707,9.102339826940264,33.941225583291185,102.95123259389752,54.10949282713058,82.82720982734585,17.4324866691559,102.97536808174804,25.433774021791656,62.94459092192456,32.32617045940706
0.0,500.0,27375082.617871884,6706.4762096665045,4051.942601349345,36.03274430982172,41.498665211570525,5.211348800272397,8.376148412347781,9.102339826940264,33.941225583291185,57.369293262625085,17.95851595357707,102.95123259389752,54.10949282713058,82.82720982734585,17.4324866691559,62.94459092192456,32.32617045940706,102.97536808174804,25.433774021791656
0.0,500.0,27375082.617871884,6706.4762096665045,4051.942601349345,36.03274430982172,41.498665211570525,57.369293262625085,17.95851595357707,5.211348800272397,8.376148412347781,9.102339826940264,33.941225583291185,102.95123259389752,54.10949282713058,102.97536808174804,25.433774021791656,82.82720982734585,17.4324866691559,62.94459092192456,32.32617045940706
0.0,500.0,27375082.617871884,6706.4762096665045,4051.942601349345,36.03274430982172,41.498665211570525,57.369293262625085,17.95851595357707,9.102339826940264,33.941225583291185,5.211348800272397,8.376148412347781,102.95123259389752,54.10949282713058,102.97536808174804,25.433774021791656,62.94459092192456,32.32617045940706,82.82720982734585,17.4324866691559
0.0,500.0,27375082.617871884,6706.4762096665045,4051.942601349345,36.03274430982172,41.498665211570525,9.102339826940264,33.941225583291185,5.211348800272397,8.376148412347781,57.369293262625085,17.95851595357707,102.95123259389752,54.10949282713058,62.94459092192456,32.32617045940706,82.82720982734585,17.4324866691559,102.97536808174804,25.433774021791656
0.0,500.0,27375082.617871884,6706.4762096665045,4051.942601349345,36.03274430982172,41.498665211570525,9.102339826940264,33.941225583291185,57.369293262625085,17.95851595357707,5.211348800272397,8.376148412347781,102.95123259389752,54.10949282713058,62.94459092192456,32.32617045940706,102.97536808174804,25.433774021791656,82.82720982734585,17.4324866691559
0.0,500.0,15072393.224567888,5669.2428396998175,2299.060336190033,44.34573782095048,36.33570249394532,0.3037399981834165,56.947888135775045,59.54855169804455,1.5227202548656282,20.561475412279616,42.77581139119352,92.1057630943288,28.9913560786198,64.23494318756714,35.582431484549204,119.69993758015714,51.9829811006239,72.99513364500547,12.57595818563593
0.0,500.0,15072393.224567888,5669.2428396998175,2299.060336190033,44.34573782095048,36.33570249394532,20.561475412279616,42.77581139119352,0.3037399981834165,56.947888135775045,59.54855169804455,1.5227202548656282,92.1057630943288,28.9913560786198,72.99513364500547,12.57595818563593,64.23494318756714,35.582431484549204,119.69993758015714,51.9829811006239
0.0,500.0,15072393.224567888,5669.2428396998175,2299.060336190033,44.34573782095048,36.33570249394532,20.561475412279616,42.77581139119352,59.54855169804455,1.5227202548656282,0.3037399981834165,56.947888135775045,92.1057630943288,28.9913560786198,72.99513364500547,12.57595818563593,119.69993758015714,51.9829811006239,64.23494318756714,35.582431484549204
0.0,500.0,15072393.224567888,5669.2428396998175,2299.060336190033,44.34573782095048,36.33570249394532,59.54855169804455,1.5227202548656282,0.3037399981834165,56.947888135775045,20.561475412279616,42.77581139119352,92.1057630943288,28.9913560786198,119.69993758015714,51.9829811006239,64.23494318756714,35.582431484549204,72.99513364500547,12.57595818563593
0.0,500.0,15072393.224567888,5669.2428396998175,2299.060336190033,44.34573782095048,36.33570249394532,59.54855169804455,1.5227202548656282,20.561475412279616,42.77581139119352,0.3037399981834165,56.947888135775045,92.1057630943288,28.9913560786198,119.69993758015714,51.9829811006239,72.99513364500547,12.57595818563593,64.23494318756714,35.582431484549204
0.0,500.0,15072393.224567888,5669.2428396998175,2299.060336190033,0.3037399981834165,56.947888135775045,44.34573782095048,36.33570249394532,20.561475412279616,42.77581139119352,59.54855169804455,1.5227202548656282,64.23494318756714,35.582431484549204,92.1057630943288,28.9913560786198,72.99513364500547,12.57595818563593,119.69993758015714,51.9829811006239
0.0,500.0,15072393.224567888,5669.2428396998175,2299.060336190033,0.3037399981834165,56.947888135775045,44.34573782095048,36.33570249394532,59.54855169804455,1.5227202548656282,20.561475412279616,42.77581139119352,64.23494318756714,35.582431484549204,92.1057630943288,28.9913560786198,119.69993758015714,51.9829811006239,72.99513364500547,12.57595818563593
0.0,500.0,15072393.224567888,5669.2428396998175,2299.060336190033,0.3037399981834165,56.947888135775045,20.561475412279616,42.77581139119352,44.34573782095048,36.33570249394532,59.54855169804455,1.5227202548656282,64.23494318756714,35.582431484549204,72.99513364500547,12.57595818563593,92.1057630943288,28.9913560786198,119.69993758015714,51.9829811006239
0.0,500.0,15072393.224567888,5669.2428396998175,2299.060336190033,0.3037399981834165,56.947888135775045,20.561475412279616,42.77581139119352,59.54855169804455,1.5227202548656282,44.34573782095048,36.33570249394532,64.23494318756714,35.582431484549204,72.99513364500547,12.57595818563593,119.69993758015714,51.9829811006239,92.1057630943288,28.9913560786198
0.0,500.0,15072393.224567888,5669.2428396998175,2299.060336190033,0.3037399981834165,56.947888135775045,59.54855169804455,1.5227202548656282,44.34573782095048,36.33570249394532,20.561475412279616,42.77581139119352,64.23494318756714,35.582431484549204,119.69993758015714,51.9829811006239,92.1057630943288,28.9913560786198,72.99513364500547,12.57595818563593
0.0,500.0,15072393.224567888,5669.2428396998175,2299.060336190033,0.3037399981834165,56.947888135775045,59.54855169804455,1.5227202548656282,20.561475412279616,42.77581139119352,44.34573782095048,36.33570249394532,64.23494318756714,35.582431484549204,119.69993758015714,51.9829811006239,72.99513364500547,12.57595818563593,92.1057630943288,28.9913560786198
0.0,500.0,15072393.224567888,5669.2428396998175,2299.060336190033,20.561475412279616,42.77581139119352,44.34573782095048,36.33570249394532,0.3037399981834165,56.947888135775045,59.54855169804455,1.5227202548656282,72.99513364500547,12.57595818563593,92.1057630943288,28.9913560786198,64.23494318756714,35.582431484549204,119.69993758015714,51.9829811006239
0.0,500.0,15072393.224567888,5669.2428396998175,2299.060336190033,20.561475412279616,42.77581139119352,44.34573782095048,36.33570249394532,59.54855169804455,1.5227202548656282,0.3037399981834165,56.947888135775045,72.99513364500547,12.57595818563593,92.1057630943288,28.9913560786198,119.69993758015714,51.9829811006239,64.23494318756714,35.582431484549204
0.0,500.0,15072393.224567888,5669.2428396998175,2299.060336190033,20.561475412279616,42.77581139119352,0.3037399981834165,56.947888135775045,44.34573782095048,36.33570249394532,59.54855169804455,1.5227202548656282,72.99513364500547,12.57595818563593,64.23494318756714,35.582431484549204,92.1057630943288,28.9913560786198,119.69993758015714,51.9829811006239
0.0,500.0,15072393.224567888,5669.2428396998175,2299.060336190033,20.561475412279616,42.77581139119352,0.3037399981834165,56.947888135775045,59.54855169804455,1.5227202548656282,44.34573782095048,36.33570249394532,72.99513364500547,12.57595818563593,64.23494318756714,35.582431484549204,119.69993758015714,51.9829811006239,92.1057630943288,28.9913560786198
0.0,500.0,15072393.224567888,5669.2428396998175,2299.060336190033,20.561475412279616,42.77581139119352,59.54855169804455,1.5227202548656282,44.34573782095048,36.33570249394532,0.3037399981834165,56.947888135775045,72.99513364500547,12.57595818563593,119.69993758015714,51.9829811006239,92.1057630943288,28.9913560786198,64.23494318756714,35.582431484549204
0.0,500.0,15072393.224567888,5669.2428396998175,2299.060336190033,20.561475412279616,42.77581139119352,59.54855169804455,1.5227202548656282,0.3037399981834165,56.947888135775045,44.34573782095048,36.33570249394532,72.99513364500547,12.57595818563593,119.69993758015714,51.9829811006239,64.23494318756714,35.582431484549204,92.1057630943288,28.9913560786198
0.0,500.0,15072393.224567888,5669.2428396998175,2299.060336190033,59.54855169804455,1.5227202548656282,44.34573782095048,36.33570249394532,0.3037399981834165,56.947888135775045,20.561475412279616,42.77581139119352,119.69993758015714,51.9829811006239,92.1057630943288,28.9913560786198,64.23494318756714,35.582431484549204,72.99513364500547,12.57595818563593
0.0,500.0,15072393.224567888,5669.2428396998175,2299.060336190033,59.54855169804455,1.5227202548656282,44.34573782095048,36.33570249394532,20.561475412279616,42.77581139119352,0.3037399981834165,56.947888135775045,119.69993758015714,51.9829811006239,92.1057630943288,28.9913560786198,72.99513364500547,12.57595818563593,64.23494318756714,35.582431484549204
0.0,500.0,15072393.224567888,5669.2428396998175,2299.060336190033,59.54855169804455,1.5227202548656282,0.3037399981834165,56.947888135775045,44.34573782095048,36.33570249394532,20.561475412279616,42.77581139119352,119.69993758015714,51.9829811006239,64.23494318756714,35.582431484549204,92.1057630943288,28.9913560786198,72.99513364500547,12.57595818563593
0.0,500.0,15072393.224567888,5669.2428396998175,2299.060336190033,59.54855169804455,1.5227202548656282,0.3037399981834165,56.947888135775045,20.561475412279616,42.77581139119352,44.34573782095048,36.33570249394532,119.69993758015714,51.9829811006239,64.23494318756714,35.582431484549204,72.99513364500547,12.57595818563593,92.1057630943288,28.9913560786198
0.0,500.0,15072393.224567888,5669.2428396998175,2299.060336190033,59.54855169804455,1.5227202548656282,20.561475412279616,42.77581139119352,44.34573782095048,36.33570249394532,0.3037399981834165,56.947888135775045,119.69993758015714,51.9829811006239,72.99513364500547,12.57595818563593,92.1057630943288,28.9913560786198,64.23494318756714,35.582431484549204
0.0,500.0,15072393.224567888,5669.2428396998175,2299.060336190033,59.54855169804455,1.5227202548656282,20.561475412279616,42.77581139119352,0.3037399981834165,56.947888135775045,44.34573782095048,36.33570249394532,119.69993758015714,51.9829811006239,72.99513364500547,12.57595818563593,64.23494318756714,35.582431484549204,92.1057630943288,28.9913560786198
13.333333333333334,500.0,21616965.196725704,6028.8227679270285,3187.744653143552,12.185706071055533,9.871360616351224,38.18921908201288,21.308982164732328,2.5780299027295883,43.858517242007046,58.72518985345108,37.79540027620673,86.31241401977266,10.3076765590901,83.61979239180621,43.574372761252455,65.40276496703981,18.585778760642043,112.08176312021996,5.502127723730915
13.333333333333334,500.0,21616965.196725704,6028.8227679270285,3187.744653143552,12.185706071055533,9.871360616351224,58.72518985345108,37.79540027620673,38.18921908201288,21.308982164732328,2.5780299027295883,43.858517242007046,86.31241401977266,10.3076765590901,112.08176312021996,5.502127723730915,83.61979239180621,43.574372761252455,65.40276496703981,18.585778760642043
13.333333333333334,500.0,21616965.196725704,6028.8227679270285,3187.744653143552,12.185706071055533,9.871360616351224,58.72518985345108,37.79540027620673,2.5780299027295883,43.858517242007046,38.18921908201288,21.308982164732328,86.31241401977266,10.3076765590901,112.08176312021996,5.502127723730915,65.40276496703981,18.585778760642043,83.61979239180621,43.574372761252455
13.333333333333334,500.0,21616965.196725704,6028.8227679270285,3187.744653143552,12.185706071055533,9.871360616351224,2.5780299027295883,43.858517242007046,38.18921908201288,21.308982164732328,58.72518985345108,37.79540027620673,86.31241401977266,10.3076765590901,65.40276496703981,18.585778760642043,83.61979239180621,43.574372761252455,112.08176312021996,5.502127723730915
13.333333333333334,500.0,21616965.196725704,6028.8227679270285,3187.744653143552,12.185706071055533,9.871360616351224,2.5780299027295883,43.858517242007046,58.72518985345108,37.79540027620673,38.18921908201288,21.308982164732328,86.31241401977266,10.3076765590901,65.40276496703981,18.585778760642043,112.08176312021996,5.502127723730915,83.61979239180621,43.574372761252455
13.333333333333334,500.0,21616965.196725704,6028.8227679270285,3187.744653143552,38.18921908201288,21.308982164732328,12.185706071055533,9.871360616351224,58.72518985345108,37.79540027620673,2.5780299027295883,43.858517242007046,83.61979239180621,43.574372761252455,86.31241401977266,10.3076765590901,112.08176312021996,5.502127723730915,65.40276496703981,18.585778760642043
13.333333333333334,500.0,21616965.196725704,6028.8227679270285,3187.744653143552,38.18921908201288,21.308982164732328,12.185706071055533,9.871360616351224,2.5780299027295883,43.858517242007046,58.72518985345108,37.79540027620673,83.61979239180621,43.574372761252455,86.31241401977266,10.3076765590901,65.40276496703981,18.585778760642043,112.08176312021996,5.502127723730915
13.333333333333334,500.0,21616965.196725704,6028.8227679270285,3187.744653143552,38.18921908201288,21.308982164732328,58.72518985345108,37.79540027620673,12.185706071055533,9.871360616351224,2.5780299027295883,43.858517242007046,83.61979239180621,43.574372761252455,112.08176312021996,5.502127723730915,86.31241401977266,10.3076765590901,65.40276496703981,18.585778760642043
13.333333333333334,500.0,21616965.196725704,6028.8227679270285,3187.744653143552,38.18921908201288,21.308982164732328,58.72518985345108,37.79540027620673,2.5780299027295883,43.858517242007046,12.185706071055533,9.871360616351224,83.61979239180621,43.574372761252455,112.08176312021996,5.502127723730915,65.40276496703981,18.585778760642043,86.31241401977266,10.3076765590901
13.333333333333334,500.0,21616965.196725704,6028.8227679270285,3187.744653143552,38.18921908201288,21.308982164732328,2.5780299027295883,43.858517242007046,12.185706071055533,9.871360616351224,58.72518985345108,37.79540027620673,83.61979239180621,43.574372761252455,65.40276496703981,18.585778760642043,86.31241401977266,10.3076765590901,112.08176312021996,5.502127723730915
13.333333333333334,500.0,21616965.196725704,6028.8227679270285,3187.744653143552,38.18921908201288,21.308982164732328,2.5780299027295883,43.858517242007046,58.72518985345108,37.79540027620673,12.185706071055533,9.871360616351224,83.61979239180621,43.574372761252455,65.40276496703981,18.585778760642043,112.08176312021996,5.502127723730915,86.31241401977266,10.3076765590901
13.333333333333334,500.0,21616965.196725704,6028.8227679270285,3187.744653143552,58.72518985345108,37.79540027620673,12.185706071055533,9.871360616351224,38.18921908201288,21.308982164732328,2.5780299027295883,43.858517242007046,112.08176312021996,5.502127723730915,86.31241401977266,10.3076765590901,83.61979239180621,43.574372761252455,65.40276496703981,18.585778760642043
13.333333333333334,500.0,21616965.196725704,6028.8227679270285,3187.744653143552,58.72518985345108,37.79540027620673,12.185706071055533,9.871360616351224,2.5780299027295883,43.858517242007046,38.18921908201288,21.308982164732328,112.08176312021996,5.502127723730915,86.31241401977266,10.3076765590901,65.40276496703981,18.585778760642043,83.61979239180621,43.574372761252455
13.333333333333334,500.0,21616965.196725704,6028.8227679270285,3187.744653143552,58.72518985345108,37.79540027620673,38.18921908201288,21.308982164732328,12.185706071055533,9.871360616351224,2.5780299027295883,43.858517242007046,112.08176312021996,5.502127723730915,83.61979239180621,43.574372761252455,86.31241401977266,10.3076765590901,65.40276496703981,18.585778760642043
13.333333333333334,500.0,21616965.196725704,6028.8227679270285,3187.744653143552,58.72518985345108,37.79540027620673,38.18921908201288,21.308982164732328,2.5780299027295883,43.858517242007046,12.185706071055533,9.871360616351224,112.08176312021996,5.502127723730915,83.61979239180621,43.574372761252455,65.40276496703981,18.585778760642043,86.31241401977266,10.3076765590901
13.333333333333334,500.0,21616965.196725704,6028.8227679270285,3187.744653143552,58.72518985345108,37.79540027620673,2.5780299027295883,43.858517242007046,12.185706071055533,9.871360616351224,38.18921908201288,21.308982164732328,112.08176312021996,5.502127723730915,65.40276496703981,18.585778760642043,86.31241401977266,10.3076765590901,83.61979239180621,43.574372761252455
13.333333333333334,500.0,21616965.196725704,6028.8227679270285,3187.744653143552,58.72518985345108,37.79540027620673,2.5780299027295883,43.858517242007046,38.18921908201288,21.308982164732328,12.185706071055533,9.871360616351224,112.08176312021996,5.502127723730915,65.40276496703981,18.585778760642043,83.61979239180621,43.574372761252455,86.31241401977266,10.3076765590901
13.333333333333334,500.0,21616965.196725704,6028.8227679270285,3187.744653143552,2.5780299027295883,43.858517242007046,12.185706071055533,9.871360616351224,38.18921908201288,21.308982164732328,58.72518985345108,37.79540027620673,65.40276496703981,18.585778760642043,86.31241401977266,10.3076765590901,83.61979239180621,43.574372761252455,112.08176312021996,5.502127723730915
13.333333333333334,500.0,21616965.196725704,6028.8227679270285,3187.744653143552,2.5780299027295883,43.858517242007046,12.185706071055533,9.871360616351224,58.72518985345108,37.79540027620673,38.18921908201288,21.308982164732328,65.40276496703981,18.585778760642043,86.31241401977266,10.3076765590901,112.08176312021996,5.502127723730915,83.61979239180621,43.574372761252455
13.333333333333334,500.0,21616965.196725704,6028.8227679270285,3187.744653143552,2.5780299027295883,43.858517242007046,38.18921908201288,21.308982164732328,12.185706071055533,9.871360616351224,58.72518985345108,37.79540027620673,65.40276496703981,18.585778760642043,83.61979239180621,43.574372761252455,86.31241401977266,10.3076765590901,112.08176312021996,5.502127723730915
13.333333333333334,500.0,21616965.196725704,6028.8227679270285,3187.744653143552,2.5780299027295883,43.858517242007046,38.18921908201288,21.308982164732328,58.72518985345108,37.79540027620673,12.185706071055533,9.871360616351224,65.40276496703981,18.585778760642043,83.61979239180621,43.574372761252455,112.08176312021996,5.502127723730915,86.31241401977266,10.3076765590901
13.333333333333334,500.0,21616965.196725704,6028.8227679270285,3187.744653143552,2.5780299027295883,43.858517242007046,58.72518985345108,37.79540027620673,12.185706071055533,9.871360616351224,38.18921908201288,21.308982164732328,65.40276496703981,18.585778760642043,112.08176312021996,5.502127723730915,86.31241401977266,10.3076765590901,83.61979239180621,43.574372761252455
13.333333333333334,500.0,21616965.196725704,6028.8227679270285,3187.744653143552,2.5780299027295883,43.858517242007046,58.72518985345108,37.79540027620673,38.18921908201288,21.308982164732328,12.185706071055533,9.871360616351224,65.40276496703981,18.585778760642043,112.08176312021996,5.502127723730915,83.61979239180621,43.574372761252455,86.31241401977266,10.3076765590901
13.333333333333334,500.0,24924019.324784968,6941.892967863103,3401.309506468432,35.82627493799728,53.58846969708266,43.20819699126219,7.507231169927746,12.730123982247626,51.94818559507895,11.735130422584266,27.941518173983763,96.95781572157016,30.419338047121315,118.9818942855258,26.813660571263597,76.51316987929106,35.66100830801333,60.43297915289125,20.64460156145288
13.333333333333334,500.0,24924019.324784968,6941.892967863103,3401.309506468432,35.82627493799728,53.58846969708266,11.735130422584266,27.941518173983763,43.20819699126219,7.507231169927746,12.730123982247626,51.94818559507895,96.95781572157016,30.419338047121315,60.43297915289125,20.64460156145288,118.9818942855258,26.813660571263597,76.51316987929106,35.66100830801333
13.333333333333334,500.0,24924019.324784968,6941.892967863103,3401.309506468432,35.82627493799728,53.58846969708266,11.735130422584266,27.941518173983763,12.730123982247626,51.94818559507895,43.20819699126219,7.507231169927746,96.95781572157016,30.419338047121315,60.43297915289125,20.64460156145288,76.51316987929106,35.66100830801333,118.9818942855258,26.813660571263597
13.333333333333334,500.0,24924019.324784968,6941.892967863103,3401.309506468432,35.82627493799728,53.58846969708266,12.730123982247626,51.94818559507895,43.20819699126219,7.507231169927746,11.735130422584266,27.941518173983763,96.95781572157016,30.419338047121315,76.51316987929106,35.66100830801333,118.9818942855258,26.813660571263597,60.43297915289125,20.64460156145288
13.333333333333334,500.0,24924019.324784968,6941.892967863103,3401.309506468432,35.82627493799728,53.58846969708266,12.730123982247626,51.94818559507895,11.735130422584266,27.941518173983763,43.20819699126219,7.507231169927746,96.95781572157016,30.419338047121315,76.51316987929106,35.66100830801333,60.43297915289125,20.64460156145288,118.9818942855258,26.813660571263597
13.333333333333334,500.0,24924019.324784968,6941.892967863103,3401.309506468432,43.20819699126219,7.507231169927746,35.82627493799728,53.58846969708266,11.735130422584266,27.941518173983763,12.730123982247626,51.94818559507895,118.9818942855258,26.813660571263597,96.95781572157016,30.419338047121315,60.43297915289125,20.64460156145288,76.51316987929106,35.66100830801333
13.333333333333334,500.0,24924019.324784968,6941.892967863103,3401.309506468432,43.20819699126219,7.507231169927746,35.82627493799728,53.58846969708266,12.730123982247626,51.94818559507895,11.735130422584266,27.941518173983763,118.9818942855258,26.813660571263597,96.95781572157016,30.419338047121315,76.51316987929106,35.66100830801333,60.43297915289125,20.64460156145288
13.333333333333334,500.0,24924019.324784968,6941.892967863103,3401.309506468432,43.20819699126219,7.507231169927746,11.735130422584266,27.941518173983763,35.82627493799728,53.58846969708266,12.730123982247626,51.94818559507895,118.9818942855258,26.813660571263597,60.43297915289125,20.64460156145288,96.95781572157016,30.419338047121315,76.51316987929106,35.66100830801333
13.333333333333334,500.0,24924019.324784968,6941.892967863103,3401.309506468432,43.20819699126219,7.507231169927746,11.735130422584266,27.941518173983763,12.730123982247626,51.94818559507895,35.82627493799728,53.58846969708266,118.9818942855258,26.813660571263597,60.43297915289125,20.64460156145288,76.51316987929106,35.66100830801333,96.95781572157016,30.419338047121315
13.333333333333334,500.0,24924019.324784968,6941.892967863103,3401.309506468432,43.20819699126219,7.507231169927746,12.730123982247626,51.94818559507895,35.82627493799728,53.58846969708266,11.735130422584266,27.941518173983763,118.9818942855258,26.813660571263597,76.51316987929106,35.66100830801333,96.95781572157016,30.419338047121315,60.43297915289125,20.64460156145288
13.333333333333334,500.0,24924019.324784968,6941.892967863103,3401.309506468432,43.20819699126219,7.507231169927746,12.730123982247626,51.94818559507895,11.735130422584266,27.941518173983763,35.82627493799728,53.58846969708266,118.9818942855258,26.813660571263597,76.51316987929106,35.66100830801333,60.43297915289125,20.64460156145288,96.95781572157016,30.419338047121315
13.333333333333334,500.0,24924019.324784968,6941.892967863103,3401.309506468432,11.735130422584266,27.941518173983763,35.82627493799728,53.58846969708266,43.20819699126219,7.507231169927746,12.730123982247626,51.94818559507895,60.43297915289125,20.64460156145288,96.95781572157016,30.419338047121315,118.9818942855258,26.813660571263597,76.51316987929106,35.66100830801333
13.333333333333334,500.0,24924019.324784968,6941.892967863103,3401.309506468432,11.735130422584266,27.941518173983763,35.82627493799728,53.58846969708266,12.730123982247626,51.94818559507895,43.20819699126219,7.507231169927746,60.43297915289125,20.64460156145288,96.95781572157016,30.419338047121315,76.51316987929106,35.66100830801333,118.9818942855258,26.813660571263597
13.333333333333334,500.0,24924019.324784968,6941.892967863103,3401.309506468432,11.735130422584266,27.941518173983763,43.20819699126219,7.507231169927746,35.82627493799728,53.58846969708266,12.730123982247626,51.94818559507895,60.43297915289125,20.64460156145288,118.9818942855258,26.813660571263597,96.95781572157016,30.419338047121315,76.51316987929106,35.66100830801333
13.333333333333334,500.0,24924019.324784968,6941.892967863103,3401.309506468432,11.735130422584266,27.941518173983763,43.20819699126219,7.507231169927746,12.730123982247626,51.94818559507895,35.82627493799728,53.58846969708266,60.43297915289125,20.64460156145288,118.9818942855258,26.813660571263597,76.51316987929106,35.66100830801333,96.95781572157016,30.419338047121315
13.333333333333334,500.0,24924019.324784968,6941.892967863103,3401.309506468432,11.735130422584266,27.941518173983763,12.730123982247626,51.94818559507895,35.82627493799728,53.58846969708266,43.20819699126219,7.507231169927746,60.43297915289125,20.64460156145288,76.51316987929106,35.66100830801333,96.95781572157016,30.419338047121315,118.9818942855258,26.813660571263597
13.333333333333334,500.0,24924019.324784968,6941.892967863103,3401.309506468432,11.735130422584266,27.941518173983763,12.730123982247626,51.94818559507895,43.20819699126219,7.507231169927746,35.82627493799728,53.58846969708266,60.43297915289125,20.64460156145288,76.51316987929106,35.66100830801333,118.9818942855258,26.813660571263597,96.95781572157016,30.419338047121315
13.333333333333334,500.0,24924019.324784968,6941.892967863103,3401.309506468432,12.730123982247626,51.94818559507895,35.82627493799728,53.58846969708266,43.20819699126219,7.507231169927746,11.735130422584266,27.941518173983763,76.51316987929106,35.66100830801333,96.95781572157016,30.419338047121315,118.9818942855258,26.813660571263597,60.43297915289125,20.64460156145288
13.333333333333334,500.0,24924019.324784968,6941.892967863103,3401.309506468432,12.730123982247626,51.94818559507895,35.82627493799728,53.58846969708266,11.735130422584266,27.941518173983763,43.20819699126219,7.507231169927746,76.51316987929106,35.66100830801333,96.95781572157016,30.419338047121315,60.43297915289125,20.64460156145288,118.9818942855258,26.813660571263597
13.333333333333334,500.0,24924019.324784968,6941.892967863103,3401.309506468432,12.730123982247626,51.94818559507895,43.20819699126219,7.507231169927746,35.82627493799728,53.58846969708266,11.735130422584266,27.941518173983763,76.51316987929106,35.66100830801333,118.9818942855258,26.813660571263597,96.95781572157016,30.419338047121315,60.43297915289125,20.64460156145288
13.333333333333334,500.0,24924019.324784968,6941.892967863103,3401.309506468432,12.730123982247626,51.94818559507895,43.20819699126219,7.507231169927746,11.735130422584266,27.941518173983763,35.82627493799728,53.58846969708266,76.51316987929106,35.66100830801333,118.9818942855258,26.813660571263597,60.43297915289125,20.64460156145288,96.95781572157016,30.419338047121315
13.333333333333334,500.0,24924019.324784968,6941.892967863103,3401.309506468432,12.730123982247626,51.94818559507895,11.735130422584266,27.941518173983763,35.82627493799728,53.58846969708266,43.20819699126219,7.507231169927746,76.51316987929106,35.66100830801333,60.43297915289125,20.64460156145288,96.95781572157016,30.419338047121315,118.9818942855258,26.813660571263597
13.333333333333334,500.0,24924019.324784968,6941.892967863103,3401.309506468432,12.730123982247626,51.94818559507895,11.735130422584266,27.941518173983763,43.20819699126219,7.507231169927746,35.82627493799728,53.58846969708266,76.51316987929106,35.66100830801333,60.43297915289125,20.64460156145288,118.9818942855258,26.813660571263597,96.95781572157016,30.419338047121315
13.333333333333334,500.0,16238936.906457366,6922.085260346543,2263.396525747254,54.54792674276843,52.36671813014358,26.083593019704068,55.73514920181355,53.37758006349498,9.829793063811872,7.387638858235346,41.06335839119891,108.83805591944416,30.73902917610589,88.61169739905012,34.30213633848774,71.17913707198437,21.061727100010398,61.38992456228244,40.84515284418649
13.333333333333334,500.0,16238936.906457366,6922.085260346543,2263.396525747254,54.54792674276843,52.36671813014358,7.387638858235346,41.06335839119891,26.083593019704068,55.73514920181355,53.37758006349498,9.829793063811872,108.83805591944416,30.73902917610589,61.38992456228244,40.84515284418649,88.61169739905012,34.30213633848774,71.17913707198437,21.061727100010398
13.333333333333334,500.0,16238936.906457366,6922.085260346543,2263.396525747254,54.54792674276843,52.36671813014358,7.387638858235346,41.06335839119891,53.37758006349498,9.829793063811872,26.083593019704068,55.73514920181355,108.83805591944416,30.73902917610589,61.38992456228244,40.84515284418649,71.17913707198437,21.061727100010398,88.61169739905012,34.30213633848774
13.333333333333334,500.0,16238936.906457366,6922.085260346543,2263.396525747254,54.54792674276843,52.36671813014358,53.37758006349498,9.829793063811872,26.083593019704068,55.73514920181355,7.387638858235346,41.06335839119891,108.83805591944416,30.73902917610589,71.17913707198437,21.061727100010398,88.61169739905012,34.30213633848774,61.38992456228244,40.84515284418649
13.333333333333334,500.0,16238936.906457366,6922.085260346543,2263.396525747254,54.54792674276843,52.36671813014358,53.37758006349498,9.829793063811872,7.387638858235346,41.06335839119891,26.083593019704068,55.73514920181355,108.83805591944416,30.73902917610589,71.17913707198437,21.061727100010398,61.38992456228244,40.84515284418649,88.61169739905012,34.30213633848774
13.333333333333334,500.0,16238936.906457366,6922.085260346543,2263.396525747254,26.083593019704068,55.73514920181355,54.54792674276843,52.36671813014358,7.387638858235346,41.06335839119891,53.37758006349498,9.829793063811872,88.61169739905012,34.30213633848774,108.83805591944416,30.73902917610589,61.38992456228244,40.84515284418649,71.17913707198437,21.061727100010398
13.333333333333334,500.0,16238936.906457366,6922.085260346543,2263.396525747254,26.083593019704068,55.73514920181355,54.54792674276843,52.36671813014358,53.37758006349498,9.829793063811872,7.387638858235346,41.06335839119891,88.61169739905012,34.30213633848774,108.83805591944416,30.73902917610589,71.17913707198437,21.061727100010398,61.38992456228244,40.84515284418649
13.333333333333334,500.0,16238936.906457366,6922.085260346543,2263.396525747254,26.083593019704068,55.73514920181355,7.387638858235346,41.06335839119891,54.54792674276843,52.36671813014358,53.37758006349498,9.829793063811872,88.61169739905012,34.30213633848774,61.38992456228244,40.84515284418649,108.83805591944416,30.73902917610589,71.17913707198437,21.061727100010398
13.333333333333334,500.0,16238936.906457366,6922.085260346543,2263.396525747254,26.083593019704068,55.73514920181355,7.387638858235346,41.06335839119891,53.37758006349498,9.829793063811872,54.54792674276843,52.36671813014358,88.61169739905012,34.30213633848774,61.38992456228244,40.84515284418649,71.17913707198437,21.061727100010398,108.83805591944416,30.73902917610589
13.333333333333334,500.0,16238936.906457366,6922.085260346543,2263.396525747254,26.083593019704068,55.73514920181355,53.37758006349498,9.829793063811872,54.54792674276843,52.36671813014358,7.387638858235346,41.06335839119891,88.61169739905012,34.30213633848774,71.17913707198437,21.061727100010398,108.83805591944416,30.73902917610589,61.38992456228244,40.84515284418649
13.333333333333334,500.0,16238936.906457366,6922.085260346543,2263.396525747254,26.083593019704068,55.73514920181355,53.37758006349498,9.829793063811872,7.387638858235346,41.06335839119891,54.54792674276843,52.36671813014358,88.61169739905012,34.30213633848774,71.17913707198437,21.061727100010398,61.38992456228244,40.84515284418649,108.83805591944416,30.73902917610589
13.333333333333334,500.0,16238936.906457366,6922.085260346543,2263.396525747254,7.387638858235346,41.06335839119891,54.54792674276843,52.36671813014358,26.083593019704068,55.73514920181355,53.37758006349498,9.829793063811872,61.38992456228244,40.84515284418649,108.83805591944416,30.73902917610589,88.61169739905012,34.30213633848774,71.17913707198437,21.061727100010398
13.333333333333334,500.0,16238936.906457366,6922.085260346543,2263.396525747254,7.387638858235346,41.06335839119891,54.54792674276843,52.36671813014358,53.37758006349498,9.829793063811872,26.083593019704068,55.73514920181355,61.38992456228244,40.84515284418649,108.83805591944416,30.73902917610589,71.17913707198437,21.061727100010398,88.61169739905012,34.30213633848774
13.333333333333334,500.0,16238936.906457366,6922.085260346543,2263.396525747254,7.387638858235346,41.06335839119891,26.083593019704068,55.73514920181355,54.54792674276843,52.36671813014358,53.37758006349498,9.829793063811872,61.38992456228244,40.84515284418649,88.61169739905012,34.30213633848774,108.83805591944416,30.73902917610589,71.17913707198437,21.061727100010398
13.333333333333334,500.0,16238936.906457366,6922.085260346543,2263.396525747254,7.387638858235346,41.06335839119891,26.083593019704068,55.73514920181355,53.37758006349498,9.829793063811872,54.54792674276843,52.36671813014358,61.38992456228244,40.84515284418649,88.61169739905012,34.30213633848774,71.17913707198437,21.061727100010398,108.83805591944416,30.73902917610589
13.333333333333334,500.0,16238936.906457366,6922.085260346543,2263.396525747254,7.387638858235346,41.06335839119891,53.37758006349498,9.829793063811872,54.54792674276843,52.36671813014358,26.083593019704068,55.73514920181355,61.38992456228244,40.84515284418649,71.17913707198437,21.061727100010398,108.83805591944416,30.73902917610589,88.61169739905012,34.30213633848774
13.333333333333334,500.0,16238936.906457366,6922.085260346543,2263.396525747254,7.387638858235346,41.06335839119891,53.37758006349498,9.829793063811872,26.083593019704068,55.73514920181355,54.54792674276843,52.36671813014358,61.38992456228244,40.84515284418649,71.17913707198437,21.061727100010398,88.61169739905012,34.30213633848774,108.83805591944416,30.73902917610589
13.333333333333334,500.0,16238936.906457366,6922.085260346543,2263.396525747254,53.37758006349498,9.829793063811872,54.54792674276843,52.36671813014358,26.083593019704068,55.73514920181355,7.387638858235346,41.06335839119891,71.17913707198437,21.061727100010398,108.83805591944416,30.73902917610589,88.61169739905012,34.30213633848774,61.38992456228244,40.84515284418649
13.333333333333334,500.0,16238936.906457366,6922.085260346543,2263.396525747254,53.37758006349498,9.829793063811872,54.54792674276843,52.36671813014358,7.387638858235346,41.06335839119891,26.083593019704068,55.73514920181355,71.17913707198437,21.061727100010398,108.83805591944416,30.73902917610589,61.38992456228244,40.84515284418649,88.61169739905012,34.30213633848774
13.333333333333334,500.0,16238936.906457366,6922.085260346543,2263.396525747254,53.37758006349498,9.829793063811872,26.083593019704068,55.73514920181355,54.54792674276843,52.36671813014358,7.387638858235346,41.06335839119891,71.17913707198437,21.061727100010398,88.61169739905012,34.30213633848774,108.83805591944416,30.73902917610589,61.38992456228244,40.84515284418649
13.333333333333334,500.0,16238936.906457366,6922.085260346543,2263.396525747254,53.37758006349498,9.829793063811872,26.083593019704068,55.73514920181355,7.387638858235346,41.06335839119891,54.54792674276843,52.36671813014358,71.17913707198437,21.061727100010398,88.61169739905012,34.30213633848774,61.38992456228244,40.84515284418649,108.83805591944416,30.73902917610589
13.333333333333334,500.0,16238936.906457366,6922.085260346543,2263.396525747254,53.37758006349498,9.829793063811872,7.387638858235346,41.06335839119891,54.54792674276843,52.36671813014358,26.083593019704068,55.73514920181355,71.17913707198437,21.061727100010398,61.38992456228244,40.84515284418649,108.83805591944416,30.73902917610589,88.61169739905012,34.30213633848774
13.333333333333334,500.0,16238936.906457366,6922.085260346543,2263.396525747254,53.37758006349498,9.829793063811872,7.387638858235346,41.06335839119891,26.083593019704068,55.73514920181355,54.54792674276843,52.36671813014358,71.17913707198437,21.061727100010398,61.38992456228244,40.84515284418649,88.61169739905012,34.30213633848774,108.83805591944416,30.73902917610589
13.333333333333334,500.0,15674564.468095308,5357.09924293821,2719.6901236387525,56.55109035401546,42.16580384118928,1.3107137636651212,1.4520721328146746,25.28609564503224,25.513188285786125,28.47421354476287,46.709608125055446,109.24091398839144,27.390027959188977,83.19192319088629,17.185817104755483,64.17864782843937,34.81356319203186,95.9920192089338,49.925512073350845
13.333333333333334,500.0,15674564.468095308,5357.09924293821,2719.6901236387525,56.55109035401546,42.16580384118928,28.47421354476287,46.709608125055446,1.3107137636651212,1.4520721328146746,25.28609564503224,25.513188285786125,109.24091398839144,27.390027959188977,95.9920192089338,49.925512073350845,83.19192319088629,17.185817104755483,64.17864782843937,34.81356319203186
13.333333333333334,500.0,15674564.468095308,5357.09924293821,2719.6901236387525,56.55109035401546,42.16580384118928,28.47421354476287,46.709608125055446,25.28609564503224,25.513188285786125,1.3107137636651212,1.4520721328146746,109.24091398839144,27.390027959188977,95.9920192089338,49.925512073350845,64.17864782843937,34.81356319203186,83.19192319088629,17.185817104755483
13.333333333333334,500.0,15674564.468095308,5357.09924293821,2719.6901236387525,56.55109035401546,42.16580384118928,25.28609564503224,25.513188285786125,1.3107137636651212,1.4520721328146746,28.47421354476287,46.709608125055446,109.24091398839144,27.390027959188977,64.17864782843937,34.81356319203186,83.19192319088629,17.185817104755483,95.9920192089338,49.925512073350845
13.333333333333334,500.0,15674564.468095308,5357.09924293821,2719.6901236387525,56.55109035401546,42.16580384118928,25.28609564503224,25.513188285786125,28.47421354476287,46.709608125055446,1.3107137636651212,1.4520721328146746,109.24091398839144,27.390027959188977,64.17864782843937,34.81356319203186,95.9920192089338,49.925512073350845,83.19192319088629,17.185817104755483
13.333333333333334,500.0,15674564.468095308,5357.09924293821,2719.6901236387525,1.3107137636651212,1.4520721328146746,56.55109035401546,42.16580384118928,28.47421354476287,46.709608125055446,25.28609564503224,25.513188285786125,83.19192319088629,17.185817104755483,109.24091398839144,27.390027959188977,95.9920192089338,49.925512073350845,64.17864782843937,34.81356319203186
13.333333333333334,500.0,15674564.468095308,5357.09924293821,2719.6901236387525,1.3107137636651212,1.4520721328146746,56.55109035401546,42.16580384118928,25.28609564503224,25.513188285786125,28.47421354476287,46.709608125055446,83.19192319088629,17.185817104755483,109.24091398839144,27.390027959188977,64.17864782843937,34.81356319203186,95.9920192089338,49.925512073350845
13.333333333333334,500.0,15674564.468095308,5357.09924293821,2719.6901236387525,1.3107137636651212,1.4520721328146746,28.47421354476287,46.709608125055446,56.55109035401546,42.16580384118928,25.28609564503224,25.513188285786125,83.19192319088629,17.185817104755483,95.9920192089338,49.925512073350845,109.24091398839144,27.390027959188977,64.17864782843937,34.81356319203186
13.333333333333334,500.0,15674564.468095308,5357.09924293821,2719.6901236387525,1.3107137636651212,1.4520721328146746,28.47421354476287,46.709608125055446,25.28609564503224,25.513188285786125,56.55109035401546,42.16580384118928,83.19192319088629,17.185817104755483,95.9920192089338,49.925512073350845,64.17864782843937,34.81356319203186,109.24091398839144,27.390027959188977
13.333333333333334,500.0,15674564.468095308,5357.09924293821,2719.6901236387525,1.3107137636651212,1.4520721328146746,25.28609564503224,25.513188285786125,56.55109035401546,42.16580384118928,28.47421354476287,46.709608125055446,83.19192319088629,17.185817104755483,64.17864782843937,34.81356319203186,109.24091398839144,27.390027959188977,95.9920192089338,49.925512073350845
13.333333333333334,500.0,15674564.468095308,5357.09924293821,2719.6901236387525,1.3107137636651212,1.4520721328146746,25.28609564503224,25.513188285786125,28.47421354476287,46.709608125055446,56.55109035401546,42.16580384118928,83.19192319088629,17.185817104755483,64.17864782843937,34.81356319203186,95.9920192089338,49.925512073350845,109.24091398839144,27.390027959188977
13.333333333333334,500.0,15674564.468095308,5357.09924293821,2719.6901236387525,28.47421354476287,46.709608125055446,56.55109035401546,42.16580384118928,1.3107137636651212,1.4520721328146746,25.28609564503224,25.513188285786125,95.9920192089338,49.925512073350845,109.24091398839144,27.390027959188977,83.19192319088629,17.185817104755483,64.17864782843937,34.81356319203186
13.333333333333334,500.0,15674564.468095308,5357.09924293821,2719.6901236387525,28.47421354476287,46.709608125055446,56.55109035401546,42.16580384118928,25.28609564503224,25.513188285786125,1.3107137636651212,1.4520721328146746,95.9920192089338,49.925512073350845,109.24091398839144,27.390027959188977,64.17864782843937,34.81356319203186,83.19192319088629,17.185817104755483
13.333333333333334,500.0,15674564.468095308,5357.09924293821,2719.6901236387525,28.47421354476287,46.709608125055446,1.3107137636651212,1.4520721328146746,56.55109035401546,42.16580384118928,25.28609564503224,25.513188285786125,95.9920192089338,49.925512073350845,83.19192319088629,17.185817104755483,109.24091398839144,27.390027959188977,64.17864782843937,34.81356319203186
13.333333333333334,500.0,15674564.468095308,5357.09924293821,2719.6901236387525,28.47421354476287,46.709608125055446,1.3107137636651212,1.4520721328146746,25.28609564503224,25.513188285786125,56.55109035401546,42.16580384118928,95.9920192089338,49.925512073350845,83.19192319088629,17.185817104755483,64.17864782843937,34.81356319203186,109.24091398839144,27.390027959188977
13.333333333333334,500.0,15674564.468095308,5357.09924293821,2719.6901236387525,28.47421354476287,46.709608125055446,25.28609564503224,25.513188285786125,56.55109035401546,42.16580384118928,1.3107137636651212,1.4520721328146746,95.9920192089338,49.925512073350845,64.17864782843937,34.81356319203186,109.24091398839144,27.390027959188977,83.19192319088629,17.185817104755483
13.333333333333334,500.0,15674564.468095308,5357.09924293821,2719.6901236387525,28.47421354476287,46.709608125055446,25.28609564503224,25.513188285786125,1.3107137636651212,1.4520721328146746,56.55109035401546,42.16580384118928,95.9920192089338,49.925512073350845,64.17864782843937,34.81356319203186,83.19192319088629,17.185817104755483,109.24091398839144,27.390027959188977
13.333333333333334,500.0,15674564.468095308,5357.09924293821,2719.6901236387525,25.28609564503224,25.513188285786125,56.55109035401546,42.16580384118928,1.3107137636651212,1.4520721328146746,28.47421354476287,46.709608125055446,64.17864782843937,34.81356319203186,109.24091398839144,27.390027959188977,83.19192319088629,17.185817104755483,95.9920192089338,49.925512073350845
13.333333333333334,500.0,15674564.468095308,5357.09924293821,2719.6901236387525,25.28609564503224,25.513188285786125,56.55109035401546,42.16580384118928,28.47421354476287,46.709608125055446,1.3107137636651212,1.4520721328146746,64.17864782843937,34.81356319203186,109.24091398839144,27.390027959188977,95.9920192089338,49.925512073350845,83.19192319088629,17.185817104755483
13.333333333333334,500.0,15674564.468095308,5357.09924293821,2719.6901236387525,25.28609564503224,25.513188285786125,1.3107137636651212,1.4520721328146746,56.55109035401546,42.16580384118928,28.47421354476287,46.709608125055446,64.17864782843937,34.81356319203186,83.19192319088629,17.185817104755483,109.24091398839144,27.390027959188977,95.9920192089338,49.925512073350845
13.333333333333334,500.0,15674564.468095308,5357.09924293821,2719.6901236387525,25.28609564503224,25.513188285786125,1.3107137636651212,1.4520721328146746,28.47421354476287,46.709608125055446,56.55109035401546,42.16580384118928,64.17864782843937,34.81356319203186,83.19192319088629,17.185817104755483,95.9920192089338,49.925512073350845,109.24091398839144,27.390027959188977
13.333333333333334,500.0,15674564.468095308,5357.09924293821,2719.6901236387525,25.28609564503224,25.513188285786125,28.47421354476287,46.709608125055446,56.55109035401546,42.16580384118928,1.3107137636651212,1.4520721328146746,64.17864782843937,34.81356319203186,95.9920192089338,49.925512073350845,109.24091398839144,27.390027959188977,83.19192319088629,17.185817104755483
13.333333333333334,500.0,15674564.468095308,5357.09924293821,2719.6901236387525,25.28609564503224,25.513188285786125,28.47421354476287,46.709608125055446,1.3107137636651212,1.4520721328146746,56.55109035401546,42.16580384118928,64.17864782843937,34.81356319203186,95.9920192089338,49.925512073350845,83.19192319088629,17.185817104755483,109.24091398839144,27.390027959188977
13.333333333333334,500.0,33132385.84249496,6924.808497819632,4711.863447214689,26.29761949961138,10.622057669513667,8.159263100887744,35.044372623225776,51.436652017042434,17.332232140959412,56.50747002159251,44.56407627355854,91.92584655319908,16.061523337097114,64.41586295651902,10.974883605521548,119.8458389308564,33.613901148331024,70.77032137532085,31.94099546653901
13.333333333333334,500.0,33132385.84249496,6924.808497819632,4711.863447214689,26.29761949961138,10.622057669513667,56.50747002159251,44.56407627355854,8.159263100887744,35.044372623225776,51.436652017042434,17.332232140959412,91.92584655319908,16.061523337097114,70.77032137532085,31.94099546653901,64.41586295651902,10.974883605521548,119.8458389308564,33.613901148331024
13.333333333333334,500.0,33132385.84249496,6924.808497819632,4711.863447214689,26.29761949961138,10.622057669513667,56.50747002159251,44.56407627355854,51.436652017042434,17.332232140959412,8.159263100887744,35.044372623225776,91.92584655319908,16.061523337097114,70.77032137532085,31.94099546653901,119.8458389308564,33.613901148331024,64.41586295651902,10.974883605521548
13.333333333333334,500.0,33132385.84249496,6924.808497819632,4711.863447214689,26.29761949961138,10.622057669513667,51.436652017042434,17.332232140959412,8.159263100887744,35.044372623225776,56.50747002159251,44.56407627355854,91.92584655319908,16.061523337097114,119.8458389308564,33.613901148331024,64.41586295651902,10.974883605521548,70.77032137532085,31.94099546653901
13.333333333333334,500.0,33132385.84249496,6924.808497819632,4711.863447214689,26.29761949961138,10.622057669513667,51.436652017042434,17.332232140959412,56.50747002159251,44.56407627355854,8.159263100887744,35.044372623225776,91.92584655319908,16.061523337097114,119.8458389308564,33.613901148331024,70.77032137532085,31.94099546653901,64.41586295651902,10.974883605521548
13.333333333333334,500.0,33132385.84249496,6924.808497819632,4711.863447214689,8.159263100887744,35.044372623225776,26.29761949961138,10.622057669513667,56.50747002159251,44.56407627355854,51.436652017042434,17.332232140959412,64.41586295651902,10.974883605521548,91.92584655319908,16.061523337097114,70.77032137532085,31.94099546653901,119.8458389308564,33.613901148331024
13.333333333333334,500.0,33132385.84249496,6924.808497819632,4711.863447214689,8.159263100887744,35.044372623225776,26.29761949961138,10.622057669513667,51.436652017042434,17.332232140959412,56.50747002159251,44.56407627355854,64.41586295651902,10.974883605521548,91.92584655319908,16.061523337097114,119.8458389308564,33.613901148331024,70.77032137532085,31.94099546653901
13.333333333333334,500.0,33132385.84249496,6924.808497819632,4711.863447214689,8.159263100887744,35.044372623225776,56.50747002159251,44.56407627355854,26.29761949961138,10.622057669513667,51.436652017042434,17.332232140959412,64.41586295651902,10.974883605521548,70.77032137532085,31.94099546653901,91.92584655319908,16.061523337097114,119.8458389308564,33.613901148331024
13.333333333333334,500.0,33132385.84249496,6924.808497819632,4711.863447214689,8.159263100887744,35.044372623225776,56.50747002159251,44.56407627355854,51.436652017042434,17.332232140959412,26.29761949961138,10.622057669513667,64.41586295651902,10.974883605521548,70.77032137532085,31.94099546653901,119.8458389308564,33.613901148331024,91.92584655319908,16.061523337097114
13.333333333333334,500.0,33132385.84249496,6924.808497819632,4711.863447214689,8.159263100887744,35.044372623225776,51.436652017042434,17.332232140959412,26.29761949961138,10.622057669513667,56.50747002159251,44.56407627355854,64.41586295651902,10.974883605521548,119.8458389308564,33.613901148331024,91.92584655319908,16.061523337097114,70.77032137532085,31.94099546653901
13.333333333333334,500.0,33132385.84249496,6924.808497819632,4711.863447214689,8.159263100887744,35.044372623225776,51.436652017042434,17.332232140959412,56.50747002159251,44.56407627355854,26.29761949961138,10.622057669513667,64.41586295651902,10.974883605521548,119.8458389308564,33.613901148331024,70.77032137532085,31.94099546653901,91.92584655319908,16.061523337097114
13.333333333333334,500.0,33132385.84249496,6924.808497819632,4711.863447214689,56.50747002159251,44.56407627355854,26.29761949961138,10.622057669513667,8.159263100887744,35.044372623225776,51.436652017042434,17.332232140959412,70.77032137532085,31.94099546653901,91.92584655319908,16.061523337097114,64.41586295651902,10.974883605521548,119.8458389308564,33.613901148331024
13.333333333333334,500.0,33132385.84249496,6924.808497819632,4711.863447214689,56.50747002159251,44.56407627355854,26.29761949961138,10.622057669513667,51.436652017042434,17.332232140959412,8.159263100887744,35.044372623225776,70.77032137532085,31.94099546653901,91.92584655319908,16.061523337097114,119.8458389308564,33.613901148331024,64.41586295651902,10.974883605521548
13.333333333333334,500.0,33132385.84249496,6924.808497819632,4711.863447214689,56.50747002159251,44.56407627355854,8.159263100887744,35.044372623225776,26.29761949961138,10.622057669513667,51.436652017042434,17.332232140959412,70.77032137532085,31.94099546653901,64.41586295651902,10.974883605521548,91.92584655319908,16.061523337097114,119.8458389308564,33.613901148331024
13.333333333333334,500.0,33132385.84249496,6924.808497819632,4711.863447214689,56.50747002159251,44.56407627355854,8.159263100887744,35.044372623225776,51.436652017042434,17.332232140959412,26.29761949961138,10.622057669513667,70.77032137532085,31.94099546653901,64.41586295651902,10.974883605521548,119.8458389308564,33.613901148331024,91.92584655319908,16.061523337097114
13.333333333333334,500.0,33132385.84249496,6924.808497819632,4711.863447214689,56.50747002159251,44.56407627355854,51.436652017042434,17.332232140959412,26.29761949961138,10.622057669513667,8.159263100887744,35.044372623225776,70.77032137532085,31.94099546653901,119.8458389308564,33.613901148331024,91.92584655319908,16.061523337097114,64.41586295651902,10.974883605521548
13.333333333333334,500.0,33132385.84249496,6924.808497819632,4711.863447214689,56.50747002159251,44.56407627355854,51.436652017042434,17.332232140959412,8.159263100887744,35.044372623225776,26.29761949961138,10.622057669513667,70.77032137532085,31.94099546653901,119.8458389308564,33.613901148331024,64.41586295651902,10.974883605521548,91.92584655319908,16.061523337097114
13.333333333333334,500.0,33132385.84249496,6924.808497819632,4711.863447214689,51.436652017042434,17.332232140959412,26.29761949961138,10.622057669513667,8.159263100887744,35.044372623225776,56.50747002159251,44.56407627355854,119.8458389308564,33.613901148331024,91.92584655319908,16.061523337097114,64.41586295651902,10.974883605521548,70.77032137532085,31.94099546653901
13.333333333333334,500.0,33132385.84249496,6924.808497819632,4711.863447214689,51.436652017042434,17.332232140959412,26.29761949961138,10.622057669513667,56.50747002159251,44.56407627355854,8.159263100887744,35.044372623225776,119.8458389308564,33.613901148331024,91.92584655319908,16.061523337097114,70.77032137532085,31.94099546653901,64.41586295651902,10.974883605521548
13.333333333333334,500.0,33132385.84249496,6924.808497819632,4711.863447214689,51.436652017042434,17.332232140959412,8.159263100887744,35.044372623225776,26.29761949961138,10.622057669513667,56.50747002159251,44.56407627355854,119.8458389308564,33.613901148331024,64.41586295651902,10.974883605521548,91.92584655319908,16.061523337097114,70.77032137532085,31.94099546653901
13.333333333333334,500.0,33132385.84249496,6924.808497819632,4711.863447214689,51.436652017042434,17.332232140959412,8.159263100887744,35.044372623225776,56.50747002159251,44.56407627355854,26.29761949961138,10.622057669513667,119.8458389308564,33.613901148331024,64.41586295651902,10.974883605521548,70.77032137532085,31.94099546653901,91.92584655319908,16.061523337097114
13.333333333333334,500.0,33132385.84249496,6924.808497819632,4711.863447214689,51.436652017042434,17.332232140959412,56.50747002159251,44.56407627355854,26.29761949961138,10.622057669513667,8.159263100887744,35.044372623225776,119.8458389308564,33.613901148331024,70.77032137532085,31.94099546653901,91.92584655319908,16.061523337097114,64.41586295651902,10.974883605521548
13.333333333333334,500.0,33132385.84249496,6924.808497819632,4711.863447214689,51.436652017042434,17.332232140959412,56.50747002159251,44.56407627355854,8.159263100887744,35.044372623225776,26.29761949961138,10.622057669513667,119.8458389308564,33.613901148331024,70.77032137532085,31.94099546653901,64.41586295651902,10.974883605521548,91.92584655319908,16.061523337097114
13.333333333333334,500.0,6926297.962196219,5521.647383825966,1167.1078370037274,25.588670881418164,38.09203944321389,3.4764116466160577,46.7646209904263,19.04502096122945,3.7262675310507687,51.89543429029944,57.23531273787504,80.18187563277351,55.103919467098045,67.815576345872,12.47606429628538,108.8253788819904,17.48681677368675,99.39258118651102,45.02001462642282
13.333333333333334,500.0,6926297.962196219,5521.647383825966,1167.1078370037274,25.588670881418164,38.09203944321389,51.89543429029944,57.23531273787504,3.4764116466160577,46.7646209904263,19.04502096122945,3.7262675310507687,80.18187563277351,55.103919467098045,99.39258118651102,45.02001462642282,67.815576345872,12.47606429628538,108.8253788819904,17.48681677368675
13.333333333333334,500.0,6926297.962196219,5521.647383825966,1167.1078370037274,25.588670881418164,38.09203944321389,51.89543429029944,57.23531273787504,19.04502096122945,3.7262675310507687,3.4764116466160577,46.7646209904263,80.18187563277351,55.103919467098045,99.39258118651102,45.02001462642282,108.8253788819904,17.48681677368675,67.815576345872,12.47606429628538
13.333333333333334,500.0,6926297.962196219,5521.647383825966,1167.1078370037274,25.588670881418164,38.09203944321389,19.04502096122945,3.7262675310507687,3.4764116466160577,46.7646209904263,51.89543429029944,57.23531273787504,80.18187563277351,55.103919467098045,108.8253788819904,17.48681677368675,67.815576345872,12.47606429628538,99.39258118651102,45.02001462642282
13.333333333333334,500.0,6926297.962196219,5521.647383825966,1167.1078370037274,25.588670881418164,38.09203944321389,19.04502096122945,3.7262675310507687,51.89543429029944,57.23531273787504,3.4764116466160577,46.7646209904263,80.18187563277351,55.103919467098045,108.8253788819904,17.48681677368675,99.39258118651102,45.02001462642282,67.815576345872,12.47606429628538
13.333333333333334,500.0,6926297.962196219,5521.647383825966,1167.1078370037274,3.4764116466160577,46.7646209904263,25.588670881418164,38.09203944321389,51.89543429029944,57.23531273787504,19.04502096122945,3.7262675310507687,67.815576345872,12.47606429628538,80.18187563277351,55.103919467098045,99.39258118651102,45.02001462642282,108.8253788819904,17.48681677368675
13.333333333333334,500.0,6926297.962196219,5521.647383825966,1167.1078370037274,3.4764116466160577,46.7646209904263,25.588670881418164,38.09203944321389,19.04502096122945,3.7262675310507687,51.89543429029944,57.23531273787504,67.815576345872,12.47606429628538,80.18187563277351,55.103919467098045,108.8253788819904,17.48681677368675,99.39258118651102,45.02001462642282
13.333333333333334,500.0,6926297.962196219,5521.647383825966,1167.1078370037274,3.4764116466160577,46.7646209904263,51.89543429029944,57.23531273787504,25.588670881418164,38.09203944321389,19.04502096122945,3.7262675310507687,67.815576345872,12.47606429628538,99.39258118651102,45.02001462642282,80.18187563277351,55.103919467098045,108.8253788819904,17.48681677368675
13.333333333333334,500.0,6926297.962196219,5521.647383825966,1167.1078370037274,3.4764116466160577,46.7646209904263,51.89543429029944,57.23531273787504,19.04502096122945,3.7262675310507687,25.588670881418164,38.09203944321389,67.815576345872,12.47606429628538,99.39258118651102,45.02001462642282,108.8253788819904,17.48681677368675,80.18187563277351,55.103919467098045
13.333333333333334,500.0,6926297.962196219,5521.647383825966,1167.1078370037274,3.4764116466160577,46.7646209904263,19.04502096122945,3.7262675310507687,25.588670881418164,38.09203944321389,51.89543429029944,57.23531273787504,67.815576345872,12.47606429628538,108.8253788819904,17.48681677368675,80.18187563277351,55.103919467098045,99.39258118651102,45.02001462642282
13.333333333333334,500.0,6926297.962196219,5521.647383825966,1167.1078370037274,3.4764116466160577,46.7646209904263,19.04502096122945,3.7262675310507687,51.89543429029944,57.23531273787504,25.588670881418164,38.09203944321389,67.815576345872,12.47606429628538,108.8253788819904,17.48681677368675,99.39258118651102,45.02001462642282,80.18187563277351,55.103919467098045
13.333333333333334,500.0,6926297.962196219,5521.647383825966,1167.1078370037274,51.89543429029944,57.23531273787504,25.588670881418164,38.09203944321389,3.4764116466160577,46.7646209904263,19.04502096122945,3.7262675310507687,99.39258118651102,45.02001462642282,80.18187563277351,55.103919467098045,67.815576345872,12.47606429628538,108.8253788819904,17.48681677368675
13.333333333333334,500.0,6926297.962196219,5521.647383825966,1167.1078370037274,51.89543429029944,57.23531273787504,25.588670881418164,38.09203944321389,19.04502096122945,3.7262675310507687,3.4764116466160577,46.7646209904263,99.39258118651102,45.02001462642282,80.18187563277351,55.103919467098045,108.8253788819904,17.48681677368675,67.815576345872,12.47606429628538
13.333333333333334,500.0,6926297.962196219,5521.647383825966,1167.1078370037274,51.89543429029944,57.23531273787504,3.4764116466160577,46.7646209904263,25.588670881418164,38.09203944321389,19.04502096122945,3.7262675310507687,99.39258118651102,45.02001462642282,67.815576345872,12.47606429628538,80.18187563277351,55.103919467098045,108.8253788819904,17.48681677368675
13.333333333333334,500.0,6926297.962196219,5521.647383825966,1167.1078370037274,51.89543429029944,57.23531273787504,3.4764116466160577,46.7646209904263,19.04502096122945,3.7262675310507687,25.588670881418164,38.09203944321389,99.39258118651102,45.02001462642282,67.815576345872,12.47606429628538,108.8253788819904,17.48681677368675,80.18187563277351,55.103919467098045
13.333333333333334,500.0,6926297.962196219,5521.647383825966,1167.1078370037274,51.89543429029944,57.23531273787504,19.04502096122945,3.7262675310507687,25.588670881418164,38.09203944321389,3.4764116466160577,46.7646209904263,99.39258118651102,45.02001462642282,108.8253788819904,17.48681677368675,80.18187563277351,55.103919467098045,67.815576345872,12.47606429628538
13.333333333333334,500.0,6926297.962196219,5521.647383825966,1167.1078370037274,51.89543429029944,57.23531273787504,19.04502096122945,3.7262675310507687,3.4764116466160577,46.7646209904263,25.588670881418164,38.09203944321389,99.39258118651102,45.02001462642282,108.8253788819904,17.48681677368675,67.815576345872,12.47606429628538,80.18187563277351,55.103919467098045
13.333333333333334,500.0,6926297.962196219,5521.647383825966,1167.1078370037274,19.04502096122945,3.7262675310507687,25.588670881418164,38.09203944321389,3.4764116466160577,46.7646209904263,51.89543429029944,57.23531273787504,108.8253788819904,17.48681677368675,80.18187563277351,55.103919467098045,67.815576345872,12.47606429628538,99.39258118651102,45.02001462642282
13.333333333333334,500.0,6926297.962196219,5521.647383825966,1167.1078370037274,19.04502096122945,3.7262675310507687,25.588670881418164,38.09203944321389,51.89543429029944,57.23531273787504,3.4764116466160577,46.7646209904263,108.8253788819904,17.48681677368675,80.18187563277351,55.103919467098045,99.39258118651102,45.02001462642282,67.815576345872,12.47606429628538
13.333333333333334,500.0,6926297.962196219,5521.647383825966,1167.1078370037274,19.04502096122945,3.7262675310507687,3.4764116466160577,46.7646209904263,25.588670881418164,38.09203944321389,51.89543429029944,57.23531273787504,108.8253788819904,17.48681677368675,67.815576345872,12.47606429628538,80.18187563277351,55.103919467098045,99.39258118651102,45.02001462642282
13.333333333333334,500.0,6926297.962196219,5521.647383825966,1167.1078370037274,19.04502096122945,3.7262675310507687,3.4764116466160577,46.7646209904263,51.89543429029944,57.23531273787504,25.588670881418164,38.09203944321389,108.8253788819904,17.48681677368675,67.815576345872,12.47606429628538,99.39258118651102,45.02001462642282,80.18187563277351,55.103919467098045
13.333333333333334,500.0,6926297.962196219,5521.647383825966,1167.1078370037274,19.04502096122945,3.7262675310507687,51.89543429029944,57.23531273787504,25.588670881418164,38.09203944321389,3.4764116466160577,46.7646209904263,108.8253788819904,17.48681677368675,99.39258118651102,45.02001462642282,80.18187563277351,55.103919467098045,67.815576345872,12.47606429628538
13.333333333333334,500.0,6926297.962196219,5521.647383825966,1167.1078370037274,19.04502096122945,3.7262675310507687,51.89543429029944,57.23531273787504,3.4764116466160577,46.7646209904263,25.588670881418164,38.09203944321389,108.8253788819904,17.48681677368675,99.39258118651102,45.02001462642282,67.815576345872,12.47606429628538,80.18187563277351,55.103919467098045
13.333333333333334,500.0,20663931.20762996,6523.645638070295,2807.514558811965,1.2944118027610885,40.88481364879613,50.35445727302164,6.084072657683919,26.24652777410228,16.961404311282003,37.37126712945376,39.609436053519474,80.9710039990914,28.84536323323962,103.27313769767584,8.975841292186653,62.73074192939805,9.77105894234588,107.30372013885004,28.674096683443253
13.333333333333334,500.0,20663931.20762996,6523.645638070295,2807.514558811965,1.2944118027610885,40.88481364879613,37.37126712945376,39.609436053519474,50.35445727302164,6.084072657683919,26.24652777410228,16.961404311282003,80.9710039990914,28.84536323323962,107.30372013885004,28.674096683443253,103.27313769767584,8.975841292186653,62.73074192939805,9.77105894234588
13.333333333333334,500.0,20663931.20762996,6523.645638070295,2807.514558811965,1.2944118027610885,40.88481364879613,37.37126712945376,39.609436053519474,26.24652777410228,16.961404311282003,50.35445727302164,6.084072657683919,80.9710039990914,28.84536323323962,107.30372013885004,28.674096683443253,62.73074192939805,9.77105894234588,103.27313769767584,8.975841292186653
13.333333333333334,500.0,20663931.20762996,6523.645638070295,2807.514558811965,1.2944118027610885,40.88481364879613,26.24652777410228,16.961404311282003,50.35445727302164,6.084072657683919,37.37126712945376,39.609436053519474,80.9710039990914,28.84536323323962,62.73074192939805,9.77105894234588,103.27313769767584,8.975841292186653,107.30372013885004,28.674096683443253
13.333333333333334,500.0,20663931.20762996,6523.645638070295,2807.514558811965,1.2944118027610885,40.88481364879613,26.24652777410228,16.961404311282003,37.37126712945376,39.609436053519474,50.35445727302164,6.084072657683919,80.9710039990914,28.84536323323962,62.73074192939805,9.77105894234588,107.30372013885004,28.674096683443253,103.27313769767584,8.975841292186653
13.333333333333334,500.0,20663931.20762996,6523.645638070295,2807.514558811965,50.35445727302164,6.084072657683919,1.2944118027610885,40.88481364879613,37.37126712945376,39.609436053519474,26.24652777410228,16.961404311282003,103.27313769767584,8.975841292186653,80.9710039990914,28.84536323323962,107.30372013885004,28.674096683443253,62.73074192939805,9.77105894234588
13.333333333333334,500.0,20663931.20762996,6523.645638070295,2807.514558811965,50.35445727302164,6.084072657683919,1.2944118027610885,40.88481364879613,26.24652777410228,16.961404311282003,37.37126712945376,39.609436053519474,103.27313769767584,8.975841292186653,80.9710039990914,28.84536323323962,62.73074192939805,9.77105894234588,107.30372013885004,28.674096683443253
13.333333333333334,500.0,20663931.20762996,6523.645638070295,2807.514558811965,50.35445727302164,6.084072657683919,37.37126712945376,39.609436053519474,1.2944118027610885,40.88481364879613,26.24652777410228,16.961404311282003,103.27313769767584,8.975841292186653,107.30372013885004,28.674096683443253,80.9710039990914,28.84536323323962,62.73074192939805,9.77105894234588
13.333333333333334,500.0,20663931.20762996,6523.645638070295,2807.514558811965,50.35445727302164,6.084072657683919,37.37126712945376,39.609436053519474,26.24652777410228,16.961404311282003,1.2944118027610885,40.88481364879613,103.27313769767584,8.975841292186653,107.30372013885004,28.674096683443253,62.73074192939805,9.77105894234588,80.9710039990914,28.84536323323962
13.333333333333334,500.0,20663931.20762996,6523.645638070295,2807.514558811965,50.35445727302164,6.084072657683919,26.24652777410228,16.961404311282003,1.2944118027610885,40.88481364879613,37.37126712945376,39.609436053519474,103.27313769767584,8.975841292186653,62.73074192939805,9.77105894234588,80.9710039990914,28.84536323323962,107.30372013885004,28.674096683443253
13.333333333333334,500.0,20663931.20762996,6523.645638070295,2807.514558811965,50.35445727302164,6.084072657683919,26.24652777410228,16.961404311282003,37.37126712945376,39.609436053519474,1.2944118027610885,40.88481364879613,103.27313769767584,8.975841292186653,62.73074192939805,9.77105894234588,107.30372013885004,28.674096683443253,80.9710039990914,28.84536323323962
13.333333333333334,500.0,20663931.20762996,6523.645638070295,2807.514558811965,37.37126712945376,39.609436053519474,1.2944118027610885,40.88481364879613,50.35445727302164,6.084072657683919,26.24652777410228,16.961404311282003,107.30372013885004,28.674096683443253,80.9710039990914,28.84536323323962,103.27313769767584,8.975841292186653,62.73074192939805,9.77105894234588
13.333333333333334,500.0,20663931.20762996,6523.645638070295,2807.514558811965,37.37126712945376,39.609436053519474,1.2944118027610885,40.88481364879613,26.24652777410228,16.961404311282003,50.35445727302164,6.084072657683919,107.30372013885004,28.674096683443253,80.9710039990914,28.84536323323962,62.73074192939805,9.77105894234588,103.27313769767584,8.975841292186653
13.333333333333334,500.0,20663931.20762996,6523.645638070295,2807.514558811965,37.37126712945376,39.609436053519474,50.35445727302164,6.084072657683919,1.2944118027610885,40.88481364879613,26.24652777410228,16.961404311282003,107.30372013885004,28.674096683443253,103.27313769767584,8.975841292186653,80.9710039990914,28.84536323323962,62.73074192939805,9.77105894234588
13.333333333333334,500.0,20663931.20762996,6523.645638070295,2807.514558811965,37.37126712945376,39.609436053519474,50.35445727302164,6.084072657683919,26.24652777410228,16.961404311282003,1.2944118027610885,40.88481364879613,107.30372013885004,28.674096683443253,103.27313769767584,8.975841292186653,62.73074192939805,9.77105894234588,80.9710039990914,28.84536323323962
13.333333333333334,500.0,20663931.20762996,6523.645638070295,2807.514558811965,37.37126712945376,39.609436053519474,26.24652777410228,16.961404311282003,1.2944118027610885,40.88481364879613,50.35445727302164,6.084072657683919,107.30372013885004,28.674096683443253,62.73074192939805,9.77105894234588,80.9710039990914,28.84536323323962,103.27313769767584,8.975841292186653
13.333333333333334,500.0,20663931.20762996,6523.645638070295,2807.514558811965,37.37126712945376,39.609436053519474,26.24652777410228,16.961404311282003,50.35445727302164,6.084072657683919,1.2944118027610885,40.88481364879613,107.30372013885004,28.674096683443253,62.73074192939805,9.77105894234588,103.27313769767584,8.975841292186653,80.9710039990914,28.84536323323962
13.333333333333334,500.0,20663931.20762996,6523.645638070295,2807.514558811965,26.24652777410228,16.961404311282003,1.2944118027610885,40.88481364879613,50.35445727302164,6.084072657683919,37.37126712945376,39.609436053519474,62.73074192939805,9.77105894234588,80.9710039990914,28.84536323323962,103.27313769767584,8.975841292186653,107.30372013885004,28.674096683443253
13.333333333333334,500.0,20663931.20762996,6523.645638070295,2807.514558811965,26.24652777410228,16.961404311282003,1.2944118027610885,40.88481364879613,37.37126712945376,39.609436053519474,50.35445727302164,6.084072657683919,62.73074192939805,9.77105894234588,80.9710039990914,28.84536323323962,107.30372013885004,28.674096683443253,103.27313769767584,8.975841292186653
13.333333333333334,500.0,20663931.20762996,6523.645638070295,2807.514558811965,26.24652777410228,16.961404311282003,50.35445727302164,6.084072657683919,1.2944118027610885,40.88481364879613,37.37126712945376,39.609436053519474,62.73074192939805,9.77105894234588,103.27313769767584,8.975841292186653,80.9710039990914,28.84536323323962,107.30372013885004,28.674096683443253
13.333333333333334,500.0,20663931.20762996,6523.645638070295,2807.514558811965,26.24652777410228,16.961404311282003,50.35445727302164,6.084072657683919,37.37126712945376,39.609436053519474,1.2944118027610885,40.88481364879613,62.73074192939805,9.77105894234588,103.27313769767584,8.975841292186653,107.30372013885004,28.674096683443253,80.9710039990914,28.84536323323962
13.333333333333334,500.0,20663931.20762996,6523.645638070295,2807.514558811965,26.24652777410228,16.961404311282003,37.37126712945376,39.609436053519474,1.2944118027610885,40.88481364879613,50.35445727302164,6.084072657683919,62.73074192939805,9.77105894234588,107.30372013885004,28.674096683443253,80.9710039990914,28.84536323323962,103.27313769767584,8.975841292186653
13.333333333333334,500.0,20663931.20762996,6523.645638070295,2807.514558811965,26.24652777410228,16.961404311282003,37.37126712945376,39.609436053519474,50.35445727302164,6.084072657683919,1.2944118027610885,40.88481364879613,62.73074192939805,9.77105894234588,107.30372013885004,28.674096683443253,103.27313769767584,8.975841292186653,80.9710039990914,28.84536323323962
13.333333333333334,500.0,16697156.779561462,6067.278764903909,2648.1815328663365,4.986313481924669,28.443465478277947,39.262306054545846,45.08312330904238,58.59750221033434,55.27925142276624,32.20875713361245,6.580401820989456,68.91694799703494,20.448960711784743,65.79086708310633,59.67628209127093,110.92300691155222,45.36817206772945,84.6934703303138,43.79497571349653
13.333333333333334,500.0,16697156.779561462,6067.278764903909,2648.1815328663365,4.986313481924669,28.443465478277947,32.20875713361245,6.580401820989456,39.262306054545846,45.08312330904238,58.59750221033434,55.27925142276624,68.91694799703494,20.448960711784743,84.6934703303138,43.79497571349653,65.79086708310633,59.67628209127093,110.92300691155222,45.36817206772945
13.333333333333334,500.0,16697156.779561462,6067.278764903909,2648.1815328663365,4.986313481924669,28.443465478277947,32.20875713361245,6.580401820989456,58.59750221033434,55.27925142276624,39.262306054545846,45.08312330904238,68.91694799703494,20.448960711784743,84.6934703303138,43.79497571349653,110.92300691155222,45.36817206772945,65.79086708310633,59.67628209127093
13.333333333333334,500.0,16697156.779561462,6067.278764903909,2648.1815328663365,4.986313481924669,28.443465478277947,58.59750221033434,55.27925142276624,39.262306054545846,45.08312330904238,32.20875713361245,6.580401820989456,68.91694799703494,20.448960711784743,110.92300691155222,45.36817206772945,65.79086708310633,59.67628209127093,84.6934703303138,43.79497571349653
13.333333333333334,500.0,16697156.779561462,6067.278764903909,2648.1815328663365,4.986313481924669,28.443465478277947,58.59750221033434,55.27925142276624,32.20875713361245,6.580401820989456,39.262306054545846,45.08312330904238,68.91694799703494,20.448960711784743,110.92300691155222,45.36817206772945,84.6934703303138,43.79497571349653,65.79086708310633,59.67628209127093
13.333333333333334,500.0,16697156.779561462,6067.278764903909,2648.1815328663365,39.262306054545846,45.08312330904238,4.986313481924669,28.443465478277947,32.20875713361245,6.580401820989456,58.59750221033434,55.27925142276624,65.79086708310633,59.67628209127093,68.91694799703494,20.448960711784743,84.6934703303138,43.79497571349653,110.92300691155222,45.36817206772945
13.333333333333334,500.0,16697156.779561462,6067.278764903909,2648.1815328663365,39.262306054545846,45.08312330904238,4.986313481924669,28.443465478277947,58.59750221033434,55.27925142276624,32.20875713361245,6.580401820989456,65.79086708310633,59.67628209127093,68.91694799703494,20.448960711784743,110.92300691155222,45.36817206772945,84.6934703303138,43.79497571349653
13.333333333333334,500.0,16697156.779561462,6067.278764903909,2648.1815328663365,39.262306054545846,45.08312330904238,32.20875713361245,6.580401820989456,4.986313481924669,28.443465478277947,58.59750221033434,55.27925142276624,65.79086708310633,59.67628209127093,84.6934703303138,43.79497571349653,68.91694799703494,20.448960711784743,110.92300691155222,45.36817206772945
13.333333333333334,500.0,16697156.779561462,6067.278764903909,2648.1815328663365,39.262306054545846,45.08312330904238,32.20875713361245,6.580401820989456,58.59750221033434,55.27925142276624,4.986313481924669,28.443465478277947,65.79086708310633,59.67628209127093,84.6934703303138,43.79497571349653,110.92300691155222,45.36817206772945,68.91694799703494,20.448960711784743
13.333333333333334,500.0,16697156.779561462,6067.278764903909,2648.1815328663365,39.262306054545846,45.08312330904238,58.59750221033434,55.27925142276624,4.986313481924669,28.443465478277947,32.20875713361245,6.580401820989456,65.79086708310633,59.67628209127093,110.92300691155222,45.36817206772945,68.91694799703494,20.448960711784743,84.6934703303138,43.79497571349653
13.333333333333334,500.0,16697156.779561462,6067.278764903909,2648.1815328663365,39.262306054545846,45.08312330904238,58.59750221033434,55.27925142276624,32.20875713361245,6.580401820989456,4.986313481924669,28.443465478277947,65.79086708310633,59.67628209127093,110.92300691155222,45.36817206772945,84.6934703303138,43.79497571349653,68.91694799703494,20.448960711784743
13.333333333333334,500.0,16697156.779561462,6067.278764903909,2648.1815328663365,32.20875713361245,6.580401820989456,4.986313481924669,28.443465478277947,39.262306054545846,45.08312330904238,58.59750221033434,55.27925142276624,84.6934703303138,43.79497571349653,68.91694799703494,20.448960711784743,65.79086708310633,59.67628209127093,110.92300691155222,45.36817206772945
13.333333333333334,500.0,16697156.779561462,6067.278764903909,2648.1815328663365,32.20875713361245,6.580401820989456,4.986313481924669,28.443465478277947,58.59750221033434,55.27925142276624,39.262306054545846,45.08312330904238,84.6934703303138,43.79497571349653,68.91694799703494,20.448960711784743,110.92300691155222,45.36817206772945,65.79086708310633,59.67628209127093
13.333333333333334,500.0,16697156.779561462,6067.278764903909,2648.1815328663365,32.20875713361245,6.580401820989456,39.262306054545846,45.08312330904238,4.986313481924669,28.443465478277947,58.59750221033434,55.27925142276624,84.6934703303138,43.79497571349653,65.79086708310633,59.67628209127093,68.91694799703494,20.448960711784743,110.92300691155222,45.36817206772945
13.333333333333334,500.0,16697156.779561462,6067.278764903909,2648.1815328663365,32.20875713361245,6.580401820989456,39.262306054545846,45.08312330904238,58.59750221033434,55.27925142276624,4.986313481924669,28.443465478277947,84.6934703303138,43.79497571349653,65.79086708310633,59.67628209127093,110.92300691155222,45.36817206772945,68.91694799703494,20.448960711784743
13.333333333333334,500.0,16697156.779561462,6067.278764903909,2648.1815328663365,32.20875713361245,6.580401820989456,58.59750221033434,55.27925142276624,4.986313481924669,28.443465478277947,39.262306054545846,45.08312330904238,84.6934703303138,43.79497571349653,110.92300691155222,45.36817206772945,68.91694799703494,20.448960711784743,65.79086708310633,59.67628209127093
13.333333333333334,500.0,16697156.779561462,6067.278764903909,2648.1815328663365,32.20875713361245,6.580401820989456,58.59750221033434,55.27925142276624,39.262306054545846,45.08312330904238,4.986313481924669,28.443465478277947,84.6934703303138,43.79497571349653,110.92300691155222,45.36817206772945,65.79086708310633,59.67628209127093,68.91694799703494,20.448960711784743
13.333333333333334,500.0,16697156.779561462,6067.278764903909,2648.1815328663365,58.59750221033434,55.27925142276624,4.986313481924669,28.443465478277947,39.262306054545846,45.08312330904238,32.20875713361245,6.580401820989456,110.92300691155222,45.36817206772945,68.91694799703494,20.448960711784743,65.79086708310633,59.67628209127093,84.6934703303138,43.79497571349653
13.333333333333334,500.0,16697156.779561462,6067.278764903909,2648.1815328663365,58.59750221033434,55.27925142276624,4.986313481924669,28.443465478277947,32.20875713361245,6.580401820989456,39.262306054545846,45.08312330904238,110.92300691155222,45.36817206772945,68.91694799703494,20.448960711784743,84.6934703303138,43.79497571349653,65.79086708310633,59.67628209127093
13.333333333333334,500.0,16697156.779561462,6067.278764903909,2648.1815328663365,58.59750221033434,55.27925142276624,39.262306054545846,45.08312330904238,4.986313481924669,28.443465478277947,32.20875713361245,6.580401820989456,110.92300691155222,45.36817206772945,65.79086708310633,59.67628209127093,68.91694799703494,20.448960711784743,84.6934703303138,43.79497571349653
13.333333333333334,500.0,16697156.779561462,6067.278764903909,2648.1815328663365,58.59750221033434,55.27925142276624,39.262306054545846,45.08312330904238,32.20875713361245,6.580401820989456,4.986313481924669,28.443465478277947,110.92300691155222,45.36817206772945,65.79086708310633,59.67628209127093,84.6934703303138,43.79497571349653,68.91694799703494,20.448960711784743
13.333333333333334,500.0,16697156.779561462,6067.278764903909,2648.1815328663365,58.59750221033434,55.27925142276624,32.20875713361245,6.580401820989456,4.986313481924669,28.443465478277947,39.262306054545846,45.08312330904238,110.92300691155222,45.36817206772945,84.6934703303138,43.79497571349653,68.91694799703494,20.448960711784743,65.79086708310633,59.67628209127093
13.333333333333334,500.0,16697156.779561462,6067.278764903909,2648.1815328663365,58.59750221033434,55.27925142276624,32.20875713361245,6.580401820989456,39.262306054545846,45.08312330904238,4.986313481924669,28.443465478277947,110.92300691155222,45.36817206772945,84.6934703303138,43.79497571349653,65.79086708310633,59.67628209127093,68.91694799703494,20.448960711784743
13.333333333333334,500.0,30912243.98681632,6940.176465748352,4419.458363045828,5.211348800272397,8.376148412347781,57.369293262625085,17.95851595357707,36.03274430982172,41.498665211570525,9.102339826940264,33.941225583291185,90.2823707368452,17.371546185234926,115.1441491702927,27.590969583227157,103.30658540257232,46.7369355022036,68.61784334065467,33.17113974639343
13.333333333333334,500.0,30912243.98681632,6940.176465748352,4419.458363045828,5.211348800272397,8.376148412347781,9.102339826940264,33.941225583291185,57.369293262625085,17.95851595357707,36.03274430982172,41.498665211570525,90.2823707368452,17.371546185234926,68.61784334065467,33.17113974639343,115.1441491702927,27.590969583227157,103.30658540257232,46.7369355022036
13.333333333333334,500.0,30912243.98681632,6940.176465748352,4419.458363045828,5.211348800272397,8.376148412347781,9.102339826940264,33.941225583291185,36.03274430982172,41.498665211570525,57.369293262625085,17.95851595357707,90.2823707368452,17.371546185234926,68.61784334065467,33.17113974639343,103.30658540257232,46.7369355022036,115.1441491702927,27.590969583227157
13.333333333333334,500.0,30912243.98681632,6940.176465748352,4419.458363045828,5.211348800272397,8.376148412347781,36.03274430982172,41.498665211570525,57.369293262625085,17.95851595357707,9.102339826940264,33.941225583291185,90.2823707368452,17.371546185234926,103.30658540257232,46.7369355022036,115.1441491702927,27.590969583227157,68.61784334065467,33.17113974639343
13.333333333333334,500.0,30912243.98681632,6940.176465748352,4419.458363045828,5.211348800272397,8.376148412347781,36.03274430982172,41.498665211570525,9.102339826940264,33.941225583291185,57.369293262625085,17.95851595357707,90.2823707368452,17.371546185234926,103.30658540257232,46.7369355022036,68.61784334065467,33.17113974639343,115.1441491702927,27.590969583227157
13.333333333333334,500.0,30912243.98681632,6940.176465748352,4419.458363045828,57.369293262625085,17.95851595357707,5.211348800272397,8.376148412347781,9.102339826940264,33.941225583291185,36.03274430982172,41.498665211570525,115.1441491702927,27.590969583227157,90.2823707368452,17.371546185234926,68.61784334065467,33.17113974639343,103.30658540257232,46.7369355022036
13.333333333333334,500.0,30912243.98681632,6940.176465748352,4419.458363045828,57.369293262625085,17.95851595357707,5.211348800272397,8.376148412347781,36.03274430982172,41.498665211570525,9.102339826940264,33.941225583291185,115.1441491702927,27.590969583227157,90.2823707368452,17.371546185234926,103.30658540257232,46.7369355022036,68.61784334065467,33.17113974639343
13.333333333333334,500.0,30912243.98681632,6940.176465748352,4419.458363045828,57.369293262625085,17.95851595357707,9.102339826940264,33.941225583291185,5.211348800272397,8.376148412347781,36.03274430982172,41.498665211570525,115.1441491702927,27.590969583227157,68.61784334065467,33.17113974639343,90.2823707368452,17.371546185234926,103.30658540257232,46.7369355022036
13.333333333333334,500.0,30912243.98681632,6940.176465748352,4419.458363045828,57.369293262625085,17.95851595357707,9.102339826940264,33.941225583291185,36.03274430982172,41.498665211570525,5.211348800272397,8.376148412347781,115.1441491702927,27.590969583227157,68.61784334065467,33.17113974639343,103.30658540257232,46.7369355022036,90.2823707368452,17.371546185234926
13.333333333333334,500.0,30912243.98681632,6940.176465748352,4419.458363045828,57.369293262625085,17.95851595357707,36.03274430982172,41.498665211570525,5.211348800272397,8.376148412347781,9.102339826940264,33.941225583291185,115.1441491702927,27.590969583227157,103.30658540257232,46.7369355022036,90.2823707368452,17.371546185234926,68.61784334065467,33.17113974639343
13.333333333333334,500.0,30912243.98681632,6940.176465748352,4419.458363045828,57.369293262625085,17.95851595357707,36.03274430982172,41.498665211570525,9.102339826940264,33.941225583291185,5.211348800272397,8.376148412347781,115.1441491702927,27.590969583227157,103.30658540257232,46.7369355022036,68.61784334065467,33.17113974639343,90.2823707368452,17.371546185234926
13.333333333333334,500.0,30912243.98681632,6940.176465748352,4419.458363045828,9.102339826940264,33.941225583291185,5.211348800272397,8.376148412347781,57.369293262625085,17.95851595357707,36.03274430982172,41.498665211570525,68.61784334065467,33.17113974639343,90.2823707368452,17.371546185234926,115.1441491702927,27.590969583227157,103.30658540257232,46.7369355022036
13.333333333333334,500.0,30912243.98681632,6940.176465748352,4419.458363045828,9.102339826940264,33.941225583291185,5.211348800272397,8.376148412347781,36.03274430982172,41.498665211570525,57.369293262625085,17.95851595357707,68.61784334065467,33.17113974639343,90.2823707368452,17.371546185234926,103.30658540257232,46.7369355022036,115.1441491702927,27.590969583227157
13.333333333333334,500.0,30912243.98681632,6940.176465748352,4419.458363045828,9.102339826940264,33.941225583291185,57.369293262625085,17.95851595357707,5.211348800272397,8.376148412347781,36.03274430982172,41.498665211570525,68.61784334065467,33.17113974639343,115.1441491702927,27.590969583227157,90.2823707368452,17.371546185234926,103.30658540257232,46.7369355022036
13.333333333333334,500.0,30912243.98681632,6940.176465748352,4419.458363045828,9.102339826940264,33.941225583291185,57.369293262625085,17.95851595357707,36.03274430982172,41.498665211570525,5.211348800272397,8.376148412347781,68.61784334065467,33.17113974639343,115.1441491702927,27.590969583227157,103.30658540257232,46.7369355022036,90.2823707368452,17.371546185234926
13.333333333333334,500.0,30912243.98681632,6940.176465748352,4419.458363045828,9.102339826940264,33.941225583291185,36.03274430982172,41.498665211570525,5.211348800272397,8.376148412347781,57.369293262625085,17.95851595357707,68.61784334065467,33.17113974639343,103.30658540257232,46.7369355022036,90.2823707368452,17.371546185234926,115.1441491702927,27.590969583227157
13.333333333333334,500.0,30912243.98681632,6940.176465748352,4419.458363045828,9.102339826940264,33.941225583291185,36.03274430982172,41.498665211570525,57.369293262625085,17.95851595357707,5.211348800272397,8.376148412347781,68.61784334065467,33.17113974639343,103.30658540257232,46.7369355022036,115.1441491702927,27.590969583227157,90.2823707368452,17.371546185234926
13.333333333333334,500.0,30912243.98681632,6940.176465748352,4419.458363045828,36.03274430982172,41.498665211570525,5.211348800272397,8.376148412347781,57.369293262625085,17.95851595357707,9.102339826940264,33.941225583291185,103.30658540257232,46.7369355022036,90.2823707368452,17.371546185234926,115.1441491702927,27.590969583227157,68.61784334065467,33.17113974639343
13.333333333333334,500.0,30912243.98681632,6940.176465748352,4419.458363045828,36.03274430982172,41.498665211570525,5.211348800272397,8.376148412347781,9.102339826940264,33.941225583291185,57.369293262625085,17.95851595357707,103.30658540257232,46.7369355022036,90.2823707368452,17.371546185234926,68.61784334065467,33.17113974639343,115.1441491702927,27.590969583227157
13.333333333333334,500.0,30912243.98681632,6940.176465748352,4419.458363045828,36.03274430982172,41.498665211570525,57.369293262625085,17.95851595357707,5.211348800272397,8.376148412347781,9.102339826940264,33.941225583291185,103.30658540257232,46.7369355022036,115.1441491702927,27.590969583227157,90.2823707368452,17.371546185234926,68.61784334065467,33.17113974639343
13.333333333333334,500.0,30912243.98681632,6940.176465748352,4419.458363045828,36.03274430982172,41.498665211570525,57.369293262625085,17.95851595357707,9.102339826940264,33.941225583291185,5.211348800272397,8.376148412347781,103.30658540257232,46.7369355022036,115.1441491702927,27.590969583227157,68.61784334065467,33.17113974639343,90.2823707368452,17.371546185234926
13.333333333333334,500.0,30912243.98681632,6940.176465748352,4419.458363045828,36.03274430982172,41.498665211570525,9.102339826940264,33.941225583291185,5.211348800272397,8.376148412347781,57.369293262625085,17.95851595357707,103.30658540257232,46.7369355022036,68.61784334065467,33.17113974639343,90.2823707368452,17.371546185234926,115.1441491702927,27.590969583227157
13.333333333333334,500.0,30912243.98681632,6940.176465748352,4419.458363045828,36.03274430982172,41.498665211570525,9.102339826940264,33.941225583291185,57.369293262625085,17.95851595357707,5.211348800272397,8.376148412347781,103.30658540257232,46.7369355022036,68.61784334065467,33.17113974639343,115.1441491702927,27.590969583227157,90.2823707368452,17.371546185234926
13.333333333333334,500.0,15641831.97001624,6925.5528523117655,2024.130252746196,44.34573782095048,36.33570249394532,0.3037399981834165,56.947888135775045,59.54855169804455,1.5227202548656282,20.561475412279616,42.77581139119352,117.5965065663469,51.89668165031771,62.665447785744654,27.50280488097977,113.80184430946107,28.73060444424279,98.5732263483335,41.71104037445282
13.333333333333334,500.0,15641831.97001624,6925.5528523117655,2024.130252746196,44.34573782095048,36.33570249394532,20.561475412279616,42.77581139119352,0.3037399981834165,56.947888135775045,59.54855169804455,1.5227202548656282,117.5965065663469,51.89668165031771,98.5732263483335,41.71104037445282,62.665447785744654,27.50280488097977,113.80184430946107,28.73060444424279
13.333333333333334,500.0,15641831.97001624,6925.5528523117655,2024.130252746196,44.34573782095048,36.33570249394532,20.561475412279616,42.77581139119352,59.54855169804455,1.5227202548656282,0.3037399981834165,56.947888135775045,117.5965065663469,51.89668165031771,98.5732263483335,41.71104037445282,113.80184430946107,28.73060444424279,62.665447785744654,27.50280488097977
13.333333333333334,500.0,15641831.97001624,6925.5528523117655,2024.130252746196,44.34573782095048,36.33570249394532,59.54855169804455,1.5227202548656282,0.3037399981834165,56.947888135775045,20.561475412279616,42.77581139119352,117.5965065663469,51.89668165031771,113.80184430946107,28.73060444424279,62.665447785744654,27.50280488097977,98.5732263483335,41.71104037445282
13.333333333333334,500.0,15641831.97001624,6925.5528523117655,2024.130252746196,44.34573782095048,36.33570249394532,59.54855169804455,1.5227202548656282,20.561475412279616,42.77581139119352,0.3037399981834165,56.947888135775045,117.5965065663469,51.89668165031771,113.80184430946107,28.73060444424279,98.5732263483335,41.71104037445282,62.665447785744654,27.50280488097977
13.333333333333334,500.0,15641831.97001624,6925.5528523117655,2024.130252746196,0.3037399981834165,56.947888135775045,44.34573782095048,36.33570249394532,20.561475412279616,42.77581139119352,59.54855169804455,1.5227202548656282,62.665447785744654,27.50280488097977,117.5965065663469,51.89668165031771,98.5732263483335,41.71104037445282,113.80184430946107,28.73060444424279
13.333333333333334,500.0,15641831.97001624,6925.5528523117655,2024.130252746196,0.3037399981834165,56.947888135775045,44.34573782095048,36.33570249394532,59.54855169804455,1.5227202548656282,20.561475412279616,42.77581139119352,62.665447785744654,27.50280488097977,117.5965065663469,51.89668165031771,113.80184430946107,28.73060444424279,98.5732263483335,41.71104037445282
13.333333333333334,500.0,15641831.97001624,6925.5528523117655,2024.130252746196,0.3037399981834165,56.947888135775045,20.561475412279616,42.77581139119352,44.34573782095048,36.33570249394532,59.54855169804455,1.5227202548656282,62.665447785744654,27.50280488097977,98.5732263483335,41.71104037445282,117.5965065663469,51.89668165031771,113.80184430946107,28.73060444424279
13.333333333333334,500.0,15641831.97001624,6925.5528523117655,2024.130252746196,0.3037399981834165,56.947888135775045,20.561475412279616,42.77581139119352,59.54855169804455,1.5227202548656282,44.34573782095048,36.33570249394532,62.665447785744654,27.50280488097977,98.5732263483335,41.71104037445282,113.80184430946107,28.73060444424279,117.5965065663469,51.89668165031771
13.333333333333334,500.0,15641831.97001624,6925.5528523117655,2024.130252746196,0.3037399981834165,56.947888135775045,59.54855169804455,1.5227202548656282,44.34573782095048,36.33570249394532,20.561475412279616,42.77581139119352,62.665447785744654,27.50280488097977,113.80184430946107,28.73060444424279,117.5965065663469,51.89668165031771,98.5732263483335,41.71104037445282
13.333333333333334,500.0,15641831.97001624,6925.5528523117655,2024.130252746196,0.3037399981834165,56.947888135775045,59.54855169804455,1.5227202548656282,20.561475412279616,42.77581139119352,44.34573782095048,36.33570249394532,62.665447785744654,27.50280488097977,113.80184430946107,28.73060444424279,98.5732263483335,41.71104037445282,117.5965065663469,51.89668165031771
13.333333333333334,500.0,15641831.97001624,6925.5528523117655,2024.130252746196,20.561475412279616,42.77581139119352,44.34573782095048,36.33570249394532,0.3037399981834165,56.947888135775045,59.54855169804455,1.5227202548656282,98.5732263483335,41.71104037445282,117.5965065663469,51.89668165031771,62.665447785744654,27.50280488097977,113.80184430946107,28.73060444424279
13.333333333333334,500.0,15641831.97001624,6925.5528523117655,2024.130252746196,20.561475412279616,42.77581139119352,44.34573782095048,36.33570249394532,59.54855169804455,1.5227202548656282,0.3037399981834165,56.947888135775045,98.5732263483335,41.71104037445282,117.5965065663469,51.89668165031771,113.80184430946107,28.73060444424279,62.665447785744654,27.50280488097977
13.333333333333334,500.0,15641831.97001624,6925.5528523117655,2024.130252746196,20.561475412279616,42.77581139119352,0.3037399981834165,56.947888135775045,44.34573782095048,36.33570249394532,59.54855169804455,1.5227202548656282,98.5732263483335,41.71104037445282,62.665447785744654,27.50280488097977,117.5965065663469,51.89668165031771,113.80184430946107,28.73060444424279
13.333333333333334,500.0,15641831.97001624,6925.5528523117655,2024.130252746196,20.561475412279616,42.77581139119352,0.3037399981834165,56.947888135775045,59.54855169804455,1.5227202548656282,44.34573782095048,36.33570249394532,98.5732263483335,41.71104037445282,62.665447785744654,27.50280488097977,113.80184430946107,28.73060444424279,117.5965065663469,51.89668165031771
13.333333333333334,500.0,15641831.97001624,6925.5528523117655,2024.130252746196,20.561475412279616,42.77581139119352,59.54855169804455,1.5227202548656282,44.34573782095048,36.33570249394532,0.3037399981834165,56.947888135775045,98.5732263483335,41.71104037445282,113.80184430946107,28.73060444424279,117.5965065663469,51.89668165031771,62.665447785744654,27.50280488097977
13.333333333333334,500.0,15641831.97001624,6925.5528523117655,2024.130252746196,20.561475412279616,42.77581139119352,59.54855169804455,1.5227202548656282,0.3037399981834165,56.947888135775045,44.34573782095048,36.33570249394532,98.5732263483335,41.71104037445282,113.80184430946107,28.73060444424279,62.665447785744654,27.50280488097977,117.5965065663469,51.89668165031771
13.333333333333334,500.0,15641831.97001624,6925.5528523117655,2024.130252746196,59.54855169804455,1.5227202548656282,44.34573782095048,36.33570249394532,0.3037399981834165,56.947888135775045,20.561475412279616,42.77581139119352,113.80184430946107,28.73060444424279,117.5965065663469,51.89668165031771,62.665447785744654,27.50280488097977,98.5732263483335,41.71104037445282
13.333333333333334,500.0,15641831.97001624,6925.5528523117655,2024.130252746196,59.54855169804455,1.5227202548656282,44.34573782095048,36.33570249394532,20.561475412279616,42.77581139119352,0.3037399981834165,56.947888135775045,113.80184430946107,28.73060444424279,117.5965065663469,51.89668165031771,98.5732263483335,41.71104037445282,62.665447785744654,27.50280488097977
13.333333333333334,500.0,15641831.97001624,6925.5528523117655,2024.130252746196,59.54855169804455,1.5227202548656282,0.3037399981834165,56.947888135775045,44.34573782095048,36.33570249394532,20.561475412279616,42.77581139119352,113.80184430946107,28.73060444424279,62.665447785744654,27.50280488097977,117.5965065663469,51.89668165031771,98.5732263483335,41.71104037445282
13.333333333333334,500.0,15641831.97001624,6925.5528523117655,2024.130252746196,59.54855169804455,1.5227202548656282,0.3037399981834165,56.947888135775045,20.561475412279616,42.77581139119352,44.34573782095048,36.33570249394532,113.80184430946107,28.73060444424279,62.665447785744654,27.50280488097977,98.5732263483335,41.71104037445282,117.5965065663469,51.89668165031771
13.333333333333334,500.0,15641831.97001624,6925.5528523117655,2024.130252746196,59.54855169804455,1.5227202548656282,20.561475412279616,42.77581139119352,44.34573782095048,36.33570249394532,0.3037399981834165,56.947888135775045,113.80184430946107,28.73060444424279,98.5732263483335,41.71104037445282,117.5965065663469,51.89668165031771,62.665447785744654,27.50280488097977
13.333333333333334,500.0,15641831.97001624,6925.5528523117655,2024.130252746196,59.54855169804455,1.5227202548656282,20.561475412279616,42.77581139119352,0.3037399981834165,56.947888135775045,44.34573782095048,36.33570249394532,113.80184430946107,28.73060444424279,98.5732263483335,41.71104037445282,62.665447785744654,27.50280488097977,117.5965065663469,51.89668165031771
26.666666666666668,500.0,19849321.83976525,6074.342287644427,2986.0036402956634,12.185706071055533,9.871360616351224,38.18921908201288,21.308982164732328,2.5780299027295883,43.858517242007046,58.72518985345108,37.79540027620673,71.45542652824149,34.57999709459388,92.33531727314102,24.383824723168026,84.65666182566143,51.13007361597791,109.636236634187,36.30405601903767
26.666666666666668,500.0,19849321.83976525,6074.342287644427,2986.0036402956634,12.185706071055533,9.871360616351224,58.72518985345108,37.79540027620673,38.18921908201288,21.308982164732328,2.5780299027295883,43.858517242007046,71.45542652824149,34.57999709459388,109.636236634187,36.30405601903767,92.33531727314102,24.383824723168026,84.65666182566143,51.13007361597791
26.666666666666668,500.0,19849321.83976525,6074.342287644427,2986.0036402956634,12.185706071055533,9.871360616351224,58.72518985345108,37.79540027620673,2.5780299027295883,43.858517242007046,38.18921908201288,21.308982164732328,71.45542652824149,34.57999709459388,109.636236634187,36.30405601903767,84.65666182566143,51.13007361597791,92.33531727314102,24.383824723168026
26.666666666666668,500.0,19849321.83976525,6074.342287644427,2986.0036402956634,12.185706071055533,9.871360616351224,2.5780299027295883,43.858517242007046,38.18921908201288,21.308982164732328,58.72518985345108,37.79540027620673,71.45542652824149,34.57999709459388,84.65666182566143,51.13007361597791,92.33531727314102,24.383824723168026,109.636236634187,36.30405601903767
26.666666666666668,500.0,19849321.83976525,6074.342287644427,2986.0036402956634,12.185706071055533,9.871360616351224,2.5780299027295883,43.858517242007046,58.72518985345108,37.79540027620673,38.18921908201288,21.308982164732328,71.45542652824149,34.57999709459388,84.65666182566143,51.13007361597791,109.636236634187,36.30405601903767,92.33531727314102,24.383824723168026
26.666666666666668,500.0,19849321.83976525,6074.342287644427,2986.0036402956634,38.18921908201288,21.308982164732328,12.185706071055533,9.871360616351224,58.72518985345108,37.79540027620673,2.5780299027295883,43.858517242007046,92.33531727314102,24.383824723168026,71.45542652824149,34.57999709459388,109.636236634187,36.30405601903767,84.65666182566143,51.13007361597791
26.666666666666668,500.0,19849321.83976525,6074.342287644427,2986.0036402956634,38.18921908201288,21.308982164732328,12.185706071055533,9.871360616351224,2.5780299027295883,43.858517242007046,58.72518985345108,37.79540027620673,92.33531727314102,24.383824723168026,71.45542652824149,34.57999709459388,84.65666182566143,51.13007361597791,109.636236634187,36.30405601903767
26.666666666666668,500.0,19849321.83976525,6074.342287644427,2986.0036402956634,38.18921908201288,21.308982164732328,58.72518985345108,37.79540027620673,12.185706071055533,9.871360616351224,2.5780299027295883,43.858517242007046,92.33531727314102,24.383824723168026,109.636236634187,36.30405601903767,71.45542652824149,34.57999709459388,84.65666182566143,51.13007361597791
26.666666666666668,500.0,19849321.83976525,6074.342287644427,2986.0036402956634,38.18921908201288,21.308982164732328,58.72518985345108,37.79540027620673,2.5780299027295883,43.858517242007046,12.185706071055533,9.871360616351224,92.33531727314102,24.383824723168026,109.636236634187,36.30405601903767,84.65666182566143,51.13007361597791,71.45542652824149,34.57999709459388
26.666666666666668,500.0,19849321.83976525,6074.342287644427,2986.0036402956634,38.18921908201288,21.308982164732328,2.5780299027295883,43.858517242007046,12.185706071055533,9.871360616351224,58.72518985345108,37.79540027620673,92.33531727314102,24.383824723168026,84.65666182566143,51.13007361597791,71.45542652824149,34.57999709459388,109.636236634187,36.30405601903767
26.666666666666668,500.0,19849321.83976525,6074.342287644427,2986.0036402956634,38.18921908201288,21.308982164732328,2.5780299027295883,43.858517242007046,58.72518985345108,37.79540027620673,12.185706071055533,9.871360616351224,92.33531727314102,24.383824723168026,84.65666182566143,51.13007361597791,109.636236634187,36.30405601903767,71.45542652824149,34.57999709459388
26.666666666666668,500.0,19849321.83976525,6074.342287644427,2986.0036402956634,58.72518985345108,37.79540027620673,12.185706071055533,9.871360616351224,38.18921908201288,21.308982164732328,2.5780299027295883,43.858517242007046,109.636236634187,36.30405601903767,71.45542652824149,34.57999709459388,92.33531727314102,24.383824723168026,84.65666182566143,51.13007361597791
26.666666666666668,500.0,19849321.83976525,6074.342287644427,2986.0036402956634,58.72518985345108,37.79540027620673,12.185706071055533,9.871360616351224,2.5780299027295883,43.858517242007046,38.18921908201288,21.308982164732328,109.636236634187,36.30405601903767,71.45542652824149,34.57999709459388,84.65666182566143,51.13007361597791,92.33531727314102,24.383824723168026
26.666666666666668,500.0,19849321.83976525,6074.342287644427,2986.0036402956634,58.72518985345108,37.79540027620673,38.18921908201288,21.308982164732328,12.185706071055533,9.871360616351224,2.5780299027295883,43.858517242007046,109.636236634187,36.30405601903767,92.33531727314102,24.383824723168026,71.45542652824149,34.57999709459388,84.65666182566143,51.13007361597791
26.666666666666668,500.0,19849321.83976525,6074.342287644427,2986.0036402956634,58.72518985345108,37.79540027620673,38.18921908201288,21.308982164732328,2.5780299027295883,43.858517242007046,12.185706071055533,9.871360616351224,109.636236634187,36.30405601903767,92.33531727314102,24.383824723168026,84.65666182566143,51.13007361597791,71.45542652824149,34.57999709459388
26.666666666666668,500.0,19849321.83976525,6074.342287644427,2986.0036402956634,58.72518985345108,37.79540027620673,2.5780299027295883,43.858517242007046,12.185706071055533,9.871360616351224,38.18921908201288,21.308982164732328,109.636236634187,36.30405601903767,84.65666182566143,51.13007361597791,71.45542652824149,34.57999709459388,92.33531727314102,24.383824723168026
26.666666666666668,500.0,19849321.83976525,6074.342287644427,2986.0036402956634,58.72518985345108,37.79540027620673,2.5780299027295883,43.858517242007046,38.18921908201288,21.308982164732328,12.185706071055533,9.871360616351224,109.636236634187,36.30405601903767,84.65666182566143,51.13007361597791,92.33531727314102,24.383824723168026,71.45542652824149,34.57999709459388
26.666666666666668,500.0,19849321.83976525,6074.342287644427,2986.0036402956634,2.5780299027295883,43.858517242007046,12.185706071055533,9.871360616351224,38.18921908201288,21.308982164732328,58.72518985345108,37.79540027620673,84.65666182566143,51.13007361597791,71.45542652824149,34.57999709459388,92.33531727314102,24.383824723168026,109.636236634187,36.30405601903767
26.666666666666668,500.0,19849321.83976525,6074.342287644427,2986.0036402956634,2.5780299027295883,43.858517242007046,12.185706071055533,9.871360616351224,58.72518985345108,37.79540027620673,38.18921908201288,21.308982164732328,84.65666182566143,51.13007361597791,71.45542652824149,34.57999709459388,109.636236634187,36.30405601903767,92.33531727314102,24.383824723168026
26.666666666666668,500.0,19849321.83976525,6074.342287644427,2986.0036402956634,2.5780299027295883,43.858517242007046,38.18921908201288,21.308982164732328,12.185706071055533,9.871360616351224,58.72518985345108,37.79540027620673,84.65666182566143,51.13007361597791,92.33531727314102,24.383824723168026,71.45542652824149,34.57999709459388,109.636236634187,36.30405601903767
26.666666666666668,500.0,19849321.83976525,6074.342287644427,2986.0036402956634,2.5780299027295883,43.858517242007046,38.18921908201288,21.308982164732328,58.72518985345108,37.79540027620673,12.185706071055533,9.871360616351224,84.65666182566143,51.13007361597791,92.33531727314102,24.383824723168026,109.636236634187,36.30405601903767,71.45542652824149,34.57999709459388
26.666666666666668,500.0,19849321.83976525,6074.342287644427,2986.0036402956634,2.5780299027295883,43.858517242007046,58.72518985345108,37.79540027620673,12.185706071055533,9.871360616351224,38.18921908201288,21.308982164732328,84.65666182566143,51.13007361597791,109.636236634187,36.30405601903767,71.45542652824149,34.57999709459388,92.33531727314102,24.383824723168026
26.666666666666668,500.0,19849321.83976525,6074.342287644427,2986.0036402956634,2.5780299027295883,43.858517242007046,58.72518985345108,37.79540027620673,38.18921908201288,21.308982164732328,12.185706071055533,9.871360616351224,84.65666182566143,51.13007361597791,109.636236634187,36.30405601903767,92.33531727314102,24.383824723168026,71.45542652824149,34.57999709459388
26.666666666666668,500.0,11058027.660899194,5906.51862375462,1709.4798228627203,35.82627493799728,53.58846969708266,43.20819699126219,7.507231169927746,12.730123982247626,51.94818559507895,11.735130422584266,27.941518173983763,118.10539305131394,33.22031888205214,71.55546197630116,13.287802402441908,94.52575093538296,46.30295817660689,67.98905633922114,39.8681298110111
26.666666666666668,500.0,11058027.660899194,5906.51862375462,1709.4798228627203,35.82627493799728,53.58846969708266,11.735130422584266,27.941518173983763,43.20819699126219,7.507231169927746,12.730123982247626,51.94818559507895,118.10539305131394,33.22031888205214,67.98905633922114,39.8681298110111,71.55546197630116,13.287802402441908,94.52575093538296,46.30295817660689
26.666666666666668,500.0,11058027.660899194,5906.51862375462,1709.4798228627203,35.82627493799728,53.58846969708266,11.735130422584266,27.941518173983763,12.730123982247626,51.94818559507895,43.20819699126219,7.507231169927746,118.10539305131394,33.22031888205214,67.98905633922114,39.8681298110111,94.52575093538296,46.30295817660689,71.55546197630116,13.287802402441908
26.666666666666668,500.0,11058027.660899194,5906.51862375462,1709.4798228627203,35.82627493799728,53.58846969708266,12.730123982247626,51.94818559507895,43.20819699126219,7.507231169927746,11.735130422584266,27.941518173983763,118.10539305131394,33.22031888205214,94.52575093538296,46.30295817660689,71.55546197630116,13.287802402441908,67.98905633922114,39.8681298110111
26.666666666666668,500.0,11058027.660899194,5906.51862375462,1709.4798228627203,35.82627493799728,53.58846969708266,12.730123982247626,51.94818559507895,11.735130422584266,27.941518173983763,43.20819699126219,7.507231169927746,118.10539305131394,33.22031888205214,94.52575093538296,46.30295817660689,67.98905633922114,39.8681298110111,71.55546197630116,13.287802402441908
26.666666666666668,500.0,11058027.660899194,5906.51862375462,1709.4798228627203,43.20819699126219,7.507231169927746,35.82627493799728,53.58846969708266,11.735130422584266,27.941518173983763,12.730123982247626,51.94818559507895,71.55546197630116,13.287802402441908,118.10539305131394,33.22031888205214,67.98905633922114,39.8681298110111,94.52575093538296,46.30295817660689
26.666666666666668,500.0,11058027.660899194,5906.51862375462,1709.4798228627203,43.20819699126219,7.507231169927746,35.82627493799728,53.58846969708266,12.730123982247626,51.94818559507895,11.735130422584266,27.941518173983763,71.55546197630116,13.287802402441908,118.10539305131394,33.22031888205214,94.52575093538296,46.30295817660689,67.98905633922114,39.8681298110111
26.666666666666668,500.0,11058027.660899194,5906.51862375462,1709.4798228627203,43.20819699126219,7.507231169927746,11.735130422584266,27.941518173983763,35.82627493799728,53.58846969708266,12.730123982247626,51.94818559507895,71.55546197630116,13.287802402441908,67.98905633922114,39.8681298110111,118.10539305131394,33.22031888205214,94.52575093538296,46.30295817660689
26.666666666666668,500.0,11058027.660899194,5906.51862375462,1709.4798228627203,43.20819699126219,7.507231169927746,11.735130422584266,27.941518173983763,12.730123982247626,51.94818559507895,35.82627493799728,53.58846969708266,71.55546197630116,13.287802402441908,67.98905633922114,39.8681298110111,94.52575093538296,46.30295817660689,118.10539305131394,33.22031888205214
26.666666666666668,500.0,11058027.660899194,5906.51862375462,1709.4798228627203,43.20819699126219,7.507231169927746,12.730123982247626,51.94818559507895,35.82627493799728,53.58846969708266,11.735130422584266,27.941518173983763,71.55546197630116,13.287802402441908,94.52575093538296,46.30295817660689,118.10539305131394,33.22031888205214,67.98905633922114,39.8681298110111
26.666666666666668,500.0,11058027.660899194,5906.51862375462,1709.4798228627203,43.20819699126219,7.507231169927746,12.730123982247626,51.94818559507895,11.735130422584266,27.941518173983763,35.82627493799728,53.58846969708266,71.55546197630116,13.287802402441908,94.52575093538296,46.30295817660689,67.98905633922114,39.8681298110111,118.10539305131394,33.22031888205214
26.666666666666668,500.0,11058027.660899194,5906.51862375462,1709.4798228627203,11.735130422584266,27.941518173983763,35.82627493799728,53.58846969708266,43.20819699126219,7.507231169927746,12.730123982247626,51.94818559507895,67.98905633922114,39.8681298110111,118.10539305131394,33.22031888205214,71.55546197630116,13.287802402441908,94.52575093538296,46.30295817660689
26.666666666666668,500.0,11058027.660899194,5906.51862375462,1709.4798228627203,11.735130422584266,27.941518173983763,35.82627493799728,53.58846969708266,12.730123982247626,51.94818559507895,43.20819699126219,7.507231169927746,67.98905633922114,39.8681298110111,118.10539305131394,33.22031888205214,94.52575093538296,46.30295817660689,71.55546197630116,13.287802402441908
26.666666666666668,500.0,11058027.660899194,5906.51862375462,1709.4798228627203,11.735130422584266,27.941518173983763,43.20819699126219,7.507231169927746,35.82627493799728,53.58846969708266,12.730123982247626,51.94818559507895,67.98905633922114,39.8681298110111,71.55546197630116,13.287802402441908,118.10539305131394,33.22031888205214,94.52575093538296,46.30295817660689
26.666666666666668,500.0,11058027.660899194,5906.51862375462,1709.4798228627203,11.735130422584266,27.941518173983763,43.20819699126219,7.507231169927746,12.730123982247626,51.94818559507895,35.82627493799728,53.58846969708266,67.98905633922114,39.8681298110111,71.55546197630116,13.287802402441908,94.52575093538296,46.30295817660689,118.10539305131394,33.22031888205214
26.666666666666668,500.0,11058027.660899194,5906.51862375462,1709.4798228627203,11.735130422584266,27.941518173983763,12.730123982247626,51.94818559507895,35.82627493799728,53.58846969708266,43.20819699126219,7.507231169927746,67.98905633922114,39.8681298110111,94.52575093538296,46.30295817660689,118.10539305131394,33.22031888205214,71.55546197630116,13.287802402441908
26.666666666666668,500.0,11058027.660899194,5906.51862375462,1709.4798228627203,11.735130422584266,27.941518173983763,12.730123982247626,51.94818559507895,43.20819699126219,7.507231169927746,35.82627493799728,53.58846969708266,67.98905633922114,39.8681298110111,94.52575093538296,46.30295817660689,71.55546197630116,13.287802402441908,118.10539305131394,33.22031888205214
26.666666666666668,500.0,11058027.660899194,5906.51862375462,1709.4798228627203,12.730123982247626,51.94818559507895,35.82627493799728,53.58846969708266,43.20819699126219,7.507231169927746,11.735130422584266,27.941518173983763,94.52575093538296,46.30295817660689,118.10539305131394,33.22031888205214,71.55546197630116,13.287802402441908,67.98905633922114,39.8681298110111
26.666666666666668,500.0,11058027.660899194,5906.51862375462,1709.4798228627203,12.730123982247626,51.94818559507895,35.82627493799728,53.58846969708266,11.735130422584266,27.941518173983763,43.20819699126219,7.507231169927746,94.52575093538296,46.30295817660689,118.10539305131394,33.22031888205214,67.98905633922114,39.8681298110111,71.55546197630116,13.287802402441908
26.666666666666668,500.0,11058027.660899194,5906.51862375462,1709.4798228627203,12.730123982247626,51.94818559507895,43.20819699126219,7.507231169927746,35.82627493799728,53.58846969708266,11.735130422584266,27.941518173983763,94.52575093538296,46.30295817660689,71.55546197630116,13.287802402441908,118.10539305131394,33.22031888205214,67.98905633922114,39.8681298110111
26.666666666666668,500.0,11058027.660899194,5906.51862375462,1709.4798228627203,12.730123982247626,51.94818559507895,43.20819699126219,7.507231169927746,11.735130422584266,27.941518173983763,35.82627493799728,53.58846969708266,94.52575093538296,46.30295817660689,71.55546197630116,13.287802402441908,67.98905633922114,39.8681298110111,118.10539305131394,33.22031888205214
26.666666666666668,500.0,11058027.660899194,5906.51862375462,1709.4798228627203,12.730123982247626,51.94818559507895,11.735130422584266,27.941518173983763,35.82627493799728,53.58846969708266,43.20819699126219,7.507231169927746,94.52575093538296,46.30295817660689,67.98905633922114,39.8681298110111,118.10539305131394,33.22031888205214,71.55546197630116,13.287802402441908
26.666666666666668,500.0,11058027.660899194,5906.51862375462,1709.4798228627203,12.730123982247626,51.94818559507895,11.735130422584266,27.941518173983763,43.20819699126219,7.507231169927746,35.82627493799728,53.58846969708266,94.52575093538296,46.30295817660689,67.98905633922114,39.8681298110111,71.55546197630116,13.287802402441908,118.10539305131394,33.22031888205214
26.666666666666668,500.0,21743259.60761087,7184.9785149543895,2851.3856671108606,54.54792674276843,52.36671813014358,26.083593019704068,55.73514920181355,53.37758006349498,9.829793063811872,7.387638858235346,41.06335839119891,117.59107029332318,56.88884727767775,93.18642317510836,52.26497731815017,106.9796386457713,33.18215387342493,80.72444490904105,34.364094679577434
26.666666666666668,500.0,21743259.60761087,7184.9785149543895,2851.3856671108606,54.54792674276843,52.36671813014358,7.387638858235346,41.06335839119891,26.083593019704068,55.73514920181355,53.37758006349498,9.829793063811872,117.59107029332318,56.88884727767775,80.72444490904105,34.364094679577434,93.18642317510836,52.26497731815017,106.9796386457713,33.18215387342493
26.666666666666668,500.0,21743259.60761087,7184.9785149543895,2851.3856671108606,54.54792674276843,52.36671813014358,7.387638858235346,41.06335839119891,53.37758006349498,9.829793063811872,26.083593019704068,55.73514920181355,117.59107029332318,56.88884727767775,80.72444490904105,34.364094679577434,106.9796386457713,33.18215387342493,93.18642317510836,52.26497731815017
26.666666666666668,500.0,21743259.60761087,7184.9785149543895,2851.3856671108606,54.54792674276843,52.36671813014358,53.37758006349498,9.829793063811872,26.083593019704068,55.73514920181355,7.387638858235346,41.06335839119891,117.59107029332318,56.88884727767775,106.9796386457713,33.18215387342493,93.18642317510836,52.26497731815017,80.72444490904105,34.364094679577434
26.666666666666668,500.0,21743259.60761087,7184.9785149543895,2851.3856671108606,54.54792674276843,52.36671813014358,53.37758006349498,9.829793063811872,7.387638858235346,41.06335839119891,26.083593019704068,55.73514920181355,117.59107029332318,56.88884727767775,106.9796386457713,33.18215387342493,80.72444490904105,34.364094679577434,93.18642317510836,52.26497731815017
26.666666666666668,500.0,21743259.60761087,7184.9785149543895,2851.3856671108606,26.083593019704068,55.73514920181355,54.54792674276843,52.36671813014358,7.387638858235346,41.06335839119891,53.37758006349498,9.829793063811872,93.18642317510836,52.26497731815017,117.59107029332318,56.88884727767775,80.72444490904105,34.364094679577434,106.9796386457713,33.18215387342493
26.666666666666668,500.0,21743259.60761087,7184.9785149543895,2851.3856671108606,26.083593019704068,55.73514920181355,54.54792674276843,52.36671813014358,53.37758006349498,9.829793063811872,7.387638858235346,41.06335839119891,93.18642317510836,52.26497731815017,117.59107029332318,56.88884727767775,106.9796386457713,33.18215387342493,80.72444490904105,34.364094679577434
26.666666666666668,500.0,21743259.60761087,7184.9785149543895,2851.3856671108606,26.083593019704068,55.73514920181355,7.387638858235346,41.06335839119891,54.54792674276843,52.36671813014358,53.37758006349498,9.829793063811872,93.18642317510836,52.26497731815017,80.72444490904105,34.364094679577434,117.59107029332318,56.88884727767775,106.9796386457713,33.18215387342493
26.666666666666668,500.0,21743259.60761087,7184.9785149543895,2851.3856671108606,26.083593019704068,55.73514920181355,7.387638858235346,41.06335839119891,53.37758006349498,9.829793063811872,54.54792674276843,52.36671813014358,93.18642317510836,52.26497731815017,80.72444490904105,34.364094679577434,106.9796386457713,33.18215387342493,117.59107029332318,56.88884727767775
26.666666666666668,500.0,21743259.60761087,7184.9785149543895,2851.3856671108606,26.083593019704068,55.73514920181355,53.37758006349498,9.829793063811872,54.54792674276843,52.36671813014358,7.387638858235346,41.06335839119891,93.18642317510836,52.26497731815017,106.9796386457713,33.18215387342493,117.59107029332318,56.88884727767775,80.72444490904105,34.364094679577434
26.666666666666668,500.0,21743259.60761087,7184.9785149543895,2851.3856671108606,26.083593019704068,55.73514920181355,53.37758006349498,9.829793063811872,7.387638858235346,41.06335839119891,54.54792674276843,52.36671813014358,93.18642317510836,52.26497731815017,106.9796386457713,33.18215387342493,80.72444490904105,34.364094679577434,117.59107029332318,56.88884727767775
26.666666666666668,500.0,21743259.60761087,7184.9785149543895,2851.3856671108606,7.387638858235346,41.06335839119891,54.54792674276843,52.36671813014358,26.083593019704068,55.73514920181355,53.37758006349498,9.829793063811872,80.72444490904105,34.364094679577434,117.59107029332318,56.88884727767775,93.18642317510836,52.26497731815017,106.9796386457713,33.18215387342493
26.666666666666668,500.0,21743259.60761087,7184.9785149543895,2851.3856671108606,7.387638858235346,41.06335839119891,54.54792674276843,52.36671813014358,53.37758006349498,9.829793063811872,26.083593019704068,55.73514920181355,80.72444490904105,34.364094679577434,117.59107029332318,56.88884727767775,106.9796386457713,33.18215387342493,93.18642317510836,52.26497731815017
26.666666666666668,500.0,21743259.60761087,7184.9785149543895,2851.3856671108606,7.387638858235346,41.06335839119891,26.083593019704068,55.73514920181355,54.54792674276843,52.36671813014358,53.37758006349498,9.829793063811872,80.72444490904105,34.364094679577434,93.18642317510836,52.26497731815017,117.59107029332318,56.88884727767775,106.9796386457713,33.18215387342493
26.666666666666668,500.0,21743259.60761087,7184.9785149543895,2851.3856671108606,7.387638858235346,41.06335839119891,26.083593019704068,55.73514920181355,53.37758006349498,9.829793063811872,54.54792674276843,52.36671813014358,80.72444490904105,34.364094679577434,93.18642317510836,52.26497731815017,106.9796386457713,33.18215387342493,117.59107029332318,56.88884727767775
26.666666666666668,500.0,21743259.60761087,7184.9785149543895,2851.3856671108606,7.387638858235346,41.06335839119891,53.37758006349498,9.829793063811872,54.54792674276843,52.36671813014358,26.083593019704068,55.73514920181355,80.72444490904105,34.364094679577434,106.9796386457713,33.18215387342493,117.59107029332318,56.88884727767775,93.18642317510836,52.26497731815017
26.666666666666668,500.0,21743259.60761087,7184.9785149543895,2851.3856671108606,7.387638858235346,41.06335839119891,53.37758006349498,9.829793063811872,26.083593019704068,55.73514920181355,54.54792674276843,52.36671813014358,80.72444490904105,34.364094679577434,106.9796386457713,33.18215387342493,93.18642317510836,52.26497731815017,117.59107029332318,56.88884727767775
26.666666666666668,500.0,21743259.60761087,7184.9785149543895,2851.3856671108606,53.37758006349498,9.829793063811872,54.54792674276843,52.36671813014358,26.083593019704068,55.73514920181355,7.387638858235346,41.06335839119891,106.9796386457713,33.18215387342493,117.59107029332318,56.88884727767775,93.18642317510836,52.26497731815017,80.72444490904105,34.364094679577434
26.666666666666668,500.0,21743259.60761087,7184.9785149543895,2851.3856671108606,53.37758006349498,9.829793063811872,54.54792674276843,52.36671813014358,7.387638858235346,41.06335839119891,26.083593019704068,55.73514920181355,106.9796386457713,33.18215387342493,117.59107029332318,56.88884727767775,80.72444490904105,34.364094679577434,93.18642317510836,52.26497731815017
26.666666666666668,500.0,21743259.60761087,7184.9785149543895,2851.3856671108606,53.37758006349498,9.829793063811872,26.083593019704068,55.73514920181355,54.54792674276843,52.36671813014358,7.387638858235346,41.06335839119891,106.9796386457713,33.18215387342493,93.18642317510836,52.26497731815017,117.59107029332318,56.88884727767775,80.72444490904105,34.364094679577434
26.666666666666668,500.0,21743259.60761087,7184.9785149543895,2851.3856671108606,53.37758006349498,9.829793063811872,26.083593019704068,55.73514920181355,7.387638858235346,41.06335839119891,54.54792674276843,52.36671813014358,106.9796386457713,33.18215387342493,93.18642317510836,52.26497731815017,80.72444490904105,34.364094679577434,117.59107029332318,56.88884727767775
26.666666666666668,500.0,21743259.60761087,7184.9785149543895,2851.3856671108606,53.37758006349498,9.829793063811872,7.387638858235346,41.06335839119891,54.54792674276843,52.36671813014358,26.083593019704068,55.73514920181355,106.9796386457713,33.18215387342493,80.72444490904105,34.364094679577434,117.59107029332318,56.88884727767775,93.18642317510836,52.26497731815017
26.666666666666668,500.0,21743259.60761087,7184.9785149543895,2851.3856671108606,53.37758006349498,9.829793063811872,7.387638858235346,41.06335839119891,26.083593019704068,55.73514920181355,54.54792674276843,52.36671813014358,106.9796386457713,33.18215387342493,80.72444490904105,34.364094679577434,93.18642317510836,52.26497731815017,117.59107029332318,56.88884727767775
26.666666666666668,500.0,20076773.33676541,6235.646912587821,2976.329055432227,56.55109035401546,42.16580384118928,1.3107137636651212,1.4520721328146746,25.28609564503224,25.513188285786125,28.47421354476287,46.709608125055446,116.11450933613162,19.73614606369316,89.63888090380476,14.730642569570788,61.29777579799965,32.055281677171564,100.32783384640965,37.0762534372416
26.666666666666668,500.0,20076773.33676541,6235.646912587821,2976.329055432227,56.55109035401546,42.16580384118928,28.47421354476287,46.709608125055446,1.3107137636651212,1.4520721328146746,25.28609564503224,25.513188285786125,116.11450933613162,19.73614606369316,100.32783384640965,37.0762534372416,89.63888090380476,14.730642569570788,61.29777579799965,32.055281677171564
26.666666666666668,500.0,20076773.33676541,6235.646912587821,2976.329055432227,56.55109035401546,42.16580384118928,28.47421354476287,46.709608125055446,25.28609564503224,25.513188285786125,1.3107137636651212,1.4520721328146746,116.11450933613162,19.73614606369316,100.32783384640965,37.0762534372416,61.29777579799965,32.055281677171564,89.63888090380476,14.730642569570788
26.666666666666668,500.0,20076773.33676541,6235.646912587821,2976.329055432227,56.55109035401546,42.16580384118928,25.28609564503224,25.513188285786125,1.3107137636651212,1.4520721328146746,28.47421354476287,46.709608125055446,116.11450933613162,19.73614606369316,61.29777579799965,32.055281677171564,89.63888090380476,14.730642569570788,100.32783384640965,37.0762534372416
26.666666666666668,500.0,20076773.33676541,6235.646912587821,2976.329055432227,56.55109035401546,42.16580384118928,25.28609564503224,25.513188285786125,28.47421354476287,46.709608125055446,1.3107137636651212,1.4520721328146746,116.11450933613162,19.73614606369316,61.29777579799965,32.055281677171564,100.32783384640965,37.0762534372416,89.63888090380476,14.730642569570788
26.666666666666668,500.0,20076773.33676541,6235.646912587821,2976.329055432227,1.3107137636651212,1.4520721328146746,56.55109035401546,42.16580384118928,28.47421354476287,46.709608125055446,25.28609564503224,25.513188285786125,89.63888090380476,14.730642569570788,116.11450933613162,19.73614606369316,100.32783384640965,37.0762534372416,61.29777579799965,32.055281677171564
26.666666666666668,500.0,20076773.33676541,6235.646912587821,2976.329055432227,1.3107137636651212,1.4520721328146746,56.55109035401546,42.16580384118928,25.28609564503224,25.513188285786125,28.47421354476287,46.709608125055446,89.63888090380476,14.730642569570788,116.11450933613162,19.73614606369316,61.29777579799965,32.055281677171564,100.32783384640965,37.0762534372416
26.666666666666668,500.0,20076773.33676541,6235.646912587821,2976.329055432227,1.3107137636651212,1.4520721328146746,28.47421354476287,46.709608125055446,56.55109035401546,42.16580384118928,25.28609564503224,25.513188285786125,89.63888090380476,14.730642569570788,100.32783384640965,37.0762534372416,116.11450933613162,19.73614606369316,61.29777579799965,32.055281677171564
26.666666666666668,500.0,20076773.33676541,6235.646912587821,2976.329055432227,1.3107137636651212,1.4520721328146746,28.47421354476287,46.709608125055446,25.28609564503224,25.513188285786125,56.55109035401546,42.16580384118928,89.63888090380476,14.730642569570788,100.32783384640965,37.0762534372416,61.29777579799965,32.055281677171564,116.11450933613162,19.73614606369316
26.666666666666668,500.0,20076773.33676541,6235.646912587821,2976.329055432227,1.3107137636651212,1.4520721328146746,25.28609564503224,25.513188285786125,56.55109035401546,42.16580384118928,28.47421354476287,46.709608125055446,89.63888090380476,14.730642569570788,61.29777579799965,32.055281677171564,116.11450933613162,19.73614606369316,100.32783384640965,37.0762534372416
26.666666666666668,500.0,20076773.33676541,6235.646912587821,2976.329055432227,1.3107137636651212,1.4520721328146746,25.28609564503224,25.513188285786125,28.47421354476287,46.709608125055446,56.55109035401546,42.16580384118928,89.63888090380476,14.730642569570788,61.29777579799965,32.055281677171564,100.32783384640965,37.0762534372416,116.11450933613162,19.73614606369316
26.666666666666668,500.0,20076773.33676541,6235.646912587821,2976.329055432227,28.47421354476287,46.709608125055446,56.55109035401546,42.16580384118928,1.3107137636651212,1.4520721328146746,25.28609564503224,25.513188285786125,100.32783384640965,37.0762534372416,116.11450933613162,19.73614606369316,89.63888090380476,14.730642569570788,61.29777579799965,32.055281677171564
26.666666666666668,500.0,20076773.33676541,6235.646912587821,2976.329055432227,28.47421354476287,46.709608125055446,56.55109035401546,42.16580384118928,25.28609564503224,25.513188285786125,1.3107137636651212,1.4520721328146746,100.32783384640965,37.0762534372416,116.11450933613162,19.73614606369316,61.29777579799965,32.055281677171564,89.63888090380476,14.730642569570788
26.666666666666668,500.0,20076773.33676541,6235.646912587821,2976.329055432227,28.47421354476287,46.709608125055446,1.3107137636651212,1.4520721328146746,56.55109035401546,42.16580384118928,25.28609564503224,25.513188285786125,100.32783384640965,37.0762534372416,89.63888090380476,14.730642569570788,116.11450933613162,19.73614606369316,61.29777579799965,32.055281677171564
26.666666666666668,500.0,20076773.33676541,6235.646912587821,2976.329055432227,28.47421354476287,46.709608125055446,1.3107137636651212,1.4520721328146746,25.28609564503224,25.513188285786125,56.55109035401546,42.16580384118928,100.32783384640965,37.0762534372416,89.63888090380476,14.730642569570788,61.29777579799965,32.055281677171564,116.11450933613162,19.73614606369316
26.666666666666668,500.0,20076773.33676541,6235.646912587821,2976.329055432227,28.47421354476287,46.709608125055446,25.28609564503224,25.513188285786125,56.55109035401546,42.16580384118928,1.3107137636651212,1.4520721328146746,100.32783384640965,37.0762534372416,61.29777579799965,32.055281677171564,116.11450933613162,19.73614606369316,89.63888090380476,14.730642569570788
26.666666666666668,500.0,20076773.33676541,6235.646912587821,2976.329055432227,28.47421354476287,46.709608125055446,25.28609564503224,25.513188285786125,1.3107137636651212,1.4520721328146746,56.55109035401546,42.16580384118928,100.32783384640965,37.0762534372416,61.29777579799965,32.055281677171564,89.63888090380476,14.730642569570788,116.11450933613162,19.73614606369316
26.666666666666668,500.0,20076773.33676541,6235.646912587821,2976.329055432227,25.28609564503224,25.513188285786125,56.55109035401546,42.16580384118928,1.3107137636651212,1.4520721328146746,28.47421354476287,46.709608125055446,61.29777579799965,32.055281677171564,116.11450933613162,19.73614606369316,89.63888090380476,14.730642569570788,100.32783384640965,37.0762534372416
26.666666666666668,500.0,20076773.33676541,6235.646912587821,2976.329055432227,25.28609564503224,25.513188285786125,56.55109035401546,42.16580384118928,28.47421354476287,46.709608125055446,1.3107137636651212,1.4520721328146746,61.29777579799965,32.055281677171564,116.11450933613162,19.73614606369316,100.32783384640965,37.0762534372416,89.63888090380476,14.730642569570788
26.666666666666668,500.0,20076773.33676541,6235.646912587821,2976.329055432227,25.28609564503224,25.513188285786125,1.3107137636651212,1.4520721328146746,56.55109035401546,42.16580384118928,28.47421354476287,46.709608125055446,61.29777579799965,32.055281677171564,89.63888090380476,14.730642569570788,116.11450933613162,19.73614606369316,100.32783384640965,37.0762534372416
26.666666666666668,500.0,20076773.33676541,6235.646912587821,2976.329055432227,25.28609564503224,25.513188285786125,1.3107137636651212,1.4520721328146746,28.47421354476287,46.709608125055446,56.55109035401546,42.16580384118928,61.29777579799965,32.055281677171564,89.63888090380476,14.730642569570788,100.32783384640965,37.0762534372416,116.11450933613162,19.73614606369316
26.666666666666668,500.0,20076773.33676541,6235.646912587821,2976.329055432227,25.28609564503224,25.513188285786125,28.47421354476287,46.709608125055446,56.55109035401546,42.16580384118928,1.3107137636651212,1.4520721328146746,61.29777579799965,32.055281677171564,100.32783384640965,37.0762534372416,116.11450933613162,19.73614606369316,89.63888090380476,14.730642569570788
26.666666666666668,500.0,20076773.33676541,6235.646912587821,2976.329055432227,25.28609564503224,25.513188285786125,28.47421354476287,46.709608125055446,1.3107137636651212,1.4520721328146746,56.55109035401546,42.16580384118928,61.29777579799965,32.055281677171564,100.32783384640965,37.0762534372416,89.63888090380476,14.730642569570788,116.11450933613162,19.73614606369316
26.666666666666668,500.0,25638941.984471694,7235.406760693178,3542.743232681401,26.29761949961138,10.622057669513667,8.159263100887744,35.044372623225776,51.436652017042434,17.332232140959412,56.50747002159251,44.56407627355854,72.14234257297298,11.264569010529812,96.9305265771536,29.165821687767973,115.1714586505202,2.14516235607606,118.03440096840718,26.12829318859461
26.666666666666668,500.0,25638941.984471694,7235.406760693178,3542.743232681401,26.29761949961138,10.622057669513667,56.50747002159251,44.56407627355854,8.159263100887744,35.044372623225776,51.436652017042434,17.332232140959412,72.14234257297298,11.264569010529812,118.03440096840718,26.12829318859461,96.9305265771536,29.165821687767973,115.1714586505202,2.14516235607606
26.666666666666668,500.0,25638941.984471694,7235.406760693178,3542.743232681401,26.29761949961138,10.622057669513667,56.50747002159251,44.56407627355854,51.436652017042434,17.332232140959412,8.159263100887744,35.044372623225776,72.14234257297298,11.264569010529812,118.03440096840718,26.12829318859461,115.1714586505202,2.14516235607606,96.9305265771536,29.165821687767973
26.666666666666668,500.0,25638941.984471694,7235.406760693178,3542.743232681401,26.29761949961138,10.622057669513667,51.436652017042434,17.332232140959412,8.159263100887744,35.044372623225776,56.50747002159251,44.56407627355854,72.14234257297298,11.264569010529812,115.1714586505202,2.14516235607606,96.9305265771536,29.165821687767973,118.03440096840718,26.12829318859461
26.666666666666668,500.0,25638941.984471694,7235.406760693178,3542.743232681401,26.29761949961138,10.622057669513667,51.436652017042434,17.332232140959412,56.50747002159251,44.56407627355854,8.159263100887744,35.044372623225776,72.14234257297298,11.264569010529812,115.1714586505202,2.14516235607606,118.03440096840718,26.12829318859461,96.9305265771536,29.165821687767973
26.666666666666668,500.0,25638941.984471694,7235.406760693178,3542.743232681401,8.159263100887744,35.044372623225776,26.29761949961138,10.622057669513667,56.50747002159251,44.56407627355854,51.436652017042434,17.332232140959412,96.9305265771536,29.165821687767973,72.14234257297298,11.264569010529812,118.03440096840718,26.12829318859461,115.1714586505202,2.14516235607606
26.666666666666668,500.0,25638941.984471694,7235.406760693178,3542.743232681401,8.159263100887744,35.044372623225776,26.29761949961138,10.622057669513667,51.436652017042434,17.332232140959412,56.50747002159251,44.56407627355854,96.9305265771536,29.165821687767973,72.14234257297298,11.264569010529812,115.1714586505202,2.14516235607606,118.03440096840718,26.12829318859461
26.666666666666668,500.0,25638941.984471694,7235.406760693178,3542.743232681401,8.159263100887744,35.044372623225776,56.50747002159251,44.56407627355854,26.29761949961138,10.622057669513667,51.436652017042434,17.332232140959412,96.9305265771536,29.165821687767973,118.03440096840718,26.12829318859461,72.14234257297298,11.264569010529812,115.1714586505202,2.14516235607606
26.666666666666668,500.0,25638941.984471694,7235.406760693178,3542.743232681401,8.159263100887744,35.044372623225776,56.50747002159251,44.56407627355854,51.436652017042434,17.332232140959412,26.29761949961138,10.622057669513667,96.9305265771536,29.165821687767973,118.03440096840718,26.12829318859461,115.1714586505202,2.14516235607606,72.14234257297298,11.264569010529812
26.666666666666668,500.0,25638941.984471694,7235.406760693178,3542.743232681401,8.159263100887744,35.044372623225776,51.436652017042434,17.332232140959412,26.29761949961138,10.622057669513667,56.50747002159251,44.56407627355854,96.9305265771536,29.165821687767973,115.1714586505202,2.14516235607606,72.14234257297298,11.264569010529812,118.03440096840718,26.12829318859461
26.666666666666668,500.0,25638941.984471694,7235.406760693178,3542.743232681401,8.159263100887744,35.044372623225776,51.436652017042434,17.332232140959412,56.50747002159251,44.56407627355854,26.29761949961138,10.622057669513667,96.9305265771536,29.165821687767973,115.1714586505202,2.14516235607606,118.03440096840718,26.12829318859461,72.14234257297298,11.264569010529812
26.666666666666668,500.0,25638941.984471694,7235.406760693178,3542.743232681401,56.50747002159251,44.56407627355854,26.29761949961138,10.622057669513667,8.159263100887744,35.044372623225776,51.436652017042434,17.332232140959412,118.03440096840718,26.12829318859461,72.14234257297298,11.264569010529812,96.9305265771536,29.165821687767973,115.1714586505202,2.14516235607606
26.666666666666668,500.0,25638941.984471694,7235.406760693178,3542.743232681401,56.50747002159251,44.56407627355854,26.29761949961138,10.622057669513667,51.436652017042434,17.332232140959412,8.159263100887744,35.044372623225776,118.03440096840718,26.12829318859461,72.14234257297298,11.264569010529812,115.1714586505202,2.14516235607606,96.9305265771536,29.165821687767973
26.666666666666668,500.0,25638941.984471694,7235.406760693178,3542.743232681401,56.50747002159251,44.56407627355854,8.159263100887744,35.044372623225776,26.29761949961138,10.622057669513667,51.436652017042434,17.332232140959412,118.03440096840718,26.12829318859461,96.9305265771536,29.165821687767973,72.14234257297298,11.264569010529812,115.1714586505202,2.14516235607606
26.666666666666668,500.0,25638941.984471694,7235.406760693178,3542.743232681401,56.50747002159251,44.56407627355854,8.159263100887744,35.044372623225776,51.436652017042434,17.332232140959412,26.29761949961138,10.622057669513667,118.03440096840718,26.12829318859461,96.9305265771536,29.165821687767973,115.1714586505202,2.14516235607606,72.14234257297298,11.264569010529812
26.666666666666668,500.0,25638941.984471694,7235.406760693178,3542.743232681401,56.50747002159251,44.56407627355854,51.436652017042434,17.332232140959412,26.29761949961138,10.622057669513667,8.159263100887744,35.044372623225776,118.03440096840718,26.12829318859461,115.1714586505202,2.14516235607606,72.14234257297298,11.264569010529812,96.9305265771536,29.165821687767973
26.666666666666668,500.0,25638941.984471694,7235.406760693178,3542.743232681401,56.50747002159251,44.56407627355854,51.436652017042434,17.332232140959412,8.159263100887744,35.044372623225776,26.29761949961138,10.622057669513667,118.03440096840718,26.12829318859461,115.1714586505202,2.14516235607606,96.9305265771536,29.165821687767973,72.14234257297298,11.264569010529812
26.666666666666668,500.0,25638941.984471694,7235.406760693178,3542.743232681401,51.436652017042434,17.332232140959412,26.29761949961138,10.622057669513667,8.159263100887744,35.044372623225776,56.50747002159251,44.56407627355854,115.1714586505202,2.14516235607606,72.14234257297298,11.264569010529812,96.9305265771536,29.165821687767973,118.03440096840718,26.12829318859461
26.666666666666668,500.0,25638941.984471694,7235.406760693178,3542.743232681401,51.436652017042434,17.332232140959412,26.29761949961138,10.622057669513667,56.50747002159251,44.56407627355854,8.159263100887744,35.044372623225776,115.1714586505202,2.14516235607606,72.14234257297298,11.264569010529812,118.03440096840718,26.12829318859461,96.9305265771536,29.165821687767973
26.666666666666668,500.0,25638941.984471694,7235.406760693178,3542.743232681401,51.436652017042434,17.332232140959412,8.159263100887744,35.044372623225776,26.29761949961138,10.622057669513667,56.50747002159251,44.56407627355854,115.1714586505202,2.14516235607606,96.9305265771536,29.165821687767973,72.14234257297298,11.264569010529812,118.03440096840718,26.12829318859461
26.666666666666668,500.0,25638941.984471694,7235.406760693178,3542.743232681401,51.436652017042434,17.332232140959412,8.159263100887744,35.044372623225776,56.50747002159251,44.56407627355854,26.29761949961138,10.622057669513667,115.1714586505202,2.14516235607606,96.9305265771536,29.165821687767973,118.03440096840718,26.12829318859461,72.14234257297298,11.264569010529812
26.666666666666668,500.0,25638941.984471694,7235.406760693178,3542.743232681401,51.436652017042434,17.332232140959412,56.50747002159251,44.56407627355854,26.29761949961138,10.622057669513667,8.159263100887744,35.044372623225776,115.1714586505202,2.14516235607606,118.03440096840718,26.12829318859461,72.14234257297298,11.264569010529812,96.9305265771536,29.165821687767973
26.666666666666668,500.0,25638941.984471694,7235.406760693178,3542.743232681401,51.436652017042434,17.332232140959412,56.50747002159251,44.56407627355854,8.159263100887744,35.044372623225776,26.29761949961138,10.622057669513667,115.1714586505202,2.14516235607606,118.03440096840718,26.12829318859461,96.9305265771536,29.165821687767973,72.14234257297298,11.264569010529812
26.666666666666668,500.0,13238071.126873257,6656.368727247674,1653.1606303075612,25.588670881418164,38.09203944321389,3.4764116466160577,46.7646209904263,19.04502096122945,3.7262675310507687,51.89543429029944,57.23531273787504,90.65599836446242,31.879046027074192,63.03725494231908,31.547516152047145,75.14676149290919,11.983495818059836,118.6231857384405,32.31660415920092
26.666666666666668,500.0,13238071.126873257,6656.368727247674,1653.1606303075612,25.588670881418164,38.09203944321389,51.89543429029944,57.23531273787504,3.4764116466160577,46.7646209904263,19.04502096122945,3.7262675310507687,90.65599836446242,31.879046027074192,118.6231857384405,32.31660415920092,63.03725494231908,31.547516152047145,75.14676149290919,11.983495818059836
26.666666666666668,500.0,13238071.126873257,6656.368727247674,1653.1606303075612,25.588670881418164,38.09203944321389,51.89543429029944,57.23531273787504,19.04502096122945,3.7262675310507687,3.4764116466160577,46.7646209904263,90.65599836446242,31.879046027074192,118.6231857384405,32.31660415920092,75.14676149290919,11.983495818059836,63.03725494231908,31.547516152047145
26.666666666666668,500.0,13238071.126873257,6656.368727247674,1653.1606303075612,25.588670881418164,38.09203944321389,19.04502096122945,3.7262675310507687,3.4764116466160577,46.7646209904263,51.89543429029944,57.23531273787504,90.65599836446242,31.879046027074192,75.14676149290919,11.983495818059836,63.03725494231908,31.547516152047145,118.6231857384405,32.31660415920092
26.666666666666668,500.0,13238071.126873257,6656.368727247674,1653.1606303075612,25.588670881418164,38.09203944321389,19.04502096122945,3.7262675310507687,51.89543429029944,57.23531273787504,3.4764116466160577,46.7646209904263,90.65599836446242,31.879046027074192,75.14676149290919,11.983495818059836,118.6231857384405,32.31660415920092,63.03725494231908,31.547516152047145
26.666666666666668,500.0,13238071.126873257,6656.368727247674,1653.1606303075612,3.4764116466160577,46.7646209904263,25.588670881418164,38.09203944321389,51.89543429029944,57.23531273787504,19.04502096122945,3.7262675310507687,63.03725494231908,31.547516152047145,90.65599836446242,31.879046027074192,118.6231857384405,32.31660415920092,75.14676149290919,11.983495818059836
26.666666666666668,500.0,13238071.126873257,6656.368727247674,1653.1606303075612,3.4764116466160577,46.7646209904263,25.588670881418164,38.09203944321389,19.04502096122945,3.7262675310507687,51.89543429029944,57.23531273787504,63.03725494231908,31.547516152047145,90.65599836446242,31.879046027074192,75.14676149290919,11.983495818059836,118.6231857384405,32.31660415920092
26.666666666666668,500.0,13238071.126873257,6656.368727247674,1653.1606303075612,3.4764116466160577,46.7646209904263,51.89543429029944,57.23531273787504,25.588670881418164,38.09203944321389,19.04502096122945,3.7262675310507687,63.03725494231908,31.547516152047145,118.6231857384405,32.31660415920092,90.65599836446242,31.879046027074192,75.14676149290919,11.983495818059836
26.666666666666668,500.0,13238071.126873257,6656.368727247674,1653.1606303075612,3.4764116466160577,46.7646209904263,51.89543429029944,57.23531273787504,19.04502096122945,3.7262675310507687,25.588670881418164,38.09203944321389,63.03725494231908,31.547516152047145,118.6231857384405,32.31660415920092,75.14676149290919,11.983495818059836,90.65599836446242,31.879046027074192
26.666666666666668,500.0,13238071.126873257,6656.368727247674,1653.1606303075612,3.4764116466160577,46.7646209904263,19.04502096122945,3.7262675310507687,25.588670881418164,38.09203944321389,51.89543429029944,57.23531273787504,63.03725494231908,31.547516152047145,75.14676149290919,11.983495818059836,90.65599836446242,31.879046027074192,118.6231857384405,32.31660415920092
26.666666666666668,500.0,13238071.126873257,6656.368727247674,1653.1606303075612,3.4764116466160577,46.7646209904263,19.04502096122945,3.7262675310507687,51.89543429029944,57.23531273787504,25.588670881418164,38.09203944321389,63.03725494231908,31.547516152047145,75.14676149290919,11.983495818059836,118.6231857384405,32.31660415920092,90.65599836446242,31.879046027074192
26.666666666666668,500.0,13238071.126873257,6656.368727247674,1653.1606303075612,51.89543429029944,57.23531273787504,25.588670881418164,38.09203944321389,3.4764116466160577,46.7646209904263,19.04502096122945,3.7262675310507687,118.6231857384405,32.31660415920092,90.65599836446242,31.879046027074192,63.03725494231908,31.547516152047145,75.14676149290919,11.983495818059836
26.666666666666668,500.0,13238071.126873257,6656.368727247674,1653.1606303075612,51.89543429029944,57.23531273787504,25.588670881418164,38.09203944321389,19.04502096122945,3.7262675310507687,3.4764116466160577,46.7646209904263,118.6231857384405,32.31660415920092,90.65599836446242,31.879046027074192,75.14676149290919,11.983495818059836,63.03725494231908,31.547516152047145
26.666666666666668,500.0,13238071.126873257,6656.368727247674,1653.1606303075612,51.89543429029944,57.23531273787504,3.4764116466160577,46.7646209904263,25.588670881418164,38.09203944321389,19.04502096122945,3.7262675310507687,118.6231857384405,32.31660415920092,63.03725494231908,31.547516152047145,90.65599836446242,31.879046027074192,75.14676149290919,11.983495818059836
26.666666666666668,500.0,13238071.126873257,6656.368727247674,1653.1606303075612,51.89543429029944,57.23531273787504,3.4764116466160577,46.7646209904263,19.04502096122945,3.7262675310507687,25.588670881418164,38.09203944321389,118.6231857384405,32.31660415920092,63.03725494231908,31.547516152047145,75.14676149290919,11.983495818059836,90.65599836446242,31.879046027074192
26.666666666666668,500.0,13238071.126873257,6656.368727247674,1653.1606303075612,51.89543429029944,57.23531273787504,19.04502096122945,3.7262675310507687,25.588670881418164,38.09203944321389,3.4764116466160577,46.7646209904263,118.6231857384405,32.31660415920092,75.14676149290919,11.983495818059836,90.65599836446242,31.879046027074192,63.03725494231908,31.547516152047145
26.666666666666668,500.0,13238071.126873257,6656.368727247674,1653.1606303075612,51.89543429029944,57.23531273787504,19.04502096122945,3.7262675310507687,3.4764116466160577,46.7646209904263,25.588670881418164,38.09203944321389,118.6231857384405,32.31660415920092,75.14676149290919,11.983495818059836,63.03725494231908,31.547516152047145,90.65599836446242,31.879046027074192
26.666666666666668,500.0,13238071.126873257,6656.368727247674,1653.1606303075612,19.04502096122945,3.7262675310507687,25.588670881418164,38.09203944321389,3.4764116466160577,46.7646209904263,51.89543429029944,57.23531273787504,75.14676149290919,11.983495818059836,90.65599836446242,31.879046027074192,63.03725494231908,31.547516152047145,118.6231857384405,32.31660415920092
26.666666666666668,500.0,13238071.126873257,6656.368727247674,1653.1606303075612,19.04502096122945,3.7262675310507687,25.588670881418164,38.09203944321389,51.89543429029944,57.23531273787504,3.4764116466160577,46.7646209904263,75.14676149290919,11.983495818059836,90.65599836446242,31.879046027074192,118.6231857384405,32.31660415920092,63.03725494231908,31.547516152047145
26.666666666666668,500.0,13238071.126873257,6656.368727247674,1653.1606303075612,19.04502096122945,3.7262675310507687,3.4764116466160577,46.7646209904263,25.588670881418164,38.09203944321389,51.89543429029944,57.23531273787504,75.14676149290919,11.983495818059836,63.03725494231908,31.547516152047145,90.65599836446242,31.879046027074192,118.6231857384405,32.31660415920092
26.666666666666668,500.0,13238071.126873257,6656.368727247674,1653.1606303075612,19.04502096122945,3.7262675310507687,3.4764116466160577,46.7646209904263,51.89543429029944,57.23531273787504,25.588670881418164,38.09203944321389,75.14676149290919,11.983495818059836,63.03725494231908,31.547516152047145,118.6231857384405,32.31660415920092,90.65599836446242,31.879046027074192
26.666666666666668,500.0,13238071.126873257,6656.368727247674,1653.1606303075612,19.04502096122945,3.7262675310507687,51.89543429029944,57.23531273787504,25.588670881418164,38.09203944321389,3.4764116466160577,46.7646209904263,75.14676149290919,11.983495818059836,118.6231857384405,32.31660415920092,90.65599836446242,31.879046027074192,63.03725494231908,31.547516152047145
26.666666666666668,500.0,13238071.126873257,6656.368727247674,1653.1606303075612,19.04502096122945,3.7262675310507687,51.89543429029944,57.23531273787504,3.4764116466160577,46.7646209904263,25.588670881418164,38.09203944321389,75.14676149290919,11.983495818059836,118.6231857384405,32.31660415920092,63.03725494231908,31.547516152047145,90.65599836446242,31.879046027074192
26.666666666666668,500.0,11022066.382148476,4728.103321263524,2261.6460680374275,1.2944118027610885,40.88481364879613,50.35445727302164,6.084072657683919,26.24652777410228,16.961404311282003,37.37126712945376,39.609436053519474,83.31345685303053,42.690786416475405,118.58577261601909,5.765283520399523,60.30129745633916,25.83986495525946,113.27250589856456,27.49509789981221
26.666666666666668,500.0,11022066.382148476,4728.103321263524,2261.6460680374275,1.2944118027610885,40.88481364879613,37.37126712945376,39.609436053519474,50.35445727302164,6.084072657683919,26.24652777410228,16.961404311282003,83.31345685303053,42.690786416475405,113.27250589856456,27.49509789981221,118.58577261601909,5.765283520399523,60.30129745633916,25.83986495525946
26.666666666666668,500.0,11022066.382148476,4728.103321263524,2261.6460680374275,1.2944118027610885,40.88481364879613,37.37126712945376,39.609436053519474,26.24652777410228,16.961404311282003,50.35445727302164,6.084072657683919,83.31345685303053,42.690786416475405,113.27250589856456,27.49509789981221,60.30129745633916,25.83986495525946,118.58577261601909,5.765283520399523
26.666666666666668,500.0,11022066.382148476,4728.103321263524,2261.6460680374275,1.2944118027610885,40.88481364879613,26.24652777410228,16.961404311282003,50.35445727302164,6.084072657683919,37.37126712945376,39.609436053519474,83.31345685303053,42.690786416475405,60.30129745633916,25.83986495525946,118.58577261601909,5.765283520399523,113.27250589856456,27.49509789981221
26.666666666666668,500.0,11022066.382148476,4728.103321263524,2261.6460680374275,1.2944118027610885,40.88481364879613,26.24652777410228,16.961404311282003,37.37126712945376,39.609436053519474,50.35445727302164,6.084072657683919,83.31345685303053,42.690786416475405,60.30129745633916,25.83986495525946,113.27250589856456,27.49509789981221,118.58577261601909,5.765283520399523
26.666666666666668,500.0,11022066.382148476,4728.103321263524,2261.6460680374275,50.35445727302164,6.084072657683919,1.2944118027610885,40.88481364879613,37.37126712945376,39.609436053519474,26.24652777410228,16.961404311282003,118.58577261601909,5.765283520399523,83.31345685303053,42.690786416475405,113.27250589856456,27.49509789981221,60.30129745633916,25.83986495525946
26.666666666666668,500.0,11022066.382148476,4728.103321263524,2261.6460680374275,50.35445727302164,6.084072657683919,1.2944118027610885,40.88481364879613,26.24652777410228,16.961404311282003,37.37126712945376,39.609436053519474,118.58577261601909,5.765283520399523,83.31345685303053,42.690786416475405,60.30129745633916,25.83986495525946,113.27250589856456,27.49509789981221
26.666666666666668,500.0,11022066.382148476,4728.103321263524,2261.6460680374275,50.35445727302164,6.084072657683919,37.37126712945376,39.609436053519474,1.2944118027610885,40.88481364879613,26.24652777410228,16.961404311282003,118.58577261601909,5.765283520399523,113.27250589856456,27.49509789981221,83.31345685303053,42.690786416475405,60.30129745633916,25.83986495525946
26.666666666666668,500.0,11022066.382148476,4728.103321263524,2261.6460680374275,50.35445727302164,6.084072657683919,37.37126712945376,39.609436053519474,26.24652777410228,16.961404311282003,1.2944118027610885,40.88481364879613,118.58577261601909,5.765283520399523,113.27250589856456,27.49509789981221,60.30129745633916,25.83986495525946,83.31345685303053,42.690786416475405
26.666666666666668,500.0,11022066.382148476,4728.103321263524,2261.6460680374275,50.35445727302164,6.084072657683919,26.24652777410228,16.961404311282003,1.2944118027610885,40.88481364879613,37.37126712945376,39.609436053519474,118.58577261601909,5.765283520399523,60.30129745633916,25.83986495525946,83.31345685303053,42.690786416475405,113.27250589856456,27.49509789981221
26.666666666666668,500.0,11022066.382148476,4728.103321263524,2261.6460680374275,50.35445727302164,6.084072657683919,26.24652777410228,16.961404311282003,37.37126712945376,39.609436053519474,1.2944118027610885,40.88481364879613,118.58577261601909,5.765283520399523,60.30129745633916,25.83986495525946,113.27250589856456,27.49509789981221,83.31345685303053,42.690786416475405
26.666666666666668,500.0,11022066.382148476,4728.103321263524,2261.6460680374275,37.37126712945376,39.609436053519474,1.2944118027610885,40.88481364879613,50.35445727302164,6.084072657683919,26.24652777410228,16.961404311282003,113.27250589856456,27.49509789981221,83.31345685303053,42.690786416475405,118.58577261601909,5.765283520399523,60.30129745633916,25.83986495525946
26.666666666666668,500.0,11022066.382148476,4728.103321263524,2261.6460680374275,37.37126712945376,39.609436053519474,1.2944118027610885,40.88481364879613,26.24652777410228,16.961404311282003,50.35445727302164,6.084072657683919,113.27250589856456,27.49509789981221,83.31345685303053,42.690786416475405,60.30129745633916,25.83986495525946,118.58577261601909,5.765283520399523
26.666666666666668,500.0,11022066.382148476,4728.103321263524,2261.6460680374275,37.37126712945376,39.609436053519474,50.35445727302164,6.084072657683919,1.2944118027610885,40.88481364879613,26.24652777410228,16.961404311282003,113.27250589856456,27.49509789981221,118.58577261601909,5.765283520399523,83.31345685303053,42.690786416475405,60.30129745633916,25.83986495525946
26.666666666666668,500.0,11022066.382148476,4728.103321263524,2261.6460680374275,37.37126712945376,39.609436053519474,50.35445727302164,6.084072657683919,26.24652777410228,16.961404311282003,1.2944118027610885,40.88481364879613,113.27250589856456,27.49509789981221,118.58577261601909,5.765283520399523,60.30129745633916,25.83986495525946,83.31345685303053,42.690786416475405
26.666666666666668,500.0,11022066.382148476,4728.103321263524,2261.6460680374275,37.37126712945376,39.609436053519474,26.24652777410228,16.961404311282003,1.2944118027610885,40.88481364879613,50.35445727302164,6.084072657683919,113.27250589856456,27.49509789981221,60.30129745633916,25.83986495525946,83.31345685303053,42.690786416475405,118.58577261601909,5.765283520399523
26.666666666666668,500.0,11022066.382148476,4728.103321263524,2261.6460680374275,37.37126712945376,39.609436053519474,26.24652777410228,16.961404311282003,50.35445727302164,6.084072657683919,1.2944118027610885,40.88481364879613,113.27250589856456,27.49509789981221,60.30129745633916,25.83986495525946,118.58577261601909,5.765283520399523,83.31345685303053,42.690786416475405
26.666666666666668,500.0,11022066.382148476,4728.103321263524,2261.6460680374275,26.24652777410228,16.961404311282003,1.2944118027610885,40.88481364879613,50.35445727302164,6.084072657683919,37.37126712945376,39.609436053519474,60.30129745633916,25.83986495525946,83.31345685303053,42.690786416475405,118.58577261601909,5.765283520399523,113.27250589856456,27.49509789981221
26.666666666666668,500.0,11022066.382148476,4728.103321263524,2261.6460680374275,26.24652777410228,16.961404311282003,1.2944118027610885,40.88481364879613,37.37126712945376,39.609436053519474,50.35445727302164,6.084072657683919,60.30129745633916,25.83986495525946,83.31345685303053,42.690786416475405,113.27250589856456,27.49509789981221,118.58577261601909,5.765283520399523
26.666666666666668,500.0,11022066.382148476,4728.103321263524,2261.6460680374275,26.24652777410228,16.961404311282003,50.35445727302164,6.084072657683919,1.2944118027610885,40.88481364879613,37.37126712945376,39.609436053519474,60.30129745633916,25.83986495525946,118.58577261601909,5.765283520399523,83.31345685303053,42.690786416475405,113.27250589856456,27.49509789981221
26.666666666666668,500.0,11022066.382148476,4728.103321263524,2261.6460680374275,26.24652777410228,16.961404311282003,50.35445727302164,6.084072657683919,37.37126712945376,39.609436053519474,1.2944118027610885,40.88481364879613,60.30129745633916,25.83986495525946,118.58577261601909,5.765283520399523,113.27250589856456,27.49509789981221,83.31345685303053,42.690786416475405
26.666666666666668,500.0,11022066.382148476,4728.103321263524,2261.6460680374275,26.24652777410228,16.961404311282003,37.37126712945376,39.609436053519474,1.2944118027610885,40.88481364879613,50.35445727302164,6.084072657683919,60.30129745633916,25.83986495525946,113.27250589856456,27.49509789981221,83.31345685303053,42.690786416475405,118.58577261601909,5.765283520399523
26.666666666666668,500.0,11022066.382148476,4728.103321263524,2261.6460680374275,26.24652777410228,16.961404311282003,37.37126712945376,39.609436053519474,50.35445727302164,6.084072657683919,1.2944118027610885,40.88481364879613,60.30129745633916,25.83986495525946,113.27250589856456,27.49509789981221,118.58577261601909,5.765283520399523,83.31345685303053,42.690786416475405
26.666666666666668,500.0,15648732.94325526,5772.826006634198,2304.0473812103023,4.986313481924669,28.443465478277947,39.262306054545846,45.08312330904238,58.59750221033434,55.27925142276624,32.20875713361245,6.580401820989456,68.36853045904444,17.549026374499345,68.83911941521794,52.20189325207647,111.88483667892795,21.01016598345548,83.36469182709465,36.96441155277682
26.666666666666668,500.0,15648732.94325526,5772.826006634198,2304.0473812103023,4.986313481924669,28.443465478277947,32.20875713361245,6.580401820989456,39.262306054545846,45.08312330904238,58.59750221033434,55.27925142276624,68.36853045904444,17.549026374499345,83.36469182709465,36.96441155277682,68.83911941521794,52.20189325207647,111.88483667892795,21.01016598345548
26.666666666666668,500.0,15648732.94325526,5772.826006634198,2304.0473812103023,4.986313481924669,28.443465478277947,32.20875713361245,6.580401820989456,58.59750221033434,55.27925142276624,39.262306054545846,45.08312330904238,68.36853045904444,17.549026374499345,83.36469182709465,36.96441155277682,111.88483667892795,21.01016598345548,68.83911941521794,52.20189325207647
26.666666666666668,500.0,15648732.94325526,5772.826006634198,2304.0473812103023,4.986313481924669,28.443465478277947,58.59750221033434,55.27925142276624,39.262306054545846,45.08312330904238,32.20875713361245,6.580401820989456,68.36853045904444,17.549026374499345,111.88483667892795,21.01016598345548,68.83911941521794,52.20189325207647,83.36469182709465,36.96441155277682
26.666666666666668,500.0,15648732.94325526,5772.826006634198,2304.0473812103023,4.986313481924669,28.443465478277947,58.59750221033434,55.27925142276624,32.20875713361245,6.580401820989456,39.262306054545846,45.08312330904238,68.36853045904444,17.549026374499345,111.88483667892795,21.01016598345548,83.36469182709465,36.96441155277682,68.83911941521794,52.20189325207647
26.666666666666668,500.0,15648732.94325526,5772.826006634198,2304.0473812103023,39.262306054545846,45.08312330904238,4.986313481924669,28.443465478277947,32.20875713361245,6.580401820989456,58.59750221033434,55.27925142276624,68.83911941521794,52.20189325207647,68.36853045904444,17.549026374499345,83.36469182709465,36.96441155277682,111.88483667892795,21.01016598345548
26.666666666666668,500.0,15648732.94325526,5772.826006634198,2304.0473812103023,39.262306054545846,45.08312330904238,4.986313481924669,28.443465478277947,58.59750221033434,55.27925142276624,32.20875713361245,6.580401820989456,68.83911941521794,52.20189325207647,68.36853045904444,17.549026374499345,111.88483667892795,21.01016598345548,83.36469182709465,36.96441155277682
26.666666666666668,500.0,15648732.94325526,5772.826006634198,2304.0473812103023,39.262306054545846,45.08312330904238,32.20875713361245,6.580401820989456,4.986313481924669,28.443465478277947,58.59750221033434,55.27925142276624,68.83911941521794,52.20189325207647,83.36469182709465,36.96441155277682,68.36853045904444,17.549026374499345,111.88483667892795,21.01016598345548
26.666666666666668,500.0,15648732.94325526,5772.826006634198,2304.0473812103023,39.262306054545846,45.08312330904238,32.20875713361245,6.580401820989456,58.59750221033434,55.27925142276624,4.986313481924669,28.443465478277947,68.83911941521794,52.20189325207647,83.36469182709465,36.96441155277682,111.88483667892795,21.01016598345548,68.36853045904444,17.549026374499345
26.666666666666668,500.0,15648732.94325526,5772.826006634198,2304.0473812103023,39.262306054545846,45.08312330904238,58.59750221033434,55.27925142276624,4.986313481924669,28.443465478277947,32.20875713361245,6.580401820989456,68.83911941521794,52.20189325207647,111.88483667892795,21.01016598345548,68.36853045904444,17.549026374499345,83.36469182709465,36.96441155277682
26.666666666666668,500.0,15648732.94325526,5772.826006634198,2304.0473812103023,39.262306054545846,45.08312330904238,58.59750221033434,55.27925142276624,32.20875713361245,6.580401820989456,4.986313481924669,28.443465478277947,68.83911941521794,52.20189325207647,111.88483667892795,21.01016598345548,83.36469182709465,36.96441155277682,68.36853045904444,17.549026374499345
26.666666666666668,500.0,15648732.94325526,5772.826006634198,2304.0473812103023,32.20875713361245,6.580401820989456,4.986313481924669,28.443465478277947,39.262306054545846,45.08312330904238,58.59750221033434,55.27925142276624,83.36469182709465,36.96441155277682,68.36853045904444,17.549026374499345,68.83911941521794,52.20189325207647,111.88483667892795,21.01016598345548
26.666666666666668,500.0,15648732.94325526,5772.826006634198,2304.0473812103023,32.20875713361245,6.580401820989456,4.986313481924669,28.443465478277947,58.59750221033434,55.27925142276624,39.262306054545846,45.08312330904238,83.36469182709465,36.96441155277682,68.36853045904444,17.549026374499345,111.88483667892795,21.01016598345548,68.83911941521794,52.20189325207647
26.666666666666668,500.0,15648732.94325526,5772.826006634198,2304.0473812103023,32.20875713361245,6.580401820989456,39.262306054545846,45.08312330904238,4.986313481924669,28.443465478277947,58.59750221033434,55.27925142276624,83.36469182709465,36.96441155277682,68.83911941521794,52.20189325207647,68.36853045904444,17.549026374499345,111.88483667892795,21.01016598345548
26.666666666666668,500.0,15648732.94325526,5772.826006634198,2304.0473812103023,32.20875713361245,6.580401820989456,39.262306054545846,45.08312330904238,58.59750221033434,55.27925142276624,4.986313481924669,28.443465478277947,83.36469182709465,36.96441155277682,68.83911941521794,52.20189325207647,111.88483667892795,21.01016598345548,68.36853045904444,17.549026374499345
26.666666666666668,500.0,15648732.94325526,5772.826006634198,2304.0473812103023,32.20875713361245,6.580401820989456,58.59750221033434,55.27925142276624,4.986313481924669,28.443465478277947,39.262306054545846,45.08312330904238,83.36469182709465,36.96441155277682,111.88483667892795,21.01016598345548,68.36853045904444,17.549026374499345,68.83911941521794,52.20189325207647
26.666666666666668,500.0,15648732.94325526,5772.826006634198,2304.0473812103023,32.20875713361245,6.580401820989456,58.59750221033434,55.27925142276624,39.262306054545846,45.08312330904238,4.986313481924669,28.443465478277947,83.36469182709465,36.96441155277682,111.88483667892795,21.01016598345548,68.83911941521794,52.20189325207647,68.36853045904444,17.549026374499345
26.666666666666668,500.0,15648732.94325526,5772.826006634198,2304.0473812103023,58.59750221033434,55.27925142276624,4.986313481924669,28.443465478277947,39.262306054545846,45.08312330904238,32.20875713361245,6.580401820989456,111.88483667892795,21.01016598345548,68.36853045904444,17.549026374499345,68.83911941521794,52.20189325207647,83.36469182709465,36.96441155277682
26.666666666666668,500.0,15648732.94325526,5772.826006634198,2304.0473812103023,58.59750221033434,55.27925142276624,4.986313481924669,28.443465478277947,32.20875713361245,6.580401820989456,39.262306054545846,45.08312330904238,111.88483667892795,21.01016598345548,68.36853045904444,17.549026374499345,83.36469182709465,36.96441155277682,68.83911941521794,52.20189325207647
26.666666666666668,500.0,15648732.94325526,5772.826006634198,2304.0473812103023,58.59750221033434,55.27925142276624,39.262306054545846,45.08312330904238,4.986313481924669,28.443465478277947,32.20875713361245,6.580401820989456,111.88483667892795,21.01016598345548,68.83911941521794,52.20189325207647,68.36853045904444,17.549026374499345,83.36469182709465,36.96441155277682
26.666666666666668,500.0,15648732.94325526,5772.826006634198,2304.0473812103023,58.59750221033434,55.27925142276624,39.262306054545846,45.08312330904238,32.20875713361245,6.580401820989456,4.986313481924669,28.443465478277947,111.88483667892795,21.01016598345548,68.83911941521794,52.20189325207647,83.36469182709465,36.96441155277682,68.36853045904444,17.549026374499345
26.666666666666668,500.0,15648732.94325526,5772.826006634198,2304.0473812103023,58.59750221033434,55.27925142276624,32.20875713361245,6.580401820989456,4.986313481924669,28.443465478277947,39.262306054545846,45.08312330904238,111.88483667892795,21.01016598345548,83.36469182709465,36.96441155277682,68.36853045904444,17.549026374499345,68.83911941521794,52.20189325207647
26.666666666666668,500.0,15648732.94325526,5772.826006634198,2304.0473812103023,58.59750221033434,55.27925142276624,32.20875713361245,6.580401820989456,39.262306054545846,45.08312330904238,4.986313481924669,28.443465478277947,111.88483667892795,21.01016598345548,83.36469182709465,36.96441155277682,68.83911941521794,52.20189325207647,68.36853045904444,17.549026374499345
26.666666666666668,500.0,27744561.13456288,6712.073833359725,4132.147651085803,5.211348800272397,8.376148412347781,57.369293262625085,17.95851595357707,36.03274430982172,41.498665211570525,9.102339826940264,33.941225583291185,67.17304860070212,15.670210595458231,113.63810654314966,34.578555269950776,83.79130347859514,36.4235714686647,60.40074617711964,43.97261183398364
26.666666666666668,500.0,27744561.13456288,6712.073833359725,4132.147651085803,5.211348800272397,8.376148412347781,9.102339826940264,33.941225583291185,57.369293262625085,17.95851595357707,36.03274430982172,41.498665211570525,67.17304860070212,15.670210595458231,60.40074617711964,43.97261183398364,113.63810654314966,34.578555269950776,83.79130347859514,36.4235714686647
26.666666666666668,500.0,27744561.13456288,6712.073833359725,4132.147651085803,5.211348800272397,8.376148412347781,9.102339826940264,33.941225583291185,36.03274430982172,41.498665211570525,57.369293262625085,17.95851595357707,67.17304860070212,15.670210595458231,60.40074617711964,43.97261183398364,83.79130347859514,36.4235714686647,113.63810654314966,34.578555269950776
26.666666666666668,500.0,27744561.13456288,6712.073833359725,4132.147651085803,5.211348800272397,8.376148412347781,36.03274430982172,41.498665211570525,57.369293262625085,17.95851595357707,9.102339826940264,33.941225583291185,67.17304860070212,15.670210595458231,83.79130347859514,36.4235714686647,113.63810654314966,34.578555269950776,60.40074617711964,43.97261183398364
26.666666666666668,500.0,27744561.13456288,6712.073833359725,4132.147651085803,5.211348800272397,8.376148412347781,36.03274430982172,41.498665211570525,9.102339826940264,33.941225583291185,57.369293262625085,17.95851595357707,67.17304860070212,15.670210595458231,83.79130347859514,36.4235714686647,60.40074617711964,43.97261183398364,113.63810654314966,34.578555269950776
26.666666666666668,500.0,27744561.13456288,6712.073833359725,4132.147651085803,57.369293262625085,17.95851595357707,5.211348800272397,8.376148412347781,9.102339826940264,33.941225583291185,36.03274430982172,41.498665211570525,113.63810654314966,34.578555269950776,67.17304860070212,15.670210595458231,60.40074617711964,43.97261183398364,83.79130347859514,36.4235714686647
26.666666666666668,500.0,27744561.13456288,6712.073833359725,4132.147651085803,57.369293262625085,17.95851595357707,5.211348800272397,8.376148412347781,36.03274430982172,41.498665211570525,9.102339826940264,33.941225583291185,113.63810654314966,34.578555269950776,67.17304860070212,15.670210595458231,83.79130347859514,36.4235714686647,60.40074617711964,43.97261183398364
26.666666666666668,500.0,27744561.13456288,6712.073833359725,4132.147651085803,57.369293262625085,17.95851595357707,9.102339826940264,33.941225583291185,5.211348800272397,8.376148412347781,36.03274430982172,41.498665211570525,113.63810654314966,34.578555269950776,60.40074617711964,43.97261183398364,67.17304860070212,15.670210595458231,83.79130347859514,36.4235714686647
26.666666666666668,500.0,27744561.13456288,6712.073833359725,4132.147651085803,57.369293262625085,17.95851595357707,9.102339826940264,33.941225583291185,36.03274430982172,41.498665211570525,5.211348800272397,8.376148412347781,113.63810654314966,34.578555269950776,60.40074617711964,43.97261183398364,83.79130347859514,36.4235714686647,67.17304860070212,15.670210595458231
26.666666666666668,500.0,27744561.13456288,6712.073833359725,4132.147651085803,57.369293262625085,17.95851595357707,36.03274430982172,41.498665211570525,5.211348800272397,8.376148412347781,9.102339826940264,33.941225583291185,113.63810654314966,34.578555269950776,83.79130347859514,36.4235714686647,67.17304860070212,15.670210595458231,60.40074617711964,43.97261183398364
26.666666666666668,500.0,27744561.13456288,6712.073833359725,4132.147651085803,57.369293262625085,17.95851595357707,36.03274430982172,41.498665211570525,9.102339826940264,33.941225583291185,5.211348800272397,8.376148412347781,113.63810654314966,34.578555269950776,83.79130347859514,36.4235714686647,60.40074617711964,43.97261183398364,67.17304860070212,15.670210595458231
26.666666666666668,500.0,27744561.13456288,6712.073833359725,4132.147651085803,9.102339826940264,33.941225583291185,5.211348800272397,8.376148412347781,57.369293262625085,17.95851595357707,36.03274430982172,41.498665211570525,60.40074617711964,43.97261183398364,67.17304860070212,15.670210595458231,113.63810654314966,34.578555269950776,83.79130347859514,36.4235714686647
26.666666666666668,500.0,27744561.13456288,6712.073833359725,4132.147651085803,9.102339826940264,33.941225583291185,5.211348800272397,8.376148412347781,36.03274430982172,41.498665211570525,57.369293262625085,17.95851595357707,60.40074617711964,43.97261183398364,67.17304860070212,15.670210595458231,83.79130347859514,36.4235714686647,113.63810654314966,34.578555269950776
26.666666666666668,500.0,27744561.13456288,6712.073833359725,4132.147651085803,9.102339826940264,33.941225583291185,57.369293262625085,17.95851595357707,5.211348800272397,8.376148412347781,36.03274430982172,41.498665211570525,60.40074617711964,43.97261183398364,113.63810654314966,34.578555269950776,67.17304860070212,15.670210595458231,83.79130347859514,36.4235714686647
26.666666666666668,500.0,27744561.13456288,6712.073833359725,4132.147651085803,9.102339826940264,33.941225583291185,57.369293262625085,17.95851595357707,36.03274430982172,41.498665211570525,5.211348800272397,8.376148412347781,60.40074617711964,43.97261183398364,113.63810654314966,34.578555269950776,83.79130347859514,36.4235714686647,67.17304860070212,15.670210595458231
26.666666666666668,500.0,27744561.13456288,6712.073833359725,4132.147651085803,9.102339826940264,33.941225583291185,36.03274430982172,41.498665211570525,5.211348800272397,8.376148412347781,57.369293262625085,17.95851595357707,60.40074617711964,43.97261183398364,83.79130347859514,36.4235714686647,67.17304860070212,15.670210595458231,113.63810654314966,34.578555269950776
26.666666666666668,500.0,27744561.13456288,6712.073833359725,4132.147651085803,9.102339826940264,33.941225583291185,36.03274430982172,41.498665211570525,57.369293262625085,17.95851595357707,5.211348800272397,8.376148412347781,60.40074617711964,43.97261183398364,83.79130347859514,36.4235714686647,113.63810654314966,34.578555269950776,67.17304860070212,15.670210595458231
26.666666666666668,500.0,27744561.13456288,6712.073833359725,4132.147651085803,36.03274430982172,41.498665211570525,5.211348800272397,8.376148412347781,57.369293262625085,17.95851595357707,9.102339826940264,33.941225583291185,83.79130347859514,36.4235714686647,67.17304860070212,15.670210595458231,113.63810654314966,34.578555269950776,60.40074617711964,43.97261183398364
26.666666666666668,500.0,27744561.13456288,6712.073833359725,4132.147651085803,36.03274430982172,41.498665211570525,5.211348800272397,8.376148412347781,9.102339826940264,33.941225583291185,57.369293262625085,17.95851595357707,83.79130347859514,36.4235714686647,67.17304860070212,15.670210595458231,60.40074617711964,43.97261183398364,113.63810654314966,34.578555269950776
26.666666666666668,500.0,27744561.13456288,6712.073833359725,4132.147651085803,36.03274430982172,41.498665211570525,57.369293262625085,17.95851595357707,5.211348800272397,8.376148412347781,9.102339826940264,33.941225583291185,83.79130347859514,36.4235714686647,113.63810654314966,34.578555269950776,67.17304860070212,15.670210595458231,60.40074617711964,43.97261183398364
26.666666666666668,500.0,27744561.13456288,6712.073833359725,4132.147651085803,36.03274430982172,41.498665211570525,57.369293262625085,17.95851595357707,9.102339826940264,33.941225583291185,5.211348800272397,8.376148412347781,83.79130347859514,36.4235714686647,113.63810654314966,34.578555269950776,60.40074617711964,43.97261183398364,67.17304860070212,15.670210595458231
26.666666666666668,500.0,27744561.13456288,6712.073833359725,4132.147651085803,36.03274430982172,41.498665211570525,9.102339826940264,33.941225583291185,5.211348800272397,8.376148412347781,57.369293262625085,17.95851595357707,83.79130347859514,36.4235714686647,60.40074617711964,43.97261183398364,67.17304860070212,15.670210595458231,113.63810654314966,34.578555269950776
26.666666666666668,500.0,27744561.13456288,6712.073833359725,4132.147651085803,36.03274430982172,41.498665211570525,9.102339826940264,33.941225583291185,57.369293262625085,17.95851595357707,5.211348800272397,8.376148412347781,83.79130347859514,36.4235714686647,60.40074617711964,43.97261183398364,113.63810654314966,34.578555269950776,67.17304860070212,15.670210595458231
26.666666666666668,500.0,12954602.533483746,5677.419478339463,2191.516165353394,44.34573782095048,36.33570249394532,0.3037399981834165,56.947888135775045,59.54855169804455,1.5227202548656282,20.561475412279616,42.77581139119352,90.1421881347822,48.353754177789405,62.106155040618354,47.78038547862761,114.75108549867076,52.00505126528742,64.95616315683729,9.675367277633534
26.666666666666668,500.0,12954602.533483746,5677.419478339463,2191.516165353394,44.34573782095048,36.33570249394532,20.561475412279616,42.77581139119352,0.3037399981834165,56.947888135775045,59.54855169804455,1.5227202548656282,90.1421881347822,48.353754177789405,64.95616315683729,9.675367277633534,62.106155040618354,47.78038547862761,114.75108549867076,52.00505126528742
26.666666666666668,500.0,12954602.533483746,5677.419478339463,2191.516165353394,44.34573782095048,36.33570249394532,20.561475412279616,42.77581139119352,59.54855169804455,1.5227202548656282,0.3037399981834165,56.947888135775045,90.1421881347822,48.353754177789405,64.95616315683729,9.675367277633534,114.75108549867076,52.00505126528742,62.106155040618354,47.78038547862761
26.666666666666668,500.0,12954602.533483746,5677.419478339463,2191.516165353394,44.34573782095048,36.33570249394532,59.54855169804455,1.5227202548656282,0.3037399981834165,56.947888135775045,20.561475412279616,42.77581139119352,90.1421881347822,48.353754177789405,114.75108549867076,52.00505126528742,62.106155040618354,47.78038547862761,64.95616315683729,9.675367277633534
26.666666666666668,500.0,12954602.533483746,5677.419478339463,2191.516165353394,44.34573782095048,36.33570249394532,59.54855169804455,1.5227202548656282,20.561475412279616,42.77581139119352,0.3037399981834165,56.947888135775045,90.1421881347822,48.353754177789405,114.75108549867076,52.00505126528742,64.95616315683729,9.675367277633534,62.106155040618354,47.78038547862761
26.666666666666668,500.0,12954602.533483746,5677.419478339463,2191.516165353394,0.3037399981834165,56.947888135775045,44.34573782095048,36.33570249394532,20.561475412279616,42.77581139119352,59.54855169804455,1.5227202548656282,62.106155040618354,47.78038547862761,90.1421881347822,48.353754177789405,64.95616315683729,9.675367277633534,114.75108549867076,52.00505126528742
26.666666666666668,500.0,12954602.533483746,5677.419478339463,2191.516165353394,0.3037399981834165,56.947888135775045,44.34573782095048,36.33570249394532,59.54855169804455,1.5227202548656282,20.561475412279616,42.77581139119352,62.106155040618354,47.78038547862761,90.1421881347822,48.353754177789405,114.75108549867076,52.00505126528742,64.95616315683729,9.675367277633534
26.666666666666668,500.0,12954602.533483746,5677.419478339463,2191.516165353394,0.3037399981834165,56.947888135775045,20.561475412279616,42.77581139119352,44.34573782095048,36.33570249394532,59.54855169804455,1.5227202548656282,62.106155040618354,47.78038547862761,64.95616315683729,9.675367277633534,90.1421881347822,48.353754177789405,114.75108549867076,52.00505126528742
26.666666666666668,500.0,12954602.533483746,5677.419478339463,2191.516165353394,0.3037399981834165,56.947888135775045,20.561475412279616,42.77581139119352,59.54855169804455,1.5227202548656282,44.34573782095048,36.33570249394532,62.106155040618354,47.78038547862761,64.95616315683729,9.675367277633534,114.75108549867076,52.00505126528742,90.1421881347822,48.353754177789405
26.666666666666668,500.0,12954602.533483746,5677.419478339463,2191.516165353394,0.3037399981834165,56.947888135775045,59.54855169804455,1.5227202548656282,44.34573782095048,36.33570249394532,20.561475412279616,42.77581139119352,62.106155040618354,47.78038547862761,114.75108549867076,52.00505126528742,90.1421881347822,48.353754177789405,64.95616315683729,9.675367277633534
26.666666666666668,500.0,12954602.533483746,5677.419478339463,2191.516165353394,0.3037399981834165,56.947888135775045,59.54855169804455,1.5227202548656282,20.561475412279616,42.77581139119352,44.34573782095048,36.33570249394532,62.106155040618354,47.78038547862761,114.75108549867076,52.00505126528742,64.95616315683729,9.675367277633534,90.1421881347822,48.353754177789405
26.666666666666668,500.0,12954602.533483746,5677.419478339463,2191.516165353394,20.561475412279616,42.77581139119352,44.34573782095048,36.33570249394532,0.3037399981834165,56.947888135775045,59.54855169804455,1.5227202548656282,64.95616315683729,9.675367277633534,90.1421881347822,48.353754177789405,62.106155040618354,47.78038547862761,114.75108549867076,52.00505126528742
26.666666666666668,500.0,12954602.533483746,5677.419478339463,2191.516165353394,20.561475412279616,42.77581139119352,44.34573782095048,36.33570249394532,59.54855169804455,1.5227202548656282,0.3037399981834165,56.947888135775045,64.95616315683729,9.675367277633534,90.1421881347822,48.353754177789405,114.75108549867076,52.00505126528742,62.106155040618354,47.78038547862761
26.666666666666668,500.0,12954602.533483746,5677.419478339463,2191.516165353394,20.561475412279616,42.77581139119352,0.3037399981834165,56.947888135775045,44.34573782095048,36.33570249394532,59.54855169804455,1.5227202548656282,64.95616315683729,9.675367277633534,62.106155040618354,47.78038547862761,90.1421881347822,48.353754177789405,114.75108549867076,52.00505126528742
26.666666666666668,500.0,12954602.533483746,5677.419478339463,2191.516165353394,20.561475412279616,42.77581139119352,0.3037399981834165,56.947888135775045,59.54855169804455,1.5227202548656282,44.34573782095048,36.33570249394532,64.95616315683729,9.675367277633534,62.106155040618354,47.78038547862761,114.75108549867076,52.00505126528742,90.1421881347822,48.353754177789405
26.666666666666668,500.0,12954602.533483746,5677.419478339463,2191.516165353394,20.561475412279616,42.77581139119352,59.54855169804455,1.5227202548656282,44.34573782095048,36.33570249394532,0.3037399981834165,56.947888135775045,64.95616315683729,9.675367277633534,114.75108549867076,52.00505126528742,90.1421881347822,48.353754177789405,62.106155040618354,47.78038547862761
26.666666666666668,500.0,12954602.533483746,5677.419478339463,2191.516165353394,20.561475412279616,42.77581139119352,59.54855169804455,1.5227202548656282,0.3037399981834165,56.947888135775045,44.34573782095048,36.33570249394532,64.95616315683729,9.675367277633534,114.75108549867076,52.00505126528742,62.106155040618354,47.78038547862761,90.1421881347822,48.353754177789405
26.666666666666668,500.0,12954602.533483746,5677.419478339463,2191.516165353394,59.54855169804455,1.5227202548656282,44.34573782095048,36.33570249394532,0.3037399981834165,56.947888135775045,20.561475412279616,42.77581139119352,114.75108549867076,52.00505126528742,90.1421881347822,48.353754177789405,62.106155040618354,47.78038547862761,64.95616315683729,9.675367277633534
26.666666666666668,500.0,12954602.533483746,5677.419478339463,2191.516165353394,59.54855169804455,1.5227202548656282,44.34573782095048,36.33570249394532,20.561475412279616,42.77581139119352,0.3037399981834165,56.947888135775045,114.75108549867076,52.00505126528742,90.1421881347822,48.353754177789405,64.95616315683729,9.675367277633534,62.106155040618354,47.78038547862761
26.666666666666668,500.0,12954602.533483746,5677.419478339463,2191.516165353394,59.54855169804455,1.5227202548656282,0.3037399981834165,56.947888135775045,44.34573782095048,36.33570249394532,20.561475412279616,42.77581139119352,114.75108549867076,52.00505126528742,62.106155040618354,47.78038547862761,90.1421881347822,48.353754177789405,64.95616315683729,9.675367277633534
26.666666666666668,500.0,12954602.533483746,5677.419478339463,2191.516165353394,59.54855169804455,1.5227202548656282,0.3037399981834165,56.947888135775045,20.561475412279616,42.77581139119352,44.34573782095048,36.33570249394532,114.75108549867076,52.00505126528742,62.106155040618354,47.78038547862761,64.95616315683729,9.675367277633534,90.1421881347822,48.353754177789405
26.666666666666668,500.0,12954602.533483746,5677.419478339463,2191.516165353394,59.54855169804455,1.5227202548656282,20.561475412279616,42.77581139119352,44.34573782095048,36.33570249394532,0.3037399981834165,56.947888135775045,114.75108549867076,52.00505126528742,64.95616315683729,9.675367277633534,90.1421881347822,48.353754177789405,62.106155040618354,47.78038547862761
26.666666666666668,500.0,12954602.533483746,5677.419478339463,2191.516165353394,59.54855169804455,1.5227202548656282,20.561475412279616,42.77581139119352,0.3037399981834165,56.947888135775045,44.34573782095048,36.33570249394532,114.75108549867076,52.00505126528742,64.95616315683729,9.675367277633534,62.106155040618354,47.78038547862761,90.1421881347822,48.353754177789405
40.0,500.0,27843603.829579245,7006.935402776111,3690.003099198362,12.185706071055533,9.871360616351224,38.18921908201288,21.308982164732328,2.5780299027295883,43.858517242007046,58.72518985345108,37.79540027620673,85.30024475589184,9.677843731792771,107.37189004204976,3.060835609146327,61.37316035778387,3.739286491872484,99.1618398737254,26.69339646397485
40.0,500.0,27843603.829579245,7006.935402776111,3690.003099198362,12.185706071055533,9.871360616351224,58.72518985345108,37.79540027620673,38.18921908201288,21.308982164732328,2.5780299027295883,43.858517242007046,85.30024475589184,9.677843731792771,99.1618398737254,26.69339646397485,107.37189004204976,3.060835609146327,61.37316035778387,3.739286491872484
40.0,500.0,27843603.829579245,7006.935402776111,3690.003099198362,12.185706071055533,9.871360616351224,58.72518985345108,37.79540027620673,2.5780299027295883,43.858517242007046,38.18921908201288,21.308982164732328,85.30024475589184,9.677843731792771,99.1618398737254,26.69339646397485,61.37316035778387,3.739286491872484,107.37189004204976,3.060835609146327
40.0,500.0,27843603.829579245,7006.935402776111,3690.003099198362,12.185706071055533,9.871360616351224,2.5780299027295883,43.858517242007046,38.18921908201288,21.308982164732328,58.72518985345108,37.79540027620673,85.30024475589184,9.677843731792771,61.37316035778387,3.739286491872484,107.37189004204976,3.060835609146327,99.1618398737254,26.69339646397485
40.0,500.0,27843603.829579245,7006.935402776111,3690.003099198362,12.185706071055533,9.871360616351224,2.5780299027295883,43.858517242007046,58.72518985345108,37.79540027620673,38.18921908201288,21.308982164732328,85.30024475589184,9.677843731792771,61.37316035778387,3.739286491872484,99.1618398737254,26.69339646397485,107.37189004204976,3.060835609146327
40.0,500.0,27843603.829579245,7006.935402776111,3690.003099198362,38.18921908201288,21.308982164732328,12.185706071055533,9.871360616351224,58.72518985345108,37.79540027620673,2.5780299027295883,43.858517242007046,107.37189004204976,3.060835609146327,85.30024475589184,9.677843731792771,99.1618398737254,26.69339646397485,61.37316035778387,3.739286491872484
40.0,500.0,27843603.829579245,7006.935402776111,3690.003099198362,38.18921908201288,21.308982164732328,12.185706071055533,9.871360616351224,2.5780299027295883,43.858517242007046,58.72518985345108,37.79540027620673,107.37189004204976,3.060835609146327,85.30024475589184,9.677843731792771,61.37316035778387,3.739286491872484,99.1618398737254,26.69339646397485
40.0,500.0,27843603.829579245,7006.935402776111,3690.003099198362,38.18921908201288,21.308982164732328,58.72518985345108,37.79540027620673,12.185706071055533,9.871360616351224,2.5780299027295883,43.858517242007046,107.37189004204976,3.060835609146327,99.1618398737254,26.69339646397485,85.30024475589184,9.677843731792771,61.37316035778387,3.739286491872484
40.0,500.0,27843603.829579245,7006.935402776111,3690.003099198362,38.18921908201288,21.308982164732328,58.72518985345108,37.79540027620673,2.5780299027295883,43.858517242007046,12.185706071055533,9.871360616351224,107.37189004204976,3.060835609146327,99.1618398737254,26.69339646397485,61.37316035778387,3.739286491872484,85.30024475589184,9.677843731792771
40.0,500.0,27843603.829579245,7006.935402776111,3690.003099198362,38.18921908201288,21.308982164732328,2.5780299027295883,43.858517242007046,12.185706071055533,9.871360616351224,58.72518985345108,37.79540027620673,107.37189004204976,3.060835609146327,61.37316035778387,3.739286491872484,85.30024475589184,9.677843731792771,99.1618398737254,26.69339646397485
40.0,500.0,27843603.829579245,7006.935402776111,3690.003099198362,38.18921908201288,21.308982164732328,2.5780299027295883,43.858517242007046,58.72518985345108,37.79540027620673,12.185706071055533,9.871360616351224,107.37189004204976,3.060835609146327,61.37316035778387,3.739286491872484,99.1618398737254,26.69339646397485,85.30024475589184,9.677843731792771
40.0,500.0,27843603.829579245,7006.935402776111,3690.003099198362,58.72518985345108,37.79540027620673,12.185706071055533,9.871360616351224,38.18921908201288,21.308982164732328,2.5780299027295883,43.858517242007046,99.1618398737254,26.69339646397485,85.30024475589184,9.677843731792771,107.37189004204976,3.060835609146327,61.37316035778387,3.739286491872484
40.0,500.0,27843603.829579245,7006.935402776111,3690.003099198362,58.72518985345108,37.79540027620673,12.185706071055533,9.871360616351224,2.5780299027295883,43.858517242007046,38.18921908201288,21.308982164732328,99.1618398737254,26.69339646397485,85.30024475589184,9.677843731792771,61.37316035778387,3.739286491872484,107.37189004204976,3.060835609146327
40.0,500.0,27843603.829579245,7006.935402776111,3690.003099198362,58.72518985345108,37.79540027620673,38.18921908201288,21.308982164732328,12.185706071055533,9.871360616351224,2.5780299027295883,43.858517242007046,99.1618398737254,26.69339646397485,107.37189004204976,3.060835609146327,85.30024475589184,9.677843731792771,61.37316035778387,3.739286491872484
40.0,500.0,27843603.829579245,7006.935402776111,3690.003099198362,58.72518985345108,37.79540027620673,38.18921908201288,21.308982164732328,2.5780299027295883,43.858517242007046,12.185706071055533,9.871360616351224,99.1618398737254,26.69339646397485,107.37189004204976,3.060835609146327,61.37316035778387,3.739286491872484,85.30024475589184,9.677843731792771
40.0,500.0,27843603.829579245,7006.935402776111,3690.003099198362,58.72518985345108,37.79540027620673,2.5780299027295883,43.858517242007046,12.185706071055533,9.871360616351224,38.18921908201288,21.308982164732328,99.1618398737254,26.69339646397485,61.37316035778387,3.739286491872484,85.30024475589184,9.677843731792771,107.37189004204976,3.060835609146327
40.0,500.0,27843603.829579245,7006.935402776111,3690.003099198362,58.72518985345108,37.79540027620673,2.5780299027295883,43.858517242007046,38.18921908201288,21.308982164732328,12.185706071055533,9.871360616351224,99.1618398737254,26.69339646397485,61.37316035778387,3.739286491872484,107.37189004204976,3.060835609146327,85.30024475589184,9.677843731792771
40.0,500.0,27843603.829579245,7006.935402776111,3690.003099198362,2.5780299027295883,43.858517242007046,12.185706071055533,9.871360616351224,38.18921908201288,21.308982164732328,58.72518985345108,37.79540027620673,61.37316035778387,3.739286491872484,85.30024475589184,9.677843731792771,107.37189004204976,3.060835609146327,99.1618398737254,26.69339646397485
40.0,500.0,27843603.829579245,7006.935402776111,3690.003099198362,2.5780299027295883,43.858517242007046,12.185706071055533,9.871360616351224,58.72518985345108,37.79540027620673,38.18921908201288,21.308982164732328,61.37316035778387,3.739286491872484,85.30024475589184,9.677843731792771,99.1618398737254,26.69339646397485,107.37189004204976,3.060835609146327
40.0,500.0,27843603.829579245,7006.935402776111,3690.003099198362,2.5780299027295883,43.858517242007046,38.18921908201288,21.308982164732328,12.185706071055533,9.871360616351224,58.72518985345108,37.79540027620673,61.37316035778387,3.739286491872484,107.37189004204976,3.060835609146327,85.30024475589184,9.677843731792771,99.1618398737254,26.69339646397485
40.0,500.0,27843603.829579245,7006.935402776111,3690.003099198362,2.5780299027295883,43.858517242007046,38.18921908201288,21.308982164732328,58.72518985345108,37.79540027620673,12.185706071055533,9.871360616351224,61.37316035778387,3.739286491872484,107.37189004204976,3.060835609146327,99.1618398737254,26.69339646397485,85.30024475589184,9.677843731792771
40.0,500.0,27843603.829579245,7006.935402776111,3690.003099198362,2.5780299027295883,43.858517242007046,58.72518985345108,37.79540027620673,12.185706071055533,9.871360616351224,38.18921908201288,21.308982164732328,61.37316035778387,3.739286491872484,99.1618398737254,26.69339646397485,85.30024475589184,9.677843731792771,107.37189004204976,3.060835609146327
40.0,500.0,27843603.829579245,7006.935402776111,3690.003099198362,2.5780299027295883,43.858517242007046,58.72518985345108,37.79540027620673,38.18921908201288,21.308982164732328,12.185706071055533,9.871360616351224,61.37316035778387,3.739286491872484,99.1618398737254,26.69339646397485,107.37189004204976,3.060835609146327,85.30024475589184,9.677843731792771
40.0,500.0,15179602.102353698,6409.538812733965,2284.6822284668287,35.82627493799728,53.58846969708266,43.20819699126219,7.507231169927746,12.730123982247626,51.94818559507895,11.735130422584266,27.941518173983763,106.4955317691864,37.92958498179081,85.90305017565385,29.573558830960465,64.89174308136475,56.309985769001976,61.06323474102729,25.45404938919713
40.0,500.0,15179602.102353698,6409.538812733965,2284.6822284668287,35.82627493799728,53.58846969708266,11.735130422584266,27.941518173983763,43.20819699126219,7.507231169927746,12.730123982247626,51.94818559507895,106.4955317691864,37.92958498179081,61.06323474102729,25.45404938919713,85.90305017565385,29.573558830960465,64.89174308136475,56.309985769001976
40.0,500.0,15179602.102353698,6409.538812733965,2284.6822284668287,35.82627493799728,53.58846969708266,11.735130422584266,27.941518173983763,12.730123982247626,51.94818559507895,43.20819699126219,7.507231169927746,106.4955317691864,37.92958498179081,61.06323474102729,25.45404938919713,64.89174308136475,56.309985769001976,85.90305017565385,29.573558830960465
40.0,500.0,15179602.102353698,6409.538812733965,2284.6822284668287,35.82627493799728,53.58846969708266,12.730123982247626,51.94818559507895,43.20819699126219,7.507231169927746,11.735130422584266,27.941518173983763,106.4955317691864,37.92958498179081,64.89174308136475,56.309985769001976,85.90305017565385,29.573558830960465,61.06323474102729,25.45404938919713
40.0,500.0,15179602.102353698,6409.538812733965,2284.6822284668287,35.82627493799728,53.58846969708266,12.730123982247626,51.94818559507895,11.735130422584266,27.941518173983763,43.20819699126219,7.507231169927746,106.4955317691864,37.92958498179081,64.89174308136475,56.309985769001976,61.06323474102729,25.45404938919713,85.90305017565385,29.573558830960465
40.0,500.0,15179602.102353698,6409.538812733965,2284.6822284668287,43.20819699126219,7.507231169927746,35.82627493799728,53.58846969708266,11.735130422584266,27.941518173983763,12.730123982247626,51.94818559507895,85.90305017565385,29.573558830960465,106.4955317691864,37.92958498179081,61.06323474102729,25.45404938919713,64.89174308136475,56.309985769001976
40.0,500.0,15179602.102353698,6409.538812733965,2284.6822284668287,43.20819699126219,7.507231169927746,35.82627493799728,53.58846969708266,12.730123982247626,51.94818559507895,11.735130422584266,27.941518173983763,85.90305017565385,29.573558830960465,106.4955317691864,37.92958498179081,64.89174308136475,56.309985769001976,61.06323474102729,25.45404938919713
40.0,500.0,15179602.102353698,6409.538812733965,2284.6822284668287,43.20819699126219,7.507231169927746,11.735130422584266,27.941518173983763,35.82627493799728,53.58846969708266,12.730123982247626,51.94818559507895,85.90305017565385,29.573558830960465,61.06323474102729,25.45404938919713,106.4955317691864,37.92958498179081,64.89174308136475,56.309985769001976
40.0,500.0,15179602.102353698,6409.538812733965,2284.6822284668287,43.20819699126219,7.507231169927746,11.735130422584266,27.941518173983763,12.730123982247626,51.94818559507895,35.82627493799728,53.58846969708266,85.90305017565385,29.573558830960465,61.06323474102729,25.45404938919713,64.89174308136475,56.309985769001976,106.4955317691864,37.92958498179081
40.0,500.0,15179602.102353698,6409.538812733965,2284.6822284668287,43.20819699126219,7.507231169927746,12.730123982247626,51.94818559507895,35.82627493799728,53.58846969708266,11.735130422584266,27.941518173983763,85.90305017565385,29.573558830960465,64.89174308136475,56.309985769001976,106.4955317691864,37.92958498179081,61.06323474102729,25.45404938919713
40.0,500.0,15179602.102353698,6409.538812733965,2284.6822284668287,43.20819699126219,7.507231169927746,12.730123982247626,51.94818559507895,11.735130422584266,27.941518173983763,35.82627493799728,53.58846969708266,85.90305017565385,29.573558830960465,64.89174308136475,56.309985769001976,61.06323474102729,25.45404938919713,106.4955317691864,37.92958498179081
40.0,500.0,15179602.102353698,6409.538812733965,2284.6822284668287,11.735130422584266,27.941518173983763,35.82627493799728,53.58846969708266,43.20819699126219,7.507231169927746,12.730123982247626,51.94818559507895,61.06323474102729,25.45404938919713,106.4955317691864,37.92958498179081,85.90305017565385,29.573558830960465,64.89174308136475,56.309985769001976
40.0,500.0,15179602.102353698,6409.538812733965,2284.6822284668287,11.735130422584266,27.941518173983763,35.82627493799728,53.58846969708266,12.730123982247626,51.94818559507895,43.20819699126219,7.507231169927746,61.06323474102729,25.45404938919713,106.4955317691864,37.92958498179081,64.89174308136475,56.309985769001976,85.90305017565385,29.573558830960465
40.0,500.0,15179602.102353698,6409.538812733965,2284.6822284668287,11.735130422584266,27.941518173983763,43.20819699126219,7.507231169927746,35.82627493799728,53.58846969708266,12.730123982247626,51.94818559507895,61.06323474102729,25.45404938919713,85.90305017565385,29.573558830960465,106.4955317691864,37.92958498179081,64.89174308136475,56.309985769001976
40.0,500.0,15179602.102353698,6409.538812733965,2284.6822284668287,11.735130422584266,27.941518173983763,43.20819699126219,7.507231169927746,12.730123982247626,51.94818559507895,35.82627493799728,53.58846969708266,61.06323474102729,25.45404938919713,85.90305017565385,29.573558830960465,64.89174308136475,56.309985769001976,106.4955317691864,37.92958498179081
40.0,500.0,15179602.102353698,6409.538812733965,2284.6822284668287,11.735130422584266,27.941518173983763,12.730123982247626,51.94818559507895,35.82627493799728,53.58846969708266,43.20819699126219,7.507231169927746,61.06323474102729,25.45404938919713,64.89174308136475,56.309985769001976,106.4955317691864,37.92958498179081,85.90305017565385,29.573558830960465
40.0,500.0,15179602.102353698,6409.538812733965,2284.6822284668287,11.735130422584266,27.941518173983763,12.730123982247626,51.94818559507895,43.20819699126219,7.507231169927746,35.82627493799728,53.58846969708266,61.06323474102729,25.45404938919713,64.89174308136475,56.309985769001976,85.90305017565385,29.573558830960465,106.4955317691864,37.92958498179081
40.0,500.0,15179602.102353698,6409.538812733965,2284.6822284668287,12.730123982247626,51.94818559507895,35.82627493799728,53.58846969708266,43.20819699126219,7.507231169927746,11.735130422584266,27.941518173983763,64.89174308136475,56.309985769001976,106.4955317691864,37.92958498179081,85.90305017565385,29.573558830960465,61.06323474102729,25.45404938919713
40.0,500.0,15179602.102353698,6409.538812733965,2284.6822284668287,12.730123982247626,51.94818559507895,35.82627493799728,53.58846969708266,11.735130422584266,27.941518173983763,43.20819699126219,7.507231169927746,64.89174308136475,56.309985769001976,106.4955317691864,37.92958498179081,61.06323474102729,25.45404938919713,85.90305017565385,29.573558830960465
40.0,500.0,15179602.102353698,6409.538812733965,2284.6822284668287,12.730123982247626,51.94818559507895,43.20819699126219,7.507231169927746,35.82627493799728,53.58846969708266,11.735130422584266,27.941518173983763,64.89174308136475,56.309985769001976,85.90305017565385,29.573558830960465,106.4955317691864,37.92958498179081,61.06323474102729,25.45404938919713
40.0,500.0,15179602.102353698,6409.538812733965,2284.6822284668287,12.730123982247626,51.94818559507895,43.20819699126219,7.507231169927746,11.735130422584266,27.941518173983763,35.82627493799728,53.58846969708266,64.89174308136475,56.309985769001976,85.90305017565385,29.573558830960465,61.06323474102729,25.45404938919713,106.4955317691864,37.92958498179081
40.0,500.0,15179602.102353698,6409.538812733965,2284.6822284668287,12.730123982247626,51.94818559507895,11.735130422584266,27.941518173983763,35.82627493799728,53.58846969708266,43.20819699126219,7.507231169927746,64.89174308136475,56.309985769001976,61.06323474102729,25.45404938919713,106.4955317691864,37.92958498179081,85.90305017565385,29.573558830960465
40.0,500.0,15179602.102353698,6409.538812733965,2284.6822284668287,12.730123982247626,51.94818559507895,11.735130422584266,27.941518173983763,43.20819699126219,7.507231169927746,35.82627493799728,53.58846969708266,64.89174308136475,56.309985769001976,61.06323474102729,25.45404938919713,85.90305017565385,29.573558830960465,106.4955317691864,37.92958498179081
40.0,500.0,25673495.581065804,7001.199255725056,3480.6937504068023,54.54792674276843,52.36671813014358,26.083593019704068,55.73514920181355,53.37758006349498,9.829793063811872,7.387638858235346,41.06335839119891,115.31804038573674,41.972545390376695,90.42435626658477,38.27102462785744,106.71513228782533,23.027613017797208,63.89270303207733,27.70324821819054
40.0,500.0,25673495.581065804,7001.199255725056,3480.6937504068023,54.54792674276843,52.36671813014358,7.387638858235346,41.06335839119891,26.083593019704068,55.73514920181355,53.37758006349498,9.829793063811872,115.31804038573674,41.972545390376695,63.89270303207733,27.70324821819054,90.42435626658477,38.27102462785744,106.71513228782533,23.027613017797208
40.0,500.0,25673495.581065804,7001.199255725056,3480.6937504068023,54.54792674276843,52.36671813014358,7.387638858235346,41.06335839119891,53.37758006349498,9.829793063811872,26.083593019704068,55.73514920181355,115.31804038573674,41.972545390376695,63.89270303207733,27.70324821819054,106.71513228782533,23.027613017797208,90.42435626658477,38.27102462785744
40.0,500.0,25673495.581065804,7001.199255725056,3480.6937504068023,54.54792674276843,52.36671813014358,53.37758006349498,9.829793063811872,26.083593019704068,55.73514920181355,7.387638858235346,41.06335839119891,115.31804038573674,41.972545390376695,106.71513228782533,23.027613017797208,90.42435626658477,38.27102462785744,63.89270303207733,27.70324821819054
40.0,500.0,25673495.581065804,7001.199255725056,3480.6937504068023,54.54792674276843,52.36671813014358,53.37758006349498,9.829793063811872,7.387638858235346,41.06335839119891,26.083593019704068,55.73514920181355,115.31804038573674,41.972545390376695,106.71513228782533,23.027613017797208,63.89270303207733,27.70324821819054,90.42435626658477,38.27102462785744
40.0,500.0,25673495.581065804,7001.199255725056,3480.6937504068023,26.083593019704068,55.73514920181355,54.54792674276843,52.36671813014358,7.387638858235346,41.06335839119891,53.37758006349498,9.829793063811872,90.42435626658477,38.27102462785744,115.31804038573674,41.972545390376695,63.89270303207733,27.70324821819054,106.71513228782533,23.027613017797208
40.0,500.0,25673495.581065804,7001.199255725056,3480.6937504068023,26.083593019704068,55.73514920181355,54.54792674276843,52.36671813014358,53.37758006349498,9.829793063811872,7.387638858235346,41.06335839119891,90.42435626658477,38.27102462785744,115.31804038573674,41.972545390376695,106.71513228782533,23.027613017797208,63.89270303207733,27.70324821819054
40.0,500.0,25673495.581065804,7001.199255725056,3480.6937504068023,26.083593019704068,55.73514920181355,7.387638858235346,41.06335839119891,54.54792674276843,52.36671813014358,53.37758006349498,9.829793063811872,90.42435626658477,38.27102462785744,63.89270303207733,27.70324821819054,115.31804038573674,41.972545390376695,106.71513228782533,23.027613017797208
40.0,500.0,25673495.581065804,7001.199255725056,3480.6937504068023,26.083593019704068,55.73514920181355,7.387638858235346,41.06335839119891,53.37758006349498,9.829793063811872,54.54792674276843,52.36671813014358,90.42435626658477,38.27102462785744,63.89270303207733,27.70324821819054,106.71513228782533,23.027613017797208,115.31804038573674,41.972545390376695
40.0,500.0,25673495.581065804,7001.199255725056,3480.6937504068023,26.083593019704068,55.73514920181355,53.37758006349498,9.829793063811872,54.54792674276843,52.36671813014358,7.387638858235346,41.06335839119891,90.42435626658477,38.27102462785744,106.71513228782533,23.027613017797208,115.31804038573674,41.972545390376695,63.89270303207733,27.70324821819054
40.0,500.0,25673495.581065804,7001.199255725056,3480.6937504068023,26.083593019704068,55.73514920181355,53.37758006349498,9.829793063811872,7.387638858235346,41.06335839119891,54.54792674276843,52.36671813014358,90.42435626658477,38.27102462785744,106.71513228782533,23.027613017797208,63.89270303207733,27.70324821819054,115.31804038573674,41.972545390376695
40.0,500.0,25673495.581065804,7001.199255725056,3480.6937504068023,7.387638858235346,41.06335839119891,54.54792674276843,52.36671813014358,26.083593019704068,55.73514920181355,53.37758006349498,9.829793063811872,63.89270303207733,27.70324821819054,115.31804038573674,41.972545390376695,90.42435626658477,38.27102462785744,106.71513228782533,23.027613017797208
40.0,500.0,25673495.581065804,7001.199255725056,3480.6937504068023,7.387638858235346,41.06335839119891,54.54792674276843,52.36671813014358,53.37758006349498,9.829793063811872,26.083593019704068,55.73514920181355,63.89270303207733,27.70324821819054,115.31804038573674,41.972545390376695,106.71513228782533,23.027613017797208,90.42435626658477,38.27102462785744
40.0,500.0,25673495.581065804,7001.199255725056,3480.6937504068023,7.387638858235346,41.06335839119891,26.083593019704068,55.73514920181355,54.54792674276843,52.36671813014358,53.37758006349498,9.829793063811872,63.89270303207733,27.70324821819054,90.42435626658477,38.27102462785744,115.31804038573674,41.972545390376695,106.71513228782533,23.027613017797208
40.0,500.0,25673495.581065804,7001.199255725056,3480.6937504068023,7.387638858235346,41.06335839119891,26.083593019704068,55.73514920181355,53.37758006349498,9.829793063811872,54.54792674276843,52.36671813014358,63.89270303207733,27.70324821819054,90.42435626658477,38.27102462785744,106.71513228782533,23.027613017797208,115.31804038573674,41.972545390376695
40.0,500.0,25673495.581065804,7001.199255725056,3480.6937504068023,7.387638858235346,41.06335839119891,53.37758006349498,9.829793063811872,54.54792674276843,52.36671813014358,26.083593019704068,55.73514920181355,63.89270303207733,27.70324821819054,106.71513228782533,23.027613017797208,115.31804038573674,41.972545390376695,90.42435626658477,38.27102462785744
40.0,500.0,25673495.581065804,7001.199255725056,3480.6937504068023,7.387638858235346,41.06335839119891,53.37758006349498,9.829793063811872,26.083593019704068,55.73514920181355,54.54792674276843,52.36671813014358,63.89270303207733,27.70324821819054,106.71513228782533,23.027613017797208,90.42435626658477,38.27102462785744,115.31804038573674,41.972545390376695
40.0,500.0,25673495.581065804,7001.199255725056,3480.6937504068023,53.37758006349498,9.829793063811872,54.54792674276843,52.36671813014358,26.083593019704068,55.73514920181355,7.387638858235346,41.06335839119891,106.71513228782533,23.027613017797208,115.31804038573674,41.972545390376695,90.42435626658477,38.27102462785744,63.89270303207733,27.70324821819054
40.0,500.0,25673495.581065804,7001.199255725056,3480.6937504068023,53.37758006349498,9.829793063811872,54.54792674276843,52.36671813014358,7.387638858235346,41.06335839119891,26.083593019704068,55.73514920181355,106.71513228782533,23.027613017797208,115.31804038573674,41.972545390376695,63.89270303207733,27.70324821819054,90.42435626658477,38.27102462785744
40.0,500.0,25673495.581065804,7001.199255725056,3480.6937504068023,53.37758006349498,9.829793063811872,26.083593019704068,55.73514920181355,54.54792674276843,52.36671813014358,7.387638858235346,41.06335839119891,106.71513228782533,23.027613017797208,90.42435626658477,38.27102462785744,115.31804038573674,41.972545390376695,63.89270303207733,27.70324821819054
40.0,500.0,25673495.581065804,7001.199255725056,3480.6937504068023,53.37758006349498,9.829793063811872,26.083593019704068,55.73514920181355,7.387638858235346,41.06335839119891,54.54792674276843,52.36671813014358,106.71513228782533,23.027613017797208,90.42435626658477,38.27102462785744,63.89270303207733,27.70324821819054,115.31804038573674,41.972545390376695
40.0,500.0,25673495.581065804,7001.199255725056,3480.6937504068023,53.37758006349498,9.829793063811872,7.387638858235346,41.06335839119891,54.54792674276843,52.36671813014358,26.083593019704068,55.73514920181355,106.71513228782533,23.027613017797208,63.89270303207733,27.70324821819054,115.31804038573674,41.972545390376695,90.42435626658477,38.27102462785744
40.0,500.0,25673495.581065804,7001.199255725056,3480.6937504068023,53.37758006349498,9.829793063811872,7.387638858235346,41.06335839119891,26.083593019704068,55.73514920181355,54.54792674276843,52.36671813014358,106.71513228782533,23.027613017797208,63.89270303207733,27.70324821819054,90.42435626658477,38.27102462785744,115.31804038573674,41.972545390376695
40.0,500.0,2368880.893842852,4552.906947270628,496.4621406718452,56.55109035401546,42.16580384118928,1.3107137636651212,1.4520721328146746,25.28609564503224,25.513188285786125,28.47421354476287,46.709608125055446,71.37072915627797,55.5904368698663,80.2108249219526,16.072801949663138,103.73775165025032,9.636198565194212,62.5276935767685,31.936996250962636
40.0,500.0,2368880.893842852,4552.906947270628,496.4621406718452,56.55109035401546,42.16580384118928,28.47421354476287,46.709608125055446,1.3107137636651212,1.4520721328146746,25.28609564503224,25.513188285786125,71.37072915627797,55.5904368698663,62.5276935767685,31.936996250962636,80.2108249219526,16.072801949663138,103.73775165025032,9.636198565194212
40.0,500.0,2368880.893842852,4552.906947270628,496.4621406718452,56.55109035401546,42.16580384118928,28.47421354476287,46.709608125055446,25.28609564503224,25.513188285786125,1.3107137636651212,1.4520721328146746,71.37072915627797,55.5904368698663,62.5276935767685,31.936996250962636,103.73775165025032,9.636198565194212,80.2108249219526,16.072801949663138
40.0,500.0,2368880.893842852,4552.906947270628,496.4621406718452,56.55109035401546,42.16580384118928,25.28609564503224,25.513188285786125,1.3107137636651212,1.4520721328146746,28.47421354476287,46.709608125055446,71.37072915627797,55.5904368698663,103.73775165025032,9.636198565194212,80.2108249219526,16.072801949663138,62.5276935767685,31.936996250962636
40.0,500.0,2368880.893842852,4552.906947270628,496.4621406718452,56.55109035401546,42.16580384118928,25.28609564503224,25.513188285786125,28.47421354476287,46.709608125055446,1.3107137636651212,1.4520721328146746,71.37072915627797,55.5904368698663,103.73775165025032,9.636198565194212,62.5276935767685,31.936996250962636,80.2108249219526,16.072801949663138
40.0,500.0,2368880.893842852,4552.906947270628,496.4621406718452,1.3107137636651212,1.4520721328146746,56.55109035401546,42.16580384118928,28.47421354476287,46.709608125055446,25.28609564503224,25.513188285786125,80.2108249219526,16.072801949663138,71.37072915627797,55.5904368698663,62.5276935767685,31.936996250962636,103.73775165025032,9.636198565194212
40.0,500.0,2368880.893842852,4552.906947270628,496.4621406718452,1.3107137636651212,1.4520721328146746,56.55109035401546,42.16580384118928,25.28609564503224,25.513188285786125,28.47421354476287,46.709608125055446,80.2108249219526,16.072801949663138,71.37072915627797,55.5904368698663,103.73775165025032,9.636198565194212,62.5276935767685,31.936996250962636
40.0,500.0,2368880.893842852,4552.906947270628,496.4621406718452,1.3107137636651212,1.4520721328146746,28.47421354476287,46.709608125055446,56.55109035401546,42.16580384118928,25.28609564503224,25.513188285786125,80.2108249219526,16.072801949663138,62.5276935767685,31.936996250962636,71.37072915627797,55.5904368698663,103.73775165025032,9.636198565194212
40.0,500.0,2368880.893842852,4552.906947270628,496.4621406718452,1.3107137636651212,1.4520721328146746,28.47421354476287,46.709608125055446,25.28609564503224,25.513188285786125,56.55109035401546,42.16580384118928,80.2108249219526,16.072801949663138,62.5276935767685,31.936996250962636,103.73775165025032,9.636198565194212,71.37072915627797,55.5904368698663
40.0,500.0,2368880.893842852,4552.906947270628,496.4621406718452,1.3107137636651212,1.4520721328146746,25.28609564503224,25.513188285786125,56.55109035401546,42.16580384118928,28.47421354476287,46.709608125055446,80.2108249219526,16.072801949663138,103.73775165025032,9.636198565194212,71.37072915627797,55.5904368698663,62.5276935767685,31.936996250962636
40.0,500.0,2368880.893842852,4552.906947270628,496.4621406718452,1.3107137636651212,1.4520721328146746,25.28609564503224,25.513188285786125,28.47421354476287,46.709608125055446,56.55109035401546,42.16580384118928,80.2108249219526,16.072801949663138,103.73775165025032,9.636198565194212,62.5276935767685,31.936996250962636,71.37072915627797,55.5904368698663
40.0,500.0,2368880.893842852,4552.906947270628,496.4621406718452,28.47421354476287,46.709608125055446,56.55109035401546,42.16580384118928,1.3107137636651212,1.4520721328146746,25.28609564503224,25.513188285786125,62.5276935767685,31.936996250962636,71.37072915627797,55.5904368698663,80.2108249219526,16.072801949663138,103.73775165025032,9.636198565194212
40.0,500.0,2368880.893842852,4552.906947270628,496.4621406718452,28.47421354476287,46.709608125055446,56.55109035401546,42.16580384118928,25.28609564503224,25.513188285786125,1.3107137636651212,1.4520721328146746,62.5276935767685,31.936996250962636,71.37072915627797,55.5904368698663,103.73775165025032,9.636198565194212,80.2108249219526,16.072801949663138
40.0,500.0,2368880.893842852,4552.906947270628,496.4621406718452,28.47421354476287,46.709608125055446,1.3107137636651212,1.4520721328146746,56.55109035401546,42.16580384118928,25.28609564503224,25.513188285786125,62.5276935767685,31.936996250962636,80.2108249219526,16.072801949663138,71.37072915627797,55.5904368698663,103.73775165025032,9.636198565194212
40.0,500.0,2368880.893842852,4552.906947270628,496.4621406718452,28.47421354476287,46.709608125055446,1.3107137636651212,1.4520721328146746,25.28609564503224,25.513188285786125,56.55109035401546,42.16580384118928,62.5276935767685,31.936996250962636,80.2108249219526,16.072801949663138,103.73775165025032,9.636198565194212,71.37072915627797,55.5904368698663
40.0,500.0,2368880.893842852,4552.906947270628,496.4621406718452,28.47421354476287,46.709608125055446,25.28609564503224,25.513188285786125,56.55109035401546,42.16580384118928,1.3107137636651212,1.4520721328146746,62.5276935767685,31.936996250962636,103.73775165025032,9.636198565194212,71.37072915627797,55.5904368698663,80.2108249219526,16.072801949663138
40.0,500.0,2368880.893842852,4552.906947270628,496.4621406718452,28.47421354476287,46.709608125055446,25.28609564503224,25.513188285786125,1.3107137636651212,1.4520721328146746,56.55109035401546,42.16580384118928,62.5276935767685,31.936996250962636,103.73775165025032,9.636198565194212,80.2108249219526,16.072801949663138,71.37072915627797,55.5904368698663
40.0,500.0,2368880.893842852,4552.906947270628,496.4621406718452,25.28609564503224,25.513188285786125,56.55109035401546,42.16580384118928,1.3107137636651212,1.4520721328146746,28.47421354476287,46.709608125055446,103.73775165025032,9.636198565194212,71.37072915627797,55.5904368698663,80.2108249219526,16.072801949663138,62.5276935767685,31.936996250962636
40.0,500.0,2368880.893842852,4552.906947270628,496.4621406718452,25.28609564503224,25.513188285786125,56.55109035401546,42.16580384118928,28.47421354476287,46.709608125055446,1.3107137636651212,1.4520721328146746,103.73775165025032,9.636198565194212,71.37072915627797,55.5904368698663,62.5276935767685,31.936996250962636,80.2108249219526,16.072801949663138
40.0,500.0,2368880.893842852,4552.906947270628,496.4621406718452,25.28609564503224,25.513188285786125,1.3107137636651212,1.4520721328146746,56.55109035401546,42.16580384118928,28.47421354476287,46.709608125055446,103.73775165025032,9.636198565194212,80.2108249219526,16.072801949663138,71.37072915627797,55.5904368698663,62.5276935767685,31.936996250962636
40.0,500.0,2368880.893842852,4552.906947270628,496.4621406718452,25.28609564503224,25.513188285786125,1.3107137636651212,1.4520721328146746,28.47421354476287,46.709608125055446,56.55109035401546,42.16580384118928,103.73775165025032,9.636198565194212,80.2108249219526,16.072801949663138,62.5276935767685,31.936996250962636,71.37072915627797,55.5904368698663
40.0,500.0,2368880.893842852,4552.906947270628,496.4621406718452,25.28609564503224,25.513188285786125,28.47421354476287,46.709608125055446,56.55109035401546,42.16580384118928,1.3107137636651212,1.4520721328146746,103.73775165025032,9.636198565194212,62.5276935767685,31.936996250962636,71.37072915627797,55.5904368698663,80.2108249219526,16.072801949663138
40.0,500.0,2368880.893842852,4552.906947270628,496.4621406718452,25.28609564503224,25.513188285786125,28.47421354476287,46.709608125055446,1.3107137636651212,1.4520721328146746,56.55109035401546,42.16580384118928,103.73775165025032,9.636198565194212,62.5276935767685,31.936996250962636,80.2108249219526,16.072801949663138,71.37072915627797,55.5904368698663
40.0,500.0,22126576.266060703,6817.9797776104415,3269.710641350544,26.29761949961138,10.622057669513667,8.159263100887744,35.044372623225776,51.436652017042434,17.332232140959412,56.50747002159251,44.56407627355854,84.0871661768243,35.43843345072142,82.80548681338435,57.57059063220312,119.0466336685808,32.89166244635882,108.02467542371258,49.58343764580205
40.0,500.0,22126576.266060703,6817.9797776104415,3269.710641350544,26.29761949961138,10.622057669513667,56.50747002159251,44.56407627355854,8.159263100887744,35.044372623225776,51.436652017042434,17.332232140959412,84.0871661768243,35.43843345072142,108.02467542371258,49.58343764580205,82.80548681338435,57.57059063220312,119.0466336685808,32.89166244635882
40.0,500.0,22126576.266060703,6817.9797776104415,3269.710641350544,26.29761949961138,10.622057669513667,56.50747002159251,44.56407627355854,51.436652017042434,17.332232140959412,8.159263100887744,35.044372623225776,84.0871661768243,35.43843345072142,108.02467542371258,49.58343764580205,119.0466336685808,32.89166244635882,82.80548681338435,57.57059063220312
40.0,500.0,22126576.266060703,6817.9797776104415,3269.710641350544,26.29761949961138,10.622057669513667,51.436652017042434,17.332232140959412,8.159263100887744,35.044372623225776,56.50747002159251,44.56407627355854,84.0871661768243,35.43843345072142,119.0466336685808,32.89166244635882,82.80548681338435,57.57059063220312,108.02467542371258,49.58343764580205
40.0,500.0,22126576.266060703,6817.9797776104415,3269.710641350544,26.29761949961138,10.622057669513667,51.436652017042434,17.332232140959412,56.50747002159251,44.56407627355854,8.159263100887744,35.044372623225776,84.0871661768243,35.43843345072142,119.0466336685808,32.89166244635882,108.02467542371258,49.58343764580205,82.80548681338435,57.57059063220312
40.0,500.0,22126576.266060703,6817.9797776104415,3269.710641350544,8.159263100887744,35.044372623225776,26.29761949961138,10.622057669513667,56.50747002159251,44.56407627355854,51.436652017042434,17.332232140959412,82.80548681338435,57.57059063220312,84.0871661768243,35.43843345072142,108.02467542371258,49.58343764580205,119.0466336685808,32.89166244635882
40.0,500.0,22126576.266060703,6817.9797776104415,3269.710641350544,8.159263100887744,35.044372623225776,26.29761949961138,10.622057669513667,51.436652017042434,17.332232140959412,56.50747002159251,44.56407627355854,82.80548681338435,57.57059063220312,84.0871661768243,35.43843345072142,119.0466336685808,32.89166244635882,108.02467542371258,49.58343764580205
40.0,500.0,22126576.266060703,6817.9797776104415,3269.710641350544,8.159263100887744,35.044372623225776,56.50747002159251,44.56407627355854,26.29761949961138,10.622057669513667,51.436652017042434,17.332232140959412,82.80548681338435,57.57059063220312,108.02467542371258,49.58343764580205,84.0871661768243,35.43843345072142,119.0466336685808,32.89166244635882
40.0,500.0,22126576.266060703,6817.9797776104415,3269.710641350544,8.159263100887744,35.044372623225776,56.50747002159251,44.56407627355854,51.436652017042434,17.332232140959412,26.29761949961138,10.622057669513667,82.80548681338435,57.57059063220312,108.02467542371258,49.58343764580205,119.0466336685808,32.89166244635882,84.0871661768243,35.43843345072142
40.0,500.0,22126576.266060703,6817.9797776104415,3269.710641350544,8.159263100887744,35.044372623225776,51.436652017042434,17.332232140959412,26.29761949961138,10.622057669513667,56.50747002159251,44.56407627355854,82.80548681338435,57.57059063220312,119.0466336685808,32.89166244635882,84.0871661768243,35.43843345072142,108.02467542371258,49.58343764580205
40.0,500.0,22126576.266060703,6817.9797776104415,3269.710641350544,8.159263100887744,35.044372623225776,51.436652017042434,17.332232140959412,56.50747002159251,44.56407627355854,26.29761949961138,10.622057669513667,82.80548681338435,57.57059063220312,119.0466336685808,32.89166244635882,108.02467542371258,49.58343764580205,84.0871661768243,35.43843345072142
40.0,500.0,22126576.266060703,6817.9797776104415,3269.710641350544,56.50747002159251,44.56407627355854,26.29761949961138,10.622057669513667,8.159263100887744,35.044372623225776,51.436652017042434,17.332232140959412,108.02467542371258,49.58343764580205,84.0871661768243,35.43843345072142,82.80548681338435,57.57059063220312,119.0466336685808,32.89166244635882
40.0,500.0,22126576.266060703,6817.9797776104415,3269.710641350544,56.50747002159251,44.56407627355854,26.29761949961138,10.622057669513667,51.436652017042434,17.332232140959412,8.159263100887744,35.044372623225776,108.02467542371258,49.58343764580205,84.0871661768243,35.43843345072142,119.0466336685808,32.89166244635882,82.80548681338435,57.57059063220312
40.0,500.0,22126576.266060703,6817.9797776104415,3269.710641350544,56.50747002159251,44.56407627355854,8.159263100887744,35.044372623225776,26.29761949961138,10.622057669513667,51.436652017042434,17.332232140959412,108.02467542371258,49.58343764580205,82.80548681338435,57.57059063220312,84.0871661768243,35.43843345072142,119.0466336685808,32.89166244635882
40.0,500.0,22126576.266060703,6817.9797776104415,3269.710641350544,56.50747002159251,44.56407627355854,8.159263100887744,35.044372623225776,51.436652017042434,17.332232140959412,26.29761949961138,10.622057669513667,108.02467542371258,49.58343764580205,82.80548681338435,57.57059063220312,119.0466336685808,32.89166244635882,84.0871661768243,35.43843345072142
40.0,500.0,22126576.266060703,6817.9797776104415,3269.710641350544,56.50747002159251,44.56407627355854,51.436652017042434,17.332232140959412,26.29761949961138,10.622057669513667,8.159263100887744,35.044372623225776,108.02467542371258,49.58343764580205,119.0466336685808,32.89166244635882,84.0871661768243,35.43843345072142,82.80548681338435,57.57059063220312
40.0,500.0,22126576.266060703,6817.9797776104415,3269.710641350544,56.50747002159251,44.56407627355854,51.436652017042434,17.332232140959412,8.159263100887744,35.044372623225776,26.29761949961138,10.622057669513667,108.02467542371258,49.58343764580205,119.0466336685808,32.89166244635882,82.80548681338435,57.57059063220312,84.0871661768243,35.43843345072142
40.0,500.0,22126576.266060703,6817.9797776104415,3269.710641350544,51.436652017042434,17.332232140959412,26.29761949961138,10.622057669513667,8.159263100887744,35.044372623225776,56.50747002159251,44.56407627355854,119.0466336685808,32.89166244635882,84.0871661768243,35.43843345072142,82.80548681338435,57.57059063220312,108.02467542371258,49.58343764580205
40.0,500.0,22126576.266060703,6817.9797776104415,3269.710641350544,51.436652017042434,17.332232140959412,26.29761949961138,10.622057669513667,56.50747002159251,44.56407627355854,8.159263100887744,35.044372623225776,119.0466336685808,32.89166244635882,84.0871661768243,35.43843345072142,108.02467542371258,49.58343764580205,82.80548681338435,57.57059063220312
40.0,500.0,22126576.266060703,6817.9797776104415,3269.710641350544,51.436652017042434,17.332232140959412,8.159263100887744,35.044372623225776,26.29761949961138,10.622057669513667,56.50747002159251,44.56407627355854,119.0466336685808,32.89166244635882,82.80548681338435,57.57059063220312,84.0871661768243,35.43843345072142,108.02467542371258,49.58343764580205
40.0,500.0,22126576.266060703,6817.9797776104415,3269.710641350544,51.436652017042434,17.332232140959412,8.159263100887744,35.044372623225776,56.50747002159251,44.56407627355854,26.29761949961138,10.622057669513667,119.0466336685808,32.89166244635882,82.80548681338435,57.57059063220312,108.02467542371258,49.58343764580205,84.0871661768243,35.43843345072142
40.0,500.0,22126576.266060703,6817.9797776104415,3269.710641350544,51.436652017042434,17.332232140959412,56.50747002159251,44.56407627355854,26.29761949961138,10.622057669513667,8.159263100887744,35.044372623225776,119.0466336685808,32.89166244635882,108.02467542371258,49.58343764580205,84.0871661768243,35.43843345072142,82.80548681338435,57.57059063220312
40.0,500.0,22126576.266060703,6817.9797776104415,3269.710641350544,51.436652017042434,17.332232140959412,56.50747002159251,44.56407627355854,8.159263100887744,35.044372623225776,26.29761949961138,10.622057669513667,119.0466336685808,32.89166244635882,108.02467542371258,49.58343764580205,82.80548681338435,57.57059063220312,84.0871661768243,35.43843345072142
40.0,500.0,12600945.0210058,6076.110058367994,1838.7671407767364,25.588670881418164,38.09203944321389,3.4764116466160577,46.7646209904263,19.04502096122945,3.7262675310507687,51.89543429029944,57.23531273787504,110.45304848941058,20.876909824995543,88.10722153681446,22.94095691045201,61.8882376527161,14.641094648196267,107.68959041273652,41.70581536767561
40.0,500.0,12600945.0210058,6076.110058367994,1838.7671407767364,25.588670881418164,38.09203944321389,51.89543429029944,57.23531273787504,3.4764116466160577,46.7646209904263,19.04502096122945,3.7262675310507687,110.45304848941058,20.876909824995543,107.68959041273652,41.70581536767561,88.10722153681446,22.94095691045201,61.8882376527161,14.641094648196267
40.0,500.0,12600945.0210058,6076.110058367994,1838.7671407767364,25.588670881418164,38.09203944321389,51.89543429029944,57.23531273787504,19.04502096122945,3.7262675310507687,3.4764116466160577,46.7646209904263,110.45304848941058,20.876909824995543,107.68959041273652,41.70581536767561,61.8882376527161,14.641094648196267,88.10722153681446,22.94095691045201
40.0,500.0,12600945.0210058,6076.110058367994,1838.7671407767364,25.588670881418164,38.09203944321389,19.04502096122945,3.7262675310507687,3.4764116466160577,46.7646209904263,51.89543429029944,57.23531273787504,110.45304848941058,20.876909824995543,61.8882376527161,14.641094648196267,88.10722153681446,22.94095691045201,107.68959041273652,41.70581536767561
40.0,500.0,12600945.0210058,6076.110058367994,1838.7671407767364,25.588670881418164,38.09203944321389,19.04502096122945,3.7262675310507687,51.89543429029944,57.23531273787504,3.4764116466160577,46.7646209904263,110.45304848941058,20.876909824995543,61.8882376527161,14.641094648196267,107.68959041273652,41.70581536767561,88.10722153681446,22.94095691045201
40.0,500.0,12600945.0210058,6076.110058367994,1838.7671407767364,3.4764116466160577,46.7646209904263,25.588670881418164,38.09203944321389,51.89543429029944,57.23531273787504,19.04502096122945,3.7262675310507687,88.10722153681446,22.94095691045201,110.45304848941058,20.876909824995543,107.68959041273652,41.70581536767561,61.8882376527161,14.641094648196267
40.0,500.0,12600945.0210058,6076.110058367994,1838.7671407767364,3.4764116466160577,46.7646209904263,25.588670881418164,38.09203944321389,19.04502096122945,3.7262675310507687,51.89543429029944,57.23531273787504,88.10722153681446,22.94095691045201,110.45304848941058,20.876909824995543,61.8882376527161,14.641094648196267,107.68959041273652,41.70581536767561
40.0,500.0,12600945.0210058,6076.110058367994,1838.7671407767364,3.4764116466160577,46.7646209904263,51.89543429029944,57.23531273787504,25.588670881418164,38.09203944321389,19.04502096122945,3.7262675310507687,88.10722153681446,22.94095691045201,107.68959041273652,41.70581536767561,110.45304848941058,20.876909824995543,61.8882376527161,14.641094648196267
40.0,500.0,12600945.0210058,6076.110058367994,1838.7671407767364,3.4764116466160577,46.7646209904263,51.89543429029944,57.23531273787504,19.04502096122945,3.7262675310507687,25.588670881418164,38.09203944321389,88.10722153681446,22.94095691045201,107.68959041273652,41.70581536767561,61.8882376527161,14.641094648196267,110.45304848941058,20.876909824995543
40.0,500.0,12600945.0210058,6076.110058367994,1838.7671407767364,3.4764116466160577,46.7646209904263,19.04502096122945,3.7262675310507687,25.588670881418164,38.09203944321389,51.89543429029944,57.23531273787504,88.10722153681446,22.94095691045201,61.8882376527161,14.641094648196267,110.45304848941058,20.876909824995543,107.68959041273652,41.70581536767561
40.0,500.0,12600945.0210058,6076.110058367994,1838.7671407767364,3.4764116466160577,46.7646209904263,19.04502096122945,3.7262675310507687,51.89543429029944,57.23531273787504,25.588670881418164,38.09203944321389,88.10722153681446,22.94095691045201,61.8882376527161,14.641094648196267,107.68959041273652,41.70581536767561,110.45304848941058,20.876909824995543
40.0,500.0,12600945.0210058,6076.110058367994,1838.7671407767364,51.89543429029944,57.23531273787504,25.588670881418164,38.09203944321389,3.4764116466160577,46.7646209904263,19.04502096122945,3.7262675310507687,107.68959041273652,41.70581536767561,110.45304848941058,20.876909824995543,88.10722153681446,22.94095691045201,61.8882376527161,14.641094648196267
40.0,500.0,12600945.0210058,6076.110058367994,1838.7671407767364,51.89543429029944,57.23531273787504,25.588670881418164,38.09203944321389,19.04502096122945,3.7262675310507687,3.4764116466160577,46.7646209904263,107.68959041273652,41.70581536767561,110.45304848941058,20.876909824995543,61.8882376527161,14.641094648196267,88.10722153681446,22.94095691045201
40.0,500.0,12600945.0210058,6076.110058367994,1838.7671407767364,51.89543429029944,57.23531273787504,3.4764116466160577,46.7646209904263,25.588670881418164,38.09203944321389,19.04502096122945,3.7262675310507687,107.68959041273652,41.70581536767561,88.10722153681446,22.94095691045201,110.45304848941058,20.876909824995543,61.8882376527161,14.641094648196267
40.0,500.0,12600945.0210058,6076.110058367994,1838.7671407767364,51.89543429029944,57.23531273787504,3.4764116466160577,46.7646209904263,19.04502096122945,3.7262675310507687,25.588670881418164,38.09203944321389,107.68959041273652,41.70581536767561,88.10722153681446,22.94095691045201,61.8882376527161,14.641094648196267,110.45304848941058,20.876909824995543
40.0,500.0,12600945.0210058,6076.110058367994,1838.7671407767364,51.89543429029944,57.23531273787504,19.04502096122945,3.7262675310507687,25.588670881418164,38.09203944321389,3.4764116466160577,46.7646209904263,107.68959041273652,41.70581536767561,61.8882376527161,14.641094648196267,110.45304848941058,20.876909824995543,88.10722153681446,22.94095691045201
40.0,500.0,12600945.0210058,6076.110058367994,1838.7671407767364,51.89543429029944,57.23531273787504,19.04502096122945,3.7262675310507687,3.4764116466160577,46.7646209904263,25.588670881418164,38.09203944321389,107.68959041273652,41.70581536767561,61.8882376527161,14.641094648196267,88.10722153681446,22.94095691045201,110.45304848941058,20.876909824995543
40.0,500.0,12600945.0210058,6076.110058367994,1838.7671407767364,19.04502096122945,3.7262675310507687,25.588670881418164,38.09203944321389,3.4764116466160577,46.7646209904263,51.89543429029944,57.23531273787504,61.8882376527161,14.641094648196267,110.45304848941058,20.876909824995543,88.10722153681446,22.94095691045201,107.68959041273652,41.70581536767561
40.0,500.0,12600945.0210058,6076.110058367994,1838.7671407767364,19.04502096122945,3.7262675310507687,25.588670881418164,38.09203944321389,51.89543429029944,57.23531273787504,3.4764116466160577,46.7646209904263,61.8882376527161,14.641094648196267,110.45304848941058,20.876909824995543,107.68959041273652,41.70581536767561,88.10722153681446,22.94095691045201
40.0,500.0,12600945.0210058,6076.110058367994,1838.7671407767364,19.04502096122945,3.7262675310507687,3.4764116466160577,46.7646209904263,25.588670881418164,38.09203944321389,51.89543429029944,57.23531273787504,61.8882376527161,14.641094648196267,88.10722153681446,22.94095691045201,110.45304848941058,20.876909824995543,107.68959041273652,41.70581536767561
40.0,500.0,12600945.0210058,6076.110058367994,1838.7671407767364,19.04502096122945,3.7262675310507687,3.4764116466160577,46.7646209904263,51.89543429029944,57.23531273787504,25.588670881418164,38.09203944321389,61.8882376527161,14.641094648196267,88.10722153681446,22.94095691045201,107.68959041273652,41.70581536767561,110.45304848941058,20.876909824995543
40.0,500.0,12600945.0210058,6076.110058367994,1838.7671407767364,19.04502096122945,3.7262675310507687,51.89543429029944,57.23531273787504,25.588670881418164,38.09203944321389,3.4764116466160577,46.7646209904263,61.8882376527161,14.641094648196267,107.68959041273652,41.70581536767561,110.45304848941058,20.876909824995543,88.10722153681446,22.94095691045201
40.0,500.0,12600945.0210058,6076.110058367994,1838.7671407767364,19.04502096122945,3.7262675310507687,51.89543429029944,57.23531273787504,3.4764116466160577,46.7646209904263,25.588670881418164,38.09203944321389,61.8882376527161,14.641094648196267,107.68959041273652,41.70581536767561,88.10722153681446,22.94095691045201,110.45304848941058,20.876909824995543
40.0,500.0,19747721.66637945,6168.0525042087465,2935.276044165006,1.2944118027610885,40.88481364879613,50.35445727302164,6.084072657683919,26.24652777410228,16.961404311282003,37.37126712945376,39.609436053519474,61.434657651484926,16.375215333099813,97.90690649974717,37.18560051920919,83.51018336354673,51.61432510159069,115.83308664202784,49.73747943718579
40.0,500.0,19747721.66637945,6168.0525042087465,2935.276044165006,1.2944118027610885,40.88481364879613,37.37126712945376,39.609436053519474,50.35445727302164,6.084072657683919,26.24652777410228,16.961404311282003,61.434657651484926,16.375215333099813,115.83308664202784,49.73747943718579,97.90690649974717,37.18560051920919,83.51018336354673,51.61432510159069
40.0,500.0,19747721.66637945,6168.0525042087465,2935.276044165006,1.2944118027610885,40.88481364879613,37.37126712945376,39.609436053519474,26.24652777410228,16.961404311282003,50.35445727302164,6.084072657683919,61.434657651484926,16.375215333099813,115.83308664202784,49.73747943718579,83.51018336354673,51.61432510159069,97.90690649974717,37.18560051920919
40.0,500.0,19747721.66637945,6168.0525042087465,2935.276044165006,1.2944118027610885,40.88481364879613,26.24652777410228,16.961404311282003,50.35445727302164,6.084072657683919,37.37126712945376,39.609436053519474,61.434657651484926,16.375215333099813,83.51018336354673,51.61432510159069,97.90690649974717,37.18560051920919,115.83308664202784,49.73747943718579
40.0,500.0,19747721.66637945,6168.0525042087465,2935.276044165006,1.2944118027610885,40.88481364879613,26.24652777410228,16.961404311282003,37.37126712945376,39.609436053519474,50.35445727302164,6.084072657683919,61.434657651484926,16.375215333099813,83.51018336354673,51.61432510159069,115.83308664202784,49.73747943718579,97.90690649974717,37.18560051920919
40.0,500.0,19747721.66637945,6168.0525042087465,2935.276044165006,50.35445727302164,6.084072657683919,1.2944118027610885,40.88481364879613,37.37126712945376,39.609436053519474,26.24652777410228,16.961404311282003,97.90690649974717,37.18560051920919,61.434657651484926,16.375215333099813,115.83308664202784,49.73747943718579,83.51018336354673,51.61432510159069
40.0,500.0,19747721.66637945,6168.0525042087465,2935.276044165006,50.35445727302164,6.084072657683919,1.2944118027610885,40.88481364879613,26.24652777410228,16.961404311282003,37.37126712945376,39.609436053519474,97.90690649974717,37.18560051920919,61.434657651484926,16.375215333099813,83.51018336354673,51.61432510159069,115.83308664202784,49.73747943718579
40.0,500.0,19747721.66637945,6168.0525042087465,2935.276044165006,50.35445727302164,6.084072657683919,37.37126712945376,39.609436053519474,1.2944118027610885,40.88481364879613,26.24652777410228,16.961404311282003,97.90690649974717,37.18560051920919,115.83308664202784,49.73747943718579,61.434657651484926,16.375215333099813,83.51018336354673,51.61432510159069
40.0,500.0,19747721.66637945,6168.0525042087465,2935.276044165006,50.35445727302164,6.084072657683919,37.37126712945376,39.609436053519474,26.24652777410228,16.961404311282003,1.2944118027610885,40.88481364879613,97.90690649974717,37.18560051920919,115.83308664202784,49.73747943718579,83.51018336354673,51.61432510159069,61.434657651484926,16.375215333099813
40.0,500.0,19747721.66637945,6168.0525042087465,2935.276044165006,50.35445727302164,6.084072657683919,26.24652777410228,16.961404311282003,1.2944118027610885,40.88481364879613,37.37126712945376,39.609436053519474,97.90690649974717,37.18560051920919,83.51018336354673,51.61432510159069,61.434657651484926,16.375215333099813,115.83308664202784,49.73747943718579
40.0,500.0,19747721.66637945,6168.0525042087465,2935.276044165006,50.35445727302164,6.084072657683919,26.24652777410228,16.961404311282003,37.37126712945376,39.609436053519474,1.2944118027610885,40.88481364879613,97.90690649974717,37.18560051920919,83.51018336354673,51.61432510159069,115.83308664202784,49.73747943718579,61.434657651484926,16.375215333099813
40.0,500.0,19747721.66637945,6168.0525042087465,2935.276044165006,37.37126712945376,39.609436053519474,1.2944118027610885,40.88481364879613,50.35445727302164,6.084072657683919,26.24652777410228,16.961404311282003,115.83308664202784,49.73747943718579,61.434657651484926,16.375215333099813,97.90690649974717,37.18560051920919,83.51018336354673,51.61432510159069
40.0,500.0,19747721.66637945,6168.0525042087465,2935.276044165006,37.37126712945376,39.609436053519474,1.2944118027610885,40.88481364879613,26.24652777410228,16.961404311282003,50.35445727302164,6.084072657683919,115.83308664202784,49.73747943718579,61.434657651484926,16.375215333099813,83.51018336354673,51.61432510159069,97.90690649974717,37.18560051920919
40.0,500.0,19747721.66637945,6168.0525042087465,2935.276044165006,37.37126712945376,39.609436053519474,50.35445727302164,6.084072657683919,1.2944118027610885,40.88481364879613,26.24652777410228,16.961404311282003,115.83308664202784,49.73747943718579,97.90690649974717,37.18560051920919,61.434657651484926,16.375215333099813,83.51018336354673,51.61432510159069
40.0,500.0,19747721.66637945,6168.0525042087465,2935.276044165006,37.37126712945376,39.609436053519474,50.35445727302164,6.084072657683919,26.24652777410228,16.961404311282003,1.2944118027610885,40.88481364879613,115.83308664202784,49.73747943718579,97.90690649974717,37.18560051920919,83.51018336354673,51.61432510159069,61.434657651484926,16.375215333099813
40.0,500.0,19747721.66637945,6168.0525042087465,2935.276044165006,37.37126712945376,39.609436053519474,26.24652777410228,16.961404311282003,1.2944118027610885,40.88481364879613,50.35445727302164,6.084072657683919,115.83308664202784,49.73747943718579,83.51018336354673,51.61432510159069,61.434657651484926,16.375215333099813,97.90690649974717,37.18560051920919
40.0,500.0,19747721.66637945,6168.0525042087465,2935.276044165006,37.37126712945376,39.609436053519474,26.24652777410228,16.961404311282003,50.35445727302164,6.084072657683919,1.2944118027610885,40.88481364879613,115.83308664202784,49.73747943718579,83.51018336354673,51.61432510159069,97.90690649974717,37.18560051920919,61.434657651484926,16.375215333099813
40.0,500.0,19747721.66637945,6168.0525042087465,2935.276044165006,26.24652777410228,16.961404311282003,1.2944118027610885,40.88481364879613,50.35445727302164,6.084072657683919,37.37126712945376,39.609436053519474,83.51018336354673,51.61432510159069,61.434657651484926,16.375215333099813,97.90690649974717,37.18560051920919,115.83308664202784,49.73747943718579
40.0,500.0,19747721.66637945,6168.0525042087465,2935.276044165006,26.24652777410228,16.961404311282003,1.2944118027610885,40.88481364879613,37.37126712945376,39.609436053519474,50.35445727302164,6.084072657683919,83.51018336354673,51.61432510159069,61.434657651484926,16.375215333099813,115.83308664202784,49.73747943718579,97.90690649974717,37.18560051920919
40.0,500.0,19747721.66637945,6168.0525042087465,2935.276044165006,26.24652777410228,16.961404311282003,50.35445727302164,6.084072657683919,1.2944118027610885,40.88481364879613,37.37126712945376,39.609436053519474,83.51018336354673,51.61432510159069,97.90690649974717,37.18560051920919,61.434657651484926,16.375215333099813,115.83308664202784,49.73747943718579
40.0,500.0,19747721.66637945,6168.0525042087465,2935.276044165006,26.24652777410228,16.961404311282003,50.35445727302164,6.084072657683919,37.37126712945376,39.609436053519474,1.2944118027610885,40.88481364879613,83.51018336354673,51.61432510159069,97.90690649974717,37.18560051920919,115.83308664202784,49.73747943718579,61.434657651484926,16.375215333099813
40.0,500.0,19747721.66637945,6168.0525042087465,2935.276044165006,26.24652777410228,16.961404311282003,37.37126712945376,39.609436053519474,1.2944118027610885,40.88481364879613,50.35445727302164,6.084072657683919,83.51018336354673,51.61432510159069,115.83308664202784,49.73747943718579,61.434657651484926,16.375215333099813,97.90690649974717,37.18560051920919
40.0,500.0,19747721.66637945,6168.0525042087465,2935.276044165006,26.24652777410228,16.961404311282003,37.37126712945376,39.609436053519474,50.35445727302164,6.084072657683919,1.2944118027610885,40.88481364879613,83.51018336354673,51.61432510159069,115.83308664202784,49.73747943718579,97.90690649974717,37.18560051920919,61.434657651484926,16.375215333099813
40.0,500.0,20684024.24568073,6964.707212067647,2775.804641229626,4.986313481924669,28.443465478277947,39.262306054545846,45.08312330904238,58.59750221033434,55.27925142276624,32.20875713361245,6.580401820989456,62.215259491496745,24.346983362598408,91.66019931634098,51.308277692324985,112.6568972614104,47.53642182304229,88.83535814458476,30.47148595560884
40.0,500.0,20684024.24568073,6964.707212067647,2775.804641229626,4.986313481924669,28.443465478277947,32.20875713361245,6.580401820989456,39.262306054545846,45.08312330904238,58.59750221033434,55.27925142276624,62.215259491496745,24.346983362598408,88.83535814458476,30.47148595560884,91.66019931634098,51.308277692324985,112.6568972614104,47.53642182304229
40.0,500.0,20684024.24568073,6964.707212067647,2775.804641229626,4.986313481924669,28.443465478277947,32.20875713361245,6.580401820989456,58.59750221033434,55.27925142276624,39.262306054545846,45.08312330904238,62.215259491496745,24.346983362598408,88.83535814458476,30.47148595560884,112.6568972614104,47.53642182304229,91.66019931634098,51.308277692324985
40.0,500.0,20684024.24568073,6964.707212067647,2775.804641229626,4.986313481924669,28.443465478277947,58.59750221033434,55.27925142276624,39.262306054545846,45.08312330904238,32.20875713361245,6.580401820989456,62.215259491496745,24.346983362598408,112.6568972614104,47.53642182304229,91.66019931634098,51.308277692324985,88.83535814458476,30.47148595560884
40.0,500.0,20684024.24568073,6964.707212067647,2775.804641229626,4.986313481924669,28.443465478277947,58.59750221033434,55.27925142276624,32.20875713361245,6.580401820989456,39.262306054545846,45.08312330904238,62.215259491496745,24.346983362598408,112.6568972614104,47.53642182304229,88.83535814458476,30.47148595560884,91.66019931634098,51.308277692324985
40.0,500.0,20684024.24568073,6964.707212067647,2775.804641229626,39.262306054545846,45.08312330904238,4.986313481924669,28.443465478277947,32.20875713361245,6.580401820989456,58.59750221033434,55.27925142276624,91.66019931634098,51.308277692324985,62.215259491496745,24.346983362598408,88.83535814458476,30.47148595560884,112.6568972614104,47.53642182304229
40.0,500.0,20684024.24568073,6964.707212067647,2775.804641229626,39.262306054545846,45.08312330904238,4.986313481924669,28.443465478277947,58.59750221033434,55.27925142276624,32.20875713361245,6.580401820989456,91.66019931634098,51.308277692324985,62.215259491496745,24.346983362598408,112.6568972614104,47.53642182304229,88.83535814458476,30.47148595560884
40.0,500.0,20684024.24568073,6964.707212067647,2775.804641229626,39.262306054545846,45.08312330904238,32.20875713361245,6.580401820989456,4.986313481924669,28.443465478277947,58.59750221033434,55.27925142276624,91.66019931634098,51.308277692324985,88.83535814458476,30.47148595560884,62.215259491496745,24.346983362598408,112.6568972614104,47.53642182304229
40.0,500.0,20684024.24568073,6964.707212067647,2775.804641229626,39.262306054545846,45.08312330904238,32.20875713361245,6.580401820989456,58.59750221033434,55.27925142276624,4.986313481924669,28.443465478277947,91.66019931634098,51.308277692324985,88.83535814458476,30.47148595560884,112.6568972614104,47.53642182304229,62.215259491496745,24.346983362598408
40.0,500.0,20684024.24568073,6964.707212067647,2775.804641229626,39.262306054545846,45.08312330904238,58.59750221033434,55.27925142276624,4.986313481924669,28.443465478277947,32.20875713361245,6.580401820989456,91.66019931634098,51.308277692324985,112.6568972614104,47.53642182304229,62.215259491496745,24.346983362598408,88.83535814458476,30.47148595560884
40.0,500.0,20684024.24568073,6964.707212067647,2775.804641229626,39.262306054545846,45.08312330904238,58.59750221033434,55.27925142276624,32.20875713361245,6.580401820989456,4.986313481924669,28.443465478277947,91.66019931634098,51.308277692324985,112.6568972614104,47.53642182304229,88.83535814458476,30.47148595560884,62.215259491496745,24.346983362598408
40.0,500.0,20684024.24568073,6964.707212067647,2775.804641229626,32.20875713361245,6.580401820989456,4.986313481924669,28.443465478277947,39.262306054545846,45.08312330904238,58.59750221033434,55.27925142276624,88.83535814458476,30.47148595560884,62.215259491496745,24.346983362598408,91.66019931634098,51.308277692324985,112.6568972614104,47.53642182304229
40.0,500.0,20684024.24568073,6964.707212067647,2775.804641229626,32.20875713361245,6.580401820989456,4.986313481924669,28.443465478277947,58.59750221033434,55.27925142276624,39.262306054545846,45.08312330904238,88.83535814458476,30.47148595560884,62.215259491496745,24.346983362598408,112.6568972614104,47.53642182304229,91.66019931634098,51.308277692324985
40.0,500.0,20684024.24568073,6964.707212067647,2775.804641229626,32.20875713361245,6.580401820989456,39.262306054545846,45.08312330904238,4.986313481924669,28.443465478277947,58.59750221033434,55.27925142276624,88.83535814458476,30.47148595560884,91.66019931634098,51.308277692324985,62.215259491496745,24.346983362598408,112.6568972614104,47.53642182304229
40.0,500.0,20684024.24568073,6964.707212067647,2775.804641229626,32.20875713361245,6.580401820989456,39.262306054545846,45.08312330904238,58.59750221033434,55.27925142276624,4.986313481924669,28.443465478277947,88.83535814458476,30.47148595560884,91.66019931634098,51.308277692324985,112.6568972614104,47.53642182304229,62.215259491496745,24.346983362598408
40.0,500.0,20684024.24568073,6964.707212067647,2775.804641229626,32.20875713361245,6.580401820989456,58.59750221033434,55.27925142276624,4.986313481924669,28.443465478277947,39.262306054545846,45.08312330904238,88.83535814458476,30.47148595560884,112.6568972614104,47.53642182304229,62.215259491496745,24.346983362598408,91.66019931634098,51.308277692324985
40.0,500.0,20684024.24568073,6964.707212067647,2775.804641229626,32.20875713361245,6.580401820989456,58.59750221033434,55.27925142276624,39.262306054545846,45.08312330904238,4.986313481924669,28.443465478277947,88.83535814458476,30.47148595560884,112.6568972614104,47.53642182304229,91.66019931634098,51.308277692324985,62.215259491496745,24.346983362598408
40.0,500.0,20684024.24568073,6964.707212067647,2775.804641229626,58.59750221033434,55.27925142276624,4.986313481924669,28.443465478277947,39.262306054545846,45.08312330904238,32.20875713361245,6.580401820989456,112.6568972614104,47.53642182304229,62.215259491496745,24.346983362598408,91.66019931634098,51.308277692324985,88.83535814458476,30.47148595560884
40.0,500.0,20684024.24568073,6964.707212067647,2775.804641229626,58.59750221033434,55.27925142276624,4.986313481924669,28.443465478277947,32.20875713361245,6.580401820989456,39.262306054545846,45.08312330904238,112.6568972614104,47.53642182304229,62.215259491496745,24.346983362598408,88.83535814458476,30.47148595560884,91.66019931634098,51.308277692324985
40.0,500.0,20684024.24568073,6964.707212067647,2775.804641229626,58.59750221033434,55.27925142276624,39.262306054545846,45.08312330904238,4.986313481924669,28.443465478277947,32.20875713361245,6.580401820989456,112.6568972614104,47.53642182304229,91.66019931634098,51.308277692324985,62.215259491496745,24.346983362598408,88.83535814458476,30.47148595560884
40.0,500.0,20684024.24568073,6964.707212067647,2775.804641229626,58.59750221033434,55.27925142276624,39.262306054545846,45.08312330904238,32.20875713361245,6.580401820989456,4.986313481924669,28.443465478277947,112.6568972614104,47.53642182304229,91.66019931634098,51.308277692324985,88.83535814458476,30.47148595560884,62.215259491496745,24.346983362598408
40.0,500.0,20684024.24568073,6964.707212067647,2775.804641229626,58.59750221033434,55.27925142276624,32.20875713361245,6.580401820989456,4.986313481924669,28.443465478277947,39.262306054545846,45.08312330904238,112.6568972614104,47.53642182304229,88.83535814458476,30.47148595560884,62.215259491496745,24.346983362598408,91.66019931634098,51.308277692324985
40.0,500.0,20684024.24568073,6964.707212067647,2775.804641229626,58.59750221033434,55.27925142276624,32.20875713361245,6.580401820989456,39.262306054545846,45.08312330904238,4.986313481924669,28.443465478277947,112.6568972614104,47.53642182304229,88.83535814458476,30.47148595560884,91.66019931634098,51.308277692324985,62.215259491496745,24.346983362598408
40.0,500.0,16604094.313461613,5649.800192774973,2951.995826564051,5.211348800272397,8.376148412347781,57.369293262625085,17.95851595357707,36.03274430982172,41.498665211570525,9.102339826940264,33.941225583291185,60.46393701559906,10.300078464500576,111.0253993106978,30.242452676039598,79.08451611286358,40.37977784668527,104.99915824537828,3.2212815754322897
40.0,500.0,16604094.313461613,5649.800192774973,2951.995826564051,5.211348800272397,8.376148412347781,9.102339826940264,33.941225583291185,57.369293262625085,17.95851595357707,36.03274430982172,41.498665211570525,60.46393701559906,10.300078464500576,104.99915824537828,3.2212815754322897,111.0253993106978,30.242452676039598,79.08451611286358,40.37977784668527
40.0,500.0,16604094.313461613,5649.800192774973,2951.995826564051,5.211348800272397,8.376148412347781,9.102339826940264,33.941225583291185,36.03274430982172,41.498665211570525,57.369293262625085,17.95851595357707,60.46393701559906,10.300078464500576,104.99915824537828,3.2212815754322897,79.08451611286358,40.37977784668527,111.0253993106978,30.242452676039598
40.0,500.0,16604094.313461613,5649.800192774973,2951.995826564051,5.211348800272397,8.376148412347781,36.03274430982172,41.498665211570525,57.369293262625085,17.95851595357707,9.102339826940264,33.941225583291185,60.46393701559906,10.300078464500576,79.08451611286358,40.37977784668527,111.0253993106978,30.242452676039598,104.99915824537828,3.2212815754322897
40.0,500.0,16604094.313461613,5649.800192774973,2951.995826564051,5.211348800272397,8.376148412347781,36.03274430982172,41.498665211570525,9.102339826940264,33.941225583291185,57.369293262625085,17.95851595357707,60.46393701559906,10.300078464500576,79.08451611286358,40.37977784668527,104.99915824537828,3.2212815754322897,111.0253993106978,30.242452676039598
40.0,500.0,16604094.313461613,5649.800192774973,2951.995826564051,57.369293262625085,17.95851595357707,5.211348800272397,8.376148412347781,9.102339826940264,33.941225583291185,36.03274430982172,41.498665211570525,111.0253993106978,30.242452676039598,60.46393701559906,10.300078464500576,104.99915824537828,3.2212815754322897,79.08451611286358,40.37977784668527
40.0,500.0,16604094.313461613,5649.800192774973,2951.995826564051,57.369293262625085,17.95851595357707,5.211348800272397,8.376148412347781,36.03274430982172,41.498665211570525,9.102339826940264,33.941225583291185,111.0253993106978,30.242452676039598,60.46393701559906,10.300078464500576,79.08451611286358,40.37977784668527,104.99915824537828,3.2212815754322897
40.0,500.0,16604094.313461613,5649.800192774973,2951.995826564051,57.369293262625085,17.95851595357707,9.102339826940264,33.941225583291185,5.211348800272397,8.376148412347781,36.03274430982172,41.498665211570525,111.0253993106978,30.242452676039598,104.99915824537828,3.2212815754322897,60.46393701559906,10.300078464500576,79.08451611286358,40.37977784668527
40.0,500.0,16604094.313461613,5649.800192774973,2951.995826564051,57.369293262625085,17.95851595357707,9.102339826940264,33.941225583291185,36.03274430982172,41.498665211570525,5.211348800272397,8.376148412347781,111.0253993106978,30.242452676039598,104.99915824537828,3.2212815754322897,79.08451611286358,40.37977784668527,60.46393701559906,10.300078464500576
40.0,500.0,16604094.313461613,5649.800192774973,2951.995826564051,57.369293262625085,17.95851595357707,36.03274430982172,41.498665211570525,5.211348800272397,8.376148412347781,9.102339826940264,33.941225583291185,111.0253993106978,30.242452676039598,79.08451611286358,40.37977784668527,60.46393701559906,10.300078464500576,104.99915824537828,3.2212815754322897
40.0,500.0,16604094.313461613,5649.800192774973,2951.995826564051,57.369293262625085,17.95851595357707,36.03274430982172,41.498665211570525,9.102339826940264,33.941225583291185,5.211348800272397,8.376148412347781,111.0253993106978,30.242452676039598,79.08451611286358,40.37977784668527,104.99915824537828,3.2212815754322897,60.46393701559906,10.300078464500576
40.0,500.0,16604094.313461613,5649.800192774973,2951.995826564051,9.102339826940264,33.941225583291185,5.211348800272397,8.376148412347781,57.369293262625085,17.95851595357707,36.03274430982172,41.498665211570525,104.99915824537828,3.2212815754322897,60.46393701559906,10.300078464500576,111.0253993106978,30.242452676039598,79.08451611286358,40.37977784668527
40.0,500.0,16604094.313461613,5649.800192774973,2951.995826564051,9.102339826940264,33.941225583291185,5.211348800272397,8.376148412347781,36.03274430982172,41.498665211570525,57.369293262625085,17.95851595357707,104.99915824537828,3.2212815754322897,60.46393701559906,10.300078464500576,79.08451611286358,40.37977784668527,111.0253993106978,30.242452676039598
40.0,500.0,16604094.313461613,5649.800192774973,2951.995826564051,9.102339826940264,33.941225583291185,57.369293262625085,17.95851595357707,5.211348800272397,8.376148412347781,36.03274430982172,41.498665211570525,104.99915824537828,3.2212815754322897,111.0253993106978,30.242452676039598,60.46393701559906,10.300078464500576,79.08451611286358,40.37977784668527
40.0,500.0,16604094.313461613,5649.800192774973,2951.995826564051,9.102339826940264,33.941225583291185,57.369293262625085,17.95851595357707,36.03274430982172,41.498665211570525,5.211348800272397,8.376148412347781,104.99915824537828,3.2212815754322897,111.0253993106978,30.242452676039598,79.08451611286358,40.37977784668527,60.46393701559906,10.300078464500576
40.0,500.0,16604094.313461613,5649.800192774973,2951.995826564051,9.102339826940264,33.941225583291185,36.03274430982172,41.498665211570525,5.211348800272397,8.376148412347781,57.369293262625085,17.95851595357707,104.99915824537828,3.2212815754322897,79.08451611286358,40.37977784668527,60.46393701559906,10.300078464500576,111.0253993106978,30.242452676039598
40.0,500.0,16604094.313461613,5649.800192774973,2951.995826564051,9.102339826940264,33.941225583291185,36.03274430982172,41.498665211570525,57.369293262625085,17.95851595357707,5.211348800272397,8.376148412347781,104.99915824537828,3.2212815754322897,79.08451611286358,40.37977784668527,111.0253993106978,30.242452676039598,60.46393701559906,10.300078464500576
40.0,500.0,16604094.313461613,5649.800192774973,2951.995826564051,36.03274430982172,41.498665211570525,5.211348800272397,8.376148412347781,57.369293262625085,17.95851595357707,9.102339826940264,33.941225583291185,79.08451611286358,40.37977784668527,60.46393701559906,10.300078464500576,111.0253993106978,30.242452676039598,104.99915824537828,3.2212815754322897
40.0,500.0,16604094.313461613,5649.800192774973,2951.995826564051,36.03274430982172,41.498665211570525,5.211348800272397,8.376148412347781,9.102339826940264,33.941225583291185,57.369293262625085,17.95851595357707,79.08451611286358,40.37977784668527,60.46393701559906,10.300078464500576,104.99915824537828,3.2212815754322897,111.0253993106978,30.242452676039598
40.0,500.0,16604094.313461613,5649.800192774973,2951.995826564051,36.03274430982172,41.498665211570525,57.369293262625085,17.95851595357707,5.211348800272397,8.376148412347781,9.102339826940264,33.941225583291185,79.08451611286358,40.37977784668527,111.0253993106978,30.242452676039598,60.46393701559906,10.300078464500576,104.99915824537828,3.2212815754322897
40.0,500.0,16604094.313461613,5649.800192774973,2951.995826564051,36.03274430982172,41.498665211570525,57.369293262625085,17.95851595357707,9.102339826940264,33.941225583291185,5.211348800272397,8.376148412347781,79.08451611286358,40.37977784668527,111.0253993106978,30.242452676039598,104.99915824537828,3.2212815754322897,60.46393701559906,10.300078464500576
40.0,500.0,16604094.313461613,5649.800192774973,2951.995826564051,36.03274430982172,41.498665211570525,9.102339826940264,33.941225583291185,5.211348800272397,8.376148412347781,57.369293262625085,17.95851595357707,79.08451611286358,40.37977784668527,104.99915824537828,3.2212815754322897,60.46393701559906,10.300078464500576,111.0253993106978,30.242452676039598
40.0,500.0,16604094.313461613,5649.800192774973,2951.995826564051,36.03274430982172,41.498665211570525,9.102339826940264,33.941225583291185,57.369293262625085,17.95851595357707,5.211348800272397,8.376148412347781,79.08451611286358,40.37977784668527,104.99915824537828,3.2212815754322897,111.0253993106978,30.242452676039598,60.46393701559906,10.300078464500576
40.0,500.0,10084745.98707573,5325.402238357722,1757.9236315336022,44.34573782095048,36.33570249394532,0.3037399981834165,56.947888135775045,59.54855169804455,1.5227202548656282,20.561475412279616,42.77581139119352,114.82076683158374,27.25134406033168,76.79806690979727,44.11973453641836,75.81434158680143,21.2163537855477,60.25109348865435,6.310672261550181
40.0,500.0,10084745.98707573,5325.402238357722,1757.9236315336022,44.34573782095048,36.33570249394532,20.561475412279616,42.77581139119352,0.3037399981834165,56.947888135775045,59.54855169804455,1.5227202548656282,114.82076683158374,27.25134406033168,60.25109348865435,6.310672261550181,76.79806690979727,44.11973453641836,75.81434158680143,21.2163537855477
40.0,500.0,10084745.98707573,5325.402238357722,1757.9236315336022,44.34573782095048,36.33570249394532,20.561475412279616,42.77581139119352,59.54855169804455,1.5227202548656282,0.3037399981834165,56.947888135775045,114.82076683158374,27.25134406033168,60.25109348865435,6.310672261550181,75.81434158680143,21.2163537855477,76.79806690979727,44.11973453641836
40.0,500.0,10084745.98707573,5325.402238357722,1757.9236315336022,44.34573782095048,36.33570249394532,59.54855169804455,1.5227202548656282,0.3037399981834165,56.947888135775045,20.561475412279616,42.77581139119352,114.82076683158374,27.25134406033168,75.81434158680143,21.2163537855477,76.79806690979727,44.11973453641836,60.25109348865435,6.310672261550181
40.0,500.0,10084745.98707573,5325.402238357722,1757.9236315336022,44.34573782095048,36.33570249394532,59.54855169804455,1.5227202548656282,20.561475412279616,42.77581139119352,0.3037399981834165,56.947888135775045,114.82076683158374,27.25134406033168,75.81434158680143,21.2163537855477,60.25109348865435,6.310672261550181,76.79806690979727,44.11973453641836
40.0,500.0,10084745.98707573,5325.402238357722,1757.9236315336022,0.3037399981834165,56.947888135775045,44.34573782095048,36.33570249394532,20.561475412279616,42.77581139119352,59.54855169804455,1.5227202548656282,76.79806690979727,44.11973453641836,114.82076683158374,27.25134406033168,60.25109348865435,6.310672261550181,75.81434158680143,21.2163537855477
40.0,500.0,10084745.98707573,5325.402238357722,1757.9236315336022,0.3037399981834165,56.947888135775045,44.34573782095048,36.33570249394532,59.54855169804455,1.5227202548656282,20.561475412279616,42.77581139119352,76.79806690979727,44.11973453641836,114.82076683158374,27.25134406033168,75.81434158680143,21.2163537855477,60.25109348865435,6.310672261550181
40.0,500.0,10084745.98707573,5325.402238357722,1757.9236315336022,0.3037399981834165,56.947888135775045,20.561475412279616,42.77581139119352,44.34573782095048,36.33570249394532,59.54855169804455,1.5227202548656282,76.79806690979727,44.11973453641836,60.25109348865435,6.310672261550181,114.82076683158374,27.25134406033168,75.81434158680143,21.2163537855477
40.0,500.0,10084745.98707573,5325.402238357722,1757.9236315336022,0.3037399981834165,56.947888135775045,20.561475412279616,42.77581139119352,59.54855169804455,1.5227202548656282,44.34573782095048,36.33570249394532,76.79806690979727,44.11973453641836,60.25109348865435,6.310672261550181,75.81434158680143,21.2163537855477,114.82076683158374,27.25134406033168
40.0,500.0,10084745.98707573,5325.402238357722,1757.9236315336022,0.3037399981834165,56.947888135775045,59.54855169804455,1.5227202548656282,44.34573782095048,36.33570249394532,20.561475412279616,42.77581139119352,76.79806690979727,44.11973453641836,75.81434158680143,21.2163537855477,114.82076683158374,27.25134406033168,60.25109348865435,6.310672261550181
40.0,500.0,10084745.98707573,5325.402238357722,1757.9236315336022,0.3037399981834165,56.947888135775045,59.54855169804455,1.5227202548656282,20.561475412279616,42.77581139119352,44.34573782095048,36.33570249394532,76.79806690979727,44.11973453641836,75.81434158680143,21.2163537855477,60.25109348865435,6.310672261550181,114.82076683158374,27.25134406033168
40.0,500.0,10084745.98707573,5325.402238357722,1757.9236315336022,20.561475412279616,42.77581139119352,44.34573782095048,36.33570249394532,0.3037399981834165,56.947888135775045,59.54855169804455,1.5227202548656282,60.25109348865435,6.310672261550181,114.82076683158374,27.25134406033168,76.79806690979727,44.11973453641836,75.81434158680143,21.2163537855477
40.0,500.0,10084745.98707573,5325.402238357722,1757.9236315336022,20.561475412279616,42.77581139119352,44.34573782095048,36.33570249394532,59.54855169804455,1.5227202548656282,0.3037399981834165,56.947888135775045,60.25109348865435,6.310672261550181,114.82076683158374,27.25134406033168,75.81434158680143,21.2163537855477,76.79806690979727,44.11973453641836
40.0,500.0,10084745.98707573,5325.402238357722,1757.9236315336022,20.561475412279616,42.77581139119352,0.3037399981834165,56.947888135775045,44.34573782095048,36.33570249394532,59.54855169804455,1.5227202548656282,60.25109348865435,6.310672261550181,76.79806690979727,44.11973453641836,114.82076683158374,27.25134406033168,75.81434158680143,21.2163537855477
40.0,500.0,10084745.98707573,5325.402238357722,1757.9236315336022,20.561475412279616,42.77581139119352,0.3037399981834165,56.947888135775045,59.54855169804455,1.5227202548656282,44.34573782095048,36.33570249394532,60.25109348865435,6.310672261550181,76.79806690979727,44.11973453641836,75.81434158680143,21.2163537855477,114.82076683158374,27.25134406033168
40.0,500.0,10084745.98707573,5325.402238357722,1757.9236315336022,20.561475412279616,42.77581139119352,59.54855169804455,1.5227202548656282,44.34573782095048,36.33570249394532,0.3037399981834165,56.947888135775045,60.25109348865435,6.310672261550181,75.81434158680143,21.2163537855477,114.82076683158374,27.25134406033168,76.79806690979727,44.11973453641836
40.0,500.0,10084745.98707573,5325.402238357722,1757.9236315336022,20.561475412279616,42.77581139119352,59.54855169804455,1.5227202548656282,0.3037399981834165,56.947888135775045,44.34573782095048,36.33570249394532,60.25109348865435,6.310672261550181,75.81434158680143,21.2163537855477,76.79806690979727,44.11973453641836,114.82076683158374,27.25134406033168
40.0,500.0,10084745.98707573,5325.402238357722,1757.9236315336022,59.54855169804455,1.5227202548656282,44.34573782095048,36.33570249394532,0.3037399981834165,56.947888135775045,20.561475412279616,42.77581139119352,75.81434158680143,21.2163537855477,114.82076683158374,27.25134406033168,76.79806690979727,44.11973453641836,60.25109348865435,6.310672261550181
40.0,500.0,10084745.98707573,5325.402238357722,1757.9236315336022,59.54855169804455,1.5227202548656282,44.34573782095048,36.33570249394532,20.561475412279616,42.77581139119352,0.3037399981834165,56.947888135775045,75.81434158680143,21.2163537855477,114.82076683158374,27.25134406033168,60.25109348865435,6.310672261550181,76.79806690979727,44.11973453641836
40.0,500.0,10084745.98707573,5325.402238357722,1757.9236315336022,59.54855169804455,1.5227202548656282,0.3037399981834165,56.947888135775045,44.34573782095048,36.33570249394532,20.561475412279616,42.77581139119352,75.81434158680143,21.2163537855477,76.79806690979727,44.11973453641836,114.82076683158374,27.25134406033168,60.25109348865435,6.310672261550181
40.0,500.0,10084745.98707573,5325.402238357722,1757.9236315336022,59.54855169804455,1.5227202548656282,0.3037399981834165,56.947888135775045,20.561475412279616,42.77581139119352,44.34573782095048,36.33570249394532,75.81434158680143,21.2163537855477,76.79806690979727,44.11973453641836,60.25109348865435,6.310672261550181,114.82076683158374,27.25134406033168
40.0,500.0,10084745.98707573,5325.402238357722,1757.9236315336022,59.54855169804455,1.5227202548656282,20.561475412279616,42.77581139119352,44.34573782095048,36.33570249394532,0.3037399981834165,56.947888135775045,75.81434158680143,21.2163537855477,60.25109348865435,6.310672261550181,114.82076683158374,27.25134406033168,76.79806690979727,44.11973453641836
40.0,500.0,10084745.98707573,5325.402238357722,1757.9236315336022,59.54855169804455,1.5227202548656282,20.561475412279616,42.77581139119352,0.3037399981834165,56.947888135775045,44.34573782095048,36.33570249394532,75.81434158680143,21.2163537855477,60.25109348865435,6.310672261550181,76.79806690979727,44.11973453641836,114.82076683158374,27.25134406033168
53.333333333333336,500.0,22189893.04159326,6456.755327020773,3317.650957981456,12.185706071055533,9.871360616351224,38.18921908201288,21.308982164732328,2.5780299027295883,43.858517242007046,58.72518985345108,37.79540027620673,89.35209158936505,22.338000518574688,109.65402528941462,26.857325521910795,60.82358292936289,10.44013754899146,116.56999245198948,46.316953665116415
53.333333333333336,500.0,22189893.04159326,6456.755327020773,3317.650957981456,12.185706071055533,9.871360616351224,58.72518985345108,37.79540027620673,38.18921908201288,21.308982164732328,2.5780299027295883,43.858517242007046,89.35209158936505,22.338000518574688,116.56999245198948,46.316953665116415,109.65402528941462,26.857325521910795,60.82358292936289,10.44013754899146
53.333333333333336,500.0,22189893.04159326,6456.755327020773,3317.650957981456,12.185706071055533,9.871360616351224,58.72518985345108,37.79540027620673,2.5780299027295883,43.858517242007046,38.18921908201288,21.308982164732328,89.35209158936505,22.338000518574688,116.56999245198948,46.316953665116415,60.82358292936289,10.44013754899146,109.65402528941462,26.857325521910795
53.333333333333336,500.0,22189893.04159326,6456.755327020773,3317.650957981456,12.185706071055533,9.871360616351224,2.5780299027295883,43.858517242007046,38.18921908201288,21.308982164732328,58.72518985345108,37.79540027620673,89.35209158936505,22.338000518574688,60.82358292936289,10.44013754899146,109.65402528941462,26.857325521910795,116.56999245198948,46.316953665116415
53.333333333333336,500.0,22189893.04159326,6456.755327020773,3317.650957981456,12.185706071055533,9.871360616351224,2.5780299027295883,43.858517242007046,58.72518985345108,37.79540027620673,38.18921908201288,21.308982164732328,89.35209158936505,22.338000518574688,60.82358292936289,10.44013754899146,116.56999245198948,46.316953665116415,109.65402528941462,26.857325521910795
53.333333333333336,500.0,22189893.04159326,6456.755327020773,3317.650957981456,38.18921908201288,21.308982164732328,12.185706071055533,9.871360616351224,58.72518985345108,37.79540027620673,2.5780299027295883,43.858517242007046,109.65402528941462,26.857325521910795,89.35209158936505,22.338000518574688,116.56999245198948,46.316953665116415,60.82358292936289,10.44013754899146
53.333333333333336,500.0,22189893.04159326,6456.755327020773,3317.650957981456,38.18921908201288,21.308982164732328,12.185706071055533,9.871360616351224,2.5780299027295883,43.858517242007046,58.72518985345108,37.79540027620673,109.65402528941462,26.857325521910795,89.35209158936505,22.338000518574688,60.82358292936289,10.44013754899146,116.56999245198948,46.316953665116415
53.333333333333336,500.0,22189893.04159326,6456.755327020773,3317.650957981456,38.18921908201288,21.308982164732328,58.72518985345108,37.79540027620673,12.185706071055533,9.871360616351224,2.5780299027295883,43.858517242007046,109.65402528941462,26.857325521910795,116.56999245198948,46.316953665116415,89.35209158936505,22.338000518574688,60.82358292936289,10.44013754899146
53.333333333333336,500.0,22189893.04159326,6456.755327020773,3317.650957981456,38.18921908201288,21.308982164732328,58.72518985345108,37.79540027620673,2.5780299027295883,43.858517242007046,12.185706071055533,9.871360616351224,109.65402528941462,26.857325521910795,116.56999245198948,46.316953665116415,60.82358292936289,10.44013754899146,89.35209158936505,22.338000518574688
53.333333333333336,500.0,22189893.04159326,6456.755327020773,3317.650957981456,38.18921908201288,21.308982164732328,2.5780299027295883,43.858517242007046,12.185706071055533,9.871360616351224,58.72518985345108,37.79540027620673,109.65402528941462,26.857325521910795,60.82358292936289,10.44013754899146,89.35209158936505,22.338000518574688,116.56999245198948,46.316953665116415
53.333333333333336,500.0,22189893.04159326,6456.755327020773,3317.650957981456,38.18921908201288,21.308982164732328,2.5780299027295883,43.858517242007046,58.72518985345108,37.79540027620673,12.185706071055533,9.871360616351224,109.65402528941462,26.857325521910795,60.82358292936289,10.44013754899146,116.56999245198948,46.316953665116415,89.35209158936505,22.338000518574688
53.333333333333336,500.0,22189893.04159326,6456.755327020773,3317.650957981456,58.72518985345108,37.79540027620673,12.185706071055533,9.871360616351224,38.18921908201288,21.308982164732328,2.5780299027295883,43.858517242007046,116.56999245198948,46.316953665116415,89.35209158936505,22.338000518574688,109.65402528941462,26.857325521910795,60.82358292936289,10.44013754899146
53.333333333333336,500.0,22189893.04159326,6456.755327020773,3317.650957981456,58.72518985345108,37.79540027620673,12.185706071055533,9.871360616351224,2.5780299027295883,43.858517242007046,38.18921908201288,21.308982164732328,116.56999245198948,46.316953665116415,89.35209158936505,22.338000518574688,60.82358292936289,10.44013754899146,109.65402528941462,26.857325521910795
53.333333333333336,500.0,22189893.04159326,6456.755327020773,3317.650957981456,58.72518985345108,37.79540027620673,38.18921908201288,21.308982164732328,12.185706071055533,9.871360616351224,2.5780299027295883,43.858517242007046,116.56999245198948,46.316953665116415,109.65402528941462,26.857325521910795,89.35209158936505,22.338000518574688,60.82358292936289,10.44013754899146
53.333333333333336,500.0,22189893.04159326,6456.755327020773,3317.650957981456,58.72518985345108,37.79540027620673,38.18921908201288,21.308982164732328,2.5780299027295883,43.858517242007046,12.185706071055533,9.871360616351224,116.56999245198948,46.316953665116415,109.65402528941462,26.857325521910795,60.82358292936289,10.44013754899146,89.35209158936505,22.338000518574688
53.333333333333336,500.0,22189893.04159326,6456.755327020773,3317.650957981456,58.72518985345108,37.79540027620673,2.5780299027295883,43.858517242007046,12.185706071055533,9.871360616351224,38.18921908201288,21.308982164732328,116.56999245198948,46.316953665116415,60.82358292936289,10.44013754899146,89.35209158936505,22.338000518574688,109.65402528941462,26.857325521910795
53.333333333333336,500.0,22189893.04159326,6456.755327020773,3317.650957981456,58.72518985345108,37.79540027620673,2.5780299027295883,43.858517242007046,38.18921908201288,21.308982164732328,12.185706071055533,9.871360616351224,116.56999245198948,46.316953665116415,60.82358292936289,10.44013754899146,109.65402528941462,26.857325521910795,89.35209158936505,22.338000518574688
53.333333333333336,500.0,22189893.04159326,6456.755327020773,3317.650957981456,2.5780299027295883,43.858517242007046,12.185706071055533,9.871360616351224,38.18921908201288,21.308982164732328,58.72518985345108,37.79540027620673,60.82358292936289,10.44013754899146,89.35209158936505,22.338000518574688,109.65402528941462,26.857325521910795,116.56999245198948,46.316953665116415
53.333333333333336,500.0,22189893.04159326,6456.755327020773,3317.650957981456,2.5780299027295883,43.858517242007046,12.185706071055533,9.871360616351224,58.72518985345108,37.79540027620673,38.18921908201288,21.308982164732328,60.82358292936289,10.44013754899146,89.35209158936505,22.338000518574688,116.56999245198948,46.316953665116415,109.65402528941462,26.857325521910795
53.333333333333336,500.0,22189893.04159326,6456.755327020773,3317.650957981456,2.5780299027295883,43.858517242007046,38.18921908201288,21.308982164732328,12.185706071055533,9.871360616351224,58.72518985345108,37.79540027620673,60.82358292936289,10.44013754899146,109.65402528941462,26.857325521910795,89.35209158936505,22.338000518574688,116.56999245198948,46.316953665116415
53.333333333333336,500.0,22189893.04159326,6456.755327020773,3317.650957981456,2.5780299027295883,43.858517242007046,38.18921908201288,21.308982164732328,58.72518985345108,37.79540027620673,12.185706071055533,9.871360616351224,60.82358292936289,10.44013754899146,109.65402528941462,26.857325521910795,116.56999245198948,46.316953665116415,89.35209158936505,22.338000518574688
53.333333333333336,500.0,22189893.04159326,6456.755327020773,3317.650957981456,2.5780299027295883,43.858517242007046,58.72518985345108,37.79540027620673,12.185706071055533,9.871360616351224,38.18921908201288,21.308982164732328,60.82358292936289,10.44013754899146,116.56999245198948,46.316953665116415,89.35209158936505,22.338000518574688,109.65402528941462,26.857325521910795
53.333333333333336,500.0,22189893.04159326,6456.755327020773,3317.650957981456,2.5780299027295883,43.858517242007046,58.72518985345108,37.79540027620673,38.18921908201288,21.308982164732328,12.185706071055533,9.871360616351224,60.82358292936289,10.44013754899146,116.56999245198948,46.316953665116415,109.65402528941462,26.857325521910795,89.35209158936505,22.338000518574688
53.333333333333336,500.0,13267982.868765106,6666.109888879387,1902.7967898298768,35.82627493799728,53.58846969708266,43.20819699126219,7.507231169927746,12.730123982247626,51.94818559507895,11.735130422584266,27.941518173983763,99.8234172344836,28.5104860283886,110.55667007717604,9.942944290940131,74.1398709578506,33.27339072459107,62.96486163132271,10.295727839076296
53.333333333333336,500.0,13267982.868765106,6666.109888879387,1902.7967898298768,35.82627493799728,53.58846969708266,11.735130422584266,27.941518173983763,43.20819699126219,7.507231169927746,12.730123982247626,51.94818559507895,99.8234172344836,28.5104860283886,62.96486163132271,10.295727839076296,110.55667007717604,9.942944290940131,74.1398709578506,33.27339072459107
53.333333333333336,500.0,13267982.868765106,6666.109888879387,1902.7967898298768,35.82627493799728,53.58846969708266,11.735130422584266,27.941518173983763,12.730123982247626,51.94818559507895,43.20819699126219,7.507231169927746,99.8234172344836,28.5104860283886,62.96486163132271,10.295727839076296,74.1398709578506,33.27339072459107,110.55667007717604,9.942944290940131
53.333333333333336,500.0,13267982.868765106,6666.109888879387,1902.7967898298768,35.82627493799728,53.58846969708266,12.730123982247626,51.94818559507895,43.20819699126219,7.507231169927746,11.735130422584266,27.941518173983763,99.8234172344836,28.5104860283886,74.1398709578506,33.27339072459107,110.55667007717604,9.942944290940131,62.96486163132271,10.295727839076296
53.333333333333336,500.0,13267982.868765106,6666.109888879387,1902.7967898298768,35.82627493799728,53.58846969708266,12.730123982247626,51.94818559507895,11.735130422584266,27.941518173983763,43.20819699126219,7.507231169927746,99.8234172344836,28.5104860283886,74.1398709578506,33.27339072459107,62.96486163132271,10.295727839076296,110.55667007717604,9.942944290940131
53.333333333333336,500.0,13267982.868765106,6666.109888879387,1902.7967898298768,43.20819699126219,7.507231169927746,35.82627493799728,53.58846969708266,11.735130422584266,27.941518173983763,12.730123982247626,51.94818559507895,110.55667007717604,9.942944290940131,99.8234172344836,28.5104860283886,62.96486163132271,10.295727839076296,74.1398709578506,33.27339072459107
53.333333333333336,500.0,13267982.868765106,6666.109888879387,1902.7967898298768,43.20819699126219,7.507231169927746,35.82627493799728,53.58846969708266,12.730123982247626,51.94818559507895,11.735130422584266,27.941518173983763,110.55667007717604,9.942944290940131,99.8234172344836,28.5104860283886,74.1398709578506,33.27339072459107,62.96486163132271,10.295727839076296
53.333333333333336,500.0,13267982.868765106,6666.109888879387,1902.7967898298768,43.20819699126219,7.507231169927746,11.735130422584266,27.941518173983763,35.82627493799728,53.58846969708266,12.730123982247626,51.94818559507895,110.55667007717604,9.942944290940131,62.96486163132271,10.295727839076296,99.8234172344836,28.5104860283886,74.1398709578506,33.27339072459107
53.333333333333336,500.0,13267982.868765106,6666.109888879387,1902.7967898298768,43.20819699126219,7.507231169927746,11.735130422584266,27.941518173983763,12.730123982247626,51.94818559507895,35.82627493799728,53.58846969708266,110.55667007717604,9.942944290940131,62.96486163132271,10.295727839076296,74.1398709578506,33.27339072459107,99.8234172344836,28.5104860283886
53.333333333333336,500.0,13267982.868765106,6666.109888879387,1902.7967898298768,43.20819699126219,7.507231169927746,12.730123982247626,51.94818559507895,35.82627493799728,53.58846969708266,11.735130422584266,27.941518173983763,110.55667007717604,9.942944290940131,74.1398709578506,33.27339072459107,99.8234172344836,28.5104860283886,62.96486163132271,10.295727839076296
53.333333333333336,500.0,13267982.868765106,6666.109888879387,1902.7967898298768,43.20819699126219,7.507231169927746,12.730123982247626,51.94818559507895,11.735130422584266,27.941518173983763,35.82627493799728,53.58846969708266,110.55667007717604,9.942944290940131,74.1398709578506,33.27339072459107,62.96486163132271,10.295727839076296,99.8234172344836,28.5104860283886
53.333333333333336,500.0,13267982.868765106,6666.109888879387,1902.7967898298768,11.735130422584266,27.941518173983763,35.82627493799728,53.58846969708266,43.20819699126219,7.507231169927746,12.730123982247626,51.94818559507895,62.96486163132271,10.295727839076296,99.8234172344836,28.5104860283886,110.55667007717604,9.942944290940131,74.1398709578506,33.27339072459107
53.333333333333336,500.0,13267982.868765106,6666.109888879387,1902.7967898298768,11.735130422584266,27.941518173983763,35.82627493799728,53.58846969708266,12.730123982247626,51.94818559507895,43.20819699126219,7.507231169927746,62.96486163132271,10.295727839076296,99.8234172344836,28.5104860283886,74.1398709578506,33.27339072459107,110.55667007717604,9.942944290940131
53.333333333333336,500.0,13267982.868765106,6666.109888879387,1902.7967898298768,11.735130422584266,27.941518173983763,43.20819699126219,7.507231169927746,35.82627493799728,53.58846969708266,12.730123982247626,51.94818559507895,62.96486163132271,10.295727839076296,110.55667007717604,9.942944290940131,99.8234172344836,28.5104860283886,74.1398709578506,33.27339072459107
53.333333333333336,500.0,13267982.868765106,6666.109888879387,1902.7967898298768,11.735130422584266,27.941518173983763,43.20819699126219,7.507231169927746,12.730123982247626,51.94818559507895,35.82627493799728,53.58846969708266,62.96486163132271,10.295727839076296,110.55667007717604,9.942944290940131,74.1398709578506,33.27339072459107,99.8234172344836,28.5104860283886
53.333333333333336,500.0,13267982.868765106,6666.109888879387,1902.7967898298768,11.735130422584266,27.941518173983763,12.730123982247626,51.94818559507895,35.82627493799728,53.58846969708266,43.20819699126219,7.507231169927746,62.96486163132271,10.295727839076296,74.1398709578506,33.27339072459107,99.8234172344836,28.5104860283886,110.55667007717604,9.942944290940131
53.333333333333336,500.0,13267982.868765106,6666.109888879387,1902.7967898298768,11.735130422584266,27.941518173983763,12.730123982247626,51.94818559507895,43.20819699126219,7.507231169927746,35.82627493799728,53.58846969708266,62.96486163132271,10.295727839076296,74.1398709578506,33.27339072459107,110.55667007717604,9.942944290940131,99.8234172344836,28.5104860283886
53.333333333333336,500.0,13267982.868765106,6666.109888879387,1902.7967898298768,12.730123982247626,51.94818559507895,35.82627493799728,53.58846969708266,43.20819699126219,7.507231169927746,11.735130422584266,27.941518173983763,74.1398709578506,33.27339072459107,99.8234172344836,28.5104860283886,110.55667007717604,9.942944290940131,62.96486163132271,10.295727839076296
53.333333333333336,500.0,13267982.868765106,6666.109888879387,1902.7967898298768,12.730123982247626,51.94818559507895,35.82627493799728,53.58846969708266,11.735130422584266,27.941518173983763,43.20819699126219,7.507231169927746,74.1398709578506,33.27339072459107,99.8234172344836,28.5104860283886,62.96486163132271,10.295727839076296,110.55667007717604,9.942944290940131
53.333333333333336,500.0,13267982.868765106,6666.109888879387,1902.7967898298768,12.730123982247626,51.94818559507895,43.20819699126219,7.507231169927746,35.82627493799728,53.58846969708266,11.735130422584266,27.941518173983763,74.1398709578506,33.27339072459107,110.55667007717604,9.942944290940131,99.8234172344836,28.5104860283886,62.96486163132271,10.295727839076296
53.333333333333336,500.0,13267982.868765106,6666.109888879387,1902.7967898298768,12.730123982247626,51.94818559507895,43.20819699126219,7.507231169927746,11.735130422584266,27.941518173983763,35.82627493799728,53.58846969708266,74.1398709578506,33.27339072459107,110.55667007717604,9.942944290940131,62.96486163132271,10.295727839076296,99.8234172344836,28.5104860283886
53.333333333333336,500.0,13267982.868765106,6666.109888879387,1902.7967898298768,12.730123982247626,51.94818559507895,11.735130422584266,27.941518173983763,35.82627493799728,53.58846969708266,43.20819699126219,7.507231169927746,74.1398709578506,33.27339072459107,62.96486163132271,10.295727839076296,99.8234172344836,28.5104860283886,110.55667007717604,9.942944290940131
53.333333333333336,500.0,13267982.868765106,6666.109888879387,1902.7967898298768,12.730123982247626,51.94818559507895,11.735130422584266,27.941518173983763,43.20819699126219,7.507231169927746,35.82627493799728,53.58846969708266,74.1398709578506,33.27339072459107,62.96486163132271,10.295727839076296,110.55667007717604,9.942944290940131,99.8234172344836,28.5104860283886
53.333333333333336,500.0,18503338.383293506,6361.940943831861,2861.909423965432,54.54792674276843,52.36671813014358,26.083593019704068,55.73514920181355,53.37758006349498,9.829793063811872,7.387638858235346,41.06335839119891,88.89474503854194,47.56893246639118,62.05440281985301,51.16111892844616,118.78078988782138,40.91983882929467,73.87452924151432,20.71878081782605
53.333333333333336,500.0,18503338.383293506,6361.940943831861,2861.909423965432,54.54792674276843,52.36671813014358,7.387638858235346,41.06335839119891,26.083593019704068,55.73514920181355,53.37758006349498,9.829793063811872,88.89474503854194,47.56893246639118,73.87452924151432,20.71878081782605,62.05440281985301,51.16111892844616,118.78078988782138,40.91983882929467
53.333333333333336,500.0,18503338.383293506,6361.940943831861,2861.909423965432,54.54792674276843,52.36671813014358,7.387638858235346,41.06335839119891,53.37758006349498,9.829793063811872,26.083593019704068,55.73514920181355,88.89474503854194,47.56893246639118,73.87452924151432,20.71878081782605,118.78078988782138,40.91983882929467,62.05440281985301,51.16111892844616
53.333333333333336,500.0,18503338.383293506,6361.940943831861,2861.909423965432,54.54792674276843,52.36671813014358,53.37758006349498,9.829793063811872,26.083593019704068,55.73514920181355,7.387638858235346,41.06335839119891,88.89474503854194,47.56893246639118,118.78078988782138,40.91983882929467,62.05440281985301,51.16111892844616,73.87452924151432,20.71878081782605
53.333333333333336,500.0,18503338.383293506,6361.940943831861,2861.909423965432,54.54792674276843,52.36671813014358,53.37758006349498,9.829793063811872,7.387638858235346,41.06335839119891,26.083593019704068,55.73514920181355,88.89474503854194,47.56893246639118,118.78078988782138,40.91983882929467,73.87452924151432,20.71878081782605,62.05440281985301,51.16111892844616
53.333333333333336,500.0,18503338.383293506,6361.940943831861,2861.909423965432,26.083593019704068,55.73514920181355,54.54792674276843,52.36671813014358,7.387638858235346,41.06335839119891,53.37758006349498,9.829793063811872,62.05440281985301,51.16111892844616,88.89474503854194,47.56893246639118,73.87452924151432,20.71878081782605,118.78078988782138,40.91983882929467
53.333333333333336,500.0,18503338.383293506,6361.940943831861,2861.909423965432,26.083593019704068,55.73514920181355,54.54792674276843,52.36671813014358,53.37758006349498,9.829793063811872,7.387638858235346,41.06335839119891,62.05440281985301,51.16111892844616,88.89474503854194,47.56893246639118,118.78078988782138,40.91983882929467,73.87452924151432,20.71878081782605
53.333333333333336,500.0,18503338.383293506,6361.940943831861,2861.909423965432,26.083593019704068,55.73514920181355,7.387638858235346,41.06335839119891,54.54792674276843,52.36671813014358,53.37758006349498,9.829793063811872,62.05440281985301,51.16111892844616,73.87452924151432,20.71878081782605,88.89474503854194,47.56893246639118,118.78078988782138,40.91983882929467
53.333333333333336,500.0,18503338.383293506,6361.940943831861,2861.909423965432,26.083593019704068,55.73514920181355,7.387638858235346,41.06335839119891,53.37758006349498,9.829793063811872,54.54792674276843,52.36671813014358,62.05440281985301,51.16111892844616,73.87452924151432,20.71878081782605,118.78078988782138,40.91983882929467,88.89474503854194,47.56893246639118
53.333333333333336,500.0,18503338.383293506,6361.940943831861,2861.909423965432,26.083593019704068,55.73514920181355,53.37758006349498,9.829793063811872,54.54792674276843,52.36671813014358,7.387638858235346,41.06335839119891,62.05440281985301,51.16111892844616,118.78078988782138,40.91983882929467,88.89474503854194,47.56893246639118,73.87452924151432,20.71878081782605
53.333333333333336,500.0,18503338.383293506,6361.940943831861,2861.909423965432,26.083593019704068,55.73514920181355,53.37758006349498,9.829793063811872,7.387638858235346,41.06335839119891,54.54792674276843,52.36671813014358,62.05440281985301,51.16111892844616,118.78078988782138,40.91983882929467,73.87452924151432,20.71878081782605,88.89474503854194,47.56893246639118
53.333333333333336,500.0,18503338.383293506,6361.940943831861,2861.909423965432,7.387638858235346,41.06335839119891,54.54792674276843,52.36671813014358,26.083593019704068,55.73514920181355,53.37758006349498,9.829793063811872,73.87452924151432,20.71878081782605,88.89474503854194,47.56893246639118,62.05440281985301,51.16111892844616,118.78078988782138,40.91983882929467
53.333333333333336,500.0,18503338.383293506,6361.940943831861,2861.909423965432,7.387638858235346,41.06335839119891,54.54792674276843,52.36671813014358,53.37758006349498,9.829793063811872,26.083593019704068,55.73514920181355,73.87452924151432,20.71878081782605,88.89474503854194,47.56893246639118,118.78078988782138,40.91983882929467,62.05440281985301,51.16111892844616
53.333333333333336,500.0,18503338.383293506,6361.940943831861,2861.909423965432,7.387638858235346,41.06335839119891,26.083593019704068,55.73514920181355,54.54792674276843,52.36671813014358,53.37758006349498,9.829793063811872,73.87452924151432,20.71878081782605,62.05440281985301,51.16111892844616,88.89474503854194,47.56893246639118,118.78078988782138,40.91983882929467
53.333333333333336,500.0,18503338.383293506,6361.940943831861,2861.909423965432,7.387638858235346,41.06335839119891,26.083593019704068,55.73514920181355,53.37758006349498,9.829793063811872,54.54792674276843,52.36671813014358,73.87452924151432,20.71878081782605,62.05440281985301,51.16111892844616,118.78078988782138,40.91983882929467,88.89474503854194,47.56893246639118
53.333333333333336,500.0,18503338.383293506,6361.940943831861,2861.909423965432,7.387638858235346,41.06335839119891,53.37758006349498,9.829793063811872,54.54792674276843,52.36671813014358,26.083593019704068,55.73514920181355,73.87452924151432,20.71878081782605,118.78078988782138,40.91983882929467,88.89474503854194,47.56893246639118,62.05440281985301,51.16111892844616
53.333333333333336,500.0,18503338.383293506,6361.940943831861,2861.909423965432,7.387638858235346,41.06335839119891,53.37758006349498,9.829793063811872,26.083593019704068,55.73514920181355,54.54792674276843,52.36671813014358,73.87452924151432,20.71878081782605,118.78078988782138,40.91983882929467,62.05440281985301,51.16111892844616,88.89474503854194,47.56893246639118
53.333333333333336,500.0,18503338.383293506,6361.940943831861,2861.909423965432,53.37758006349498,9.829793063811872,54.54792674276843,52.36671813014358,26.083593019704068,55.73514920181355,7.387638858235346,41.06335839119891,118.78078988782138,40.91983882929467,88.89474503854194,47.56893246639118,62.05440281985301,51.16111892844616,73.87452924151432,20.71878081782605
53.333333333333336,500.0,18503338.383293506,6361.940943831861,2861.909423965432,53.37758006349498,9.829793063811872,54.54792674276843,52.36671813014358,7.387638858235346,41.06335839119891,26.083593019704068,55.73514920181355,118.78078988782138,40.91983882929467,88.89474503854194,47.56893246639118,73.87452924151432,20.71878081782605,62.05440281985301,51.16111892844616
53.333333333333336,500.0,18503338.383293506,6361.940943831861,2861.909423965432,53.37758006349498,9.829793063811872,26.083593019704068,55.73514920181355,54.54792674276843,52.36671813014358,7.387638858235346,41.06335839119891,118.78078988782138,40.91983882929467,62.05440281985301,51.16111892844616,88.89474503854194,47.56893246639118,73.87452924151432,20.71878081782605
53.333333333333336,500.0,18503338.383293506,6361.940943831861,2861.909423965432,53.37758006349498,9.829793063811872,26.083593019704068,55.73514920181355,7.387638858235346,41.06335839119891,54.54792674276843,52.36671813014358,118.78078988782138,40.91983882929467,62.05440281985301,51.16111892844616,73.87452924151432,20.71878081782605,88.89474503854194,47.56893246639118
53.333333333333336,500.0,18503338.383293506,6361.940943831861,2861.909423965432,53.37758006349498,9.829793063811872,7.387638858235346,41.06335839119891,54.54792674276843,52.36671813014358,26.083593019704068,55.73514920181355,118.78078988782138,40.91983882929467,73.87452924151432,20.71878081782605,88.89474503854194,47.56893246639118,62.05440281985301,51.16111892844616
53.333333333333336,500.0,18503338.383293506,6361.940943831861,2861.909423965432,53.37758006349498,9.829793063811872,7.387638858235346,41.06335839119891,26.083593019704068,55.73514920181355,54.54792674276843,52.36671813014358,118.78078988782138,40.91983882929467,73.87452924151432,20.71878081782605,62.05440281985301,51.16111892844616,88.89474503854194,47.56893246639118
53.333333333333336,500.0,13517150.739345193,5372.757709373041,2404.803152711527,56.55109035401546,42.16580384118928,1.3107137636651212,1.4520721328146746,25.28609564503224,25.513188285786125,28.47421354476287,46.709608125055446,113.62793100826308,26.402068250944957,83.25830789425126,27.96932863950188,61.5146526652045,49.48389310908072,111.68445024532122,58.35515154404077
53.333333333333336,500.0,13517150.739345193,5372.757709373041,2404.803152711527,56.55109035401546,42.16580384118928,28.47421354476287,46.709608125055446,1.3107137636651212,1.4520721328146746,25.28609564503224,25.513188285786125,113.62793100826308,26.402068250944957,111.68445024532122,58.35515154404077,83.25830789425126,27.96932863950188,61.5146526652045,49.48389310908072
53.333333333333336,500.0,13517150.739345193,5372.757709373041,2404.803152711527,56.55109035401546,42.16580384118928,28.47421354476287,46.709608125055446,25.28609564503224,25.513188285786125,1.3107137636651212,1.4520721328146746,113.62793100826308,26.402068250944957,111.68445024532122,58.35515154404077,61.5146526652045,49.48389310908072,83.25830789425126,27.96932863950188
53.333333333333336,500.0,13517150.739345193,5372.757709373041,2404.803152711527,56.55109035401546,42.16580384118928,25.28609564503224,25.513188285786125,1.3107137636651212,1.4520721328146746,28.47421354476287,46.709608125055446,113.62793100826308,26.402068250944957,61.5146526652045,49.48389310908072,83.25830789425126,27.96932863950188,111.68445024532122,58.35515154404077
53.333333333333336,500.0,13517150.739345193,5372.757709373041,2404.803152711527,56.55109035401546,42.16580384118928,25.28609564503224,25.513188285786125,28.47421354476287,46.709608125055446,1.3107137636651212,1.4520721328146746,113.62793100826308,26.402068250944957,61.5146526652045,49.48389310908072,111.68445024532122,58.35515154404077,83.25830789425126,27.96932863950188
53.333333333333336,500.0,13517150.739345193,5372.757709373041,2404.803152711527,1.3107137636651212,1.4520721328146746,56.55109035401546,42.16580384118928,28.47421354476287,46.709608125055446,25.28609564503224,25.513188285786125,83.25830789425126,27.96932863950188,113.62793100826308,26.402068250944957,111.68445024532122,58.35515154404077,61.5146526652045,49.48389310908072
53.333333333333336,500.0,13517150.739345193,5372.757709373041,2404.803152711527,1.3107137636651212,1.4520721328146746,56.55109035401546,42.16580384118928,25.28609564503224,25.513188285786125,28.47421354476287,46.709608125055446,83.25830789425126,27.96932863950188,113.62793100826308,26.402068250944957,61.5146526652045,49.48389310908072,111.68445024532122,58.35515154404077
53.333333333333336,500.0,13517150.739345193,5372.757709373041,2404.803152711527,1.3107137636651212,1.4520721328146746,28.47421354476287,46.709608125055446,56.55109035401546,42.16580384118928,25.28609564503224,25.513188285786125,83.25830789425126,27.96932863950188,111.68445024532122,58.35515154404077,113.62793100826308,26.402068250944957,61.5146526652045,49.48389310908072
53.333333333333336,500.0,13517150.739345193,5372.757709373041,2404.803152711527,1.3107137636651212,1.4520721328146746,28.47421354476287,46.709608125055446,25.28609564503224,25.513188285786125,56.55109035401546,42.16580384118928,83.25830789425126,27.96932863950188,111.68445024532122,58.35515154404077,61.5146526652045,49.48389310908072,113.62793100826308,26.402068250944957
53.333333333333336,500.0,13517150.739345193,5372.757709373041,2404.803152711527,1.3107137636651212,1.4520721328146746,25.28609564503224,25.513188285786125,56.55109035401546,42.16580384118928,28.47421354476287,46.709608125055446,83.25830789425126,27.96932863950188,61.5146526652045,49.48389310908072,113.62793100826308,26.402068250944957,111.68445024532122,58.35515154404077
53.333333333333336,500.0,13517150.739345193,5372.757709373041,2404.803152711527,1.3107137636651212,1.4520721328146746,25.28609564503224,25.513188285786125,28.47421354476287,46.709608125055446,56.55109035401546,42.16580384118928,83.25830789425126,27.96932863950188,61.5146526652045,49.48389310908072,111.68445024532122,58.35515154404077,113.62793100826308,26.402068250944957
53.333333333333336,500.0,13517150.739345193,5372.757709373041,2404.803152711527,28.47421354476287,46.709608125055446,56.55109035401546,42.16580384118928,1.3107137636651212,1.4520721328146746,25.28609564503224,25.513188285786125,111.68445024532122,58.35515154404077,113.62793100826308,26.402068250944957,83.25830789425126,27.96932863950188,61.5146526652045,49.48389310908072
53.333333333333336,500.0,13517150.739345193,5372.757709373041,2404.803152711527,28.47421354476287,46.709608125055446,56.55109035401546,42.16580384118928,25.28609564503224,25.513188285786125,1.3107137636651212,1.4520721328146746,111.68445024532122,58.35515154404077,113.62793100826308,26.402068250944957,61.5146526652045,49.48389310908072,83.25830789425126,27.96932863950188
53.333333333333336,500.0,13517150.739345193,5372.757709373041,2404.803152711527,28.47421354476287,46.709608125055446,1.3107137636651212,1.4520721328146746,56.55109035401546,42.16580384118928,25.28609564503224,25.513188285786125,111.68445024532122,58.35515154404077,83.25830789425126,27.96932863950188,113.62793100826308,26.402068250944957,61.5146526652045,49.48389310908072
53.333333333333336,500.0,13517150.739345193,5372.757709373041,2404.803152711527,28.47421354476287,46.709608125055446,1.3107137636651212,1.4520721328146746,25.28609564503224,25.513188285786125,56.55109035401546,42.16580384118928,111.68445024532122,58.35515154404077,83.25830789425126,27.96932863950188,61.5146526652045,49.48389310908072,113.62793100826308,26.402068250944957
53.333333333333336,500.0,13517150.739345193,5372.757709373041,2404.803152711527,28.47421354476287,46.709608125055446,25.28609564503224,25.513188285786125,56.55109035401546,42.16580384118928,1.3107137636651212,1.4520721328146746,111.68445024532122,58.35515154404077,61.5146526652045,49.48389310908072,113.62793100826308,26.402068250944957,83.25830789425126,27.96932863950188
53.333333333333336,500.0,13517150.739345193,5372.757709373041,2404.803152711527,28.47421354476287,46.709608125055446,25.28609564503224,25.513188285786125,1.3107137636651212,1.4520721328146746,56.55109035401546,42.16580384118928,111.68445024532122,58.35515154404077,61.5146526652045,49.48389310908072,83.25830789425126,27.96932863950188,113.62793100826308,26.402068250944957
53.333333333333336,500.0,13517150.739345193,5372.757709373041,2404.803152711527,25.28609564503224,25.513188285786125,56.55109035401546,42.16580384118928,1.3107137636651212,1.4520721328146746,28.47421354476287,46.709608125055446,61.5146526652045,49.48389310908072,113.62793100826308,26.402068250944957,83.25830789425126,27.96932863950188,111.68445024532122,58.35515154404077
53.333333333333336,500.0,13517150.739345193,5372.757709373041,2404.803152711527,25.28609564503224,25.513188285786125,56.55109035401546,42.16580384118928,28.47421354476287,46.709608125055446,1.3107137636651212,1.4520721328146746,61.5146526652045,49.48389310908072,113.62793100826308,26.402068250944957,111.68445024532122,58.35515154404077,83.25830789425126,27.96932863950188
53.333333333333336,500.0,13517150.739345193,5372.757709373041,2404.803152711527,25.28609564503224,25.513188285786125,1.3107137636651212,1.4520721328146746,56.55109035401546,42.16580384118928,28.47421354476287,46.709608125055446,61.5146526652045,49.48389310908072,83.25830789425126,27.96932863950188,113.62793100826308,26.402068250944957,111.68445024532122,58.35515154404077
53.333333333333336,500.0,13517150.739345193,5372.757709373041,2404.803152711527,25.28609564503224,25.513188285786125,1.3107137636651212,1.4520721328146746,28.47421354476287,46.709608125055446,56.55109035401546,42.16580384118928,61.5146526652045,49.48389310908072,83.25830789425126,27.96932863950188,111.68445024532122,58.35515154404077,113.62793100826308,26.402068250944957
53.333333333333336,500.0,13517150.739345193,5372.757709373041,2404.803152711527,25.28609564503224,25.513188285786125,28.47421354476287,46.709608125055446,56.55109035401546,42.16580384118928,1.3107137636651212,1.4520721328146746,61.5146526652045,49.48389310908072,111.68445024532122,58.35515154404077,113.62793100826308,26.402068250944957,83.25830789425126,27.96932863950188
53.333333333333336,500.0,13517150.739345193,5372.757709373041,2404.803152711527,25.28609564503224,25.513188285786125,28.47421354476287,46.709608125055446,1.3107137636651212,1.4520721328146746,56.55109035401546,42.16580384118928,61.5146526652045,49.48389310908072,111.68445024532122,58.35515154404077,83.25830789425126,27.96932863950188,113.62793100826308,26.402068250944957
53.333333333333336,500.0,26051094.10807276,7292.180475392514,3647.470035824628,26.29761949961138,10.622057669513667,8.159263100887744,35.044372623225776,51.436652017042434,17.332232140959412,56.50747002159251,44.56407627355854,80.72397590902271,37.003934180259,87.55692534881904,58.27556340275432,107.7343969810576,30.82758319545857,119.65487140068716,52.20555685973967
53.333333333333336,500.0,26051094.10807276,7292.180475392514,3647.470035824628,26.29761949961138,10.622057669513667,56.50747002159251,44.56407627355854,8.159263100887744,35.044372623225776,51.436652017042434,17.332232140959412,80.72397590902271,37.003934180259,119.65487140068716,52.20555685973967,87.55692534881904,58.27556340275432,107.7343969810576,30.82758319545857
53.333333333333336,500.0,26051094.10807276,7292.180475392514,3647.470035824628,26.29761949961138,10.622057669513667,56.50747002159251,44.56407627355854,51.436652017042434,17.332232140959412,8.159263100887744,35.044372623225776,80.72397590902271,37.003934180259,119.65487140068716,52.20555685973967,107.7343969810576,30.82758319545857,87.55692534881904,58.27556340275432
53.333333333333336,500.0,26051094.10807276,7292.180475392514,3647.470035824628,26.29761949961138,10.622057669513667,51.436652017042434,17.332232140959412,8.159263100887744,35.044372623225776,56.50747002159251,44.56407627355854,80.72397590902271,37.003934180259,107.7343969810576,30.82758319545857,87.55692534881904,58.27556340275432,119.65487140068716,52.20555685973967
53.333333333333336,500.0,26051094.10807276,7292.180475392514,3647.470035824628,26.29761949961138,10.622057669513667,51.436652017042434,17.332232140959412,56.50747002159251,44.56407627355854,8.159263100887744,35.044372623225776,80.72397590902271,37.003934180259,107.7343969810576,30.82758319545857,119.65487140068716,52.20555685973967,87.55692534881904,58.27556340275432
53.333333333333336,500.0,26051094.10807276,7292.180475392514,3647.470035824628,8.159263100887744,35.044372623225776,26.29761949961138,10.622057669513667,56.50747002159251,44.56407627355854,51.436652017042434,17.332232140959412,87.55692534881904,58.27556340275432,80.72397590902271,37.003934180259,119.65487140068716,52.20555685973967,107.7343969810576,30.82758319545857
53.333333333333336,500.0,26051094.10807276,7292.180475392514,3647.470035824628,8.159263100887744,35.044372623225776,26.29761949961138,10.622057669513667,51.436652017042434,17.332232140959412,56.50747002159251,44.56407627355854,87.55692534881904,58.27556340275432,80.72397590902271,37.003934180259,107.7343969810576,30.82758319545857,119.65487140068716,52.20555685973967
53.333333333333336,500.0,26051094.10807276,7292.180475392514,3647.470035824628,8.159263100887744,35.044372623225776,56.50747002159251,44.56407627355854,26.29761949961138,10.622057669513667,51.436652017042434,17.332232140959412,87.55692534881904,58.27556340275432,119.65487140068716,52.20555685973967,80.72397590902271,37.003934180259,107.7343969810576,30.82758319545857
53.333333333333336,500.0,26051094.10807276,7292.180475392514,3647.470035824628,8.159263100887744,35.044372623225776,56.50747002159251,44.56407627355854,51.436652017042434,17.332232140959412,26.29761949961138,10.622057669513667,87.55692534881904,58.27556340275432,119.65487140068716,52.20555685973967,107.7343969810576,30.82758319545857,80.72397590902271,37.003934180259
53.333333333333336,500.0,26051094.10807276,7292.180475392514,3647.470035824628,8.159263100887744,35.044372623225776,51.436652017042434,17.332232140959412,26.29761949961138,10.622057669513667,56.50747002159251,44.56407627355854,87.55692534881904,58.27556340275432,107.7343969810576,30.82758319545857,80.72397590902271,37.003934180259,119.65487140068716,52.20555685973967
53.333333333333336,500.0,26051094.10807276,7292.180475392514,3647.470035824628,8.159263100887744,35.044372623225776,51.436652017042434,17.332232140959412,56.50747002159251,44.56407627355854,26.29761949961138,10.622057669513667,87.55692534881904,58.27556340275432,107.7343969810576,30.82758319545857,119.65487140068716,52.20555685973967,80.72397590902271,37.003934180259
53.333333333333336,500.0,26051094.10807276,7292.180475392514,3647.470035824628,56.50747002159251,44.56407627355854,26.29761949961138,10.622057669513667,8.159263100887744,35.044372623225776,51.436652017042434,17.332232140959412,119.65487140068716,52.20555685973967,80.72397590902271,37.003934180259,87.55692534881904,58.27556340275432,107.7343969810576,30.82758319545857
53.333333333333336,500.0,26051094.10807276,7292.180475392514,3647.470035824628,56.50747002159251,44.56407627355854,26.29761949961138,10.622057669513667,51.436652017042434,17.332232140959412,8.159263100887744,35.044372623225776,119.65487140068716,52.20555685973967,80.72397590902271,37.003934180259,107.7343969810576,30.82758319545857,87.55692534881904,58.27556340275432
53.333333333333336,500.0,26051094.10807276,7292.180475392514,3647.470035824628,56.50747002159251,44.56407627355854,8.159263100887744,35.044372623225776,26.29761949961138,10.622057669513667,51.436652017042434,17.332232140959412,119.65487140068716,52.20555685973967,87.55692534881904,58.27556340275432,80.72397590902271,37.003934180259,107.7343969810576,30.82758319545857
53.333333333333336,500.0,26051094.10807276,7292.180475392514,3647.470035824628,56.50747002159251,44.56407627355854,8.159263100887744,35.044372623225776,51.436652017042434,17.332232140959412,26.29761949961138,10.622057669513667,119.65487140068716,52.20555685973967,87.55692534881904,58.27556340275432,107.7343969810576,30.82758319545857,80.72397590902271,37.003934180259
53.333333333333336,500.0,26051094.10807276,7292.180475392514,3647.470035824628,56.50747002159251,44.56407627355854,51.436652017042434,17.332232140959412,26.29761949961138,10.622057669513667,8.159263100887744,35.044372623225776,119.65487140068716,52.20555685973967,107.7343969810576,30.82758319545857,80.72397590902271,37.003934180259,87.55692534881904,58.27556340275432
53.333333333333336,500.0,26051094.10807276,7292.180475392514,3647.470035824628,56.50747002159251,44.56407627355854,51.436652017042434,17.332232140959412,8.159263100887744,35.044372623225776,26.29761949961138,10.622057669513667,119.65487140068716,52.20555685973967,107.7343969810576,30.82758319545857,87.55692534881904,58.27556340275432,80.72397590902271,37.003934180259
53.333333333333336,500.0,26051094.10807276,7292.180475392514,3647.470035824628,51.436652017042434,17.332232140959412,26.29761949961138,10.622057669513667,8.159263100887744,35.044372623225776,56.50747002159251,44.56407627355854,107.7343969810576,30.82758319545857,80.72397590902271,37.003934180259,87.55692534881904,58.27556340275432,119.65487140068716,52.20555685973967
53.333333333333336,500.0,26051094.10807276,7292.180475392514,3647.470035824628,51.436652017042434,17.332232140959412,26.29761949961138,10.622057669513667,56.50747002159251,44.56407627355854,8.159263100887744,35.044372623225776,107.7343969810576,30.82758319545857,80.72397590902271,37.003934180259,119.65487140068716,52.20555685973967,87.55692534881904,58.27556340275432
53.333333333333336,500.0,26051094.10807276,7292.180475392514,3647.470035824628,51.436652017042434,17.332232140959412,8.159263100887744,35.044372623225776,26.29761949961138,10.622057669513667,56.50747002159251,44.56407627355854,107.7343969810576,30.82758319545857,87.55692534881904,58.27556340275432,80.72397590902271,37.003934180259,119.65487140068716,52.20555685973967
53.333333333333336,500.0,26051094.10807276,7292.180475392514,3647.470035824628,51.436652017042434,17.332232140959412,8.159263100887744,35.044372623225776,56.50747002159251,44.56407627355854,26.29761949961138,10.622057669513667,107.7343969810576,30.82758319545857,87.55692534881904,58.27556340275432,119.65487140068716,52.20555685973967,80.72397590902271,37.003934180259
53.333333333333336,500.0,26051094.10807276,7292.180475392514,3647.470035824628,51.436652017042434,17.332232140959412,56.50747002159251,44.56407627355854,26.29761949961138,10.622057669513667,8.159263100887744,35.044372623225776,107.7343969810576,30.82758319545857,119.65487140068716,52.20555685973967,80.72397590902271,37.003934180259,87.55692534881904,58.27556340275432
53.333333333333336,500.0,26051094.10807276,7292.180475392514,3647.470035824628,51.436652017042434,17.332232140959412,56.50747002159251,44.56407627355854,8.159263100887744,35.044372623225776,26.29761949961138,10.622057669513667,107.7343969810576,30.82758319545857,119.65487140068716,52.20555685973967,87.55692534881904,58.27556340275432,80.72397590902271,37.003934180259
53.333333333333336,500.0,15018807.672556823,6096.230769737103,2093.382395722953,25.588670881418164,38.09203944321389,3.4764116466160577,46.7646209904263,19.04502096122945,3.7262675310507687,51.89543429029944,57.23531273787504,98.20814950422542,25.185887492501585,76.70322794991317,38.21497123743492,60.51639630314436,21.33613667046203,119.86608928545974,22.901142054576702
53.333333333333336,500.0,15018807.672556823,6096.230769737103,2093.382395722953,25.588670881418164,38.09203944321389,51.89543429029944,57.23531273787504,3.4764116466160577,46.7646209904263,19.04502096122945,3.7262675310507687,98.20814950422542,25.185887492501585,119.86608928545974,22.901142054576702,76.70322794991317,38.21497123743492,60.51639630314436,21.33613667046203
53.333333333333336,500.0,15018807.672556823,6096.230769737103,2093.382395722953,25.588670881418164,38.09203944321389,51.89543429029944,57.23531273787504,19.04502096122945,3.7262675310507687,3.4764116466160577,46.7646209904263,98.20814950422542,25.185887492501585,119.86608928545974,22.901142054576702,60.51639630314436,21.33613667046203,76.70322794991317,38.21497123743492
53.333333333333336,500.0,15018807.672556823,6096.230769737103,2093.382395722953,25.588670881418164,38.09203944321389,19.04502096122945,3.7262675310507687,3.4764116466160577,46.7646209904263,51.89543429029944,57.23531273787504,98.20814950422542,25.185887492501585,60.51639630314436,21.33613667046203,76.70322794991317,38.21497123743492,119.86608928545974,22.901142054576702
53.333333333333336,500.0,15018807.672556823,6096.230769737103,2093.382395722953,25.588670881418164,38.09203944321389,19.04502096122945,3.7262675310507687,51.89543429029944,57.23531273787504,3.4764116466160577,46.7646209904263,98.20814950422542,25.185887492501585,60.51639630314436,21.33613667046203,119.86608928545974,22.901142054576702,76.70322794991317,38.21497123743492
53.333333333333336,500.0,15018807.672556823,6096.230769737103,2093.382395722953,3.4764116466160577,46.7646209904263,25.588670881418164,38.09203944321389,51.89543429029944,57.23531273787504,19.04502096122945,3.7262675310507687,76.70322794991317,38.21497123743492,98.20814950422542,25.185887492501585,119.86608928545974,22.901142054576702,60.51639630314436,21.33613667046203
53.333333333333336,500.0,15018807.672556823,6096.230769737103,2093.382395722953,3.4764116466160577,46.7646209904263,25.588670881418164,38.09203944321389,19.04502096122945,3.7262675310507687,51.89543429029944,57.23531273787504,76.70322794991317,38.21497123743492,98.20814950422542,25.185887492501585,60.51639630314436,21.33613667046203,119.86608928545974,22.901142054576702
53.333333333333336,500.0,15018807.672556823,6096.230769737103,2093.382395722953,3.4764116466160577,46.7646209904263,51.89543429029944,57.23531273787504,25.588670881418164,38.09203944321389,19.04502096122945,3.7262675310507687,76.70322794991317,38.21497123743492,119.86608928545974,22.901142054576702,98.20814950422542,25.185887492501585,60.51639630314436,21.33613667046203
53.333333333333336,500.0,15018807.672556823,6096.230769737103,2093.382395722953,3.4764116466160577,46.7646209904263,51.89543429029944,57.23531273787504,19.04502096122945,3.7262675310507687,25.588670881418164,38.09203944321389,76.70322794991317,38.21497123743492,119.86608928545974,22.901142054576702,60.51639630314436,21.33613667046203,98.20814950422542,25.185887492501585
53.333333333333336,500.0,15018807.672556823,6096.230769737103,2093.382395722953,3.4764116466160577,46.7646209904263,19.04502096122945,3.7262675310507687,25.588670881418164,38.09203944321389,51.89543429029944,57.23531273787504,76.70322794991317,38.21497123743492,60.51639630314436,21.33613667046203,98.20814950422542,25.185887492501585,119.86608928545974,22.901142054576702
53.333333333333336,500.0,15018807.672556823,6096.230769737103,2093.382395722953,3.4764116466160577,46.7646209904263,19.04502096122945,3.7262675310507687,51.89543429029944,57.23531273787504,25.588670881418164,38.09203944321389,76.70322794991317,38.21497123743492,60.51639630314436,21.33613667046203,119.86608928545974,22.901142054576702,98.20814950422542,25.185887492501585
53.333333333333336,500.0,15018807.672556823,6096.230769737103,2093.382395722953,51.89543429029944,57.23531273787504,25.588670881418164,38.09203944321389,3.4764116466160577,46.7646209904263,19.04502096122945,3.7262675310507687,119.86608928545974,22.901142054576702,98.20814950422542,25.185887492501585,76.70322794991317,38.21497123743492,60.51639630314436,21.33613667046203
53.333333333333336,500.0,15018807.672556823,6096.230769737103,2093.382395722953,51.89543429029944,57.23531273787504,25.588670881418164,38.09203944321389,19.04502096122945,3.7262675310507687,3.4764116466160577,46.7646209904263,119.86608928545974,22.901142054576702,98.20814950422542,25.185887492501585,60.51639630314436,21.33613667046203,76.70322794991317,38.21497123743492
53.333333333333336,500.0,15018807.672556823,6096.230769737103,2093.382395722953,51.89543429029944,57.23531273787504,3.4764116466160577,46.7646209904263,25.588670881418164,38.09203944321389,19.04502096122945,3.7262675310507687,119.86608928545974,22.901142054576702,76.70322794991317,38.21497123743492,98.20814950422542,25.185887492501585,60.51639630314436,21.33613667046203
53.333333333333336,500.0,15018807.672556823,6096.230769737103,2093.382395722953,51.89543429029944,57.23531273787504,3.4764116466160577,46.7646209904263,19.04502096122945,3.7262675310507687,25.588670881418164,38.09203944321389,119.86608928545974,22.901142054576702,76.70322794991317,38.21497123743492,60.51639630314436,21.33613667046203,98.20814950422542,25.185887492501585
53.333333333333336,500.0,15018807.672556823,6096.230769737103,2093.382395722953,51.89543429029944,57.23531273787504,19.04502096122945,3.7262675310507687,25.588670881418164,38.09203944321389,3.4764116466160577,46.7646209904263,119.86608928545974,22.901142054576702,60.51639630314436,21.33613667046203,98.20814950422542,25.185887492501585,76.70322794991317,38.21497123743492
53.333333333333336,500.0,15018807.672556823,6096.230769737103,2093.382395722953,51.89543429029944,57.23531273787504,19.04502096122945,3.7262675310507687,3.4764116466160577,46.7646209904263,25.588670881418164,38.09203944321389,119.86608928545974,22.901142054576702,60.51639630314436,21.33613667046203,76.70322794991317,38.21497123743492,98.20814950422542,25.185887492501585
53.333333333333336,500.0,15018807.672556823,6096.230769737103,2093.382395722953,19.04502096122945,3.7262675310507687,25.588670881418164,38.09203944321389,3.4764116466160577,46.7646209904263,51.89543429029944,57.23531273787504,60.51639630314436,21.33613667046203,98.20814950422542,25.185887492501585,76.70322794991317,38.21497123743492,119.86608928545974,22.901142054576702
53.333333333333336,500.0,15018807.672556823,6096.230769737103,2093.382395722953,19.04502096122945,3.7262675310507687,25.588670881418164,38.09203944321389,51.89543429029944,57.23531273787504,3.4764116466160577,46.7646209904263,60.51639630314436,21.33613667046203,98.20814950422542,25.185887492501585,119.86608928545974,22.901142054576702,76.70322794991317,38.21497123743492
53.333333333333336,500.0,15018807.672556823,6096.230769737103,2093.382395722953,19.04502096122945,3.7262675310507687,3.4764116466160577,46.7646209904263,25.588670881418164,38.09203944321389,51.89543429029944,57.23531273787504,60.51639630314436,21.33613667046203,76.70322794991317,38.21497123743492,98.20814950422542,25.185887492501585,119.86608928545974,22.901142054576702
53.333333333333336,500.0,15018807.672556823,6096.230769737103,2093.382395722953,19.04502096122945,3.7262675310507687,3.4764116466160577,46.7646209904263,51.89543429029944,57.23531273787504,25.588670881418164,38.09203944321389,60.51639630314436,21.33613667046203,76.70322794991317,38.21497123743492,119.86608928545974,22.901142054576702,98.20814950422542,25.185887492501585
53.333333333333336,500.0,15018807.672556823,6096.230769737103,2093.382395722953,19.04502096122945,3.7262675310507687,51.89543429029944,57.23531273787504,25.588670881418164,38.09203944321389,3.4764116466160577,46.7646209904263,60.51639630314436,21.33613667046203,119.86608928545974,22.901142054576702,98.20814950422542,25.185887492501585,76.70322794991317,38.21497123743492
53.333333333333336,500.0,15018807.672556823,6096.230769737103,2093.382395722953,19.04502096122945,3.7262675310507687,51.89543429029944,57.23531273787504,3.4764116466160577,46.7646209904263,25.588670881418164,38.09203944321389,60.51639630314436,21.33613667046203,119.86608928545974,22.901142054576702,76.70322794991317,38.21497123743492,98.20814950422542,25.185887492501585
53.333333333333336,500.0,16504338.07784696,7278.098424054494,2116.7451850070106,1.2944118027610885,40.88481364879613,50.35445727302164,6.084072657683919,26.24652777410228,16.961404311282003,37.37126712945376,39.609436053519474,93.05483571798192,30.306300423060456,103.34155547854138,10.115632011581194,65.24403054600394,8.601577738028043,117.92470889917186,31.46104978470977
53.333333333333336,500.0,16504338.07784696,7278.098424054494,2116.7451850070106,1.2944118027610885,40.88481364879613,37.37126712945376,39.609436053519474,50.35445727302164,6.084072657683919,26.24652777410228,16.961404311282003,93.05483571798192,30.306300423060456,117.92470889917186,31.46104978470977,103.34155547854138,10.115632011581194,65.24403054600394,8.601577738028043
53.333333333333336,500.0,16504338.07784696,7278.098424054494,2116.7451850070106,1.2944118027610885,40.88481364879613,37.37126712945376,39.609436053519474,26.24652777410228,16.961404311282003,50.35445727302164,6.084072657683919,93.05483571798192,30.306300423060456,117.92470889917186,31.46104978470977,65.24403054600394,8.601577738028043,103.34155547854138,10.115632011581194
53.333333333333336,500.0,16504338.07784696,7278.098424054494,2116.7451850070106,1.2944118027610885,40.88481364879613,26.24652777410228,16.961404311282003,50.35445727302164,6.084072657683919,37.37126712945376,39.609436053519474,93.05483571798192,30.306300423060456,65.24403054600394,8.601577738028043,103.34155547854138,10.115632011581194,117.92470889917186,31.46104978470977
53.333333333333336,500.0,16504338.07784696,7278.098424054494,2116.7451850070106,1.2944118027610885,40.88481364879613,26.24652777410228,16.961404311282003,37.37126712945376,39.609436053519474,50.35445727302164,6.084072657683919,93.05483571798192,30.306300423060456,65.24403054600394,8.601577738028043,117.92470889917186,31.46104978470977,103.34155547854138,10.115632011581194
53.333333333333336,500.0,16504338.07784696,7278.098424054494,2116.7451850070106,50.35445727302164,6.084072657683919,1.2944118027610885,40.88481364879613,37.37126712945376,39.609436053519474,26.24652777410228,16.961404311282003,103.34155547854138,10.115632011581194,93.05483571798192,30.306300423060456,117.92470889917186,31.46104978470977,65.24403054600394,8.601577738028043
53.333333333333336,500.0,16504338.07784696,7278.098424054494,2116.7451850070106,50.35445727302164,6.084072657683919,1.2944118027610885,40.88481364879613,26.24652777410228,16.961404311282003,37.37126712945376,39.609436053519474,103.34155547854138,10.115632011581194,93.05483571798192,30.306300423060456,65.24403054600394,8.601577738028043,117.92470889917186,31.46104978470977
53.333333333333336,500.0,16504338.07784696,7278.098424054494,2116.7451850070106,50.35445727302164,6.084072657683919,37.37126712945376,39.609436053519474,1.2944118027610885,40.88481364879613,26.24652777410228,16.961404311282003,103.34155547854138,10.115632011581194,117.92470889917186,31.46104978470977,93.05483571798192,30.306300423060456,65.24403054600394,8.601577738028043
53.333333333333336,500.0,16504338.07784696,7278.098424054494,2116.7451850070106,50.35445727302164,6.084072657683919,37.37126712945376,39.609436053519474,26.24652777410228,16.961404311282003,1.2944118027610885,40.88481364879613,103.34155547854138,10.115632011581194,117.92470889917186,31.46104978470977,65.24403054600394,8.601577738028043,93.05483571798192,30.306300423060456
53.333333333333336,500.0,16504338.07784696,7278.098424054494,2116.7451850070106,50.35445727302164,6.084072657683919,26.24652777410228,16.961404311282003,1.2944118027610885,40.88481364879613,37.37126712945376,39.609436053519474,103.34155547854138,10.115632011581194,65.24403054600394,8.601577738028043,93.05483571798192,30.306300423060456,117.92470889917186,31.46104978470977
53.333333333333336,500.0,16504338.07784696,7278.098424054494,2116.7451850070106,50.35445727302164,6.084072657683919,26.24652777410228,16.961404311282003,37.37126712945376,39.609436053519474,1.2944118027610885,40.88481364879613,103.34155547854138,10.115632011581194,65.24403054600394,8.601577738028043,117.92470889917186,31.46104978470977,93.05483571798192,30.306300423060456
53.333333333333336,500.0,16504338.07784696,7278.098424054494,2116.7451850070106,37.37126712945376,39.609436053519474,1.2944118027610885,40.88481364879613,50.35445727302164,6.084072657683919,26.24652777410228,16.961404311282003,117.92470889917186,31.46104978470977,93.05483571798192,30.306300423060456,103.34155547854138,10.115632011581194,65.24403054600394,8.601577738028043
53.333333333333336,500.0,16504338.07784696,7278.098424054494,2116.7451850070106,37.37126712945376,39.609436053519474,1.2944118027610885,40.88481364879613,26.24652777410228,16.961404311282003,50.35445727302164,6.084072657683919,117.92470889917186,31.46104978470977,93.05483571798192,30.306300423060456,65.24403054600394,8.601577738028043,103.34155547854138,10.115632011581194
53.333333333333336,500.0,16504338.07784696,7278.098424054494,2116.7451850070106,37.37126712945376,39.609436053519474,50.35445727302164,6.084072657683919,1.2944118027610885,40.88481364879613,26.24652777410228,16.961404311282003,117.92470889917186,31.46104978470977,103.34155547854138,10.115632011581194,93.05483571798192,30.306300423060456,65.24403054600394,8.601577738028043
53.333333333333336,500.0,16504338.07784696,7278.098424054494,2116.7451850070106,37.37126712945376,39.609436053519474,50.35445727302164,6.084072657683919,26.24652777410228,16.961404311282003,1.2944118027610885,40.88481364879613,117.92470889917186,31.46104978470977,103.34155547854138,10.115632011581194,65.24403054600394,8.601577738028043,93.05483571798192,30.306300423060456
53.333333333333336,500.0,16504338.07784696,7278.098424054494,2116.7451850070106,37.37126712945376,39.609436053519474,26.24652777410228,16.961404311282003,1.2944118027610885,40.88481364879613,50.35445727302164,6.084072657683919,117.92470889917186,31.46104978470977,65.24403054600394,8.601577738028043,93.05483571798192,30.306300423060456,103.34155547854138,10.115632011581194
53.333333333333336,500.0,16504338.07784696,7278.098424054494,2116.7451850070106,37.37126712945376,39.609436053519474,26.24652777410228,16.961404311282003,50.35445727302164,6.084072657683919,1.2944118027610885,40.88481364879613,117.92470889917186,31.46104978470977,65.24403054600394,8.601577738028043,103.34155547854138,10.115632011581194,93.05483571798192,30.306300423060456
53.333333333333336,500.0,16504338.07784696,7278.098424054494,2116.7451850070106,26.24652777410228,16.961404311282003,1.2944118027610885,40.88481364879613,50.35445727302164,6.084072657683919,37.37126712945376,39.609436053519474,65.24403054600394,8.601577738028043,93.05483571798192,30.306300423060456,103.34155547854138,10.115632011581194,117.92470889917186,31.46104978470977
53.333333333333336,500.0,16504338.07784696,7278.098424054494,2116.7451850070106,26.24652777410228,16.961404311282003,1.2944118027610885,40.88481364879613,37.37126712945376,39.609436053519474,50.35445727302164,6.084072657683919,65.24403054600394,8.601577738028043,93.05483571798192,30.306300423060456,117.92470889917186,31.46104978470977,103.34155547854138,10.115632011581194
53.333333333333336,500.0,16504338.07784696,7278.098424054494,2116.7451850070106,26.24652777410228,16.961404311282003,50.35445727302164,6.084072657683919,1.2944118027610885,40.88481364879613,37.37126712945376,39.609436053519474,65.24403054600394,8.601577738028043,103.34155547854138,10.115632011581194,93.05483571798192,30.306300423060456,117.92470889917186,31.46104978470977
53.333333333333336,500.0,16504338.07784696,7278.098424054494,2116.7451850070106,26.24652777410228,16.961404311282003,50.35445727302164,6.084072657683919,37.37126712945376,39.609436053519474,1.2944118027610885,40.88481364879613,65.24403054600394,8.601577738028043,103.34155547854138,10.115632011581194,117.92470889917186,31.46104978470977,93.05483571798192,30.306300423060456
53.333333333333336,500.0,16504338.07784696,7278.098424054494,2116.7451850070106,26.24652777410228,16.961404311282003,37.37126712945376,39.609436053519474,1.2944118027610885,40.88481364879613,50.35445727302164,6.084072657683919,65.24403054600394,8.601577738028043,117.92470889917186,31.46104978470977,93.05483571798192,30.306300423060456,103.34155547854138,10.115632011581194
53.333333333333336,500.0,16504338.07784696,7278.098424054494,2116.7451850070106,26.24652777410228,16.961404311282003,37.37126712945376,39.609436053519474,50.35445727302164,6.084072657683919,1.2944118027610885,40.88481364879613,65.24403054600394,8.601577738028043,117.92470889917186,31.46104978470977,103.34155547854138,10.115632011581194,93.05483571798192,30.306300423060456
53.333333333333336,500.0,22969884.554556448,6403.780658554479,3333.3974243777525,4.986313481924669,28.443465478277947,39.262306054545846,45.08312330904238,58.59750221033434,55.27925142276624,32.20875713361245,6.580401820989456,66.78251612514055,5.924521998494271,62.26433486710137,33.63401958608088,115.5294219593632,17.882797977303426,94.77784018940238,23.2713334299178
53.333333333333336,500.0,22969884.554556448,6403.780658554479,3333.3974243777525,4.986313481924669,28.443465478277947,32.20875713361245,6.580401820989456,39.262306054545846,45.08312330904238,58.59750221033434,55.27925142276624,66.78251612514055,5.924521998494271,94.77784018940238,23.2713334299178,62.26433486710137,33.63401958608088,115.5294219593632,17.882797977303426
53.333333333333336,500.0,22969884.554556448,6403.780658554479,3333.3974243777525,4.986313481924669,28.443465478277947,32.20875713361245,6.580401820989456,58.59750221033434,55.27925142276624,39.262306054545846,45.08312330904238,66.78251612514055,5.924521998494271,94.77784018940238,23.2713334299178,115.5294219593632,17.882797977303426,62.26433486710137,33.63401958608088
53.333333333333336,500.0,22969884.554556448,6403.780658554479,3333.3974243777525,4.986313481924669,28.443465478277947,58.59750221033434,55.27925142276624,39.262306054545846,45.08312330904238,32.20875713361245,6.580401820989456,66.78251612514055,5.924521998494271,115.5294219593632,17.882797977303426,62.26433486710137,33.63401958608088,94.77784018940238,23.2713334299178
53.333333333333336,500.0,22969884.554556448,6403.780658554479,3333.3974243777525,4.986313481924669,28.443465478277947,58.59750221033434,55.27925142276624,32.20875713361245,6.580401820989456,39.262306054545846,45.08312330904238,66.78251612514055,5.924521998494271,115.5294219593632,17.882797977303426,94.77784018940238,23.2713334299178,62.26433486710137,33.63401958608088
53.333333333333336,500.0,22969884.554556448,6403.780658554479,3333.3974243777525,39.262306054545846,45.08312330904238,4.986313481924669,28.443465478277947,32.20875713361245,6.580401820989456,58.59750221033434,55.27925142276624,62.26433486710137,33.63401958608088,66.78251612514055,5.924521998494271,94.77784018940238,23.2713334299178,115.5294219593632,17.882797977303426
53.333333333333336,500.0,22969884.554556448,6403.780658554479,3333.3974243777525,39.262306054545846,45.08312330904238,4.986313481924669,28.443465478277947,58.59750221033434,55.27925142276624,32.20875713361245,6.580401820989456,62.26433486710137,33.63401958608088,66.78251612514055,5.924521998494271,115.5294219593632,17.882797977303426,94.77784018940238,23.2713334299178
53.333333333333336,500.0,22969884.554556448,6403.780658554479,3333.3974243777525,39.262306054545846,45.08312330904238,32.20875713361245,6.580401820989456,4.986313481924669,28.443465478277947,58.59750221033434,55.27925142276624,62.26433486710137,33.63401958608088,94.77784018940238,23.2713334299178,66.78251612514055,5.924521998494271,115.5294219593632,17.882797977303426
53.333333333333336,500.0,22969884.554556448,6403.780658554479,3333.3974243777525,39.262306054545846,45.08312330904238,32.20875713361245,6.580401820989456,58.59750221033434,55.27925142276624,4.986313481924669,28.443465478277947,62.26433486710137,33.63401958608088,94.77784018940238,23.2713334299178,115.5294219593632,17.882797977303426,66.78251612514055,5.924521998494271
53.333333333333336,500.0,22969884.554556448,6403.780658554479,3333.3974243777525,39.262306054545846,45.08312330904238,58.59750221033434,55.27925142276624,4.986313481924669,28.443465478277947,32.20875713361245,6.580401820989456,62.26433486710137,33.63401958608088,115.5294219593632,17.882797977303426,66.78251612514055,5.924521998494271,94.77784018940238,23.2713334299178
53.333333333333336,500.0,22969884.554556448,6403.780658554479,3333.3974243777525,39.262306054545846,45.08312330904238,58.59750221033434,55.27925142276624,32.20875713361245,6.580401820989456,4.986313481924669,28.443465478277947,62.26433486710137,33.63401958608088,115.5294219593632,17.882797977303426,94.77784018940238,23.2713334299178,66.78251612514055,5.924521998494271
53.333333333333336,500.0,22969884.554556448,6403.780658554479,3333.3974243777525,32.20875713361245,6.580401820989456,4.986313481924669,28.443465478277947,39.262306054545846,45.08312330904238,58.59750221033434,55.27925142276624,94.77784018940238,23.2713334299178,66.78251612514055,5.924521998494271,62.26433486710137,33.63401958608088,115.5294219593632,17.882797977303426
53.333333333333336,500.0,22969884.554556448,6403.780658554479,3333.3974243777525,32.20875713361245,6.580401820989456,4.986313481924669,28.443465478277947,58.59750221033434,55.27925142276624,39.262306054545846,45.08312330904238,94.77784018940238,23.2713334299178,66.78251612514055,5.924521998494271,115.5294219593632,17.882797977303426,62.26433486710137,33.63401958608088
53.333333333333336,500.0,22969884.554556448,6403.780658554479,3333.3974243777525,32.20875713361245,6.580401820989456,39.262306054545846,45.08312330904238,4.986313481924669,28.443465478277947,58.59750221033434,55.27925142276624,94.77784018940238,23.2713334299178,62.26433486710137,33.63401958608088,66.78251612514055,5.924521998494271,115.5294219593632,17.882797977303426
53.333333333333336,500.0,22969884.554556448,6403.780658554479,3333.3974243777525,32.20875713361245,6.580401820989456,39.262306054545846,45.08312330904238,58.59750221033434,55.27925142276624,4.986313481924669,28.443465478277947,94.77784018940238,23.2713334299178,62.26433486710137,33.63401958608088,115.5294219593632,17.882797977303426,66.78251612514055,5.924521998494271
53.333333333333336,500.0,22969884.554556448,6403.780658554479,3333.3974243777525,32.20875713361245,6.580401820989456,58.59750221033434,55.27925142276624,4.986313481924669,28.443465478277947,39.262306054545846,45.08312330904238,94.77784018940238,23.2713334299178,115.5294219593632,17.882797977303426,66.78251612514055,5.924521998494271,62.26433486710137,33.63401958608088
53.333333333333336,500.0,22969884.554556448,6403.780658554479,3333.3974243777525,32.20875713361245,6.580401820989456,58.59750221033434,55.27925142276624,39.262306054545846,45.08312330904238,4.986313481924669,28.443465478277947,94.77784018940238,23.2713334299178,115.5294219593632,17.882797977303426,62.26433486710137,33.63401958608088,66.78251612514055,5.924521998494271
53.333333333333336,500.0,22969884.554556448,6403.780658554479,3333.3974243777525,58.59750221033434,55.27925142276624,4.986313481924669,28.443465478277947,39.262306054545846,45.08312330904238,32.20875713361245,6.580401820989456,115.5294219593632,17.882797977303426,66.78251612514055,5.924521998494271,62.26433486710137,33.63401958608088,94.77784018940238,23.2713334299178
53.333333333333336,500.0,22969884.554556448,6403.780658554479,3333.3974243777525,58.59750221033434,55.27925142276624,4.986313481924669,28.443465478277947,32.20875713361245,6.580401820989456,39.262306054545846,45.08312330904238,115.5294219593632,17.882797977303426,66.78251612514055,5.924521998494271,94.77784018940238,23.2713334299178,62.26433486710137,33.63401958608088
53.333333333333336,500.0,22969884.554556448,6403.780658554479,3333.3974243777525,58.59750221033434,55.27925142276624,39.262306054545846,45.08312330904238,4.986313481924669,28.443465478277947,32.20875713361245,6.580401820989456,115.5294219593632,17.882797977303426,62.26433486710137,33.63401958608088,66.78251612514055,5.924521998494271,94.77784018940238,23.2713334299178
53.333333333333336,500.0,22969884.554556448,6403.780658554479,3333.3974243777525,58.59750221033434,55.27925142276624,39.262306054545846,45.08312330904238,32.20875713361245,6.580401820989456,4.986313481924669,28.443465478277947,115.5294219593632,17.882797977303426,62.26433486710137,33.63401958608088,94.77784018940238,23.2713334299178,66.78251612514055,5.924521998494271
53.333333333333336,500.0,22969884.554556448,6403.780658554479,3333.3974243777525,58.59750221033434,55.27925142276624,32.20875713361245,6.580401820989456,4.986313481924669,28.443465478277947,39.262306054545846,45.08312330904238,115.5294219593632,17.882797977303426,94.77784018940238,23.2713334299178,66.78251612514055,5.924521998494271,62.26433486710137,33.63401958608088
53.333333333333336,500.0,22969884.554556448,6403.780658554479,3333.3974243777525,58.59750221033434,55.27925142276624,32.20875713361245,6.580401820989456,39.262306054545846,45.08312330904238,4.986313481924669,28.443465478277947,115.5294219593632,17.882797977303426,94.77784018940238,23.2713334299178,62.26433486710137,33.63401958608088,66.78251612514055,5.924521998494271
53.333333333333336,500.0,23214304.92533876,6713.3135395568925,3538.4328832189963,5.211348800272397,8.376148412347781,57.369293262625085,17.95851595357707,36.03274430982172,41.498665211570525,9.102339826940264,33.941225583291185,104.22562225836492,16.986820482832602,110.65996231961694,48.73573956965093,89.76830253529693,34.59683776462205,65.85398441147792,29.889656821053837
53.333333333333336,500.0,23214304.92533876,6713.3135395568925,3538.4328832189963,5.211348800272397,8.376148412347781,9.102339826940264,33.941225583291185,57.369293262625085,17.95851595357707,36.03274430982172,41.498665211570525,104.22562225836492,16.986820482832602,65.85398441147792,29.889656821053837,110.65996231961694,48.73573956965093,89.76830253529693,34.59683776462205
53.333333333333336,500.0,23214304.92533876,6713.3135395568925,3538.4328832189963,5.211348800272397,8.376148412347781,9.102339826940264,33.941225583291185,36.03274430982172,41.498665211570525,57.369293262625085,17.95851595357707,104.22562225836492,16.986820482832602,65.85398441147792,29.889656821053837,89.76830253529693,34.59683776462205,110.65996231961694,48.73573956965093
53.333333333333336,500.0,23214304.92533876,6713.3135395568925,3538.4328832189963,5.211348800272397,8.376148412347781,36.03274430982172,41.498665211570525,57.369293262625085,17.95851595357707,9.102339826940264,33.941225583291185,104.22562225836492,16.986820482832602,89.76830253529693,34.59683776462205,110.65996231961694,48.73573956965093,65.85398441147792,29.889656821053837
53.333333333333336,500.0,23214304.92533876,6713.3135395568925,3538.4328832189963,5.211348800272397,8.376148412347781,36.03274430982172,41.498665211570525,9.102339826940264,33.941225583291185,57.369293262625085,17.95851595357707,104.22562225836492,16.986820482832602,89.76830253529693,34.59683776462205,65.85398441147792,29.889656821053837,110.65996231961694,48.73573956965093
53.333333333333336,500.0,23214304.92533876,6713.3135395568925,3538.4328832189963,57.369293262625085,17.95851595357707,5.211348800272397,8.376148412347781,9.102339826940264,33.941225583291185,36.03274430982172,41.498665211570525,110.65996231961694,48.73573956965093,104.22562225836492,16.986820482832602,65.85398441147792,29.889656821053837,89.76830253529693,34.59683776462205
53.333333333333336,500.0,23214304.92533876,6713.3135395568925,3538.4328832189963,57.369293262625085,17.95851595357707,5.211348800272397,8.376148412347781,36.03274430982172,41.498665211570525,9.102339826940264,33.941225583291185,110.65996231961694,48.73573956965093,104.22562225836492,16.986820482832602,89.76830253529693,34.59683776462205,65.85398441147792,29.889656821053837
53.333333333333336,500.0,23214304.92533876,6713.3135395568925,3538.4328832189963,57.369293262625085,17.95851595357707,9.102339826940264,33.941225583291185,5.211348800272397,8.376148412347781,36.03274430982172,41.498665211570525,110.65996231961694,48.73573956965093,65.85398441147792,29.889656821053837,104.22562225836492,16.986820482832602,89.76830253529693,34.59683776462205
53.333333333333336,500.0,23214304.92533876,6713.3135395568925,3538.4328832189963,57.369293262625085,17.95851595357707,9.102339826940264,33.941225583291185,36.03274430982172,41.498665211570525,5.211348800272397,8.376148412347781,110.65996231961694,48.73573956965093,65.85398441147792,29.889656821053837,89.76830253529693,34.59683776462205,104.22562225836492,16.986820482832602
53.333333333333336,500.0,23214304.92533876,6713.3135395568925,3538.4328832189963,57.369293262625085,17.95851595357707,36.03274430982172,41.498665211570525,5.211348800272397,8.376148412347781,9.102339826940264,33.941225583291185,110.65996231961694,48.73573956965093,89.76830253529693,34.59683776462205,104.22562225836492,16.986820482832602,65.85398441147792,29.889656821053837
53.333333333333336,500.0,23214304.92533876,6713.3135395568925,3538.4328832189963,57.369293262625085,17.95851595357707,36.03274430982172,41.498665211570525,9.102339826940264,33.941225583291185,5.211348800272397,8.376148412347781,110.65996231961694,48.73573956965093,89.76830253529693,34.59683776462205,65.85398441147792,29.889656821053837,104.22562225836492,16.986820482832602
53.333333333333336,500.0,23214304.92533876,6713.3135395568925,3538.4328832189963,9.102339826940264,33.941225583291185,5.211348800272397,8.376148412347781,57.369293262625085,17.95851595357707,36.03274430982172,41.498665211570525,65.85398441147792,29.889656821053837,104.22562225836492,16.986820482832602,110.65996231961694,48.73573956965093,89.76830253529693,34.59683776462205
53.333333333333336,500.0,23214304.92533876,6713.3135395568925,3538.4328832189963,9.102339826940264,33.941225583291185,5.211348800272397,8.376148412347781,36.03274430982172,41.498665211570525,57.369293262625085,17.95851595357707,65.85398441147792,29.889656821053837,104.22562225836492,16.986820482832602,89.76830253529693,34.59683776462205,110.65996231961694,48.73573956965093
53.333333333333336,500.0,23214304.92533876,6713.3135395568925,3538.4328832189963,9.102339826940264,33.941225583291185,57.369293262625085,17.95851595357707,5.211348800272397,8.376148412347781,36.03274430982172,41.498665211570525,65.85398441147792,29.889656821053837,110.65996231961694,48.73573956965093,104.22562225836492,16.986820482832602,89.76830253529693,34.59683776462205
53.333333333333336,500.0,23214304.92533876,6713.3135395568925,3538.4328832189963,9.102339826940264,33.941225583291185,57.369293262625085,17.95851595357707,36.03274430982172,41.498665211570525,5.211348800272397,8.376148412347781,65.85398441147792,29.889656821053837,110.65996231961694,48.73573956965093,89.76830253529693,34.59683776462205,104.22562225836492,16.986820482832602
53.333333333333336,500.0,23214304.92533876,6713.3135395568925,3538.4328832189963,9.102339826940264,33.941225583291185,36.03274430982172,41.498665211570525,5.211348800272397,8.376148412347781,57.369293262625085,17.95851595357707,65.85398441147792,29.889656821053837,89.76830253529693,34.59683776462205,104.22562225836492,16.986820482832602,110.65996231961694,48.73573956965093
53.333333333333336,500.0,23214304.92533876,6713.3135395568925,3538.4328832189963,9.102339826940264,33.941225583291185,36.03274430982172,41.498665211570525,57.369293262625085,17.95851595357707,5.211348800272397,8.376148412347781,65.85398441147792,29.889656821053837,89.76830253529693,34.59683776462205,110.65996231961694,48.73573956965093,104.22562225836492,16.986820482832602
53.333333333333336,500.0,23214304.92533876,6713.3135395568925,3538.4328832189963,36.03274430982172,41.498665211570525,5.211348800272397,8.376148412347781,57.369293262625085,17.95851595357707,9.102339826940264,33.941225583291185,89.76830253529693,34.59683776462205,104.22562225836492,16.986820482832602,110.65996231961694,48.73573956965093,65.85398441147792,29.889656821053837
53.333333333333336,500.0,23214304.92533876,6713.3135395568925,3538.4328832189963,36.03274430982172,41.498665211570525,5.211348800272397,8.376148412347781,9.102339826940264,33.941225583291185,57.369293262625085,17.95851595357707,89.76830253529693,34.59683776462205,104.22562225836492,16.986820482832602,65.85398441147792,29.889656821053837,110.65996231961694,48.73573956965093
53.333333333333336,500.0,23214304.92533876,6713.3135395568925,3538.4328832189963,36.03274430982172,41.498665211570525,57.369293262625085,17.95851595357707,5.211348800272397,8.376148412347781,9.102339826940264,33.941225583291185,89.76830253529693,34.59683776462205,110.65996231961694,48.73573956965093,104.22562225836492,16.986820482832602,65.85398441147792,29.889656821053837
53.333333333333336,500.0,23214304.92533876,6713.3135395568925,3538.4328832189963,36.03274430982172,41.498665211570525,57.369293262625085,17.95851595357707,9.102339826940264,33.941225583291185,5.211348800272397,8.376148412347781,89.76830253529693,34.59683776462205,110.65996231961694,48.73573956965093,65.85398441147792,29.889656821053837,104.22562225836492,16.986820482832602
53.333333333333336,500.0,23214304.92533876,6713.3135395568925,3538.4328832189963,36.03274430982172,41.498665211570525,9.102339826940264,33.941225583291185,5.211348800272397,8.376148412347781,57.369293262625085,17.95851595357707,89.76830253529693,34.59683776462205,65.85398441147792,29.889656821053837,104.22562225836492,16.986820482832602,110.65996231961694,48.73573956965093
53.333333333333336,500.0,23214304.92533876,6713.3135395568925,3538.4328832189963,36.03274430982172,41.498665211570525,9.102339826940264,33.941225583291185,57.369293262625085,17.95851595357707,5.211348800272397,8.376148412347781,89.76830253529693,34.59683776462205,65.85398441147792,29.889656821053837,110.65996231961694,48.73573956965093,104.22562225836492,16.986820482832602
53.333333333333336,500.0,5106230.867348376,4263.938346654833,1253.2952330524358,44.34573782095048,36.33570249394532,0.3037399981834165,56.947888135775045,59.54855169804455,1.5227202548656282,20.561475412279616,42.77581139119352,96.82502470374476,49.66840436961518,65.06989979069921,58.27073298353932,117.54270378396338,10.137207305747095,65.56609387503798,18.165744212219717
53.333333333333336,500.0,5106230.867348376,4263.938346654833,1253.2952330524358,44.34573782095048,36.33570249394532,20.561475412279616,42.77581139119352,0.3037399981834165,56.947888135775045,59.54855169804455,1.5227202548656282,96.82502470374476,49.66840436961518,65.56609387503798,18.165744212219717,65.06989979069921,58.27073298353932,117.54270378396338,10.137207305747095
53.333333333333336,500.0,5106230.867348376,4263.938346654833,1253.2952330524358,44.34573782095048,36.33570249394532,20.561475412279616,42.77581139119352,59.54855169804455,1.5227202548656282,0.3037399981834165,56.947888135775045,96.82502470374476,49.66840436961518,65.56609387503798,18.165744212219717,117.54270378396338,10.137207305747095,65.06989979069921,58.27073298353932
53.333333333333336,500.0,5106230.867348376,4263.938346654833,1253.2952330524358,44.34573782095048,36.33570249394532,59.54855169804455,1.5227202548656282,0.3037399981834165,56.947888135775045,20.561475412279616,42.77581139119352,96.82502470374476,49.66840436961518,117.54270378396338,10.137207305747095,65.06989979069921,58.27073298353932,65.56609387503798,18.165744212219717
53.333333333333336,500.0,5106230.867348376,4263.938346654833,1253.2952330524358,44.34573782095048,36.33570249394532,59.54855169804455,1.5227202548656282,20.561475412279616,42.77581139119352,0.3037399981834165,56.947888135775045,96.82502470374476,49.66840436961518,117.54270378396338,10.137207305747095,65.56609387503798,18.165744212219717,65.06989979069921,58.27073298353932
53.333333333333336,500.0,5106230.867348376,4263.938346654833,1253.2952330524358,0.3037399981834165,56.947888135775045,44.34573782095048,36.33570249394532,20.561475412279616,42.77581139119352,59.54855169804455,1.5227202548656282,65.06989979069921,58.27073298353932,96.82502470374476,49.66840436961518,65.56609387503798,18.165744212219717,117.54270378396338,10.137207305747095
53.333333333333336,500.0,5106230.867348376,4263.938346654833,1253.2952330524358,0.3037399981834165,56.947888135775045,44.34573782095048,36.33570249394532,59.54855169804455,1.5227202548656282,20.561475412279616,42.77581139119352,65.06989979069921,58.27073298353932,96.82502470374476,49.66840436961518,117.54270378396338,10.137207305747095,65.56609387503798,18.165744212219717
53.333333333333336,500.0,5106230.867348376,4263.938346654833,1253.2952330524358,0.3037399981834165,56.947888135775045,20.561475412279616,42.77581139119352,44.34573782095048,36.33570249394532,59.54855169804455,1.5227202548656282,65.06989979069921,58.27073298353932,65.56609387503798,18.165744212219717,96.82502470374476,49.66840436961518,117.54270378396338,10.137207305747095
53.333333333333336,500.0,5106230.867348376,4263.938346654833,1253.2952330524358,0.3037399981834165,56.947888135775045,20.561475412279616,42.77581139119352,59.54855169804455,1.5227202548656282,44.34573782095048,36.33570249394532,65.06989979069921,58.27073298353932,65.56609387503798,18.165744212219717,117.54270378396338,10.137207305747095,96.82502470374476,49.66840436961518
53.333333333333336,500.0,5106230.867348376,4263.938346654833,1253.2952330524358,0.3037399981834165,56.947888135775045,59.54855169804455,1.5227202548656282,44.34573782095048,36.33570249394532,20.561475412279616,42.77581139119352,65.06989979069921,58.27073298353932,117.54270378396338,10.137207305747095,96.82502470374476,49.66840436961518,65.56609387503798,18.165744212219717
53.333333333333336,500.0,5106230.867348376,4263.938346654833,1253.2952330524358,0.3037399981834165,56.947888135775045,59.54855169804455,1.5227202548656282,20.561475412279616,42.77581139119352,44.34573782095048,36.33570249394532,65.06989979069921,58.27073298353932,117.54270378396338,10.137207305747095,65.56609387503798,18.165744212219717,96.82502470374476,49.66840436961518
53.333333333333336,500.0,5106230.867348376,4263.938346654833,1253.2952330524358,20.561475412279616,42.77581139119352,44.34573782095048,36.33570249394532,0.3037399981834165,56.947888135775045,59.54855169804455,1.5227202548656282,65.56609387503798,18.165744212219717,96.82502470374476,49.66840436961518,65.06989979069921,58.27073298353932,117.54270378396338,10.137207305747095
53.333333333333336,500.0,5106230.867348376,4263.938346654833,1253.2952330524358,20.561475412279616,42.77581139119352,44.34573782095048,36.33570249394532,59.54855169804455,1.5227202548656282,0.3037399981834165,56.947888135775045,65.56609387503798,18.165744212219717,96.82502470374476,49.66840436961518,117.54270378396338,10.137207305747095,65.06989979069921,58.27073298353932
53.333333333333336,500.0,5106230.867348376,4263.938346654833,1253.2952330524358,20.561475412279616,42.77581139119352,0.3037399981834165,56.947888135775045,44.34573782095048,36.33570249394532,59.54855169804455,1.5227202548656282,65.56609387503798,18.165744212219717,65.06989979069921,58.27073298353932,96.82502470374476,49.66840436961518,117.54270378396338,10.137207305747095
53.333333333333336,500.0,5106230.867348376,4263.938346654833,1253.2952330524358,20.561475412279616,42.77581139119352,0.3037399981834165,56.947888135775045,59.54855169804455,1.5227202548656282,44.34573782095048,36.33570249394532,65.56609387503798,18.165744212219717,65.06989979069921,58.27073298353932,117.54270378396338,10.137207305747095,96.82502470374476,49.66840436961518
53.333333333333336,500.0,5106230.867348376,4263.938346654833,1253.2952330524358,20.561475412279616,42.77581139119352,59.54855169804455,1.5227202548656282,44.34573782095048,36.33570249394532,0.3037399981834165,56.947888135775045,65.56609387503798,18.165744212219717,117.54270378396338,10.137207305747095,96.82502470374476,49.66840436961518,65.06989979069921,58.27073298353932
53.333333333333336,500.0,5106230.867348376,4263.938346654833,1253.2952330524358,20.561475412279616,42.77581139119352,59.54855169804455,1.5227202548656282,0.3037399981834165,56.947888135775045,44.34573782095048,36.33570249394532,65.56609387503798,18.165744212219717,117.54270378396338,10.137207305747095,65.06989979069921,58.27073298353932,96.82502470374476,49.66840436961518
53.333333333333336,500.0,5106230.867348376,4263.938346654833,1253.2952330524358,59.54855169804455,1.5227202548656282,44.34573782095048,36.33570249394532,0.3037399981834165,56.947888135775045,20.561475412279616,42.77581139119352,117.54270378396338,10.137207305747095,96.82502470374476,49.66840436961518,65.06989979069921,58.27073298353932,65.56609387503798,18.165744212219717
53.333333333333336,500.0,5106230.867348376,4263.938346654833,1253.2952330524358,59.54855169804455,1.5227202548656282,44.34573782095048,36.33570249394532,20.561475412279616,42.77581139119352,0.3037399981834165,56.947888135775045,117.54270378396338,10.137207305747095,96.82502470374476,49.66840436961518,65.56609387503798,18.165744212219717,65.06989979069921,58.27073298353932
53.333333333333336,500.0,5106230.867348376,4263.938346654833,1253.2952330524358,59.54855169804455,1.5227202548656282,0.3037399981834165,56.947888135775045,44.34573782095048,36.33570249394532,20.561475412279616,42.77581139119352,117.54270378396338,10.137207305747095,65.06989979069921,58.27073298353932,96.82502470374476,49.66840436961518,65.56609387503798,18.165744212219717
53.333333333333336,500.0,5106230.867348376,4263.938346654833,1253.2952330524358,59.54855169804455,1.5227202548656282,0.3037399981834165,56.947888135775045,20.561475412279616,42.77581139119352,44.34573782095048,36.33570249394532,117.54270378396338,10.137207305747095,65.06989979069921,58.27073298353932,65.56609387503798,18.165744212219717,96.82502470374476,49.66840436961518
53.333333333333336,500.0,5106230.867348376,4263.938346654833,1253.2952330524358,59.54855169804455,1.5227202548656282,20.561475412279616,42.77581139119352,44.34573782095048,36.33570249394532,0.3037399981834165,56.947888135775045,117.54270378396338,10.137207305747095,65.56609387503798,18.165744212219717,96.82502470374476,49.66840436961518,65.06989979069921,58.27073298353932
53.333333333333336,500.0,5106230.867348376,4263.938346654833,1253.2952330524358,59.54855169804455,1.5227202548656282,20.561475412279616,42.77581139119352,0.3037399981834165,56.947888135775045,44.34573782095048,36.33570249394532,117.54270378396338,10.137207305747095,65.56609387503798,18.165744212219717,65.06989979069921,58.27073298353932,96.82502470374476,49.66840436961518
66.66666666666667,500.0,23627360.27498716,5988.483128981825,3640.126528125963,12.185706071055533,9.871360616351224,38.18921908201288,21.308982164732328,2.5780299027295883,43.858517242007046,58.72518985345108,37.79540027620673,61.95391688729571,38.142555242544965,85.39870496336096,40.62794602302588,74.61080961517257,59.22078372593755,116.408027613396,47.849373594846725
66.66666666666667,500.0,23627360.27498716,5988.483128981825,3640.126528125963,12.185706071055533,9.871360616351224,58.72518985345108,37.79540027620673,38.18921908201288,21.308982164732328,2.5780299027295883,43.858517242007046,61.95391688729571,38.142555242544965,116.408027613396,47.849373594846725,85.39870496336096,40.62794602302588,74.61080961517257,59.22078372593755
66.66666666666667,500.0,23627360.27498716,5988.483128981825,3640.126528125963,12.185706071055533,9.871360616351224,58.72518985345108,37.79540027620673,2.5780299027295883,43.858517242007046,38.18921908201288,21.308982164732328,61.95391688729571,38.142555242544965,116.408027613396,47.849373594846725,74.61080961517257,59.22078372593755,85.39870496336096,40.62794602302588
66.66666666666667,500.0,23627360.27498716,5988.483128981825,3640.126528125963,12.185706071055533,9.871360616351224,2.5780299027295883,43.858517242007046,38.18921908201288,21.308982164732328,58.72518985345108,37.79540027620673,61.95391688729571,38.142555242544965,74.61080961517257,59.22078372593755,85.39870496336096,40.62794602302588,116.408027613396,47.849373594846725
66.66666666666667,500.0,23627360.27498716,5988.483128981825,3640.126528125963,12.185706071055533,9.871360616351224,2.5780299027295883,43.858517242007046,58.72518985345108,37.79540027620673,38.18921908201288,21.308982164732328,61.95391688729571,38.142555242544965,74.61080961517257,59.22078372593755,116.408027613396,47.849373594846725,85.39870496336096,40.62794602302588
66.66666666666667,500.0,23627360.27498716,5988.483128981825,3640.126528125963,38.18921908201288,21.308982164732328,12.185706071055533,9.871360616351224,58.72518985345108,37.79540027620673,2.5780299027295883,43.858517242007046,85.39870496336096,40.62794602302588,61.95391688729571,38.142555242544965,116.408027613396,47.849373594846725,74.61080961517257,59.22078372593755
66.66666666666667,500.0,23627360.27498716,5988.483128981825,3640.126528125963,38.18921908201288,21.308982164732328,12.185706071055533,9.871360616351224,2.5780299027295883,43.858517242007046,58.72518985345108,37.79540027620673,85.39870496336096,40.62794602302588,61.95391688729571,38.142555242544965,74.61080961517257,59.22078372593755,116.408027613396,47.849373594846725
66.66666666666667,500.0,23627360.27498716,5988.483128981825,3640.126528125963,38.18921908201288,21.308982164732328,58.72518985345108,37.79540027620673,12.185706071055533,9.871360616351224,2.5780299027295883,43.858517242007046,85.39870496336096,40.62794602302588,116.408027613396,47.849373594846725,61.95391688729571,38.142555242544965,74.61080961517257,59.22078372593755
66.66666666666667,500.0,23627360.27498716,5988.483128981825,3640.126528125963,38.18921908201288,21.308982164732328,58.72518985345108,37.79540027620673,2.5780299027295883,43.858517242007046,12.185706071055533,9.871360616351224,85.39870496336096,40.62794602302588,116.408027613396,47.849373594846725,74.61080961517257,59.22078372593755,61.95391688729571,38.142555242544965
66.66666666666667,500.0,23627360.27498716,5988.483128981825,3640.126528125963,38.18921908201288,21.308982164732328,2.5780299027295883,43.858517242007046,12.185706071055533,9.871360616351224,58.72518985345108,37.79540027620673,85.39870496336096,40.62794602302588,74.61080961517257,59.22078372593755,61.95391688729571,38.142555242544965,116.408027613396,47.849373594846725
66.66666666666667,500.0,23627360.27498716,5988.483128981825,3640.126528125963,38.18921908201288,21.308982164732328,2.5780299027295883,43.858517242007046,58.72518985345108,37.79540027620673,12.185706071055533,9.871360616351224,85.39870496336096,40.62794602302588,74.61080961517257,59.22078372593755,116.408027613396,47.849373594846725,61.95391688729571,38.142555242544965
66.66666666666667,500.0,23627360.27498716,5988.483128981825,3640.126528125963,58.72518985345108,37.79540027620673,12.185706071055533,9.871360616351224,38.18921908201288,21.308982164732328,2.5780299027295883,43.858517242007046,116.408027613396,47.849373594846725,61.95391688729571,38.142555242544965,85.39870496336096,40.62794602302588,74.61080961517257,59.22078372593755
66.66666666666667,500.0,23627360.27498716,5988.483128981825,3640.126528125963,58.72518985345108,37.79540027620673,12.185706071055533,9.871360616351224,2.5780299027295883,43.858517242007046,38.18921908201288,21.308982164732328,116.408027613396,47.849373594846725,61.95391688729571,38.142555242544965,74.61080961517257,59.22078372593755,85.39870496336096,40.62794602302588
66.66666666666667,500.0,23627360.27498716,5988.483128981825,3640.126528125963,58.72518985345108,37.79540027620673,38.18921908201288,21.308982164732328,12.185706071055533,9.871360616351224,2.5780299027295883,43.858517242007046,116.408027613396,47.849373594846725,85.39870496336096,40.62794602302588,61.95391688729571,38.142555242544965,74.61080961517257,59.22078372593755
66.66666666666667,500.0,23627360.27498716,5988.483128981825,3640.126528125963,58.72518985345108,37.79540027620673,38.18921908201288,21.308982164732328,2.5780299027295883,43.858517242007046,12.185706071055533,9.871360616351224,116.408027613396,47.849373594846725,85.39870496336096,40.62794602302588,74.61080961517257,59.22078372593755,61.95391688729571,38.142555242544965
66.66666666666667,500.0,23627360.27498716,5988.483128981825,3640.126528125963,58.72518985345108,37.79540027620673,2.5780299027295883,43.858517242007046,12.185706071055533,9.871360616351224,38.18921908201288,21.308982164732328,116.408027613396,47.849373594846725,74.61080961517257,59.22078372593755,61.95391688729571,38.142555242544965,85.39870496336096,40.62794602302588
66.66666666666667,500.0,23627360.27498716,5988.483128981825,3640.126528125963,58.72518985345108,37.79540027620673,2.5780299027295883,43.858517242007046,38.18921908201288,21.308982164732328,12.185706071055533,9.871360616351224,116.408027613396,47.849373594846725,74.61080961517257,59.22078372593755,85.39870496336096,40.62794602302588,61.95391688729571,38.142555242544965
66.66666666666667,500.0,23627360.27498716,5988.483128981825,3640.126528125963,2.5780299027295883,43.858517242007046,12.185706071055533,9.871360616351224,38.18921908201288,21.308982164732328,58.72518985345108,37.79540027620673,74.61080961517257,59.22078372593755,61.95391688729571,38.142555242544965,85.39870496336096,40.62794602302588,116.408027613396,47.849373594846725
66.66666666666667,500.0,23627360.27498716,5988.483128981825,3640.126528125963,2.5780299027295883,43.858517242007046,12.185706071055533,9.871360616351224,58.72518985345108,37.79540027620673,38.18921908201288,21.308982164732328,74.61080961517257,59.22078372593755,61.95391688729571,38.142555242544965,116.408027613396,47.849373594846725,85.39870496336096,40.62794602302588
66.66666666666667,500.0,23627360.27498716,5988.483128981825,3640.126528125963,2.5780299027295883,43.858517242007046,38.18921908201288,21.308982164732328,12.185706071055533,9.871360616351224,58.72518985345108,37.79540027620673,74.61080961517257,59.22078372593755,85.39870496336096,40.62794602302588,61.95391688729571,38.142555242544965,116.408027613396,47.849373594846725
66.66666666666667,500.0,23627360.27498716,5988.483128981825,3640.126528125963,2.5780299027295883,43.858517242007046,38.18921908201288,21.308982164732328,58.72518985345108,37.79540027620673,12.185706071055533,9.871360616351224,74.61080961517257,59.22078372593755,85.39870496336096,40.62794602302588,116.408027613396,47.849373594846725,61.95391688729571,38.142555242544965
66.66666666666667,500.0,23627360.27498716,5988.483128981825,3640.126528125963,2.5780299027295883,43.858517242007046,58.72518985345108,37.79540027620673,12.185706071055533,9.871360616351224,38.18921908201288,21.308982164732328,74.61080961517257,59.22078372593755,116.408027613396,47.849373594846725,61.95391688729571,38.142555242544965,85.39870496336096,40.62794602302588
66.66666666666667,500.0,23627360.27498716,5988.483128981825,3640.126528125963,2.5780299027295883,43.858517242007046,58.72518985345108,37.79540027620673,38.18921908201288,21.308982164732328,12.185706071055533,9.871360616351224,74.61080961517257,59.22078372593755,116.408027613396,47.849373594846725,85.39870496336096,40.62794602302588,61.95391688729571,38.142555242544965
66.66666666666667,500.0,964301.7361390978,2909.28936221323,354.6921653175354,35.82627493799728,53.58846969708266,43.20819699126219,7.507231169927746,12.730123982247626,51.94818559507895,11.735130422584266,27.941518173983763,88.07209118203758,45.93345450983277,98.45276651336675,10.281707334377144,80.17365755649337,25.365165381501946,102.10728652572654,19.00236757711616
66.66666666666667,500.0,964301.7361390978,2909.28936221323,354.6921653175354,35.82627493799728,53.58846969708266,11.735130422584266,27.941518173983763,43.20819699126219,7.507231169927746,12.730123982247626,51.94818559507895,88.07209118203758,45.93345450983277,102.10728652572654,19.00236757711616,98.45276651336675,10.281707334377144,80.17365755649337,25.365165381501946
66.66666666666667,500.0,964301.7361390978,2909.28936221323,354.6921653175354,35.82627493799728,53.58846969708266,11.735130422584266,27.941518173983763,12.730123982247626,51.94818559507895,43.20819699126219,7.507231169927746,88.07209118203758,45.93345450983277,102.10728652572654,19.00236757711616,80.17365755649337,25.365165381501946,98.45276651336675,10.281707334377144
66.66666666666667,500.0,964301.7361390978,2909.28936221323,354.6921653175354,35.82627493799728,53.58846969708266,12.730123982247626,51.94818559507895,43.20819699126219,7.507231169927746,11.735130422584266,27.941518173983763,88.07209118203758,45.93345450983277,80.17365755649337,25.365165381501946,98.45276651336675,10.281707334377144,102.10728652572654,19.00236757711616
66.66666666666667,500.0,964301.7361390978,2909.28936221323,354.6921653175354,35.82627493799728,53.58846969708266,12.730123982247626,51.94818559507895,11.735130422584266,27.941518173983763,43.20819699126219,7.507231169927746,88.07209118203758,45.93345450983277,80.17365755649337,25.365165381501946,102.10728652572654,19.00236757711616,98.45276651336675,10.281707334377144
66.66666666666667,500.0,964301.7361390978,2909.28936221323,354.6921653175354,43.20819699126219,7.507231169927746,35.82627493799728,53.58846969708266,11.735130422584266,27.941518173983763,12.730123982247626,51.94818559507895,98.45276651336675,10.281707334377144,88.07209118203758,45.93345450983277,102.10728652572654,19.00236757711616,80.17365755649337,25.365165381501946
66.66666666666667,500.0,964301.7361390978,2909.28936221323,354.6921653175354,43.20819699126219,7.507231169927746,35.82627493799728,53.58846969708266,12.730123982247626,51.94818559507895,11.735130422584266,27.941518173983763,98.45276651336675,10.281707334377144,88.07209118203758,45.93345450983277,80.17365755649337,25.365165381501946,102.10728652572654,19.00236757711616
66.66666666666667,500.0,964301.7361390978,2909.28936221323,354.6921653175354,43.20819699126219,7.507231169927746,11.735130422584266,27.941518173983763,35.82627493799728,53.58846969708266,12.730123982247626,51.94818559507895,98.45276651336675,10.281707334377144,102.10728652572654,19.00236757711616,88.07209118203758,45.93345450983277,80.17365755649337,25.365165381501946
66.66666666666667,500.0,964301.7361390978,2909.28936221323,354.6921653175354,43.20819699126219,7.507231169927746,11.735130422584266,27.941518173983763,12.730123982247626,51.94818559507895,35.82627493799728,53.58846969708266,98.45276651336675,10.281707334377144,102.10728652572654,19.00236757711616,80.17365755649337,25.365165381501946,88.07209118203758,45.93345450983277
66.66666666666667,500.0,964301.7361390978,2909.28936221323,354.6921653175354,43.20819699126219,7.507231169927746,12.730123982247626,51.94818559507895,35.82627493799728,53.58846969708266,11.735130422584266,27.941518173983763,98.45276651336675,10.281707334377144,80.17365755649337,25.365165381501946,88.07209118203758,45.93345450983277,102.10728652572654,19.00236757711616
66.66666666666667,500.0,964301.7361390978,2909.28936221323,354.6921653175354,43.20819699126219,7.507231169927746,12.730123982247626,51.94818559507895,11.735130422584266,27.941518173983763,35.82627493799728,53.58846969708266,98.45276651336675,10.281707334377144,80.17365755649337,25.365165381501946,102.10728652572654,19.00236757711616,88.07209118203758,45.93345450983277
66.66666666666667,500.0,964301.7361390978,2909.28936221323,354.6921653175354,11.735130422584266,27.941518173983763,35.82627493799728,53.58846969708266,43.20819699126219,7.507231169927746,12.730123982247626,51.94818559507895,102.10728652572654,19.00236757711616,88.07209118203758,45.93345450983277,98.45276651336675,10.281707334377144,80.17365755649337,25.365165381501946
66.66666666666667,500.0,964301.7361390978,2909.28936221323,354.6921653175354,11.735130422584266,27.941518173983763,35.82627493799728,53.58846969708266,12.730123982247626,51.94818559507895,43.20819699126219,7.507231169927746,102.10728652572654,19.00236757711616,88.07209118203758,45.93345450983277,80.17365755649337,25.365165381501946,98.45276651336675,10.281707334377144
66.66666666666667,500.0,964301.7361390978,2909.28936221323,354.6921653175354,11.735130422584266,27.941518173983763,43.20819699126219,7.507231169927746,35.82627493799728,53.58846969708266,12.730123982247626,51.94818559507895,102.10728652572654,19.00236757711616,98.45276651336675,10.281707334377144,88.07209118203758,45.93345450983277,80.17365755649337,25.365165381501946
66.66666666666667,500.0,964301.7361390978,2909.28936221323,354.6921653175354,11.735130422584266,27.941518173983763,43.20819699126219,7.507231169927746,12.730123982247626,51.94818559507895,35.82627493799728,53.58846969708266,102.10728652572654,19.00236757711616,98.45276651336675,10.281707334377144,80.17365755649337,25.365165381501946,88.07209118203758,45.93345450983277
66.66666666666667,500.0,964301.7361390978,2909.28936221323,354.6921653175354,11.735130422584266,27.941518173983763,12.730123982247626,51.94818559507895,35.82627493799728,53.58846969708266,43.20819699126219,7.507231169927746,102.10728652572654,19.00236757711616,80.17365755649337,25.365165381501946,88.07209118203758,45.93345450983277,98.45276651336675,10.281707334377144
66.66666666666667,500.0,964301.7361390978,2909.28936221323,354.6921653175354,11.735130422584266,27.941518173983763,12.730123982247626,51.94818559507895,43.20819699126219,7.507231169927746,35.82627493799728,53.58846969708266,102.10728652572654,19.00236757711616,80.17365755649337,25.365165381501946,98.45276651336675,10.281707334377144,88.07209118203758,45.93345450983277
66.66666666666667,500.0,964301.7361390978,2909.28936221323,354.6921653175354,12.730123982247626,51.94818559507895,35.82627493799728,53.58846969708266,43.20819699126219,7.507231169927746,11.735130422584266,27.941518173983763,80.17365755649337,25.365165381501946,88.07209118203758,45.93345450983277,98.45276651336675,10.281707334377144,102.10728652572654,19.00236757711616
66.66666666666667,500.0,964301.7361390978,2909.28936221323,354.6921653175354,12.730123982247626,51.94818559507895,35.82627493799728,53.58846969708266,11.735130422584266,27.941518173983763,43.20819699126219,7.507231169927746,80.17365755649337,25.365165381501946,88.07209118203758,45.93345450983277,102.10728652572654,19.00236757711616,98.45276651336675,10.281707334377144
66.66666666666667,500.0,964301.7361390978,2909.28936221323,354.6921653175354,12.730123982247626,51.94818559507895,43.20819699126219,7.507231169927746,35.82627493799728,53.58846969708266,11.735130422584266,27.941518173983763,80.17365755649337,25.365165381501946,98.45276651336675,10.281707334377144,88.07209118203758,45.93345450983277,102.10728652572654,19.00236757711616
66.66666666666667,500.0,964301.7361390978,2909.28936221323,354.6921653175354,12.730123982247626,51.94818559507895,43.20819699126219,7.507231169927746,11.735130422584266,27.941518173983763,35.82627493799728,53.58846969708266,80.17365755649337,25.365165381501946,98.45276651336675,10.281707334377144,102.10728652572654,19.00236757711616,88.07209118203758,45.93345450983277
66.66666666666667,500.0,964301.7361390978,2909.28936221323,354.6921653175354,12.730123982247626,51.94818559507895,11.735130422584266,27.941518173983763,35.82627493799728,53.58846969708266,43.20819699126219,7.507231169927746,80.17365755649337,25.365165381501946,102.10728652572654,19.00236757711616,88.07209118203758,45.93345450983277,98.45276651336675,10.281707334377144
66.66666666666667,500.0,964301.7361390978,2909.28936221323,354.6921653175354,12.730123982247626,51.94818559507895,11.735130422584266,27.941518173983763,43.20819699126219,7.507231169927746,35.82627493799728,53.58846969708266,80.17365755649337,25.365165381501946,102.10728652572654,19.00236757711616,98.45276651336675,10.281707334377144,88.07209118203758,45.93345450983277
66.66666666666667,500.0,15239578.2158515,6275.627463064643,2454.4693377119315,54.54792674276843,52.36671813014358,26.083593019704068,55.73514920181355,53.37758006349498,9.829793063811872,7.387638858235346,41.06335839119891,80.89405475746493,55.37669779182571,64.27814238304984,44.24272878179523,97.73785519464433,39.98340573734454,66.44374232244313,15.799991057900662
66.66666666666667,500.0,15239578.2158515,6275.627463064643,2454.4693377119315,54.54792674276843,52.36671813014358,7.387638858235346,41.06335839119891,26.083593019704068,55.73514920181355,53.37758006349498,9.829793063811872,80.89405475746493,55.37669779182571,66.44374232244313,15.799991057900662,64.27814238304984,44.24272878179523,97.73785519464433,39.98340573734454
66.66666666666667,500.0,15239578.2158515,6275.627463064643,2454.4693377119315,54.54792674276843,52.36671813014358,7.387638858235346,41.06335839119891,53.37758006349498,9.829793063811872,26.083593019704068,55.73514920181355,80.89405475746493,55.37669779182571,66.44374232244313,15.799991057900662,97.73785519464433,39.98340573734454,64.27814238304984,44.24272878179523
66.66666666666667,500.0,15239578.2158515,6275.627463064643,2454.4693377119315,54.54792674276843,52.36671813014358,53.37758006349498,9.829793063811872,26.083593019704068,55.73514920181355,7.387638858235346,41.06335839119891,80.89405475746493,55.37669779182571,97.73785519464433,39.98340573734454,64.27814238304984,44.24272878179523,66.44374232244313,15.799991057900662
66.66666666666667,500.0,15239578.2158515,6275.627463064643,2454.4693377119315,54.54792674276843,52.36671813014358,53.37758006349498,9.829793063811872,7.387638858235346,41.06335839119891,26.083593019704068,55.73514920181355,80.89405475746493,55.37669779182571,97.73785519464433,39.98340573734454,66.44374232244313,15.799991057900662,64.27814238304984,44.24272878179523
66.66666666666667,500.0,15239578.2158515,6275.627463064643,2454.4693377119315,26.083593019704068,55.73514920181355,54.54792674276843,52.36671813014358,7.387638858235346,41.06335839119891,53.37758006349498,9.829793063811872,64.27814238304984,44.24272878179523,80.89405475746493,55.37669779182571,66.44374232244313,15.799991057900662,97.73785519464433,39.98340573734454
66.66666666666667,500.0,15239578.2158515,6275.627463064643,2454.4693377119315,26.083593019704068,55.73514920181355,54.54792674276843,52.36671813014358,53.37758006349498,9.829793063811872,7.387638858235346,41.06335839119891,64.27814238304984,44.24272878179523,80.89405475746493,55.37669779182571,97.73785519464433,39.98340573734454,66.44374232244313,15.799991057900662
66.66666666666667,500.0,15239578.2158515,6275.627463064643,2454.4693377119315,26.083593019704068,55.73514920181355,7.387638858235346,41.06335839119891,54.54792674276843,52.36671813014358,53.37758006349498,9.829793063811872,64.27814238304984,44.24272878179523,66.44374232244313,15.799991057900662,80.89405475746493,55.37669779182571,97.73785519464433,39.98340573734454
66.66666666666667,500.0,15239578.2158515,6275.627463064643,2454.4693377119315,26.083593019704068,55.73514920181355,7.387638858235346,41.06335839119891,53.37758006349498,9.829793063811872,54.54792674276843,52.36671813014358,64.27814238304984,44.24272878179523,66.44374232244313,15.799991057900662,97.73785519464433,39.98340573734454,80.89405475746493,55.37669779182571
66.66666666666667,500.0,15239578.2158515,6275.627463064643,2454.4693377119315,26.083593019704068,55.73514920181355,53.37758006349498,9.829793063811872,54.54792674276843,52.36671813014358,7.387638858235346,41.06335839119891,64.27814238304984,44.24272878179523,97.73785519464433,39.98340573734454,80.89405475746493,55.37669779182571,66.44374232244313,15.799991057900662
66.66666666666667,500.0,15239578.2158515,6275.627463064643,2454.4693377119315,26.083593019704068,55.73514920181355,53.37758006349498,9.829793063811872,7.387638858235346,41.06335839119891,54.54792674276843,52.36671813014358,64.27814238304984,44.24272878179523,97.73785519464433,39.98340573734454,66.44374232244313,15.799991057900662,80.89405475746493,55.37669779182571
66.66666666666667,500.0,15239578.2158515,6275.627463064643,2454.4693377119315,7.387638858235346,41.06335839119891,54.54792674276843,52.36671813014358,26.083593019704068,55.73514920181355,53.37758006349498,9.829793063811872,66.44374232244313,15.799991057900662,80.89405475746493,55.37669779182571,64.27814238304984,44.24272878179523,97.73785519464433,39.98340573734454
66.66666666666667,500.0,15239578.2158515,6275.627463064643,2454.4693377119315,7.387638858235346,41.06335839119891,54.54792674276843,52.36671813014358,53.37758006349498,9.829793063811872,26.083593019704068,55.73514920181355,66.44374232244313,15.799991057900662,80.89405475746493,55.37669779182571,97.73785519464433,39.98340573734454,64.27814238304984,44.24272878179523
66.66666666666667,500.0,15239578.2158515,6275.627463064643,2454.4693377119315,7.387638858235346,41.06335839119891,26.083593019704068,55.73514920181355,54.54792674276843,52.36671813014358,53.37758006349498,9.829793063811872,66.44374232244313,15.799991057900662,64.27814238304984,44.24272878179523,80.89405475746493,55.37669779182571,97.73785519464433,39.98340573734454
66.66666666666667,500.0,15239578.2158515,6275.627463064643,2454.4693377119315,7.387638858235346,41.06335839119891,26.083593019704068,55.73514920181355,53.37758006349498,9.829793063811872,54.54792674276843,52.36671813014358,66.44374232244313,15.799991057900662,64.27814238304984,44.24272878179523,97.73785519464433,39.98340573734454,80.89405475746493,55.37669779182571
66.66666666666667,500.0,15239578.2158515,6275.627463064643,2454.4693377119315,7.387638858235346,41.06335839119891,53.37758006349498,9.829793063811872,54.54792674276843,52.36671813014358,26.083593019704068,55.73514920181355,66.44374232244313,15.799991057900662,97.73785519464433,39.98340573734454,80.89405475746493,55.37669779182571,64.27814238304984,44.24272878179523
66.66666666666667,500.0,15239578.2158515,6275.627463064643,2454.4693377119315,7.387638858235346,41.06335839119891,53.37758006349498,9.829793063811872,26.083593019704068,55.73514920181355,54.54792674276843,52.36671813014358,66.44374232244313,15.799991057900662,97.73785519464433,39.98340573734454,64.27814238304984,44.24272878179523,80.89405475746493,55.37669779182571
66.66666666666667,500.0,15239578.2158515,6275.627463064643,2454.4693377119315,53.37758006349498,9.829793063811872,54.54792674276843,52.36671813014358,26.083593019704068,55.73514920181355,7.387638858235346,41.06335839119891,97.73785519464433,39.98340573734454,80.89405475746493,55.37669779182571,64.27814238304984,44.24272878179523,66.44374232244313,15.799991057900662
66.66666666666667,500.0,15239578.2158515,6275.627463064643,2454.4693377119315,53.37758006349498,9.829793063811872,54.54792674276843,52.36671813014358,7.387638858235346,41.06335839119891,26.083593019704068,55.73514920181355,97.73785519464433,39.98340573734454,80.89405475746493,55.37669779182571,66.44374232244313,15.799991057900662,64.27814238304984,44.24272878179523
66.66666666666667,500.0,15239578.2158515,6275.627463064643,2454.4693377119315,53.37758006349498,9.829793063811872,26.083593019704068,55.73514920181355,54.54792674276843,52.36671813014358,7.387638858235346,41.06335839119891,97.73785519464433,39.98340573734454,64.27814238304984,44.24272878179523,80.89405475746493,55.37669779182571,66.44374232244313,15.799991057900662
66.66666666666667,500.0,15239578.2158515,6275.627463064643,2454.4693377119315,53.37758006349498,9.829793063811872,26.083593019704068,55.73514920181355,7.387638858235346,41.06335839119891,54.54792674276843,52.36671813014358,97.73785519464433,39.98340573734454,64.27814238304984,44.24272878179523,66.44374232244313,15.799991057900662,80.89405475746493,55.37669779182571
66.66666666666667,500.0,15239578.2158515,6275.627463064643,2454.4693377119315,53.37758006349498,9.829793063811872,7.387638858235346,41.06335839119891,54.54792674276843,52.36671813014358,26.083593019704068,55.73514920181355,97.73785519464433,39.98340573734454,66.44374232244313,15.799991057900662,80.89405475746493,55.37669779182571,64.27814238304984,44.24272878179523
66.66666666666667,500.0,15239578.2158515,6275.627463064643,2454.4693377119315,53.37758006349498,9.829793063811872,7.387638858235346,41.06335839119891,26.083593019704068,55.73514920181355,54.54792674276843,52.36671813014358,97.73785519464433,39.98340573734454,66.44374232244313,15.799991057900662,64.27814238304984,44.24272878179523,80.89405475746493,55.37669779182571
66.66666666666667,500.0,16884215.83578776,5523.2491583999645,2646.534338932104,56.55109035401546,42.16580384118928,1.3107137636651212,1.4520721328146746,25.28609564503224,25.513188285786125,28.47421354476287,46.709608125055446,103.99503878831548,53.50056013954816,94.66167102145428,25.41269182860052,119.54784150562944,31.586203382521354,64.97348767201429,42.83341635602607
66.66666666666667,500.0,16884215.83578776,5523.2491583999645,2646.534338932104,56.55109035401546,42.16580384118928,28.47421354476287,46.709608125055446,1.3107137636651212,1.4520721328146746,25.28609564503224,25.513188285786125,103.99503878831548,53.50056013954816,64.97348767201429,42.83341635602607,94.66167102145428,25.41269182860052,119.54784150562944,31.586203382521354
66.66666666666667,500.0,16884215.83578776,5523.2491583999645,2646.534338932104,56.55109035401546,42.16580384118928,28.47421354476287,46.709608125055446,25.28609564503224,25.513188285786125,1.3107137636651212,1.4520721328146746,103.99503878831548,53.50056013954816,64.97348767201429,42.83341635602607,119.54784150562944,31.586203382521354,94.66167102145428,25.41269182860052
66.66666666666667,500.0,16884215.83578776,5523.2491583999645,2646.534338932104,56.55109035401546,42.16580384118928,25.28609564503224,25.513188285786125,1.3107137636651212,1.4520721328146746,28.47421354476287,46.709608125055446,103.99503878831548,53.50056013954816,119.54784150562944,31.586203382521354,94.66167102145428,25.41269182860052,64.97348767201429,42.83341635602607
66.66666666666667,500.0,16884215.83578776,5523.2491583999645,2646.534338932104,56.55109035401546,42.16580384118928,25.28609564503224,25.513188285786125,28.47421354476287,46.709608125055446,1.3107137636651212,1.4520721328146746,103.99503878831548,53.50056013954816,119.54784150562944,31.586203382521354,64.97348767201429,42.83341635602607,94.66167102145428,25.41269182860052
66.66666666666667,500.0,16884215.83578776,5523.2491583999645,2646.534338932104,1.3107137636651212,1.4520721328146746,56.55109035401546,42.16580384118928,28.47421354476287,46.709608125055446,25.28609564503224,25.513188285786125,94.66167102145428,25.41269182860052,103.99503878831548,53.50056013954816,64.97348767201429,42.83341635602607,119.54784150562944,31.586203382521354
66.66666666666667,500.0,16884215.83578776,5523.2491583999645,2646.534338932104,1.3107137636651212,1.4520721328146746,56.55109035401546,42.16580384118928,25.28609564503224,25.513188285786125,28.47421354476287,46.709608125055446,94.66167102145428,25.41269182860052,103.99503878831548,53.50056013954816,119.54784150562944,31.586203382521354,64.97348767201429,42.83341635602607
66.66666666666667,500.0,16884215.83578776,5523.2491583999645,2646.534338932104,1.3107137636651212,1.4520721328146746,28.47421354476287,46.709608125055446,56.55109035401546,42.16580384118928,25.28609564503224,25.513188285786125,94.66167102145428,25.41269182860052,64.97348767201429,42.83341635602607,103.99503878831548,53.50056013954816,119.54784150562944,31.586203382521354
66.66666666666667,500.0,16884215.83578776,5523.2491583999645,2646.534338932104,1.3107137636651212,1.4520721328146746,28.47421354476287,46.709608125055446,25.28609564503224,25.513188285786125,56.55109035401546,42.16580384118928,94.66167102145428,25.41269182860052,64.97348767201429,42.83341635602607,119.54784150562944,31.586203382521354,103.99503878831548,53.50056013954816
66.66666666666667,500.0,16884215.83578776,5523.2491583999645,2646.534338932104,1.3107137636651212,1.4520721328146746,25.28609564503224,25.513188285786125,56.55109035401546,42.16580384118928,28.47421354476287,46.709608125055446,94.66167102145428,25.41269182860052,119.54784150562944,31.586203382521354,103.99503878831548,53.50056013954816,64.97348767201429,42.83341635602607
66.66666666666667,500.0,16884215.83578776,5523.2491583999645,2646.534338932104,1.3107137636651212,1.4520721328146746,25.28609564503224,25.513188285786125,28.47421354476287,46.709608125055446,56.55109035401546,42.16580384118928,94.66167102145428,25.41269182860052,119.54784150562944,31.586203382521354,64.97348767201429,42.83341635602607,103.99503878831548,53.50056013954816
66.66666666666667,500.0,16884215.83578776,5523.2491583999645,2646.534338932104,28.47421354476287,46.709608125055446,56.55109035401546,42.16580384118928,1.3107137636651212,1.4520721328146746,25.28609564503224,25.513188285786125,64.97348767201429,42.83341635602607,103.99503878831548,53.50056013954816,94.66167102145428,25.41269182860052,119.54784150562944,31.586203382521354
66.66666666666667,500.0,16884215.83578776,5523.2491583999645,2646.534338932104,28.47421354476287,46.709608125055446,56.55109035401546,42.16580384118928,25.28609564503224,25.513188285786125,1.3107137636651212,1.4520721328146746,64.97348767201429,42.83341635602607,103.99503878831548,53.50056013954816,119.54784150562944,31.586203382521354,94.66167102145428,25.41269182860052
66.66666666666667,500.0,16884215.83578776,5523.2491583999645,2646.534338932104,28.47421354476287,46.709608125055446,1.3107137636651212,1.4520721328146746,56.55109035401546,42.16580384118928,25.28609564503224,25.513188285786125,64.97348767201429,42.83341635602607,94.66167102145428,25.41269182860052,103.99503878831548,53.50056013954816,119.54784150562944,31.586203382521354
66.66666666666667,500.0,16884215.83578776,5523.2491583999645,2646.534338932104,28.47421354476287,46.709608125055446,1.3107137636651212,1.4520721328146746,25.28609564503224,25.513188285786125,56.55109035401546,42.16580384118928,64.97348767201429,42.83341635602607,94.66167102145428,25.41269182860052,119.54784150562944,31.586203382521354,103.99503878831548,53.50056013954816
66.66666666666667,500.0,16884215.83578776,5523.2491583999645,2646.534338932104,28.47421354476287,46.709608125055446,25.28609564503224,25.513188285786125,56.55109035401546,42.16580384118928,1.3107137636651212,1.4520721328146746,64.97348767201429,42.83341635602607,119.54784150562944,31.586203382521354,103.99503878831548,53.50056013954816,94.66167102145428,25.41269182860052
66.66666666666667,500.0,16884215.83578776,5523.2491583999645,2646.534338932104,28.47421354476287,46.709608125055446,25.28609564503224,25.513188285786125,1.3107137636651212,1.4520721328146746,56.55109035401546,42.16580384118928,64.97348767201429,42.83341635602607,119.54784150562944,31.586203382521354,94.66167102145428,25.41269182860052,103.99503878831548,53.50056013954816
66.66666666666667,500.0,16884215.83578776,5523.2491583999645,2646.534338932104,25.28609564503224,25.513188285786125,56.55109035401546,42.16580384118928,1.3107137636651212,1.4520721328146746,28.47421354476287,46.709608125055446,119.54784150562944,31.586203382521354,103.99503878831548,53.50056013954816,94.66167102145428,25.41269182860052,64.97348767201429,42.83341635602607
66.66666666666667,500.0,16884215.83578776,5523.2491583999645,2646.534338932104,25.28609564503224,25.513188285786125,56.55109035401546,42.16580384118928,28.47421354476287,46.709608125055446,1.3107137636651212,1.4520721328146746,119.54784150562944,31.586203382521354,103.99503878831548,53.50056013954816,64.97348767201429,42.83341635602607,94.66167102145428,25.41269182860052
66.66666666666667,500.0,16884215.83578776,5523.2491583999645,2646.534338932104,25.28609564503224,25.513188285786125,1.3107137636651212,1.4520721328146746,56.55109035401546,42.16580384118928,28.47421354476287,46.709608125055446,119.54784150562944,31.586203382521354,94.66167102145428,25.41269182860052,103.99503878831548,53.50056013954816,64.97348767201429,42.83341635602607
66.66666666666667,500.0,16884215.83578776,5523.2491583999645,2646.534338932104,25.28609564503224,25.513188285786125,1.3107137636651212,1.4520721328146746,28.47421354476287,46.709608125055446,56.55109035401546,42.16580384118928,119.54784150562944,31.586203382521354,94.66167102145428,25.41269182860052,64.97348767201429,42.83341635602607,103.99503878831548,53.50056013954816
66.66666666666667,500.0,16884215.83578776,5523.2491583999645,2646.534338932104,25.28609564503224,25.513188285786125,28.47421354476287,46.709608125055446,56.55109035401546,42.16580384118928,1.3107137636651212,1.4520721328146746,119.54784150562944,31.586203382521354,64.97348767201429,42.83341635602607,103.99503878831548,53.50056013954816,94.66167102145428,25.41269182860052
66.66666666666667,500.0,16884215.83578776,5523.2491583999645,2646.534338932104,25.28609564503224,25.513188285786125,28.47421354476287,46.709608125055446,1.3107137636651212,1.4520721328146746,56.55109035401546,42.16580384118928,119.54784150562944,31.586203382521354,64.97348767201429,42.83341635602607,94.66167102145428,25.41269182860052,103.99503878831548,53.50056013954816
66.66666666666667,500.0,29189534.184464756,5837.267748972184,4995.136384267805,26.29761949961138,10.622057669513667,8.159263100887744,35.044372623225776,51.436652017042434,17.332232140959412,56.50747002159251,44.56407627355854,70.49779160580893,6.594143401879991,69.1272632139084,27.934915369300253,111.59899517969046,19.445399504173928,95.00304943754428,41.788551590054105
66.66666666666667,500.0,29189534.184464756,5837.267748972184,4995.136384267805,26.29761949961138,10.622057669513667,56.50747002159251,44.56407627355854,8.159263100887744,35.044372623225776,51.436652017042434,17.332232140959412,70.49779160580893,6.594143401879991,95.00304943754428,41.788551590054105,69.1272632139084,27.934915369300253,111.59899517969046,19.445399504173928
66.66666666666667,500.0,29189534.184464756,5837.267748972184,4995.136384267805,26.29761949961138,10.622057669513667,56.50747002159251,44.56407627355854,51.436652017042434,17.332232140959412,8.159263100887744,35.044372623225776,70.49779160580893,6.594143401879991,95.00304943754428,41.788551590054105,111.59899517969046,19.445399504173928,69.1272632139084,27.934915369300253
66.66666666666667,500.0,29189534.184464756,5837.267748972184,4995.136384267805,26.29761949961138,10.622057669513667,51.436652017042434,17.332232140959412,8.159263100887744,35.044372623225776,56.50747002159251,44.56407627355854,70.49779160580893,6.594143401879991,111.59899517969046,19.445399504173928,69.1272632139084,27.934915369300253,95.00304943754428,41.788551590054105
66.66666666666667,500.0,29189534.184464756,5837.267748972184,4995.136384267805,26.29761949961138,10.622057669513667,51.436652017042434,17.332232140959412,56.50747002159251,44.56407627355854,8.159263100887744,35.044372623225776,70.49779160580893,6.594143401879991,111.59899517969046,19.445399504173928,95.00304943754428,41.788551590054105,69.1272632139084,27.934915369300253
66.66666666666667,500.0,29189534.184464756,5837.267748972184,4995.136384267805,8.159263100887744,35.044372623225776,26.29761949961138,10.622057669513667,56.50747002159251,44.56407627355854,51.436652017042434,17.332232140959412,69.1272632139084,27.934915369300253,70.49779160580893,6.594143401879991,95.00304943754428,41.788551590054105,111.59899517969046,19.445399504173928
66.66666666666667,500.0,29189534.184464756,5837.267748972184,4995.136384267805,8.159263100887744,35.044372623225776,26.29761949961138,10.622057669513667,51.436652017042434,17.332232140959412,56.50747002159251,44.56407627355854,69.1272632139084,27.934915369300253,70.49779160580893,6.594143401879991,111.59899517969046,19.445399504173928,95.00304943754428,41.788551590054105
66.66666666666667,500.0,29189534.184464756,5837.267748972184,4995.136384267805,8.159263100887744,35.044372623225776,56.50747002159251,44.56407627355854,26.29761949961138,10.622057669513667,51.436652017042434,17.332232140959412,69.1272632139084,27.934915369300253,95.00304943754428,41.788551590054105,70.49779160580893,6.594143401879991,111.59899517969046,19.445399504173928
66.66666666666667,500.0,29189534.184464756,5837.267748972184,4995.136384267805,8.159263100887744,35.044372623225776,56.50747002159251,44.56407627355854,51.436652017042434,17.332232140959412,26.29761949961138,10.622057669513667,69.1272632139084,27.934915369300253,95.00304943754428,41.788551590054105,111.59899517969046,19.445399504173928,70.49779160580893,6.594143401879991
66.66666666666667,500.0,29189534.184464756,5837.267748972184,4995.136384267805,8.159263100887744,35.044372623225776,51.436652017042434,17.332232140959412,26.29761949961138,10.622057669513667,56.50747002159251,44.56407627355854,69.1272632139084,27.934915369300253,111.59899517969046,19.445399504173928,70.49779160580893,6.594143401879991,95.00304943754428,41.788551590054105
66.66666666666667,500.0,29189534.184464756,5837.267748972184,4995.136384267805,8.159263100887744,35.044372623225776,51.436652017042434,17.332232140959412,56.50747002159251,44.56407627355854,26.29761949961138,10.622057669513667,69.1272632139084,27.934915369300253,111.59899517969046,19.445399504173928,95.00304943754428,41.788551590054105,70.49779160580893,6.594143401879991
66.66666666666667,500.0,29189534.184464756,5837.267748972184,4995.136384267805,56.50747002159251,44.56407627355854,26.29761949961138,10.622057669513667,8.159263100887744,35.044372623225776,51.436652017042434,17.332232140959412,95.00304943754428,41.788551590054105,70.49779160580893,6.594143401879991,69.1272632139084,27.934915369300253,111.59899517969046,19.445399504173928
66.66666666666667,500.0,29189534.184464756,5837.267748972184,4995.136384267805,56.50747002159251,44.56407627355854,26.29761949961138,10.622057669513667,51.436652017042434,17.332232140959412,8.159263100887744,35.044372623225776,95.00304943754428,41.788551590054105,70.49779160580893,6.594143401879991,111.59899517969046,19.445399504173928,69.1272632139084,27.934915369300253
66.66666666666667,500.0,29189534.184464756,5837.267748972184,4995.136384267805,56.50747002159251,44.56407627355854,8.159263100887744,35.044372623225776,26.29761949961138,10.622057669513667,51.436652017042434,17.332232140959412,95.00304943754428,41.788551590054105,69.1272632139084,27.934915369300253,70.49779160580893,6.594143401879991,111.59899517969046,19.445399504173928
66.66666666666667,500.0,29189534.184464756,5837.267748972184,4995.136384267805,56.50747002159251,44.56407627355854,8.159263100887744,35.044372623225776,51.436652017042434,17.332232140959412,26.29761949961138,10.622057669513667,95.00304943754428,41.788551590054105,69.1272632139084,27.934915369300253,111.59899517969046,19.445399504173928,70.49779160580893,6.594143401879991
66.66666666666667,500.0,29189534.184464756,5837.267748972184,4995.136384267805,56.50747002159251,44.56407627355854,51.436652017042434,17.332232140959412,26.29761949961138,10.622057669513667,8.159263100887744,35.044372623225776,95.00304943754428,41.788551590054105,111.59899517969046,19.445399504173928,70.49779160580893,6.594143401879991,69.1272632139084,27.934915369300253
66.66666666666667,500.0,29189534.184464756,5837.267748972184,4995.136384267805,56.50747002159251,44.56407627355854,51.436652017042434,17.332232140959412,8.159263100887744,35.044372623225776,26.29761949961138,10.622057669513667,95.00304943754428,41.788551590054105,111.59899517969046,19.445399504173928,69.1272632139084,27.934915369300253,70.49779160580893,6.594143401879991
66.66666666666667,500.0,29189534.184464756,5837.267748972184,4995.136384267805,51.436652017042434,17.332232140959412,26.29761949961138,10.622057669513667,8.159263100887744,35.044372623225776,56.50747002159251,44.56407627355854,111.59899517969046,19.445399504173928,70.49779160580893,6.594143401879991,69.1272632139084,27.934915369300253,95.00304943754428,41.788551590054105
66.66666666666667,500.0,29189534.184464756,5837.267748972184,4995.136384267805,51.436652017042434,17.332232140959412,26.29761949961138,10.622057669513667,56.50747002159251,44.56407627355854,8.159263100887744,35.044372623225776,111.59899517969046,19.445399504173928,70.49779160580893,6.594143401879991,95.00304943754428,41.788551590054105,69.1272632139084,27.934915369300253
66.66666666666667,500.0,29189534.184464756,5837.267748972184,4995.136384267805,51.436652017042434,17.332232140959412,8.159263100887744,35.044372623225776,26.29761949961138,10.622057669513667,56.50747002159251,44.56407627355854,111.59899517969046,19.445399504173928,69.1272632139084,27.934915369300253,70.49779160580893,6.594143401879991,95.00304943754428,41.788551590054105
66.66666666666667,500.0,29189534.184464756,5837.267748972184,4995.136384267805,51.436652017042434,17.332232140959412,8.159263100887744,35.044372623225776,56.50747002159251,44.56407627355854,26.29761949961138,10.622057669513667,111.59899517969046,19.445399504173928,69.1272632139084,27.934915369300253,95.00304943754428,41.788551590054105,70.49779160580893,6.594143401879991
66.66666666666667,500.0,29189534.184464756,5837.267748972184,4995.136384267805,51.436652017042434,17.332232140959412,56.50747002159251,44.56407627355854,26.29761949961138,10.622057669513667,8.159263100887744,35.044372623225776,111.59899517969046,19.445399504173928,95.00304943754428,41.788551590054105,70.49779160580893,6.594143401879991,69.1272632139084,27.934915369300253
66.66666666666667,500.0,29189534.184464756,5837.267748972184,4995.136384267805,51.436652017042434,17.332232140959412,56.50747002159251,44.56407627355854,8.159263100887744,35.044372623225776,26.29761949961138,10.622057669513667,111.59899517969046,19.445399504173928,95.00304943754428,41.788551590054105,69.1272632139084,27.934915369300253,70.49779160580893,6.594143401879991
66.66666666666667,500.0,13465236.163801486,5013.518827171142,2424.5925782356985,25.588670881418164,38.09203944321389,3.4764116466160577,46.7646209904263,19.04502096122945,3.7262675310507687,51.89543429029944,57.23531273787504,119.37658036025158,16.91686429590257,83.09073363036073,27.69212956932684,62.46559635276513,8.942823287606895,103.58842546047472,38.87349804474074
66.66666666666667,500.0,13465236.163801486,5013.518827171142,2424.5925782356985,25.588670881418164,38.09203944321389,51.89543429029944,57.23531273787504,3.4764116466160577,46.7646209904263,19.04502096122945,3.7262675310507687,119.37658036025158,16.91686429590257,103.58842546047472,38.87349804474074,83.09073363036073,27.69212956932684,62.46559635276513,8.942823287606895
66.66666666666667,500.0,13465236.163801486,5013.518827171142,2424.5925782356985,25.588670881418164,38.09203944321389,51.89543429029944,57.23531273787504,19.04502096122945,3.7262675310507687,3.4764116466160577,46.7646209904263,119.37658036025158,16.91686429590257,103.58842546047472,38.87349804474074,62.46559635276513,8.942823287606895,83.09073363036073,27.69212956932684
66.66666666666667,500.0,13465236.163801486,5013.518827171142,2424.5925782356985,25.588670881418164,38.09203944321389,19.04502096122945,3.7262675310507687,3.4764116466160577,46.7646209904263,51.89543429029944,57.23531273787504,119.37658036025158,16.91686429590257,62.46559635276513,8.942823287606895,83.09073363036073,27.69212956932684,103.58842546047472,38.87349804474074
66.66666666666667,500.0,13465236.163801486,5013.518827171142,2424.5925782356985,25.588670881418164,38.09203944321389,19.04502096122945,3.7262675310507687,51.89543429029944,57.23531273787504,3.4764116466160577,46.7646209904263,119.37658036025158,16.91686429590257,62.46559635276513,8.942823287606895,103.58842546047472,38.87349804474074,83.09073363036073,27.69212956932684
66.66666666666667,500.0,13465236.163801486,5013.518827171142,2424.5925782356985,3.4764116466160577,46.7646209904263,25.588670881418164,38.09203944321389,51.89543429029944,57.23531273787504,19.04502096122945,3.7262675310507687,83.09073363036073,27.69212956932684,119.37658036025158,16.91686429590257,103.58842546047472,38.87349804474074,62.46559635276513,8.942823287606895
66.66666666666667,500.0,13465236.163801486,5013.518827171142,2424.5925782356985,3.4764116466160577,46.7646209904263,25.588670881418164,38.09203944321389,19.04502096122945,3.7262675310507687,51.89543429029944,57.23531273787504,83.09073363036073,27.69212956932684,119.37658036025158,16.91686429590257,62.46559635276513,8.942823287606895,103.58842546047472,38.87349804474074
66.66666666666667,500.0,13465236.163801486,5013.518827171142,2424.5925782356985,3.4764116466160577,46.7646209904263,51.89543429029944,57.23531273787504,25.588670881418164,38.09203944321389,19.04502096122945,3.7262675310507687,83.09073363036073,27.69212956932684,103.58842546047472,38.87349804474074,119.37658036025158,16.91686429590257,62.46559635276513,8.942823287606895
66.66666666666667,500.0,13465236.163801486,5013.518827171142,2424.5925782356985,3.4764116466160577,46.7646209904263,51.89543429029944,57.23531273787504,19.04502096122945,3.7262675310507687,25.588670881418164,38.09203944321389,83.09073363036073,27.69212956932684,103.58842546047472,38.87349804474074,62.46559635276513,8.942823287606895,119.37658036025158,16.91686429590257
66.66666666666667,500.0,13465236.163801486,5013.518827171142,2424.5925782356985,3.4764116466160577,46.7646209904263,19.04502096122945,3.7262675310507687,25.588670881418164,38.09203944321389,51.89543429029944,57.23531273787504,83.09073363036073,27.69212956932684,62.46559635276513,8.942823287606895,119.37658036025158,16.91686429590257,103.58842546047472,38.87349804474074
66.66666666666667,500.0,13465236.163801486,5013.518827171142,2424.5925782356985,3.4764116466160577,46.7646209904263,19.04502096122945,3.7262675310507687,51.89543429029944,57.23531273787504,25.588670881418164,38.09203944321389,83.09073363036073,27.69212956932684,62.46559635276513,8.942823287606895,103.58842546047472,38.87349804474074,119.37658036025158,16.91686429590257
66.66666666666667,500.0,13465236.163801486,5013.518827171142,2424.5925782356985,51.89543429029944,57.23531273787504,25.588670881418164,38.09203944321389,3.4764116466160577,46.7646209904263,19.04502096122945,3.7262675310507687,103.58842546047472,38.87349804474074,119.37658036025158,16.91686429590257,83.09073363036073,27.69212956932684,62.46559635276513,8.942823287606895
66.66666666666667,500.0,13465236.163801486,5013.518827171142,2424.5925782356985,51.89543429029944,57.23531273787504,25.588670881418164,38.09203944321389,19.04502096122945,3.7262675310507687,3.4764116466160577,46.7646209904263,103.58842546047472,38.87349804474074,119.37658036025158,16.91686429590257,62.46559635276513,8.942823287606895,83.09073363036073,27.69212956932684
66.66666666666667,500.0,13465236.163801486,5013.518827171142,2424.5925782356985,51.89543429029944,57.23531273787504,3.4764116466160577,46.7646209904263,25.588670881418164,38.09203944321389,19.04502096122945,3.7262675310507687,103.58842546047472,38.87349804474074,83.09073363036073,27.69212956932684,119.37658036025158,16.91686429590257,62.46559635276513,8.942823287606895
66.66666666666667,500.0,13465236.163801486,5013.518827171142,2424.5925782356985,51.89543429029944,57.23531273787504,3.4764116466160577,46.7646209904263,19.04502096122945,3.7262675310507687,25.588670881418164,38.09203944321389,103.58842546047472,38.87349804474074,83.09073363036073,27.69212956932684,62.46559635276513,8.942823287606895,119.37658036025158,16.91686429590257
66.66666666666667,500.0,13465236.163801486,5013.518827171142,2424.5925782356985,51.89543429029944,57.23531273787504,19.04502096122945,3.7262675310507687,25.588670881418164,38.09203944321389,3.4764116466160577,46.7646209904263,103.58842546047472,38.87349804474074,62.46559635276513,8.942823287606895,119.37658036025158,16.91686429590257,83.09073363036073,27.69212956932684
66.66666666666667,500.0,13465236.163801486,5013.518827171142,2424.5925782356985,51.89543429029944,57.23531273787504,19.04502096122945,3.7262675310507687,3.4764116466160577,46.7646209904263,25.588670881418164,38.09203944321389,103.58842546047472,38.87349804474074,62.46559635276513,8.942823287606895,83.09073363036073,27.69212956932684,119.37658036025158,16.91686429590257
66.66666666666667,500.0,13465236.163801486,5013.518827171142,2424.5925782356985,19.04502096122945,3.7262675310507687,25.588670881418164,38.09203944321389,3.4764116466160577,46.7646209904263,51.89543429029944,57.23531273787504,62.46559635276513,8.942823287606895,119.37658036025158,16.91686429590257,83.09073363036073,27.69212956932684,103.58842546047472,38.87349804474074
66.66666666666667,500.0,13465236.163801486,5013.518827171142,2424.5925782356985,19.04502096122945,3.7262675310507687,25.588670881418164,38.09203944321389,51.89543429029944,57.23531273787504,3.4764116466160577,46.7646209904263,62.46559635276513,8.942823287606895,119.37658036025158,16.91686429590257,103.58842546047472,38.87349804474074,83.09073363036073,27.69212956932684
66.66666666666667,500.0,13465236.163801486,5013.518827171142,2424.5925782356985,19.04502096122945,3.7262675310507687,3.4764116466160577,46.7646209904263,25.588670881418164,38.09203944321389,51.89543429029944,57.23531273787504,62.46559635276513,8.942823287606895,83.09073363036073,27.69212956932684,119.37658036025158,16.91686429590257,103.58842546047472,38.87349804474074
66.66666666666667,500.0,13465236.163801486,5013.518827171142,2424.5925782356985,19.04502096122945,3.7262675310507687,3.4764116466160577,46.7646209904263,51.89543429029944,57.23531273787504,25.588670881418164,38.09203944321389,62.46559635276513,8.942823287606895,83.09073363036073,27.69212956932684,103.58842546047472,38.87349804474074,119.37658036025158,16.91686429590257
66.66666666666667,500.0,13465236.163801486,5013.518827171142,2424.5925782356985,19.04502096122945,3.7262675310507687,51.89543429029944,57.23531273787504,25.588670881418164,38.09203944321389,3.4764116466160577,46.7646209904263,62.46559635276513,8.942823287606895,103.58842546047472,38.87349804474074,119.37658036025158,16.91686429590257,83.09073363036073,27.69212956932684
66.66666666666667,500.0,13465236.163801486,5013.518827171142,2424.5925782356985,19.04502096122945,3.7262675310507687,51.89543429029944,57.23531273787504,3.4764116466160577,46.7646209904263,25.588670881418164,38.09203944321389,62.46559635276513,8.942823287606895,103.58842546047472,38.87349804474074,83.09073363036073,27.69212956932684,119.37658036025158,16.91686429590257
66.66666666666667,500.0,18945115.6436934,5743.544011710241,3228.526633359145,1.2944118027610885,40.88481364879613,50.35445727302164,6.084072657683919,26.24652777410228,16.961404311282003,37.37126712945376,39.609436053519474,81.08379578283774,37.23842119893882,99.4125542500804,5.897921227589881,63.89714030844064,18.189563076265063,110.80979890109325,24.59430634758185
66.66666666666667,500.0,18945115.6436934,5743.544011710241,3228.526633359145,1.2944118027610885,40.88481364879613,37.37126712945376,39.609436053519474,50.35445727302164,6.084072657683919,26.24652777410228,16.961404311282003,81.08379578283774,37.23842119893882,110.80979890109325,24.59430634758185,99.4125542500804,5.897921227589881,63.89714030844064,18.189563076265063
66.66666666666667,500.0,18945115.6436934,5743.544011710241,3228.526633359145,1.2944118027610885,40.88481364879613,37.37126712945376,39.609436053519474,26.24652777410228,16.961404311282003,50.35445727302164,6.084072657683919,81.08379578283774,37.23842119893882,110.80979890109325,24.59430634758185,63.89714030844064,18.189563076265063,99.4125542500804,5.897921227589881
66.66666666666667,500.0,18945115.6436934,5743.544011710241,3228.526633359145,1.2944118027610885,40.88481364879613,26.24652777410228,16.961404311282003,50.35445727302164,6.084072657683919,37.37126712945376,39.609436053519474,81.08379578283774,37.23842119893882,63.89714030844064,18.189563076265063,99.4125542500804,5.897921227589881,110.80979890109325,24.59430634758185
66.66666666666667,500.0,18945115.6436934,5743.544011710241,3228.526633359145,1.2944118027610885,40.88481364879613,26.24652777410228,16.961404311282003,37.37126712945376,39.609436053519474,50.35445727302164,6.084072657683919,81.08379578283774,37.23842119893882,63.89714030844064,18.189563076265063,110.80979890109325,24.59430634758185,99.4125542500804,5.897921227589881
66.66666666666667,500.0,18945115.6436934,5743.544011710241,3228.526633359145,50.35445727302164,6.084072657683919,1.2944118027610885,40.88481364879613,37.37126712945376,39.609436053519474,26.24652777410228,16.961404311282003,99.4125542500804,5.897921227589881,81.08379578283774,37.23842119893882,110.80979890109325,24.59430634758185,63.89714030844064,18.189563076265063
66.66666666666667,500.0,18945115.6436934,5743.544011710241,3228.526633359145,50.35445727302164,6.084072657683919,1.2944118027610885,40.88481364879613,26.24652777410228,16.961404311282003,37.37126712945376,39.609436053519474,99.4125542500804,5.897921227589881,81.08379578283774,37.23842119893882,63.89714030844064,18.189563076265063,110.80979890109325,24.59430634758185
66.66666666666667,500.0,18945115.6436934,5743.544011710241,3228.526633359145,50.35445727302164,6.084072657683919,37.37126712945376,39.609436053519474,1.2944118027610885,40.88481364879613,26.24652777410228,16.961404311282003,99.4125542500804,5.897921227589881,110.80979890109325,24.59430634758185,81.08379578283774,37.23842119893882,63.89714030844064,18.189563076265063
66.66666666666667,500.0,18945115.6436934,5743.544011710241,3228.526633359145,50.35445727302164,6.084072657683919,37.37126712945376,39.609436053519474,26.24652777410228,16.961404311282003,1.2944118027610885,40.88481364879613,99.4125542500804,5.897921227589881,110.80979890109325,24.59430634758185,63.89714030844064,18.189563076265063,81.08379578283774,37.23842119893882
66.66666666666667,500.0,18945115.6436934,5743.544011710241,3228.526633359145,50.35445727302164,6.084072657683919,26.24652777410228,16.961404311282003,1.2944118027610885,40.88481364879613,37.37126712945376,39.609436053519474,99.4125542500804,5.897921227589881,63.89714030844064,18.189563076265063,81.08379578283774,37.23842119893882,110.80979890109325,24.59430634758185
66.66666666666667,500.0,18945115.6436934,5743.544011710241,3228.526633359145,50.35445727302164,6.084072657683919,26.24652777410228,16.961404311282003,37.37126712945376,39.609436053519474,1.2944118027610885,40.88481364879613,99.4125542500804,5.897921227589881,63.89714030844064,18.189563076265063,110.80979890109325,24.59430634758185,81.08379578283774,37.23842119893882
66.66666666666667,500.0,18945115.6436934,5743.544011710241,3228.526633359145,37.37126712945376,39.609436053519474,1.2944118027610885,40.88481364879613,50.35445727302164,6.084072657683919,26.24652777410228,16.961404311282003,110.80979890109325,24.59430634758185,81.08379578283774,37.23842119893882,99.4125542500804,5.897921227589881,63.89714030844064,18.189563076265063
66.66666666666667,500.0,18945115.6436934,5743.544011710241,3228.526633359145,37.37126712945376,39.609436053519474,1.2944118027610885,40.88481364879613,26.24652777410228,16.961404311282003,50.35445727302164,6.084072657683919,110.80979890109325,24.59430634758185,81.08379578283774,37.23842119893882,63.89714030844064,18.189563076265063,99.4125542500804,5.897921227589881
66.66666666666667,500.0,18945115.6436934,5743.544011710241,3228.526633359145,37.37126712945376,39.609436053519474,50.35445727302164,6.084072657683919,1.2944118027610885,40.88481364879613,26.24652777410228,16.961404311282003,110.80979890109325,24.59430634758185,99.4125542500804,5.897921227589881,81.08379578283774,37.23842119893882,63.89714030844064,18.189563076265063
66.66666666666667,500.0,18945115.6436934,5743.544011710241,3228.526633359145,37.37126712945376,39.609436053519474,50.35445727302164,6.084072657683919,26.24652777410228,16.961404311282003,1.2944118027610885,40.88481364879613,110.80979890109325,24.59430634758185,99.4125542500804,5.897921227589881,63.89714030844064,18.189563076265063,81.08379578283774,37.23842119893882
66.66666666666667,500.0,18945115.6436934,5743.544011710241,3228.526633359145,37.37126712945376,39.609436053519474,26.24652777410228,16.961404311282003,1.2944118027610885,40.88481364879613,50.35445727302164,6.084072657683919,110.80979890109325,24.59430634758185,63.89714030844064,18.189563076265063,81.08379578283774,37.23842119893882,99.4125542500804,5.897921227589881
66.66666666666667,500.0,18945115.6436934,5743.544011710241,3228.526633359145,37.37126712945376,39.609436053519474,26.24652777410228,16.961404311282003,50.35445727302164,6.084072657683919,1.2944118027610885,40.88481364879613,110.80979890109325,24.59430634758185,63.89714030844064,18.189563076265063,99.4125542500804,5.897921227589881,81.08379578283774,37.23842119893882
66.66666666666667,500.0,18945115.6436934,5743.544011710241,3228.526633359145,26.24652777410228,16.961404311282003,1.2944118027610885,40.88481364879613,50.35445727302164,6.084072657683919,37.37126712945376,39.609436053519474,63.89714030844064,18.189563076265063,81.08379578283774,37.23842119893882,99.4125542500804,5.897921227589881,110.80979890109325,24.59430634758185
66.66666666666667,500.0,18945115.6436934,5743.544011710241,3228.526633359145,26.24652777410228,16.961404311282003,1.2944118027610885,40.88481364879613,37.37126712945376,39.609436053519474,50.35445727302164,6.084072657683919,63.89714030844064,18.189563076265063,81.08379578283774,37.23842119893882,110.80979890109325,24.59430634758185,99.4125542500804,5.897921227589881
66.66666666666667,500.0,18945115.6436934,5743.544011710241,3228.526633359145,26.24652777410228,16.961404311282003,50.35445727302164,6.084072657683919,1.2944118027610885,40.88481364879613,37.37126712945376,39.609436053519474,63.89714030844064,18.189563076265063,99.4125542500804,5.897921227589881,81.08379578283774,37.23842119893882,110.80979890109325,24.59430634758185
66.66666666666667,500.0,18945115.6436934,5743.544011710241,3228.526633359145,26.24652777410228,16.961404311282003,50.35445727302164,6.084072657683919,37.37126712945376,39.609436053519474,1.2944118027610885,40.88481364879613,63.89714030844064,18.189563076265063,99.4125542500804,5.897921227589881,110.80979890109325,24.59430634758185,81.08379578283774,37.23842119893882
66.66666666666667,500.0,18945115.6436934,5743.544011710241,3228.526633359145,26.24652777410228,16.961404311282003,37.37126712945376,39.609436053519474,1.2944118027610885,40.88481364879613,50.35445727302164,6.084072657683919,63.89714030844064,18.189563076265063,110.80979890109325,24.59430634758185,81.08379578283774,37.23842119893882,99.4125542500804,5.897921227589881
66.66666666666667,500.0,18945115.6436934,5743.544011710241,3228.526633359145,26.24652777410228,16.961404311282003,37.37126712945376,39.609436053519474,50.35445727302164,6.084072657683919,1.2944118027610885,40.88481364879613,63.89714030844064,18.189563076265063,110.80979890109325,24.59430634758185,99.4125542500804,5.897921227589881,81.08379578283774,37.23842119893882
66.66666666666667,500.0,14716206.790614814,5865.491451930949,2254.459615630801,4.986313481924669,28.443465478277947,39.262306054545846,45.08312330904238,58.59750221033434,55.27925142276624,32.20875713361245,6.580401820989456,60.198286331360336,40.30513680320341,87.13950527842675,37.53495344812666,111.5149851413957,19.923606363286552,67.92446547989488,14.227113523875246
66.66666666666667,500.0,14716206.790614814,5865.491451930949,2254.459615630801,4.986313481924669,28.443465478277947,32.20875713361245,6.580401820989456,39.262306054545846,45.08312330904238,58.59750221033434,55.27925142276624,60.198286331360336,40.30513680320341,67.92446547989488,14.227113523875246,87.13950527842675,37.53495344812666,111.5149851413957,19.923606363286552
66.66666666666667,500.0,14716206.790614814,5865.491451930949,2254.459615630801,4.986313481924669,28.443465478277947,32.20875713361245,6.580401820989456,58.59750221033434,55.27925142276624,39.262306054545846,45.08312330904238,60.198286331360336,40.30513680320341,67.92446547989488,14.227113523875246,111.5149851413957,19.923606363286552,87.13950527842675,37.53495344812666
66.66666666666667,500.0,14716206.790614814,5865.491451930949,2254.459615630801,4.986313481924669,28.443465478277947,58.59750221033434,55.27925142276624,39.262306054545846,45.08312330904238,32.20875713361245,6.580401820989456,60.198286331360336,40.30513680320341,111.5149851413957,19.923606363286552,87.13950527842675,37.53495344812666,67.92446547989488,14.227113523875246
66.66666666666667,500.0,14716206.790614814,5865.491451930949,2254.459615630801,4.986313481924669,28.443465478277947,58.59750221033434,55.27925142276624,32.20875713361245,6.580401820989456,39.262306054545846,45.08312330904238,60.198286331360336,40.30513680320341,111.5149851413957,19.923606363286552,67.92446547989488,14.227113523875246,87.13950527842675,37.53495344812666
66.66666666666667,500.0,14716206.790614814,5865.491451930949,2254.459615630801,39.262306054545846,45.08312330904238,4.986313481924669,28.443465478277947,32.20875713361245,6.580401820989456,58.59750221033434,55.27925142276624,87.13950527842675,37.53495344812666,60.198286331360336,40.30513680320341,67.92446547989488,14.227113523875246,111.5149851413957,19.923606363286552
66.66666666666667,500.0,14716206.790614814,5865.491451930949,2254.459615630801,39.262306054545846,45.08312330904238,4.986313481924669,28.443465478277947,58.59750221033434,55.27925142276624,32.20875713361245,6.580401820989456,87.13950527842675,37.53495344812666,60.198286331360336,40.30513680320341,111.5149851413957,19.923606363286552,67.92446547989488,14.227113523875246
66.66666666666667,500.0,14716206.790614814,5865.491451930949,2254.459615630801,39.262306054545846,45.08312330904238,32.20875713361245,6.580401820989456,4.986313481924669,28.443465478277947,58.59750221033434,55.27925142276624,87.13950527842675,37.53495344812666,67.92446547989488,14.227113523875246,60.198286331360336,40.30513680320341,111.5149851413957,19.923606363286552
66.66666666666667,500.0,14716206.790614814,5865.491451930949,2254.459615630801,39.262306054545846,45.08312330904238,32.20875713361245,6.580401820989456,58.59750221033434,55.27925142276624,4.986313481924669,28.443465478277947,87.13950527842675,37.53495344812666,67.92446547989488,14.227113523875246,111.5149851413957,19.923606363286552,60.198286331360336,40.30513680320341
66.66666666666667,500.0,14716206.790614814,5865.491451930949,2254.459615630801,39.262306054545846,45.08312330904238,58.59750221033434,55.27925142276624,4.986313481924669,28.443465478277947,32.20875713361245,6.580401820989456,87.13950527842675,37.53495344812666,111.5149851413957,19.923606363286552,60.198286331360336,40.30513680320341,67.92446547989488,14.227113523875246
66.66666666666667,500.0,14716206.790614814,5865.491451930949,2254.459615630801,39.262306054545846,45.08312330904238,58.59750221033434,55.27925142276624,32.20875713361245,6.580401820989456,4.986313481924669,28.443465478277947,87.13950527842675,37.53495344812666,111.5149851413957,19.923606363286552,67.92446547989488,14.227113523875246,60.198286331360336,40.30513680320341
66.66666666666667,500.0,14716206.790614814,5865.491451930949,2254.459615630801,32.20875713361245,6.580401820989456,4.986313481924669,28.443465478277947,39.262306054545846,45.08312330904238,58.59750221033434,55.27925142276624,67.92446547989488,14.227113523875246,60.198286331360336,40.30513680320341,87.13950527842675,37.53495344812666,111.5149851413957,19.923606363286552
66.66666666666667,500.0,14716206.790614814,5865.491451930949,2254.459615630801,32.20875713361245,6.580401820989456,4.986313481924669,28.443465478277947,58.59750221033434,55.27925142276624,39.262306054545846,45.08312330904238,67.92446547989488,14.227113523875246,60.198286331360336,40.30513680320341,111.5149851413957,19.923606363286552,87.13950527842675,37.53495344812666
66.66666666666667,500.0,14716206.790614814,5865.491451930949,2254.459615630801,32.20875713361245,6.580401820989456,39.262306054545846,45.08312330904238,4.986313481924669,28.443465478277947,58.59750221033434,55.27925142276624,67.92446547989488,14.227113523875246,87.13950527842675,37.53495344812666,60.198286331360336,40.30513680320341,111.5149851413957,19.923606363286552
66.66666666666667,500.0,14716206.790614814,5865.491451930949,2254.459615630801,32.20875713361245,6.580401820989456,39.262306054545846,45.08312330904238,58.59750221033434,55.27925142276624,4.986313481924669,28.443465478277947,67.92446547989488,14.227113523875246,87.13950527842675,37.53495344812666,111.5149851413957,19.923606363286552,60.198286331360336,40.30513680320341
66.66666666666667,500.0,14716206.790614814,5865.491451930949,2254.459615630801,32.20875713361245,6.580401820989456,58.59750221033434,55.27925142276624,4.986313481924669,28.443465478277947,39.262306054545846,45.08312330904238,67.92446547989488,14.227113523875246,111.5149851413957,19.923606363286552,60.198286331360336,40.30513680320341,87.13950527842675,37.53495344812666
66.66666666666667,500.0,14716206.790614814,5865.491451930949,2254.459615630801,32.20875713361245,6.580401820989456,58.59750221033434,55.27925142276624,39.262306054545846,45.08312330904238,4.986313481924669,28.443465478277947,67.92446547989488,14.227113523875246,111.5149851413957,19.923606363286552,87.13950527842675,37.53495344812666,60.198286331360336,40.30513680320341
66.66666666666667,500.0,14716206.790614814,5865.491451930949,2254.459615630801,58.59750221033434,55.27925142276624,4.986313481924669,28.443465478277947,39.262306054545846,45.08312330904238,32.20875713361245,6.580401820989456,111.5149851413957,19.923606363286552,60.198286331360336,40.30513680320341,87.13950527842675,37.53495344812666,67.92446547989488,14.227113523875246
66.66666666666667,500.0,14716206.790614814,5865.491451930949,2254.459615630801,58.59750221033434,55.27925142276624,4.986313481924669,28.443465478277947,32.20875713361245,6.580401820989456,39.262306054545846,45.08312330904238,111.5149851413957,19.923606363286552,60.198286331360336,40.30513680320341,67.92446547989488,14.227113523875246,87.13950527842675,37.53495344812666
66.66666666666667,500.0,14716206.790614814,5865.491451930949,2254.459615630801,58.59750221033434,55.27925142276624,39.262306054545846,45.08312330904238,4.986313481924669,28.443465478277947,32.20875713361245,6.580401820989456,111.5149851413957,19.923606363286552,87.13950527842675,37.53495344812666,60.198286331360336,40.30513680320341,67.92446547989488,14.227113523875246
66.66666666666667,500.0,14716206.790614814,5865.491451930949,2254.459615630801,58.59750221033434,55.27925142276624,39.262306054545846,45.08312330904238,32.20875713361245,6.580401820989456,4.986313481924669,28.443465478277947,111.5149851413957,19.923606363286552,87.13950527842675,37.53495344812666,67.92446547989488,14.227113523875246,60.198286331360336,40.30513680320341
66.66666666666667,500.0,14716206.790614814,5865.491451930949,2254.459615630801,58.59750221033434,55.27925142276624,32.20875713361245,6.580401820989456,4.986313481924669,28.443465478277947,39.262306054545846,45.08312330904238,111.5149851413957,19.923606363286552,67.92446547989488,14.227113523875246,60.198286331360336,40.30513680320341,87.13950527842675,37.53495344812666
66.66666666666667,500.0,14716206.790614814,5865.491451930949,2254.459615630801,58.59750221033434,55.27925142276624,32.20875713361245,6.580401820989456,39.262306054545846,45.08312330904238,4.986313481924669,28.443465478277947,111.5149851413957,19.923606363286552,67.92446547989488,14.227113523875246,87.13950527842675,37.53495344812666,60.198286331360336,40.30513680320341
66.66666666666667,500.0,30070921.734501638,7388.796547279489,4119.338210139299,5.211348800272397,8.376148412347781,57.369293262625085,17.95851595357707,36.03274430982172,41.498665211570525,9.102339826940264,33.941225583291185,62.26290468603454,29.573118884390027,89.41657493883142,21.509960426406728,114.61185374065536,41.04380547458148,88.61159786888155,46.03950646557393
66.66666666666667,500.0,30070921.734501638,7388.796547279489,4119.338210139299,5.211348800272397,8.376148412347781,9.102339826940264,33.941225583291185,57.369293262625085,17.95851595357707,36.03274430982172,41.498665211570525,62.26290468603454,29.573118884390027,88.61159786888155,46.03950646557393,89.41657493883142,21.509960426406728,114.61185374065536,41.04380547458148
66.66666666666667,500.0,30070921.734501638,7388.796547279489,4119.338210139299,5.211348800272397,8.376148412347781,9.102339826940264,33.941225583291185,36.03274430982172,41.498665211570525,57.369293262625085,17.95851595357707,62.26290468603454,29.573118884390027,88.61159786888155,46.03950646557393,114.61185374065536,41.04380547458148,89.41657493883142,21.509960426406728
66.66666666666667,500.0,30070921.734501638,7388.796547279489,4119.338210139299,5.211348800272397,8.376148412347781,36.03274430982172,41.498665211570525,57.369293262625085,17.95851595357707,9.102339826940264,33.941225583291185,62.26290468603454,29.573118884390027,114.61185374065536,41.04380547458148,89.41657493883142,21.509960426406728,88.61159786888155,46.03950646557393
66.66666666666667,500.0,30070921.734501638,7388.796547279489,4119.338210139299,5.211348800272397,8.376148412347781,36.03274430982172,41.498665211570525,9.102339826940264,33.941225583291185,57.369293262625085,17.95851595357707,62.26290468603454,29.573118884390027,114.61185374065536,41.04380547458148,88.61159786888155,46.03950646557393,89.41657493883142,21.509960426406728
66.66666666666667,500.0,30070921.734501638,7388.796547279489,4119.338210139299,57.369293262625085,17.95851595357707,5.211348800272397,8.376148412347781,9.102339826940264,33.941225583291185,36.03274430982172,41.498665211570525,89.41657493883142,21.509960426406728,62.26290468603454,29.573118884390027,88.61159786888155,46.03950646557393,114.61185374065536,41.04380547458148
66.66666666666667,500.0,30070921.734501638,7388.796547279489,4119.338210139299,57.369293262625085,17.95851595357707,5.211348800272397,8.376148412347781,36.03274430982172,41.498665211570525,9.102339826940264,33.941225583291185,89.41657493883142,21.509960426406728,62.26290468603454,29.573118884390027,114.61185374065536,41.04380547458148,88.61159786888155,46.03950646557393
66.66666666666667,500.0,30070921.734501638,7388.796547279489,4119.338210139299,57.369293262625085,17.95851595357707,9.102339826940264,33.941225583291185,5.211348800272397,8.376148412347781,36.03274430982172,41.498665211570525,89.41657493883142,21.509960426406728,88.61159786888155,46.03950646557393,62.26290468603454,29.573118884390027,114.61185374065536,41.04380547458148
66.66666666666667,500.0,30070921.734501638,7388.796547279489,4119.338210139299,57.369293262625085,17.95851595357707,9.102339826940264,33.941225583291185,36.03274430982172,41.498665211570525,5.211348800272397,8.376148412347781,89.41657493883142,21.509960426406728,88.61159786888155,46.03950646557393,114.61185374065536,41.04380547458148,62.26290468603454,29.573118884390027
66.66666666666667,500.0,30070921.734501638,7388.796547279489,4119.338210139299,57.369293262625085,17.95851595357707,36.03274430982172,41.498665211570525,5.211348800272397,8.376148412347781,9.102339826940264,33.941225583291185,89.41657493883142,21.509960426406728,114.61185374065536,41.04380547458148,62.26290468603454,29.573118884390027,88.61159786888155,46.03950646557393
66.66666666666667,500.0,30070921.734501638,7388.796547279489,4119.338210139299,57.369293262625085,17.95851595357707,36.03274430982172,41.498665211570525,9.102339826940264,33.941225583291185,5.211348800272397,8.376148412347781,89.41657493883142,21.509960426406728,114.61185374065536,41.04380547458148,88.61159786888155,46.03950646557393,62.26290468603454,29.573118884390027
66.66666666666667,500.0,30070921.734501638,7388.796547279489,4119.338210139299,9.102339826940264,33.941225583291185,5.211348800272397,8.376148412347781,57.369293262625085,17.95851595357707,36.03274430982172,41.498665211570525,88.61159786888155,46.03950646557393,62.26290468603454,29.573118884390027,89.41657493883142,21.509960426406728,114.61185374065536,41.04380547458148
66.66666666666667,500.0,30070921.734501638,7388.796547279489,4119.338210139299,9.102339826940264,33.941225583291185,5.211348800272397,8.376148412347781,36.03274430982172,41.498665211570525,57.369293262625085,17.95851595357707,88.61159786888155,46.03950646557393,62.26290468603454,29.573118884390027,114.61185374065536,41.04380547458148,89.41657493883142,21.509960426406728
66.66666666666667,500.0,30070921.734501638,7388.796547279489,4119.338210139299,9.102339826940264,33.941225583291185,57.369293262625085,17.95851595357707,5.211348800272397,8.376148412347781,36.03274430982172,41.498665211570525,88.61159786888155,46.03950646557393,89.41657493883142,21.509960426406728,62.26290468603454,29.573118884390027,114.61185374065536,41.04380547458148
66.66666666666667,500.0,30070921.734501638,7388.796547279489,4119.338210139299,9.102339826940264,33.941225583291185,57.369293262625085,17.95851595357707,36.03274430982172,41.498665211570525,5.211348800272397,8.376148412347781,88.61159786888155,46.03950646557393,89.41657493883142,21.509960426406728,114.61185374065536,41.04380547458148,62.26290468603454,29.573118884390027
66.66666666666667,500.0,30070921.734501638,7388.796547279489,4119.338210139299,9.102339826940264,33.941225583291185,36.03274430982172,41.498665211570525,5.211348800272397,8.376148412347781,57.369293262625085,17.95851595357707,88.61159786888155,46.03950646557393,114.61185374065536,41.04380547458148,62.26290468603454,29.573118884390027,89.41657493883142,21.509960426406728
66.66666666666667,500.0,30070921.734501638,7388.796547279489,4119.338210139299,9.102339826940264,33.941225583291185,36.03274430982172,41.498665211570525,57.369293262625085,17.95851595357707,5.211348800272397,8.376148412347781,88.61159786888155,46.03950646557393,114.61185374065536,41.04380547458148,89.41657493883142,21.509960426406728,62.26290468603454,29.573118884390027
66.66666666666667,500.0,30070921.734501638,7388.796547279489,4119.338210139299,36.03274430982172,41.498665211570525,5.211348800272397,8.376148412347781,57.369293262625085,17.95851595357707,9.102339826940264,33.941225583291185,114.61185374065536,41.04380547458148,62.26290468603454,29.573118884390027,89.41657493883142,21.509960426406728,88.61159786888155,46.03950646557393
66.66666666666667,500.0,30070921.734501638,7388.796547279489,4119.338210139299,36.03274430982172,41.498665211570525,5.211348800272397,8.376148412347781,9.102339826940264,33.941225583291185,57.369293262625085,17.95851595357707,114.61185374065536,41.04380547458148,62.26290468603454,29.573118884390027,88.61159786888155,46.03950646557393,89.41657493883142,21.509960426406728
66.66666666666667,500.0,30070921.734501638,7388.796547279489,4119.338210139299,36.03274430982172,41.498665211570525,57.369293262625085,17.95851595357707,5.211348800272397,8.376148412347781,9.102339826940264,33.941225583291185,114.61185374065536,41.04380547458148,89.41657493883142,21.509960426406728,62.26290468603454,29.573118884390027,88.61159786888155,46.03950646557393
66.66666666666667,500.0,30070921.734501638,7388.796547279489,4119.338210139299,36.03274430982172,41.498665211570525,57.369293262625085,17.95851595357707,9.102339826940264,33.941225583291185,5.211348800272397,8.376148412347781,114.61185374065536,41.04380547458148,89.41657493883142,21.509960426406728,88.61159786888155,46.03950646557393,62.26290468603454,29.573118884390027
66.66666666666667,500.0,30070921.734501638,7388.796547279489,4119.338210139299,36.03274430982172,41.498665211570525,9.102339826940264,33.941225583291185,5.211348800272397,8.376148412347781,57.369293262625085,17.95851595357707,114.61185374065536,41.04380547458148,88.61159786888155,46.03950646557393,62.26290468603454,29.573118884390027,89.41657493883142,21.509960426406728
66.66666666666667,500.0,30070921.734501638,7388.796547279489,4119.338210139299,36.03274430982172,41.498665211570525,9.102339826940264,33.941225583291185,57.369293262625085,17.95851595357707,5.211348800272397,8.376148412347781,114.61185374065536,41.04380547458148,88.61159786888155,46.03950646557393,89.41657493883142,21.509960426406728,62.26290468603454,29.573118884390027
66.66666666666667,500.0,12731684.42070085,6150.438437479702,1984.4833228733075,44.34573782095048,36.33570249394532,0.3037399981834165,56.947888135775045,59.54855169804455,1.5227202548656282,20.561475412279616,42.77581139119352,106.08647729561788,57.69120222142628,81.17198131416566,59.67339429820211,98.74724095915693,34.085862155972194,70.93838249613505,34.33777575491474
66.66666666666667,500.0,12731684.42070085,6150.438437479702,1984.4833228733075,44.34573782095048,36.33570249394532,20.561475412279616,42.77581139119352,0.3037399981834165,56.947888135775045,59.54855169804455,1.5227202548656282,106.08647729561788,57.69120222142628,70.93838249613505,34.33777575491474,81.17198131416566,59.67339429820211,98.74724095915693,34.085862155972194
66.66666666666667,500.0,12731684.42070085,6150.438437479702,1984.4833228733075,44.34573782095048,36.33570249394532,20.561475412279616,42.77581139119352,59.54855169804455,1.5227202548656282,0.3037399981834165,56.947888135775045,106.08647729561788,57.69120222142628,70.93838249613505,34.33777575491474,98.74724095915693,34.085862155972194,81.17198131416566,59.67339429820211
66.66666666666667,500.0,12731684.42070085,6150.438437479702,1984.4833228733075,44.34573782095048,36.33570249394532,59.54855169804455,1.5227202548656282,0.3037399981834165,56.947888135775045,20.561475412279616,42.77581139119352,106.08647729561788,57.69120222142628,98.74724095915693,34.085862155972194,81.17198131416566,59.67339429820211,70.93838249613505,34.33777575491474
66.66666666666667,500.0,12731684.42070085,6150.438437479702,1984.4833228733075,44.34573782095048,36.33570249394532,59.54855169804455,1.5227202548656282,20.561475412279616,42.77581139119352,0.3037399981834165,56.947888135775045,106.08647729561788,57.69120222142628,98.74724095915693,34.085862155972194,70.93838249613505,34.33777575491474,81.17198131416566,59.67339429820211
66.66666666666667,500.0,12731684.42070085,6150.438437479702,1984.4833228733075,0.3037399981834165,56.947888135775045,44.34573782095048,36.33570249394532,20.561475412279616,42.77581139119352,59.54855169804455,1.5227202548656282,81.17198131416566,59.67339429820211,106.08647729561788,57.69120222142628,70.93838249613505,34.33777575491474,98.74724095915693,34.085862155972194
66.66666666666667,500.0,12731684.42070085,6150.438437479702,1984.4833228733075,0.3037399981834165,56.947888135775045,44.34573782095048,36.33570249394532,59.54855169804455,1.5227202548656282,20.561475412279616,42.77581139119352,81.17198131416566,59.67339429820211,106.08647729561788,57.69120222142628,98.74724095915693,34.085862155972194,70.93838249613505,34.33777575491474
66.66666666666667,500.0,12731684.42070085,6150.438437479702,1984.4833228733075,0.3037399981834165,56.947888135775045,20.561475412279616,42.77581139119352,44.34573782095048,36.33570249394532,59.54855169804455,1.5227202548656282,81.17198131416566,59.67339429820211,70.93838249613505,34.33777575491474,106.08647729561788,57.69120222142628,98.74724095915693,34.085862155972194
66.66666666666667,500.0,12731684.42070085,6150.438437479702,1984.4833228733075,0.3037399981834165,56.947888135775045,20.561475412279616,42.77581139119352,59.54855169804455,1.5227202548656282,44.34573782095048,36.33570249394532,81.17198131416566,59.67339429820211,70.93838249613505,34.33777575491474,98.74724095915693,34.085862155972194,106.08647729561788,57.69120222142628
66.66666666666667,500.0,12731684.42070085,6150.438437479702,1984.4833228733075,0.3037399981834165,56.947888135775045,59.54855169804455,1.5227202548656282,44.34573782095048,36.33570249394532,20.561475412279616,42.77581139119352,81.17198131416566,59.67339429820211,98.74724095915693,34.085862155972194,106.08647729561788,57.69120222142628,70.93838249613505,34.33777575491474
66.66666666666667,500.0,12731684.42070085,6150.438437479702,1984.4833228733075,0.3037399981834165,56.947888135775045,59.54855169804455,1.5227202548656282,20.561475412279616,42.77581139119352,44.34573782095048,36.33570249394532,81.17198131416566,59.67339429820211,98.74724095915693,34.085862155972194,70.93838249613505,34.33777575491474,106.08647729561788,57.69120222142628
66.66666666666667,500.0,12731684.42070085,6150.438437479702,1984.4833228733075,20.561475412279616,42.77581139119352,44.34573782095048,36.33570249394532,0.3037399981834165,56.947888135775045,59.54855169804455,1.5227202548656282,70.93838249613505,34.33777575491474,106.08647729561788,57.69120222142628,81.17198131416566,59.67339429820211,98.74724095915693,34.085862155972194
66.66666666666667,500.0,12731684.42070085,6150.438437479702,1984.4833228733075,20.561475412279616,42.77581139119352,44.34573782095048,36.33570249394532,59.54855169804455,1.5227202548656282,0.3037399981834165,56.947888135775045,70.93838249613505,34.33777575491474,106.08647729561788,57.69120222142628,98.74724095915693,34.085862155972194,81.17198131416566,59.67339429820211
66.66666666666667,500.0,12731684.42070085,6150.438437479702,1984.4833228733075,20.561475412279616,42.77581139119352,0.3037399981834165,56.947888135775045,44.34573782095048,36.33570249394532,59.54855169804455,1.5227202548656282,70.93838249613505,34.33777575491474,81.17198131416566,59.67339429820211,106.08647729561788,57.69120222142628,98.74724095915693,34.085862155972194
66.66666666666667,500.0,12731684.42070085,6150.438437479702,1984.4833228733075,20.561475412279616,42.77581139119352,0.3037399981834165,56.947888135775045,59.54855169804455,1.5227202548656282,44.34573782095048,36.33570249394532,70.93838249613505,34.33777575491474,81.17198131416566,59.67339429820211,98.74724095915693,34.085862155972194,106.08647729561788,57.69120222142628
66.66666666666667,500.0,12731684.42070085,6150.438437479702,1984.4833228733075,20.561475412279616,42.77581139119352,59.54855169804455,1.5227202548656282,44.34573782095048,36.33570249394532,0.3037399981834165,56.947888135775045,70.93838249613505,34.33777575491474,98.74724095915693,34.085862155972194,106.08647729561788,57.69120222142628,81.17198131416566,59.67339429820211
66.66666666666667,500.0,12731684.42070085,6150.438437479702,1984.4833228733075,20.561475412279616,42.77581139119352,59.54855169804455,1.5227202548656282,0.3037399981834165,56.947888135775045,44.34573782095048,36.33570249394532,70.93838249613505,34.33777575491474,98.74724095915693,34.085862155972194,81.17198131416566,59.67339429820211,106.08647729561788,57.69120222142628
66.66666666666667,500.0,12731684.42070085,6150.438437479702,1984.4833228733075,59.54855169804455,1.5227202548656282,44.34573782095048,36.33570249394532,0.3037399981834165,56.947888135775045,20.561475412279616,42.77581139119352,98.74724095915693,34.085862155972194,106.08647729561788,57.69120222142628,81.17198131416566,59.67339429820211,70.93838249613505,34.33777575491474
66.66666666666667,500.0,12731684.42070085,6150.438437479702,1984.4833228733075,59.54855169804455,1.5227202548656282,44.34573782095048,36.33570249394532,20.561475412279616,42.77581139119352,0.3037399981834165,56.947888135775045,98.74724095915693,34.085862155972194,106.08647729561788,57.69120222142628,70.93838249613505,34.33777575491474,81.17198131416566,59.67339429820211
66.66666666666667,500.0,12731684.42070085,6150.438437479702,1984.4833228733075,59.54855169804455,1.5227202548656282,0.3037399981834165,56.947888135775045,44.34573782095048,36.33570249394532,20.561475412279616,42.77581139119352,98.74724095915693,34.085862155972194,81.17198131416566,59.67339429820211,106.08647729561788,57.69120222142628,70.93838249613505,34.33777575491474
66.66666666666667,500.0,12731684.42070085,6150.438437479702,1984.4833228733075,59.54855169804455,1.5227202548656282,0.3037399981834165,56.947888135775045,20.561475412279616,42.77581139119352,44.34573782095048,36.33570249394532,98.74724095915693,34.085862155972194,81.17198131416566,59.67339429820211,70.93838249613505,34.33777575491474,106.08647729561788,57.69120222142628
66.66666666666667,500.0,12731684.42070085,6150.438437479702,1984.4833228733075,59.54855169804455,1.5227202548656282,20.561475412279616,42.77581139119352,44.34573782095048,36.33570249394532,0.3037399981834165,56.947888135775045,98.74724095915693,34.085862155972194,70.93838249613505,34.33777575491474,106.08647729561788,57.69120222142628,81.17198131416566,59.67339429820211
66.66666666666667,500.0,12731684.42070085,6150.438437479702,1984.4833228733075,59.54855169804455,1.5227202548656282,20.561475412279616,42.77581139119352,0.3037399981834165,56.947888135775045,44.34573782095048,36.33570249394532,98.74724095915693,34.085862155972194,70.93838249613505,34.33777575491474,81.17198131416566,59.67339429820211,106.08647729561788,57.69120222142628
80.0,500.0,25073290.782299776,6076.193716823957,3910.542641503432,12.185706071055533,9.871360616351224,38.18921908201288,21.308982164732328,2.5780299027295883,43.858517242007046,58.72518985345108,37.79540027620673,65.93598746521887,39.250481698449214,94.19165556769129,23.474162457372948,88.89556365691365,50.65712763711623,110.9355052449742,39.45797324327209
80.0,500.0,25073290.782299776,6076.193716823957,3910.542641503432,12.185706071055533,9.871360616351224,58.72518985345108,37.79540027620673,38.18921908201288,21.308982164732328,2.5780299027295883,43.858517242007046,65.93598746521887,39.250481698449214,110.9355052449742,39.45797324327209,94.19165556769129,23.474162457372948,88.89556365691365,50.65712763711623
80.0,500.0,25073290.782299776,6076.193716823957,3910.542641503432,12.185706071055533,9.871360616351224,58.72518985345108,37.79540027620673,2.5780299027295883,43.858517242007046,38.18921908201288,21.308982164732328,65.93598746521887,39.250481698449214,110.9355052449742,39.45797324327209,88.89556365691365,50.65712763711623,94.19165556769129,23.474162457372948
80.0,500.0,25073290.782299776,6076.193716823957,3910.542641503432,12.185706071055533,9.871360616351224,2.5780299027295883,43.858517242007046,38.18921908201288,21.308982164732328,58.72518985345108,37.79540027620673,65.93598746521887,39.250481698449214,88.89556365691365,50.65712763711623,94.19165556769129,23.474162457372948,110.9355052449742,39.45797324327209
80.0,500.0,25073290.782299776,6076.193716823957,3910.542641503432,12.185706071055533,9.871360616351224,2.5780299027295883,43.858517242007046,58.72518985345108,37.79540027620673,38.18921908201288,21.308982164732328,65.93598746521887,39.250481698449214,88.89556365691365,50.65712763711623,110.9355052449742,39.45797324327209,94.19165556769129,23.474162457372948
80.0,500.0,25073290.782299776,6076.193716823957,3910.542641503432,38.18921908201288,21.308982164732328,12.185706071055533,9.871360616351224,58.72518985345108,37.79540027620673,2.5780299027295883,43.858517242007046,94.19165556769129,23.474162457372948,65.93598746521887,39.250481698449214,110.9355052449742,39.45797324327209,88.89556365691365,50.65712763711623
80.0,500.0,25073290.782299776,6076.193716823957,3910.542641503432,38.18921908201288,21.308982164732328,12.185706071055533,9.871360616351224,2.5780299027295883,43.858517242007046,58.72518985345108,37.79540027620673,94.19165556769129,23.474162457372948,65.93598746521887,39.250481698449214,88.89556365691365,50.65712763711623,110.9355052449742,39.45797324327209
80.0,500.0,25073290.782299776,6076.193716823957,3910.542641503432,38.18921908201288,21.308982164732328,58.72518985345108,37.79540027620673,12.185706071055533,9.871360616351224,2.5780299027295883,43.858517242007046,94.19165556769129,23.474162457372948,110.9355052449742,39.45797324327209,65.93598746521887,39.250481698449214,88.89556365691365,50.65712763711623
80.0,500.0,25073290.782299776,6076.193716823957,3910.542641503432,38.18921908201288,21.308982164732328,58.72518985345108,37.79540027620673,2.5780299027295883,43.858517242007046,12.185706071055533,9.871360616351224,94.19165556769129,23.474162457372948,110.9355052449742,39.45797324327209,88.89556365691365,50.65712763711623,65.93598746521887,39.250481698449214
80.0,500.0,25073290.782299776,6076.193716823957,3910.542641503432,38.18921908201288,21.308982164732328,2.5780299027295883,43.858517242007046,12.185706071055533,9.871360616351224,58.72518985345108,37.79540027620673,94.19165556769129,23.474162457372948,88.89556365691365,50.65712763711623,65.93598746521887,39.250481698449214,110.9355052449742,39.45797324327209
80.0,500.0,25073290.782299776,6076.193716823957,3910.542641503432,38.18921908201288,21.308982164732328,2.5780299027295883,43.858517242007046,58.72518985345108,37.79540027620673,12.185706071055533,9.871360616351224,94.19165556769129,23.474162457372948,88.89556365691365,50.65712763711623,110.9355052449742,39.45797324327209,65.93598746521887,39.250481698449214
80.0,500.0,25073290.782299776,6076.193716823957,3910.542641503432,58.72518985345108,37.79540027620673,12.185706071055533,9.871360616351224,38.18921908201288,21.308982164732328,2.5780299027295883,43.858517242007046,110.9355052449742,39.45797324327209,65.93598746521887,39.250481698449214,94.19165556769129,23.474162457372948,88.89556365691365,50.65712763711623
80.0,500.0,25073290.782299776,6076.193716823957,3910.542641503432,58.72518985345108,37.79540027620673,12.185706071055533,9.871360616351224,2.5780299027295883,43.858517242007046,38.18921908201288,21.308982164732328,110.9355052449742,39.45797324327209,65.93598746521887,39.250481698449214,88.89556365691365,50.65712763711623,94.19165556769129,23.474162457372948
80.0,500.0,25073290.782299776,6076.193716823957,3910.542641503432,58.72518985345108,37.79540027620673,38.18921908201288,21.308982164732328,12.185706071055533,9.871360616351224,2.5780299027295883,43.858517242007046,110.9355052449742,39.45797324327209,94.19165556769129,23.474162457372948,65.93598746521887,39.250481698449214,88.89556365691365,50.65712763711623
80.0,500.0,25073290.782299776,6076.193716823957,3910.542641503432,58.72518985345108,37.79540027620673,38.18921908201288,21.308982164732328,2.5780299027295883,43.858517242007046,12.185706071055533,9.871360616351224,110.9355052449742,39.45797324327209,94.19165556769129,23.474162457372948,88.89556365691365,50.65712763711623,65.93598746521887,39.250481698449214
80.0,500.0,25073290.782299776,6076.193716823957,3910.542641503432,58.72518985345108,37.79540027620673,2.5780299027295883,43.858517242007046,12.185706071055533,9.871360616351224,38.18921908201288,21.308982164732328,110.9355052449742,39.45797324327209,88.89556365691365,50.65712763711623,65.93598746521887,39.250481698449214,94.19165556769129,23.474162457372948
80.0,500.0,25073290.782299776,6076.193716823957,3910.542641503432,58.72518985345108,37.79540027620673,2.5780299027295883,43.858517242007046,38.18921908201288,21.308982164732328,12.185706071055533,9.871360616351224,110.9355052449742,39.45797324327209,88.89556365691365,50.65712763711623,94.19165556769129,23.474162457372948,65.93598746521887,39.250481698449214
80.0,500.0,25073290.782299776,6076.193716823957,3910.542641503432,2.5780299027295883,43.858517242007046,12.185706071055533,9.871360616351224,38.18921908201288,21.308982164732328,58.72518985345108,37.79540027620673,88.89556365691365,50.65712763711623,65.93598746521887,39.250481698449214,94.19165556769129,23.474162457372948,110.9355052449742,39.45797324327209
80.0,500.0,25073290.782299776,6076.193716823957,3910.542641503432,2.5780299027295883,43.858517242007046,12.185706071055533,9.871360616351224,58.72518985345108,37.79540027620673,38.18921908201288,21.308982164732328,88.89556365691365,50.65712763711623,65.93598746521887,39.250481698449214,110.9355052449742,39.45797324327209,94.19165556769129,23.474162457372948
80.0,500.0,25073290.782299776,6076.193716823957,3910.542641503432,2.5780299027295883,43.858517242007046,38.18921908201288,21.308982164732328,12.185706071055533,9.871360616351224,58.72518985345108,37.79540027620673,88.89556365691365,50.65712763711623,94.19165556769129,23.474162457372948,65.93598746521887,39.250481698449214,110.9355052449742,39.45797324327209
80.0,500.0,25073290.782299776,6076.193716823957,3910.542641503432,2.5780299027295883,43.858517242007046,38.18921908201288,21.308982164732328,58.72518985345108,37.79540027620673,12.185706071055533,9.871360616351224,88.89556365691365,50.65712763711623,94.19165556769129,23.474162457372948,110.9355052449742,39.45797324327209,65.93598746521887,39.250481698449214
80.0,500.0,25073290.782299776,6076.193716823957,3910.542641503432,2.5780299027295883,43.858517242007046,58.72518985345108,37.79540027620673,12.185706071055533,9.871360616351224,38.18921908201288,21.308982164732328,88.89556365691365,50.65712763711623,110.9355052449742,39.45797324327209,65.93598746521887,39.250481698449214,94.19165556769129,23.474162457372948
80.0,500.0,25073290.782299776,6076.193716823957,3910.542641503432,2.5780299027295883,43.858517242007046,58.72518985345108,37.79540027620673,38.18921908201288,21.308982164732328,12.185706071055533,9.871360616351224,88.89556365691365,50.65712763711623,110.9355052449742,39.45797324327209,94.19165556769129,23.474162457372948,65.93598746521887,39.250481698449214
80.0,500.0,15700207.37008553,5822.3782640209765,2520.3809661508312,35.82627493799728,53.58846969708266,43.20819699126219,7.507231169927746,12.730123982247626,51.94818559507895,11.735130422584266,27.941518173983763,110.79913887106436,23.06738067484216,87.5816073369772,12.198122055231524,64.75388351483251,43.065198030644126,62.1082394168682,16.754064140609923
80.0,500.0,15700207.37008553,5822.3782640209765,2520.3809661508312,35.82627493799728,53.58846969708266,11.735130422584266,27.941518173983763,43.20819699126219,7.507231169927746,12.730123982247626,51.94818559507895,110.79913887106436,23.06738067484216,62.1082394168682,16.754064140609923,87.5816073369772,12.198122055231524,64.75388351483251,43.065198030644126
80.0,500.0,15700207.37008553,5822.3782640209765,2520.3809661508312,35.82627493799728,53.58846969708266,11.735130422584266,27.941518173983763,12.730123982247626,51.94818559507895,43.20819699126219,7.507231169927746,110.79913887106436,23.06738067484216,62.1082394168682,16.754064140609923,64.75388351483251,43.065198030644126,87.5816073369772,12.198122055231524
80.0,500.0,15700207.37008553,5822.3782640209765,2520.3809661508312,35.82627493799728,53.58846969708266,12.730123982247626,51.94818559507895,43.20819699126219,7.507231169927746,11.735130422584266,27.941518173983763,110.79913887106436,23.06738067484216,64.75388351483251,43.065198030644126,87.5816073369772,12.198122055231524,62.1082394168682,16.754064140609923
80.0,500.0,15700207.37008553,5822.3782640209765,2520.3809661508312,35.82627493799728,53.58846969708266,12.730123982247626,51.94818559507895,11.735130422584266,27.941518173983763,43.20819699126219,7.507231169927746,110.79913887106436,23.06738067484216,64.75388351483251,43.065198030644126,62.1082394168682,16.754064140609923,87.5816073369772,12.198122055231524
80.0,500.0,15700207.37008553,5822.3782640209765,2520.3809661508312,43.20819699126219,7.507231169927746,35.82627493799728,53.58846969708266,11.735130422584266,27.941518173983763,12.730123982247626,51.94818559507895,87.5816073369772,12.198122055231524,110.79913887106436,23.06738067484216,62.1082394168682,16.754064140609923,64.75388351483251,43.065198030644126
80.0,500.0,15700207.37008553,5822.3782640209765,2520.3809661508312,43.20819699126219,7.507231169927746,35.82627493799728,53.58846969708266,12.730123982247626,51.94818559507895,11.735130422584266,27.941518173983763,87.5816073369772,12.198122055231524,110.79913887106436,23.06738067484216,64.75388351483251,43.065198030644126,62.1082394168682,16.754064140609923
80.0,500.0,15700207.37008553,5822.3782640209765,2520.3809661508312,43.20819699126219,7.507231169927746,11.735130422584266,27.941518173983763,35.82627493799728,53.58846969708266,12.730123982247626,51.94818559507895,87.5816073369772,12.198122055231524,62.1082394168682,16.754064140609923,110.79913887106436,23.06738067484216,64.75388351483251,43.065198030644126
80.0,500.0,15700207.37008553,5822.3782640209765,2520.3809661508312,43.20819699126219,7.507231169927746,11.735130422584266,27.941518173983763,12.730123982247626,51.94818559507895,35.82627493799728,53.58846969708266,87.5816073369772,12.198122055231524,62.1082394168682,16.754064140609923,64.75388351483251,43.065198030644126,110.79913887106436,23.06738067484216
80.0,500.0,15700207.37008553,5822.3782640209765,2520.3809661508312,43.20819699126219,7.507231169927746,12.730123982247626,51.94818559507895,35.82627493799728,53.58846969708266,11.735130422584266,27.941518173983763,87.5816073369772,12.198122055231524,64.75388351483251,43.065198030644126,110.79913887106436,23.06738067484216,62.1082394168682,16.754064140609923
80.0,500.0,15700207.37008553,5822.3782640209765,2520.3809661508312,43.20819699126219,7.507231169927746,12.730123982247626,51.94818559507895,11.735130422584266,27.941518173983763,35.82627493799728,53.58846969708266,87.5816073369772,12.198122055231524,64.75388351483251,43.065198030644126,62.1082394168682,16.754064140609923,110.79913887106436,23.06738067484216
80.0,500.0,15700207.37008553,5822.3782640209765,2520.3809661508312,11.735130422584266,27.941518173983763,35.82627493799728,53.58846969708266,43.20819699126219,7.507231169927746,12.730123982247626,51.94818559507895,62.1082394168682,16.754064140609923,110.79913887106436,23.06738067484216,87.5816073369772,12.198122055231524,64.75388351483251,43.065198030644126
80.0,500.0,15700207.37008553,5822.3782640209765,2520.3809661508312,11.735130422584266,27.941518173983763,35.82627493799728,53.58846969708266,12.730123982247626,51.94818559507895,43.20819699126219,7.507231169927746,62.1082394168682,16.754064140609923,110.79913887106436,23.06738067484216,64.75388351483251,43.065198030644126,87.5816073369772,12.198122055231524
80.0,500.0,15700207.37008553,5822.3782640209765,2520.3809661508312,11.735130422584266,27.941518173983763,43.20819699126219,7.507231169927746,35.82627493799728,53.58846969708266,12.730123982247626,51.94818559507895,62.1082394168682,16.754064140609923,87.5816073369772,12.198122055231524,110.79913887106436,23.06738067484216,64.75388351483251,43.065198030644126
80.0,500.0,15700207.37008553,5822.3782640209765,2520.3809661508312,11.735130422584266,27.941518173983763,43.20819699126219,7.507231169927746,12.730123982247626,51.94818559507895,35.82627493799728,53.58846969708266,62.1082394168682,16.754064140609923,87.5816073369772,12.198122055231524,64.75388351483251,43.065198030644126,110.79913887106436,23.06738067484216
80.0,500.0,15700207.37008553,5822.3782640209765,2520.3809661508312,11.735130422584266,27.941518173983763,12.730123982247626,51.94818559507895,35.82627493799728,53.58846969708266,43.20819699126219,7.507231169927746,62.1082394168682,16.754064140609923,64.75388351483251,43.065198030644126,110.79913887106436,23.06738067484216,87.5816073369772,12.198122055231524
80.0,500.0,15700207.37008553,5822.3782640209765,2520.3809661508312,11.735130422584266,27.941518173983763,12.730123982247626,51.94818559507895,43.20819699126219,7.507231169927746,35.82627493799728,53.58846969708266,62.1082394168682,16.754064140609923,64.75388351483251,43.065198030644126,87.5816073369772,12.198122055231524,110.79913887106436,23.06738067484216
80.0,500.0,15700207.37008553,5822.3782640209765,2520.3809661508312,12.730123982247626,51.94818559507895,35.82627493799728,53.58846969708266,43.20819699126219,7.507231169927746,11.735130422584266,27.941518173983763,64.75388351483251,43.065198030644126,110.79913887106436,23.06738067484216,87.5816073369772,12.198122055231524,62.1082394168682,16.754064140609923
80.0,500.0,15700207.37008553,5822.3782640209765,2520.3809661508312,12.730123982247626,51.94818559507895,35.82627493799728,53.58846969708266,11.735130422584266,27.941518173983763,43.20819699126219,7.507231169927746,64.75388351483251,43.065198030644126,110.79913887106436,23.06738067484216,62.1082394168682,16.754064140609923,87.5816073369772,12.198122055231524
80.0,500.0,15700207.37008553,5822.3782640209765,2520.3809661508312,12.730123982247626,51.94818559507895,43.20819699126219,7.507231169927746,35.82627493799728,53.58846969708266,11.735130422584266,27.941518173983763,64.75388351483251,43.065198030644126,87.5816073369772,12.198122055231524,110.79913887106436,23.06738067484216,62.1082394168682,16.754064140609923
80.0,500.0,15700207.37008553,5822.3782640209765,2520.3809661508312,12.730123982247626,51.94818559507895,43.20819699126219,7.507231169927746,11.735130422584266,27.941518173983763,35.82627493799728,53.58846969708266,64.75388351483251,43.065198030644126,87.5816073369772,12.198122055231524,62.1082394168682,16.754064140609923,110.79913887106436,23.06738067484216
80.0,500.0,15700207.37008553,5822.3782640209765,2520.3809661508312,12.730123982247626,51.94818559507895,11.735130422584266,27.941518173983763,35.82627493799728,53.58846969708266,43.20819699126219,7.507231169927746,64.75388351483251,43.065198030644126,62.1082394168682,16.754064140609923,110.79913887106436,23.06738067484216,87.5816073369772,12.198122055231524
80.0,500.0,15700207.37008553,5822.3782640209765,2520.3809661508312,12.730123982247626,51.94818559507895,11.735130422584266,27.941518173983763,43.20819699126219,7.507231169927746,35.82627493799728,53.58846969708266,64.75388351483251,43.065198030644126,62.1082394168682,16.754064140609923,87.5816073369772,12.198122055231524,110.79913887106436,23.06738067484216
80.0,500.0,27491604.467598516,6781.416556301699,3976.816996970057,54.54792674276843,52.36671813014358,26.083593019704068,55.73514920181355,53.37758006349498,9.829793063811872,7.387638858235346,41.06335839119891,106.44974696593628,31.17310897849913,78.98434279501548,44.53367707636303,86.18427529798072,22.657488850786542,65.26443752229582,19.279262285104775
80.0,500.0,27491604.467598516,6781.416556301699,3976.816996970057,54.54792674276843,52.36671813014358,7.387638858235346,41.06335839119891,26.083593019704068,55.73514920181355,53.37758006349498,9.829793063811872,106.44974696593628,31.17310897849913,65.26443752229582,19.279262285104775,78.98434279501548,44.53367707636303,86.18427529798072,22.657488850786542
80.0,500.0,27491604.467598516,6781.416556301699,3976.816996970057,54.54792674276843,52.36671813014358,7.387638858235346,41.06335839119891,53.37758006349498,9.829793063811872,26.083593019704068,55.73514920181355,106.44974696593628,31.17310897849913,65.26443752229582,19.279262285104775,86.18427529798072,22.657488850786542,78.98434279501548,44.53367707636303
80.0,500.0,27491604.467598516,6781.416556301699,3976.816996970057,54.54792674276843,52.36671813014358,53.37758006349498,9.829793063811872,26.083593019704068,55.73514920181355,7.387638858235346,41.06335839119891,106.44974696593628,31.17310897849913,86.18427529798072,22.657488850786542,78.98434279501548,44.53367707636303,65.26443752229582,19.279262285104775
80.0,500.0,27491604.467598516,6781.416556301699,3976.816996970057,54.54792674276843,52.36671813014358,53.37758006349498,9.829793063811872,7.387638858235346,41.06335839119891,26.083593019704068,55.73514920181355,106.44974696593628,31.17310897849913,86.18427529798072,22.657488850786542,65.26443752229582,19.279262285104775,78.98434279501548,44.53367707636303
80.0,500.0,27491604.467598516,6781.416556301699,3976.816996970057,26.083593019704068,55.73514920181355,54.54792674276843,52.36671813014358,7.387638858235346,41.06335839119891,53.37758006349498,9.829793063811872,78.98434279501548,44.53367707636303,106.44974696593628,31.17310897849913,65.26443752229582,19.279262285104775,86.18427529798072,22.657488850786542
80.0,500.0,27491604.467598516,6781.416556301699,3976.816996970057,26.083593019704068,55.73514920181355,54.54792674276843,52.36671813014358,53.37758006349498,9.829793063811872,7.387638858235346,41.06335839119891,78.98434279501548,44.53367707636303,106.44974696593628,31.17310897849913,86.18427529798072,22.657488850786542,65.26443752229582,19.279262285104775
80.0,500.0,27491604.467598516,6781.416556301699,3976.816996970057,26.083593019704068,55.73514920181355,7.387638858235346,41.06335839119891,54.54792674276843,52.36671813014358,53.37758006349498,9.829793063811872,78.98434279501548,44.53367707636303,65.26443752229582,19.279262285104775,106.44974696593628,31.17310897849913,86.18427529798072,22.657488850786542
80.0,500.0,27491604.467598516,6781.416556301699,3976.816996970057,26.083593019704068,55.73514920181355,7.387638858235346,41.06335839119891,53.37758006349498,9.829793063811872,54.54792674276843,52.36671813014358,78.98434279501548,44.53367707636303,65.26443752229582,19.279262285104775,86.18427529798072,22.657488850786542,106.44974696593628,31.17310897849913
80.0,500.0,27491604.467598516,6781.416556301699,3976.816996970057,26.083593019704068,55.73514920181355,53.37758006349498,9.829793063811872,54.54792674276843,52.36671813014358,7.387638858235346,41.06335839119891,78.98434279501548,44.53367707636303,86.18427529798072,22.657488850786542,106.44974696593628,31.17310897849913,65.26443752229582,19.279262285104775
80.0,500.0,27491604.467598516,6781.416556301699,3976.816996970057,26.083593019704068,55.73514920181355,53.37758006349498,9.829793063811872,7.387638858235346,41.06335839119891,54.54792674276843,52.36671813014358,78.98434279501548,44.53367707636303,86.18427529798072,22.657488850786542,65.26443752229582,19.279262285104775,106.44974696593628,31.17310897849913
80.0,500.0,27491604.467598516,6781.416556301699,3976.816996970057,7.387638858235346,41.06335839119891,54.54792674276843,52.36671813014358,26.083593019704068,55.73514920181355,53.37758006349498,9.829793063811872,65.26443752229582,19.279262285104775,106.44974696593628,31.17310897849913,78.98434279501548,44.53367707636303,86.18427529798072,22.657488850786542
80.0,500.0,27491604.467598516,6781.416556301699,3976.816996970057,7.387638858235346,41.06335839119891,54.54792674276843,52.36671813014358,53.37758006349498,9.829793063811872,26.083593019704068,55.73514920181355,65.26443752229582,19.279262285104775,106.44974696593628,31.17310897849913,86.18427529798072,22.657488850786542,78.98434279501548,44.53367707636303
80.0,500.0,27491604.467598516,6781.416556301699,3976.816996970057,7.387638858235346,41.06335839119891,26.083593019704068,55.73514920181355,54.54792674276843,52.36671813014358,53.37758006349498,9.829793063811872,65.26443752229582,19.279262285104775,78.98434279501548,44.53367707636303,106.44974696593628,31.17310897849913,86.18427529798072,22.657488850786542
80.0,500.0,27491604.467598516,6781.416556301699,3976.816996970057,7.387638858235346,41.06335839119891,26.083593019704068,55.73514920181355,53.37758006349498,9.829793063811872,54.54792674276843,52.36671813014358,65.26443752229582,19.279262285104775,78.98434279501548,44.53367707636303,86.18427529798072,22.657488850786542,106.44974696593628,31.17310897849913
80.0,500.0,27491604.467598516,6781.416556301699,3976.816996970057,7.387638858235346,41.06335839119891,53.37758006349498,9.829793063811872,54.54792674276843,52.36671813014358,26.083593019704068,55.73514920181355,65.26443752229582,19.279262285104775,86.18427529798072,22.657488850786542,106.44974696593628,31.17310897849913,78.98434279501548,44.53367707636303
80.0,500.0,27491604.467598516,6781.416556301699,3976.816996970057,7.387638858235346,41.06335839119891,53.37758006349498,9.829793063811872,26.083593019704068,55.73514920181355,54.54792674276843,52.36671813014358,65.26443752229582,19.279262285104775,86.18427529798072,22.657488850786542,78.98434279501548,44.53367707636303,106.44974696593628,31.17310897849913
80.0,500.0,27491604.467598516,6781.416556301699,3976.816996970057,53.37758006349498,9.829793063811872,54.54792674276843,52.36671813014358,26.083593019704068,55.73514920181355,7.387638858235346,41.06335839119891,86.18427529798072,22.657488850786542,106.44974696593628,31.17310897849913,78.98434279501548,44.53367707636303,65.26443752229582,19.279262285104775
80.0,500.0,27491604.467598516,6781.416556301699,3976.816996970057,53.37758006349498,9.829793063811872,54.54792674276843,52.36671813014358,7.387638858235346,41.06335839119891,26.083593019704068,55.73514920181355,86.18427529798072,22.657488850786542,106.44974696593628,31.17310897849913,65.26443752229582,19.279262285104775,78.98434279501548,44.53367707636303
80.0,500.0,27491604.467598516,6781.416556301699,3976.816996970057,53.37758006349498,9.829793063811872,26.083593019704068,55.73514920181355,54.54792674276843,52.36671813014358,7.387638858235346,41.06335839119891,86.18427529798072,22.657488850786542,78.98434279501548,44.53367707636303,106.44974696593628,31.17310897849913,65.26443752229582,19.279262285104775
80.0,500.0,27491604.467598516,6781.416556301699,3976.816996970057,53.37758006349498,9.829793063811872,26.083593019704068,55.73514920181355,7.387638858235346,41.06335839119891,54.54792674276843,52.36671813014358,86.18427529798072,22.657488850786542,78.98434279501548,44.53367707636303,65.26443752229582,19.279262285104775,106.44974696593628,31.17310897849913
80.0,500.0,27491604.467598516,6781.416556301699,3976.816996970057,53.37758006349498,9.829793063811872,7.387638858235346,41.06335839119891,54.54792674276843,52.36671813014358,26.083593019704068,55.73514920181355,86.18427529798072,22.657488850786542,65.26443752229582,19.279262285104775,106.44974696593628,31.17310897849913,78.98434279501548,44.53367707636303
80.0,500.0,27491604.467598516,6781.416556301699,3976.816996970057,53.37758006349498,9.829793063811872,7.387638858235346,41.06335839119891,26.083593019704068,55.73514920181355,54.54792674276843,52.36671813014358,86.18427529798072,22.657488850786542,65.26443752229582,19.279262285104775,78.98434279501548,44.53367707636303,106.44974696593628,31.17310897849913
80.0,500.0,11847020.32174234,6175.495707390696,1696.0176655014295,56.55109035401546,42.16580384118928,1.3107137636651212,1.4520721328146746,25.28609564503224,25.513188285786125,28.47421354476287,46.709608125055446,105.98160542964568,34.51756663790722,64.17911846976011,16.97137990213468,106.06740383091577,8.245526408439954,78.82632534540376,36.94449710052674
80.0,500.0,11847020.32174234,6175.495707390696,1696.0176655014295,56.55109035401546,42.16580384118928,28.47421354476287,46.709608125055446,1.3107137636651212,1.4520721328146746,25.28609564503224,25.513188285786125,105.98160542964568,34.51756663790722,78.82632534540376,36.94449710052674,64.17911846976011,16.97137990213468,106.06740383091577,8.245526408439954
80.0,500.0,11847020.32174234,6175.495707390696,1696.0176655014295,56.55109035401546,42.16580384118928,28.47421354476287,46.709608125055446,25.28609564503224,25.513188285786125,1.3107137636651212,1.4520721328146746,105.98160542964568,34.51756663790722,78.82632534540376,36.94449710052674,106.06740383091577,8.245526408439954,64.17911846976011,16.97137990213468
80.0,500.0,11847020.32174234,6175.495707390696,1696.0176655014295,56.55109035401546,42.16580384118928,25.28609564503224,25.513188285786125,1.3107137636651212,1.4520721328146746,28.47421354476287,46.709608125055446,105.98160542964568,34.51756663790722,106.06740383091577,8.245526408439954,64.17911846976011,16.97137990213468,78.82632534540376,36.94449710052674
80.0,500.0,11847020.32174234,6175.495707390696,1696.0176655014295,56.55109035401546,42.16580384118928,25.28609564503224,25.513188285786125,28.47421354476287,46.709608125055446,1.3107137636651212,1.4520721328146746,105.98160542964568,34.51756663790722,106.06740383091577,8.245526408439954,78.82632534540376,36.94449710052674,64.17911846976011,16.97137990213468
80.0,500.0,11847020.32174234,6175.495707390696,1696.0176655014295,1.3107137636651212,1.4520721328146746,56.55109035401546,42.16580384118928,28.47421354476287,46.709608125055446,25.28609564503224,25.513188285786125,64.17911846976011,16.97137990213468,105.98160542964568,34.51756663790722,78.82632534540376,36.94449710052674,106.06740383091577,8.245526408439954
80.0,500.0,11847020.32174234,6175.495707390696,1696.0176655014295,1.3107137636651212,1.4520721328146746,56.55109035401546,42.16580384118928,25.28609564503224,25.513188285786125,28.47421354476287,46.709608125055446,64.17911846976011,16.97137990213468,105.98160542964568,34.51756663790722,106.06740383091577,8.245526408439954,78.82632534540376,36.94449710052674
80.0,500.0,11847020.32174234,6175.495707390696,1696.0176655014295,1.3107137636651212,1.4520721328146746,28.47421354476287,46.709608125055446,56.55109035401546,42.16580384118928,25.28609564503224,25.513188285786125,64.17911846976011,16.97137990213468,78.82632534540376,36.94449710052674,105.98160542964568,34.51756663790722,106.06740383091577,8.245526408439954
80.0,500.0,11847020.32174234,6175.495707390696,1696.0176655014295,1.3107137636651212,1.4520721328146746,28.47421354476287,46.709608125055446,25.28609564503224,25.513188285786125,56.55109035401546,42.16580384118928,64.17911846976011,16.97137990213468,78.82632534540376,36.94449710052674,106.06740383091577,8.245526408439954,105.98160542964568,34.51756663790722
80.0,500.0,11847020.32174234,6175.495707390696,1696.0176655014295,1.3107137636651212,1.4520721328146746,25.28609564503224,25.513188285786125,56.55109035401546,42.16580384118928,28.47421354476287,46.709608125055446,64.17911846976011,16.97137990213468,106.06740383091577,8.245526408439954,105.98160542964568,34.51756663790722,78.82632534540376,36.94449710052674
80.0,500.0,11847020.32174234,6175.495707390696,1696.0176655014295,1.3107137636651212,1.4520721328146746,25.28609564503224,25.513188285786125,28.47421354476287,46.709608125055446,56.55109035401546,42.16580384118928,64.17911846976011,16.97137990213468,106.06740383091577,8.245526408439954,78.82632534540376,36.94449710052674,105.98160542964568,34.51756663790722
80.0,500.0,11847020.32174234,6175.495707390696,1696.0176655014295,28.47421354476287,46.709608125055446,56.55109035401546,42.16580384118928,1.3107137636651212,1.4520721328146746,25.28609564503224,25.513188285786125,78.82632534540376,36.94449710052674,105.98160542964568,34.51756663790722,64.17911846976011,16.97137990213468,106.06740383091577,8.245526408439954
80.0,500.0,11847020.32174234,6175.495707390696,1696.0176655014295,28.47421354476287,46.709608125055446,56.55109035401546,42.16580384118928,25.28609564503224,25.513188285786125,1.3107137636651212,1.4520721328146746,78.82632534540376,36.94449710052674,105.98160542964568,34.51756663790722,106.06740383091577,8.245526408439954,64.17911846976011,16.97137990213468
80.0,500.0,11847020.32174234,6175.495707390696,1696.0176655014295,28.47421354476287,46.709608125055446,1.3107137636651212,1.4520721328146746,56.55109035401546,42.16580384118928,25.28609564503224,25.513188285786125,78.82632534540376,36.94449710052674,64.17911846976011,16.97137990213468,105.98160542964568,34.51756663790722,106.06740383091577,8.245526408439954
80.0,500.0,11847020.32174234,6175.495707390696,1696.0176655014295,28.47421354476287,46.709608125055446,1.3107137636651212,1.4520721328146746,25.28609564503224,25.513188285786125,56.55109035401546,42.16580384118928,78.82632534540376,36.94449710052674,64.17911846976011,16.97137990213468,106.06740383091577,8.245526408439954,105.98160542964568,34.51756663790722
80.0,500.0,11847020.32174234,6175.495707390696,1696.0176655014295,28.47421354476287,46.709608125055446,25.28609564503224,25.513188285786125,56.55109035401546,42.16580384118928,1.3107137636651212,1.4520721328146746,78.82632534540376,36.94449710052674,106.06740383091577,8.245526408439954,105.98160542964568,34.51756663790722,64.17911846976011,16.97137990213468
80.0,500.0,11847020.32174234,6175.495707390696,1696.0176655014295,28.47421354476287,46.709608125055446,25.28609564503224,25.513188285786125,1.3107137636651212,1.4520721328146746,56.55109035401546,42.16580384118928,78.82632534540376,36.94449710052674,106.06740383091577,8.245526408439954,64.17911846976011,16.97137990213468,105.98160542964568,34.51756663790722
80.0,500.0,11847020.32174234,6175.495707390696,1696.0176655014295,25.28609564503224,25.513188285786125,56.55109035401546,42.16580384118928,1.3107137636651212,1.4520721328146746,28.47421354476287,46.709608125055446,106.06740383091577,8.245526408439954,105.98160542964568,34.51756663790722,64.17911846976011,16.97137990213468,78.82632534540376,36.94449710052674
80.0,500.0,11847020.32174234,6175.495707390696,1696.0176655014295,25.28609564503224,25.513188285786125,56.55109035401546,42.16580384118928,28.47421354476287,46.709608125055446,1.3107137636651212,1.4520721328146746,106.06740383091577,8.245526408439954,105.98160542964568,34.51756663790722,78.82632534540376,36.94449710052674,64.17911846976011,16.97137990213468
80.0,500.0,11847020.32174234,6175.495707390696,1696.0176655014295,25.28609564503224,25.513188285786125,1.3107137636651212,1.4520721328146746,56.55109035401546,42.16580384118928,28.47421354476287,46.709608125055446,106.06740383091577,8.245526408439954,64.17911846976011,16.97137990213468,105.98160542964568,34.51756663790722,78.82632534540376,36.94449710052674
80.0,500.0,11847020.32174234,6175.495707390696,1696.0176655014295,25.28609564503224,25.513188285786125,1.3107137636651212,1.4520721328146746,28.47421354476287,46.709608125055446,56.55109035401546,42.16580384118928,106.06740383091577,8.245526408439954,64.17911846976011,16.97137990213468,78.82632534540376,36.94449710052674,105.98160542964568,34.51756663790722
80.0,500.0,11847020.32174234,6175.495707390696,1696.0176655014295,25.28609564503224,25.513188285786125,28.47421354476287,46.709608125055446,56.55109035401546,42.16580384118928,1.3107137636651212,1.4520721328146746,106.06740383091577,8.245526408439954,78.82632534540376,36.94449710052674,105.98160542964568,34.51756663790722,64.17911846976011,16.97137990213468
80.0,500.0,11847020.32174234,6175.495707390696,1696.0176655014295,25.28609564503224,25.513188285786125,28.47421354476287,46.709608125055446,1.3107137636651212,1.4520721328146746,56.55109035401546,42.16580384118928,106.06740383091577,8.245526408439954,78.82632534540376,36.94449710052674,64.17911846976011,16.97137990213468,105.98160542964568,34.51756663790722
80.0,500.0,21114994.339757275,6378.423853192784,3176.8810086386525,26.29761949961138,10.622057669513667,8.159263100887744,35.044372623225776,51.436652017042434,17.332232140959412,56.50747002159251,44.56407627355854,61.02333722930538,30.92526817568013,81.1283914828312,48.90850248656594,79.38890606916289,10.368782257261053,110.19729212672804,18.99672025113368
80.0,500.0,21114994.339757275,6378.423853192784,3176.8810086386525,26.29761949961138,10.622057669513667,56.50747002159251,44.56407627355854,8.159263100887744,35.044372623225776,51.436652017042434,17.332232140959412,61.02333722930538,30.92526817568013,110.19729212672804,18.99672025113368,81.1283914828312,48.90850248656594,79.38890606916289,10.368782257261053
80.0,500.0,21114994.339757275,6378.423853192784,3176.8810086386525,26.29761949961138,10.622057669513667,56.50747002159251,44.56407627355854,51.436652017042434,17.332232140959412,8.159263100887744,35.044372623225776,61.02333722930538,30.92526817568013,110.19729212672804,18.99672025113368,79.38890606916289,10.368782257261053,81.1283914828312,48.90850248656594
80.0,500.0,21114994.339757275,6378.423853192784,3176.8810086386525,26.29761949961138,10.622057669513667,51.436652017042434,17.332232140959412,8.159263100887744,35.044372623225776,56.50747002159251,44.56407627355854,61.02333722930538,30.92526817568013,79.38890606916289,10.368782257261053,81.1283914828312,48.90850248656594,110.19729212672804,18.99672025113368
80.0,500.0,21114994.339757275,6378.423853192784,3176.8810086386525,26.29761949961138,10.622057669513667,51.436652017042434,17.332232140959412,56.50747002159251,44.56407627355854,8.159263100887744,35.044372623225776,61.02333722930538,30.92526817568013,79.38890606916289,10.368782257261053,110.19729212672804,18.99672025113368,81.1283914828312,48.90850248656594
80.0,500.0,21114994.339757275,6378.423853192784,3176.8810086386525,8.159263100887744,35.044372623225776,26.29761949961138,10.622057669513667,56.50747002159251,44.56407627355854,51.436652017042434,17.332232140959412,81.1283914828312,48.90850248656594,61.02333722930538,30.92526817568013,110.19729212672804,18.99672025113368,79.38890606916289,10.368782257261053
80.0,500.0,21114994.339757275,6378.423853192784,3176.8810086386525,8.159263100887744,35.044372623225776,26.29761949961138,10.622057669513667,51.436652017042434,17.332232140959412,56.50747002159251,44.56407627355854,81.1283914828312,48.90850248656594,61.02333722930538,30.92526817568013,79.38890606916289,10.368782257261053,110.19729212672804,18.99672025113368
80.0,500.0,21114994.339757275,6378.423853192784,3176.8810086386525,8.159263100887744,35.044372623225776,56.50747002159251,44.56407627355854,26.29761949961138,10.622057669513667,51.436652017042434,17.332232140959412,81.1283914828312,48.90850248656594,110.19729212672804,18.99672025113368,61.02333722930538,30.92526817568013,79.38890606916289,10.368782257261053
80.0,500.0,21114994.339757275,6378.423853192784,3176.8810086386525,8.159263100887744,35.044372623225776,56.50747002159251,44.56407627355854,51.436652017042434,17.332232140959412,26.29761949961138,10.622057669513667,81.1283914828312,48.90850248656594,110.19729212672804,18.99672025113368,79.38890606916289,10.368782257261053,61.02333722930538,30.92526817568013
80.0,500.0,21114994.339757275,6378.423853192784,3176.8810086386525,8.159263100887744,35.044372623225776,51.436652017042434,17.332232140959412,26.29761949961138,10.622057669513667,56.50747002159251,44.56407627355854,81.1283914828312,48.90850248656594,79.38890606916289,10.368782257261053,61.02333722930538,30.92526817568013,110.19729212672804,18.99672025113368
80.0,500.0,21114994.339757275,6378.423853192784,3176.8810086386525,8.159263100887744,35.044372623225776,51.436652017042434,17.332232140959412,56.50747002159251,44.56407627355854,26.29761949961138,10.622057669513667,81.1283914828312,48.90850248656594,79.38890606916289,10.368782257261053,110.19729212672804,18.99672025113368,61.02333722930538,30.92526817568013
80.0,500.0,21114994.339757275,6378.423853192784,3176.8810086386525,56.50747002159251,44.56407627355854,26.29761949961138,10.622057669513667,8.159263100887744,35.044372623225776,51.436652017042434,17.332232140959412,110.19729212672804,18.99672025113368,61.02333722930538,30.92526817568013,81.1283914828312,48.90850248656594,79.38890606916289,10.368782257261053
80.0,500.0,21114994.339757275,6378.423853192784,3176.8810086386525,56.50747002159251,44.56407627355854,26.29761949961138,10.622057669513667,51.436652017042434,17.332232140959412,8.159263100887744,35.044372623225776,110.19729212672804,18.99672025113368,61.02333722930538,30.92526817568013,79.38890606916289,10.368782257261053,81.1283914828312,48.90850248656594
80.0,500.0,21114994.339757275,6378.423853192784,3176.8810086386525,56.50747002159251,44.56407627355854,8.159263100887744,35.044372623225776,26.29761949961138,10.622057669513667,51.436652017042434,17.332232140959412,110.19729212672804,18.99672025113368,81.1283914828312,48.90850248656594,61.02333722930538,30.92526817568013,79.38890606916289,10.368782257261053
80.0,500.0,21114994.339757275,6378.423853192784,3176.8810086386525,56.50747002159251,44.56407627355854,8.159263100887744,35.044372623225776,51.436652017042434,17.332232140959412,26.29761949961138,10.622057669513667,110.19729212672804,18.99672025113368,81.1283914828312,48.90850248656594,79.38890606916289,10.368782257261053,61.02333722930538,30.92526817568013
80.0,500.0,21114994.339757275,6378.423853192784,3176.8810086386525,56.50747002159251,44.56407627355854,51.436652017042434,17.332232140959412,26.29761949961138,10.622057669513667,8.159263100887744,35.044372623225776,110.19729212672804,18.99672025113368,79.38890606916289,10.368782257261053,61.02333722930538,30.92526817568013,81.1283914828312,48.90850248656594
80.0,500.0,21114994.339757275,6378.423853192784,3176.8810086386525,56.50747002159251,44.56407627355854,51.436652017042434,17.332232140959412,8.159263100887744,35.044372623225776,26.29761949961138,10.622057669513667,110.19729212672804,18.99672025113368,79.38890606916289,10.368782257261053,81.1283914828312,48.90850248656594,61.02333722930538,30.92526817568013
80.0,500.0,21114994.339757275,6378.423853192784,3176.8810086386525,51.436652017042434,17.332232140959412,26.29761949961138,10.622057669513667,8.159263100887744,35.044372623225776,56.50747002159251,44.56407627355854,79.38890606916289,10.368782257261053,61.02333722930538,30.92526817568013,81.1283914828312,48.90850248656594,110.19729212672804,18.99672025113368
80.0,500.0,21114994.339757275,6378.423853192784,3176.8810086386525,51.436652017042434,17.332232140959412,26.29761949961138,10.622057669513667,56.50747002159251,44.56407627355854,8.159263100887744,35.044372623225776,79.38890606916289,10.368782257261053,61.02333722930538,30.92526817568013,110.19729212672804,18.99672025113368,81.1283914828312,48.90850248656594
80.0,500.0,21114994.339757275,6378.423853192784,3176.8810086386525,51.436652017042434,17.332232140959412,8.159263100887744,35.044372623225776,26.29761949961138,10.622057669513667,56.50747002159251,44.56407627355854,79.38890606916289,10.368782257261053,81.1283914828312,48.90850248656594,61.02333722930538,30.92526817568013,110.19729212672804,18.99672025113368
80.0,500.0,21114994.339757275,6378.423853192784,3176.8810086386525,51.436652017042434,17.332232140959412,8.159263100887744,35.044372623225776,56.50747002159251,44.56407627355854,26.29761949961138,10.622057669513667,79.38890606916289,10.368782257261053,81.1283914828312,48.90850248656594,110.19729212672804,18.99672025113368,61.02333722930538,30.92526817568013
80.0,500.0,21114994.339757275,6378.423853192784,3176.8810086386525,51.436652017042434,17.332232140959412,56.50747002159251,44.56407627355854,26.29761949961138,10.622057669513667,8.159263100887744,35.044372623225776,79.38890606916289,10.368782257261053,110.19729212672804,18.99672025113368,61.02333722930538,30.92526817568013,81.1283914828312,48.90850248656594
80.0,500.0,21114994.339757275,6378.423853192784,3176.8810086386525,51.436652017042434,17.332232140959412,56.50747002159251,44.56407627355854,8.159263100887744,35.044372623225776,26.29761949961138,10.622057669513667,79.38890606916289,10.368782257261053,110.19729212672804,18.99672025113368,81.1283914828312,48.90850248656594,61.02333722930538,30.92526817568013
80.0,500.0,11971123.87347286,6655.77046048347,1749.3079818944743,25.588670881418164,38.09203944321389,3.4764116466160577,46.7646209904263,19.04502096122945,3.7262675310507687,51.89543429029944,57.23531273787504,93.2416452990252,50.21640940696783,61.47035138304233,43.35219019127784,76.19191273690457,20.98661313624952,117.71038755213328,22.635543353604906
80.0,500.0,11971123.87347286,6655.77046048347,1749.3079818944743,25.588670881418164,38.09203944321389,51.89543429029944,57.23531273787504,3.4764116466160577,46.7646209904263,19.04502096122945,3.7262675310507687,93.2416452990252,50.21640940696783,117.71038755213328,22.635543353604906,61.47035138304233,43.35219019127784,76.19191273690457,20.98661313624952
80.0,500.0,11971123.87347286,6655.77046048347,1749.3079818944743,25.588670881418164,38.09203944321389,51.89543429029944,57.23531273787504,19.04502096122945,3.7262675310507687,3.4764116466160577,46.7646209904263,93.2416452990252,50.21640940696783,117.71038755213328,22.635543353604906,76.19191273690457,20.98661313624952,61.47035138304233,43.35219019127784
80.0,500.0,11971123.87347286,6655.77046048347,1749.3079818944743,25.588670881418164,38.09203944321389,19.04502096122945,3.7262675310507687,3.4764116466160577,46.7646209904263,51.89543429029944,57.23531273787504,93.2416452990252,50.21640940696783,76.19191273690457,20.98661313624952,61.47035138304233,43.35219019127784,117.71038755213328,22.635543353604906
80.0,500.0,11971123.87347286,6655.77046048347,1749.3079818944743,25.588670881418164,38.09203944321389,19.04502096122945,3.7262675310507687,51.89543429029944,57.23531273787504,3.4764116466160577,46.7646209904263,93.2416452990252,50.21640940696783,76.19191273690457,20.98661313624952,117.71038755213328,22.635543353604906,61.47035138304233,43.35219019127784
80.0,500.0,11971123.87347286,6655.77046048347,1749.3079818944743,3.4764116466160577,46.7646209904263,25.588670881418164,38.09203944321389,51.89543429029944,57.23531273787504,19.04502096122945,3.7262675310507687,61.47035138304233,43.35219019127784,93.2416452990252,50.21640940696783,117.71038755213328,22.635543353604906,76.19191273690457,20.98661313624952
80.0,500.0,11971123.87347286,6655.77046048347,1749.3079818944743,3.4764116466160577,46.7646209904263,25.588670881418164,38.09203944321389,19.04502096122945,3.7262675310507687,51.89543429029944,57.23531273787504,61.47035138304233,43.35219019127784,93.2416452990252,50.21640940696783,76.19191273690457,20.98661313624952,117.71038755213328,22.635543353604906
80.0,500.0,11971123.87347286,6655.77046048347,1749.3079818944743,3.4764116466160577,46.7646209904263,51.89543429029944,57.23531273787504,25.588670881418164,38.09203944321389,19.04502096122945,3.7262675310507687,61.47035138304233,43.35219019127784,117.71038755213328,22.635543353604906,93.2416452990252,50.21640940696783,76.19191273690457,20.98661313624952
80.0,500.0,11971123.87347286,6655.77046048347,1749.3079818944743,3.4764116466160577,46.7646209904263,51.89543429029944,57.23531273787504,19.04502096122945,3.7262675310507687,25.588670881418164,38.09203944321389,61.47035138304233,43.35219019127784,117.71038755213328,22.635543353604906,76.19191273690457,20.98661313624952,93.2416452990252,50.21640940696783
80.0,500.0,11971123.87347286,6655.77046048347,1749.3079818944743,3.4764116466160577,46.7646209904263,19.04502096122945,3.7262675310507687,25.588670881418164,38.09203944321389,51.89543429029944,57.23531273787504,61.47035138304233,43.35219019127784,76.19191273690457,20.98661313624952,93.2416452990252,50.21640940696783,117.71038755213328,22.635543353604906
80.0,500.0,11971123.87347286,6655.77046048347,1749.3079818944743,3.4764116466160577,46.7646209904263,19.04502096122945,3.7262675310507687,51.89543429029944,57.23531273787504,25.588670881418164,38.09203944321389,61.47035138304233,43.35219019127784,76.19191273690457,20.98661313624952,117.71038755213328,22.635543353604906,93.2416452990252,50.21640940696783
80.0,500.0,11971123.87347286,6655.77046048347,1749.3079818944743,51.89543429029944,57.23531273787504,25.588670881418164,38.09203944321389,3.4764116466160577,46.7646209904263,19.04502096122945,3.7262675310507687,117.71038755213328,22.635543353604906,93.2416452990252,50.21640940696783,61.47035138304233,43.35219019127784,76.19191273690457,20.98661313624952
80.0,500.0,11971123.87347286,6655.77046048347,1749.3079818944743,51.89543429029944,57.23531273787504,25.588670881418164,38.09203944321389,19.04502096122945,3.7262675310507687,3.4764116466160577,46.7646209904263,117.71038755213328,22.635543353604906,93.2416452990252,50.21640940696783,76.19191273690457,20.98661313624952,61.47035138304233,43.35219019127784
80.0,500.0,11971123.87347286,6655.77046048347,1749.3079818944743,51.89543429029944,57.23531273787504,3.4764116466160577,46.7646209904263,25.588670881418164,38.09203944321389,19.04502096122945,3.7262675310507687,117.71038755213328,22.635543353604906,61.47035138304233,43.35219019127784,93.2416452990252,50.21640940696783,76.19191273690457,20.98661313624952
80.0,500.0,11971123.87347286,6655.77046048347,1749.3079818944743,51.89543429029944,57.23531273787504,3.4764116466160577,46.7646209904263,19.04502096122945,3.7262675310507687,25.588670881418164,38.09203944321389,117.71038755213328,22.635543353604906,61.47035138304233,43.35219019127784,76.19191273690457,20.98661313624952,93.2416452990252,50.21640940696783
80.0,500.0,11971123.87347286,6655.77046048347,1749.3079818944743,51.89543429029944,57.23531273787504,19.04502096122945,3.7262675310507687,25.588670881418164,38.09203944321389,3.4764116466160577,46.7646209904263,117.71038755213328,22.635543353604906,76.19191273690457,20.98661313624952,93.2416452990252,50.21640940696783,61.47035138304233,43.35219019127784
80.0,500.0,11971123.87347286,6655.77046048347,1749.3079818944743,51.89543429029944,57.23531273787504,19.04502096122945,3.7262675310507687,3.4764116466160577,46.7646209904263,25.588670881418164,38.09203944321389,117.71038755213328,22.635543353604906,76.19191273690457,20.98661313624952,61.47035138304233,43.35219019127784,93.2416452990252,50.21640940696783
80.0,500.0,11971123.87347286,6655.77046048347,1749.3079818944743,19.04502096122945,3.7262675310507687,25.588670881418164,38.09203944321389,3.4764116466160577,46.7646209904263,51.89543429029944,57.23531273787504,76.19191273690457,20.98661313624952,93.2416452990252,50.21640940696783,61.47035138304233,43.35219019127784,117.71038755213328,22.635543353604906
80.0,500.0,11971123.87347286,6655.77046048347,1749.3079818944743,19.04502096122945,3.7262675310507687,25.588670881418164,38.09203944321389,51.89543429029944,57.23531273787504,3.4764116466160577,46.7646209904263,76.19191273690457,20.98661313624952,93.2416452990252,50.21640940696783,117.71038755213328,22.635543353604906,61.47035138304233,43.35219019127784
80.0,500.0,11971123.87347286,6655.77046048347,1749.3079818944743,19.04502096122945,3.7262675310507687,3.4764116466160577,46.7646209904263,25.588670881418164,38.09203944321389,51.89543429029944,57.23531273787504,76.19191273690457,20.98661313624952,61.47035138304233,43.35219019127784,93.2416452990252,50.21640940696783,117.71038755213328,22.635543353604906
80.0,500.0,11971123.87347286,6655.77046048347,1749.3079818944743,19.04502096122945,3.7262675310507687,3.4764116466160577,46.7646209904263,51.89543429029944,57.23531273787504,25.588670881418164,38.09203944321389,76.19191273690457,20.98661313624952,61.47035138304233,43.35219019127784,117.71038755213328,22.635543353604906,93.2416452990252,50.21640940696783
80.0,500.0,11971123.87347286,6655.77046048347,1749.3079818944743,19.04502096122945,3.7262675310507687,51.89543429029944,57.23531273787504,25.588670881418164,38.09203944321389,3.4764116466160577,46.7646209904263,76.19191273690457,20.98661313624952,117.71038755213328,22.635543353604906,93.2416452990252,50.21640940696783,61.47035138304233,43.35219019127784
80.0,500.0,11971123.87347286,6655.77046048347,1749.3079818944743,19.04502096122945,3.7262675310507687,51.89543429029944,57.23531273787504,3.4764116466160577,46.7646209904263,25.588670881418164,38.09203944321389,76.19191273690457,20.98661313624952,117.71038755213328,22.635543353604906,61.47035138304233,43.35219019127784,93.2416452990252,50.21640940696783
80.0,500.0,9279745.59407472,5107.415265796241,1908.360612566615,1.2944118027610885,40.88481364879613,50.35445727302164,6.084072657683919,26.24652777410228,16.961404311282003,37.37126712945376,39.609436053519474,82.3920491638676,52.38931822610916,91.87378963404808,10.456810371637248,73.14016483413093,20.069689791857915,112.5871382053934,36.57625175982506
80.0,500.0,9279745.59407472,5107.415265796241,1908.360612566615,1.2944118027610885,40.88481364879613,37.37126712945376,39.609436053519474,50.35445727302164,6.084072657683919,26.24652777410228,16.961404311282003,82.3920491638676,52.38931822610916,112.5871382053934,36.57625175982506,91.87378963404808,10.456810371637248,73.14016483413093,20.069689791857915
80.0,500.0,9279745.59407472,5107.415265796241,1908.360612566615,1.2944118027610885,40.88481364879613,37.37126712945376,39.609436053519474,26.24652777410228,16.961404311282003,50.35445727302164,6.084072657683919,82.3920491638676,52.38931822610916,112.5871382053934,36.57625175982506,73.14016483413093,20.069689791857915,91.87378963404808,10.456810371637248
80.0,500.0,9279745.59407472,5107.415265796241,1908.360612566615,1.2944118027610885,40.88481364879613,26.24652777410228,16.961404311282003,50.35445727302164,6.084072657683919,37.37126712945376,39.609436053519474,82.3920491638676,52.38931822610916,73.14016483413093,20.069689791857915,91.87378963404808,10.456810371637248,112.5871382053934,36.57625175982506
80.0,500.0,9279745.59407472,5107.415265796241,1908.360612566615,1.2944118027610885,40.88481364879613,26.24652777410228,16.961404311282003,37.37126712945376,39.609436053519474,50.35445727302164,6.084072657683919,82.3920491638676,52.38931822610916,73.14016483413093,20.069689791857915,112.5871382053934,36.57625175982506,91.87378963404808,10.456810371637248
80.0,500.0,9279745.59407472,5107.415265796241,1908.360612566615,50.35445727302164,6.084072657683919,1.2944118027610885,40.88481364879613,37.37126712945376,39.609436053519474,26.24652777410228,16.961404311282003,91.87378963404808,10.456810371637248,82.3920491638676,52.38931822610916,112.5871382053934,36.57625175982506,73.14016483413093,20.069689791857915
80.0,500.0,9279745.59407472,5107.415265796241,1908.360612566615,50.35445727302164,6.084072657683919,1.2944118027610885,40.88481364879613,26.24652777410228,16.961404311282003,37.37126712945376,39.609436053519474,91.87378963404808,10.456810371637248,82.3920491638676,52.38931822610916,73.14016483413093,20.069689791857915,112.5871382053934,36.57625175982506
80.0,500.0,9279745.59407472,5107.415265796241,1908.360612566615,50.35445727302164,6.084072657683919,37.37126712945376,39.609436053519474,1.2944118027610885,40.88481364879613,26.24652777410228,16.961404311282003,91.87378963404808,10.456810371637248,112.5871382053934,36.57625175982506,82.3920491638676,52.38931822610916,73.14016483413093,20.069689791857915
80.0,500.0,9279745.59407472,5107.415265796241,1908.360612566615,50.35445727302164,6.084072657683919,37.37126712945376,39.609436053519474,26.24652777410228,16.961404311282003,1.2944118027610885,40.88481364879613,91.87378963404808,10.456810371637248,112.5871382053934,36.57625175982506,73.14016483413093,20.069689791857915,82.3920491638676,52.38931822610916
80.0,500.0,9279745.59407472,5107.415265796241,1908.360612566615,50.35445727302164,6.084072657683919,26.24652777410228,16.961404311282003,1.2944118027610885,40.88481364879613,37.37126712945376,39.609436053519474,91.87378963404808,10.456810371637248,73.14016483413093,20.069689791857915,82.3920491638676,52.38931822610916,112.5871382053934,36.57625175982506
80.0,500.0,9279745.59407472,5107.415265796241,1908.360612566615,50.35445727302164,6.084072657683919,26.24652777410228,16.961404311282003,37.37126712945376,39.609436053519474,1.2944118027610885,40.88481364879613,91.87378963404808,10.456810371637248,73.14016483413093,20.069689791857915,112.5871382053934,36.57625175982506,82.3920491638676,52.38931822610916
80.0,500.0,9279745.59407472,5107.415265796241,1908.360612566615,37.37126712945376,39.609436053519474,1.2944118027610885,40.88481364879613,50.35445727302164,6.084072657683919,26.24652777410228,16.961404311282003,112.5871382053934,36.57625175982506,82.3920491638676,52.38931822610916,91.87378963404808,10.456810371637248,73.14016483413093,20.069689791857915
80.0,500.0,9279745.59407472,5107.415265796241,1908.360612566615,37.37126712945376,39.609436053519474,1.2944118027610885,40.88481364879613,26.24652777410228,16.961404311282003,50.35445727302164,6.084072657683919,112.5871382053934,36.57625175982506,82.3920491638676,52.38931822610916,73.14016483413093,20.069689791857915,91.87378963404808,10.456810371637248
80.0,500.0,9279745.59407472,5107.415265796241,1908.360612566615,37.37126712945376,39.609436053519474,50.35445727302164,6.084072657683919,1.2944118027610885,40.88481364879613,26.24652777410228,16.961404311282003,112.5871382053934,36.57625175982506,91.87378963404808,10.456810371637248,82.3920491638676,52.38931822610916,73.14016483413093,20.069689791857915
80.0,500.0,9279745.59407472,5107.415265796241,1908.360612566615,37.37126712945376,39.609436053519474,50.35445727302164,6.084072657683919,26.24652777410228,16.961404311282003,1.2944118027610885,40.88481364879613,112.5871382053934,36.57625175982506,91.87378963404808,10.456810371637248,73.14016483413093,20.069689791857915,82.3920491638676,52.38931822610916
80.0,500.0,9279745.59407472,5107.415265796241,1908.360612566615,37.37126712945376,39.609436053519474,26.24652777410228,16.961404311282003,1.2944118027610885,40.88481364879613,50.35445727302164,6.084072657683919,112.5871382053934,36.57625175982506,73.14016483413093,20.069689791857915,82.3920491638676,52.38931822610916,91.87378963404808,10.456810371637248
80.0,500.0,9279745.59407472,5107.415265796241,1908.360612566615,37.37126712945376,39.609436053519474,26.24652777410228,16.961404311282003,50.35445727302164,6.084072657683919,1.2944118027610885,40.88481364879613,112.5871382053934,36.57625175982506,73.14016483413093,20.069689791857915,91.87378963404808,10.456810371637248,82.3920491638676,52.38931822610916
80.0,500.0,9279745.59407472,5107.415265796241,1908.360612566615,26.24652777410228,16.961404311282003,1.2944118027610885,40.88481364879613,50.35445727302164,6.084072657683919,37.37126712945376,39.609436053519474,73.14016483413093,20.069689791857915,82.3920491638676,52.38931822610916,91.87378963404808,10.456810371637248,112.5871382053934,36.57625175982506
80.0,500.0,9279745.59407472,5107.415265796241,1908.360612566615,26.24652777410228,16.961404311282003,1.2944118027610885,40.88481364879613,37.37126712945376,39.609436053519474,50.35445727302164,6.084072657683919,73.14016483413093,20.069689791857915,82.3920491638676,52.38931822610916,112.5871382053934,36.57625175982506,91.87378963404808,10.456810371637248
80.0,500.0,9279745.59407472,5107.415265796241,1908.360612566615,26.24652777410228,16.961404311282003,50.35445727302164,6.084072657683919,1.2944118027610885,40.88481364879613,37.37126712945376,39.609436053519474,73.14016483413093,20.069689791857915,91.87378963404808,10.456810371637248,82.3920491638676,52.38931822610916,112.5871382053934,36.57625175982506
80.0,500.0,9279745.59407472,5107.415265796241,1908.360612566615,26.24652777410228,16.961404311282003,50.35445727302164,6.084072657683919,37.37126712945376,39.609436053519474,1.2944118027610885,40.88481364879613,73.14016483413093,20.069689791857915,91.87378963404808,10.456810371637248,112.5871382053934,36.57625175982506,82.3920491638676,52.38931822610916
80.0,500.0,9279745.59407472,5107.415265796241,1908.360612566615,26.24652777410228,16.961404311282003,37.37126712945376,39.609436053519474,1.2944118027610885,40.88481364879613,50.35445727302164,6.084072657683919,73.14016483413093,20.069689791857915,112.5871382053934,36.57625175982506,82.3920491638676,52.38931822610916,91.87378963404808,10.456810371637248
80.0,500.0,9279745.59407472,5107.415265796241,1908.360612566615,26.24652777410228,16.961404311282003,37.37126712945376,39.609436053519474,50.35445727302164,6.084072657683919,1.2944118027610885,40.88481364879613,73.14016483413093,20.069689791857915,112.5871382053934,36.57625175982506,91.87378963404808,10.456810371637248,82.3920491638676,52.38931822610916
80.0,500.0,59126462.98254672,8832.76521749641,4635.175965078857,4.986313481924669,28.443465478277947,39.262306054545846,45.08312330904238,58.59750221033434,55.27925142276624,32.20875713361245,6.580401820989456,87.45577225112531,29.020952183617837,70.68607732019856,11.083330929962514,82.02460766741109,10.24605251061088,99.82231638913086,39.79112713958678
80.0,500.0,59126462.98254672,8832.76521749641,4635.175965078857,4.986313481924669,28.443465478277947,32.20875713361245,6.580401820989456,39.262306054545846,45.08312330904238,58.59750221033434,55.27925142276624,87.45577225112531,29.020952183617837,99.82231638913086,39.79112713958678,70.68607732019856,11.083330929962514,82.02460766741109,10.24605251061088
80.0,500.0,59126462.98254672,8832.76521749641,4635.175965078857,4.986313481924669,28.443465478277947,32.20875713361245,6.580401820989456,58.59750221033434,55.27925142276624,39.262306054545846,45.08312330904238,87.45577225112531,29.020952183617837,99.82231638913086,39.79112713958678,82.02460766741109,10.24605251061088,70.68607732019856,11.083330929962514
80.0,500.0,59126462.98254672,8832.76521749641,4635.175965078857,4.986313481924669,28.443465478277947,58.59750221033434,55.27925142276624,39.262306054545846,45.08312330904238,32.20875713361245,6.580401820989456,87.45577225112531,29.020952183617837,82.02460766741109,10.24605251061088,70.68607732019856,11.083330929962514,99.82231638913086,39.79112713958678
80.0,500.0,59126462.98254672,8832.76521749641,4635.175965078857,4.986313481924669,28.443465478277947,58.59750221033434,55.27925142276624,32.20875713361245,6.580401820989456,39.262306054545846,45.08312330904238,87.45577225112531,29.020952183617837,82.02460766741109,10.24605251061088,99.82231638913086,39.79112713958678,70.68607732019856,11.083330929962514
80.0,500.0,59126462.98254672,8832.76521749641,4635.175965078857,39.262306054545846,45.08312330904238,4.986313481924669,28.443465478277947,32.20875713361245,6.580401820989456,58.59750221033434,55.27925142276624,70.68607732019856,11.083330929962514,87.45577225112531,29.020952183617837,99.82231638913086,39.79112713958678,82.02460766741109,10.24605251061088
80.0,500.0,59126462.98254672,8832.76521749641,4635.175965078857,39.262306054545846,45.08312330904238,4.986313481924669,28.443465478277947,58.59750221033434,55.27925142276624,32.20875713361245,6.580401820989456,70.68607732019856,11.083330929962514,87.45577225112531,29.020952183617837,82.02460766741109,10.24605251061088,99.82231638913086,39.79112713958678
80.0,500.0,59126462.98254672,8832.76521749641,4635.175965078857,39.262306054545846,45.08312330904238,32.20875713361245,6.580401820989456,4.986313481924669,28.443465478277947,58.59750221033434,55.27925142276624,70.68607732019856,11.083330929962514,99.82231638913086,39.79112713958678,87.45577225112531,29.020952183617837,82.02460766741109,10.24605251061088
80.0,500.0,59126462.98254672,8832.76521749641,4635.175965078857,39.262306054545846,45.08312330904238,32.20875713361245,6.580401820989456,58.59750221033434,55.27925142276624,4.986313481924669,28.443465478277947,70.68607732019856,11.083330929962514,99.82231638913086,39.79112713958678,82.02460766741109,10.24605251061088,87.45577225112531,29.020952183617837
80.0,500.0,59126462.98254672,8832.76521749641,4635.175965078857,39.262306054545846,45.08312330904238,58.59750221033434,55.27925142276624,4.986313481924669,28.443465478277947,32.20875713361245,6.580401820989456,70.68607732019856,11.083330929962514,82.02460766741109,10.24605251061088,87.45577225112531,29.020952183617837,99.82231638913086,39.79112713958678
80.0,500.0,59126462.98254672,8832.76521749641,4635.175965078857,39.262306054545846,45.08312330904238,58.59750221033434,55.27925142276624,32.20875713361245,6.580401820989456,4.986313481924669,28.443465478277947,70.68607732019856,11.083330929962514,82.02460766741109,10.24605251061088,99.82231638913086,39.79112713958678,87.45577225112531,29.020952183617837
80.0,500.0,59126462.98254672,8832.76521749641,4635.175965078857,32.20875713361245,6.580401820989456,4.986313481924669,28.443465478277947,39.262306054545846,45.08312330904238,58.59750221033434,55.27925142276624,99.82231638913086,39.79112713958678,87.45577225112531,29.020952183617837,70.68607732019856,11.083330929962514,82.02460766741109,10.24605251061088
80.0,500.0,59126462.98254672,8832.76521749641,4635.175965078857,32.20875713361245,6.580401820989456,4.986313481924669,28.443465478277947,58.59750221033434,55.27925142276624,39.262306054545846,45.08312330904238,99.82231638913086,39.79112713958678,87.45577225112531,29.020952183617837,82.02460766741109,10.24605251061088,70.68607732019856,11.083330929962514
80.0,500.0,59126462.98254672,8832.76521749641,4635.175965078857,32.20875713361245,6.580401820989456,39.262306054545846,45.08312330904238,4.986313481924669,28.443465478277947,58.59750221033434,55.27925142276624,99.82231638913086,39.79112713958678,70.68607732019856,11.083330929962514,87.45577225112531,29.020952183617837,82.02460766741109,10.24605251061088
80.0,500.0,59126462.98254672,8832.76521749641,4635.175965078857,32.20875713361245,6.580401820989456,39.262306054545846,45.08312330904238,58.59750221033434,55.27925142276624,4.986313481924669,28.443465478277947,99.82231638913086,39.79112713958678,70.68607732019856,11.083330929962514,82.02460766741109,10.24605251061088,87.45577225112531,29.020952183617837
80.0,500.0,59126462.98254672,8832.76521749641,4635.175965078857,32.20875713361245,6.580401820989456,58.59750221033434,55.27925142276624,4.986313481924669,28.443465478277947,39.262306054545846,45.08312330904238,99.82231638913086,39.79112713958678,82.02460766741109,10.24605251061088,87.45577225112531,29.020952183617837,70.68607732019856,11.083330929962514
80.0,500.0,59126462.98254672,8832.76521749641,4635.175965078857,32.20875713361245,6.580401820989456,58.59750221033434,55.27925142276624,39.262306054545846,45.08312330904238,4.986313481924669,28.443465478277947,99.82231638913086,39.79112713958678,82.02460766741109,10.24605251061088,70.68607732019856,11.083330929962514,87.45577225112531,29.020952183617837
80.0,500.0,59126462.98254672,8832.76521749641,4635.175965078857,58.59750221033434,55.27925142276624,4.986313481924669,28.443465478277947,39.262306054545846,45.08312330904238,32.20875713361245,6.580401820989456,82.02460766741109,10.24605251061088,87.45577225112531,29.020952183617837,70.68607732019856,11.083330929962514,99.82231638913086,39.79112713958678
80.0,500.0,59126462.98254672,8832.76521749641,4635.175965078857,58.59750221033434,55.27925142276624,4.986313481924669,28.443465478277947,32.20875713361245,6.580401820989456,39.262306054545846,45.08312330904238,82.02460766741109,10.24605251061088,87.45577225112531,29.020952183617837,99.82231638913086,39.79112713958678,70.68607732019856,11.083330929962514
80.0,500.0,59126462.98254672,8832.76521749641,4635.175965078857,58.59750221033434,55.27925142276624,39.262306054545846,45.08312330904238,4.986313481924669,28.443465478277947,32.20875713361245,6.580401820989456,82.02460766741109,10.24605251061088,70.68607732019856,11.083330929962514,87.45577225112531,29.020952183617837,99.82231638913086,39.79112713958678
80.0,500.0,59126462.98254672,8832.76521749641,4635.175965078857,58.59750221033434,55.27925142276624,39.262306054545846,45.08312330904238,32.20875713361245,6.580401820989456,4.986313481924669,28.443465478277947,82.02460766741109,10.24605251061088,70.68607732019856,11.083330929962514,99.82231638913086,39.79112713958678,87.45577225112531,29.020952183617837
80.0,500.0,59126462.98254672,8832.76521749641,4635.175965078857,58.59750221033434,55.27925142276624,32.20875713361245,6.580401820989456,4.986313481924669,28.443465478277947,39.262306054545846,45.08312330904238,82.02460766741109,10.24605251061088,99.82231638913086,39.79112713958678,87.45577225112531,29.020952183617837,70.68607732019856,11.083330929962514
80.0,500.0,59126462.98254672,8832.76521749641,4635.175965078857,58.59750221033434,55.27925142276624,32.20875713361245,6.580401820989456,39.262306054545846,45.08312330904238,4.986313481924669,28.443465478277947,82.02460766741109,10.24605251061088,99.82231638913086,39.79112713958678,70.68607732019856,11.083330929962514,87.45577225112531,29.020952183617837
80.0,500.0,26870194.069887448,7202.928937362928,3821.4476420605024,5.211348800272397,8.376148412347781,57.369293262625085,17.95851595357707,36.03274430982172,41.498665211570525,9.102339826940264,33.941225583291185,64.48348119830173,32.94591117838686,83.64250209653551,22.11806538911129,106.00656605196136,44.64140119226701,82.88437050609265,43.419120948342005
80.0,500.0,26870194.069887448,7202.928937362928,3821.4476420605024,5.211348800272397,8.376148412347781,9.102339826940264,33.941225583291185,57.369293262625085,17.95851595357707,36.03274430982172,41.498665211570525,64.48348119830173,32.94591117838686,82.88437050609265,43.419120948342005,83.64250209653551,22.11806538911129,106.00656605196136,44.64140119226701
80.0,500.0,26870194.069887448,7202.928937362928,3821.4476420605024,5.211348800272397,8.376148412347781,9.102339826940264,33.941225583291185,36.03274430982172,41.498665211570525,57.369293262625085,17.95851595357707,64.48348119830173,32.94591117838686,82.88437050609265,43.419120948342005,106.00656605196136,44.64140119226701,83.64250209653551,22.11806538911129
80.0,500.0,26870194.069887448,7202.928937362928,3821.4476420605024,5.211348800272397,8.376148412347781,36.03274430982172,41.498665211570525,57.369293262625085,17.95851595357707,9.102339826940264,33.941225583291185,64.48348119830173,32.94591117838686,106.00656605196136,44.64140119226701,83.64250209653551,22.11806538911129,82.88437050609265,43.419120948342005
80.0,500.0,26870194.069887448,7202.928937362928,3821.4476420605024,5.211348800272397,8.376148412347781,36.03274430982172,41.498665211570525,9.102339826940264,33.941225583291185,57.369293262625085,17.95851595357707,64.48348119830173,32.94591117838686,106.00656605196136,44.64140119226701,82.88437050609265,43.419120948342005,83.64250209653551,22.11806538911129
80.0,500.0,26870194.069887448,7202.928937362928,3821.4476420605024,57.369293262625085,17.95851595357707,5.211348800272397,8.376148412347781,9.102339826940264,33.941225583291185,36.03274430982172,41.498665211570525,83.64250209653551,22.11806538911129,64.48348119830173,32.94591117838686,82.88437050609265,43.419120948342005,106.00656605196136,44.64140119226701
80.0,500.0,26870194.069887448,7202.928937362928,3821.4476420605024,57.369293262625085,17.95851595357707,5.211348800272397,8.376148412347781,36.03274430982172,41.498665211570525,9.102339826940264,33.941225583291185,83.64250209653551,22.11806538911129,64.48348119830173,32.94591117838686,106.00656605196136,44.64140119226701,82.88437050609265,43.419120948342005
80.0,500.0,26870194.069887448,7202.928937362928,3821.4476420605024,57.369293262625085,17.95851595357707,9.102339826940264,33.941225583291185,5.211348800272397,8.376148412347781,36.03274430982172,41.498665211570525,83.64250209653551,22.11806538911129,82.88437050609265,43.419120948342005,64.48348119830173,32.94591117838686,106.00656605196136,44.64140119226701
80.0,500.0,26870194.069887448,7202.928937362928,3821.4476420605024,57.369293262625085,17.95851595357707,9.102339826940264,33.941225583291185,36.03274430982172,41.498665211570525,5.211348800272397,8.376148412347781,83.64250209653551,22.11806538911129,82.88437050609265,43.419120948342005,106.00656605196136,44.64140119226701,64.48348119830173,32.94591117838686
80.0,500.0,26870194.069887448,7202.928937362928,3821.4476420605024,57.369293262625085,17.95851595357707,36.03274430982172,41.498665211570525,5.211348800272397,8.376148412347781,9.102339826940264,33.941225583291185,83.64250209653551,22.11806538911129,106.00656605196136,44.64140119226701,64.48348119830173,32.94591117838686,82.88437050609265,43.419120948342005
80.0,500.0,26870194.069887448,7202.928937362928,3821.4476420605024,57.369293262625085,17.95851595357707,36.03274430982172,41.498665211570525,9.102339826940264,33.941225583291185,5.211348800272397,8.376148412347781,83.64250209653551,22.11806538911129,106.00656605196136,44.64140119226701,82.88437050609265,43.419120948342005,64.48348119830173,32.94591117838686
80.0,500.0,26870194.069887448,7202.928937362928,3821.4476420605024,9.102339826940264,33.941225583291185,5.211348800272397,8.376148412347781,57.369293262625085,17.95851595357707,36.03274430982172,41.498665211570525,82.88437050609265,43.419120948342005,64.48348119830173,32.94591117838686,83.64250209653551,22.11806538911129,106.00656605196136,44.64140119226701
80.0,500.0,26870194.069887448,7202.928937362928,3821.4476420605024,9.102339826940264,33.941225583291185,5.211348800272397,8.376148412347781,36.03274430982172,41.498665211570525,57.369293262625085,17.95851595357707,82.88437050609265,43.419120948342005,64.48348119830173,32.94591117838686,106.00656605196136,44.64140119226701,83.64250209653551,22.11806538911129
80.0,500.0,26870194.069887448,7202.928937362928,3821.4476420605024,9.102339826940264,33.941225583291185,57.369293262625085,17.95851595357707,5.211348800272397,8.376148412347781,36.03274430982172,41.498665211570525,82.88437050609265,43.419120948342005,83.64250209653551,22.11806538911129,64.48348119830173,32.94591117838686,106.00656605196136,44.64140119226701
80.0,500.0,26870194.069887448,7202.928937362928,3821.4476420605024,9.102339826940264,33.941225583291185,57.369293262625085,17.95851595357707,36.03274430982172,41.498665211570525,5.211348800272397,8.376148412347781,82.88437050609265,43.419120948342005,83.64250209653551,22.11806538911129,106.00656605196136,44.64140119226701,64.48348119830173,32.94591117838686
80.0,500.0,26870194.069887448,7202.928937362928,3821.4476420605024,9.102339826940264,33.941225583291185,36.03274430982172,41.498665211570525,5.211348800272397,8.376148412347781,57.369293262625085,17.95851595357707,82.88437050609265,43.419120948342005,106.00656605196136,44.64140119226701,64.48348119830173,32.94591117838686,83.64250209653551,22.11806538911129
80.0,500.0,26870194.069887448,7202.928937362928,3821.4476420605024,9.102339826940264,33.941225583291185,36.03274430982172,41.498665211570525,57.369293262625085,17.95851595357707,5.211348800272397,8.376148412347781,82.88437050609265,43.419120948342005,106.00656605196136,44.64140119226701,83.64250209653551,22.11806538911129,64.48348119830173,32.94591117838686
80.0,500.0,26870194.069887448,7202.928937362928,3821.4476420605024,36.03274430982172,41.498665211570525,5.211348800272397,8.376148412347781,57.369293262625085,17.95851595357707,9.102339826940264,33.941225583291185,106.00656605196136,44.64140119226701,64.48348119830173,32.94591117838686,83.64250209653551,22.11806538911129,82.88437050609265,43.419120948342005
80.0,500.0,26870194.069887448,7202.928937362928,3821.4476420605024,36.03274430982172,41.498665211570525,5.211348800272397,8.376148412347781,9.102339826940264,33.941225583291185,57.369293262625085,17.95851595357707,106.00656605196136,44.64140119226701,64.48348119830173,32.94591117838686,82.88437050609265,43.419120948342005,83.64250209653551,22.11806538911129
80.0,500.0,26870194.069887448,7202.928937362928,3821.4476420605024,36.03274430982172,41.498665211570525,57.369293262625085,17.95851595357707,5.211348800272397,8.376148412347781,9.102339826940264,33.941225583291185,106.00656605196136,44.64140119226701,83.64250209653551,22.11806538911129,64.48348119830173,32.94591117838686,82.88437050609265,43.419120948342005
80.0,500.0,26870194.069887448,7202.928937362928,3821.4476420605024,36.03274430982172,41.498665211570525,57.369293262625085,17.95851595357707,9.102339826940264,33.941225583291185,5.211348800272397,8.376148412347781,106.00656605196136,44.64140119226701,83.64250209653551,22.11806538911129,82.88437050609265,43.419120948342005,64.48348119830173,32.94591117838686
80.0,500.0,26870194.069887448,7202.928937362928,3821.4476420605024,36.03274430982172,41.498665211570525,9.102339826940264,33.941225583291185,5.211348800272397,8.376148412347781,57.369293262625085,17.95851595357707,106.00656605196136,44.64140119226701,82.88437050609265,43.419120948342005,64.48348119830173,32.94591117838686,83.64250209653551,22.11806538911129
80.0,500.0,26870194.069887448,7202.928937362928,3821.4476420605024,36.03274430982172,41.498665211570525,9.102339826940264,33.941225583291185,57.369293262625085,17.95851595357707,5.211348800272397,8.376148412347781,106.00656605196136,44.64140119226701,82.88437050609265,43.419120948342005,83.64250209653551,22.11806538911129,64.48348119830173,32.94591117838686
80.0,500.0,14823403.561927946,7310.252855041991,1956.432613430146,44.34573782095048,36.33570249394532,0.3037399981834165,56.947888135775045,59.54855169804455,1.5227202548656282,20.561475412279616,42.77581139119352,85.65023302397427,1.31639325088112,93.50749542908316,32.619872695017854,113.7696666526971,39.57633785850276,61.1453344267058,1.3037313088507645
80.0,500.0,14823403.561927946,7310.252855041991,1956.432613430146,44.34573782095048,36.33570249394532,20.561475412279616,42.77581139119352,0.3037399981834165,56.947888135775045,59.54855169804455,1.5227202548656282,85.65023302397427,1.31639325088112,61.1453344267058,1.3037313088507645,93.50749542908316,32.619872695017854,113.7696666526971,39.57633785850276
80.0,500.0,14823403.561927946,7310.252855041991,1956.432613430146,44.34573782095048,36.33570249394532,20.561475412279616,42.77581139119352,59.54855169804455,1.5227202548656282,0.3037399981834165,56.947888135775045,85.65023302397427,1.31639325088112,61.1453344267058,1.3037313088507645,113.7696666526971,39.57633785850276,93.50749542908316,32.619872695017854
80.0,500.0,14823403.561927946,7310.252855041991,1956.432613430146,44.34573782095048,36.33570249394532,59.54855169804455,1.5227202548656282,0.3037399981834165,56.947888135775045,20.561475412279616,42.77581139119352,85.65023302397427,1.31639325088112,113.7696666526971,39.57633785850276,93.50749542908316,32.619872695017854,61.1453344267058,1.3037313088507645
80.0,500.0,14823403.561927946,7310.252855041991,1956.432613430146,44.34573782095048,36.33570249394532,59.54855169804455,1.5227202548656282,20.561475412279616,42.77581139119352,0.3037399981834165,56.947888135775045,85.65023302397427,1.31639325088112,113.7696666526971,39.57633785850276,61.1453344267058,1.3037313088507645,93.50749542908316,32.619872695017854
80.0,500.0,14823403.561927946,7310.252855041991,1956.432613430146,0.3037399981834165,56.947888135775045,44.34573782095048,36.33570249394532,20.561475412279616,42.77581139119352,59.54855169804455,1.5227202548656282,93.50749542908316,32.619872695017854,85.65023302397427,1.31639325088112,61.1453344267058,1.3037313088507645,113.7696666526971,39.57633785850276
80.0,500.0,14823403.561927946,7310.252855041991,1956.432613430146,0.3037399981834165,56.947888135775045,44.34573782095048,36.33570249394532,59.54855169804455,1.5227202548656282,20.561475412279616,42.77581139119352,93.50749542908316,32.619872695017854,85.65023302397427,1.31639325088112,113.7696666526971,39.57633785850276,61.1453344267058,1.3037313088507645
80.0,500.0,14823403.561927946,7310.252855041991,1956.432613430146,0.3037399981834165,56.947888135775045,20.561475412279616,42.77581139119352,44.34573782095048,36.33570249394532,59.54855169804455,1.5227202548656282,93.50749542908316,32.619872695017854,61.1453344267058,1.3037313088507645,85.65023302397427,1.31639325088112,113.7696666526971,39.57633785850276
80.0,500.0,14823403.561927946,7310.252855041991,1956.432613430146,0.3037399981834165,56.947888135775045,20.561475412279616,42.77581139119352,59.54855169804455,1.5227202548656282,44.34573782095048,36.33570249394532,93.50749542908316,32.619872695017854,61.1453344267058,1.3037313088507645,113.7696666526971,39.57633785850276,85.65023302397427,1.31639325088112
80.0,500.0,14823403.561927946,7310.252855041991,1956.432613430146,0.3037399981834165,56.947888135775045,59.54855169804455,1.5227202548656282,44.34573782095048,36.33570249394532,20.561475412279616,42.77581139119352,93.50749542908316,32.619872695017854,113.7696666526971,39.57633785850276,85.65023302397427,1.31639325088112,61.1453344267058,1.3037313088507645
80.0,500.0,14823403.561927946,7310.252855041991,1956.432613430146,0.3037399981834165,56.947888135775045,59.54855169804455,1.5227202548656282,20.561475412279616,42.77581139119352,44.34573782095048,36.33570249394532,93.50749542908316,32.619872695017854,113.7696666526971,39.57633785850276,61.1453344267058,1.3037313088507645,85.65023302397427,1.31639325088112
80.0,500.0,14823403.561927946,7310.252855041991,1956.432613430146,20.561475412279616,42.77581139119352,44.34573782095048,36.33570249394532,0.3037399981834165,56.947888135775045,59.54855169804455,1.5227202548656282,61.1453344267058,1.3037313088507645,85.65023302397427,1.31639325088112,93.50749542908316,32.619872695017854,113.7696666526971,39.57633785850276
80.0,500.0,14823403.561927946,7310.252855041991,1956.432613430146,20.561475412279616,42.77581139119352,44.34573782095048,36.33570249394532,59.54855169804455,1.5227202548656282,0.3037399981834165,56.947888135775045,61.1453344267058,1.3037313088507645,85.65023302397427,1.31639325088112,113.7696666526971,39.57633785850276,93.50749542908316,32.619872695017854
80.0,500.0,14823403.561927946,7310.252855041991,1956.432613430146,20.561475412279616,42.77581139119352,0.3037399981834165,56.947888135775045,44.34573782095048,36.33570249394532,59.54855169804455,1.5227202548656282,61.1453344267058,1.3037313088507645,93.50749542908316,32.619872695017854,85.65023302397427,1.31639325088112,113.7696666526971,39.57633785850276
80.0,500.0,14823403.561927946,7310.252855041991,1956.432613430146,20.561475412279616,42.77581139119352,0.3037399981834165,56.947888135775045,59.54855169804455,1.5227202548656282,44.34573782095048,36.33570249394532,61.1453344267058,1.3037313088507645,93.50749542908316,32.619872695017854,113.7696666526971,39.57633785850276,85.65023302397427,1.31639325088112
80.0,500.0,14823403.561927946,7310.252855041991,1956.432613430146,20.561475412279616,42.77581139119352,59.54855169804455,1.5227202548656282,44.34573782095048,36.33570249394532,0.3037399981834165,56.947888135775045,61.1453344267058,1.3037313088507645,113.7696666526971,39.57633785850276,85.65023302397427,1.31639325088112,93.50749542908316,32.619872695017854
80.0,500.0,14823403.561927946,7310.252855041991,1956.432613430146,20.561475412279616,42.77581139119352,59.54855169804455,1.5227202548656282,0.3037399981834165,56.947888135775045,44.34573782095048,36.33570249394532,61.1453344267058,1.3037313088507645,113.7696666526971,39.57633785850276,93.50749542908316,32.619872695017854,85.65023302397427,1.31639325088112
80.0,500.0,14823403.561927946,7310.252855041991,1956.432613430146,59.54855169804455,1.5227202548656282,44.34573782095048,36.33570249394532,0.3037399981834165,56.947888135775045,20.561475412279616,42.77581139119352,113.7696666526971,39.57633785850276,85.65023302397427,1.31639325088112,93.50749542908316,32.619872695017854,61.1453344267058,1.3037313088507645
80.0,500.0,14823403.561927946,7310.252855041991,1956.432613430146,59.54855169804455,1.5227202548656282,44.34573782095048,36.33570249394532,20.561475412279616,42.77581139119352,0.3037399981834165,56.947888135775045,113.7696666526971,39.57633785850276,85.65023302397427,1.31639325088112,61.1453344267058,1.3037313088507645,93.50749542908316,32.619872695017854
80.0,500.0,14823403.561927946,7310.252855041991,1956.432613430146,59.54855169804455,1.5227202548656282,0.3037399981834165,56.947888135775045,44.34573782095048,36.33570249394532,20.561475412279616,42.77581139119352,113.7696666526971,39.57633785850276,93.50749542908316,32.619872695017854,85.65023302397427,1.31639325088112,61.1453344267058,1.3037313088507645
80.0,500.0,14823403.561927946,7310.252855041991,1956.432613430146,59.54855169804455,1.5227202548656282,0.3037399981834165,56.947888135775045,20.561475412279616,42.77581139119352,44.34573782095048,36.33570249394532,113.7696666526971,39.57633785850276,93.50749542908316,32.619872695017854,61.1453344267058,1.3037313088507645,85.65023302397427,1.31639325088112
80.0,500.0,14823403.561927946,7310.252855041991,1956.432613430146,59.54855169804455,1.5227202548656282,20.561475412279616,42.77581139119352,44.34573782095048,36.33570249394532,0.3037399981834165,56.947888135775045,113.7696666526971,39.57633785850276,61.1453344267058,1.3037313088507645,85.65023302397427,1.31639325088112,93.50749542908316,32.619872695017854
80.0,500.0,14823403.561927946,7310.252855041991,1956.432613430146,59.54855169804455,1.5227202548656282,20.561475412279616,42.77581139119352,0.3037399981834165,56.947888135775045,44.34573782095048,36.33570249394532,113.7696666526971,39.57633785850276,61.1453344267058,1.3037313088507645,93.50749542908316,32.619872695017854,85.65023302397427,1.31639325088112
93.33333333333334,500.0,21400271.260636862,6235.4607149728445,3272.717485917857,12.185706071055533,9.871360616351224,38.18921908201288,21.308982164732328,2.5780299027295883,43.858517242007046,58.72518985345108,37.79540027620673,77.03752582772225,28.49371429033807,92.42459245584018,56.404235705841245,61.806207825494006,51.75718128315607,118.8959037434835,33.75941069254496
93.33333333333334,500.0,21400271.260636862,6235.4607149728445,3272.717485917857,12.185706071055533,9.871360616351224,58.72518985345108,37.79540027620673,38.18921908201288,21.308982164732328,2.5780299027295883,43.858517242007046,77.03752582772225,28.49371429033807,118.8959037434835,33.75941069254496,92.42459245584018,56.404235705841245,61.806207825494006,51.75718128315607
93.33333333333334,500.0,21400271.260636862,6235.4607149728445,3272.717485917857,12.185706071055533,9.871360616351224,58.72518985345108,37.79540027620673,2.5780299027295883,43.858517242007046,38.18921908201288,21.308982164732328,77.03752582772225,28.49371429033807,118.8959037434835,33.75941069254496,61.806207825494006,51.75718128315607,92.42459245584018,56.404235705841245
93.33333333333334,500.0,21400271.260636862,6235.4607149728445,3272.717485917857,12.185706071055533,9.871360616351224,2.5780299027295883,43.858517242007046,38.18921908201288,21.308982164732328,58.72518985345108,37.79540027620673,77.03752582772225,28.49371429033807,61.806207825494006,51.75718128315607,92.42459245584018,56.404235705841245,118.8959037434835,33.75941069254496
93.33333333333334,500.0,21400271.260636862,6235.4607149728445,3272.717485917857,12.185706071055533,9.871360616351224,2.5780299027295883,43.858517242007046,58.72518985345108,37.79540027620673,38.18921908201288,21.308982164732328,77.03752582772225,28.49371429033807,61.806207825494006,51.75718128315607,118.8959037434835,33.75941069254496,92.42459245584018,56.404235705841245
93.33333333333334,500.0,21400271.260636862,6235.4607149728445,3272.717485917857,38.18921908201288,21.308982164732328,12.185706071055533,9.871360616351224,58.72518985345108,37.79540027620673,2.5780299027295883,43.858517242007046,92.42459245584018,56.404235705841245,77.03752582772225,28.49371429033807,118.8959037434835,33.75941069254496,61.806207825494006,51.75718128315607
93.33333333333334,500.0,21400271.260636862,6235.4607149728445,3272.717485917857,38.18921908201288,21.308982164732328,12.185706071055533,9.871360616351224,2.5780299027295883,43.858517242007046,58.72518985345108,37.79540027620673,92.42459245584018,56.404235705841245,77.03752582772225,28.49371429033807,61.806207825494006,51.75718128315607,118.8959037434835,33.75941069254496
93.33333333333334,500.0,21400271.260636862,6235.4607149728445,3272.717485917857,38.18921908201288,21.308982164732328,58.72518985345108,37.79540027620673,12.185706071055533,9.871360616351224,2.5780299027295883,43.858517242007046,92.42459245584018,56.404235705841245,118.8959037434835,33.75941069254496,77.03752582772225,28.49371429033807,61.806207825494006,51.75718128315607
93.33333333333334,500.0,21400271.260636862,6235.4607149728445,3272.717485917857,38.18921908201288,21.308982164732328,58.72518985345108,37.79540027620673,2.5780299027295883,43.858517242007046,12.185706071055533,9.871360616351224,92.42459245584018,56.404235705841245,118.8959037434835,33.75941069254496,61.806207825494006,51.75718128315607,77.03752582772225,28.49371429033807
93.33333333333334,500.0,21400271.260636862,6235.4607149728445,3272.717485917857,38.18921908201288,21.308982164732328,2.5780299027295883,43.858517242007046,12.185706071055533,9.871360616351224,58.72518985345108,37.79540027620673,92.42459245584018,56.404235705841245,61.806207825494006,51.75718128315607,77.03752582772225,28.49371429033807,118.8959037434835,33.75941069254496
93.33333333333334,500.0,21400271.260636862,6235.4607149728445,3272.717485917857,38.18921908201288,21.308982164732328,2.5780299027295883,43.858517242007046,58.72518985345108,37.79540027620673,12.185706071055533,9.871360616351224,92.42459245584018,56.404235705841245,61.806207825494006,51.75718128315607,118.8959037434835,33.75941069254496,77.03752582772225,28.49371429033807
93.33333333333334,500.0,21400271.260636862,6235.4607149728445,3272.717485917857,58.72518985345108,37.79540027620673,12.185706071055533,9.871360616351224,38.18921908201288,21.308982164732328,2.5780299027295883,43.858517242007046,118.8959037434835,33.75941069254496,77.03752582772225,28.49371429033807,92.42459245584018,56.404235705841245,61.806207825494006,51.75718128315607
93.33333333333334,500.0,21400271.260636862,6235.4607149728445,3272.717485917857,58.72518985345108,37.79540027620673,12.185706071055533,9.871360616351224,2.5780299027295883,43.858517242007046,38.18921908201288,21.308982164732328,118.8959037434835,33.75941069254496,77.03752582772225,28.49371429033807,61.806207825494006,51.75718128315607,92.42459245584018,56.404235705841245
93.33333333333334,500.0,21400271.260636862,6235.4607149728445,3272.717485917857,58.72518985345108,37.79540027620673,38.18921908201288,21.308982164732328,12.185706071055533,9.871360616351224,2.5780299027295883,43.858517242007046,118.8959037434835,33.75941069254496,92.42459245584018,56.404235705841245,77.03752582772225,28.49371429033807,61.806207825494006,51.75718128315607
93.33333333333334,500.0,21400271.260636862,6235.4607149728445,3272.717485917857,58.72518985345108,37.79540027620673,38.18921908201288,21.308982164732328,2.5780299027295883,43.858517242007046,12.185706071055533,9.871360616351224,118.8959037434835,33.75941069254496,92.42459245584018,56.404235705841245,61.806207825494006,51.75718128315607,77.03752582772225,28.49371429033807
93.33333333333334,500.0,21400271.260636862,6235.4607149728445,3272.717485917857,58.72518985345108,37.79540027620673,2.5780299027295883,43.858517242007046,12.185706071055533,9.871360616351224,38.18921908201288,21.308982164732328,118.8959037434835,33.75941069254496,61.806207825494006,51.75718128315607,77.03752582772225,28.49371429033807,92.42459245584018,56.404235705841245
93.33333333333334,500.0,21400271.260636862,6235.4607149728445,3272.717485917857,58.72518985345108,37.79540027620673,2.5780299027295883,43.858517242007046,38.18921908201288,21.308982164732328,12.185706071055533,9.871360616351224,118.8959037434835,33.75941069254496,61.806207825494006,51.75718128315607,92.42459245584018,56.404235705841245,77.03752582772225,28.49371429033807
93.33333333333334,500.0,21400271.260636862,6235.4607149728445,3272.717485917857,2.5780299027295883,43.858517242007046,12.185706071055533,9.871360616351224,38.18921908201288,21.308982164732328,58.72518985345108,37.79540027620673,61.806207825494006,51.75718128315607,77.03752582772225,28.49371429033807,92.42459245584018,56.404235705841245,118.8959037434835,33.75941069254496
93.33333333333334,500.0,21400271.260636862,6235.4607149728445,3272.717485917857,2.5780299027295883,43.858517242007046,12.185706071055533,9.871360616351224,58.72518985345108,37.79540027620673,38.18921908201288,21.308982164732328,61.806207825494006,51.75718128315607,77.03752582772225,28.49371429033807,118.8959037434835,33.75941069254496,92.42459245584018,56.404235705841245
93.33333333333334,500.0,21400271.260636862,6235.4607149728445,3272.717485917857,2.5780299027295883,43.858517242007046,38.18921908201288,21.308982164732328,12.185706071055533,9.871360616351224,58.72518985345108,37.79540027620673,61.806207825494006,51.75718128315607,92.42459245584018,56.404235705841245,77.03752582772225,28.49371429033807,118.8959037434835,33.75941069254496
93.33333333333334,500.0,21400271.260636862,6235.4607149728445,3272.717485917857,2.5780299027295883,43.858517242007046,38.18921908201288,21.308982164732328,58.72518985345108,37.79540027620673,12.185706071055533,9.871360616351224,61.806207825494006,51.75718128315607,92.42459245584018,56.404235705841245,118.8959037434835,33.75941069254496,77.03752582772225,28.49371429033807
93.33333333333334,500.0,21400271.260636862,6235.4607149728445,3272.717485917857,2.5780299027295883,43.858517242007046,58.72518985345108,37.79540027620673,12.185706071055533,9.871360616351224,38.18921908201288,21.308982164732328,61.806207825494006,51.75718128315607,118.8959037434835,33.75941069254496,77.03752582772225,28.49371429033807,92.42459245584018,56.404235705841245
93.33333333333334,500.0,21400271.260636862,6235.4607149728445,3272.717485917857,2.5780299027295883,43.858517242007046,58.72518985345108,37.79540027620673,38.18921908201288,21.308982164732328,12.185706071055533,9.871360616351224,61.806207825494006,51.75718128315607,118.8959037434835,33.75941069254496,92.42459245584018,56.404235705841245,77.03752582772225,28.49371429033807
93.33333333333334,500.0,3437988.982638568,5899.131920972806,801.905087576471,35.82627493799728,53.58846969708266,43.20819699126219,7.507231169927746,12.730123982247626,51.94818559507895,11.735130422584266,27.941518173983763,94.91563675330995,24.490650960936083,69.19470070584103,43.166114677114166,95.81251195713864,59.85760561363468,90.3042943208724,31.458139022681006
93.33333333333334,500.0,3437988.982638568,5899.131920972806,801.905087576471,35.82627493799728,53.58846969708266,11.735130422584266,27.941518173983763,43.20819699126219,7.507231169927746,12.730123982247626,51.94818559507895,94.91563675330995,24.490650960936083,90.3042943208724,31.458139022681006,69.19470070584103,43.166114677114166,95.81251195713864,59.85760561363468
93.33333333333334,500.0,3437988.982638568,5899.131920972806,801.905087576471,35.82627493799728,53.58846969708266,11.735130422584266,27.941518173983763,12.730123982247626,51.94818559507895,43.20819699126219,7.507231169927746,94.91563675330995,24.490650960936083,90.3042943208724,31.458139022681006,95.81251195713864,59.85760561363468,69.19470070584103,43.166114677114166
93.33333333333334,500.0,3437988.982638568,5899.131920972806,801.905087576471,35.82627493799728,53.58846969708266,12.730123982247626,51.94818559507895,43.20819699126219,7.507231169927746,11.735130422584266,27.941518173983763,94.91563675330995,24.490650960936083,95.81251195713864,59.85760561363468,69.19470070584103,43.166114677114166,90.3042943208724,31.458139022681006
93.33333333333334,500.0,3437988.982638568,5899.131920972806,801.905087576471,35.82627493799728,53.58846969708266,12.730123982247626,51.94818559507895,11.735130422584266,27.941518173983763,43.20819699126219,7.507231169927746,94.91563675330995,24.490650960936083,95.81251195713864,59.85760561363468,90.3042943208724,31.458139022681006,69.19470070584103,43.166114677114166
93.33333333333334,500.0,3437988.982638568,5899.131920972806,801.905087576471,43.20819699126219,7.507231169927746,35.82627493799728,53.58846969708266,11.735130422584266,27.941518173983763,12.730123982247626,51.94818559507895,69.19470070584103,43.166114677114166,94.91563675330995,24.490650960936083,90.3042943208724,31.458139022681006,95.81251195713864,59.85760561363468
93.33333333333334,500.0,3437988.982638568,5899.131920972806,801.905087576471,43.20819699126219,7.507231169927746,35.82627493799728,53.58846969708266,12.730123982247626,51.94818559507895,11.735130422584266,27.941518173983763,69.19470070584103,43.166114677114166,94.91563675330995,24.490650960936083,95.81251195713864,59.85760561363468,90.3042943208724,31.458139022681006
93.33333333333334,500.0,3437988.982638568,5899.131920972806,801.905087576471,43.20819699126219,7.507231169927746,11.735130422584266,27.941518173983763,35.82627493799728,53.58846969708266,12.730123982247626,51.94818559507895,69.19470070584103,43.166114677114166,90.3042943208724,31.458139022681006,94.91563675330995,24.490650960936083,95.81251195713864,59.85760561363468
93.33333333333334,500.0,3437988.982638568,5899.131920972806,801.905087576471,43.20819699126219,7.507231169927746,11.735130422584266,27.941518173983763,12.730123982247626,51.94818559507895,35.82627493799728,53.58846969708266,69.19470070584103,43.166114677114166,90.3042943208724,31.458139022681006,95.81251195713864,59.85760561363468,94.91563675330995,24.490650960936083
93.33333333333334,500.0,3437988.982638568,5899.131920972806,801.905087576471,43.20819699126219,7.507231169927746,12.730123982247626,51.94818559507895,35.82627493799728,53.58846969708266,11.735130422584266,27.941518173983763,69.19470070584103,43.166114677114166,95.81251195713864,59.85760561363468,94.91563675330995,24.490650960936083,90.3042943208724,31.458139022681006
93.33333333333334,500.0,3437988.982638568,5899.131920972806,801.905087576471,43.20819699126219,7.507231169927746,12.730123982247626,51.94818559507895,11.735130422584266,27.941518173983763,35.82627493799728,53.58846969708266,69.19470070584103,43.166114677114166,95.81251195713864,59.85760561363468,90.3042943208724,31.458139022681006,94.91563675330995,24.490650960936083
93.33333333333334,500.0,3437988.982638568,5899.131920972806,801.905087576471,11.735130422584266,27.941518173983763,35.82627493799728,53.58846969708266,43.20819699126219,7.507231169927746,12.730123982247626,51.94818559507895,90.3042943208724,31.458139022681006,94.91563675330995,24.490650960936083,69.19470070584103,43.166114677114166,95.81251195713864,59.85760561363468
93.33333333333334,500.0,3437988.982638568,5899.131920972806,801.905087576471,11.735130422584266,27.941518173983763,35.82627493799728,53.58846969708266,12.730123982247626,51.94818559507895,43.20819699126219,7.507231169927746,90.3042943208724,31.458139022681006,94.91563675330995,24.490650960936083,95.81251195713864,59.85760561363468,69.19470070584103,43.166114677114166
93.33333333333334,500.0,3437988.982638568,5899.131920972806,801.905087576471,11.735130422584266,27.941518173983763,43.20819699126219,7.507231169927746,35.82627493799728,53.58846969708266,12.730123982247626,51.94818559507895,90.3042943208724,31.458139022681006,69.19470070584103,43.166114677114166,94.91563675330995,24.490650960936083,95.81251195713864,59.85760561363468
93.33333333333334,500.0,3437988.982638568,5899.131920972806,801.905087576471,11.735130422584266,27.941518173983763,43.20819699126219,7.507231169927746,12.730123982247626,51.94818559507895,35.82627493799728,53.58846969708266,90.3042943208724,31.458139022681006,69.19470070584103,43.166114677114166,95.81251195713864,59.85760561363468,94.91563675330995,24.490650960936083
93.33333333333334,500.0,3437988.982638568,5899.131920972806,801.905087576471,11.735130422584266,27.941518173983763,12.730123982247626,51.94818559507895,35.82627493799728,53.58846969708266,43.20819699126219,7.507231169927746,90.3042943208724,31.458139022681006,95.81251195713864,59.85760561363468,94.91563675330995,24.490650960936083,69.19470070584103,43.166114677114166
93.33333333333334,500.0,3437988.982638568,5899.131920972806,801.905087576471,11.735130422584266,27.941518173983763,12.730123982247626,51.94818559507895,43.20819699126219,7.507231169927746,35.82627493799728,53.58846969708266,90.3042943208724,31.458139022681006,95.81251195713864,59.85760561363468,69.19470070584103,43.166114677114166,94.91563675330995,24.490650960936083
93.33333333333334,500.0,3437988.982638568,5899.131920972806,801.905087576471,12.730123982247626,51.94818559507895,35.82627493799728,53.58846969708266,43.20819699126219,7.507231169927746,11.735130422584266,27.941518173983763,95.81251195713864,59.85760561363468,94.91563675330995,24.490650960936083,69.19470070584103,43.166114677114166,90.3042943208724,31.458139022681006
93.33333333333334,500.0,3437988.982638568,5899.131920972806,801.905087576471,12.730123982247626,51.94818559507895,35.82627493799728,53.58846969708266,11.735130422584266,27.941518173983763,43.20819699126219,7.507231169927746,95.81251195713864,59.85760561363468,94.91563675330995,24.490650960936083,90.3042943208724,31.458139022681006,69.19470070584103,43.166114677114166
93.33333333333334,500.0,3437988.982638568,5899.131920972806,801.905087576471,12.730123982247626,51.94818559507895,43.20819699126219,7.507231169927746,35.82627493799728,53.58846969708266,11.735130422584266,27.941518173983763,95.81251195713864,59.85760561363468,69.19470070584103,43.166114677114166,94.91563675330995,24.490650960936083,90.3042943208724,31.458139022681006
93.33333333333334,500.0,3437988.982638568,5899.131920972806,801.905087576471,12.730123982247626,51.94818559507895,43.20819699126219,7.507231169927746,11.735130422584266,27.941518173983763,35.82627493799728,53.58846969708266,95.81251195713864,59.85760561363468,69.19470070584103,43.166114677114166,90.3042943208724,31.458139022681006,94.91563675330995,24.490650960936083
93.33333333333334,500.0,3437988.982638568,5899.131920972806,801.905087576471,12.730123982247626,51.94818559507895,11.735130422584266,27.941518173983763,35.82627493799728,53.58846969708266,43.20819699126219,7.507231169927746,95.81251195713864,59.85760561363468,90.3042943208724,31.458139022681006,94.91563675330995,24.490650960936083,69.19470070584103,43.166114677114166
93.33333333333334,500.0,3437988.982638568,5899.131920972806,801.905087576471,12.730123982247626,51.94818559507895,11.735130422584266,27.941518173983763,43.20819699126219,7.507231169927746,35.82627493799728,53.58846969708266,95.81251195713864,59.85760561363468,90.3042943208724,31.458139022681006,69.19470070584103,43.166114677114166,94.91563675330995,24.490650960936083
93.33333333333334,500.0,23678341.617737062,6573.962849330083,3584.919607570724,54.54792674276843,52.36671813014358,26.083593019704068,55.73514920181355,53.37758006349498,9.829793063811872,7.387638858235346,41.06335839119891,117.67455276234688,32.57905556564309,66.87657521871408,36.75570278760463,95.7800748240518,30.07618220989476,65.33457016570414,15.6397609575669
93.33333333333334,500.0,23678341.617737062,6573.962849330083,3584.919607570724,54.54792674276843,52.36671813014358,7.387638858235346,41.06335839119891,26.083593019704068,55.73514920181355,53.37758006349498,9.829793063811872,117.67455276234688,32.57905556564309,65.33457016570414,15.6397609575669,66.87657521871408,36.75570278760463,95.7800748240518,30.07618220989476
93.33333333333334,500.0,23678341.617737062,6573.962849330083,3584.919607570724,54.54792674276843,52.36671813014358,7.387638858235346,41.06335839119891,53.37758006349498,9.829793063811872,26.083593019704068,55.73514920181355,117.67455276234688,32.57905556564309,65.33457016570414,15.6397609575669,95.7800748240518,30.07618220989476,66.87657521871408,36.75570278760463
93.33333333333334,500.0,23678341.617737062,6573.962849330083,3584.919607570724,54.54792674276843,52.36671813014358,53.37758006349498,9.829793063811872,26.083593019704068,55.73514920181355,7.387638858235346,41.06335839119891,117.67455276234688,32.57905556564309,95.7800748240518,30.07618220989476,66.87657521871408,36.75570278760463,65.33457016570414,15.6397609575669
93.33333333333334,500.0,23678341.617737062,6573.962849330083,3584.919607570724,54.54792674276843,52.36671813014358,53.37758006349498,9.829793063811872,7.387638858235346,41.06335839119891,26.083593019704068,55.73514920181355,117.67455276234688,32.57905556564309,95.7800748240518,30.07618220989476,65.33457016570414,15.6397609575669,66.87657521871408,36.75570278760463
93.33333333333334,500.0,23678341.617737062,6573.962849330083,3584.919607570724,26.083593019704068,55.73514920181355,54.54792674276843,52.36671813014358,7.387638858235346,41.06335839119891,53.37758006349498,9.829793063811872,66.87657521871408,36.75570278760463,117.67455276234688,32.57905556564309,65.33457016570414,15.6397609575669,95.7800748240518,30.07618220989476
93.33333333333334,500.0,23678341.617737062,6573.962849330083,3584.919607570724,26.083593019704068,55.73514920181355,54.54792674276843,52.36671813014358,53.37758006349498,9.829793063811872,7.387638858235346,41.06335839119891,66.87657521871408,36.75570278760463,117.67455276234688,32.57905556564309,95.7800748240518,30.07618220989476,65.33457016570414,15.6397609575669
93.33333333333334,500.0,23678341.617737062,6573.962849330083,3584.919607570724,26.083593019704068,55.73514920181355,7.387638858235346,41.06335839119891,54.54792674276843,52.36671813014358,53.37758006349498,9.829793063811872,66.87657521871408,36.75570278760463,65.33457016570414,15.6397609575669,117.67455276234688,32.57905556564309,95.7800748240518,30.07618220989476
93.33333333333334,500.0,23678341.617737062,6573.962849330083,3584.919607570724,26.083593019704068,55.73514920181355,7.387638858235346,41.06335839119891,53.37758006349498,9.829793063811872,54.54792674276843,52.36671813014358,66.87657521871408,36.75570278760463,65.33457016570414,15.6397609575669,95.7800748240518,30.07618220989476,117.67455276234688,32.57905556564309
93.33333333333334,500.0,23678341.617737062,6573.962849330083,3584.919607570724,26.083593019704068,55.73514920181355,53.37758006349498,9.829793063811872,54.54792674276843,52.36671813014358,7.387638858235346,41.06335839119891,66.87657521871408,36.75570278760463,95.7800748240518,30.07618220989476,117.67455276234688,32.57905556564309,65.33457016570414,15.6397609575669
93.33333333333334,500.0,23678341.617737062,6573.962849330083,3584.919607570724,26.083593019704068,55.73514920181355,53.37758006349498,9.829793063811872,7.387638858235346,41.06335839119891,54.54792674276843,52.36671813014358,66.87657521871408,36.75570278760463,95.7800748240518,30.07618220989476,65.33457016570414,15.6397609575669,117.67455276234688,32.57905556564309
93.33333333333334,500.0,23678341.617737062,6573.962849330083,3584.919607570724,7.387638858235346,41.06335839119891,54.54792674276843,52.36671813014358,26.083593019704068,55.73514920181355,53.37758006349498,9.829793063811872,65.33457016570414,15.6397609575669,117.67455276234688,32.57905556564309,66.87657521871408,36.75570278760463,95.7800748240518,30.07618220989476
93.33333333333334,500.0,23678341.617737062,6573.962849330083,3584.919607570724,7.387638858235346,41.06335839119891,54.54792674276843,52.36671813014358,53.37758006349498,9.829793063811872,26.083593019704068,55.73514920181355,65.33457016570414,15.6397609575669,117.67455276234688,32.57905556564309,95.7800748240518,30.07618220989476,66.87657521871408,36.75570278760463
93.33333333333334,500.0,23678341.617737062,6573.962849330083,3584.919607570724,7.387638858235346,41.06335839119891,26.083593019704068,55.73514920181355,54.54792674276843,52.36671813014358,53.37758006349498,9.829793063811872,65.33457016570414,15.6397609575669,66.87657521871408,36.75570278760463,117.67455276234688,32.57905556564309,95.7800748240518,30.07618220989476
93.33333333333334,500.0,23678341.617737062,6573.962849330083,3584.919607570724,7.387638858235346,41.06335839119891,26.083593019704068,55.73514920181355,53.37758006349498,9.829793063811872,54.54792674276843,52.36671813014358,65.33457016570414,15.6397609575669,66.87657521871408,36.75570278760463,95.7800748240518,30.07618220989476,117.67455276234688,32.57905556564309
93.33333333333334,500.0,23678341.617737062,6573.962849330083,3584.919607570724,7.387638858235346,41.06335839119891,53.37758006349498,9.829793063811872,54.54792674276843,52.36671813014358,26.083593019704068,55.73514920181355,65.33457016570414,15.6397609575669,95.7800748240518,30.07618220989476,117.67455276234688,32.57905556564309,66.87657521871408,36.75570278760463
93.33333333333334,500.0,23678341.617737062,6573.962849330083,3584.919607570724,7.387638858235346,41.06335839119891,53.37758006349498,9.829793063811872,26.083593019704068,55.73514920181355,54.54792674276843,52.36671813014358,65.33457016570414,15.6397609575669,95.7800748240518,30.07618220989476,66.87657521871408,36.75570278760463,117.67455276234688,32.57905556564309
93.33333333333334,500.0,23678341.617737062,6573.962849330083,3584.919607570724,53.37758006349498,9.829793063811872,54.54792674276843,52.36671813014358,26.083593019704068,55.73514920181355,7.387638858235346,41.06335839119891,95.7800748240518,30.07618220989476,117.67455276234688,32.57905556564309,66.87657521871408,36.75570278760463,65.33457016570414,15.6397609575669
93.33333333333334,500.0,23678341.617737062,6573.962849330083,3584.919607570724,53.37758006349498,9.829793063811872,54.54792674276843,52.36671813014358,7.387638858235346,41.06335839119891,26.083593019704068,55.73514920181355,95.7800748240518,30.07618220989476,117.67455276234688,32.57905556564309,65.33457016570414,15.6397609575669,66.87657521871408,36.75570278760463
93.33333333333334,500.0,23678341.617737062,6573.962849330083,3584.919607570724,53.37758006349498,9.829793063811872,26.083593019704068,55.73514920181355,54.54792674276843,52.36671813014358,7.387638858235346,41.06335839119891,95.7800748240518,30.07618220989476,66.87657521871408,36.75570278760463,117.67455276234688,32.57905556564309,65.33457016570414,15.6397609575669
93.33333333333334,500.0,23678341.617737062,6573.962849330083,3584.919607570724,53.37758006349498,9.829793063811872,26.083593019704068,55.73514920181355,7.387638858235346,41.06335839119891,54.54792674276843,52.36671813014358,95.7800748240518,30.07618220989476,66.87657521871408,36.75570278760463,65.33457016570414,15.6397609575669,117.67455276234688,32.57905556564309
93.33333333333334,500.0,23678341.617737062,6573.962849330083,3584.919607570724,53.37758006349498,9.829793063811872,7.387638858235346,41.06335839119891,54.54792674276843,52.36671813014358,26.083593019704068,55.73514920181355,95.7800748240518,30.07618220989476,65.33457016570414,15.6397609575669,117.67455276234688,32.57905556564309,66.87657521871408,36.75570278760463
93.33333333333334,500.0,23678341.617737062,6573.962849330083,3584.919607570724,53.37758006349498,9.829793063811872,7.387638858235346,41.06335839119891,26.083593019704068,55.73514920181355,54.54792674276843,52.36671813014358,95.7800748240518,30.07618220989476,65.33457016570414,15.6397609575669,66.87657521871408,36.75570278760463,117.67455276234688,32.57905556564309
93.33333333333334,500.0,11423759.43579026,5224.922067255508,1999.431581807093,56.55109035401546,42.16580384118928,1.3107137636651212,1.4520721328146746,25.28609564503224,25.513188285786125,28.47421354476287,46.709608125055446,115.1933366303172,27.23141372235223,65.63686072221559,13.80981395441496,86.2130044835319,2.0570235799905987,74.7663257980585,41.96347217782445
93.33333333333334,500.0,11423759.43579026,5224.922067255508,1999.431581807093,56.55109035401546,42.16580384118928,28.47421354476287,46.709608125055446,1.3107137636651212,1.4520721328146746,25.28609564503224,25.513188285786125,115.1933366303172,27.23141372235223,74.7663257980585,41.96347217782445,65.63686072221559,13.80981395441496,86.2130044835319,2.0570235799905987
93.33333333333334,500.0,11423759.43579026,5224.922067255508,1999.431581807093,56.55109035401546,42.16580384118928,28.47421354476287,46.709608125055446,25.28609564503224,25.513188285786125,1.3107137636651212,1.4520721328146746,115.1933366303172,27.23141372235223,74.7663257980585,41.96347217782445,86.2130044835319,2.0570235799905987,65.63686072221559,13.80981395441496
93.33333333333334,500.0,11423759.43579026,5224.922067255508,1999.431581807093,56.55109035401546,42.16580384118928,25.28609564503224,25.513188285786125,1.3107137636651212,1.4520721328146746,28.47421354476287,46.709608125055446,115.1933366303172,27.23141372235223,86.2130044835319,2.0570235799905987,65.63686072221559,13.80981395441496,74.7663257980585,41.96347217782445
93.33333333333334,500.0,11423759.43579026,5224.922067255508,1999.431581807093,56.55109035401546,42.16580384118928,25.28609564503224,25.513188285786125,28.47421354476287,46.709608125055446,1.3107137636651212,1.4520721328146746,115.1933366303172,27.23141372235223,86.2130044835319,2.0570235799905987,74.7663257980585,41.96347217782445,65.63686072221559,13.80981395441496
93.33333333333334,500.0,11423759.43579026,5224.922067255508,1999.431581807093,1.3107137636651212,1.4520721328146746,56.55109035401546,42.16580384118928,28.47421354476287,46.709608125055446,25.28609564503224,25.513188285786125,65.63686072221559,13.80981395441496,115.1933366303172,27.23141372235223,74.7663257980585,41.96347217782445,86.2130044835319,2.0570235799905987
93.33333333333334,500.0,11423759.43579026,5224.922067255508,1999.431581807093,1.3107137636651212,1.4520721328146746,56.55109035401546,42.16580384118928,25.28609564503224,25.513188285786125,28.47421354476287,46.709608125055446,65.63686072221559,13.80981395441496,115.1933366303172,27.23141372235223,86.2130044835319,2.0570235799905987,74.7663257980585,41.96347217782445
93.33333333333334,500.0,11423759.43579026,5224.922067255508,1999.431581807093,1.3107137636651212,1.4520721328146746,28.47421354476287,46.709608125055446,56.55109035401546,42.16580384118928,25.28609564503224,25.513188285786125,65.63686072221559,13.80981395441496,74.7663257980585,41.96347217782445,115.1933366303172,27.23141372235223,86.2130044835319,2.0570235799905987
93.33333333333334,500.0,11423759.43579026,5224.922067255508,1999.431581807093,1.3107137636651212,1.4520721328146746,28.47421354476287,46.709608125055446,25.28609564503224,25.513188285786125,56.55109035401546,42.16580384118928,65.63686072221559,13.80981395441496,74.7663257980585,41.96347217782445,86.2130044835319,2.0570235799905987,115.1933366303172,27.23141372235223
93.33333333333334,500.0,11423759.43579026,5224.922067255508,1999.431581807093,1.3107137636651212,1.4520721328146746,25.28609564503224,25.513188285786125,56.55109035401546,42.16580384118928,28.47421354476287,46.709608125055446,65.63686072221559,13.80981395441496,86.2130044835319,2.0570235799905987,115.1933366303172,27.23141372235223,74.7663257980585,41.96347217782445
93.33333333333334,500.0,11423759.43579026,5224.922067255508,1999.431581807093,1.3107137636651212,1.4520721328146746,25.28609564503224,25.513188285786125,28.47421354476287,46.709608125055446,56.55109035401546,42.16580384118928,65.63686072221559,13.80981395441496,86.2130044835319,2.0570235799905987,74.7663257980585,41.96347217782445,115.1933366303172,27.23141372235223
93.33333333333334,500.0,11423759.43579026,5224.922067255508,1999.431581807093,28.47421354476287,46.709608125055446,56.55109035401546,42.16580384118928,1.3107137636651212,1.4520721328146746,25.28609564503224,25.513188285786125,74.7663257980585,41.96347217782445,115.1933366303172,27.23141372235223,65.63686072221559,13.80981395441496,86.2130044835319,2.0570235799905987
93.33333333333334,500.0,11423759.43579026,5224.922067255508,1999.431581807093,28.47421354476287,46.709608125055446,56.55109035401546,42.16580384118928,25.28609564503224,25.513188285786125,1.3107137636651212,1.4520721328146746,74.7663257980585,41.96347217782445,115.1933366303172,27.23141372235223,86.2130044835319,2.0570235799905987,65.63686072221559,13.80981395441496
93.33333333333334,500.0,11423759.43579026,5224.922067255508,1999.431581807093,28.47421354476287,46.709608125055446,1.3107137636651212,1.4520721328146746,56.55109035401546,42.16580384118928,25.28609564503224,25.513188285786125,74.7663257980585,41.96347217782445,65.63686072221559,13.80981395441496,115.1933366303172,27.23141372235223,86.2130044835319,2.0570235799905987
93.33333333333334,500.0,11423759.43579026,5224.922067255508,1999.431581807093,28.47421354476287,46.709608125055446,1.3107137636651212,1.4520721328146746,25.28609564503224,25.513188285786125,56.55109035401546,42.16580384118928,74.7663257980585,41.96347217782445,65.63686072221559,13.80981395441496,86.2130044835319,2.0570235799905987,115.1933366303172,27.23141372235223
93.33333333333334,500.0,11423759.43579026,5224.922067255508,1999.431581807093,28.47421354476287,46.709608125055446,25.28609564503224,25.513188285786125,56.55109035401546,42.16580384118928,1.3107137636651212,1.4520721328146746,74.7663257980585,41.96347217782445,86.2130044835319,2.0570235799905987,115.1933366303172,27.23141372235223,65.63686072221559,13.80981395441496
93.33333333333334,500.0,11423759.43579026,5224.922067255508,1999.431581807093,28.47421354476287,46.709608125055446,25.28609564503224,25.513188285786125,1.3107137636651212,1.4520721328146746,56.55109035401546,42.16580384118928,74.7663257980585,41.96347217782445,86.2130044835319,2.0570235799905987,65.63686072221559,13.80981395441496,115.1933366303172,27.23141372235223
93.33333333333334,500.0,11423759.43579026,5224.922067255508,1999.431581807093,25.28609564503224,25.513188285786125,56.55109035401546,42.16580384118928,1.3107137636651212,1.4520721328146746,28.47421354476287,46.709608125055446,86.2130044835319,2.0570235799905987,115.1933366303172,27.23141372235223,65.63686072221559,13.80981395441496,74.7663257980585,41.96347217782445
93.33333333333334,500.0,11423759.43579026,5224.922067255508,1999.431581807093,25.28609564503224,25.513188285786125,56.55109035401546,42.16580384118928,28.47421354476287,46.709608125055446,1.3107137636651212,1.4520721328146746,86.2130044835319,2.0570235799905987,115.1933366303172,27.23141372235223,74.7663257980585,41.96347217782445,65.63686072221559,13.80981395441496
93.33333333333334,500.0,11423759.43579026,5224.922067255508,1999.431581807093,25.28609564503224,25.513188285786125,1.3107137636651212,1.4520721328146746,56.55109035401546,42.16580384118928,28.47421354476287,46.709608125055446,86.2130044835319,2.0570235799905987,65.63686072221559,13.80981395441496,115.1933366303172,27.23141372235223,74.7663257980585,41.96347217782445
93.33333333333334,500.0,11423759.43579026,5224.922067255508,1999.431581807093,25.28609564503224,25.513188285786125,1.3107137636651212,1.4520721328146746,28.47421354476287,46.709608125055446,56.55109035401546,42.16580384118928,86.2130044835319,2.0570235799905987,65.63686072221559,13.80981395441496,74.7663257980585,41.96347217782445,115.1933366303172,27.23141372235223
93.33333333333334,500.0,11423759.43579026,5224.922067255508,1999.431581807093,25.28609564503224,25.513188285786125,28.47421354476287,46.709608125055446,56.55109035401546,42.16580384118928,1.3107137636651212,1.4520721328146746,86.2130044835319,2.0570235799905987,74.7663257980585,41.96347217782445,115.1933366303172,27.23141372235223,65.63686072221559,13.80981395441496
93.33333333333334,500.0,11423759.43579026,5224.922067255508,1999.431581807093,25.28609564503224,25.513188285786125,28.47421354476287,46.709608125055446,1.3107137636651212,1.4520721328146746,56.55109035401546,42.16580384118928,86.2130044835319,2.0570235799905987,74.7663257980585,41.96347217782445,65.63686072221559,13.80981395441496,115.1933366303172,27.23141372235223
93.33333333333334,500.0,22046820.66590891,5472.913004366634,2577.2385332976287,26.29761949961138,10.622057669513667,8.159263100887744,35.044372623225776,51.436652017042434,17.332232140959412,56.50747002159251,44.56407627355854,115.09819720149684,41.0931095912451,106.99450242381096,49.64823117606903,113.14412966890195,27.71949589968637,109.60605251128548,9.798373999053936
93.33333333333334,500.0,22046820.66590891,5472.913004366634,2577.2385332976287,26.29761949961138,10.622057669513667,56.50747002159251,44.56407627355854,8.159263100887744,35.044372623225776,51.436652017042434,17.332232140959412,115.09819720149684,41.0931095912451,109.60605251128548,9.798373999053936,106.99450242381096,49.64823117606903,113.14412966890195,27.71949589968637
93.33333333333334,500.0,22046820.66590891,5472.913004366634,2577.2385332976287,26.29761949961138,10.622057669513667,56.50747002159251,44.56407627355854,51.436652017042434,17.332232140959412,8.159263100887744,35.044372623225776,115.09819720149684,41.0931095912451,109.60605251128548,9.798373999053936,113.14412966890195,27.71949589968637,106.99450242381096,49.64823117606903
93.33333333333334,500.0,22046820.66590891,5472.913004366634,2577.2385332976287,26.29761949961138,10.622057669513667,51.436652017042434,17.332232140959412,8.159263100887744,35.044372623225776,56.50747002159251,44.56407627355854,115.09819720149684,41.0931095912451,113.14412966890195,27.71949589968637,106.99450242381096,49.64823117606903,109.60605251128548,9.798373999053936
93.33333333333334,500.0,22046820.66590891,5472.913004366634,2577.2385332976287,26.29761949961138,10.622057669513667,51.436652017042434,17.332232140959412,56.50747002159251,44.56407627355854,8.159263100887744,35.044372623225776,115.09819720149684,41.0931095912451,113.14412966890195,27.71949589968637,109.60605251128548,9.798373999053936,106.99450242381096,49.64823117606903
93.33333333333334,500.0,22046820.66590891,5472.913004366634,2577.2385332976287,8.159263100887744,35.044372623225776,26.29761949961138,10.622057669513667,56.50747002159251,44.56407627355854,51.436652017042434,17.332232140959412,106.99450242381096,49.64823117606903,115.09819720149684,41.0931095912451,109.60605251128548,9.798373999053936,113.14412966890195,27.71949589968637
93.33333333333334,500.0,22046820.66590891,5472.913004366634,2577.2385332976287,8.159263100887744,35.044372623225776,26.29761949961138,10.622057669513667,51.436652017042434,17.332232140959412,56.50747002159251,44.56407627355854,106.99450242381096,49.64823117606903,115.09819720149684,41.0931095912451,113.14412966890195,27.71949589968637,109.60605251128548,9.798373999053936
93.33333333333334,500.0,22046820.66590891,5472.913004366634,2577.2385332976287,8.159263100887744,35.044372623225776,56.50747002159251,44.56407627355854,26.29761949961138,10.622057669513667,51.436652017042434,17.332232140959412,106.99450242381096,49.64823117606903,109.60605251128548,9.798373999053936,115.09819720149684,41.0931095912451,113.14412966890195,27.71949589968637
93.33333333333334,500.0,22046820.66590891,5472.913004366634,2577.2385332976287,8.159263100887744,35.044372623225776,56.50747002159251,44.56407627355854,51.436652017042434,17.332232140959412,26.29761949961138,10.622057669513667,106.99450242381096,49.64823117606903,109.60605251128548,9.798373999053936,113.14412966890195,27.71949589968637,115.09819720149684,41.0931095912451
93.33333333333334,500.0,22046820.66590891,5472.913004366634,2577.2385332976287,8.159263100887744,35.044372623225776,51.436652017042434,17.332232140959412,26.29761949961138,10.622057669513667,56.50747002159251,44.56407627355854,106.99450242381096,49.64823117606903,113.14412966890195,27.71949589968637,115.09819720149684,41.0931095912451,109.60605251128548,9.798373999053936
93.33333333333334,500.0,22046820.66590891,5472.913004366634,2577.2385332976287,8.159263100887744,35.044372623225776,51.436652017042434,17.332232140959412,56.50747002159251,44.56407627355854,26.29761949961138,10.622057669513667,106.99450242381096,49.64823117606903,113.14412966890195,27.71949589968637,109.60605251128548,9.798373999053936,115.09819720149684,41.0931095912451
93.33333333333334,500.0,22046820.66590891,5472.913004366634,2577.2385332976287,56.50747002159251,44.56407627355854,26.29761949961138,10.622057669513667,8.159263100887744,35.044372623225776,51.436652017042434,17.332232140959412,109.60605251128548,9.798373999053936,115.09819720149684,41.0931095912451,106.99450242381096,49.64823117606903,113.14412966890195,27.71949589968637
93.33333333333334,500.0,22046820.66590891,5472.913004366634,2577.2385332976287,56.50747002159251,44.56407627355854,26.29761949961138,10.622057669513667,51.436652017042434,17.332232140959412,8.159263100887744,35.044372623225776,109.60605251128548,9.798373999053936,115.09819720149684,41.0931095912451,113.14412966890195,27.71949589968637,106.99450242381096,49.64823117606903
93.33333333333334,500.0,22046820.66590891,5472.913004366634,2577.2385332976287,56.50747002159251,44.56407627355854,8.159263100887744,35.044372623225776,26.29761949961138,10.622057669513667,51.436652017042434,17.332232140959412,109.60605251128548,9.798373999053936,106.99450242381096,49.64823117606903,115.09819720149684,41.0931095912451,113.14412966890195,27.71949589968637
93.33333333333334,500.0,22046820.66590891,5472.913004366634,2577.2385332976287,56.50747002159251,44.56407627355854,8.159263100887744,35.044372623225776,51.436652017042434,17.332232140959412,26.29761949961138,10.622057669513667,109.60605251128548,9.798373999053936,106.99450242381096,49.64823117606903,113.14412966890195,27.71949589968637,115.09819720149684,41.0931095912451
93.33333333333334,500.0,22046820.66590891,5472.913004366634,2577.2385332976287,56.50747002159251,44.56407627355854,51.436652017042434,17.332232140959412,26.29761949961138,10.622057669513667,8.159263100887744,35.044372623225776,109.60605251128548,9.798373999053936,113.14412966890195,27.71949589968637,115.09819720149684,41.0931095912451,106.99450242381096,49.64823117606903
93.33333333333334,500.0,22046820.66590891,5472.913004366634,2577.2385332976287,56.50747002159251,44.56407627355854,51.436652017042434,17.332232140959412,8.159263100887744,35.044372623225776,26.29761949961138,10.622057669513667,109.60605251128548,9.798373999053936,113.14412966890195,27.71949589968637,106.99450242381096,49.64823117606903,115.09819720149684,41.0931095912451
93.33333333333334,500.0,22046820.66590891,5472.913004366634,2577.2385332976287,51.436652017042434,17.332232140959412,26.29761949961138,10.622057669513667,8.159263100887744,35.044372623225776,56.50747002159251,44.56407627355854,113.14412966890195,27.71949589968637,115.09819720149684,41.0931095912451,106.99450242381096,49.64823117606903,109.60605251128548,9.798373999053936
93.33333333333334,500.0,22046820.66590891,5472.913004366634,2577.2385332976287,51.436652017042434,17.332232140959412,26.29761949961138,10.622057669513667,56.50747002159251,44.56407627355854,8.159263100887744,35.044372623225776,113.14412966890195,27.71949589968637,115.09819720149684,41.0931095912451,109.60605251128548,9.798373999053936,106.99450242381096,49.64823117606903
93.33333333333334,500.0,22046820.66590891,5472.913004366634,2577.2385332976287,51.436652017042434,17.332232140959412,8.159263100887744,35.044372623225776,26.29761949961138,10.622057669513667,56.50747002159251,44.56407627355854,113.14412966890195,27.71949589968637,106.99450242381096,49.64823117606903,115.09819720149684,41.0931095912451,109.60605251128548,9.798373999053936
93.33333333333334,500.0,22046820.66590891,5472.913004366634,2577.2385332976287,51.436652017042434,17.332232140959412,8.159263100887744,35.044372623225776,56.50747002159251,44.56407627355854,26.29761949961138,10.622057669513667,113.14412966890195,27.71949589968637,106.99450242381096,49.64823117606903,109.60605251128548,9.798373999053936,115.09819720149684,41.0931095912451
93.33333333333334,500.0,22046820.66590891,5472.913004366634,2577.2385332976287,51.436652017042434,17.332232140959412,56.50747002159251,44.56407627355854,26.29761949961138,10.622057669513667,8.159263100887744,35.044372623225776,113.14412966890195,27.71949589968637,109.60605251128548,9.798373999053936,115.09819720149684,41.0931095912451,106.99450242381096,49.64823117606903
93.33333333333334,500.0,22046820.66590891,5472.913004366634,2577.2385332976287,51.436652017042434,17.332232140959412,56.50747002159251,44.56407627355854,8.159263100887744,35.044372623225776,26.29761949961138,10.622057669513667,113.14412966890195,27.71949589968637,109.60605251128548,9.798373999053936,106.99450242381096,49.64823117606903,115.09819720149684,41.0931095912451
93.33333333333334,500.0,6060343.152258673,6057.305044862692,945.1366491197084,25.588670881418164,38.09203944321389,3.4764116466160577,46.7646209904263,19.04502096122945,3.7262675310507687,51.89543429029944,57.23531273787504,83.08048027136138,32.356221494435786,63.1295398805792,34.79601082907688,115.8066344222017,7.058162868357723,118.0319212620692,47.09701068478368
93.33333333333334,500.0,6060343.152258673,6057.305044862692,945.1366491197084,25.588670881418164,38.09203944321389,51.89543429029944,57.23531273787504,3.4764116466160577,46.7646209904263,19.04502096122945,3.7262675310507687,83.08048027136138,32.356221494435786,118.0319212620692,47.09701068478368,63.1295398805792,34.79601082907688,115.8066344222017,7.058162868357723
93.33333333333334,500.0,6060343.152258673,6057.305044862692,945.1366491197084,25.588670881418164,38.09203944321389,51.89543429029944,57.23531273787504,19.04502096122945,3.7262675310507687,3.4764116466160577,46.7646209904263,83.08048027136138,32.356221494435786,118.0319212620692,47.09701068478368,115.8066344222017,7.058162868357723,63.1295398805792,34.79601082907688
93.33333333333334,500.0,6060343.152258673,6057.305044862692,945.1366491197084,25.588670881418164,38.09203944321389,19.04502096122945,3.7262675310507687,3.4764116466160577,46.7646209904263,51.89543429029944,57.23531273787504,83.08048027136138,32.356221494435786,115.8066344222017,7.058162868357723,63.1295398805792,34.79601082907688,118.0319212620692,47.09701068478368
93.33333333333334,500.0,6060343.152258673,6057.305044862692,945.1366491197084,25.588670881418164,38.09203944321389,19.04502096122945,3.7262675310507687,51.89543429029944,57.23531273787504,3.4764116466160577,46.7646209904263,83.08048027136138,32.356221494435786,115.8066344222017,7.058162868357723,118.0319212620692,47.09701068478368,63.1295398805792,34.79601082907688
93.33333333333334,500.0,6060343.152258673,6057.305044862692,945.1366491197084,3.4764116466160577,46.7646209904263,25.588670881418164,38.09203944321389,51.89543429029944,57.23531273787504,19.04502096122945,3.7262675310507687,63.1295398805792,34.79601082907688,83.08048027136138,32.356221494435786,118.0319212620692,47.09701068478368,115.8066344222017,7.058162868357723
93.33333333333334,500.0,6060343.152258673,6057.305044862692,945.1366491197084,3.4764116466160577,46.7646209904263,25.588670881418164,38.09203944321389,19.04502096122945,3.7262675310507687,51.89543429029944,57.23531273787504,63.1295398805792,34.79601082907688,83.08048027136138,32.356221494435786,115.8066344222017,7.058162868357723,118.0319212620692,47.09701068478368
93.33333333333334,500.0,6060343.152258673,6057.305044862692,945.1366491197084,3.4764116466160577,46.7646209904263,51.89543429029944,57.23531273787504,25.588670881418164,38.09203944321389,19.04502096122945,3.7262675310507687,63.1295398805792,34.79601082907688,118.0319212620692,47.09701068478368,83.08048027136138,32.356221494435786,115.8066344222017,7.058162868357723
93.33333333333334,500.0,6060343.152258673,6057.305044862692,945.1366491197084,3.4764116466160577,46.7646209904263,51.89543429029944,57.23531273787504,19.04502096122945,3.7262675310507687,25.588670881418164,38.09203944321389,63.1295398805792,34.79601082907688,118.0319212620692,47.09701068478368,115.8066344222017,7.058162868357723,83.08048027136138,32.356221494435786
93.33333333333334,500.0,6060343.152258673,6057.305044862692,945.1366491197084,3.4764116466160577,46.7646209904263,19.04502096122945,3.7262675310507687,25.588670881418164,38.09203944321389,51.89543429029944,57.23531273787504,63.1295398805792,34.79601082907688,115.8066344222017,7.058162868357723,83.08048027136138,32.356221494435786,118.0319212620692,47.09701068478368
93.33333333333334,500.0,6060343.152258673,6057.305044862692,945.1366491197084,3.4764116466160577,46.7646209904263,19.04502096122945,3.7262675310507687,51.89543429029944,57.23531273787504,25.588670881418164,38.09203944321389,63.1295398805792,34.79601082907688,115.8066344222017,7.058162868357723,118.0319212620692,47.09701068478368,83.08048027136138,32.356221494435786
93.33333333333334,500.0,6060343.152258673,6057.305044862692,945.1366491197084,51.89543429029944,57.23531273787504,25.588670881418164,38.09203944321389,3.4764116466160577,46.7646209904263,19.04502096122945,3.7262675310507687,118.0319212620692,47.09701068478368,83.08048027136138,32.356221494435786,63.1295398805792,34.79601082907688,115.8066344222017,7.058162868357723
93.33333333333334,500.0,6060343.152258673,6057.305044862692,945.1366491197084,51.89543429029944,57.23531273787504,25.588670881418164,38.09203944321389,19.04502096122945,3.7262675310507687,3.4764116466160577,46.7646209904263,118.0319212620692,47.09701068478368,83.08048027136138,32.356221494435786,115.8066344222017,7.058162868357723,63.1295398805792,34.79601082907688
93.33333333333334,500.0,6060343.152258673,6057.305044862692,945.1366491197084,51.89543429029944,57.23531273787504,3.4764116466160577,46.7646209904263,25.588670881418164,38.09203944321389,19.04502096122945,3.7262675310507687,118.0319212620692,47.09701068478368,63.1295398805792,34.79601082907688,83.08048027136138,32.356221494435786,115.8066344222017,7.058162868357723
93.33333333333334,500.0,6060343.152258673,6057.305044862692,945.1366491197084,51.89543429029944,57.23531273787504,3.4764116466160577,46.7646209904263,19.04502096122945,3.7262675310507687,25.588670881418164,38.09203944321389,118.0319212620692,47.09701068478368,63.1295398805792,34.79601082907688,115.8066344222017,7.058162868357723,83.08048027136138,32.356221494435786
93.33333333333334,500.0,6060343.152258673,6057.305044862692,945.1366491197084,51.89543429029944,57.23531273787504,19.04502096122945,3.7262675310507687,25.588670881418164,38.09203944321389,3.4764116466160577,46.7646209904263,118.0319212620692,47.09701068478368,115.8066344222017,7.058162868357723,83.08048027136138,32.356221494435786,63.1295398805792,34.79601082907688
93.33333333333334,500.0,6060343.152258673,6057.305044862692,945.1366491197084,51.89543429029944,57.23531273787504,19.04502096122945,3.7262675310507687,3.4764116466160577,46.7646209904263,25.588670881418164,38.09203944321389,118.0319212620692,47.09701068478368,115.8066344222017,7.058162868357723,63.1295398805792,34.79601082907688,83.08048027136138,32.356221494435786
93.33333333333334,500.0,6060343.152258673,6057.305044862692,945.1366491197084,19.04502096122945,3.7262675310507687,25.588670881418164,38.09203944321389,3.4764116466160577,46.7646209904263,51.89543429029944,57.23531273787504,115.8066344222017,7.058162868357723,83.08048027136138,32.356221494435786,63.1295398805792,34.79601082907688,118.0319212620692,47.09701068478368
93.33333333333334,500.0,6060343.152258673,6057.305044862692,945.1366491197084,19.04502096122945,3.7262675310507687,25.588670881418164,38.09203944321389,51.89543429029944,57.23531273787504,3.4764116466160577,46.7646209904263,115.8066344222017,7.058162868357723,83.08048027136138,32.356221494435786,118.0319212620692,47.09701068478368,63.1295398805792,34.79601082907688
93.33333333333334,500.0,6060343.152258673,6057.305044862692,945.1366491197084,19.04502096122945,3.7262675310507687,3.4764116466160577,46.7646209904263,25.588670881418164,38.09203944321389,51.89543429029944,57.23531273787504,115.8066344222017,7.058162868357723,63.1295398805792,34.79601082907688,83.08048027136138,32.356221494435786,118.0319212620692,47.09701068478368
93.33333333333334,500.0,6060343.152258673,6057.305044862692,945.1366491197084,19.04502096122945,3.7262675310507687,3.4764116466160577,46.7646209904263,51.89543429029944,57.23531273787504,25.588670881418164,38.09203944321389,115.8066344222017,7.058162868357723,63.1295398805792,34.79601082907688,118.0319212620692,47.09701068478368,83.08048027136138,32.356221494435786
93.33333333333334,500.0,6060343.152258673,6057.305044862692,945.1366491197084,19.04502096122945,3.7262675310507687,51.89543429029944,57.23531273787504,25.588670881418164,38.09203944321389,3.4764116466160577,46.7646209904263,115.8066344222017,7.058162868357723,118.0319212620692,47.09701068478368,83.08048027136138,32.356221494435786,63.1295398805792,34.79601082907688
93.33333333333334,500.0,6060343.152258673,6057.305044862692,945.1366491197084,19.04502096122945,3.7262675310507687,51.89543429029944,57.23531273787504,3.4764116466160577,46.7646209904263,25.588670881418164,38.09203944321389,115.8066344222017,7.058162868357723,118.0319212620692,47.09701068478368,63.1295398805792,34.79601082907688,83.08048027136138,32.356221494435786
93.33333333333334,500.0,30343690.082588296,8155.419635884494,3581.202523022173,1.2944118027610885,40.88481364879613,50.35445727302164,6.084072657683919,26.24652777410228,16.961404311282003,37.37126712945376,39.609436053519474,66.29321078750309,30.52843788741193,110.30692313574087,18.539017986692592,90.78575197217631,12.368994224952782,93.82134224643936,37.04204556137036
93.33333333333334,500.0,30343690.082588296,8155.419635884494,3581.202523022173,1.2944118027610885,40.88481364879613,37.37126712945376,39.609436053519474,50.35445727302164,6.084072657683919,26.24652777410228,16.961404311282003,66.29321078750309,30.52843788741193,93.82134224643936,37.04204556137036,110.30692313574087,18.539017986692592,90.78575197217631,12.368994224952782
93.33333333333334,500.0,30343690.082588296,8155.419635884494,3581.202523022173,1.2944118027610885,40.88481364879613,37.37126712945376,39.609436053519474,26.24652777410228,16.961404311282003,50.35445727302164,6.084072657683919,66.29321078750309,30.52843788741193,93.82134224643936,37.04204556137036,90.78575197217631,12.368994224952782,110.30692313574087,18.539017986692592
93.33333333333334,500.0,30343690.082588296,8155.419635884494,3581.202523022173,1.2944118027610885,40.88481364879613,26.24652777410228,16.961404311282003,50.35445727302164,6.084072657683919,37.37126712945376,39.609436053519474,66.29321078750309,30.52843788741193,90.78575197217631,12.368994224952782,110.30692313574087,18.539017986692592,93.82134224643936,37.04204556137036
93.33333333333334,500.0,30343690.082588296,8155.419635884494,3581.202523022173,1.2944118027610885,40.88481364879613,26.24652777410228,16.961404311282003,37.37126712945376,39.609436053519474,50.35445727302164,6.084072657683919,66.29321078750309,30.52843788741193,90.78575197217631,12.368994224952782,93.82134224643936,37.04204556137036,110.30692313574087,18.539017986692592
93.33333333333334,500.0,30343690.082588296,8155.419635884494,3581.202523022173,50.35445727302164,6.084072657683919,1.2944118027610885,40.88481364879613,37.37126712945376,39.609436053519474,26.24652777410228,16.961404311282003,110.30692313574087,18.539017986692592,66.29321078750309,30.52843788741193,93.82134224643936,37.04204556137036,90.78575197217631,12.368994224952782
93.33333333333334,500.0,30343690.082588296,8155.419635884494,3581.202523022173,50.35445727302164,6.084072657683919,1.2944118027610885,40.88481364879613,26.24652777410228,16.961404311282003,37.37126712945376,39.609436053519474,110.30692313574087,18.539017986692592,66.29321078750309,30.52843788741193,90.78575197217631,12.368994224952782,93.82134224643936,37.04204556137036
93.33333333333334,500.0,30343690.082588296,8155.419635884494,3581.202523022173,50.35445727302164,6.084072657683919,37.37126712945376,39.609436053519474,1.2944118027610885,40.88481364879613,26.24652777410228,16.961404311282003,110.30692313574087,18.539017986692592,93.82134224643936,37.04204556137036,66.29321078750309,30.52843788741193,90.78575197217631,12.368994224952782
93.33333333333334,500.0,30343690.082588296,8155.419635884494,3581.202523022173,50.35445727302164,6.084072657683919,37.37126712945376,39.609436053519474,26.24652777410228,16.961404311282003,1.2944118027610885,40.88481364879613,110.30692313574087,18.539017986692592,93.82134224643936,37.04204556137036,90.78575197217631,12.368994224952782,66.29321078750309,30.52843788741193
93.33333333333334,500.0,30343690.082588296,8155.419635884494,3581.202523022173,50.35445727302164,6.084072657683919,26.24652777410228,16.961404311282003,1.2944118027610885,40.88481364879613,37.37126712945376,39.609436053519474,110.30692313574087,18.539017986692592,90.78575197217631,12.368994224952782,66.29321078750309,30.52843788741193,93.82134224643936,37.04204556137036
93.33333333333334,500.0,30343690.082588296,8155.419635884494,3581.202523022173,50.35445727302164,6.084072657683919,26.24652777410228,16.961404311282003,37.37126712945376,39.609436053519474,1.2944118027610885,40.88481364879613,110.30692313574087,18.539017986692592,90.78575197217631,12.368994224952782,93.82134224643936,37.04204556137036,66.29321078750309,30.52843788741193
93.33333333333334,500.0,30343690.082588296,8155.419635884494,3581.202523022173,37.37126712945376,39.609436053519474,1.2944118027610885,40.88481364879613,50.35445727302164,6.084072657683919,26.24652777410228,16.961404311282003,93.82134224643936,37.04204556137036,66.29321078750309,30.52843788741193,110.30692313574087,18.539017986692592,90.78575197217631,12.368994224952782
93.33333333333334,500.0,30343690.082588296,8155.419635884494,3581.202523022173,37.37126712945376,39.609436053519474,1.2944118027610885,40.88481364879613,26.24652777410228,16.961404311282003,50.35445727302164,6.084072657683919,93.82134224643936,37.04204556137036,66.29321078750309,30.52843788741193,90.78575197217631,12.368994224952782,110.30692313574087,18.539017986692592
93.33333333333334,500.0,30343690.082588296,8155.419635884494,3581.202523022173,37.37126712945376,39.609436053519474,50.35445727302164,6.084072657683919,1.2944118027610885,40.88481364879613,26.24652777410228,16.961404311282003,93.82134224643936,37.04204556137036,110.30692313574087,18.539017986692592,66.29321078750309,30.52843788741193,90.78575197217631,12.368994224952782
93.33333333333334,500.0,30343690.082588296,8155.419635884494,3581.202523022173,37.37126712945376,39.609436053519474,50.35445727302164,6.084072657683919,26.24652777410228,16.961404311282003,1.2944118027610885,40.88481364879613,93.82134224643936,37.04204556137036,110.30692313574087,18.539017986692592,90.78575197217631,12.368994224952782,66.29321078750309,30.52843788741193
93.33333333333334,500.0,30343690.082588296,8155.419635884494,3581.202523022173,37.37126712945376,39.609436053519474,26.24652777410228,16.961404311282003,1.2944118027610885,40.88481364879613,50.35445727302164,6.084072657683919,93.82134224643936,37.04204556137036,90.78575197217631,12.368994224952782,66.29321078750309,30.52843788741193,110.30692313574087,18.539017986692592
93.33333333333334,500.0,30343690.082588296,8155.419635884494,3581.202523022173,37.37126712945376,39.609436053519474,26.24652777410228,16.961404311282003,50.35445727302164,6.084072657683919,1.2944118027610885,40.88481364879613,93.82134224643936,37.04204556137036,90.78575197217631,12.368994224952782,110.30692313574087,18.539017986692592,66.29321078750309,30.52843788741193
93.33333333333334,500.0,30343690.082588296,8155.419635884494,3581.202523022173,26.24652777410228,16.961404311282003,1.2944118027610885,40.88481364879613,50.35445727302164,6.084072657683919,37.37126712945376,39.609436053519474,90.78575197217631,12.368994224952782,66.29321078750309,30.52843788741193,110.30692313574087,18.539017986692592,93.82134224643936,37.04204556137036
93.33333333333334,500.0,30343690.082588296,8155.419635884494,3581.202523022173,26.24652777410228,16.961404311282003,1.2944118027610885,40.88481364879613,37.37126712945376,39.609436053519474,50.35445727302164,6.084072657683919,90.78575197217631,12.368994224952782,66.29321078750309,30.52843788741193,93.82134224643936,37.04204556137036,110.30692313574087,18.539017986692592
93.33333333333334,500.0,30343690.082588296,8155.419635884494,3581.202523022173,26.24652777410228,16.961404311282003,50.35445727302164,6.084072657683919,1.2944118027610885,40.88481364879613,37.37126712945376,39.609436053519474,90.78575197217631,12.368994224952782,110.30692313574087,18.539017986692592,66.29321078750309,30.52843788741193,93.82134224643936,37.04204556137036
93.33333333333334,500.0,30343690.082588296,8155.419635884494,3581.202523022173,26.24652777410228,16.961404311282003,50.35445727302164,6.084072657683919,37.37126712945376,39.609436053519474,1.2944118027610885,40.88481364879613,90.78575197217631,12.368994224952782,110.30692313574087,18.539017986692592,93.82134224643936,37.04204556137036,66.29321078750309,30.52843788741193
93.33333333333334,500.0,30343690.082588296,8155.419635884494,3581.202523022173,26.24652777410228,16.961404311282003,37.37126712945376,39.609436053519474,1.2944118027610885,40.88481364879613,50.35445727302164,6.084072657683919,90.78575197217631,12.368994224952782,93.82134224643936,37.04204556137036,66.29321078750309,30.52843788741193,110.30692313574087,18.539017986692592
93.33333333333334,500.0,30343690.082588296,8155.419635884494,3581.202523022173,26.24652777410228,16.961404311282003,37.37126712945376,39.609436053519474,50.35445727302164,6.084072657683919,1.2944118027610885,40.88481364879613,90.78575197217631,12.368994224952782,93.82134224643936,37.04204556137036,110.30692313574087,18.539017986692592,66.29321078750309,30.52843788741193
93.33333333333334,500.0,12062356.57261579,4281.438780421294,2470.5833992967505,4.986313481924669,28.443465478277947,39.262306054545846,45.08312330904238,58.59750221033434,55.27925142276624,32.20875713361245,6.580401820989456,63.24742738760485,36.898063183432,119.58041849364426,19.43923001143416,115.70193411573874,51.95367898150077,94.13402169162087,16.849324274109886
93.33333333333334,500.0,12062356.57261579,4281.438780421294,2470.5833992967505,4.986313481924669,28.443465478277947,32.20875713361245,6.580401820989456,39.262306054545846,45.08312330904238,58.59750221033434,55.27925142276624,63.24742738760485,36.898063183432,94.13402169162087,16.849324274109886,119.58041849364426,19.43923001143416,115.70193411573874,51.95367898150077
93.33333333333334,500.0,12062356.57261579,4281.438780421294,2470.5833992967505,4.986313481924669,28.443465478277947,32.20875713361245,6.580401820989456,58.59750221033434,55.27925142276624,39.262306054545846,45.08312330904238,63.24742738760485,36.898063183432,94.13402169162087,16.849324274109886,115.70193411573874,51.95367898150077,119.58041849364426,19.43923001143416
93.33333333333334,500.0,12062356.57261579,4281.438780421294,2470.5833992967505,4.986313481924669,28.443465478277947,58.59750221033434,55.27925142276624,39.262306054545846,45.08312330904238,32.20875713361245,6.580401820989456,63.24742738760485,36.898063183432,115.70193411573874,51.95367898150077,119.58041849364426,19.43923001143416,94.13402169162087,16.849324274109886
93.33333333333334,500.0,12062356.57261579,4281.438780421294,2470.5833992967505,4.986313481924669,28.443465478277947,58.59750221033434,55.27925142276624,32.20875713361245,6.580401820989456,39.262306054545846,45.08312330904238,63.24742738760485,36.898063183432,115.70193411573874,51.95367898150077,94.13402169162087,16.849324274109886,119.58041849364426,19.43923001143416
93.33333333333334,500.0,12062356.57261579,4281.438780421294,2470.5833992967505,39.262306054545846,45.08312330904238,4.986313481924669,28.443465478277947,32.20875713361245,6.580401820989456,58.59750221033434,55.27925142276624,119.58041849364426,19.43923001143416,63.24742738760485,36.898063183432,94.13402169162087,16.849324274109886,115.70193411573874,51.95367898150077
93.33333333333334,500.0,12062356.57261579,4281.438780421294,2470.5833992967505,39.262306054545846,45.08312330904238,4.986313481924669,28.443465478277947,58.59750221033434,55.27925142276624,32.20875713361245,6.580401820989456,119.58041849364426,19.43923001143416,63.24742738760485,36.898063183432,115.70193411573874,51.95367898150077,94.13402169162087,16.849324274109886
93.33333333333334,500.0,12062356.57261579,4281.438780421294,2470.5833992967505,39.262306054545846,45.08312330904238,32.20875713361245,6.580401820989456,4.986313481924669,28.443465478277947,58.59750221033434,55.27925142276624,119.58041849364426,19.43923001143416,94.13402169162087,16.849324274109886,63.24742738760485,36.898063183432,115.70193411573874,51.95367898150077
93.33333333333334,500.0,12062356.57261579,4281.438780421294,2470.5833992967505,39.262306054545846,45.08312330904238,32.20875713361245,6.580401820989456,58.59750221033434,55.27925142276624,4.986313481924669,28.443465478277947,119.58041849364426,19.43923001143416,94.13402169162087,16.849324274109886,115.70193411573874,51.95367898150077,63.24742738760485,36.898063183432
93.33333333333334,500.0,12062356.57261579,4281.438780421294,2470.5833992967505,39.262306054545846,45.08312330904238,58.59750221033434,55.27925142276624,4.986313481924669,28.443465478277947,32.20875713361245,6.580401820989456,119.58041849364426,19.43923001143416,115.70193411573874,51.95367898150077,63.24742738760485,36.898063183432,94.13402169162087,16.849324274109886
93.33333333333334,500.0,12062356.57261579,4281.438780421294,2470.5833992967505,39.262306054545846,45.08312330904238,58.59750221033434,55.27925142276624,32.20875713361245,6.580401820989456,4.986313481924669,28.443465478277947,119.58041849364426,19.43923001143416,115.70193411573874,51.95367898150077,94.13402169162087,16.849324274109886,63.24742738760485,36.898063183432
93.33333333333334,500.0,12062356.57261579,4281.438780421294,2470.5833992967505,32.20875713361245,6.580401820989456,4.986313481924669,28.443465478277947,39.262306054545846,45.08312330904238,58.59750221033434,55.27925142276624,94.13402169162087,16.849324274109886,63.24742738760485,36.898063183432,119.58041849364426,19.43923001143416,115.70193411573874,51.95367898150077
93.33333333333334,500.0,12062356.57261579,4281.438780421294,2470.5833992967505,32.20875713361245,6.580401820989456,4.986313481924669,28.443465478277947,58.59750221033434,55.27925142276624,39.262306054545846,45.08312330904238,94.13402169162087,16.849324274109886,63.24742738760485,36.898063183432,115.70193411573874,51.95367898150077,119.58041849364426,19.43923001143416
93.33333333333334,500.0,12062356.57261579,4281.438780421294,2470.5833992967505,32.20875713361245,6.580401820989456,39.262306054545846,45.08312330904238,4.986313481924669,28.443465478277947,58.59750221033434,55.27925142276624,94.13402169162087,16.849324274109886,119.58041849364426,19.43923001143416,63.24742738760485,36.898063183432,115.70193411573874,51.95367898150077
93.33333333333334,500.0,12062356.57261579,4281.438780421294,2470.5833992967505,32.20875713361245,6.580401820989456,39.262306054545846,45.08312330904238,58.59750221033434,55.27925142276624,4.986313481924669,28.443465478277947,94.13402169162087,16.849324274109886,119.58041849364426,19.43923001143416,115.70193411573874,51.95367898150077,63.24742738760485,36.898063183432
93.33333333333334,500.0,12062356.57261579,4281.438780421294,2470.5833992967505,32.20875713361245,6.580401820989456,58.59750221033434,55.27925142276624,4.986313481924669,28.443465478277947,39.262306054545846,45.08312330904238,94.13402169162087,16.849324274109886,115.70193411573874,51.95367898150077,63.24742738760485,36.898063183432,119.58041849364426,19.43923001143416
93.33333333333334,500.0,12062356.57261579,4281.438780421294,2470.5833992967505,32.20875713361245,6.580401820989456,58.59750221033434,55.27925142276624,39.262306054545846,45.08312330904238,4.986313481924669,28.443465478277947,94.13402169162087,16.849324274109886,115.70193411573874,51.95367898150077,119.58041849364426,19.43923001143416,63.24742738760485,36.898063183432
93.33333333333334,500.0,12062356.57261579,4281.438780421294,2470.5833992967505,58.59750221033434,55.27925142276624,4.986313481924669,28.443465478277947,39.262306054545846,45.08312330904238,32.20875713361245,6.580401820989456,115.70193411573874,51.95367898150077,63.24742738760485,36.898063183432,119.58041849364426,19.43923001143416,94.13402169162087,16.849324274109886
93.33333333333334,500.0,12062356.57261579,4281.438780421294,2470.5833992967505,58.59750221033434,55.27925142276624,4.986313481924669,28.443465478277947,32.20875713361245,6.580401820989456,39.262306054545846,45.08312330904238,115.70193411573874,51.95367898150077,63.24742738760485,36.898063183432,94.13402169162087,16.849324274109886,119.58041849364426,19.43923001143416
93.33333333333334,500.0,12062356.57261579,4281.438780421294,2470.5833992967505,58.59750221033434,55.27925142276624,39.262306054545846,45.08312330904238,4.986313481924669,28.443465478277947,32.20875713361245,6.580401820989456,115.70193411573874,51.95367898150077,119.58041849364426,19.43923001143416,63.24742738760485,36.898063183432,94.13402169162087,16.849324274109886
93.33333333333334,500.0,12062356.57261579,4281.438780421294,2470.5833992967505,58.59750221033434,55.27925142276624,39.262306054545846,45.08312330904238,32.20875713361245,6.580401820989456,4.986313481924669,28.443465478277947,115.70193411573874,51.95367898150077,119.58041849364426,19.43923001143416,94.13402169162087,16.849324274109886,63.24742738760485,36.898063183432
93.33333333333334,500.0,12062356.57261579,4281.438780421294,2470.5833992967505,58.59750221033434,55.27925142276624,32.20875713361245,6.580401820989456,4.986313481924669,28.443465478277947,39.262306054545846,45.08312330904238,115.70193411573874,51.95367898150077,94.13402169162087,16.849324274109886,63.24742738760485,36.898063183432,119.58041849364426,19.43923001143416
93.33333333333334,500.0,12062356.57261579,4281.438780421294,2470.5833992967505,58.59750221033434,55.27925142276624,32.20875713361245,6.580401820989456,39.262306054545846,45.08312330904238,4.986313481924669,28.443465478277947,115.70193411573874,51.95367898150077,94.13402169162087,16.849324274109886,119.58041849364426,19.43923001143416,63.24742738760485,36.898063183432
93.33333333333334,500.0,29474184.721333116,6352.519669715206,4671.564276983031,5.211348800272397,8.376148412347781,57.369293262625085,17.95851595357707,36.03274430982172,41.498665211570525,9.102339826940264,33.941225583291185,94.16942057787594,10.111194099159544,117.9647107025867,16.19258087451631,109.9954847682339,39.356833793216815,78.05947245753048,32.237132001622776
93.33333333333334,500.0,29474184.721333116,6352.519669715206,4671.564276983031,5.211348800272397,8.376148412347781,9.102339826940264,33.941225583291185,57.369293262625085,17.95851595357707,36.03274430982172,41.498665211570525,94.16942057787594,10.111194099159544,78.05947245753048,32.237132001622776,117.9647107025867,16.19258087451631,109.9954847682339,39.356833793216815
93.33333333333334,500.0,29474184.721333116,6352.519669715206,4671.564276983031,5.211348800272397,8.376148412347781,9.102339826940264,33.941225583291185,36.03274430982172,41.498665211570525,57.369293262625085,17.95851595357707,94.16942057787594,10.111194099159544,78.05947245753048,32.237132001622776,109.9954847682339,39.356833793216815,117.9647107025867,16.19258087451631
93.33333333333334,500.0,29474184.721333116,6352.519669715206,4671.564276983031,5.211348800272397,8.376148412347781,36.03274430982172,41.498665211570525,57.369293262625085,17.95851595357707,9.102339826940264,33.941225583291185,94.16942057787594,10.111194099159544,109.9954847682339,39.356833793216815,117.9647107025867,16.19258087451631,78.05947245753048,32.237132001622776
93.33333333333334,500.0,29474184.721333116,6352.519669715206,4671.564276983031,5.211348800272397,8.376148412347781,36.03274430982172,41.498665211570525,9.102339826940264,33.941225583291185,57.369293262625085,17.95851595357707,94.16942057787594,10.111194099159544,109.9954847682339,39.356833793216815,78.05947245753048,32.237132001622776,117.9647107025867,16.19258087451631
93.33333333333334,500.0,29474184.721333116,6352.519669715206,4671.564276983031,57.369293262625085,17.95851595357707,5.211348800272397,8.376148412347781,9.102339826940264,33.941225583291185,36.03274430982172,41.498665211570525,117.9647107025867,16.19258087451631,94.16942057787594,10.111194099159544,78.05947245753048,32.237132001622776,109.9954847682339,39.356833793216815
93.33333333333334,500.0,29474184.721333116,6352.519669715206,4671.564276983031,57.369293262625085,17.95851595357707,5.211348800272397,8.376148412347781,36.03274430982172,41.498665211570525,9.102339826940264,33.941225583291185,117.9647107025867,16.19258087451631,94.16942057787594,10.111194099159544,109.9954847682339,39.356833793216815,78.05947245753048,32.237132001622776
93.33333333333334,500.0,29474184.721333116,6352.519669715206,4671.564276983031,57.369293262625085,17.95851595357707,9.102339826940264,33.941225583291185,5.211348800272397,8.376148412347781,36.03274430982172,41.498665211570525,117.9647107025867,16.19258087451631,78.05947245753048,32.237132001622776,94.16942057787594,10.111194099159544,109.9954847682339,39.356833793216815
93.33333333333334,500.0,29474184.721333116,6352.519669715206,4671.564276983031,57.369293262625085,17.95851595357707,9.102339826940264,33.941225583291185,36.03274430982172,41.498665211570525,5.211348800272397,8.376148412347781,117.9647107025867,16.19258087451631,78.05947245753048,32.237132001622776,109.9954847682339,39.356833793216815,94.16942057787594,10.111194099159544
93.33333333333334,500.0,29474184.721333116,6352.519669715206,4671.564276983031,57.369293262625085,17.95851595357707,36.03274430982172,41.498665211570525,5.211348800272397,8.376148412347781,9.102339826940264,33.941225583291185,117.9647107025867,16.19258087451631,109.9954847682339,39.356833793216815,94.16942057787594,10.111194099159544,78.05947245753048,32.237132001622776
93.33333333333334,500.0,29474184.721333116,6352.519669715206,4671.564276983031,57.369293262625085,17.95851595357707,36.03274430982172,41.498665211570525,9.102339826940264,33.941225583291185,5.211348800272397,8.376148412347781,117.9647107025867,16.19258087451631,109.9954847682339,39.356833793216815,78.05947245753048,32.237132001622776,94.16942057787594,10.111194099159544
93.33333333333334,500.0,29474184.721333116,6352.519669715206,4671.564276983031,9.102339826940264,33.941225583291185,5.211348800272397,8.376148412347781,57.369293262625085,17.95851595357707,36.03274430982172,41.498665211570525,78.05947245753048,32.237132001622776,94.16942057787594,10.111194099159544,117.9647107025867,16.19258087451631,109.9954847682339,39.356833793216815
93.33333333333334,500.0,29474184.721333116,6352.519669715206,4671.564276983031,9.102339826940264,33.941225583291185,5.211348800272397,8.376148412347781,36.03274430982172,41.498665211570525,57.369293262625085,17.95851595357707,78.05947245753048,32.237132001622776,94.16942057787594,10.111194099159544,109.9954847682339,39.356833793216815,117.9647107025867,16.19258087451631
93.33333333333334,500.0,29474184.721333116,6352.519669715206,4671.564276983031,9.102339826940264,33.941225583291185,57.369293262625085,17.95851595357707,5.211348800272397,8.376148412347781,36.03274430982172,41.498665211570525,78.05947245753048,32.237132001622776,117.9647107025867,16.19258087451631,94.16942057787594,10.111194099159544,109.9954847682339,39.356833793216815
93.33333333333334,500.0,29474184.721333116,6352.519669715206,4671.564276983031,9.102339826940264,33.941225583291185,57.369293262625085,17.95851595357707,36.03274430982172,41.498665211570525,5.211348800272397,8.376148412347781,78.05947245753048,32.237132001622776,117.9647107025867,16.19258087451631,109.9954847682339,39.356833793216815,94.16942057787594,10.111194099159544
93.33333333333334,500.0,29474184.721333116,6352.519669715206,4671.564276983031,9.102339826940264,33.941225583291185,36.03274430982172,41.498665211570525,5.211348800272397,8.376148412347781,57.369293262625085,17.95851595357707,78.05947245753048,32.237132001622776,109.9954847682339,39.356833793216815,94.16942057787594,10.111194099159544,117.9647107025867,16.19258087451631
93.33333333333334,500.0,29474184.721333116,6352.519669715206,4671.564276983031,9.102339826940264,33.941225583291185,36.03274430982172,41.498665211570525,57.369293262625085,17.95851595357707,5.211348800272397,8.376148412347781,78.05947245753048,32.237132001622776,109.9954847682339,39.356833793216815,117.9647107025867,16.19258087451631,94.16942057787594,10.111194099159544
93.33333333333334,500.0,29474184.721333116,6352.519669715206,4671.564276983031,36.03274430982172,41.498665211570525,5.211348800272397,8.376148412347781,57.369293262625085,17.95851595357707,9.102339826940264,33.941225583291185,109.9954847682339,39.356833793216815,94.16942057787594,10.111194099159544,117.9647107025867,16.19258087451631,78.05947245753048,32.237132001622776
93.33333333333334,500.0,29474184.721333116,6352.519669715206,4671.564276983031,36.03274430982172,41.498665211570525,5.211348800272397,8.376148412347781,9.102339826940264,33.941225583291185,57.369293262625085,17.95851595357707,109.9954847682339,39.356833793216815,94.16942057787594,10.111194099159544,78.05947245753048,32.237132001622776,117.9647107025867,16.19258087451631
93.33333333333334,500.0,29474184.721333116,6352.519669715206,4671.564276983031,36.03274430982172,41.498665211570525,57.369293262625085,17.95851595357707,5.211348800272397,8.376148412347781,9.102339826940264,33.941225583291185,109.9954847682339,39.356833793216815,117.9647107025867,16.19258087451631,94.16942057787594,10.111194099159544,78.05947245753048,32.237132001622776
93.33333333333334,500.0,29474184.721333116,6352.519669715206,4671.564276983031,36.03274430982172,41.498665211570525,57.369293262625085,17.95851595357707,9.102339826940264,33.941225583291185,5.211348800272397,8.376148412347781,109.9954847682339,39.356833793216815,117.9647107025867,16.19258087451631,78.05947245753048,32.237132001622776,94.16942057787594,10.111194099159544
93.33333333333334,500.0,29474184.721333116,6352.519669715206,4671.564276983031,36.03274430982172,41.498665211570525,9.102339826940264,33.941225583291185,5.211348800272397,8.376148412347781,57.369293262625085,17.95851595357707,109.9954847682339,39.356833793216815,78.05947245753048,32.237132001622776,94.16942057787594,10.111194099159544,117.9647107025867,16.19258087451631
93.33333333333334,500.0,29474184.721333116,6352.519669715206,4671.564276983031,36.03274430982172,41.498665211570525,9.102339826940264,33.941225583291185,57.369293262625085,17.95851595357707,5.211348800272397,8.376148412347781,109.9954847682339,39.356833793216815,78.05947245753048,32.237132001622776,117.9647107025867,16.19258087451631,94.16942057787594,10.111194099159544
93.33333333333334,500.0,14479531.399224572,5675.667026034084,2554.880949972205,44.34573782095048,36.33570249394532,0.3037399981834165,56.947888135775045,59.54855169804455,1.5227202548656282,20.561475412279616,42.77581139119352,105.83726103668609,41.98675519606359,67.59839885989139,56.08859116437672,119.6332703785683,19.96164217131347,66.8868567247038,33.023738130840435
93.33333333333334,500.0,14479531.399224572,5675.667026034084,2554.880949972205,44.34573782095048,36.33570249394532,20.561475412279616,42.77581139119352,0.3037399981834165,56.947888135775045,59.54855169804455,1.5227202548656282,105.83726103668609,41.98675519606359,66.8868567247038,33.023738130840435,67.59839885989139,56.08859116437672,119.6332703785683,19.96164217131347
93.33333333333334,500.0,14479531.399224572,5675.667026034084,2554.880949972205,44.34573782095048,36.33570249394532,20.561475412279616,42.77581139119352,59.54855169804455,1.5227202548656282,0.3037399981834165,56.947888135775045,105.83726103668609,41.98675519606359,66.8868567247038,33.023738130840435,119.6332703785683,19.96164217131347,67.59839885989139,56.08859116437672
93.33333333333334,500.0,14479531.399224572,5675.667026034084,2554.880949972205,44.34573782095048,36.33570249394532,59.54855169804455,1.5227202548656282,0.3037399981834165,56.947888135775045,20.561475412279616,42.77581139119352,105.83726103668609,41.98675519606359,119.6332703785683,19.96164217131347,67.59839885989139,56.08859116437672,66.8868567247038,33.023738130840435
93.33333333333334,500.0,14479531.399224572,5675.667026034084,2554.880949972205,44.34573782095048,36.33570249394532,59.54855169804455,1.5227202548656282,20.561475412279616,42.77581139119352,0.3037399981834165,56.947888135775045,105.83726103668609,41.98675519606359,119.6332703785683,19.96164217131347,66.8868567247038,33.023738130840435,67.59839885989139,56.08859116437672
93.33333333333334,500.0,14479531.399224572,5675.667026034084,2554.880949972205,0.3037399981834165,56.947888135775045,44.34573782095048,36.33570249394532,20.561475412279616,42.77581139119352,59.54855169804455,1.5227202548656282,67.59839885989139,56.08859116437672,105.83726103668609,41.98675519606359,66.8868567247038,33.023738130840435,119.6332703785683,19.96164217131347
93.33333333333334,500.0,14479531.399224572,5675.667026034084,2554.880949972205,0.3037399981834165,56.947888135775045,44.34573782095048,36.33570249394532,59.54855169804455,1.5227202548656282,20.561475412279616,42.77581139119352,67.59839885989139,56.08859116437672,105.83726103668609,41.98675519606359,119.6332703785683,19.96164217131347,66.8868567247038,33.023738130840435
93.33333333333334,500.0,14479531.399224572,5675.667026034084,2554.880949972205,0.3037399981834165,56.947888135775045,20.561475412279616,42.77581139119352,44.34573782095048,36.33570249394532,59.54855169804455,1.5227202548656282,67.59839885989139,56.08859116437672,66.8868567247038,33.023738130840435,105.83726103668609,41.98675519606359,119.6332703785683,19.96164217131347
93.33333333333334,500.0,14479531.399224572,5675.667026034084,2554.880949972205,0.3037399981834165,56.947888135775045,20.561475412279616,42.77581139119352,59.54855169804455,1.5227202548656282,44.34573782095048,36.33570249394532,67.59839885989139,56.08859116437672,66.8868567247038,33.023738130840435,119.6332703785683,19.96164217131347,105.83726103668609,41.98675519606359
93.33333333333334,500.0,14479531.399224572,5675.667026034084,2554.880949972205,0.3037399981834165,56.947888135775045,59.54855169804455,1.5227202548656282,44.34573782095048,36.33570249394532,20.561475412279616,42.77581139119352,67.59839885989139,56.08859116437672,119.6332703785683,19.96164217131347,105.83726103668609,41.98675519606359,66.8868567247038,33.023738130840435
93.33333333333334,500.0,14479531.399224572,5675.667026034084,2554.880949972205,0.3037399981834165,56.947888135775045,59.54855169804455,1.5227202548656282,20.561475412279616,42.77581139119352,44.34573782095048,36.33570249394532,67.59839885989139,56.08859116437672,119.6332703785683,19.96164217131347,66.8868567247038,33.023738130840435,105.83726103668609,41.98675519606359
93.33333333333334,500.0,14479531.399224572,5675.667026034084,2554.880949972205,20.561475412279616,42.77581139119352,44.34573782095048,36.33570249394532,0.3037399981834165,56.947888135775045,59.54855169804455,1.5227202548656282,66.8868567247038,33.023738130840435,105.83726103668609,41.98675519606359,67.59839885989139,56.08859116437672,119.6332703785683,19.96164217131347
93.33333333333334,500.0,14479531.399224572,5675.667026034084,2554.880949972205,20.561475412279616,42.77581139119352,44.34573782095048,36.33570249394532,59.54855169804455,1.5227202548656282,0.3037399981834165,56.947888135775045,66.8868567247038,33.023738130840435,105.83726103668609,41.98675519606359,119.6332703785683,19.96164217131347,67.59839885989139,56.08859116437672
93.33333333333334,500.0,14479531.399224572,5675.667026034084,2554.880949972205,20.561475412279616,42.77581139119352,0.3037399981834165,56.947888135775045,44.34573782095048,36.33570249394532,59.54855169804455,1.5227202548656282,66.8868567247038,33.023738130840435,67.59839885989139,56.08859116437672,105.83726103668609,41.98675519606359,119.6332703785683,19.96164217131347
93.33333333333334,500.0,14479531.399224572,5675.667026034084,2554.880949972205,20.561475412279616,42.77581139119352,0.3037399981834165,56.947888135775045,59.54855169804455,1.5227202548656282,44.34573782095048,36.33570249394532,66.8868567247038,33.023738130840435,67.59839885989139,56.08859116437672,119.6332703785683,19.96164217131347,105.83726103668609,41.98675519606359
93.33333333333334,500.0,14479531.399224572,5675.667026034084,2554.880949972205,20.561475412279616,42.77581139119352,59.54855169804455,1.5227202548656282,44.34573782095048,36.33570249394532,0.3037399981834165,56.947888135775045,66.8868567247038,33.023738130840435,119.6332703785683,19.96164217131347,105.83726103668609,41.98675519606359,67.59839885989139,56.08859116437672
93.33333333333334,500.0,14479531.399224572,5675.667026034084,2554.880949972205,20.561475412279616,42.77581139119352,59.54855169804455,1.5227202548656282,0.3037399981834165,56.947888135775045,44.34573782095048,36.33570249394532,66.8868567247038,33.023738130840435,119.6332703785683,19.96164217131347,67.59839885989139,56.08859116437672,105.83726103668609,41.98675519606359
93.33333333333334,500.0,14479531.399224572,5675.667026034084,2554.880949972205,59.54855169804455,1.5227202548656282,44.34573782095048,36.33570249394532,0.3037399981834165,56.947888135775045,20.561475412279616,42.77581139119352,119.6332703785683,19.96164217131347,105.83726103668609,41.98675519606359,67.59839885989139,56.08859116437672,66.8868567247038,33.023738130840435
93.33333333333334,500.0,14479531.399224572,5675.667026034084,2554.880949972205,59.54855169804455,1.5227202548656282,44.34573782095048,36.33570249394532,20.561475412279616,42.77581139119352,0.3037399981834165,56.947888135775045,119.6332703785683,19.96164217131347,105.83726103668609,41.98675519606359,66.8868567247038,33.023738130840435,67.59839885989139,56.08859116437672
93.33333333333334,500.0,14479531.399224572,5675.667026034084,2554.880949972205,59.54855169804455,1.5227202548656282,0.3037399981834165,56.947888135775045,44.34573782095048,36.33570249394532,20.561475412279616,42.77581139119352,119.6332703785683,19.96164217131347,67.59839885989139,56.08859116437672,105.83726103668609,41.98675519606359,66.8868567247038,33.023738130840435
93.33333333333334,500.0,14479531.399224572,5675.667026034084,2554.880949972205,59.54855169804455,1.5227202548656282,0.3037399981834165,56.947888135775045,20.561475412279616,42.77581139119352,44.34573782095048,36.33570249394532,119.6332703785683,19.96164217131347,67.59839885989139,56.08859116437672,66.8868567247038,33.023738130840435,105.83726103668609,41.98675519606359
93.33333333333334,500.0,14479531.399224572,5675.667026034084,2554.880949972205,59.54855169804455,1.5227202548656282,20.561475412279616,42.77581139119352,44.34573782095048,36.33570249394532,0.3037399981834165,56.947888135775045,119.6332703785683,19.96164217131347,66.8868567247038,33.023738130840435,105.83726103668609,41.98675519606359,67.59839885989139,56.08859116437672
93.33333333333334,500.0,14479531.399224572,5675.667026034084,2554.880949972205,59.54855169804455,1.5227202548656282,20.561475412279616,42.77581139119352,0.3037399981834165,56.947888135775045,44.34573782095048,36.33570249394532,119.6332703785683,19.96164217131347,66.8868567247038,33.023738130840435,67.59839885989139,56.08859116437672,105.83726103668609,41.98675519606359
106.66666666666669,500.0,16993202.01255288,5965.453172448386,2469.1625204240204,12.185706071055533,9.871360616351224,38.18921908201288,21.308982164732328,2.5780299027295883,43.858517242007046,58.72518985345108,37.79540027620673,92.96792645549552,12.717547118723145,83.53378731092022,47.73212905056175,72.88081651702126,24.238579378440942,116.49317325513238,2.175896789226762
106.66666666666669,500.0,16993202.01255288,5965.453172448386,2469.1625204240204,12.185706071055533,9.871360616351224,58.72518985345108,37.79540027620673,38.18921908201288,21.308982164732328,2.5780299027295883,43.858517242007046,92.96792645549552,12.717547118723145,116.49317325513238,2.175896789226762,83.53378731092022,47.73212905056175,72.88081651702126,24.238579378440942
106.66666666666669,500.0,16993202.01255288,5965.453172448386,2469.1625204240204,12.185706071055533,9.871360616351224,58.72518985345108,37.79540027620673,2.5780299027295883,43.858517242007046,38.18921908201288,21.308982164732328,92.96792645549552,12.717547118723145,116.49317325513238,2.175896789226762,72.88081651702126,24.238579378440942,83.53378731092022,47.73212905056175
106.66666666666669,500.0,16993202.01255288,5965.453172448386,2469.1625204240204,12.185706071055533,9.871360616351224,2.5780299027295883,43.858517242007046,38.18921908201288,21.308982164732328,58.72518985345108,37.79540027620673,92.96792645549552,12.717547118723145,72.88081651702126,24.238579378440942,83.53378731092022,47.73212905056175,116.49317325513238,2.175896789226762
106.66666666666669,500.0,16993202.01255288,5965.453172448386,2469.1625204240204,12.185706071055533,9.871360616351224,2.5780299027295883,43.858517242007046,58.72518985345108,37.79540027620673,38.18921908201288,21.308982164732328,92.96792645549552,12.717547118723145,72.88081651702126,24.238579378440942,116.49317325513238,2.175896789226762,83.53378731092022,47.73212905056175
106.66666666666669,500.0,16993202.01255288,5965.453172448386,2469.1625204240204,38.18921908201288,21.308982164732328,12.185706071055533,9.871360616351224,58.72518985345108,37.79540027620673,2.5780299027295883,43.858517242007046,83.53378731092022,47.73212905056175,92.96792645549552,12.717547118723145,116.49317325513238,2.175896789226762,72.88081651702126,24.238579378440942
106.66666666666669,500.0,16993202.01255288,5965.453172448386,2469.1625204240204,38.18921908201288,21.308982164732328,12.185706071055533,9.871360616351224,2.5780299027295883,43.858517242007046,58.72518985345108,37.79540027620673,83.53378731092022,47.73212905056175,92.96792645549552,12.717547118723145,72.88081651702126,24.238579378440942,116.49317325513238,2.175896789226762
106.66666666666669,500.0,16993202.01255288,5965.453172448386,2469.1625204240204,38.18921908201288,21.308982164732328,58.72518985345108,37.79540027620673,12.185706071055533,9.871360616351224,2.5780299027295883,43.858517242007046,83.53378731092022,47.73212905056175,116.49317325513238,2.175896789226762,92.96792645549552,12.717547118723145,72.88081651702126,24.238579378440942
106.66666666666669,500.0,16993202.01255288,5965.453172448386,2469.1625204240204,38.18921908201288,21.308982164732328,58.72518985345108,37.79540027620673,2.5780299027295883,43.858517242007046,12.185706071055533,9.871360616351224,83.53378731092022,47.73212905056175,116.49317325513238,2.175896789226762,72.88081651702126,24.238579378440942,92.96792645549552,12.717547118723145
106.66666666666669,500.0,16993202.01255288,5965.453172448386,2469.1625204240204,38.18921908201288,21.308982164732328,2.5780299027295883,43.858517242007046,12.185706071055533,9.871360616351224,58.72518985345108,37.79540027620673,83.53378731092022,47.73212905056175,72.88081651702126,24.238579378440942,92.96792645549552,12.717547118723145,116.49317325513238,2.175896789226762
106.66666666666669,500.0,16993202.01255288,5965.453172448386,2469.1625204240204,38.18921908201288,21.308982164732328,2.5780299027295883,43.858517242007046,58.72518985345108,37.79540027620673,12.185706071055533,9.871360616351224,83.53378731092022,47.73212905056175,72.88081651702126,24.238579378440942,116.49317325513238,2.175896789226762,92.96792645549552,12.717547118723145
106.66666666666669,500.0,16993202.01255288,5965.453172448386,2469.1625204240204,58.72518985345108,37.79540027620673,12.185706071055533,9.871360616351224,38.18921908201288,21.308982164732328,2.5780299027295883,43.858517242007046,116.49317325513238,2.175896789226762,92.96792645549552,12.717547118723145,83.53378731092022,47.73212905056175,72.88081651702126,24.238579378440942
106.66666666666669,500.0,16993202.01255288,5965.453172448386,2469.1625204240204,58.72518985345108,37.79540027620673,12.185706071055533,9.871360616351224,2.5780299027295883,43.858517242007046,38.18921908201288,21.308982164732328,116.49317325513238,2.175896789226762,92.96792645549552,12.717547118723145,72.88081651702126,24.238579378440942,83.53378731092022,47.73212905056175
106.66666666666669,500.0,16993202.01255288,5965.453172448386,2469.1625204240204,58.72518985345108,37.79540027620673,38.18921908201288,21.308982164732328,12.185706071055533,9.871360616351224,2.5780299027295883,43.858517242007046,116.49317325513238,2.175896789226762,83.53378731092022,47.73212905056175,92.96792645549552,12.717547118723145,72.88081651702126,24.238579378440942
106.66666666666669,500.0,16993202.01255288,5965.453172448386,2469.1625204240204,58.72518985345108,37.79540027620673,38.18921908201288,21.308982164732328,2.5780299027295883,43.858517242007046,12.185706071055533,9.871360616351224,116.49317325513238,2.175896789226762,83.53378731092022,47.73212905056175,72.88081651702126,24.238579378440942,92.96792645549552,12.717547118723145
106.66666666666669,500.0,16993202.01255288,5965.453172448386,2469.1625204240204,58.72518985345108,37.79540027620673,2.5780299027295883,43.858517242007046,12.185706071055533,9.871360616351224,38.18921908201288,21.308982164732328,116.49317325513238,2.175896789226762,72.88081651702126,24.238579378440942,92.96792645549552,12.717547118723145,83.53378731092022,47.73212905056175
106.66666666666669,500.0,16993202.01255288,5965.453172448386,2469.1625204240204,58.72518985345108,37.79540027620673,2.5780299027295883,43.858517242007046,38.18921908201288,21.308982164732328,12.185706071055533,9.871360616351224,116.49317325513238,2.175896789226762,72.88081651702126,24.238579378440942,83.53378731092022,47.73212905056175,92.96792645549552,12.717547118723145
106.66666666666669,500.0,16993202.01255288,5965.453172448386,2469.1625204240204,2.5780299027295883,43.858517242007046,12.185706071055533,9.871360616351224,38.18921908201288,21.308982164732328,58.72518985345108,37.79540027620673,72.88081651702126,24.238579378440942,92.96792645549552,12.717547118723145,83.53378731092022,47.73212905056175,116.49317325513238,2.175896789226762
106.66666666666669,500.0,16993202.01255288,5965.453172448386,2469.1625204240204,2.5780299027295883,43.858517242007046,12.185706071055533,9.871360616351224,58.72518985345108,37.79540027620673,38.18921908201288,21.308982164732328,72.88081651702126,24.238579378440942,92.96792645549552,12.717547118723145,116.49317325513238,2.175896789226762,83.53378731092022,47.73212905056175
106.66666666666669,500.0,16993202.01255288,5965.453172448386,2469.1625204240204,2.5780299027295883,43.858517242007046,38.18921908201288,21.308982164732328,12.185706071055533,9.871360616351224,58.72518985345108,37.79540027620673,72.88081651702126,24.238579378440942,83.53378731092022,47.73212905056175,92.96792645549552,12.717547118723145,116.49317325513238,2.175896789226762
106.66666666666669,500.0,16993202.01255288,5965.453172448386,2469.1625204240204,2.5780299027295883,43.858517242007046,38.18921908201288,21.308982164732328,58.72518985345108,37.79540027620673,12.185706071055533,9.871360616351224,72.88081651702126,24.238579378440942,83.53378731092022,47.73212905056175,116.49317325513238,2.175896789226762,92.96792645549552,12.717547118723145
106.66666666666669,500.0,16993202.01255288,5965.453172448386,2469.1625204240204,2.5780299027295883,43.858517242007046,58.72518985345108,37.79540027620673,12.185706071055533,9.871360616351224,38.18921908201288,21.308982164732328,72.88081651702126,24.238579378440942,116.49317325513238,2.175896789226762,92.96792645549552,12.717547118723145,83.53378731092022,47.73212905056175
106.66666666666669,500.0,16993202.01255288,5965.453172448386,2469.1625204240204,2.5780299027295883,43.858517242007046,58.72518985345108,37.79540027620673,38.18921908201288,21.308982164732328,12.185706071055533,9.871360616351224,72.88081651702126,24.238579378440942,116.49317325513238,2.175896789226762,83.53378731092022,47.73212905056175,92.96792645549552,12.717547118723145
106.66666666666669,500.0,16555136.413596343,6976.663618755538,2116.7889926429248,35.82627493799728,53.58846969708266,43.20819699126219,7.507231169927746,12.730123982247626,51.94818559507895,11.735130422584266,27.941518173983763,109.83394529746556,50.645314937922,101.53151471591032,29.38856175665165,85.13906960299406,53.04149580622864,61.66832034547241,38.44254090716644
106.66666666666669,500.0,16555136.413596343,6976.663618755538,2116.7889926429248,35.82627493799728,53.58846969708266,11.735130422584266,27.941518173983763,43.20819699126219,7.507231169927746,12.730123982247626,51.94818559507895,109.83394529746556,50.645314937922,61.66832034547241,38.44254090716644,101.53151471591032,29.38856175665165,85.13906960299406,53.04149580622864
106.66666666666669,500.0,16555136.413596343,6976.663618755538,2116.7889926429248,35.82627493799728,53.58846969708266,11.735130422584266,27.941518173983763,12.730123982247626,51.94818559507895,43.20819699126219,7.507231169927746,109.83394529746556,50.645314937922,61.66832034547241,38.44254090716644,85.13906960299406,53.04149580622864,101.53151471591032,29.38856175665165
106.66666666666669,500.0,16555136.413596343,6976.663618755538,2116.7889926429248,35.82627493799728,53.58846969708266,12.730123982247626,51.94818559507895,43.20819699126219,7.507231169927746,11.735130422584266,27.941518173983763,109.83394529746556,50.645314937922,85.13906960299406,53.04149580622864,101.53151471591032,29.38856175665165,61.66832034547241,38.44254090716644
106.66666666666669,500.0,16555136.413596343,6976.663618755538,2116.7889926429248,35.82627493799728,53.58846969708266,12.730123982247626,51.94818559507895,11.735130422584266,27.941518173983763,43.20819699126219,7.507231169927746,109.83394529746556,50.645314937922,85.13906960299406,53.04149580622864,61.66832034547241,38.44254090716644,101.53151471591032,29.38856175665165
106.66666666666669,500.0,16555136.413596343,6976.663618755538,2116.7889926429248,43.20819699126219,7.507231169927746,35.82627493799728,53.58846969708266,11.735130422584266,27.941518173983763,12.730123982247626,51.94818559507895,101.53151471591032,29.38856175665165,109.83394529746556,50.645314937922,61.66832034547241,38.44254090716644,85.13906960299406,53.04149580622864
106.66666666666669,500.0,16555136.413596343,6976.663618755538,2116.7889926429248,43.20819699126219,7.507231169927746,35.82627493799728,53.58846969708266,12.730123982247626,51.94818559507895,11.735130422584266,27.941518173983763,101.53151471591032,29.38856175665165,109.83394529746556,50.645314937922,85.13906960299406,53.04149580622864,61.66832034547241,38.44254090716644
106.66666666666669,500.0,16555136.413596343,6976.663618755538,2116.7889926429248,43.20819699126219,7.507231169927746,11.735130422584266,27.941518173983763,35.82627493799728,53.58846969708266,12.730123982247626,51.94818559507895,101.53151471591032,29.38856175665165,61.66832034547241,38.44254090716644,109.83394529746556,50.645314937922,85.13906960299406,53.04149580622864
106.66666666666669,500.0,16555136.413596343,6976.663618755538,2116.7889926429248,43.20819699126219,7.507231169927746,11.735130422584266,27.941518173983763,12.730123982247626,51.94818559507895,35.82627493799728,53.58846969708266,101.53151471591032,29.38856175665165,61.66832034547241,38.44254090716644,85.13906960299406,53.04149580622864,109.83394529746556,50.645314937922
106.66666666666669,500.0,16555136.413596343,6976.663618755538,2116.7889926429248,43.20819699126219,7.507231169927746,12.730123982247626,51.94818559507895,35.82627493799728,53.58846969708266,11.735130422584266,27.941518173983763,101.53151471591032,29.38856175665165,85.13906960299406,53.04149580622864,109.83394529746556,50.645314937922,61.66832034547241,38.44254090716644
106.66666666666669,500.0,16555136.413596343,6976.663618755538,2116.7889926429248,43.20819699126219,7.507231169927746,12.730123982247626,51.94818559507895,11.735130422584266,27.941518173983763,35.82627493799728,53.58846969708266,101.53151471591032,29.38856175665165,85.13906960299406,53.04149580622864,61.66832034547241,38.44254090716644,109.83394529746556,50.645314937922
106.66666666666669,500.0,16555136.413596343,6976.663618755538,2116.7889926429248,11.735130422584266,27.941518173983763,35.82627493799728,53.58846969708266,43.20819699126219,7.507231169927746,12.730123982247626,51.94818559507895,61.66832034547241,38.44254090716644,109.83394529746556,50.645314937922,101.53151471591032,29.38856175665165,85.13906960299406,53.04149580622864
106.66666666666669,500.0,16555136.413596343,6976.663618755538,2116.7889926429248,11.735130422584266,27.941518173983763,35.82627493799728,53.58846969708266,12.730123982247626,51.94818559507895,43.20819699126219,7.507231169927746,61.66832034547241,38.44254090716644,109.83394529746556,50.645314937922,85.13906960299406,53.04149580622864,101.53151471591032,29.38856175665165
106.66666666666669,500.0,16555136.413596343,6976.663618755538,2116.7889926429248,11.735130422584266,27.941518173983763,43.20819699126219,7.507231169927746,35.82627493799728,53.58846969708266,12.730123982247626,51.94818559507895,61.66832034547241,38.44254090716644,101.53151471591032,29.38856175665165,109.83394529746556,50.645314937922,85.13906960299406,53.04149580622864
106.66666666666669,500.0,16555136.413596343,6976.663618755538,2116.7889926429248,11.735130422584266,27.941518173983763,43.20819699126219,7.507231169927746,12.730123982247626,51.94818559507895,35.82627493799728,53.58846969708266,61.66832034547241,38.44254090716644,101.53151471591032,29.38856175665165,85.13906960299406,53.04149580622864,109.83394529746556,50.645314937922
106.66666666666669,500.0,16555136.413596343,6976.663618755538,2116.7889926429248,11.735130422584266,27.941518173983763,12.730123982247626,51.94818559507895,35.82627493799728,53.58846969708266,43.20819699126219,7.507231169927746,61.66832034547241,38.44254090716644,85.13906960299406,53.04149580622864,109.83394529746556,50.645314937922,101.53151471591032,29.38856175665165
106.66666666666669,500.0,16555136.413596343,6976.663618755538,2116.7889926429248,11.735130422584266,27.941518173983763,12.730123982247626,51.94818559507895,43.20819699126219,7.507231169927746,35.82627493799728,53.58846969708266,61.66832034547241,38.44254090716644,85.13906960299406,53.04149580622864,101.53151471591032,29.38856175665165,109.83394529746556,50.645314937922
106.66666666666669,500.0,16555136.413596343,6976.663618755538,2116.7889926429248,12.730123982247626,51.94818559507895,35.82627493799728,53.58846969708266,43.20819699126219,7.507231169927746,11.735130422584266,27.941518173983763,85.13906960299406,53.04149580622864,109.83394529746556,50.645314937922,101.53151471591032,29.38856175665165,61.66832034547241,38.44254090716644
106.66666666666669,500.0,16555136.413596343,6976.663618755538,2116.7889926429248,12.730123982247626,51.94818559507895,35.82627493799728,53.58846969708266,11.735130422584266,27.941518173983763,43.20819699126219,7.507231169927746,85.13906960299406,53.04149580622864,109.83394529746556,50.645314937922,61.66832034547241,38.44254090716644,101.53151471591032,29.38856175665165
106.66666666666669,500.0,16555136.413596343,6976.663618755538,2116.7889926429248,12.730123982247626,51.94818559507895,43.20819699126219,7.507231169927746,35.82627493799728,53.58846969708266,11.735130422584266,27.941518173983763,85.13906960299406,53.04149580622864,101.53151471591032,29.38856175665165,109.83394529746556,50.645314937922,61.66832034547241,38.44254090716644
106.66666666666669,500.0,16555136.413596343,6976.663618755538,2116.7889926429248,12.730123982247626,51.94818559507895,43.20819699126219,7.507231169927746,11.735130422584266,27.941518173983763,35.82627493799728,53.58846969708266,85.13906960299406,53.04149580622864,101.53151471591032,29.38856175665165,61.66832034547241,38.44254090716644,109.83394529746556,50.645314937922
106.66666666666669,500.0,16555136.413596343,6976.663618755538,2116.7889926429248,12.730123982247626,51.94818559507895,11.735130422584266,27.941518173983763,35.82627493799728,53.58846969708266,43.20819699126219,7.507231169927746,85.13906960299406,53.04149580622864,61.66832034547241,38.44254090716644,109.83394529746556,50.645314937922,101.53151471591032,29.38856175665165
106.66666666666669,500.0,16555136.413596343,6976.663618755538,2116.7889926429248,12.730123982247626,51.94818559507895,11.735130422584266,27.941518173983763,43.20819699126219,7.507231169927746,35.82627493799728,53.58846969708266,85.13906960299406,53.04149580622864,61.66832034547241,38.44254090716644,101.53151471591032,29.38856175665165,109.83394529746556,50.645314937922
106.66666666666669,500.0,19546636.698669232,6421.871899307181,3041.1466733352986,54.54792674276843,52.36671813014358,26.083593019704068,55.73514920181355,53.37758006349498,9.829793063811872,7.387638858235346,41.06335839119891,118.12430131686575,53.930955235129815,83.84087580086234,57.70533686624111,117.403220117706,32.314411841414255,70.85392391220041,34.29528082583818
106.66666666666669,500.0,19546636.698669232,6421.871899307181,3041.1466733352986,54.54792674276843,52.36671813014358,7.387638858235346,41.06335839119891,26.083593019704068,55.73514920181355,53.37758006349498,9.829793063811872,118.12430131686575,53.930955235129815,70.85392391220041,34.29528082583818,83.84087580086234,57.70533686624111,117.403220117706,32.314411841414255
106.66666666666669,500.0,19546636.698669232,6421.871899307181,3041.1466733352986,54.54792674276843,52.36671813014358,7.387638858235346,41.06335839119891,53.37758006349498,9.829793063811872,26.083593019704068,55.73514920181355,118.12430131686575,53.930955235129815,70.85392391220041,34.29528082583818,117.403220117706,32.314411841414255,83.84087580086234,57.70533686624111
106.66666666666669,500.0,19546636.698669232,6421.871899307181,3041.1466733352986,54.54792674276843,52.36671813014358,53.37758006349498,9.829793063811872,26.083593019704068,55.73514920181355,7.387638858235346,41.06335839119891,118.12430131686575,53.930955235129815,117.403220117706,32.314411841414255,83.84087580086234,57.70533686624111,70.85392391220041,34.29528082583818
106.66666666666669,500.0,19546636.698669232,6421.871899307181,3041.1466733352986,54.54792674276843,52.36671813014358,53.37758006349498,9.829793063811872,7.387638858235346,41.06335839119891,26.083593019704068,55.73514920181355,118.12430131686575,53.930955235129815,117.403220117706,32.314411841414255,70.85392391220041,34.29528082583818,83.84087580086234,57.70533686624111
106.66666666666669,500.0,19546636.698669232,6421.871899307181,3041.1466733352986,26.083593019704068,55.73514920181355,54.54792674276843,52.36671813014358,7.387638858235346,41.06335839119891,53.37758006349498,9.829793063811872,83.84087580086234,57.70533686624111,118.12430131686575,53.930955235129815,70.85392391220041,34.29528082583818,117.403220117706,32.314411841414255
106.66666666666669,500.0,19546636.698669232,6421.871899307181,3041.1466733352986,26.083593019704068,55.73514920181355,54.54792674276843,52.36671813014358,53.37758006349498,9.829793063811872,7.387638858235346,41.06335839119891,83.84087580086234,57.70533686624111,118.12430131686575,53.930955235129815,117.403220117706,32.314411841414255,70.85392391220041,34.29528082583818
106.66666666666669,500.0,19546636.698669232,6421.871899307181,3041.1466733352986,26.083593019704068,55.73514920181355,7.387638858235346,41.06335839119891,54.54792674276843,52.36671813014358,53.37758006349498,9.829793063811872,83.84087580086234,57.70533686624111,70.85392391220041,34.29528082583818,118.12430131686575,53.930955235129815,117.403220117706,32.314411841414255
106.66666666666669,500.0,19546636.698669232,6421.871899307181,3041.1466733352986,26.083593019704068,55.73514920181355,7.387638858235346,41.06335839119891,53.37758006349498,9.829793063811872,54.54792674276843,52.36671813014358,83.84087580086234,57.70533686624111,70.85392391220041,34.29528082583818,117.403220117706,32.314411841414255,118.12430131686575,53.930955235129815
106.66666666666669,500.0,19546636.698669232,6421.871899307181,3041.1466733352986,26.083593019704068,55.73514920181355,53.37758006349498,9.829793063811872,54.54792674276843,52.36671813014358,7.387638858235346,41.06335839119891,83.84087580086234,57.70533686624111,117.403220117706,32.314411841414255,118.12430131686575,53.930955235129815,70.85392391220041,34.29528082583818
106.66666666666669,500.0,19546636.698669232,6421.871899307181,3041.1466733352986,26.083593019704068,55.73514920181355,53.37758006349498,9.829793063811872,7.387638858235346,41.06335839119891,54.54792674276843,52.36671813014358,83.84087580086234,57.70533686624111,117.403220117706,32.314411841414255,70.85392391220041,34.29528082583818,118.12430131686575,53.930955235129815
106.66666666666669,500.0,19546636.698669232,6421.871899307181,3041.1466733352986,7.387638858235346,41.06335839119891,54.54792674276843,52.36671813014358,26.083593019704068,55.73514920181355,53.37758006349498,9.829793063811872,70.85392391220041,34.29528082583818,118.12430131686575,53.930955235129815,83.84087580086234,57.70533686624111,117.403220117706,32.314411841414255
106.66666666666669,500.0,19546636.698669232,6421.871899307181,3041.1466733352986,7.387638858235346,41.06335839119891,54.54792674276843,52.36671813014358,53.37758006349498,9.829793063811872,26.083593019704068,55.73514920181355,70.85392391220041,34.29528082583818,118.12430131686575,53.930955235129815,117.403220117706,32.314411841414255,83.84087580086234,57.70533686624111
106.66666666666669,500.0,19546636.698669232,6421.871899307181,3041.1466733352986,7.387638858235346,41.06335839119891,26.083593019704068,55.73514920181355,54.54792674276843,52.36671813014358,53.37758006349498,9.829793063811872,70.85392391220041,34.29528082583818,83.84087580086234,57.70533686624111,118.12430131686575,53.930955235129815,117.403220117706,32.314411841414255
106.66666666666669,500.0,19546636.698669232,6421.871899307181,3041.1466733352986,7.387638858235346,41.06335839119891,26.083593019704068,55.73514920181355,53.37758006349498,9.829793063811872,54.54792674276843,52.36671813014358,70.85392391220041,34.29528082583818,83.84087580086234,57.70533686624111,117.403220117706,32.314411841414255,118.12430131686575,53.930955235129815
106.66666666666669,500.0,19546636.698669232,6421.871899307181,3041.1466733352986,7.387638858235346,41.06335839119891,53.37758006349498,9.829793063811872,54.54792674276843,52.36671813014358,26.083593019704068,55.73514920181355,70.85392391220041,34.29528082583818,117.403220117706,32.314411841414255,118.12430131686575,53.930955235129815,83.84087580086234,57.70533686624111
106.66666666666669,500.0,19546636.698669232,6421.871899307181,3041.1466733352986,7.387638858235346,41.06335839119891,53.37758006349498,9.829793063811872,26.083593019704068,55.73514920181355,54.54792674276843,52.36671813014358,70.85392391220041,34.29528082583818,117.403220117706,32.314411841414255,83.84087580086234,57.70533686624111,118.12430131686575,53.930955235129815
106.66666666666669,500.0,19546636.698669232,6421.871899307181,3041.1466733352986,53.37758006349498,9.829793063811872,54.54792674276843,52.36671813014358,26.083593019704068,55.73514920181355,7.387638858235346,41.06335839119891,117.403220117706,32.314411841414255,118.12430131686575,53.930955235129815,83.84087580086234,57.70533686624111,70.85392391220041,34.29528082583818
106.66666666666669,500.0,19546636.698669232,6421.871899307181,3041.1466733352986,53.37758006349498,9.829793063811872,54.54792674276843,52.36671813014358,7.387638858235346,41.06335839119891,26.083593019704068,55.73514920181355,117.403220117706,32.314411841414255,118.12430131686575,53.930955235129815,70.85392391220041,34.29528082583818,83.84087580086234,57.70533686624111
106.66666666666669,500.0,19546636.698669232,6421.871899307181,3041.1466733352986,53.37758006349498,9.829793063811872,26.083593019704068,55.73514920181355,54.54792674276843,52.36671813014358,7.387638858235346,41.06335839119891,117.403220117706,32.314411841414255,83.84087580086234,57.70533686624111,118.12430131686575,53.930955235129815,70.85392391220041,34.29528082583818
106.66666666666669,500.0,19546636.698669232,6421.871899307181,3041.1466733352986,53.37758006349498,9.829793063811872,26.083593019704068,55.73514920181355,7.387638858235346,41.06335839119891,54.54792674276843,52.36671813014358,117.403220117706,32.314411841414255,83.84087580086234,57.70533686624111,70.85392391220041,34.29528082583818,118.12430131686575,53.930955235129815
106.66666666666669,500.0,19546636.698669232,6421.871899307181,3041.1466733352986,53.37758006349498,9.829793063811872,7.387638858235346,41.06335839119891,54.54792674276843,52.36671813014358,26.083593019704068,55.73514920181355,117.403220117706,32.314411841414255,70.85392391220041,34.29528082583818,118.12430131686575,53.930955235129815,83.84087580086234,57.70533686624111
106.66666666666669,500.0,19546636.698669232,6421.871899307181,3041.1466733352986,53.37758006349498,9.829793063811872,7.387638858235346,41.06335839119891,26.083593019704068,55.73514920181355,54.54792674276843,52.36671813014358,117.403220117706,32.314411841414255,70.85392391220041,34.29528082583818,83.84087580086234,57.70533686624111,118.12430131686575,53.930955235129815
106.66666666666669,500.0,8506184.057364134,4939.990406411952,1442.700080577583,56.55109035401546,42.16580384118928,1.3107137636651212,1.4520721328146746,25.28609564503224,25.513188285786125,28.47421354476287,46.709608125055446,118.14867905128744,28.63149680512858,68.52778401449737,59.5306037078295,105.76806396651897,5.040861275828799,89.40829696936606,49.81670233846839
106.66666666666669,500.0,8506184.057364134,4939.990406411952,1442.700080577583,56.55109035401546,42.16580384118928,28.47421354476287,46.709608125055446,1.3107137636651212,1.4520721328146746,25.28609564503224,25.513188285786125,118.14867905128744,28.63149680512858,89.40829696936606,49.81670233846839,68.52778401449737,59.5306037078295,105.76806396651897,5.040861275828799
106.66666666666669,500.0,8506184.057364134,4939.990406411952,1442.700080577583,56.55109035401546,42.16580384118928,28.47421354476287,46.709608125055446,25.28609564503224,25.513188285786125,1.3107137636651212,1.4520721328146746,118.14867905128744,28.63149680512858,89.40829696936606,49.81670233846839,105.76806396651897,5.040861275828799,68.52778401449737,59.5306037078295
106.66666666666669,500.0,8506184.057364134,4939.990406411952,1442.700080577583,56.55109035401546,42.16580384118928,25.28609564503224,25.513188285786125,1.3107137636651212,1.4520721328146746,28.47421354476287,46.709608125055446,118.14867905128744,28.63149680512858,105.76806396651897,5.040861275828799,68.52778401449737,59.5306037078295,89.40829696936606,49.81670233846839
106.66666666666669,500.0,8506184.057364134,4939.990406411952,1442.700080577583,56.55109035401546,42.16580384118928,25.28609564503224,25.513188285786125,28.47421354476287,46.709608125055446,1.3107137636651212,1.4520721328146746,118.14867905128744,28.63149680512858,105.76806396651897,5.040861275828799,89.40829696936606,49.81670233846839,68.52778401449737,59.5306037078295
106.66666666666669,500.0,8506184.057364134,4939.990406411952,1442.700080577583,1.3107137636651212,1.4520721328146746,56.55109035401546,42.16580384118928,28.47421354476287,46.709608125055446,25.28609564503224,25.513188285786125,68.52778401449737,59.5306037078295,118.14867905128744,28.63149680512858,89.40829696936606,49.81670233846839,105.76806396651897,5.040861275828799
106.66666666666669,500.0,8506184.057364134,4939.990406411952,1442.700080577583,1.3107137636651212,1.4520721328146746,56.55109035401546,42.16580384118928,25.28609564503224,25.513188285786125,28.47421354476287,46.709608125055446,68.52778401449737,59.5306037078295,118.14867905128744,28.63149680512858,105.76806396651897,5.040861275828799,89.40829696936606,49.81670233846839
106.66666666666669,500.0,8506184.057364134,4939.990406411952,1442.700080577583,1.3107137636651212,1.4520721328146746,28.47421354476287,46.709608125055446,56.55109035401546,42.16580384118928,25.28609564503224,25.513188285786125,68.52778401449737,59.5306037078295,89.40829696936606,49.81670233846839,118.14867905128744,28.63149680512858,105.76806396651897,5.040861275828799
106.66666666666669,500.0,8506184.057364134,4939.990406411952,1442.700080577583,1.3107137636651212,1.4520721328146746,28.47421354476287,46.709608125055446,25.28609564503224,25.513188285786125,56.55109035401546,42.16580384118928,68.52778401449737,59.5306037078295,89.40829696936606,49.81670233846839,105.76806396651897,5.040861275828799,118.14867905128744,28.63149680512858
106.66666666666669,500.0,8506184.057364134,4939.990406411952,1442.700080577583,1.3107137636651212,1.4520721328146746,25.28609564503224,25.513188285786125,56.55109035401546,42.16580384118928,28.47421354476287,46.709608125055446,68.52778401449737,59.5306037078295,105.76806396651897,5.040861275828799,118.14867905128744,28.63149680512858,89.40829696936606,49.81670233846839
106.66666666666669,500.0,8506184.057364134,4939.990406411952,1442.700080577583,1.3107137636651212,1.4520721328146746,25.28609564503224,25.513188285786125,28.47421354476287,46.709608125055446,56.55109035401546,42.16580384118928,68.52778401449737,59.5306037078295,105.76806396651897,5.040861275828799,89.40829696936606,49.81670233846839,118.14867905128744,28.63149680512858
106.66666666666669,500.0,8506184.057364134,4939.990406411952,1442.700080577583,28.47421354476287,46.709608125055446,56.55109035401546,42.16580384118928,1.3107137636651212,1.4520721328146746,25.28609564503224,25.513188285786125,89.40829696936606,49.81670233846839,118.14867905128744,28.63149680512858,68.52778401449737,59.5306037078295,105.76806396651897,5.040861275828799
106.66666666666669,500.0,8506184.057364134,4939.990406411952,1442.700080577583,28.47421354476287,46.709608125055446,56.55109035401546,42.16580384118928,25.28609564503224,25.513188285786125,1.3107137636651212,1.4520721328146746,89.40829696936606,49.81670233846839,118.14867905128744,28.63149680512858,105.76806396651897,5.040861275828799,68.52778401449737,59.5306037078295
106.66666666666669,500.0,8506184.057364134,4939.990406411952,1442.700080577583,28.47421354476287,46.709608125055446,1.3107137636651212,1.4520721328146746,56.55109035401546,42.16580384118928,25.28609564503224,25.513188285786125,89.40829696936606,49.81670233846839,68.52778401449737,59.5306037078295,118.14867905128744,28.63149680512858,105.76806396651897,5.040861275828799
106.66666666666669,500.0,8506184.057364134,4939.990406411952,1442.700080577583,28.47421354476287,46.709608125055446,1.3107137636651212,1.4520721328146746,25.28609564503224,25.513188285786125,56.55109035401546,42.16580384118928,89.40829696936606,49.81670233846839,68.52778401449737,59.5306037078295,105.76806396651897,5.040861275828799,118.14867905128744,28.63149680512858
106.66666666666669,500.0,8506184.057364134,4939.990406411952,1442.700080577583,28.47421354476287,46.709608125055446,25.28609564503224,25.513188285786125,56.55109035401546,42.16580384118928,1.3107137636651212,1.4520721328146746,89.40829696936606,49.81670233846839,105.76806396651897,5.040861275828799,118.14867905128744,28.63149680512858,68.52778401449737,59.5306037078295
106.66666666666669,500.0,8506184.057364134,4939.990406411952,1442.700080577583,28.47421354476287,46.709608125055446,25.28609564503224,25.513188285786125,1.3107137636651212,1.4520721328146746,56.55109035401546,42.16580384118928,89.40829696936606,49.81670233846839,105.76806396651897,5.040861275828799,68.52778401449737,59.5306037078295,118.14867905128744,28.63149680512858
106.66666666666669,500.0,8506184.057364134,4939.990406411952,1442.700080577583,25.28609564503224,25.513188285786125,56.55109035401546,42.16580384118928,1.3107137636651212,1.4520721328146746,28.47421354476287,46.709608125055446,105.76806396651897,5.040861275828799,118.14867905128744,28.63149680512858,68.52778401449737,59.5306037078295,89.40829696936606,49.81670233846839
106.66666666666669,500.0,8506184.057364134,4939.990406411952,1442.700080577583,25.28609564503224,25.513188285786125,56.55109035401546,42.16580384118928,28.47421354476287,46.709608125055446,1.3107137636651212,1.4520721328146746,105.76806396651897,5.040861275828799,118.14867905128744,28.63149680512858,89.40829696936606,49.81670233846839,68.52778401449737,59.5306037078295
106.66666666666669,500.0,8506184.057364134,4939.990406411952,1442.700080577583,25.28609564503224,25.513188285786125,1.3107137636651212,1.4520721328146746,56.55109035401546,42.16580384118928,28.47421354476287,46.709608125055446,105.76806396651897,5.040861275828799,68.52778401449737,59.5306037078295,118.14867905128744,28.63149680512858,89.40829696936606,49.81670233846839
106.66666666666669,500.0,8506184.057364134,4939.990406411952,1442.700080577583,25.28609564503224,25.513188285786125,1.3107137636651212,1.4520721328146746,28.47421354476287,46.709608125055446,56.55109035401546,42.16580384118928,105.76806396651897,5.040861275828799,68.52778401449737,59.5306037078295,89.40829696936606,49.81670233846839,118.14867905128744,28.63149680512858
106.66666666666669,500.0,8506184.057364134,4939.990406411952,1442.700080577583,25.28609564503224,25.513188285786125,28.47421354476287,46.709608125055446,56.55109035401546,42.16580384118928,1.3107137636651212,1.4520721328146746,105.76806396651897,5.040861275828799,89.40829696936606,49.81670233846839,118.14867905128744,28.63149680512858,68.52778401449737,59.5306037078295
106.66666666666669,500.0,8506184.057364134,4939.990406411952,1442.700080577583,25.28609564503224,25.513188285786125,28.47421354476287,46.709608125055446,1.3107137636651212,1.4520721328146746,56.55109035401546,42.16580384118928,105.76806396651897,5.040861275828799,89.40829696936606,49.81670233846839,68.52778401449737,59.5306037078295,118.14867905128744,28.63149680512858
106.66666666666669,500.0,13385327.237365264,8763.913592185463,1954.9422721555231,26.29761949961138,10.622057669513667,8.159263100887744,35.044372623225776,51.436652017042434,17.332232140959412,56.50747002159251,44.56407627355854,95.9987085483144,21.43324033537069,86.08506979376394,38.23095004058188,62.40828781660867,48.863683547272096,107.50729101660062,29.153587279496747
106.66666666666669,500.0,13385327.237365264,8763.913592185463,1954.9422721555231,26.29761949961138,10.622057669513667,56.50747002159251,44.56407627355854,8.159263100887744,35.044372623225776,51.436652017042434,17.332232140959412,95.9987085483144,21.43324033537069,107.50729101660062,29.153587279496747,86.08506979376394,38.23095004058188,62.40828781660867,48.863683547272096
106.66666666666669,500.0,13385327.237365264,8763.913592185463,1954.9422721555231,26.29761949961138,10.622057669513667,56.50747002159251,44.56407627355854,51.436652017042434,17.332232140959412,8.159263100887744,35.044372623225776,95.9987085483144,21.43324033537069,107.50729101660062,29.153587279496747,62.40828781660867,48.863683547272096,86.08506979376394,38.23095004058188
106.66666666666669,500.0,13385327.237365264,8763.913592185463,1954.9422721555231,26.29761949961138,10.622057669513667,51.436652017042434,17.332232140959412,8.159263100887744,35.044372623225776,56.50747002159251,44.56407627355854,95.9987085483144,21.43324033537069,62.40828781660867,48.863683547272096,86.08506979376394,38.23095004058188,107.50729101660062,29.153587279496747
106.66666666666669,500.0,13385327.237365264,8763.913592185463,1954.9422721555231,26.29761949961138,10.622057669513667,51.436652017042434,17.332232140959412,56.50747002159251,44.56407627355854,8.159263100887744,35.044372623225776,95.9987085483144,21.43324033537069,62.40828781660867,48.863683547272096,107.50729101660062,29.153587279496747,86.08506979376394,38.23095004058188
106.66666666666669,500.0,13385327.237365264,8763.913592185463,1954.9422721555231,8.159263100887744,35.044372623225776,26.29761949961138,10.622057669513667,56.50747002159251,44.56407627355854,51.436652017042434,17.332232140959412,86.08506979376394,38.23095004058188,95.9987085483144,21.43324033537069,107.50729101660062,29.153587279496747,62.40828781660867,48.863683547272096
106.66666666666669,500.0,13385327.237365264,8763.913592185463,1954.9422721555231,8.159263100887744,35.044372623225776,26.29761949961138,10.622057669513667,51.436652017042434,17.332232140959412,56.50747002159251,44.56407627355854,86.08506979376394,38.23095004058188,95.9987085483144,21.43324033537069,62.40828781660867,48.863683547272096,107.50729101660062,29.153587279496747
106.66666666666669,500.0,13385327.237365264,8763.913592185463,1954.9422721555231,8.159263100887744,35.044372623225776,56.50747002159251,44.56407627355854,26.29761949961138,10.622057669513667,51.436652017042434,17.332232140959412,86.08506979376394,38.23095004058188,107.50729101660062,29.153587279496747,95.9987085483144,21.43324033537069,62.40828781660867,48.863683547272096
106.66666666666669,500.0,13385327.237365264,8763.913592185463,1954.9422721555231,8.159263100887744,35.044372623225776,56.50747002159251,44.56407627355854,51.436652017042434,17.332232140959412,26.29761949961138,10.622057669513667,86.08506979376394,38.23095004058188,107.50729101660062,29.153587279496747,62.40828781660867,48.863683547272096,95.9987085483144,21.43324033537069
106.66666666666669,500.0,13385327.237365264,8763.913592185463,1954.9422721555231,8.159263100887744,35.044372623225776,51.436652017042434,17.332232140959412,26.29761949961138,10.622057669513667,56.50747002159251,44.56407627355854,86.08506979376394,38.23095004058188,62.40828781660867,48.863683547272096,95.9987085483144,21.43324033537069,107.50729101660062,29.153587279496747
106.66666666666669,500.0,13385327.237365264,8763.913592185463,1954.9422721555231,8.159263100887744,35.044372623225776,51.436652017042434,17.332232140959412,56.50747002159251,44.56407627355854,26.29761949961138,10.622057669513667,86.08506979376394,38.23095004058188,62.40828781660867,48.863683547272096,107.50729101660062,29.153587279496747,95.9987085483144,21.43324033537069
106.66666666666669,500.0,13385327.237365264,8763.913592185463,1954.9422721555231,56.50747002159251,44.56407627355854,26.29761949961138,10.622057669513667,8.159263100887744,35.044372623225776,51.436652017042434,17.332232140959412,107.50729101660062,29.153587279496747,95.9987085483144,21.43324033537069,86.08506979376394,38.23095004058188,62.40828781660867,48.863683547272096
106.66666666666669,500.0,13385327.237365264,8763.913592185463,1954.9422721555231,56.50747002159251,44.56407627355854,26.29761949961138,10.622057669513667,51.436652017042434,17.332232140959412,8.159263100887744,35.044372623225776,107.50729101660062,29.153587279496747,95.9987085483144,21.43324033537069,62.40828781660867,48.863683547272096,86.08506979376394,38.23095004058188
106.66666666666669,500.0,13385327.237365264,8763.913592185463,1954.9422721555231,56.50747002159251,44.56407627355854,8.159263100887744,35.044372623225776,26.29761949961138,10.622057669513667,51.436652017042434,17.332232140959412,107.50729101660062,29.153587279496747,86.08506979376394,38.23095004058188,95.9987085483144,21.43324033537069,62.40828781660867,48.863683547272096
106.66666666666669,500.0,13385327.237365264,8763.913592185463,1954.9422721555231,56.50747002159251,44.56407627355854,8.159263100887744,35.044372623225776,51.436652017042434,17.332232140959412,26.29761949961138,10.622057669513667,107.50729101660062,29.153587279496747,86.08506979376394,38.23095004058188,62.40828781660867,48.863683547272096,95.9987085483144,21.43324033537069
106.66666666666669,500.0,13385327.237365264,8763.913592185463,1954.9422721555231,56.50747002159251,44.56407627355854,51.436652017042434,17.332232140959412,26.29761949961138,10.622057669513667,8.159263100887744,35.044372623225776,107.50729101660062,29.153587279496747,62.40828781660867,48.863683547272096,95.9987085483144,21.43324033537069,86.08506979376394,38.23095004058188
106.66666666666669,500.0,13385327.237365264,8763.913592185463,1954.9422721555231,56.50747002159251,44.56407627355854,51.436652017042434,17.332232140959412,8.159263100887744,35.044372623225776,26.29761949961138,10.622057669513667,107.50729101660062,29.153587279496747,62.40828781660867,48.863683547272096,86.08506979376394,38.23095004058188,95.9987085483144,21.43324033537069
106.66666666666669,500.0,13385327.237365264,8763.913592185463,1954.9422721555231,51.436652017042434,17.332232140959412,26.29761949961138,10.622057669513667,8.159263100887744,35.044372623225776,56.50747002159251,44.56407627355854,62.40828781660867,48.863683547272096,95.9987085483144,21.43324033537069,86.08506979376394,38.23095004058188,107.50729101660062,29.153587279496747
106.66666666666669,500.0,13385327.237365264,8763.913592185463,1954.9422721555231,51.436652017042434,17.332232140959412,26.29761949961138,10.622057669513667,56.50747002159251,44.56407627355854,8.159263100887744,35.044372623225776,62.40828781660867,48.863683547272096,95.9987085483144,21.43324033537069,107.50729101660062,29.153587279496747,86.08506979376394,38.23095004058188
106.66666666666669,500.0,13385327.237365264,8763.913592185463,1954.9422721555231,51.436652017042434,17.332232140959412,8.159263100887744,35.044372623225776,26.29761949961138,10.622057669513667,56.50747002159251,44.56407627355854,62.40828781660867,48.863683547272096,86.08506979376394,38.23095004058188,95.9987085483144,21.43324033537069,107.50729101660062,29.153587279496747
106.66666666666669,500.0,13385327.237365264,8763.913592185463,1954.9422721555231,51.436652017042434,17.332232140959412,8.159263100887744,35.044372623225776,56.50747002159251,44.56407627355854,26.29761949961138,10.622057669513667,62.40828781660867,48.863683547272096,86.08506979376394,38.23095004058188,107.50729101660062,29.153587279496747,95.9987085483144,21.43324033537069
106.66666666666669,500.0,13385327.237365264,8763.913592185463,1954.9422721555231,51.436652017042434,17.332232140959412,56.50747002159251,44.56407627355854,26.29761949961138,10.622057669513667,8.159263100887744,35.044372623225776,62.40828781660867,48.863683547272096,107.50729101660062,29.153587279496747,95.9987085483144,21.43324033537069,86.08506979376394,38.23095004058188
106.66666666666669,500.0,13385327.237365264,8763.913592185463,1954.9422721555231,51.436652017042434,17.332232140959412,56.50747002159251,44.56407627355854,8.159263100887744,35.044372623225776,26.29761949961138,10.622057669513667,62.40828781660867,48.863683547272096,107.50729101660062,29.153587279496747,86.08506979376394,38.23095004058188,95.9987085483144,21.43324033537069
106.66666666666669,500.0,8456624.942466998,4655.909299701634,1789.54557023154,25.588670881418164,38.09203944321389,3.4764116466160577,46.7646209904263,19.04502096122945,3.7262675310507687,51.89543429029944,57.23531273787504,112.87267954258728,9.261741067267836,84.35105751144047,25.932751072975275,68.3412354059569,9.541267749635532,117.30950628633352,41.71668144400674
106.66666666666669,500.0,8456624.942466998,4655.909299701634,1789.54557023154,25.588670881418164,38.09203944321389,51.89543429029944,57.23531273787504,3.4764116466160577,46.7646209904263,19.04502096122945,3.7262675310507687,112.87267954258728,9.261741067267836,117.30950628633352,41.71668144400674,84.35105751144047,25.932751072975275,68.3412354059569,9.541267749635532
106.66666666666669,500.0,8456624.942466998,4655.909299701634,1789.54557023154,25.588670881418164,38.09203944321389,51.89543429029944,57.23531273787504,19.04502096122945,3.7262675310507687,3.4764116466160577,46.7646209904263,112.87267954258728,9.261741067267836,117.30950628633352,41.71668144400674,68.3412354059569,9.541267749635532,84.35105751144047,25.932751072975275
106.66666666666669,500.0,8456624.942466998,4655.909299701634,1789.54557023154,25.588670881418164,38.09203944321389,19.04502096122945,3.7262675310507687,3.4764116466160577,46.7646209904263,51.89543429029944,57.23531273787504,112.87267954258728,9.261741067267836,68.3412354059569,9.541267749635532,84.35105751144047,25.932751072975275,117.30950628633352,41.71668144400674
106.66666666666669,500.0,8456624.942466998,4655.909299701634,1789.54557023154,25.588670881418164,38.09203944321389,19.04502096122945,3.7262675310507687,51.89543429029944,57.23531273787504,3.4764116466160577,46.7646209904263,112.87267954258728,9.261741067267836,68.3412354059569,9.541267749635532,117.30950628633352,41.71668144400674,84.35105751144047,25.932751072975275
106.66666666666669,500.0,8456624.942466998,4655.909299701634,1789.54557023154,3.4764116466160577,46.7646209904263,25.588670881418164,38.09203944321389,51.89543429029944,57.23531273787504,19.04502096122945,3.7262675310507687,84.35105751144047,25.932751072975275,112.87267954258728,9.261741067267836,117.30950628633352,41.71668144400674,68.3412354059569,9.541267749635532
106.66666666666669,500.0,8456624.942466998,4655.909299701634,1789.54557023154,3.4764116466160577,46.7646209904263,25.588670881418164,38.09203944321389,19.04502096122945,3.7262675310507687,51.89543429029944,57.23531273787504,84.35105751144047,25.932751072975275,112.87267954258728,9.261741067267836,68.3412354059569,9.541267749635532,117.30950628633352,41.71668144400674
106.66666666666669,500.0,8456624.942466998,4655.909299701634,1789.54557023154,3.4764116466160577,46.7646209904263,51.89543429029944,57.23531273787504,25.588670881418164,38.09203944321389,19.04502096122945,3.7262675310507687,84.35105751144047,25.932751072975275,117.30950628633352,41.71668144400674,112.87267954258728,9.261741067267836,68.3412354059569,9.541267749635532
106.66666666666669,500.0,8456624.942466998,4655.909299701634,1789.54557023154,3.4764116466160577,46.7646209904263,51.89543429029944,57.23531273787504,19.04502096122945,3.7262675310507687,25.588670881418164,38.09203944321389,84.35105751144047,25.932751072975275,117.30950628633352,41.71668144400674,68.3412354059569,9.541267749635532,112.87267954258728,9.261741067267836
106.66666666666669,500.0,8456624.942466998,4655.909299701634,1789.54557023154,3.4764116466160577,46.7646209904263,19.04502096122945,3.7262675310507687,25.588670881418164,38.09203944321389,51.89543429029944,57.23531273787504,84.35105751144047,25.932751072975275,68.3412354059569,9.541267749635532,112.87267954258728,9.261741067267836,117.30950628633352,41.71668144400674
106.66666666666669,500.0,8456624.942466998,4655.909299701634,1789.54557023154,3.4764116466160577,46.7646209904263,19.04502096122945,3.7262675310507687,51.89543429029944,57.23531273787504,25.588670881418164,38.09203944321389,84.35105751144047,25.932751072975275,68.3412354059569,9.541267749635532,117.30950628633352,41.71668144400674,112.87267954258728,9.261741067267836
106.66666666666669,500.0,8456624.942466998,4655.909299701634,1789.54557023154,51.89543429029944,57.23531273787504,25.588670881418164,38.09203944321389,3.4764116466160577,46.7646209904263,19.04502096122945,3.7262675310507687,117.30950628633352,41.71668144400674,112.87267954258728,9.261741067267836,84.35105751144047,25.932751072975275,68.3412354059569,9.541267749635532
106.66666666666669,500.0,8456624.942466998,4655.909299701634,1789.54557023154,51.89543429029944,57.23531273787504,25.588670881418164,38.09203944321389,19.04502096122945,3.7262675310507687,3.4764116466160577,46.7646209904263,117.30950628633352,41.71668144400674,112.87267954258728,9.261741067267836,68.3412354059569,9.541267749635532,84.35105751144047,25.932751072975275
106.66666666666669,500.0,8456624.942466998,4655.909299701634,1789.54557023154,51.89543429029944,57.23531273787504,3.4764116466160577,46.7646209904263,25.588670881418164,38.09203944321389,19.04502096122945,3.7262675310507687,117.30950628633352,41.71668144400674,84.35105751144047,25.932751072975275,112.87267954258728,9.261741067267836,68.3412354059569,9.541267749635532
106.66666666666669,500.0,8456624.942466998,4655.909299701634,1789.54557023154,51.89543429029944,57.23531273787504,3.4764116466160577,46.7646209904263,19.04502096122945,3.7262675310507687,25.588670881418164,38.09203944321389,117.30950628633352,41.71668144400674,84.35105751144047,25.932751072975275,68.3412354059569,9.541267749635532,112.87267954258728,9.261741067267836
106.66666666666669,500.0,8456624.942466998,4655.909299701634,1789.54557023154,51.89543429029944,57.23531273787504,19.04502096122945,3.7262675310507687,25.588670881418164,38.09203944321389,3.4764116466160577,46.7646209904263,117.30950628633352,41.71668144400674,68.3412354059569,9.541267749635532,112.87267954258728,9.261741067267836,84.35105751144047,25.932751072975275
106.66666666666669,500.0,8456624.942466998,4655.909299701634,1789.54557023154,51.89543429029944,57.23531273787504,19.04502096122945,3.7262675310507687,3.4764116466160577,46.7646209904263,25.588670881418164,38.09203944321389,117.30950628633352,41.71668144400674,68.3412354059569,9.541267749635532,84.35105751144047,25.932751072975275,112.87267954258728,9.261741067267836
106.66666666666669,500.0,8456624.942466998,4655.909299701634,1789.54557023154,19.04502096122945,3.7262675310507687,25.588670881418164,38.09203944321389,3.4764116466160577,46.7646209904263,51.89543429029944,57.23531273787504,68.3412354059569,9.541267749635532,112.87267954258728,9.261741067267836,84.35105751144047,25.932751072975275,117.30950628633352,41.71668144400674
106.66666666666669,500.0,8456624.942466998,4655.909299701634,1789.54557023154,19.04502096122945,3.7262675310507687,25.588670881418164,38.09203944321389,51.89543429029944,57.23531273787504,3.4764116466160577,46.7646209904263,68.3412354059569,9.541267749635532,112.87267954258728,9.261741067267836,117.30950628633352,41.71668144400674,84.35105751144047,25.932751072975275
106.66666666666669,500.0,8456624.942466998,4655.909299701634,1789.54557023154,19.04502096122945,3.7262675310507687,3.4764116466160577,46.7646209904263,25.588670881418164,38.09203944321389,51.89543429029944,57.23531273787504,68.3412354059569,9.541267749635532,84.35105751144047,25.932751072975275,112.87267954258728,9.261741067267836,117.30950628633352,41.71668144400674
106.66666666666669,500.0,8456624.942466998,4655.909299701634,1789.54557023154,19.04502096122945,3.7262675310507687,3.4764116466160577,46.7646209904263,51.89543429029944,57.23531273787504,25.588670881418164,38.09203944321389,68.3412354059569,9.541267749635532,84.35105751144047,25.932751072975275,117.30950628633352,41.71668144400674,112.87267954258728,9.261741067267836
106.66666666666669,500.0,8456624.942466998,4655.909299701634,1789.54557023154,19.04502096122945,3.7262675310507687,51.89543429029944,57.23531273787504,25.588670881418164,38.09203944321389,3.4764116466160577,46.7646209904263,68.3412354059569,9.541267749635532,117.30950628633352,41.71668144400674,112.87267954258728,9.261741067267836,84.35105751144047,25.932751072975275
106.66666666666669,500.0,8456624.942466998,4655.909299701634,1789.54557023154,19.04502096122945,3.7262675310507687,51.89543429029944,57.23531273787504,3.4764116466160577,46.7646209904263,25.588670881418164,38.09203944321389,68.3412354059569,9.541267749635532,117.30950628633352,41.71668144400674,84.35105751144047,25.932751072975275,112.87267954258728,9.261741067267836
106.66666666666669,500.0,19075926.98912454,5897.113748981777,3007.5186211226646,1.2944118027610885,40.88481364879613,50.35445727302164,6.084072657683919,26.24652777410228,16.961404311282003,37.37126712945376,39.609436053519474,60.66434038108719,42.50885681817343,110.14918058013438,10.789194765713608,75.2473715946167,26.090117828974492,98.3545888834592,28.607726071851555
106.66666666666669,500.0,19075926.98912454,5897.113748981777,3007.5186211226646,1.2944118027610885,40.88481364879613,37.37126712945376,39.609436053519474,50.35445727302164,6.084072657683919,26.24652777410228,16.961404311282003,60.66434038108719,42.50885681817343,98.3545888834592,28.607726071851555,110.14918058013438,10.789194765713608,75.2473715946167,26.090117828974492
106.66666666666669,500.0,19075926.98912454,5897.113748981777,3007.5186211226646,1.2944118027610885,40.88481364879613,37.37126712945376,39.609436053519474,26.24652777410228,16.961404311282003,50.35445727302164,6.084072657683919,60.66434038108719,42.50885681817343,98.3545888834592,28.607726071851555,75.2473715946167,26.090117828974492,110.14918058013438,10.789194765713608
106.66666666666669,500.0,19075926.98912454,5897.113748981777,3007.5186211226646,1.2944118027610885,40.88481364879613,26.24652777410228,16.961404311282003,50.35445727302164,6.084072657683919,37.37126712945376,39.609436053519474,60.66434038108719,42.50885681817343,75.2473715946167,26.090117828974492,110.14918058013438,10.789194765713608,98.3545888834592,28.607726071851555
106.66666666666669,500.0,19075926.98912454,5897.113748981777,3007.5186211226646,1.2944118027610885,40.88481364879613,26.24652777410228,16.961404311282003,37.37126712945376,39.609436053519474,50.35445727302164,6.084072657683919,60.66434038108719,42.50885681817343,75.2473715946167,26.090117828974492,98.3545888834592,28.607726071851555,110.14918058013438,10.789194765713608
106.66666666666669,500.0,19075926.98912454,5897.113748981777,3007.5186211226646,50.35445727302164,6.084072657683919,1.2944118027610885,40.88481364879613,37.37126712945376,39.609436053519474,26.24652777410228,16.961404311282003,110.14918058013438,10.789194765713608,60.66434038108719,42.50885681817343,98.3545888834592,28.607726071851555,75.2473715946167,26.090117828974492
106.66666666666669,500.0,19075926.98912454,5897.113748981777,3007.5186211226646,50.35445727302164,6.084072657683919,1.2944118027610885,40.88481364879613,26.24652777410228,16.961404311282003,37.37126712945376,39.609436053519474,110.14918058013438,10.789194765713608,60.66434038108719,42.50885681817343,75.2473715946167,26.090117828974492,98.3545888834592,28.607726071851555
106.66666666666669,500.0,19075926.98912454,5897.113748981777,3007.5186211226646,50.35445727302164,6.084072657683919,37.37126712945376,39.609436053519474,1.2944118027610885,40.88481364879613,26.24652777410228,16.961404311282003,110.14918058013438,10.789194765713608,98.3545888834592,28.607726071851555,60.66434038108719,42.50885681817343,75.2473715946167,26.090117828974492
106.66666666666669,500.0,19075926.98912454,5897.113748981777,3007.5186211226646,50.35445727302164,6.084072657683919,37.37126712945376,39.609436053519474,26.24652777410228,16.961404311282003,1.2944118027610885,40.88481364879613,110.14918058013438,10.789194765713608,98.3545888834592,28.607726071851555,75.2473715946167,26.090117828974492,60.66434038108719,42.50885681817343
106.66666666666669,500.0,19075926.98912454,5897.113748981777,3007.5186211226646,50.35445727302164,6.084072657683919,26.24652777410228,16.961404311282003,1.2944118027610885,40.88481364879613,37.37126712945376,39.609436053519474,110.14918058013438,10.789194765713608,75.2473715946167,26.090117828974492,60.66434038108719,42.50885681817343,98.3545888834592,28.607726071851555
106.66666666666669,500.0,19075926.98912454,5897.113748981777,3007.5186211226646,50.35445727302164,6.084072657683919,26.24652777410228,16.961404311282003,37.37126712945376,39.609436053519474,1.2944118027610885,40.88481364879613,110.14918058013438,10.789194765713608,75.2473715946167,26.090117828974492,98.3545888834592,28.607726071851555,60.66434038108719,42.50885681817343
106.66666666666669,500.0,19075926.98912454,5897.113748981777,3007.5186211226646,37.37126712945376,39.609436053519474,1.2944118027610885,40.88481364879613,50.35445727302164,6.084072657683919,26.24652777410228,16.961404311282003,98.3545888834592,28.607726071851555,60.66434038108719,42.50885681817343,110.14918058013438,10.789194765713608,75.2473715946167,26.090117828974492
106.66666666666669,500.0,19075926.98912454,5897.113748981777,3007.5186211226646,37.37126712945376,39.609436053519474,1.2944118027610885,40.88481364879613,26.24652777410228,16.961404311282003,50.35445727302164,6.084072657683919,98.3545888834592,28.607726071851555,60.66434038108719,42.50885681817343,75.2473715946167,26.090117828974492,110.14918058013438,10.789194765713608
106.66666666666669,500.0,19075926.98912454,5897.113748981777,3007.5186211226646,37.37126712945376,39.609436053519474,50.35445727302164,6.084072657683919,1.2944118027610885,40.88481364879613,26.24652777410228,16.961404311282003,98.3545888834592,28.607726071851555,110.14918058013438,10.789194765713608,60.66434038108719,42.50885681817343,75.2473715946167,26.090117828974492
106.66666666666669,500.0,19075926.98912454,5897.113748981777,3007.5186211226646,37.37126712945376,39.609436053519474,50.35445727302164,6.084072657683919,26.24652777410228,16.961404311282003,1.2944118027610885,40.88481364879613,98.3545888834592,28.607726071851555,110.14918058013438,10.789194765713608,75.2473715946167,26.090117828974492,60.66434038108719,42.50885681817343
106.66666666666669,500.0,19075926.98912454,5897.113748981777,3007.5186211226646,37.37126712945376,39.609436053519474,26.24652777410228,16.961404311282003,1.2944118027610885,40.88481364879613,50.35445727302164,6.084072657683919,98.3545888834592,28.607726071851555,75.2473715946167,26.090117828974492,60.66434038108719,42.50885681817343,110.14918058013438,10.789194765713608
106.66666666666669,500.0,19075926.98912454,5897.113748981777,3007.5186211226646,37.37126712945376,39.609436053519474,26.24652777410228,16.961404311282003,50.35445727302164,6.084072657683919,1.2944118027610885,40.88481364879613,98.3545888834592,28.607726071851555,75.2473715946167,26.090117828974492,110.14918058013438,10.789194765713608,60.66434038108719,42.50885681817343
106.66666666666669,500.0,19075926.98912454,5897.113748981777,3007.5186211226646,26.24652777410228,16.961404311282003,1.2944118027610885,40.88481364879613,50.35445727302164,6.084072657683919,37.37126712945376,39.609436053519474,75.2473715946167,26.090117828974492,60.66434038108719,42.50885681817343,110.14918058013438,10.789194765713608,98.3545888834592,28.607726071851555
106.66666666666669,500.0,19075926.98912454,5897.113748981777,3007.5186211226646,26.24652777410228,16.961404311282003,1.2944118027610885,40.88481364879613,37.37126712945376,39.609436053519474,50.35445727302164,6.084072657683919,75.2473715946167,26.090117828974492,60.66434038108719,42.50885681817343,98.3545888834592,28.607726071851555,110.14918058013438,10.789194765713608
106.66666666666669,500.0,19075926.98912454,5897.113748981777,3007.5186211226646,26.24652777410228,16.961404311282003,50.35445727302164,6.084072657683919,1.2944118027610885,40.88481364879613,37.37126712945376,39.609436053519474,75.2473715946167,26.090117828974492,110.14918058013438,10.789194765713608,60.66434038108719,42.50885681817343,98.3545888834592,28.607726071851555
106.66666666666669,500.0,19075926.98912454,5897.113748981777,3007.5186211226646,26.24652777410228,16.961404311282003,50.35445727302164,6.084072657683919,37.37126712945376,39.609436053519474,1.2944118027610885,40.88481364879613,75.2473715946167,26.090117828974492,110.14918058013438,10.789194765713608,98.3545888834592,28.607726071851555,60.66434038108719,42.50885681817343
106.66666666666669,500.0,19075926.98912454,5897.113748981777,3007.5186211226646,26.24652777410228,16.961404311282003,37.37126712945376,39.609436053519474,1.2944118027610885,40.88481364879613,50.35445727302164,6.084072657683919,75.2473715946167,26.090117828974492,98.3545888834592,28.607726071851555,60.66434038108719,42.50885681817343,110.14918058013438,10.789194765713608
106.66666666666669,500.0,19075926.98912454,5897.113748981777,3007.5186211226646,26.24652777410228,16.961404311282003,37.37126712945376,39.609436053519474,50.35445727302164,6.084072657683919,1.2944118027610885,40.88481364879613,75.2473715946167,26.090117828974492,98.3545888834592,28.607726071851555,110.14918058013438,10.789194765713608,60.66434038108719,42.50885681817343
106.66666666666669,500.0,18292731.548742205,5234.343398126631,2970.8057553235394,4.986313481924669,28.443465478277947,39.262306054545846,45.08312330904238,58.59750221033434,55.27925142276624,32.20875713361245,6.580401820989456,60.52315821485101,26.640379525591516,83.15555501799996,34.67953921480595,107.22102743877343,29.827833915996123,95.92356527140166,10.361881244242776
106.66666666666669,500.0,18292731.548742205,5234.343398126631,2970.8057553235394,4.986313481924669,28.443465478277947,32.20875713361245,6.580401820989456,39.262306054545846,45.08312330904238,58.59750221033434,55.27925142276624,60.52315821485101,26.640379525591516,95.92356527140166,10.361881244242776,83.15555501799996,34.67953921480595,107.22102743877343,29.827833915996123
106.66666666666669,500.0,18292731.548742205,5234.343398126631,2970.8057553235394,4.986313481924669,28.443465478277947,32.20875713361245,6.580401820989456,58.59750221033434,55.27925142276624,39.262306054545846,45.08312330904238,60.52315821485101,26.640379525591516,95.92356527140166,10.361881244242776,107.22102743877343,29.827833915996123,83.15555501799996,34.67953921480595
106.66666666666669,500.0,18292731.548742205,5234.343398126631,2970.8057553235394,4.986313481924669,28.443465478277947,58.59750221033434,55.27925142276624,39.262306054545846,45.08312330904238,32.20875713361245,6.580401820989456,60.52315821485101,26.640379525591516,107.22102743877343,29.827833915996123,83.15555501799996,34.67953921480595,95.92356527140166,10.361881244242776
106.66666666666669,500.0,18292731.548742205,5234.343398126631,2970.8057553235394,4.986313481924669,28.443465478277947,58.59750221033434,55.27925142276624,32.20875713361245,6.580401820989456,39.262306054545846,45.08312330904238,60.52315821485101,26.640379525591516,107.22102743877343,29.827833915996123,95.92356527140166,10.361881244242776,83.15555501799996,34.67953921480595
106.66666666666669,500.0,18292731.548742205,5234.343398126631,2970.8057553235394,39.262306054545846,45.08312330904238,4.986313481924669,28.443465478277947,32.20875713361245,6.580401820989456,58.59750221033434,55.27925142276624,83.15555501799996,34.67953921480595,60.52315821485101,26.640379525591516,95.92356527140166,10.361881244242776,107.22102743877343,29.827833915996123
106.66666666666669,500.0,18292731.548742205,5234.343398126631,2970.8057553235394,39.262306054545846,45.08312330904238,4.986313481924669,28.443465478277947,58.59750221033434,55.27925142276624,32.20875713361245,6.580401820989456,83.15555501799996,34.67953921480595,60.52315821485101,26.640379525591516,107.22102743877343,29.827833915996123,95.92356527140166,10.361881244242776
106.66666666666669,500.0,18292731.548742205,5234.343398126631,2970.8057553235394,39.262306054545846,45.08312330904238,32.20875713361245,6.580401820989456,4.986313481924669,28.443465478277947,58.59750221033434,55.27925142276624,83.15555501799996,34.67953921480595,95.92356527140166,10.361881244242776,60.52315821485101,26.640379525591516,107.22102743877343,29.827833915996123
106.66666666666669,500.0,18292731.548742205,5234.343398126631,2970.8057553235394,39.262306054545846,45.08312330904238,32.20875713361245,6.580401820989456,58.59750221033434,55.27925142276624,4.986313481924669,28.443465478277947,83.15555501799996,34.67953921480595,95.92356527140166,10.361881244242776,107.22102743877343,29.827833915996123,60.52315821485101,26.640379525591516
106.66666666666669,500.0,18292731.548742205,5234.343398126631,2970.8057553235394,39.262306054545846,45.08312330904238,58.59750221033434,55.27925142276624,4.986313481924669,28.443465478277947,32.20875713361245,6.580401820989456,83.15555501799996,34.67953921480595,107.22102743877343,29.827833915996123,60.52315821485101,26.640379525591516,95.92356527140166,10.361881244242776
106.66666666666669,500.0,18292731.548742205,5234.343398126631,2970.8057553235394,39.262306054545846,45.08312330904238,58.59750221033434,55.27925142276624,32.20875713361245,6.580401820989456,4.986313481924669,28.443465478277947,83.15555501799996,34.67953921480595,107.22102743877343,29.827833915996123,95.92356527140166,10.361881244242776,60.52315821485101,26.640379525591516
106.66666666666669,500.0,18292731.548742205,5234.343398126631,2970.8057553235394,32.20875713361245,6.580401820989456,4.986313481924669,28.443465478277947,39.262306054545846,45.08312330904238,58.59750221033434,55.27925142276624,95.92356527140166,10.361881244242776,60.52315821485101,26.640379525591516,83.15555501799996,34.67953921480595,107.22102743877343,29.827833915996123
106.66666666666669,500.0,18292731.548742205,5234.343398126631,2970.8057553235394,32.20875713361245,6.580401820989456,4.986313481924669,28.443465478277947,58.59750221033434,55.27925142276624,39.262306054545846,45.08312330904238,95.92356527140166,10.361881244242776,60.52315821485101,26.640379525591516,107.22102743877343,29.827833915996123,83.15555501799996,34.67953921480595
106.66666666666669,500.0,18292731.548742205,5234.343398126631,2970.8057553235394,32.20875713361245,6.580401820989456,39.262306054545846,45.08312330904238,4.986313481924669,28.443465478277947,58.59750221033434,55.27925142276624,95.92356527140166,10.361881244242776,83.15555501799996,34.67953921480595,60.52315821485101,26.640379525591516,107.22102743877343,29.827833915996123
106.66666666666669,500.0,18292731.548742205,5234.343398126631,2970.8057553235394,32.20875713361245,6.580401820989456,39.262306054545846,45.08312330904238,58.59750221033434,55.27925142276624,4.986313481924669,28.443465478277947,95.92356527140166,10.361881244242776,83.15555501799996,34.67953921480595,107.22102743877343,29.827833915996123,60.52315821485101,26.640379525591516
106.66666666666669,500.0,18292731.548742205,5234.343398126631,2970.8057553235394,32.20875713361245,6.580401820989456,58.59750221033434,55.27925142276624,4.986313481924669,28.443465478277947,39.262306054545846,45.08312330904238,95.92356527140166,10.361881244242776,107.22102743877343,29.827833915996123,60.52315821485101,26.640379525591516,83.15555501799996,34.67953921480595
106.66666666666669,500.0,18292731.548742205,5234.343398126631,2970.8057553235394,32.20875713361245,6.580401820989456,58.59750221033434,55.27925142276624,39.262306054545846,45.08312330904238,4.986313481924669,28.443465478277947,95.92356527140166,10.361881244242776,107.22102743877343,29.827833915996123,83.15555501799996,34.67953921480595,60.52315821485101,26.640379525591516
106.66666666666669,500.0,18292731.548742205,5234.343398126631,2970.8057553235394,58.59750221033434,55.27925142276624,4.986313481924669,28.443465478277947,39.262306054545846,45.08312330904238,32.20875713361245,6.580401820989456,107.22102743877343,29.827833915996123,60.52315821485101,26.640379525591516,83.15555501799996,34.67953921480595,95.92356527140166,10.361881244242776
106.66666666666669,500.0,18292731.548742205,5234.343398126631,2970.8057553235394,58.59750221033434,55.27925142276624,4.986313481924669,28.443465478277947,32.20875713361245,6.580401820989456,39.262306054545846,45.08312330904238,107.22102743877343,29.827833915996123,60.52315821485101,26.640379525591516,95.92356527140166,10.361881244242776,83.15555501799996,34.67953921480595
106.66666666666669,500.0,18292731.548742205,5234.343398126631,2970.8057553235394,58.59750221033434,55.27925142276624,39.262306054545846,45.08312330904238,4.986313481924669,28.443465478277947,32.20875713361245,6.580401820989456,107.22102743877343,29.827833915996123,83.15555501799996,34.67953921480595,60.52315821485101,26.640379525591516,95.92356527140166,10.361881244242776
106.66666666666669,500.0,18292731.548742205,5234.343398126631,2970.8057553235394,58.59750221033434,55.27925142276624,39.262306054545846,45.08312330904238,32.20875713361245,6.580401820989456,4.986313481924669,28.443465478277947,107.22102743877343,29.827833915996123,83.15555501799996,34.67953921480595,95.92356527140166,10.361881244242776,60.52315821485101,26.640379525591516
106.66666666666669,500.0,18292731.548742205,5234.343398126631,2970.8057553235394,58.59750221033434,55.27925142276624,32.20875713361245,6.580401820989456,4.986313481924669,28.443465478277947,39.262306054545846,45.08312330904238,107.22102743877343,29.827833915996123,95.92356527140166,10.361881244242776,60.52315821485101,26.640379525591516,83.15555501799996,34.67953921480595
106.66666666666669,500.0,18292731.548742205,5234.343398126631,2970.8057553235394,58.59750221033434,55.27925142276624,32.20875713361245,6.580401820989456,39.262306054545846,45.08312330904238,4.986313481924669,28.443465478277947,107.22102743877343,29.827833915996123,95.92356527140166,10.361881244242776,83.15555501799996,34.67953921480595,60.52315821485101,26.640379525591516
106.66666666666669,500.0,22141177.59483677,6008.4806688678655,3666.7451168993593,5.211348800272397,8.376148412347781,57.369293262625085,17.95851595357707,36.03274430982172,41.498665211570525,9.102339826940264,33.941225583291185,66.77941727460893,31.82850955638824,114.53720315666148,12.551973930817496,105.82290465900832,31.8431985222281,73.34502414778241,53.4683149443398
106.66666666666669,500.0,22141177.59483677,6008.4806688678655,3666.7451168993593,5.211348800272397,8.376148412347781,9.102339826940264,33.941225583291185,57.369293262625085,17.95851595357707,36.03274430982172,41.498665211570525,66.77941727460893,31.82850955638824,73.34502414778241,53.4683149443398,114.53720315666148,12.551973930817496,105.82290465900832,31.8431985222281
106.66666666666669,500.0,22141177.59483677,6008.4806688678655,3666.7451168993593,5.211348800272397,8.376148412347781,9.102339826940264,33.941225583291185,36.03274430982172,41.498665211570525,57.369293262625085,17.95851595357707,66.77941727460893,31.82850955638824,73.34502414778241,53.4683149443398,105.82290465900832,31.8431985222281,114.53720315666148,12.551973930817496
106.66666666666669,500.0,22141177.59483677,6008.4806688678655,3666.7451168993593,5.211348800272397,8.376148412347781,36.03274430982172,41.498665211570525,57.369293262625085,17.95851595357707,9.102339826940264,33.941225583291185,66.77941727460893,31.82850955638824,105.82290465900832,31.8431985222281,114.53720315666148,12.551973930817496,73.34502414778241,53.4683149443398
106.66666666666669,500.0,22141177.59483677,6008.4806688678655,3666.7451168993593,5.211348800272397,8.376148412347781,36.03274430982172,41.498665211570525,9.102339826940264,33.941225583291185,57.369293262625085,17.95851595357707,66.77941727460893,31.82850955638824,105.82290465900832,31.8431985222281,73.34502414778241,53.4683149443398,114.53720315666148,12.551973930817496
106.66666666666669,500.0,22141177.59483677,6008.4806688678655,3666.7451168993593,57.369293262625085,17.95851595357707,5.211348800272397,8.376148412347781,9.102339826940264,33.941225583291185,36.03274430982172,41.498665211570525,114.53720315666148,12.551973930817496,66.77941727460893,31.82850955638824,73.34502414778241,53.4683149443398,105.82290465900832,31.8431985222281
106.66666666666669,500.0,22141177.59483677,6008.4806688678655,3666.7451168993593,57.369293262625085,17.95851595357707,5.211348800272397,8.376148412347781,36.03274430982172,41.498665211570525,9.102339826940264,33.941225583291185,114.53720315666148,12.551973930817496,66.77941727460893,31.82850955638824,105.82290465900832,31.8431985222281,73.34502414778241,53.4683149443398
106.66666666666669,500.0,22141177.59483677,6008.4806688678655,3666.7451168993593,57.369293262625085,17.95851595357707,9.102339826940264,33.941225583291185,5.211348800272397,8.376148412347781,36.03274430982172,41.498665211570525,114.53720315666148,12.551973930817496,73.34502414778241,53.4683149443398,66.77941727460893,31.82850955638824,105.82290465900832,31.8431985222281
106.66666666666669,500.0,22141177.59483677,6008.4806688678655,3666.7451168993593,57.369293262625085,17.95851595357707,9.102339826940264,33.941225583291185,36.03274430982172,41.498665211570525,5.211348800272397,8.376148412347781,114.53720315666148,12.551973930817496,73.34502414778241,53.4683149443398,105.82290465900832,31.8431985222281,66.77941727460893,31.82850955638824
106.66666666666669,500.0,22141177.59483677,6008.4806688678655,3666.7451168993593,57.369293262625085,17.95851595357707,36.03274430982172,41.498665211570525,5.211348800272397,8.376148412347781,9.102339826940264,33.941225583291185,114.53720315666148,12.551973930817496,105.82290465900832,31.8431985222281,66.77941727460893,31.82850955638824,73.34502414778241,53.4683149443398
106.66666666666669,500.0,22141177.59483677,6008.4806688678655,3666.7451168993593,57.369293262625085,17.95851595357707,36.03274430982172,41.498665211570525,9.102339826940264,33.941225583291185,5.211348800272397,8.376148412347781,114.53720315666148,12.551973930817496,105.82290465900832,31.8431985222281,73.34502414778241,53.4683149443398,66.77941727460893,31.82850955638824
106.66666666666669,500.0,22141177.59483677,6008.4806688678655,3666.7451168993593,9.102339826940264,33.941225583291185,5.211348800272397,8.376148412347781,57.369293262625085,17.95851595357707,36.03274430982172,41.498665211570525,73.34502414778241,53.4683149443398,66.77941727460893,31.82850955638824,114.53720315666148,12.551973930817496,105.82290465900832,31.8431985222281
106.66666666666669,500.0,22141177.59483677,6008.4806688678655,3666.7451168993593,9.102339826940264,33.941225583291185,5.211348800272397,8.376148412347781,36.03274430982172,41.498665211570525,57.369293262625085,17.95851595357707,73.34502414778241,53.4683149443398,66.77941727460893,31.82850955638824,105.82290465900832,31.8431985222281,114.53720315666148,12.551973930817496
106.66666666666669,500.0,22141177.59483677,6008.4806688678655,3666.7451168993593,9.102339826940264,33.941225583291185,57.369293262625085,17.95851595357707,5.211348800272397,8.376148412347781,36.03274430982172,41.498665211570525,73.34502414778241,53.4683149443398,114.53720315666148,12.551973930817496,66.77941727460893,31.82850955638824,105.82290465900832,31.8431985222281
106.66666666666669,500.0,22141177.59483677,6008.4806688678655,3666.7451168993593,9.102339826940264,33.941225583291185,57.369293262625085,17.95851595357707,36.03274430982172,41.498665211570525,5.211348800272397,8.376148412347781,73.34502414778241,53.4683149443398,114.53720315666148,12.551973930817496,105.82290465900832,31.8431985222281,66.77941727460893,31.82850955638824
106.66666666666669,500.0,22141177.59483677,6008.4806688678655,3666.7451168993593,9.102339826940264,33.941225583291185,36.03274430982172,41.498665211570525,5.211348800272397,8.376148412347781,57.369293262625085,17.95851595357707,73.34502414778241,53.4683149443398,105.82290465900832,31.8431985222281,66.77941727460893,31.82850955638824,114.53720315666148,12.551973930817496
106.66666666666669,500.0,22141177.59483677,6008.4806688678655,3666.7451168993593,9.102339826940264,33.941225583291185,36.03274430982172,41.498665211570525,57.369293262625085,17.95851595357707,5.211348800272397,8.376148412347781,73.34502414778241,53.4683149443398,105.82290465900832,31.8431985222281,114.53720315666148,12.551973930817496,66.77941727460893,31.82850955638824
106.66666666666669,500.0,22141177.59483677,6008.4806688678655,3666.7451168993593,36.03274430982172,41.498665211570525,5.211348800272397,8.376148412347781,57.369293262625085,17.95851595357707,9.102339826940264,33.941225583291185,105.82290465900832,31.8431985222281,66.77941727460893,31.82850955638824,114.53720315666148,12.551973930817496,73.34502414778241,53.4683149443398
106.66666666666669,500.0,22141177.59483677,6008.4806688678655,3666.7451168993593,36.03274430982172,41.498665211570525,5.211348800272397,8.376148412347781,9.102339826940264,33.941225583291185,57.369293262625085,17.95851595357707,105.82290465900832,31.8431985222281,66.77941727460893,31.82850955638824,73.34502414778241,53.4683149443398,114.53720315666148,12.551973930817496
106.66666666666669,500.0,22141177.59483677,6008.4806688678655,3666.7451168993593,36.03274430982172,41.498665211570525,57.369293262625085,17.95851595357707,5.211348800272397,8.376148412347781,9.102339826940264,33.941225583291185,105.82290465900832,31.8431985222281,114.53720315666148,12.551973930817496,66.77941727460893,31.82850955638824,73.34502414778241,53.4683149443398
106.66666666666669,500.0,22141177.59483677,6008.4806688678655,3666.7451168993593,36.03274430982172,41.498665211570525,57.369293262625085,17.95851595357707,9.102339826940264,33.941225583291185,5.211348800272397,8.376148412347781,105.82290465900832,31.8431985222281,114.53720315666148,12.551973930817496,73.34502414778241,53.4683149443398,66.77941727460893,31.82850955638824
106.66666666666669,500.0,22141177.59483677,6008.4806688678655,3666.7451168993593,36.03274430982172,41.498665211570525,9.102339826940264,33.941225583291185,5.211348800272397,8.376148412347781,57.369293262625085,17.95851595357707,105.82290465900832,31.8431985222281,73.34502414778241,53.4683149443398,66.77941727460893,31.82850955638824,114.53720315666148,12.551973930817496
106.66666666666669,500.0,22141177.59483677,6008.4806688678655,3666.7451168993593,36.03274430982172,41.498665211570525,9.102339826940264,33.941225583291185,57.369293262625085,17.95851595357707,5.211348800272397,8.376148412347781,105.82290465900832,31.8431985222281,73.34502414778241,53.4683149443398,114.53720315666148,12.551973930817496,66.77941727460893,31.82850955638824
106.66666666666669,500.0,15324551.054753242,6282.964937390446,2371.7889650893835,44.34573782095048,36.33570249394532,0.3037399981834165,56.947888135775045,59.54855169804455,1.5227202548656282,20.561475412279616,42.77581139119352,113.67932018564343,33.425418907226955,92.85328957222607,39.34492926204646,78.40400740706212,20.74694593707904,63.25171182454058,7.342014127372899
106.66666666666669,500.0,15324551.054753242,6282.964937390446,2371.7889650893835,44.34573782095048,36.33570249394532,20.561475412279616,42.77581139119352,0.3037399981834165,56.947888135775045,59.54855169804455,1.5227202548656282,113.67932018564343,33.425418907226955,63.25171182454058,7.342014127372899,92.85328957222607,39.34492926204646,78.40400740706212,20.74694593707904
106.66666666666669,500.0,15324551.054753242,6282.964937390446,2371.7889650893835,44.34573782095048,36.33570249394532,20.561475412279616,42.77581139119352,59.54855169804455,1.5227202548656282,0.3037399981834165,56.947888135775045,113.67932018564343,33.425418907226955,63.25171182454058,7.342014127372899,78.40400740706212,20.74694593707904,92.85328957222607,39.34492926204646
106.66666666666669,500.0,15324551.054753242,6282.964937390446,2371.7889650893835,44.34573782095048,36.33570249394532,59.54855169804455,1.5227202548656282,0.3037399981834165,56.947888135775045,20.561475412279616,42.77581139119352,113.67932018564343,33.425418907226955,78.40400740706212,20.74694593707904,92.85328957222607,39.34492926204646,63.25171182454058,7.342014127372899
106.66666666666669,500.0,15324551.054753242,6282.964937390446,2371.7889650893835,44.34573782095048,36.33570249394532,59.54855169804455,1.5227202548656282,20.561475412279616,42.77581139119352,0.3037399981834165,56.947888135775045,113.67932018564343,33.425418907226955,78.40400740706212,20.74694593707904,63.25171182454058,7.342014127372899,92.85328957222607,39.34492926204646
106.66666666666669,500.0,15324551.054753242,6282.964937390446,2371.7889650893835,0.3037399981834165,56.947888135775045,44.34573782095048,36.33570249394532,20.561475412279616,42.77581139119352,59.54855169804455,1.5227202548656282,92.85328957222607,39.34492926204646,113.67932018564343,33.425418907226955,63.25171182454058,7.342014127372899,78.40400740706212,20.74694593707904
106.66666666666669,500.0,15324551.054753242,6282.964937390446,2371.7889650893835,0.3037399981834165,56.947888135775045,44.34573782095048,36.33570249394532,59.54855169804455,1.5227202548656282,20.561475412279616,42.77581139119352,92.85328957222607,39.34492926204646,113.67932018564343,33.425418907226955,78.40400740706212,20.74694593707904,63.25171182454058,7.342014127372899
106.66666666666669,500.0,15324551.054753242,6282.964937390446,2371.7889650893835,0.3037399981834165,56.947888135775045,20.561475412279616,42.77581139119352,44.34573782095048,36.33570249394532,59.54855169804455,1.5227202548656282,92.85328957222607,39.34492926204646,63.25171182454058,7.342014127372899,113.67932018564343,33.425418907226955,78.40400740706212,20.74694593707904
106.66666666666669,500.0,15324551.054753242,6282.964937390446,2371.7889650893835,0.3037399981834165,56.947888135775045,20.561475412279616,42.77581139119352,59.54855169804455,1.5227202548656282,44.34573782095048,36.33570249394532,92.85328957222607,39.34492926204646,63.25171182454058,7.342014127372899,78.40400740706212,20.74694593707904,113.67932018564343,33.425418907226955
106.66666666666669,500.0,15324551.054753242,6282.964937390446,2371.7889650893835,0.3037399981834165,56.947888135775045,59.54855169804455,1.5227202548656282,44.34573782095048,36.33570249394532,20.561475412279616,42.77581139119352,92.85328957222607,39.34492926204646,78.40400740706212,20.74694593707904,113.67932018564343,33.425418907226955,63.25171182454058,7.342014127372899
106.66666666666669,500.0,15324551.054753242,6282.964937390446,2371.7889650893835,0.3037399981834165,56.947888135775045,59.54855169804455,1.5227202548656282,20.561475412279616,42.77581139119352,44.34573782095048,36.33570249394532,92.85328957222607,39.34492926204646,78.40400740706212,20.74694593707904,63.25171182454058,7.342014127372899,113.67932018564343,33.425418907226955
106.66666666666669,500.0,15324551.054753242,6282.964937390446,2371.7889650893835,20.561475412279616,42.77581139119352,44.34573782095048,36.33570249394532,0.3037399981834165,56.947888135775045,59.54855169804455,1.5227202548656282,63.25171182454058,7.342014127372899,113.67932018564343,33.425418907226955,92.85328957222607,39.34492926204646,78.40400740706212,20.74694593707904
106.66666666666669,500.0,15324551.054753242,6282.964937390446,2371.7889650893835,20.561475412279616,42.77581139119352,44.34573782095048,36.33570249394532,59.54855169804455,1.5227202548656282,0.3037399981834165,56.947888135775045,63.25171182454058,7.342014127372899,113.67932018564343,33.425418907226955,78.40400740706212,20.74694593707904,92.85328957222607,39.34492926204646
106.66666666666669,500.0,15324551.054753242,6282.964937390446,2371.7889650893835,20.561475412279616,42.77581139119352,0.3037399981834165,56.947888135775045,44.34573782095048,36.33570249394532,59.54855169804455,1.5227202548656282,63.25171182454058,7.342014127372899,92.85328957222607,39.34492926204646,113.67932018564343,33.425418907226955,78.40400740706212,20.74694593707904
106.66666666666669,500.0,15324551.054753242,6282.964937390446,2371.7889650893835,20.561475412279616,42.77581139119352,0.3037399981834165,56.947888135775045,59.54855169804455,1.5227202548656282,44.34573782095048,36.33570249394532,63.25171182454058,7.342014127372899,92.85328957222607,39.34492926204646,78.40400740706212,20.74694593707904,113.67932018564343,33.425418907226955
106.66666666666669,500.0,15324551.054753242,6282.964937390446,2371.7889650893835,20.561475412279616,42.77581139119352,59.54855169804455,1.5227202548656282,44.34573782095048,36.33570249394532,0.3037399981834165,56.947888135775045,63.25171182454058,7.342014127372899,78.40400740706212,20.74694593707904,113.67932018564343,33.425418907226955,92.85328957222607,39.34492926204646
106.66666666666669,500.0,15324551.054753242,6282.964937390446,2371.7889650893835,20.561475412279616,42.77581139119352,59.54855169804455,1.5227202548656282,0.3037399981834165,56.947888135775045,44.34573782095048,36.33570249394532,63.25171182454058,7.342014127372899,78.40400740706212,20.74694593707904,92.85328957222607,39.34492926204646,113.67932018564343,33.425418907226955
106.66666666666669,500.0,15324551.054753242,6282.964937390446,2371.7889650893835,59.54855169804455,1.5227202548656282,44.34573782095048,36.33570249394532,0.3037399981834165,56.947888135775045,20.561475412279616,42.77581139119352,78.40400740706212,20.74694593707904,113.67932018564343,33.425418907226955,92.85328957222607,39.34492926204646,63.25171182454058,7.342014127372899
106.66666666666669,500.0,15324551.054753242,6282.964937390446,2371.7889650893835,59.54855169804455,1.5227202548656282,44.34573782095048,36.33570249394532,20.561475412279616,42.77581139119352,0.3037399981834165,56.947888135775045,78.40400740706212,20.74694593707904,113.67932018564343,33.425418907226955,63.25171182454058,7.342014127372899,92.85328957222607,39.34492926204646
106.66666666666669,500.0,15324551.054753242,6282.964937390446,2371.7889650893835,59.54855169804455,1.5227202548656282,0.3037399981834165,56.947888135775045,44.34573782095048,36.33570249394532,20.561475412279616,42.77581139119352,78.40400740706212,20.74694593707904,92.85328957222607,39.34492926204646,113.67932018564343,33.425418907226955,63.25171182454058,7.342014127372899
106.66666666666669,500.0,15324551.054753242,6282.964937390446,2371.7889650893835,59.54855169804455,1.5227202548656282,0.3037399981834165,56.947888135775045,20.561475412279616,42.77581139119352,44.34573782095048,36.33570249394532,78.40400740706212,20.74694593707904,92.85328957222607,39.34492926204646,63.25171182454058,7.342014127372899,113.67932018564343,33.425418907226955
106.66666666666669,500.0,15324551.054753242,6282.964937390446,2371.7889650893835,59.54855169804455,1.5227202548656282,20.561475412279616,42.77581139119352,44.34573782095048,36.33570249394532,0.3037399981834165,56.947888135775045,78.40400740706212,20.74694593707904,63.25171182454058,7.342014127372899,113.67932018564343,33.425418907226955,92.85328957222607,39.34492926204646
106.66666666666669,500.0,15324551.054753242,6282.964937390446,2371.7889650893835,59.54855169804455,1.5227202548656282,20.561475412279616,42.77581139119352,0.3037399981834165,56.947888135775045,44.34573782095048,36.33570249394532,78.40400740706212,20.74694593707904,63.25171182454058,7.342014127372899,92.85328957222607,39.34492926204646,113.67932018564343,33.425418907226955
120.0,500.0,24825415.33660173,6445.190516756516,3517.4787187876445,12.185706071055533,9.871360616351224,38.18921908201288,21.308982164732328,2.5780299027295883,43.858517242007046,58.72518985345108,37.79540027620673,85.72333580453326,37.40666721246232,93.46769443469198,57.13611648375686,62.70794543961036,42.275281147934415,114.83754296848186,20.17831370857913
120.0,500.0,24825415.33660173,6445.190516756516,3517.4787187876445,12.185706071055533,9.871360616351224,58.72518985345108,37.79540027620673,38.18921908201288,21.308982164732328,2.5780299027295883,43.858517242007046,85.72333580453326,37.40666721246232,114.83754296848186,20.17831370857913,93.46769443469198,57.13611648375686,62.70794543961036,42.275281147934415
120.0,500.0,24825415.33660173,6445.190516756516,3517.4787187876445,12.185706071055533,9.871360616351224,58.72518985345108,37.79540027620673,2.5780299027295883,43.858517242007046,38.18921908201288,21.308982164732328,85.72333580453326,37.40666721246232,114.83754296848186,20.17831370857913,62.70794543961036,42.275281147934415,93.46769443469198,57.13611648375686
120.0,500.0,24825415.33660173,6445.190516756516,3517.4787187876445,12.185706071055533,9.871360616351224,2.5780299027295883,43.858517242007046,38.18921908201288,21.308982164732328,58.72518985345108,37.79540027620673,85.72333580453326,37.40666721246232,62.70794543961036,42.275281147934415,93.46769443469198,57.13611648375686,114.83754296848186,20.17831370857913
120.0,500.0,24825415.33660173,6445.190516756516,3517.4787187876445,12.185706071055533,9.871360616351224,2.5780299027295883,43.858517242007046,58.72518985345108,37.79540027620673,38.18921908201288,21.308982164732328,85.72333580453326,37.40666721246232,62.70794543961036,42.275281147934415,114.83754296848186,20.17831370857913,93.46769443469198,57.13611648375686
120.0,500.0,24825415.33660173,6445.190516756516,3517.4787187876445,38.18921908201288,21.308982164732328,12.185706071055533,9.871360616351224,58.72518985345108,37.79540027620673,2.5780299027295883,43.858517242007046,93.46769443469198,57.13611648375686,85.72333580453326,37.40666721246232,114.83754296848186,20.17831370857913,62.70794543961036,42.275281147934415
120.0,500.0,24825415.33660173,6445.190516756516,3517.4787187876445,38.18921908201288,21.308982164732328,12.185706071055533,9.871360616351224,2.5780299027295883,43.858517242007046,58.72518985345108,37.79540027620673,93.46769443469198,57.13611648375686,85.72333580453326,37.40666721246232,62.70794543961036,42.275281147934415,114.83754296848186,20.17831370857913
120.0,500.0,24825415.33660173,6445.190516756516,3517.4787187876445,38.18921908201288,21.308982164732328,58.72518985345108,37.79540027620673,12.185706071055533,9.871360616351224,2.5780299027295883,43.858517242007046,93.46769443469198,57.13611648375686,114.83754296848186,20.17831370857913,85.72333580453326,37.40666721246232,62.70794543961036,42.275281147934415
120.0,500.0,24825415.33660173,6445.190516756516,3517.4787187876445,38.18921908201288,21.308982164732328,58.72518985345108,37.79540027620673,2.5780299027295883,43.858517242007046,12.185706071055533,9.871360616351224,93.46769443469198,57.13611648375686,114.83754296848186,20.17831370857913,62.70794543961036,42.275281147934415,85.72333580453326,37.40666721246232
120.0,500.0,24825415.33660173,6445.190516756516,3517.4787187876445,38.18921908201288,21.308982164732328,2.5780299027295883,43.858517242007046,12.185706071055533,9.871360616351224,58.72518985345108,37.79540027620673,93.46769443469198,57.13611648375686,62.70794543961036,42.275281147934415,85.72333580453326,37.40666721246232,114.83754296848186,20.17831370857913
120.0,500.0,24825415.33660173,6445.190516756516,3517.4787187876445,38.18921908201288,21.308982164732328,2.5780299027295883,43.858517242007046,58.72518985345108,37.79540027620673,12.185706071055533,9.871360616351224,93.46769443469198,57.13611648375686,62.70794543961036,42.275281147934415,114.83754296848186,20.17831370857913,85.72333580453326,37.40666721246232
120.0,500.0,24825415.33660173,6445.190516756516,3517.4787187876445,58.72518985345108,37.79540027620673,12.185706071055533,9.871360616351224,38.18921908201288,21.308982164732328,2.5780299027295883,43.858517242007046,114.83754296848186,20.17831370857913,85.72333580453326,37.40666721246232,93.46769443469198,57.13611648375686,62.70794543961036,42.275281147934415
120.0,500.0,24825415.33660173,6445.190516756516,3517.4787187876445,58.72518985345108,37.79540027620673,12.185706071055533,9.871360616351224,2.5780299027295883,43.858517242007046,38.18921908201288,21.308982164732328,114.83754296848186,20.17831370857913,85.72333580453326,37.40666721246232,62.70794543961036,42.275281147934415,93.46769443469198,57.13611648375686
120.0,500.0,24825415.33660173,6445.190516756516,3517.4787187876445,58.72518985345108,37.79540027620673,38.18921908201288,21.308982164732328,12.185706071055533,9.871360616351224,2.5780299027295883,43.858517242007046,114.83754296848186,20.17831370857913,93.46769443469198,57.13611648375686,85.72333580453326,37.40666721246232,62.70794543961036,42.275281147934415
120.0,500.0,24825415.33660173,6445.190516756516,3517.4787187876445,58.72518985345108,37.79540027620673,38.18921908201288,21.308982164732328,2.5780299027295883,43.858517242007046,12.185706071055533,9.871360616351224,114.83754296848186,20.17831370857913,93.46769443469198,57.13611648375686,62.70794543961036,42.275281147934415,85.72333580453326,37.40666721246232
120.0,500.0,24825415.33660173,6445.190516756516,3517.4787187876445,58.72518985345108,37.79540027620673,2.5780299027295883,43.858517242007046,12.185706071055533,9.871360616351224,38.18921908201288,21.308982164732328,114.83754296848186,20.17831370857913,62.70794543961036,42.275281147934415,85.72333580453326,37.40666721246232,93.46769443469198,57.13611648375686
120.0,500.0,24825415.33660173,6445.190516756516,3517.4787187876445,58.72518985345108,37.79540027620673,2.5780299027295883,43.858517242007046,38.18921908201288,21.308982164732328,12.185706071055533,9.871360616351224,114.83754296848186,20.17831370857913,62.70794543961036,42.275281147934415,93.46769443469198,57.13611648375686,85.72333580453326,37.40666721246232
120.0,500.0,24825415.33660173,6445.190516756516,3517.4787187876445,2.5780299027295883,43.858517242007046,12.185706071055533,9.871360616351224,38.18921908201288,21.308982164732328,58.72518985345108,37.79540027620673,62.70794543961036,42.275281147934415,85.72333580453326,37.40666721246232,93.46769443469198,57.13611648375686,114.83754296848186,20.17831370857913
120.0,500.0,24825415.33660173,6445.190516756516,3517.4787187876445,2.5780299027295883,43.858517242007046,12.185706071055533,9.871360616351224,58.72518985345108,37.79540027620673,38.18921908201288,21.308982164732328,62.70794543961036,42.275281147934415,85.72333580453326,37.40666721246232,114.83754296848186,20.17831370857913,93.46769443469198,57.13611648375686
120.0,500.0,24825415.33660173,6445.190516756516,3517.4787187876445,2.5780299027295883,43.858517242007046,38.18921908201288,21.308982164732328,12.185706071055533,9.871360616351224,58.72518985345108,37.79540027620673,62.70794543961036,42.275281147934415,93.46769443469198,57.13611648375686,85.72333580453326,37.40666721246232,114.83754296848186,20.17831370857913
120.0,500.0,24825415.33660173,6445.190516756516,3517.4787187876445,2.5780299027295883,43.858517242007046,38.18921908201288,21.308982164732328,58.72518985345108,37.79540027620673,12.185706071055533,9.871360616351224,62.70794543961036,42.275281147934415,93.46769443469198,57.13611648375686,114.83754296848186,20.17831370857913,85.72333580453326,37.40666721246232
120.0,500.0,24825415.33660173,6445.190516756516,3517.4787187876445,2.5780299027295883,43.858517242007046,58.72518985345108,37.79540027620673,12.185706071055533,9.871360616351224,38.18921908201288,21.308982164732328,62.70794543961036,42.275281147934415,114.83754296848186,20.17831370857913,85.72333580453326,37.40666721246232,93.46769443469198,57.13611648375686
120.0,500.0,24825415.33660173,6445.190516756516,3517.4787187876445,2.5780299027295883,43.858517242007046,58.72518985345108,37.79540027620673,38.18921908201288,21.308982164732328,12.185706071055533,9.871360616351224,62.70794543961036,42.275281147934415,114.83754296848186,20.17831370857913,93.46769443469198,57.13611648375686,85.72333580453326,37.40666721246232
120.0,500.0,3228531.1621105056,3990.487871581016,715.461008309741,35.82627493799728,53.58846969708266,43.20819699126219,7.507231169927746,12.730123982247626,51.94818559507895,11.735130422584266,27.941518173983763,97.97222820040852,51.35075160942426,60.6963010872428,5.11528105112439,72.20786274104387,45.904903943324975,108.28868874670069,26.99294153123529
120.0,500.0,3228531.1621105056,3990.487871581016,715.461008309741,35.82627493799728,53.58846969708266,11.735130422584266,27.941518173983763,43.20819699126219,7.507231169927746,12.730123982247626,51.94818559507895,97.97222820040852,51.35075160942426,108.28868874670069,26.99294153123529,60.6963010872428,5.11528105112439,72.20786274104387,45.904903943324975
120.0,500.0,3228531.1621105056,3990.487871581016,715.461008309741,35.82627493799728,53.58846969708266,11.735130422584266,27.941518173983763,12.730123982247626,51.94818559507895,43.20819699126219,7.507231169927746,97.97222820040852,51.35075160942426,108.28868874670069,26.99294153123529,72.20786274104387,45.904903943324975,60.6963010872428,5.11528105112439
120.0,500.0,3228531.1621105056,3990.487871581016,715.461008309741,35.82627493799728,53.58846969708266,12.730123982247626,51.94818559507895,43.20819699126219,7.507231169927746,11.735130422584266,27.941518173983763,97.97222820040852,51.35075160942426,72.20786274104387,45.904903943324975,60.6963010872428,5.11528105112439,108.28868874670069,26.99294153123529
120.0,500.0,3228531.1621105056,3990.487871581016,715.461008309741,35.82627493799728,53.58846969708266,12.730123982247626,51.94818559507895,11.735130422584266,27.941518173983763,43.20819699126219,7.507231169927746,97.97222820040852,51.35075160942426,72.20786274104387,45.904903943324975,108.28868874670069,26.99294153123529,60.6963010872428,5.11528105112439
120.0,500.0,3228531.1621105056,3990.487871581016,715.461008309741,43.20819699126219,7.507231169927746,35.82627493799728,53.58846969708266,11.735130422584266,27.941518173983763,12.730123982247626,51.94818559507895,60.6963010872428,5.11528105112439,97.97222820040852,51.35075160942426,108.28868874670069,26.99294153123529,72.20786274104387,45.904903943324975
120.0,500.0,3228531.1621105056,3990.487871581016,715.461008309741,43.20819699126219,7.507231169927746,35.82627493799728,53.58846969708266,12.730123982247626,51.94818559507895,11.735130422584266,27.941518173983763,60.6963010872428,5.11528105112439,97.97222820040852,51.35075160942426,72.20786274104387,45.904903943324975,108.28868874670069,26.99294153123529
120.0,500.0,3228531.1621105056,3990.487871581016,715.461008309741,43.20819699126219,7.507231169927746,11.735130422584266,27.941518173983763,35.82627493799728,53.58846969708266,12.730123982247626,51.94818559507895,60.6963010872428,5.11528105112439,108.28868874670069,26.99294153123529,97.97222820040852,51.35075160942426,72.20786274104387,45.904903943324975
120.0,500.0,3228531.1621105056,3990.487871581016,715.461008309741,43.20819699126219,7.507231169927746,11.735130422584266,27.941518173983763,12.730123982247626,51.94818559507895,35.82627493799728,53.58846969708266,60.6963010872428,5.11528105112439,108.28868874670069,26.99294153123529,72.20786274104387,45.904903943324975,97.97222820040852,51.35075160942426
120.0,500.0,3228531.1621105056,3990.487871581016,715.461008309741,43.20819699126219,7.507231169927746,12.730123982247626,51.94818559507895,35.82627493799728,53.58846969708266,11.735130422584266,27.941518173983763,60.6963010872428,5.11528105112439,72.20786274104387,45.904903943324975,97.97222820040852,51.35075160942426,108.28868874670069,26.99294153123529
120.0,500.0,3228531.1621105056,3990.487871581016,715.461008309741,43.20819699126219,7.507231169927746,12.730123982247626,51.94818559507895,11.735130422584266,27.941518173983763,35.82627493799728,53.58846969708266,60.6963010872428,5.11528105112439,72.20786274104387,45.904903943324975,108.28868874670069,26.99294153123529,97.97222820040852,51.35075160942426
120.0,500.0,3228531.1621105056,3990.487871581016,715.461008309741,11.735130422584266,27.941518173983763,35.82627493799728,53.58846969708266,43.20819699126219,7.507231169927746,12.730123982247626,51.94818559507895,108.28868874670069,26.99294153123529,97.97222820040852,51.35075160942426,60.6963010872428,5.11528105112439,72.20786274104387,45.904903943324975
120.0,500.0,3228531.1621105056,3990.487871581016,715.461008309741,11.735130422584266,27.941518173983763,35.82627493799728,53.58846969708266,12.730123982247626,51.94818559507895,43.20819699126219,7.507231169927746,108.28868874670069,26.99294153123529,97.97222820040852,51.35075160942426,72.20786274104387,45.904903943324975,60.6963010872428,5.11528105112439
120.0,500.0,3228531.1621105056,3990.487871581016,715.461008309741,11.735130422584266,27.941518173983763,43.20819699126219,7.507231169927746,35.82627493799728,53.58846969708266,12.730123982247626,51.94818559507895,108.28868874670069,26.99294153123529,60.6963010872428,5.11528105112439,97.97222820040852,51.35075160942426,72.20786274104387,45.904903943324975
120.0,500.0,3228531.1621105056,3990.487871581016,715.461008309741,11.735130422584266,27.941518173983763,43.20819699126219,7.507231169927746,12.730123982247626,51.94818559507895,35.82627493799728,53.58846969708266,108.28868874670069,26.99294153123529,60.6963010872428,5.11528105112439,72.20786274104387,45.904903943324975,97.97222820040852,51.35075160942426
120.0,500.0,3228531.1621105056,3990.487871581016,715.461008309741,11.735130422584266,27.941518173983763,12.730123982247626,51.94818559507895,35.82627493799728,53.58846969708266,43.20819699126219,7.507231169927746,108.28868874670069,26.99294153123529,72.20786274104387,45.904903943324975,97.97222820040852,51.35075160942426,60.6963010872428,5.11528105112439
120.0,500.0,3228531.1621105056,3990.487871581016,715.461008309741,11.735130422584266,27.941518173983763,12.730123982247626,51.94818559507895,43.20819699126219,7.507231169927746,35.82627493799728,53.58846969708266,108.28868874670069,26.99294153123529,72.20786274104387,45.904903943324975,60.6963010872428,5.11528105112439,97.97222820040852,51.35075160942426
120.0,500.0,3228531.1621105056,3990.487871581016,715.461008309741,12.730123982247626,51.94818559507895,35.82627493799728,53.58846969708266,43.20819699126219,7.507231169927746,11.735130422584266,27.941518173983763,72.20786274104387,45.904903943324975,97.97222820040852,51.35075160942426,60.6963010872428,5.11528105112439,108.28868874670069,26.99294153123529
120.0,500.0,3228531.1621105056,3990.487871581016,715.461008309741,12.730123982247626,51.94818559507895,35.82627493799728,53.58846969708266,11.735130422584266,27.941518173983763,43.20819699126219,7.507231169927746,72.20786274104387,45.904903943324975,97.97222820040852,51.35075160942426,108.28868874670069,26.99294153123529,60.6963010872428,5.11528105112439
120.0,500.0,3228531.1621105056,3990.487871581016,715.461008309741,12.730123982247626,51.94818559507895,43.20819699126219,7.507231169927746,35.82627493799728,53.58846969708266,11.735130422584266,27.941518173983763,72.20786274104387,45.904903943324975,60.6963010872428,5.11528105112439,97.97222820040852,51.35075160942426,108.28868874670069,26.99294153123529
120.0,500.0,3228531.1621105056,3990.487871581016,715.461008309741,12.730123982247626,51.94818559507895,43.20819699126219,7.507231169927746,11.735130422584266,27.941518173983763,35.82627493799728,53.58846969708266,72.20786274104387,45.904903943324975,60.6963010872428,5.11528105112439,108.28868874670069,26.99294153123529,97.97222820040852,51.35075160942426
120.0,500.0,3228531.1621105056,3990.487871581016,715.461008309741,12.730123982247626,51.94818559507895,11.735130422584266,27.941518173983763,35.82627493799728,53.58846969708266,43.20819699126219,7.507231169927746,72.20786274104387,45.904903943324975,108.28868874670069,26.99294153123529,97.97222820040852,51.35075160942426,60.6963010872428,5.11528105112439
120.0,500.0,3228531.1621105056,3990.487871581016,715.461008309741,12.730123982247626,51.94818559507895,11.735130422584266,27.941518173983763,43.20819699126219,7.507231169927746,35.82627493799728,53.58846969708266,72.20786274104387,45.904903943324975,108.28868874670069,26.99294153123529,60.6963010872428,5.11528105112439,97.97222820040852,51.35075160942426
120.0,500.0,12749998.806907326,4870.39448537139,2537.7102797858497,54.54792674276843,52.36671813014358,26.083593019704068,55.73514920181355,53.37758006349498,9.829793063811872,7.387638858235346,41.06335839119891,112.0868806288336,10.880473325766744,117.72089400298802,47.1896121618307,63.18571266341465,11.550622250285231,69.04307003091645,32.64542953417002
120.0,500.0,12749998.806907326,4870.39448537139,2537.7102797858497,54.54792674276843,52.36671813014358,7.387638858235346,41.06335839119891,26.083593019704068,55.73514920181355,53.37758006349498,9.829793063811872,112.0868806288336,10.880473325766744,69.04307003091645,32.64542953417002,117.72089400298802,47.1896121618307,63.18571266341465,11.550622250285231
120.0,500.0,12749998.806907326,4870.39448537139,2537.7102797858497,54.54792674276843,52.36671813014358,7.387638858235346,41.06335839119891,53.37758006349498,9.829793063811872,26.083593019704068,55.73514920181355,112.0868806288336,10.880473325766744,69.04307003091645,32.64542953417002,63.18571266341465,11.550622250285231,117.72089400298802,47.1896121618307
120.0,500.0,12749998.806907326,4870.39448537139,2537.7102797858497,54.54792674276843,52.36671813014358,53.37758006349498,9.829793063811872,26.083593019704068,55.73514920181355,7.387638858235346,41.06335839119891,112.0868806288336,10.880473325766744,63.18571266341465,11.550622250285231,117.72089400298802,47.1896121618307,69.04307003091645,32.64542953417002
120.0,500.0,12749998.806907326,4870.39448537139,2537.7102797858497,54.54792674276843,52.36671813014358,53.37758006349498,9.829793063811872,7.387638858235346,41.06335839119891,26.083593019704068,55.73514920181355,112.0868806288336,10.880473325766744,63.18571266341465,11.550622250285231,69.04307003091645,32.64542953417002,117.72089400298802,47.1896121618307
120.0,500.0,12749998.806907326,4870.39448537139,2537.7102797858497,26.083593019704068,55.73514920181355,54.54792674276843,52.36671813014358,7.387638858235346,41.06335839119891,53.37758006349498,9.829793063811872,117.72089400298802,47.1896121618307,112.0868806288336,10.880473325766744,69.04307003091645,32.64542953417002,63.18571266341465,11.550622250285231
120.0,500.0,12749998.806907326,4870.39448537139,2537.7102797858497,26.083593019704068,55.73514920181355,54.54792674276843,52.36671813014358,53.37758006349498,9.829793063811872,7.387638858235346,41.06335839119891,117.72089400298802,47.1896121618307,112.0868806288336,10.880473325766744,63.18571266341465,11.550622250285231,69.04307003091645,32.64542953417002
120.0,500.0,12749998.806907326,4870.39448537139,2537.7102797858497,26.083593019704068,55.73514920181355,7.387638858235346,41.06335839119891,54.54792674276843,52.36671813014358,53.37758006349498,9.829793063811872,117.72089400298802,47.1896121618307,69.04307003091645,32.64542953417002,112.0868806288336,10.880473325766744,63.18571266341465,11.550622250285231
120.0,500.0,12749998.806907326,4870.39448537139,2537.7102797858497,26.083593019704068,55.73514920181355,7.387638858235346,41.06335839119891,53.37758006349498,9.829793063811872,54.54792674276843,52.36671813014358,117.72089400298802,47.1896121618307,69.04307003091645,32.64542953417002,63.18571266341465,11.550622250285231,112.0868806288336,10.880473325766744
120.0,500.0,12749998.806907326,4870.39448537139,2537.7102797858497,26.083593019704068,55.73514920181355,53.37758006349498,9.829793063811872,54.54792674276843,52.36671813014358,7.387638858235346,41.06335839119891,117.72089400298802,47.1896121618307,63.18571266341465,11.550622250285231,112.0868806288336,10.880473325766744,69.04307003091645,32.64542953417002
120.0,500.0,12749998.806907326,4870.39448537139,2537.7102797858497,26.083593019704068,55.73514920181355,53.37758006349498,9.829793063811872,7.387638858235346,41.06335839119891,54.54792674276843,52.36671813014358,117.72089400298802,47.1896121618307,63.18571266341465,11.550622250285231,69.04307003091645,32.64542953417002,112.0868806288336,10.880473325766744
120.0,500.0,12749998.806907326,4870.39448537139,2537.7102797858497,7.387638858235346,41.06335839119891,54.54792674276843,52.36671813014358,26.083593019704068,55.73514920181355,53.37758006349498,9.829793063811872,69.04307003091645,32.64542953417002,112.0868806288336,10.880473325766744,117.72089400298802,47.1896121618307,63.18571266341465,11.550622250285231
120.0,500.0,12749998.806907326,4870.39448537139,2537.7102797858497,7.387638858235346,41.06335839119891,54.54792674276843,52.36671813014358,53.37758006349498,9.829793063811872,26.083593019704068,55.73514920181355,69.04307003091645,32.64542953417002,112.0868806288336,10.880473325766744,63.18571266341465,11.550622250285231,117.72089400298802,47.1896121618307
120.0,500.0,12749998.806907326,4870.39448537139,2537.7102797858497,7.387638858235346,41.06335839119891,26.083593019704068,55.73514920181355,54.54792674276843,52.36671813014358,53.37758006349498,9.829793063811872,69.04307003091645,32.64542953417002,117.72089400298802,47.1896121618307,112.0868806288336,10.880473325766744,63.18571266341465,11.550622250285231
120.0,500.0,12749998.806907326,4870.39448537139,2537.7102797858497,7.387638858235346,41.06335839119891,26.083593019704068,55.73514920181355,53.37758006349498,9.829793063811872,54.54792674276843,52.36671813014358,69.04307003091645,32.64542953417002,117.72089400298802,47.1896121618307,63.18571266341465,11.550622250285231,112.0868806288336,10.880473325766744
120.0,500.0,12749998.806907326,4870.39448537139,2537.7102797858497,7.387638858235346,41.06335839119891,53.37758006349498,9.829793063811872,54.54792674276843,52.36671813014358,26.083593019704068,55.73514920181355,69.04307003091645,32.64542953417002,63.18571266341465,11.550622250285231,112.0868806288336,10.880473325766744,117.72089400298802,47.1896121618307
120.0,500.0,12749998.806907326,4870.39448537139,2537.7102797858497,7.387638858235346,41.06335839119891,53.37758006349498,9.829793063811872,26.083593019704068,55.73514920181355,54.54792674276843,52.36671813014358,69.04307003091645,32.64542953417002,63.18571266341465,11.550622250285231,117.72089400298802,47.1896121618307,112.0868806288336,10.880473325766744
120.0,500.0,12749998.806907326,4870.39448537139,2537.7102797858497,53.37758006349498,9.829793063811872,54.54792674276843,52.36671813014358,26.083593019704068,55.73514920181355,7.387638858235346,41.06335839119891,63.18571266341465,11.550622250285231,112.0868806288336,10.880473325766744,117.72089400298802,47.1896121618307,69.04307003091645,32.64542953417002
120.0,500.0,12749998.806907326,4870.39448537139,2537.7102797858497,53.37758006349498,9.829793063811872,54.54792674276843,52.36671813014358,7.387638858235346,41.06335839119891,26.083593019704068,55.73514920181355,63.18571266341465,11.550622250285231,112.0868806288336,10.880473325766744,69.04307003091645,32.64542953417002,117.72089400298802,47.1896121618307
120.0,500.0,12749998.806907326,4870.39448537139,2537.7102797858497,53.37758006349498,9.829793063811872,26.083593019704068,55.73514920181355,54.54792674276843,52.36671813014358,7.387638858235346,41.06335839119891,63.18571266341465,11.550622250285231,117.72089400298802,47.1896121618307,112.0868806288336,10.880473325766744,69.04307003091645,32.64542953417002
120.0,500.0,12749998.806907326,4870.39448537139,2537.7102797858497,53.37758006349498,9.829793063811872,26.083593019704068,55.73514920181355,7.387638858235346,41.06335839119891,54.54792674276843,52.36671813014358,63.18571266341465,11.550622250285231,117.72089400298802,47.1896121618307,69.04307003091645,32.64542953417002,112.0868806288336,10.880473325766744
120.0,500.0,12749998.806907326,4870.39448537139,2537.7102797858497,53.37758006349498,9.829793063811872,7.387638858235346,41.06335839119891,54.54792674276843,52.36671813014358,26.083593019704068,55.73514920181355,63.18571266341465,11.550622250285231,69.04307003091645,32.64542953417002,112.0868806288336,10.880473325766744,117.72089400298802,47.1896121618307
120.0,500.0,12749998.806907326,4870.39448537139,2537.7102797858497,53.37758006349498,9.829793063811872,7.387638858235346,41.06335839119891,26.083593019704068,55.73514920181355,54.54792674276843,52.36671813014358,63.18571266341465,11.550622250285231,69.04307003091645,32.64542953417002,117.72089400298802,47.1896121618307,112.0868806288336,10.880473325766744
120.0,500.0,17144034.32558086,5503.067486156472,2435.321072754052,56.55109035401546,42.16580384118928,1.3107137636651212,1.4520721328146746,25.28609564503224,25.513188285786125,28.47421354476287,46.709608125055446,105.78648213151784,19.986677323503105,60.71935928089499,20.231708807523862,83.20864665723295,14.561353132213926,74.09906423446131,36.46269504258896
120.0,500.0,17144034.32558086,5503.067486156472,2435.321072754052,56.55109035401546,42.16580384118928,28.47421354476287,46.709608125055446,1.3107137636651212,1.4520721328146746,25.28609564503224,25.513188285786125,105.78648213151784,19.986677323503105,74.09906423446131,36.46269504258896,60.71935928089499,20.231708807523862,83.20864665723295,14.561353132213926
120.0,500.0,17144034.32558086,5503.067486156472,2435.321072754052,56.55109035401546,42.16580384118928,28.47421354476287,46.709608125055446,25.28609564503224,25.513188285786125,1.3107137636651212,1.4520721328146746,105.78648213151784,19.986677323503105,74.09906423446131,36.46269504258896,83.20864665723295,14.561353132213926,60.71935928089499,20.231708807523862
120.0,500.0,17144034.32558086,5503.067486156472,2435.321072754052,56.55109035401546,42.16580384118928,25.28609564503224,25.513188285786125,1.3107137636651212,1.4520721328146746,28.47421354476287,46.709608125055446,105.78648213151784,19.986677323503105,83.20864665723295,14.561353132213926,60.71935928089499,20.231708807523862,74.09906423446131,36.46269504258896
120.0,500.0,17144034.32558086,5503.067486156472,2435.321072754052,56.55109035401546,42.16580384118928,25.28609564503224,25.513188285786125,28.47421354476287,46.709608125055446,1.3107137636651212,1.4520721328146746,105.78648213151784,19.986677323503105,83.20864665723295,14.561353132213926,74.09906423446131,36.46269504258896,60.71935928089499,20.231708807523862
120.0,500.0,17144034.32558086,5503.067486156472,2435.321072754052,1.3107137636651212,1.4520721328146746,56.55109035401546,42.16580384118928,28.47421354476287,46.709608125055446,25.28609564503224,25.513188285786125,60.71935928089499,20.231708807523862,105.78648213151784,19.986677323503105,74.09906423446131,36.46269504258896,83.20864665723295,14.561353132213926
120.0,500.0,17144034.32558086,5503.067486156472,2435.321072754052,1.3107137636651212,1.4520721328146746,56.55109035401546,42.16580384118928,25.28609564503224,25.513188285786125,28.47421354476287,46.709608125055446,60.71935928089499,20.231708807523862,105.78648213151784,19.986677323503105,83.20864665723295,14.561353132213926,74.09906423446131,36.46269504258896
120.0,500.0,17144034.32558086,5503.067486156472,2435.321072754052,1.3107137636651212,1.4520721328146746,28.47421354476287,46.709608125055446,56.55109035401546,42.16580384118928,25.28609564503224,25.513188285786125,60.71935928089499,20.231708807523862,74.09906423446131,36.46269504258896,105.78648213151784,19.986677323503105,83.20864665723295,14.561353132213926
120.0,500.0,17144034.32558086,5503.067486156472,2435.321072754052,1.3107137636651212,1.4520721328146746,28.47421354476287,46.709608125055446,25.28609564503224,25.513188285786125,56.55109035401546,42.16580384118928,60.71935928089499,20.231708807523862,74.09906423446131,36.46269504258896,83.20864665723295,14.561353132213926,105.78648213151784,19.986677323503105
120.0,500.0,17144034.32558086,5503.067486156472,2435.321072754052,1.3107137636651212,1.4520721328146746,25.28609564503224,25.513188285786125,56.55109035401546,42.16580384118928,28.47421354476287,46.709608125055446,60.71935928089499,20.231708807523862,83.20864665723295,14.561353132213926,105.78648213151784,19.986677323503105,74.09906423446131,36.46269504258896
120.0,500.0,17144034.32558086,5503.067486156472,2435.321072754052,1.3107137636651212,1.4520721328146746,25.28609564503224,25.513188285786125,28.47421354476287,46.709608125055446,56.55109035401546,42.16580384118928,60.71935928089499,20.231708807523862,83.20864665723295,14.561353132213926,74.09906423446131,36.46269504258896,105.78648213151784,19.986677323503105
120.0,500.0,17144034.32558086,5503.067486156472,2435.321072754052,28.47421354476287,46.709608125055446,56.55109035401546,42.16580384118928,1.3107137636651212,1.4520721328146746,25.28609564503224,25.513188285786125,74.09906423446131,36.46269504258896,105.78648213151784,19.986677323503105,60.71935928089499,20.231708807523862,83.20864665723295,14.561353132213926
120.0,500.0,17144034.32558086,5503.067486156472,2435.321072754052,28.47421354476287,46.709608125055446,56.55109035401546,42.16580384118928,25.28609564503224,25.513188285786125,1.3107137636651212,1.4520721328146746,74.09906423446131,36.46269504258896,105.78648213151784,19.986677323503105,83.20864665723295,14.561353132213926,60.71935928089499,20.231708807523862
120.0,500.0,17144034.32558086,5503.067486156472,2435.321072754052,28.47421354476287,46.709608125055446,1.3107137636651212,1.4520721328146746,56.55109035401546,42.16580384118928,25.28609564503224,25.513188285786125,74.09906423446131,36.46269504258896,60.71935928089499,20.231708807523862,105.78648213151784,19.986677323503105,83.20864665723295,14.561353132213926
120.0,500.0,17144034.32558086,5503.067486156472,2435.321072754052,28.47421354476287,46.709608125055446,1.3107137636651212,1.4520721328146746,25.28609564503224,25.513188285786125,56.55109035401546,42.16580384118928,74.09906423446131,36.46269504258896,60.71935928089499,20.231708807523862,83.20864665723295,14.561353132213926,105.78648213151784,19.986677323503105
120.0,500.0,17144034.32558086,5503.067486156472,2435.321072754052,28.47421354476287,46.709608125055446,25.28609564503224,25.513188285786125,56.55109035401546,42.16580384118928,1.3107137636651212,1.4520721328146746,74.09906423446131,36.46269504258896,83.20864665723295,14.561353132213926,105.78648213151784,19.986677323503105,60.71935928089499,20.231708807523862
120.0,500.0,17144034.32558086,5503.067486156472,2435.321072754052,28.47421354476287,46.709608125055446,25.28609564503224,25.513188285786125,1.3107137636651212,1.4520721328146746,56.55109035401546,42.16580384118928,74.09906423446131,36.46269504258896,83.20864665723295,14.561353132213926,60.71935928089499,20.231708807523862,105.78648213151784,19.986677323503105
120.0,500.0,17144034.32558086,5503.067486156472,2435.321072754052,25.28609564503224,25.513188285786125,56.55109035401546,42.16580384118928,1.3107137636651212,1.4520721328146746,28.47421354476287,46.709608125055446,83.20864665723295,14.561353132213926,105.78648213151784,19.986677323503105,60.71935928089499,20.231708807523862,74.09906423446131,36.46269504258896
120.0,500.0,17144034.32558086,5503.067486156472,2435.321072754052,25.28609564503224,25.513188285786125,56.55109035401546,42.16580384118928,28.47421354476287,46.709608125055446,1.3107137636651212,1.4520721328146746,83.20864665723295,14.561353132213926,105.78648213151784,19.986677323503105,74.09906423446131,36.46269504258896,60.71935928089499,20.231708807523862
120.0,500.0,17144034.32558086,5503.067486156472,2435.321072754052,25.28609564503224,25.513188285786125,1.3107137636651212,1.4520721328146746,56.55109035401546,42.16580384118928,28.47421354476287,46.709608125055446,83.20864665723295,14.561353132213926,60.71935928089499,20.231708807523862,105.78648213151784,19.986677323503105,74.09906423446131,36.46269504258896
120.0,500.0,17144034.32558086,5503.067486156472,2435.321072754052,25.28609564503224,25.513188285786125,1.3107137636651212,1.4520721328146746,28.47421354476287,46.709608125055446,56.55109035401546,42.16580384118928,83.20864665723295,14.561353132213926,60.71935928089499,20.231708807523862,74.09906423446131,36.46269504258896,105.78648213151784,19.986677323503105
120.0,500.0,17144034.32558086,5503.067486156472,2435.321072754052,25.28609564503224,25.513188285786125,28.47421354476287,46.709608125055446,56.55109035401546,42.16580384118928,1.3107137636651212,1.4520721328146746,83.20864665723295,14.561353132213926,74.09906423446131,36.46269504258896,105.78648213151784,19.986677323503105,60.71935928089499,20.231708807523862
120.0,500.0,17144034.32558086,5503.067486156472,2435.321072754052,25.28609564503224,25.513188285786125,28.47421354476287,46.709608125055446,1.3107137636651212,1.4520721328146746,56.55109035401546,42.16580384118928,83.20864665723295,14.561353132213926,74.09906423446131,36.46269504258896,60.71935928089499,20.231708807523862,105.78648213151784,19.986677323503105
120.0,500.0,31152411.788668577,7024.359888224255,4355.533338582617,26.29761949961138,10.622057669513667,8.159263100887744,35.044372623225776,51.436652017042434,17.332232140959412,56.50747002159251,44.56407627355854,90.08465086468112,52.34187998394398,68.10209067077047,36.00386551717457,100.59423928556672,17.768617588107748,112.14354606078696,40.55835182436214
120.0,500.0,31152411.788668577,7024.359888224255,4355.533338582617,26.29761949961138,10.622057669513667,56.50747002159251,44.56407627355854,8.159263100887744,35.044372623225776,51.436652017042434,17.332232140959412,90.08465086468112,52.34187998394398,112.14354606078696,40.55835182436214,68.10209067077047,36.00386551717457,100.59423928556672,17.768617588107748
120.0,500.0,31152411.788668577,7024.359888224255,4355.533338582617,26.29761949961138,10.622057669513667,56.50747002159251,44.56407627355854,51.436652017042434,17.332232140959412,8.159263100887744,35.044372623225776,90.08465086468112,52.34187998394398,112.14354606078696,40.55835182436214,100.59423928556672,17.768617588107748,68.10209067077047,36.00386551717457
120.0,500.0,31152411.788668577,7024.359888224255,4355.533338582617,26.29761949961138,10.622057669513667,51.436652017042434,17.332232140959412,8.159263100887744,35.044372623225776,56.50747002159251,44.56407627355854,90.08465086468112,52.34187998394398,100.59423928556672,17.768617588107748,68.10209067077047,36.00386551717457,112.14354606078696,40.55835182436214
120.0,500.0,31152411.788668577,7024.359888224255,4355.533338582617,26.29761949961138,10.622057669513667,51.436652017042434,17.332232140959412,56.50747002159251,44.56407627355854,8.159263100887744,35.044372623225776,90.08465086468112,52.34187998394398,100.59423928556672,17.768617588107748,112.14354606078696,40.55835182436214,68.10209067077047,36.00386551717457
120.0,500.0,31152411.788668577,7024.359888224255,4355.533338582617,8.159263100887744,35.044372623225776,26.29761949961138,10.622057669513667,56.50747002159251,44.56407627355854,51.436652017042434,17.332232140959412,68.10209067077047,36.00386551717457,90.08465086468112,52.34187998394398,112.14354606078696,40.55835182436214,100.59423928556672,17.768617588107748
120.0,500.0,31152411.788668577,7024.359888224255,4355.533338582617,8.159263100887744,35.044372623225776,26.29761949961138,10.622057669513667,51.436652017042434,17.332232140959412,56.50747002159251,44.56407627355854,68.10209067077047,36.00386551717457,90.08465086468112,52.34187998394398,100.59423928556672,17.768617588107748,112.14354606078696,40.55835182436214
120.0,500.0,31152411.788668577,7024.359888224255,4355.533338582617,8.159263100887744,35.044372623225776,56.50747002159251,44.56407627355854,26.29761949961138,10.622057669513667,51.436652017042434,17.332232140959412,68.10209067077047,36.00386551717457,112.14354606078696,40.55835182436214,90.08465086468112,52.34187998394398,100.59423928556672,17.768617588107748
120.0,500.0,31152411.788668577,7024.359888224255,4355.533338582617,8.159263100887744,35.044372623225776,56.50747002159251,44.56407627355854,51.436652017042434,17.332232140959412,26.29761949961138,10.622057669513667,68.10209067077047,36.00386551717457,112.14354606078696,40.55835182436214,100.59423928556672,17.768617588107748,90.08465086468112,52.34187998394398
120.0,500.0,31152411.788668577,7024.359888224255,4355.533338582617,8.159263100887744,35.044372623225776,51.436652017042434,17.332232140959412,26.29761949961138,10.622057669513667,56.50747002159251,44.56407627355854,68.10209067077047,36.00386551717457,100.59423928556672,17.768617588107748,90.08465086468112,52.34187998394398,112.14354606078696,40.55835182436214
120.0,500.0,31152411.788668577,7024.359888224255,4355.533338582617,8.159263100887744,35.044372623225776,51.436652017042434,17.332232140959412,56.50747002159251,44.56407627355854,26.29761949961138,10.622057669513667,68.10209067077047,36.00386551717457,100.59423928556672,17.768617588107748,112.14354606078696,40.55835182436214,90.08465086468112,52.34187998394398
120.0,500.0,31152411.788668577,7024.359888224255,4355.533338582617,56.50747002159251,44.56407627355854,26.29761949961138,10.622057669513667,8.159263100887744,35.044372623225776,51.436652017042434,17.332232140959412,112.14354606078696,40.55835182436214,90.08465086468112,52.34187998394398,68.10209067077047,36.00386551717457,100.59423928556672,17.768617588107748
120.0,500.0,31152411.788668577,7024.359888224255,4355.533338582617,56.50747002159251,44.56407627355854,26.29761949961138,10.622057669513667,51.436652017042434,17.332232140959412,8.159263100887744,35.044372623225776,112.14354606078696,40.55835182436214,90.08465086468112,52.34187998394398,100.59423928556672,17.768617588107748,68.10209067077047,36.00386551717457
120.0,500.0,31152411.788668577,7024.359888224255,4355.533338582617,56.50747002159251,44.56407627355854,8.159263100887744,35.044372623225776,26.29761949961138,10.622057669513667,51.436652017042434,17.332232140959412,112.14354606078696,40.55835182436214,68.10209067077047,36.00386551717457,90.08465086468112,52.34187998394398,100.59423928556672,17.768617588107748
120.0,500.0,31152411.788668577,7024.359888224255,4355.533338582617,56.50747002159251,44.56407627355854,8.159263100887744,35.044372623225776,51.436652017042434,17.332232140959412,26.29761949961138,10.622057669513667,112.14354606078696,40.55835182436214,68.10209067077047,36.00386551717457,100.59423928556672,17.768617588107748,90.08465086468112,52.34187998394398
120.0,500.0,31152411.788668577,7024.359888224255,4355.533338582617,56.50747002159251,44.56407627355854,51.436652017042434,17.332232140959412,26.29761949961138,10.622057669513667,8.159263100887744,35.044372623225776,112.14354606078696,40.55835182436214,100.59423928556672,17.768617588107748,90.08465086468112,52.34187998394398,68.10209067077047,36.00386551717457
120.0,500.0,31152411.788668577,7024.359888224255,4355.533338582617,56.50747002159251,44.56407627355854,51.436652017042434,17.332232140959412,8.159263100887744,35.044372623225776,26.29761949961138,10.622057669513667,112.14354606078696,40.55835182436214,100.59423928556672,17.768617588107748,68.10209067077047,36.00386551717457,90.08465086468112,52.34187998394398
120.0,500.0,31152411.788668577,7024.359888224255,4355.533338582617,51.436652017042434,17.332232140959412,26.29761949961138,10.622057669513667,8.159263100887744,35.044372623225776,56.50747002159251,44.56407627355854,100.59423928556672,17.768617588107748,90.08465086468112,52.34187998394398,68.10209067077047,36.00386551717457,112.14354606078696,40.55835182436214
120.0,500.0,31152411.788668577,7024.359888224255,4355.533338582617,51.436652017042434,17.332232140959412,26.29761949961138,10.622057669513667,56.50747002159251,44.56407627355854,8.159263100887744,35.044372623225776,100.59423928556672,17.768617588107748,90.08465086468112,52.34187998394398,112.14354606078696,40.55835182436214,68.10209067077047,36.00386551717457
120.0,500.0,31152411.788668577,7024.359888224255,4355.533338582617,51.436652017042434,17.332232140959412,8.159263100887744,35.044372623225776,26.29761949961138,10.622057669513667,56.50747002159251,44.56407627355854,100.59423928556672,17.768617588107748,68.10209067077047,36.00386551717457,90.08465086468112,52.34187998394398,112.14354606078696,40.55835182436214
120.0,500.0,31152411.788668577,7024.359888224255,4355.533338582617,51.436652017042434,17.332232140959412,8.159263100887744,35.044372623225776,56.50747002159251,44.56407627355854,26.29761949961138,10.622057669513667,100.59423928556672,17.768617588107748,68.10209067077047,36.00386551717457,112.14354606078696,40.55835182436214,90.08465086468112,52.34187998394398
120.0,500.0,31152411.788668577,7024.359888224255,4355.533338582617,51.436652017042434,17.332232140959412,56.50747002159251,44.56407627355854,26.29761949961138,10.622057669513667,8.159263100887744,35.044372623225776,100.59423928556672,17.768617588107748,112.14354606078696,40.55835182436214,90.08465086468112,52.34187998394398,68.10209067077047,36.00386551717457
120.0,500.0,31152411.788668577,7024.359888224255,4355.533338582617,51.436652017042434,17.332232140959412,56.50747002159251,44.56407627355854,8.159263100887744,35.044372623225776,26.29761949961138,10.622057669513667,100.59423928556672,17.768617588107748,112.14354606078696,40.55835182436214,68.10209067077047,36.00386551717457,90.08465086468112,52.34187998394398
120.0,500.0,12411408.17534367,6759.523145242056,1690.2976178426882,25.588670881418164,38.09203944321389,3.4764116466160577,46.7646209904263,19.04502096122945,3.7262675310507687,51.89543429029944,57.23531273787504,99.59654970837818,47.82047806117493,65.83295572038604,44.66502986291732,81.74816070285414,29.45658992806878,119.22424048770128,38.60952990359449
120.0,500.0,12411408.17534367,6759.523145242056,1690.2976178426882,25.588670881418164,38.09203944321389,51.89543429029944,57.23531273787504,3.4764116466160577,46.7646209904263,19.04502096122945,3.7262675310507687,99.59654970837818,47.82047806117493,119.22424048770128,38.60952990359449,65.83295572038604,44.66502986291732,81.74816070285414,29.45658992806878
120.0,500.0,12411408.17534367,6759.523145242056,1690.2976178426882,25.588670881418164,38.09203944321389,51.89543429029944,57.23531273787504,19.04502096122945,3.7262675310507687,3.4764116466160577,46.7646209904263,99.59654970837818,47.82047806117493,119.22424048770128,38.60952990359449,81.74816070285414,29.45658992806878,65.83295572038604,44.66502986291732
120.0,500.0,12411408.17534367,6759.523145242056,1690.2976178426882,25.588670881418164,38.09203944321389,19.04502096122945,3.7262675310507687,3.4764116466160577,46.7646209904263,51.89543429029944,57.23531273787504,99.59654970837818,47.82047806117493,81.74816070285414,29.45658992806878,65.83295572038604,44.66502986291732,119.22424048770128,38.60952990359449
120.0,500.0,12411408.17534367,6759.523145242056,1690.2976178426882,25.588670881418164,38.09203944321389,19.04502096122945,3.7262675310507687,51.89543429029944,57.23531273787504,3.4764116466160577,46.7646209904263,99.59654970837818,47.82047806117493,81.74816070285414,29.45658992806878,119.22424048770128,38.60952990359449,65.83295572038604,44.66502986291732
120.0,500.0,12411408.17534367,6759.523145242056,1690.2976178426882,3.4764116466160577,46.7646209904263,25.588670881418164,38.09203944321389,51.89543429029944,57.23531273787504,19.04502096122945,3.7262675310507687,65.83295572038604,44.66502986291732,99.59654970837818,47.82047806117493,119.22424048770128,38.60952990359449,81.74816070285414,29.45658992806878
120.0,500.0,12411408.17534367,6759.523145242056,1690.2976178426882,3.4764116466160577,46.7646209904263,25.588670881418164,38.09203944321389,19.04502096122945,3.7262675310507687,51.89543429029944,57.23531273787504,65.83295572038604,44.66502986291732,99.59654970837818,47.82047806117493,81.74816070285414,29.45658992806878,119.22424048770128,38.60952990359449
120.0,500.0,12411408.17534367,6759.523145242056,1690.2976178426882,3.4764116466160577,46.7646209904263,51.89543429029944,57.23531273787504,25.588670881418164,38.09203944321389,19.04502096122945,3.7262675310507687,65.83295572038604,44.66502986291732,119.22424048770128,38.60952990359449,99.59654970837818,47.82047806117493,81.74816070285414,29.45658992806878
120.0,500.0,12411408.17534367,6759.523145242056,1690.2976178426882,3.4764116466160577,46.7646209904263,51.89543429029944,57.23531273787504,19.04502096122945,3.7262675310507687,25.588670881418164,38.09203944321389,65.83295572038604,44.66502986291732,119.22424048770128,38.60952990359449,81.74816070285414,29.45658992806878,99.59654970837818,47.82047806117493
120.0,500.0,12411408.17534367,6759.523145242056,1690.2976178426882,3.4764116466160577,46.7646209904263,19.04502096122945,3.7262675310507687,25.588670881418164,38.09203944321389,51.89543429029944,57.23531273787504,65.83295572038604,44.66502986291732,81.74816070285414,29.45658992806878,99.59654970837818,47.82047806117493,119.22424048770128,38.60952990359449
120.0,500.0,12411408.17534367,6759.523145242056,1690.2976178426882,3.4764116466160577,46.7646209904263,19.04502096122945,3.7262675310507687,51.89543429029944,57.23531273787504,25.588670881418164,38.09203944321389,65.83295572038604,44.66502986291732,81.74816070285414,29.45658992806878,119.22424048770128,38.60952990359449,99.59654970837818,47.82047806117493
120.0,500.0,12411408.17534367,6759.523145242056,1690.2976178426882,51.89543429029944,57.23531273787504,25.588670881418164,38.09203944321389,3.4764116466160577,46.7646209904263,19.04502096122945,3.7262675310507687,119.22424048770128,38.60952990359449,99.59654970837818,47.82047806117493,65.83295572038604,44.66502986291732,81.74816070285414,29.45658992806878
120.0,500.0,12411408.17534367,6759.523145242056,1690.2976178426882,51.89543429029944,57.23531273787504,25.588670881418164,38.09203944321389,19.04502096122945,3.7262675310507687,3.4764116466160577,46.7646209904263,119.22424048770128,38.60952990359449,99.59654970837818,47.82047806117493,81.74816070285414,29.45658992806878,65.83295572038604,44.66502986291732
120.0,500.0,12411408.17534367,6759.523145242056,1690.2976178426882,51.89543429029944,57.23531273787504,3.4764116466160577,46.7646209904263,25.588670881418164,38.09203944321389,19.04502096122945,3.7262675310507687,119.22424048770128,38.60952990359449,65.83295572038604,44.66502986291732,99.59654970837818,47.82047806117493,81.74816070285414,29.45658992806878
120.0,500.0,12411408.17534367,6759.523145242056,1690.2976178426882,51.89543429029944,57.23531273787504,3.4764116466160577,46.7646209904263,19.04502096122945,3.7262675310507687,25.588670881418164,38.09203944321389,119.22424048770128,38.60952990359449,65.83295572038604,44.66502986291732,81.74816070285414,29.45658992806878,99.59654970837818,47.82047806117493
120.0,500.0,12411408.17534367,6759.523145242056,1690.2976178426882,51.89543429029944,57.23531273787504,19.04502096122945,3.7262675310507687,25.588670881418164,38.09203944321389,3.4764116466160577,46.7646209904263,119.22424048770128,38.60952990359449,81.74816070285414,29.45658992806878,99.59654970837818,47.82047806117493,65.83295572038604,44.66502986291732
120.0,500.0,12411408.17534367,6759.523145242056,1690.2976178426882,51.89543429029944,57.23531273787504,19.04502096122945,3.7262675310507687,3.4764116466160577,46.7646209904263,25.588670881418164,38.09203944321389,119.22424048770128,38.60952990359449,81.74816070285414,29.45658992806878,65.83295572038604,44.66502986291732,99.59654970837818,47.82047806117493
120.0,500.0,12411408.17534367,6759.523145242056,1690.2976178426882,19.04502096122945,3.7262675310507687,25.588670881418164,38.09203944321389,3.4764116466160577,46.7646209904263,51.89543429029944,57.23531273787504,81.74816070285414,29.45658992806878,99.59654970837818,47.82047806117493,65.83295572038604,44.66502986291732,119.22424048770128,38.60952990359449
120.0,500.0,12411408.17534367,6759.523145242056,1690.2976178426882,19.04502096122945,3.7262675310507687,25.588670881418164,38.09203944321389,51.89543429029944,57.23531273787504,3.4764116466160577,46.7646209904263,81.74816070285414,29.45658992806878,99.59654970837818,47.82047806117493,119.22424048770128,38.60952990359449,65.83295572038604,44.66502986291732
120.0,500.0,12411408.17534367,6759.523145242056,1690.2976178426882,19.04502096122945,3.7262675310507687,3.4764116466160577,46.7646209904263,25.588670881418164,38.09203944321389,51.89543429029944,57.23531273787504,81.74816070285414,29.45658992806878,65.83295572038604,44.66502986291732,99.59654970837818,47.82047806117493,119.22424048770128,38.60952990359449
120.0,500.0,12411408.17534367,6759.523145242056,1690.2976178426882,19.04502096122945,3.7262675310507687,3.4764116466160577,46.7646209904263,51.89543429029944,57.23531273787504,25.588670881418164,38.09203944321389,81.74816070285414,29.45658992806878,65.83295572038604,44.66502986291732,119.22424048770128,38.60952990359449,99.59654970837818,47.82047806117493
120.0,500.0,12411408.17534367,6759.523145242056,1690.2976178426882,19.04502096122945,3.7262675310507687,51.89543429029944,57.23531273787504,25.588670881418164,38.09203944321389,3.4764116466160577,46.7646209904263,81.74816070285414,29.45658992806878,119.22424048770128,38.60952990359449,99.59654970837818,47.82047806117493,65.83295572038604,44.66502986291732
120.0,500.0,12411408.17534367,6759.523145242056,1690.2976178426882,19.04502096122945,3.7262675310507687,51.89543429029944,57.23531273787504,3.4764116466160577,46.7646209904263,25.588670881418164,38.09203944321389,81.74816070285414,29.45658992806878,119.22424048770128,38.60952990359449,65.83295572038604,44.66502986291732,99.59654970837818,47.82047806117493
120.0,500.0,22682753.8595061,6868.333064132977,3305.5088910124177,1.2944118027610885,40.88481364879613,50.35445727302164,6.084072657683919,26.24652777410228,16.961404311282003,37.37126712945376,39.609436053519474,61.423639841335245,45.91009908146997,97.23057044356494,27.788332679116625,68.6662460014169,24.576001681409604,97.54933320096356,56.96692290502346
120.0,500.0,22682753.8595061,6868.333064132977,3305.5088910124177,1.2944118027610885,40.88481364879613,37.37126712945376,39.609436053519474,50.35445727302164,6.084072657683919,26.24652777410228,16.961404311282003,61.423639841335245,45.91009908146997,97.54933320096356,56.96692290502346,97.23057044356494,27.788332679116625,68.6662460014169,24.576001681409604
120.0,500.0,22682753.8595061,6868.333064132977,3305.5088910124177,1.2944118027610885,40.88481364879613,37.37126712945376,39.609436053519474,26.24652777410228,16.961404311282003,50.35445727302164,6.084072657683919,61.423639841335245,45.91009908146997,97.54933320096356,56.96692290502346,68.6662460014169,24.576001681409604,97.23057044356494,27.788332679116625
120.0,500.0,22682753.8595061,6868.333064132977,3305.5088910124177,1.2944118027610885,40.88481364879613,26.24652777410228,16.961404311282003,50.35445727302164,6.084072657683919,37.37126712945376,39.609436053519474,61.423639841335245,45.91009908146997,68.6662460014169,24.576001681409604,97.23057044356494,27.788332679116625,97.54933320096356,56.96692290502346
120.0,500.0,22682753.8595061,6868.333064132977,3305.5088910124177,1.2944118027610885,40.88481364879613,26.24652777410228,16.961404311282003,37.37126712945376,39.609436053519474,50.35445727302164,6.084072657683919,61.423639841335245,45.91009908146997,68.6662460014169,24.576001681409604,97.54933320096356,56.96692290502346,97.23057044356494,27.788332679116625
120.0,500.0,22682753.8595061,6868.333064132977,3305.5088910124177,50.35445727302164,6.084072657683919,1.2944118027610885,40.88481364879613,37.37126712945376,39.609436053519474,26.24652777410228,16.961404311282003,97.23057044356494,27.788332679116625,61.423639841335245,45.91009908146997,97.54933320096356,56.96692290502346,68.6662460014169,24.576001681409604
120.0,500.0,22682753.8595061,6868.333064132977,3305.5088910124177,50.35445727302164,6.084072657683919,1.2944118027610885,40.88481364879613,26.24652777410228,16.961404311282003,37.37126712945376,39.609436053519474,97.23057044356494,27.788332679116625,61.423639841335245,45.91009908146997,68.6662460014169,24.576001681409604,97.54933320096356,56.96692290502346
120.0,500.0,22682753.8595061,6868.333064132977,3305.5088910124177,50.35445727302164,6.084072657683919,37.37126712945376,39.609436053519474,1.2944118027610885,40.88481364879613,26.24652777410228,16.961404311282003,97.23057044356494,27.788332679116625,97.54933320096356,56.96692290502346,61.423639841335245,45.91009908146997,68.6662460014169,24.576001681409604
120.0,500.0,22682753.8595061,6868.333064132977,3305.5088910124177,50.35445727302164,6.084072657683919,37.37126712945376,39.609436053519474,26.24652777410228,16.961404311282003,1.2944118027610885,40.88481364879613,97.23057044356494,27.788332679116625,97.54933320096356,56.96692290502346,68.6662460014169,24.576001681409604,61.423639841335245,45.91009908146997
120.0,500.0,22682753.8595061,6868.333064132977,3305.5088910124177,50.35445727302164,6.084072657683919,26.24652777410228,16.961404311282003,1.2944118027610885,40.88481364879613,37.37126712945376,39.609436053519474,97.23057044356494,27.788332679116625,68.6662460014169,24.576001681409604,61.423639841335245,45.91009908146997,97.54933320096356,56.96692290502346
120.0,500.0,22682753.8595061,6868.333064132977,3305.5088910124177,50.35445727302164,6.084072657683919,26.24652777410228,16.961404311282003,37.37126712945376,39.609436053519474,1.2944118027610885,40.88481364879613,97.23057044356494,27.788332679116625,68.6662460014169,24.576001681409604,97.54933320096356,56.96692290502346,61.423639841335245,45.91009908146997
120.0,500.0,22682753.8595061,6868.333064132977,3305.5088910124177,37.37126712945376,39.609436053519474,1.2944118027610885,40.88481364879613,50.35445727302164,6.084072657683919,26.24652777410228,16.961404311282003,97.54933320096356,56.96692290502346,61.423639841335245,45.91009908146997,97.23057044356494,27.788332679116625,68.6662460014169,24.576001681409604
120.0,500.0,22682753.8595061,6868.333064132977,3305.5088910124177,37.37126712945376,39.609436053519474,1.2944118027610885,40.88481364879613,26.24652777410228,16.961404311282003,50.35445727302164,6.084072657683919,97.54933320096356,56.96692290502346,61.423639841335245,45.91009908146997,68.6662460014169,24.576001681409604,97.23057044356494,27.788332679116625
120.0,500.0,22682753.8595061,6868.333064132977,3305.5088910124177,37.37126712945376,39.609436053519474,50.35445727302164,6.084072657683919,1.2944118027610885,40.88481364879613,26.24652777410228,16.961404311282003,97.54933320096356,56.96692290502346,97.23057044356494,27.788332679116625,61.423639841335245,45.91009908146997,68.6662460014169,24.576001681409604
120.0,500.0,22682753.8595061,6868.333064132977,3305.5088910124177,37.37126712945376,39.609436053519474,50.35445727302164,6.084072657683919,26.24652777410228,16.961404311282003,1.2944118027610885,40.88481364879613,97.54933320096356,56.96692290502346,97.23057044356494,27.788332679116625,68.6662460014169,24.576001681409604,61.423639841335245,45.91009908146997
120.0,500.0,22682753.8595061,6868.333064132977,3305.5088910124177,37.37126712945376,39.609436053519474,26.24652777410228,16.961404311282003,1.2944118027610885,40.88481364879613,50.35445727302164,6.084072657683919,97.54933320096356,56.96692290502346,68.6662460014169,24.576001681409604,61.423639841335245,45.91009908146997,97.23057044356494,27.788332679116625
120.0,500.0,22682753.8595061,6868.333064132977,3305.5088910124177,37.37126712945376,39.609436053519474,26.24652777410228,16.961404311282003,50.35445727302164,6.084072657683919,1.2944118027610885,40.88481364879613,97.54933320096356,56.96692290502346,68.6662460014169,24.576001681409604,97.23057044356494,27.788332679116625,61.423639841335245,45.91009908146997
120.0,500.0,22682753.8595061,6868.333064132977,3305.5088910124177,26.24652777410228,16.961404311282003,1.2944118027610885,40.88481364879613,50.35445727302164,6.084072657683919,37.37126712945376,39.609436053519474,68.6662460014169,24.576001681409604,61.423639841335245,45.91009908146997,97.23057044356494,27.788332679116625,97.54933320096356,56.96692290502346
120.0,500.0,22682753.8595061,6868.333064132977,3305.5088910124177,26.24652777410228,16.961404311282003,1.2944118027610885,40.88481364879613,37.37126712945376,39.609436053519474,50.35445727302164,6.084072657683919,68.6662460014169,24.576001681409604,61.423639841335245,45.91009908146997,97.54933320096356,56.96692290502346,97.23057044356494,27.788332679116625
120.0,500.0,22682753.8595061,6868.333064132977,3305.5088910124177,26.24652777410228,16.961404311282003,50.35445727302164,6.084072657683919,1.2944118027610885,40.88481364879613,37.37126712945376,39.609436053519474,68.6662460014169,24.576001681409604,97.23057044356494,27.788332679116625,61.423639841335245,45.91009908146997,97.54933320096356,56.96692290502346
120.0,500.0,22682753.8595061,6868.333064132977,3305.5088910124177,26.24652777410228,16.961404311282003,50.35445727302164,6.084072657683919,37.37126712945376,39.609436053519474,1.2944118027610885,40.88481364879613,68.6662460014169,24.576001681409604,97.23057044356494,27.788332679116625,97.54933320096356,56.96692290502346,61.423639841335245,45.91009908146997
120.0,500.0,22682753.8595061,6868.333064132977,3305.5088910124177,26.24652777410228,16.961404311282003,37.37126712945376,39.609436053519474,1.2944118027610885,40.88481364879613,50.35445727302164,6.084072657683919,68.6662460014169,24.576001681409604,97.54933320096356,56.96692290502346,61.423639841335245,45.91009908146997,97.23057044356494,27.788332679116625
120.0,500.0,22682753.8595061,6868.333064132977,3305.5088910124177,26.24652777410228,16.961404311282003,37.37126712945376,39.609436053519474,50.35445727302164,6.084072657683919,1.2944118027610885,40.88481364879613,68.6662460014169,24.576001681409604,97.54933320096356,56.96692290502346,97.23057044356494,27.788332679116625,61.423639841335245,45.91009908146997
120.0,500.0,21697477.88725494,6163.562724991556,2942.9274298566847,4.986313481924669,28.443465478277947,39.262306054545846,45.08312330904238,58.59750221033434,55.27925142276624,32.20875713361245,6.580401820989456,69.17488486389232,35.731474610168966,85.0681030152559,52.46444407884026,117.54839879960858,41.91746601437541,96.64040919371324,32.376638086821146
120.0,500.0,21697477.88725494,6163.562724991556,2942.9274298566847,4.986313481924669,28.443465478277947,32.20875713361245,6.580401820989456,39.262306054545846,45.08312330904238,58.59750221033434,55.27925142276624,69.17488486389232,35.731474610168966,96.64040919371324,32.376638086821146,85.0681030152559,52.46444407884026,117.54839879960858,41.91746601437541
120.0,500.0,21697477.88725494,6163.562724991556,2942.9274298566847,4.986313481924669,28.443465478277947,32.20875713361245,6.580401820989456,58.59750221033434,55.27925142276624,39.262306054545846,45.08312330904238,69.17488486389232,35.731474610168966,96.64040919371324,32.376638086821146,117.54839879960858,41.91746601437541,85.0681030152559,52.46444407884026
120.0,500.0,21697477.88725494,6163.562724991556,2942.9274298566847,4.986313481924669,28.443465478277947,58.59750221033434,55.27925142276624,39.262306054545846,45.08312330904238,32.20875713361245,6.580401820989456,69.17488486389232,35.731474610168966,117.54839879960858,41.91746601437541,85.0681030152559,52.46444407884026,96.64040919371324,32.376638086821146
120.0,500.0,21697477.88725494,6163.562724991556,2942.9274298566847,4.986313481924669,28.443465478277947,58.59750221033434,55.27925142276624,32.20875713361245,6.580401820989456,39.262306054545846,45.08312330904238,69.17488486389232,35.731474610168966,117.54839879960858,41.91746601437541,96.64040919371324,32.376638086821146,85.0681030152559,52.46444407884026
120.0,500.0,21697477.88725494,6163.562724991556,2942.9274298566847,39.262306054545846,45.08312330904238,4.986313481924669,28.443465478277947,32.20875713361245,6.580401820989456,58.59750221033434,55.27925142276624,85.0681030152559,52.46444407884026,69.17488486389232,35.731474610168966,96.64040919371324,32.376638086821146,117.54839879960858,41.91746601437541
120.0,500.0,21697477.88725494,6163.562724991556,2942.9274298566847,39.262306054545846,45.08312330904238,4.986313481924669,28.443465478277947,58.59750221033434,55.27925142276624,32.20875713361245,6.580401820989456,85.0681030152559,52.46444407884026,69.17488486389232,35.731474610168966,117.54839879960858,41.91746601437541,96.64040919371324,32.376638086821146
120.0,500.0,21697477.88725494,6163.562724991556,2942.9274298566847,39.262306054545846,45.08312330904238,32.20875713361245,6.580401820989456,4.986313481924669,28.443465478277947,58.59750221033434,55.27925142276624,85.0681030152559,52.46444407884026,96.64040919371324,32.376638086821146,69.17488486389232,35.731474610168966,117.54839879960858,41.91746601437541
120.0,500.0,21697477.88725494,6163.562724991556,2942.9274298566847,39.262306054545846,45.08312330904238,32.20875713361245,6.580401820989456,58.59750221033434,55.27925142276624,4.986313481924669,28.443465478277947,85.0681030152559,52.46444407884026,96.64040919371324,32.376638086821146,117.54839879960858,41.91746601437541,69.17488486389232,35.731474610168966
120.0,500.0,21697477.88725494,6163.562724991556,2942.9274298566847,39.262306054545846,45.08312330904238,58.59750221033434,55.27925142276624,4.986313481924669,28.443465478277947,32.20875713361245,6.580401820989456,85.0681030152559,52.46444407884026,117.54839879960858,41.91746601437541,69.17488486389232,35.731474610168966,96.64040919371324,32.376638086821146
120.0,500.0,21697477.88725494,6163.562724991556,2942.9274298566847,39.262306054545846,45.08312330904238,58.59750221033434,55.27925142276624,32.20875713361245,6.580401820989456,4.986313481924669,28.443465478277947,85.0681030152559,52.46444407884026,117.54839879960858,41.91746601437541,96.64040919371324,32.376638086821146,69.17488486389232,35.731474610168966
120.0,500.0,21697477.88725494,6163.562724991556,2942.9274298566847,32.20875713361245,6.580401820989456,4.986313481924669,28.443465478277947,39.262306054545846,45.08312330904238,58.59750221033434,55.27925142276624,96.64040919371324,32.376638086821146,69.17488486389232,35.731474610168966,85.0681030152559,52.46444407884026,117.54839879960858,41.91746601437541
120.0,500.0,21697477.88725494,6163.562724991556,2942.9274298566847,32.20875713361245,6.580401820989456,4.986313481924669,28.443465478277947,58.59750221033434,55.27925142276624,39.262306054545846,45.08312330904238,96.64040919371324,32.376638086821146,69.17488486389232,35.731474610168966,117.54839879960858,41.91746601437541,85.0681030152559,52.46444407884026
120.0,500.0,21697477.88725494,6163.562724991556,2942.9274298566847,32.20875713361245,6.580401820989456,39.262306054545846,45.08312330904238,4.986313481924669,28.443465478277947,58.59750221033434,55.27925142276624,96.64040919371324,32.376638086821146,85.0681030152559,52.46444407884026,69.17488486389232,35.731474610168966,117.54839879960858,41.91746601437541
120.0,500.0,21697477.88725494,6163.562724991556,2942.9274298566847,32.20875713361245,6.580401820989456,39.262306054545846,45.08312330904238,58.59750221033434,55.27925142276624,4.986313481924669,28.443465478277947,96.64040919371324,32.376638086821146,85.0681030152559,52.46444407884026,117.54839879960858,41.91746601437541,69.17488486389232,35.731474610168966
120.0,500.0,21697477.88725494,6163.562724991556,2942.9274298566847,32.20875713361245,6.580401820989456,58.59750221033434,55.27925142276624,4.986313481924669,28.443465478277947,39.262306054545846,45.08312330904238,96.64040919371324,32.376638086821146,117.54839879960858,41.91746601437541,69.17488486389232,35.731474610168966,85.0681030152559,52.46444407884026
120.0,500.0,21697477.88725494,6163.562724991556,2942.9274298566847,32.20875713361245,6.580401820989456,58.59750221033434,55.27925142276624,39.262306054545846,45.08312330904238,4.986313481924669,28.443465478277947,96.64040919371324,32.376638086821146,117.54839879960858,41.91746601437541,85.0681030152559,52.46444407884026,69.17488486389232,35.731474610168966
120.0,500.0,21697477.88725494,6163.562724991556,2942.9274298566847,58.59750221033434,55.27925142276624,4.986313481924669,28.443465478277947,39.262306054545846,45.08312330904238,32.20875713361245,6.580401820989456,117.54839879960858,41.91746601437541,69.17488486389232,35.731474610168966,85.0681030152559,52.46444407884026,96.64040919371324,32.376638086821146
120.0,500.0,21697477.88725494,6163.562724991556,2942.9274298566847,58.59750221033434,55.27925142276624,4.986313481924669,28.443465478277947,32.20875713361245,6.580401820989456,39.262306054545846,45.08312330904238,117.54839879960858,41.91746601437541,69.17488486389232,35.731474610168966,96.64040919371324,32.376638086821146,85.0681030152559,52.46444407884026
120.0,500.0,21697477.88725494,6163.562724991556,2942.9274298566847,58.59750221033434,55.27925142276624,39.262306054545846,45.08312330904238,4.986313481924669,28.443465478277947,32.20875713361245,6.580401820989456,117.54839879960858,41.91746601437541,85.0681030152559,52.46444407884026,69.17488486389232,35.731474610168966,96.64040919371324,32.376638086821146
120.0,500.0,21697477.88725494,6163.562724991556,2942.9274298566847,58.59750221033434,55.27925142276624,39.262306054545846,45.08312330904238,32.20875713361245,6.580401820989456,4.986313481924669,28.443465478277947,117.54839879960858,41.91746601437541,85.0681030152559,52.46444407884026,96.64040919371324,32.376638086821146,69.17488486389232,35.731474610168966
120.0,500.0,21697477.88725494,6163.562724991556,2942.9274298566847,58.59750221033434,55.27925142276624,32.20875713361245,6.580401820989456,4.986313481924669,28.443465478277947,39.262306054545846,45.08312330904238,117.54839879960858,41.91746601437541,96.64040919371324,32.376638086821146,69.17488486389232,35.731474610168966,85.0681030152559,52.46444407884026
120.0,500.0,21697477.88725494,6163.562724991556,2942.9274298566847,58.59750221033434,55.27925142276624,32.20875713361245,6.580401820989456,39.262306054545846,45.08312330904238,4.986313481924669,28.443465478277947,117.54839879960858,41.91746601437541,96.64040919371324,32.376638086821146,85.0681030152559,52.46444407884026,69.17488486389232,35.731474610168966
120.0,500.0,31326932.673445567,6891.50679426867,4476.066281491242,5.211348800272397,8.376148412347781,57.369293262625085,17.95851595357707,36.03274430982172,41.498665211570525,9.102339826940264,33.941225583291185,60.25607781065554,18.729557160698388,108.44774088396514,26.91626118953331,82.90311262043919,11.67440746168736,65.31077955080865,42.22050367323156
120.0,500.0,31326932.673445567,6891.50679426867,4476.066281491242,5.211348800272397,8.376148412347781,9.102339826940264,33.941225583291185,57.369293262625085,17.95851595357707,36.03274430982172,41.498665211570525,60.25607781065554,18.729557160698388,65.31077955080865,42.22050367323156,108.44774088396514,26.91626118953331,82.90311262043919,11.67440746168736
120.0,500.0,31326932.673445567,6891.50679426867,4476.066281491242,5.211348800272397,8.376148412347781,9.102339826940264,33.941225583291185,36.03274430982172,41.498665211570525,57.369293262625085,17.95851595357707,60.25607781065554,18.729557160698388,65.31077955080865,42.22050367323156,82.90311262043919,11.67440746168736,108.44774088396514,26.91626118953331
120.0,500.0,31326932.673445567,6891.50679426867,4476.066281491242,5.211348800272397,8.376148412347781,36.03274430982172,41.498665211570525,57.369293262625085,17.95851595357707,9.102339826940264,33.941225583291185,60.25607781065554,18.729557160698388,82.90311262043919,11.67440746168736,108.44774088396514,26.91626118953331,65.31077955080865,42.22050367323156
120.0,500.0,31326932.673445567,6891.50679426867,4476.066281491242,5.211348800272397,8.376148412347781,36.03274430982172,41.498665211570525,9.102339826940264,33.941225583291185,57.369293262625085,17.95851595357707,60.25607781065554,18.729557160698388,82.90311262043919,11.67440746168736,65.31077955080865,42.22050367323156,108.44774088396514,26.91626118953331
120.0,500.0,31326932.673445567,6891.50679426867,4476.066281491242,57.369293262625085,17.95851595357707,5.211348800272397,8.376148412347781,9.102339826940264,33.941225583291185,36.03274430982172,41.498665211570525,108.44774088396514,26.91626118953331,60.25607781065554,18.729557160698388,65.31077955080865,42.22050367323156,82.90311262043919,11.67440746168736
120.0,500.0,31326932.673445567,6891.50679426867,4476.066281491242,57.369293262625085,17.95851595357707,5.211348800272397,8.376148412347781,36.03274430982172,41.498665211570525,9.102339826940264,33.941225583291185,108.44774088396514,26.91626118953331,60.25607781065554,18.729557160698388,82.90311262043919,11.67440746168736,65.31077955080865,42.22050367323156
120.0,500.0,31326932.673445567,6891.50679426867,4476.066281491242,57.369293262625085,17.95851595357707,9.102339826940264,33.941225583291185,5.211348800272397,8.376148412347781,36.03274430982172,41.498665211570525,108.44774088396514,26.91626118953331,65.31077955080865,42.22050367323156,60.25607781065554,18.729557160698388,82.90311262043919,11.67440746168736
120.0,500.0,31326932.673445567,6891.50679426867,4476.066281491242,57.369293262625085,17.95851595357707,9.102339826940264,33.941225583291185,36.03274430982172,41.498665211570525,5.211348800272397,8.376148412347781,108.44774088396514,26.91626118953331,65.31077955080865,42.22050367323156,82.90311262043919,11.67440746168736,60.25607781065554,18.729557160698388
120.0,500.0,31326932.673445567,6891.50679426867,4476.066281491242,57.369293262625085,17.95851595357707,36.03274430982172,41.498665211570525,5.211348800272397,8.376148412347781,9.102339826940264,33.941225583291185,108.44774088396514,26.91626118953331,82.90311262043919,11.67440746168736,60.25607781065554,18.729557160698388,65.31077955080865,42.22050367323156
120.0,500.0,31326932.673445567,6891.50679426867,4476.066281491242,57.369293262625085,17.95851595357707,36.03274430982172,41.498665211570525,9.102339826940264,33.941225583291185,5.211348800272397,8.376148412347781,108.44774088396514,26.91626118953331,82.90311262043919,11.67440746168736,65.31077955080865,42.22050367323156,60.25607781065554,18.729557160698388
120.0,500.0,31326932.673445567,6891.50679426867,4476.066281491242,9.102339826940264,33.941225583291185,5.211348800272397,8.376148412347781,57.369293262625085,17.95851595357707,36.03274430982172,41.498665211570525,65.31077955080865,42.22050367323156,60.25607781065554,18.729557160698388,108.44774088396514,26.91626118953331,82.90311262043919,11.67440746168736
120.0,500.0,31326932.673445567,6891.50679426867,4476.066281491242,9.102339826940264,33.941225583291185,5.211348800272397,8.376148412347781,36.03274430982172,41.498665211570525,57.369293262625085,17.95851595357707,65.31077955080865,42.22050367323156,60.25607781065554,18.729557160698388,82.90311262043919,11.67440746168736,108.44774088396514,26.91626118953331
120.0,500.0,31326932.673445567,6891.50679426867,4476.066281491242,9.102339826940264,33.941225583291185,57.369293262625085,17.95851595357707,5.211348800272397,8.376148412347781,36.03274430982172,41.498665211570525,65.31077955080865,42.22050367323156,108.44774088396514,26.91626118953331,60.25607781065554,18.729557160698388,82.90311262043919,11.67440746168736
120.0,500.0,31326932.673445567,6891.50679426867,4476.066281491242,9.102339826940264,33.941225583291185,57.369293262625085,17.95851595357707,36.03274430982172,41.498665211570525,5.211348800272397,8.376148412347781,65.31077955080865,42.22050367323156,108.44774088396514,26.91626118953331,82.90311262043919,11.67440746168736,60.25607781065554,18.729557160698388
120.0,500.0,31326932.673445567,6891.50679426867,4476.066281491242,9.102339826940264,33.941225583291185,36.03274430982172,41.498665211570525,5.211348800272397,8.376148412347781,57.369293262625085,17.95851595357707,65.31077955080865,42.22050367323156,82.90311262043919,11.67440746168736,60.25607781065554,18.729557160698388,108.44774088396514,26.91626118953331
120.0,500.0,31326932.673445567,6891.50679426867,4476.066281491242,9.102339826940264,33.941225583291185,36.03274430982172,41.498665211570525,57.369293262625085,17.95851595357707,5.211348800272397,8.376148412347781,65.31077955080865,42.22050367323156,82.90311262043919,11.67440746168736,108.44774088396514,26.91626118953331,60.25607781065554,18.729557160698388
120.0,500.0,31326932.673445567,6891.50679426867,4476.066281491242,36.03274430982172,41.498665211570525,5.211348800272397,8.376148412347781,57.369293262625085,17.95851595357707,9.102339826940264,33.941225583291185,82.90311262043919,11.67440746168736,60.25607781065554,18.729557160698388,108.44774088396514,26.91626118953331,65.31077955080865,42.22050367323156
120.0,500.0,31326932.673445567,6891.50679426867,4476.066281491242,36.03274430982172,41.498665211570525,5.211348800272397,8.376148412347781,9.102339826940264,33.941225583291185,57.369293262625085,17.95851595357707,82.90311262043919,11.67440746168736,60.25607781065554,18.729557160698388,65.31077955080865,42.22050367323156,108.44774088396514,26.91626118953331
120.0,500.0,31326932.673445567,6891.50679426867,4476.066281491242,36.03274430982172,41.498665211570525,57.369293262625085,17.95851595357707,5.211348800272397,8.376148412347781,9.102339826940264,33.941225583291185,82.90311262043919,11.67440746168736,108.44774088396514,26.91626118953331,60.25607781065554,18.729557160698388,65.31077955080865,42.22050367323156
120.0,500.0,31326932.673445567,6891.50679426867,4476.066281491242,36.03274430982172,41.498665211570525,57.369293262625085,17.95851595357707,9.102339826940264,33.941225583291185,5.211348800272397,8.376148412347781,82.90311262043919,11.67440746168736,108.44774088396514,26.91626118953331,65.31077955080865,42.22050367323156,60.25607781065554,18.729557160698388
120.0,500.0,31326932.673445567,6891.50679426867,4476.066281491242,36.03274430982172,41.498665211570525,9.102339826940264,33.941225583291185,5.211348800272397,8.376148412347781,57.369293262625085,17.95851595357707,82.90311262043919,11.67440746168736,65.31077955080865,42.22050367323156,60.25607781065554,18.729557160698388,108.44774088396514,26.91626118953331
120.0,500.0,31326932.673445567,6891.50679426867,4476.066281491242,36.03274430982172,41.498665211570525,9.102339826940264,33.941225583291185,57.369293262625085,17.95851595357707,5.211348800272397,8.376148412347781,82.90311262043919,11.67440746168736,65.31077955080865,42.22050367323156,108.44774088396514,26.91626118953331,60.25607781065554,18.729557160698388
120.0,500.0,21053588.019800022,7196.306324443532,2757.2686798943027,44.34573782095048,36.33570249394532,0.3037399981834165,56.947888135775045,59.54855169804455,1.5227202548656282,20.561475412279616,42.77581139119352,106.67702085854287,41.52080157962513,64.02812297783304,30.54586929857976,115.16486309755106,20.93020891573254,85.41973690920975,29.88467737111535
120.0,500.0,21053588.019800022,7196.306324443532,2757.2686798943027,44.34573782095048,36.33570249394532,20.561475412279616,42.77581139119352,0.3037399981834165,56.947888135775045,59.54855169804455,1.5227202548656282,106.67702085854287,41.52080157962513,85.41973690920975,29.88467737111535,64.02812297783304,30.54586929857976,115.16486309755106,20.93020891573254
120.0,500.0,21053588.019800022,7196.306324443532,2757.2686798943027,44.34573782095048,36.33570249394532,20.561475412279616,42.77581139119352,59.54855169804455,1.5227202548656282,0.3037399981834165,56.947888135775045,106.67702085854287,41.52080157962513,85.41973690920975,29.88467737111535,115.16486309755106,20.93020891573254,64.02812297783304,30.54586929857976
120.0,500.0,21053588.019800022,7196.306324443532,2757.2686798943027,44.34573782095048,36.33570249394532,59.54855169804455,1.5227202548656282,0.3037399981834165,56.947888135775045,20.561475412279616,42.77581139119352,106.67702085854287,41.52080157962513,115.16486309755106,20.93020891573254,64.02812297783304,30.54586929857976,85.41973690920975,29.88467737111535
120.0,500.0,21053588.019800022,7196.306324443532,2757.2686798943027,44.34573782095048,36.33570249394532,59.54855169804455,1.5227202548656282,20.561475412279616,42.77581139119352,0.3037399981834165,56.947888135775045,106.67702085854287,41.52080157962513,115.16486309755106,20.93020891573254,85.41973690920975,29.88467737111535,64.02812297783304,30.54586929857976
120.0,500.0,21053588.019800022,7196.306324443532,2757.2686798943027,0.3037399981834165,56.947888135775045,44.34573782095048,36.33570249394532,20.561475412279616,42.77581139119352,59.54855169804455,1.5227202548656282,64.02812297783304,30.54586929857976,106.67702085854287,41.52080157962513,85.41973690920975,29.88467737111535,115.16486309755106,20.93020891573254
120.0,500.0,21053588.019800022,7196.306324443532,2757.2686798943027,0.3037399981834165,56.947888135775045,44.34573782095048,36.33570249394532,59.54855169804455,1.5227202548656282,20.561475412279616,42.77581139119352,64.02812297783304,30.54586929857976,106.67702085854287,41.52080157962513,115.16486309755106,20.93020891573254,85.41973690920975,29.88467737111535
120.0,500.0,21053588.019800022,7196.306324443532,2757.2686798943027,0.3037399981834165,56.947888135775045,20.561475412279616,42.77581139119352,44.34573782095048,36.33570249394532,59.54855169804455,1.5227202548656282,64.02812297783304,30.54586929857976,85.41973690920975,29.88467737111535,106.67702085854287,41.52080157962513,115.16486309755106,20.93020891573254
120.0,500.0,21053588.019800022,7196.306324443532,2757.2686798943027,0.3037399981834165,56.947888135775045,20.561475412279616,42.77581139119352,59.54855169804455,1.5227202548656282,44.34573782095048,36.33570249394532,64.02812297783304,30.54586929857976,85.41973690920975,29.88467737111535,115.16486309755106,20.93020891573254,106.67702085854287,41.52080157962513
120.0,500.0,21053588.019800022,7196.306324443532,2757.2686798943027,0.3037399981834165,56.947888135775045,59.54855169804455,1.5227202548656282,44.34573782095048,36.33570249394532,20.561475412279616,42.77581139119352,64.02812297783304,30.54586929857976,115.16486309755106,20.93020891573254,106.67702085854287,41.52080157962513,85.41973690920975,29.88467737111535
120.0,500.0,21053588.019800022,7196.306324443532,2757.2686798943027,0.3037399981834165,56.947888135775045,59.54855169804455,1.5227202548656282,20.561475412279616,42.77581139119352,44.34573782095048,36.33570249394532,64.02812297783304,30.54586929857976,115.16486309755106,20.93020891573254,85.41973690920975,29.88467737111535,106.67702085854287,41.52080157962513
120.0,500.0,21053588.019800022,7196.306324443532,2757.2686798943027,20.561475412279616,42.77581139119352,44.34573782095048,36.33570249394532,0.3037399981834165,56.947888135775045,59.54855169804455,1.5227202548656282,85.41973690920975,29.88467737111535,106.67702085854287,41.52080157962513,64.02812297783304,30.54586929857976,115.16486309755106,20.93020891573254
120.0,500.0,21053588.019800022,7196.306324443532,2757.2686798943027,20.561475412279616,42.77581139119352,44.34573782095048,36.33570249394532,59.54855169804455,1.5227202548656282,0.3037399981834165,56.947888135775045,85.41973690920975,29.88467737111535,106.67702085854287,41.52080157962513,115.16486309755106,20.93020891573254,64.02812297783304,30.54586929857976
120.0,500.0,21053588.019800022,7196.306324443532,2757.2686798943027,20.561475412279616,42.77581139119352,0.3037399981834165,56.947888135775045,44.34573782095048,36.33570249394532,59.54855169804455,1.5227202548656282,85.41973690920975,29.88467737111535,64.02812297783304,30.54586929857976,106.67702085854287,41.52080157962513,115.16486309755106,20.93020891573254
120.0,500.0,21053588.019800022,7196.306324443532,2757.2686798943027,20.561475412279616,42.77581139119352,0.3037399981834165,56.947888135775045,59.54855169804455,1.5227202548656282,44.34573782095048,36.33570249394532,85.41973690920975,29.88467737111535,64.02812297783304,30.54586929857976,115.16486309755106,20.93020891573254,106.67702085854287,41.52080157962513
120.0,500.0,21053588.019800022,7196.306324443532,2757.2686798943027,20.561475412279616,42.77581139119352,59.54855169804455,1.5227202548656282,44.34573782095048,36.33570249394532,0.3037399981834165,56.947888135775045,85.41973690920975,29.88467737111535,115.16486309755106,20.93020891573254,106.67702085854287,41.52080157962513,64.02812297783304,30.54586929857976
120.0,500.0,21053588.019800022,7196.306324443532,2757.2686798943027,20.561475412279616,42.77581139119352,59.54855169804455,1.5227202548656282,0.3037399981834165,56.947888135775045,44.34573782095048,36.33570249394532,85.41973690920975,29.88467737111535,115.16486309755106,20.93020891573254,64.02812297783304,30.54586929857976,106.67702085854287,41.52080157962513
120.0,500.0,21053588.019800022,7196.306324443532,2757.2686798943027,59.54855169804455,1.5227202548656282,44.34573782095048,36.33570249394532,0.3037399981834165,56.947888135775045,20.561475412279616,42.77581139119352,115.16486309755106,20.93020891573254,106.67702085854287,41.52080157962513,64.02812297783304,30.54586929857976,85.41973690920975,29.88467737111535
120.0,500.0,21053588.019800022,7196.306324443532,2757.2686798943027,59.54855169804455,1.5227202548656282,44.34573782095048,36.33570249394532,20.561475412279616,42.77581139119352,0.3037399981834165,56.947888135775045,115.16486309755106,20.93020891573254,106.67702085854287,41.52080157962513,85.41973690920975,29.88467737111535,64.02812297783304,30.54586929857976
120.0,500.0,21053588.019800022,7196.306324443532,2757.2686798943027,59.54855169804455,1.5227202548656282,0.3037399981834165,56.947888135775045,44.34573782095048,36.33570249394532,20.561475412279616,42.77581139119352,115.16486309755106,20.93020891573254,64.02812297783304,30.54586929857976,106.67702085854287,41.52080157962513,85.41973690920975,29.88467737111535
120.0,500.0,21053588.019800022,7196.306324443532,2757.2686798943027,59.54855169804455,1.5227202548656282,0.3037399981834165,56.947888135775045,20.561475412279616,42.77581139119352,44.34573782095048,36.33570249394532,115.16486309755106,20.93020891573254,64.02812297783304,30.54586929857976,85.41973690920975,29.88467737111535,106.67702085854287,41.52080157962513
120.0,500.0,21053588.019800022,7196.306324443532,2757.2686798943027,59.54855169804455,1.5227202548656282,20.561475412279616,42.77581139119352,44.34573782095048,36.33570249394532,0.3037399981834165,56.947888135775045,115.16486309755106,20.93020891573254,85.41973690920975,29.88467737111535,106.67702085854287,41.52080157962513,64.02812297783304,30.54586929857976
120.0,500.0,21053588.019800022,7196.306324443532,2757.2686798943027,59.54855169804455,1.5227202548656282,20.561475412279616,42.77581139119352,0.3037399981834165,56.947888135775045,44.34573782095048,36.33570249394532,115.16486309755106,20.93020891573254,85.41973690920975,29.88467737111535,64.02812297783304,30.54586929857976,106.67702085854287,41.52080157962513
